ARM GAS  /var/folders/2r/mdtt8xvd351gdc398t28_m2m0000gn/T//ccI12eQw.s 			page 1


   1              		.cpu cortex-m7
   2              		.arch armv7e-m
   3              		.fpu fpv5-d16
   4              		.eabi_attribute 20, 1
   5              		.eabi_attribute 21, 1
   6              		.eabi_attribute 23, 3
   7              		.eabi_attribute 24, 1
   8              		.eabi_attribute 25, 1
   9              		.eabi_attribute 26, 1
  10              		.eabi_attribute 30, 1
  11              		.eabi_attribute 34, 1
  12              		.eabi_attribute 18, 4
  13              		.file	"api_msg.c"
  14              		.text
  15              	.Ltext0:
  16              		.cfi_sections	.debug_frame
  17              		.file 1 "../../Middlewares/Third_Party/LwIP/src/api/api_msg.c"
  18              		.section	.rodata.pcb_new.str1.4,"aMS",%progbits,1
  19              		.align	2
  20              	.LC0:
  21 0000 2E2E2F2E 		.ascii	"../../Middlewares/Third_Party/LwIP/src/api/api_msg."
  21      2E2F4D69 
  21      64646C65 
  21      77617265 
  21      732F5468 
  22 0033 6300     		.ascii	"c\000"
  23 0035 000000   		.align	2
  24              	.LC1:
  25 0038 7063625F 		.ascii	"pcb_new: pcb already allocated\000"
  25      6E65773A 
  25      20706362 
  25      20616C72 
  25      65616479 
  26 0057 00       		.align	2
  27              	.LC2:
  28 0058 41737365 		.ascii	"Assertion \"%s\" failed at line %d in %s\012\000"
  28      7274696F 
  28      6E202225 
  28      73222066 
  28      61696C65 
  29              		.section	.text.pcb_new,"ax",%progbits
  30              		.align	1
  31              		.syntax unified
  32              		.thumb
  33              		.thumb_func
  35              	pcb_new:
  36              	.LVL0:
  37              	.LFB175:
   1:../../Middlewares/Third_Party/LwIP/src/api/api_msg.c **** /**
   2:../../Middlewares/Third_Party/LwIP/src/api/api_msg.c ****  * @file
   3:../../Middlewares/Third_Party/LwIP/src/api/api_msg.c ****  * Sequential API Internal module
   4:../../Middlewares/Third_Party/LwIP/src/api/api_msg.c ****  *
   5:../../Middlewares/Third_Party/LwIP/src/api/api_msg.c ****  */
   6:../../Middlewares/Third_Party/LwIP/src/api/api_msg.c **** 
   7:../../Middlewares/Third_Party/LwIP/src/api/api_msg.c **** /*
   8:../../Middlewares/Third_Party/LwIP/src/api/api_msg.c ****  * Copyright (c) 2001-2004 Swedish Institute of Computer Science.
   9:../../Middlewares/Third_Party/LwIP/src/api/api_msg.c ****  * All rights reserved.
ARM GAS  /var/folders/2r/mdtt8xvd351gdc398t28_m2m0000gn/T//ccI12eQw.s 			page 2


  10:../../Middlewares/Third_Party/LwIP/src/api/api_msg.c ****  *
  11:../../Middlewares/Third_Party/LwIP/src/api/api_msg.c ****  * Redistribution and use in source and binary forms, with or without modification,
  12:../../Middlewares/Third_Party/LwIP/src/api/api_msg.c ****  * are permitted provided that the following conditions are met:
  13:../../Middlewares/Third_Party/LwIP/src/api/api_msg.c ****  *
  14:../../Middlewares/Third_Party/LwIP/src/api/api_msg.c ****  * 1. Redistributions of source code must retain the above copyright notice,
  15:../../Middlewares/Third_Party/LwIP/src/api/api_msg.c ****  *    this list of conditions and the following disclaimer.
  16:../../Middlewares/Third_Party/LwIP/src/api/api_msg.c ****  * 2. Redistributions in binary form must reproduce the above copyright notice,
  17:../../Middlewares/Third_Party/LwIP/src/api/api_msg.c ****  *    this list of conditions and the following disclaimer in the documentation
  18:../../Middlewares/Third_Party/LwIP/src/api/api_msg.c ****  *    and/or other materials provided with the distribution.
  19:../../Middlewares/Third_Party/LwIP/src/api/api_msg.c ****  * 3. The name of the author may not be used to endorse or promote products
  20:../../Middlewares/Third_Party/LwIP/src/api/api_msg.c ****  *    derived from this software without specific prior written permission.
  21:../../Middlewares/Third_Party/LwIP/src/api/api_msg.c ****  *
  22:../../Middlewares/Third_Party/LwIP/src/api/api_msg.c ****  * THIS SOFTWARE IS PROVIDED BY THE AUTHOR ``AS IS'' AND ANY EXPRESS OR IMPLIED
  23:../../Middlewares/Third_Party/LwIP/src/api/api_msg.c ****  * WARRANTIES, INCLUDING, BUT NOT LIMITED TO, THE IMPLIED WARRANTIES OF
  24:../../Middlewares/Third_Party/LwIP/src/api/api_msg.c ****  * MERCHANTABILITY AND FITNESS FOR A PARTICULAR PURPOSE ARE DISCLAIMED. IN NO EVENT
  25:../../Middlewares/Third_Party/LwIP/src/api/api_msg.c ****  * SHALL THE AUTHOR BE LIABLE FOR ANY DIRECT, INDIRECT, INCIDENTAL, SPECIAL,
  26:../../Middlewares/Third_Party/LwIP/src/api/api_msg.c ****  * EXEMPLARY, OR CONSEQUENTIAL DAMAGES (INCLUDING, BUT NOT LIMITED TO, PROCUREMENT
  27:../../Middlewares/Third_Party/LwIP/src/api/api_msg.c ****  * OF SUBSTITUTE GOODS OR SERVICES; LOSS OF USE, DATA, OR PROFITS; OR BUSINESS
  28:../../Middlewares/Third_Party/LwIP/src/api/api_msg.c ****  * INTERRUPTION) HOWEVER CAUSED AND ON ANY THEORY OF LIABILITY, WHETHER IN
  29:../../Middlewares/Third_Party/LwIP/src/api/api_msg.c ****  * CONTRACT, STRICT LIABILITY, OR TORT (INCLUDING NEGLIGENCE OR OTHERWISE) ARISING
  30:../../Middlewares/Third_Party/LwIP/src/api/api_msg.c ****  * IN ANY WAY OUT OF THE USE OF THIS SOFTWARE, EVEN IF ADVISED OF THE POSSIBILITY
  31:../../Middlewares/Third_Party/LwIP/src/api/api_msg.c ****  * OF SUCH DAMAGE.
  32:../../Middlewares/Third_Party/LwIP/src/api/api_msg.c ****  *
  33:../../Middlewares/Third_Party/LwIP/src/api/api_msg.c ****  * This file is part of the lwIP TCP/IP stack.
  34:../../Middlewares/Third_Party/LwIP/src/api/api_msg.c ****  *
  35:../../Middlewares/Third_Party/LwIP/src/api/api_msg.c ****  * Author: Adam Dunkels <adam@sics.se>
  36:../../Middlewares/Third_Party/LwIP/src/api/api_msg.c ****  *
  37:../../Middlewares/Third_Party/LwIP/src/api/api_msg.c ****  */
  38:../../Middlewares/Third_Party/LwIP/src/api/api_msg.c **** 
  39:../../Middlewares/Third_Party/LwIP/src/api/api_msg.c **** #include "lwip/opt.h"
  40:../../Middlewares/Third_Party/LwIP/src/api/api_msg.c **** 
  41:../../Middlewares/Third_Party/LwIP/src/api/api_msg.c **** #if LWIP_NETCONN /* don't build if not configured for use in lwipopts.h */
  42:../../Middlewares/Third_Party/LwIP/src/api/api_msg.c **** 
  43:../../Middlewares/Third_Party/LwIP/src/api/api_msg.c **** #include "lwip/priv/api_msg.h"
  44:../../Middlewares/Third_Party/LwIP/src/api/api_msg.c **** 
  45:../../Middlewares/Third_Party/LwIP/src/api/api_msg.c **** #include "lwip/ip.h"
  46:../../Middlewares/Third_Party/LwIP/src/api/api_msg.c **** #include "lwip/ip_addr.h"
  47:../../Middlewares/Third_Party/LwIP/src/api/api_msg.c **** #include "lwip/udp.h"
  48:../../Middlewares/Third_Party/LwIP/src/api/api_msg.c **** #include "lwip/tcp.h"
  49:../../Middlewares/Third_Party/LwIP/src/api/api_msg.c **** #include "lwip/raw.h"
  50:../../Middlewares/Third_Party/LwIP/src/api/api_msg.c **** 
  51:../../Middlewares/Third_Party/LwIP/src/api/api_msg.c **** #include "lwip/memp.h"
  52:../../Middlewares/Third_Party/LwIP/src/api/api_msg.c **** #include "lwip/igmp.h"
  53:../../Middlewares/Third_Party/LwIP/src/api/api_msg.c **** #include "lwip/dns.h"
  54:../../Middlewares/Third_Party/LwIP/src/api/api_msg.c **** #include "lwip/mld6.h"
  55:../../Middlewares/Third_Party/LwIP/src/api/api_msg.c **** #include "lwip/priv/tcpip_priv.h"
  56:../../Middlewares/Third_Party/LwIP/src/api/api_msg.c **** 
  57:../../Middlewares/Third_Party/LwIP/src/api/api_msg.c **** #include <string.h>
  58:../../Middlewares/Third_Party/LwIP/src/api/api_msg.c **** 
  59:../../Middlewares/Third_Party/LwIP/src/api/api_msg.c **** /* netconns are polled once per second (e.g. continue write on memory error) */
  60:../../Middlewares/Third_Party/LwIP/src/api/api_msg.c **** #define NETCONN_TCP_POLL_INTERVAL 2
  61:../../Middlewares/Third_Party/LwIP/src/api/api_msg.c **** 
  62:../../Middlewares/Third_Party/LwIP/src/api/api_msg.c **** #define SET_NONBLOCKING_CONNECT(conn, val)  do { if (val) { \
  63:../../Middlewares/Third_Party/LwIP/src/api/api_msg.c ****   netconn_set_flags(conn, NETCONN_FLAG_IN_NONBLOCKING_CONNECT); \
  64:../../Middlewares/Third_Party/LwIP/src/api/api_msg.c **** } else { \
  65:../../Middlewares/Third_Party/LwIP/src/api/api_msg.c ****   netconn_clear_flags(conn, NETCONN_FLAG_IN_NONBLOCKING_CONNECT); }} while(0)
  66:../../Middlewares/Third_Party/LwIP/src/api/api_msg.c **** #define IN_NONBLOCKING_CONNECT(conn) netconn_is_flag_set(conn, NETCONN_FLAG_IN_NONBLOCKING_CONNECT)
ARM GAS  /var/folders/2r/mdtt8xvd351gdc398t28_m2m0000gn/T//ccI12eQw.s 			page 3


  67:../../Middlewares/Third_Party/LwIP/src/api/api_msg.c **** 
  68:../../Middlewares/Third_Party/LwIP/src/api/api_msg.c **** #if LWIP_NETCONN_FULLDUPLEX
  69:../../Middlewares/Third_Party/LwIP/src/api/api_msg.c **** #define NETCONN_MBOX_VALID(conn, mbox) (sys_mbox_valid(mbox) && ((conn->flags & NETCONN_FLAG_MBOXIN
  70:../../Middlewares/Third_Party/LwIP/src/api/api_msg.c **** #else
  71:../../Middlewares/Third_Party/LwIP/src/api/api_msg.c **** #define NETCONN_MBOX_VALID(conn, mbox) sys_mbox_valid(mbox)
  72:../../Middlewares/Third_Party/LwIP/src/api/api_msg.c **** #endif
  73:../../Middlewares/Third_Party/LwIP/src/api/api_msg.c **** 
  74:../../Middlewares/Third_Party/LwIP/src/api/api_msg.c **** /* forward declarations */
  75:../../Middlewares/Third_Party/LwIP/src/api/api_msg.c **** #if LWIP_TCP
  76:../../Middlewares/Third_Party/LwIP/src/api/api_msg.c **** #if LWIP_TCPIP_CORE_LOCKING
  77:../../Middlewares/Third_Party/LwIP/src/api/api_msg.c **** #define WRITE_DELAYED         , 1
  78:../../Middlewares/Third_Party/LwIP/src/api/api_msg.c **** #define WRITE_DELAYED_PARAM   , u8_t delayed
  79:../../Middlewares/Third_Party/LwIP/src/api/api_msg.c **** #else /* LWIP_TCPIP_CORE_LOCKING */
  80:../../Middlewares/Third_Party/LwIP/src/api/api_msg.c **** #define WRITE_DELAYED
  81:../../Middlewares/Third_Party/LwIP/src/api/api_msg.c **** #define WRITE_DELAYED_PARAM
  82:../../Middlewares/Third_Party/LwIP/src/api/api_msg.c **** #endif /* LWIP_TCPIP_CORE_LOCKING */
  83:../../Middlewares/Third_Party/LwIP/src/api/api_msg.c **** static err_t lwip_netconn_do_writemore(struct netconn *conn  WRITE_DELAYED_PARAM);
  84:../../Middlewares/Third_Party/LwIP/src/api/api_msg.c **** static err_t lwip_netconn_do_close_internal(struct netconn *conn  WRITE_DELAYED_PARAM);
  85:../../Middlewares/Third_Party/LwIP/src/api/api_msg.c **** #endif
  86:../../Middlewares/Third_Party/LwIP/src/api/api_msg.c **** 
  87:../../Middlewares/Third_Party/LwIP/src/api/api_msg.c **** static void netconn_drain(struct netconn *conn);
  88:../../Middlewares/Third_Party/LwIP/src/api/api_msg.c **** 
  89:../../Middlewares/Third_Party/LwIP/src/api/api_msg.c **** #if LWIP_TCPIP_CORE_LOCKING
  90:../../Middlewares/Third_Party/LwIP/src/api/api_msg.c **** #define TCPIP_APIMSG_ACK(m)
  91:../../Middlewares/Third_Party/LwIP/src/api/api_msg.c **** #else /* LWIP_TCPIP_CORE_LOCKING */
  92:../../Middlewares/Third_Party/LwIP/src/api/api_msg.c **** #define TCPIP_APIMSG_ACK(m)   do { sys_sem_signal(LWIP_API_MSG_SEM(m)); } while(0)
  93:../../Middlewares/Third_Party/LwIP/src/api/api_msg.c **** #endif /* LWIP_TCPIP_CORE_LOCKING */
  94:../../Middlewares/Third_Party/LwIP/src/api/api_msg.c **** 
  95:../../Middlewares/Third_Party/LwIP/src/api/api_msg.c **** #if LWIP_NETCONN_FULLDUPLEX
  96:../../Middlewares/Third_Party/LwIP/src/api/api_msg.c **** const u8_t netconn_deleted = 0;
  97:../../Middlewares/Third_Party/LwIP/src/api/api_msg.c **** 
  98:../../Middlewares/Third_Party/LwIP/src/api/api_msg.c **** int
  99:../../Middlewares/Third_Party/LwIP/src/api/api_msg.c **** lwip_netconn_is_deallocated_msg(void *msg)
 100:../../Middlewares/Third_Party/LwIP/src/api/api_msg.c **** {
 101:../../Middlewares/Third_Party/LwIP/src/api/api_msg.c ****   if (msg == &netconn_deleted) {
 102:../../Middlewares/Third_Party/LwIP/src/api/api_msg.c ****     return 1;
 103:../../Middlewares/Third_Party/LwIP/src/api/api_msg.c ****   }
 104:../../Middlewares/Third_Party/LwIP/src/api/api_msg.c ****   return 0;
 105:../../Middlewares/Third_Party/LwIP/src/api/api_msg.c **** }
 106:../../Middlewares/Third_Party/LwIP/src/api/api_msg.c **** #endif /* LWIP_NETCONN_FULLDUPLEX */
 107:../../Middlewares/Third_Party/LwIP/src/api/api_msg.c **** 
 108:../../Middlewares/Third_Party/LwIP/src/api/api_msg.c **** #if LWIP_TCP
 109:../../Middlewares/Third_Party/LwIP/src/api/api_msg.c **** const u8_t netconn_aborted = 0;
 110:../../Middlewares/Third_Party/LwIP/src/api/api_msg.c **** const u8_t netconn_reset = 0;
 111:../../Middlewares/Third_Party/LwIP/src/api/api_msg.c **** const u8_t netconn_closed = 0;
 112:../../Middlewares/Third_Party/LwIP/src/api/api_msg.c **** 
 113:../../Middlewares/Third_Party/LwIP/src/api/api_msg.c **** /** Translate an error to a unique void* passed via an mbox */
 114:../../Middlewares/Third_Party/LwIP/src/api/api_msg.c **** static void *
 115:../../Middlewares/Third_Party/LwIP/src/api/api_msg.c **** lwip_netconn_err_to_msg(err_t err)
 116:../../Middlewares/Third_Party/LwIP/src/api/api_msg.c **** {
 117:../../Middlewares/Third_Party/LwIP/src/api/api_msg.c ****   switch (err) {
 118:../../Middlewares/Third_Party/LwIP/src/api/api_msg.c ****     case ERR_ABRT:
 119:../../Middlewares/Third_Party/LwIP/src/api/api_msg.c ****       return LWIP_CONST_CAST(void *, &netconn_aborted);
 120:../../Middlewares/Third_Party/LwIP/src/api/api_msg.c ****     case ERR_RST:
 121:../../Middlewares/Third_Party/LwIP/src/api/api_msg.c ****       return LWIP_CONST_CAST(void *, &netconn_reset);
 122:../../Middlewares/Third_Party/LwIP/src/api/api_msg.c ****     case ERR_CLSD:
 123:../../Middlewares/Third_Party/LwIP/src/api/api_msg.c ****       return LWIP_CONST_CAST(void *, &netconn_closed);
ARM GAS  /var/folders/2r/mdtt8xvd351gdc398t28_m2m0000gn/T//ccI12eQw.s 			page 4


 124:../../Middlewares/Third_Party/LwIP/src/api/api_msg.c ****     default:
 125:../../Middlewares/Third_Party/LwIP/src/api/api_msg.c ****       LWIP_ASSERT("unhandled error", err == ERR_OK);
 126:../../Middlewares/Third_Party/LwIP/src/api/api_msg.c ****       return NULL;
 127:../../Middlewares/Third_Party/LwIP/src/api/api_msg.c ****   }
 128:../../Middlewares/Third_Party/LwIP/src/api/api_msg.c **** }
 129:../../Middlewares/Third_Party/LwIP/src/api/api_msg.c **** 
 130:../../Middlewares/Third_Party/LwIP/src/api/api_msg.c **** int
 131:../../Middlewares/Third_Party/LwIP/src/api/api_msg.c **** lwip_netconn_is_err_msg(void *msg, err_t *err)
 132:../../Middlewares/Third_Party/LwIP/src/api/api_msg.c **** {
 133:../../Middlewares/Third_Party/LwIP/src/api/api_msg.c ****   LWIP_ASSERT("err != NULL", err != NULL);
 134:../../Middlewares/Third_Party/LwIP/src/api/api_msg.c **** 
 135:../../Middlewares/Third_Party/LwIP/src/api/api_msg.c ****   if (msg == &netconn_aborted) {
 136:../../Middlewares/Third_Party/LwIP/src/api/api_msg.c ****     *err = ERR_ABRT;
 137:../../Middlewares/Third_Party/LwIP/src/api/api_msg.c ****     return 1;
 138:../../Middlewares/Third_Party/LwIP/src/api/api_msg.c ****   } else if (msg == &netconn_reset) {
 139:../../Middlewares/Third_Party/LwIP/src/api/api_msg.c ****     *err = ERR_RST;
 140:../../Middlewares/Third_Party/LwIP/src/api/api_msg.c ****     return 1;
 141:../../Middlewares/Third_Party/LwIP/src/api/api_msg.c ****   } else if (msg == &netconn_closed) {
 142:../../Middlewares/Third_Party/LwIP/src/api/api_msg.c ****     *err = ERR_CLSD;
 143:../../Middlewares/Third_Party/LwIP/src/api/api_msg.c ****     return 1;
 144:../../Middlewares/Third_Party/LwIP/src/api/api_msg.c ****   }
 145:../../Middlewares/Third_Party/LwIP/src/api/api_msg.c ****   return 0;
 146:../../Middlewares/Third_Party/LwIP/src/api/api_msg.c **** }
 147:../../Middlewares/Third_Party/LwIP/src/api/api_msg.c **** #endif /* LWIP_TCP */
 148:../../Middlewares/Third_Party/LwIP/src/api/api_msg.c **** 
 149:../../Middlewares/Third_Party/LwIP/src/api/api_msg.c **** 
 150:../../Middlewares/Third_Party/LwIP/src/api/api_msg.c **** #if LWIP_RAW
 151:../../Middlewares/Third_Party/LwIP/src/api/api_msg.c **** /**
 152:../../Middlewares/Third_Party/LwIP/src/api/api_msg.c ****  * Receive callback function for RAW netconns.
 153:../../Middlewares/Third_Party/LwIP/src/api/api_msg.c ****  * Doesn't 'eat' the packet, only copies it and sends it to
 154:../../Middlewares/Third_Party/LwIP/src/api/api_msg.c ****  * conn->recvmbox
 155:../../Middlewares/Third_Party/LwIP/src/api/api_msg.c ****  *
 156:../../Middlewares/Third_Party/LwIP/src/api/api_msg.c ****  * @see raw.h (struct raw_pcb.recv) for parameters and return value
 157:../../Middlewares/Third_Party/LwIP/src/api/api_msg.c ****  */
 158:../../Middlewares/Third_Party/LwIP/src/api/api_msg.c **** static u8_t
 159:../../Middlewares/Third_Party/LwIP/src/api/api_msg.c **** recv_raw(void *arg, struct raw_pcb *pcb, struct pbuf *p,
 160:../../Middlewares/Third_Party/LwIP/src/api/api_msg.c ****          const ip_addr_t *addr)
 161:../../Middlewares/Third_Party/LwIP/src/api/api_msg.c **** {
 162:../../Middlewares/Third_Party/LwIP/src/api/api_msg.c ****   struct pbuf *q;
 163:../../Middlewares/Third_Party/LwIP/src/api/api_msg.c ****   struct netbuf *buf;
 164:../../Middlewares/Third_Party/LwIP/src/api/api_msg.c ****   struct netconn *conn;
 165:../../Middlewares/Third_Party/LwIP/src/api/api_msg.c **** 
 166:../../Middlewares/Third_Party/LwIP/src/api/api_msg.c ****   LWIP_UNUSED_ARG(addr);
 167:../../Middlewares/Third_Party/LwIP/src/api/api_msg.c ****   conn = (struct netconn *)arg;
 168:../../Middlewares/Third_Party/LwIP/src/api/api_msg.c **** 
 169:../../Middlewares/Third_Party/LwIP/src/api/api_msg.c ****   if ((conn != NULL) && NETCONN_MBOX_VALID(conn, &conn->recvmbox)) {
 170:../../Middlewares/Third_Party/LwIP/src/api/api_msg.c **** #if LWIP_SO_RCVBUF
 171:../../Middlewares/Third_Party/LwIP/src/api/api_msg.c ****     int recv_avail;
 172:../../Middlewares/Third_Party/LwIP/src/api/api_msg.c ****     SYS_ARCH_GET(conn->recv_avail, recv_avail);
 173:../../Middlewares/Third_Party/LwIP/src/api/api_msg.c ****     if ((recv_avail + (int)(p->tot_len)) > conn->recv_bufsize) {
 174:../../Middlewares/Third_Party/LwIP/src/api/api_msg.c ****       return 0;
 175:../../Middlewares/Third_Party/LwIP/src/api/api_msg.c ****     }
 176:../../Middlewares/Third_Party/LwIP/src/api/api_msg.c **** #endif /* LWIP_SO_RCVBUF */
 177:../../Middlewares/Third_Party/LwIP/src/api/api_msg.c ****     /* copy the whole packet into new pbufs */
 178:../../Middlewares/Third_Party/LwIP/src/api/api_msg.c ****     q = pbuf_clone(PBUF_RAW, PBUF_RAM, p);
 179:../../Middlewares/Third_Party/LwIP/src/api/api_msg.c ****     if (q != NULL) {
 180:../../Middlewares/Third_Party/LwIP/src/api/api_msg.c ****       u16_t len;
ARM GAS  /var/folders/2r/mdtt8xvd351gdc398t28_m2m0000gn/T//ccI12eQw.s 			page 5


 181:../../Middlewares/Third_Party/LwIP/src/api/api_msg.c ****       buf = (struct netbuf *)memp_malloc(MEMP_NETBUF);
 182:../../Middlewares/Third_Party/LwIP/src/api/api_msg.c ****       if (buf == NULL) {
 183:../../Middlewares/Third_Party/LwIP/src/api/api_msg.c ****         pbuf_free(q);
 184:../../Middlewares/Third_Party/LwIP/src/api/api_msg.c ****         return 0;
 185:../../Middlewares/Third_Party/LwIP/src/api/api_msg.c ****       }
 186:../../Middlewares/Third_Party/LwIP/src/api/api_msg.c **** 
 187:../../Middlewares/Third_Party/LwIP/src/api/api_msg.c ****       buf->p = q;
 188:../../Middlewares/Third_Party/LwIP/src/api/api_msg.c ****       buf->ptr = q;
 189:../../Middlewares/Third_Party/LwIP/src/api/api_msg.c ****       ip_addr_copy(buf->addr, *ip_current_src_addr());
 190:../../Middlewares/Third_Party/LwIP/src/api/api_msg.c ****       buf->port = pcb->protocol;
 191:../../Middlewares/Third_Party/LwIP/src/api/api_msg.c **** 
 192:../../Middlewares/Third_Party/LwIP/src/api/api_msg.c ****       len = q->tot_len;
 193:../../Middlewares/Third_Party/LwIP/src/api/api_msg.c ****       if (sys_mbox_trypost(&conn->recvmbox, buf) != ERR_OK) {
 194:../../Middlewares/Third_Party/LwIP/src/api/api_msg.c ****         netbuf_delete(buf);
 195:../../Middlewares/Third_Party/LwIP/src/api/api_msg.c ****         return 0;
 196:../../Middlewares/Third_Party/LwIP/src/api/api_msg.c ****       } else {
 197:../../Middlewares/Third_Party/LwIP/src/api/api_msg.c **** #if LWIP_SO_RCVBUF
 198:../../Middlewares/Third_Party/LwIP/src/api/api_msg.c ****         SYS_ARCH_INC(conn->recv_avail, len);
 199:../../Middlewares/Third_Party/LwIP/src/api/api_msg.c **** #endif /* LWIP_SO_RCVBUF */
 200:../../Middlewares/Third_Party/LwIP/src/api/api_msg.c ****         /* Register event with callback */
 201:../../Middlewares/Third_Party/LwIP/src/api/api_msg.c ****         API_EVENT(conn, NETCONN_EVT_RCVPLUS, len);
 202:../../Middlewares/Third_Party/LwIP/src/api/api_msg.c ****       }
 203:../../Middlewares/Third_Party/LwIP/src/api/api_msg.c ****     }
 204:../../Middlewares/Third_Party/LwIP/src/api/api_msg.c ****   }
 205:../../Middlewares/Third_Party/LwIP/src/api/api_msg.c **** 
 206:../../Middlewares/Third_Party/LwIP/src/api/api_msg.c ****   return 0; /* do not eat the packet */
 207:../../Middlewares/Third_Party/LwIP/src/api/api_msg.c **** }
 208:../../Middlewares/Third_Party/LwIP/src/api/api_msg.c **** #endif /* LWIP_RAW*/
 209:../../Middlewares/Third_Party/LwIP/src/api/api_msg.c **** 
 210:../../Middlewares/Third_Party/LwIP/src/api/api_msg.c **** #if LWIP_UDP
 211:../../Middlewares/Third_Party/LwIP/src/api/api_msg.c **** /**
 212:../../Middlewares/Third_Party/LwIP/src/api/api_msg.c ****  * Receive callback function for UDP netconns.
 213:../../Middlewares/Third_Party/LwIP/src/api/api_msg.c ****  * Posts the packet to conn->recvmbox or deletes it on memory error.
 214:../../Middlewares/Third_Party/LwIP/src/api/api_msg.c ****  *
 215:../../Middlewares/Third_Party/LwIP/src/api/api_msg.c ****  * @see udp.h (struct udp_pcb.recv) for parameters
 216:../../Middlewares/Third_Party/LwIP/src/api/api_msg.c ****  */
 217:../../Middlewares/Third_Party/LwIP/src/api/api_msg.c **** static void
 218:../../Middlewares/Third_Party/LwIP/src/api/api_msg.c **** recv_udp(void *arg, struct udp_pcb *pcb, struct pbuf *p,
 219:../../Middlewares/Third_Party/LwIP/src/api/api_msg.c ****          const ip_addr_t *addr, u16_t port)
 220:../../Middlewares/Third_Party/LwIP/src/api/api_msg.c **** {
 221:../../Middlewares/Third_Party/LwIP/src/api/api_msg.c ****   struct netbuf *buf;
 222:../../Middlewares/Third_Party/LwIP/src/api/api_msg.c ****   struct netconn *conn;
 223:../../Middlewares/Third_Party/LwIP/src/api/api_msg.c ****   u16_t len;
 224:../../Middlewares/Third_Party/LwIP/src/api/api_msg.c **** #if LWIP_SO_RCVBUF
 225:../../Middlewares/Third_Party/LwIP/src/api/api_msg.c ****   int recv_avail;
 226:../../Middlewares/Third_Party/LwIP/src/api/api_msg.c **** #endif /* LWIP_SO_RCVBUF */
 227:../../Middlewares/Third_Party/LwIP/src/api/api_msg.c **** 
 228:../../Middlewares/Third_Party/LwIP/src/api/api_msg.c ****   LWIP_UNUSED_ARG(pcb); /* only used for asserts... */
 229:../../Middlewares/Third_Party/LwIP/src/api/api_msg.c ****   LWIP_ASSERT("recv_udp must have a pcb argument", pcb != NULL);
 230:../../Middlewares/Third_Party/LwIP/src/api/api_msg.c ****   LWIP_ASSERT("recv_udp must have an argument", arg != NULL);
 231:../../Middlewares/Third_Party/LwIP/src/api/api_msg.c ****   conn = (struct netconn *)arg;
 232:../../Middlewares/Third_Party/LwIP/src/api/api_msg.c **** 
 233:../../Middlewares/Third_Party/LwIP/src/api/api_msg.c ****   if (conn == NULL) {
 234:../../Middlewares/Third_Party/LwIP/src/api/api_msg.c ****     pbuf_free(p);
 235:../../Middlewares/Third_Party/LwIP/src/api/api_msg.c ****     return;
 236:../../Middlewares/Third_Party/LwIP/src/api/api_msg.c ****   }
 237:../../Middlewares/Third_Party/LwIP/src/api/api_msg.c **** 
ARM GAS  /var/folders/2r/mdtt8xvd351gdc398t28_m2m0000gn/T//ccI12eQw.s 			page 6


 238:../../Middlewares/Third_Party/LwIP/src/api/api_msg.c ****   LWIP_ASSERT("recv_udp: recv for wrong pcb!", conn->pcb.udp == pcb);
 239:../../Middlewares/Third_Party/LwIP/src/api/api_msg.c **** 
 240:../../Middlewares/Third_Party/LwIP/src/api/api_msg.c **** #if LWIP_SO_RCVBUF
 241:../../Middlewares/Third_Party/LwIP/src/api/api_msg.c ****   SYS_ARCH_GET(conn->recv_avail, recv_avail);
 242:../../Middlewares/Third_Party/LwIP/src/api/api_msg.c ****   if (!NETCONN_MBOX_VALID(conn, &conn->recvmbox) ||
 243:../../Middlewares/Third_Party/LwIP/src/api/api_msg.c ****       ((recv_avail + (int)(p->tot_len)) > conn->recv_bufsize)) {
 244:../../Middlewares/Third_Party/LwIP/src/api/api_msg.c **** #else  /* LWIP_SO_RCVBUF */
 245:../../Middlewares/Third_Party/LwIP/src/api/api_msg.c ****   if (!NETCONN_MBOX_VALID(conn, &conn->recvmbox)) {
 246:../../Middlewares/Third_Party/LwIP/src/api/api_msg.c **** #endif /* LWIP_SO_RCVBUF */
 247:../../Middlewares/Third_Party/LwIP/src/api/api_msg.c ****     pbuf_free(p);
 248:../../Middlewares/Third_Party/LwIP/src/api/api_msg.c ****     return;
 249:../../Middlewares/Third_Party/LwIP/src/api/api_msg.c ****   }
 250:../../Middlewares/Third_Party/LwIP/src/api/api_msg.c **** 
 251:../../Middlewares/Third_Party/LwIP/src/api/api_msg.c ****   buf = (struct netbuf *)memp_malloc(MEMP_NETBUF);
 252:../../Middlewares/Third_Party/LwIP/src/api/api_msg.c ****   if (buf == NULL) {
 253:../../Middlewares/Third_Party/LwIP/src/api/api_msg.c ****     pbuf_free(p);
 254:../../Middlewares/Third_Party/LwIP/src/api/api_msg.c ****     return;
 255:../../Middlewares/Third_Party/LwIP/src/api/api_msg.c ****   } else {
 256:../../Middlewares/Third_Party/LwIP/src/api/api_msg.c ****     buf->p = p;
 257:../../Middlewares/Third_Party/LwIP/src/api/api_msg.c ****     buf->ptr = p;
 258:../../Middlewares/Third_Party/LwIP/src/api/api_msg.c ****     ip_addr_set(&buf->addr, addr);
 259:../../Middlewares/Third_Party/LwIP/src/api/api_msg.c ****     buf->port = port;
 260:../../Middlewares/Third_Party/LwIP/src/api/api_msg.c **** #if LWIP_NETBUF_RECVINFO
 261:../../Middlewares/Third_Party/LwIP/src/api/api_msg.c ****     if (conn->flags & NETCONN_FLAG_PKTINFO) {
 262:../../Middlewares/Third_Party/LwIP/src/api/api_msg.c ****       /* get the UDP header - always in the first pbuf, ensured by udp_input */
 263:../../Middlewares/Third_Party/LwIP/src/api/api_msg.c ****       const struct udp_hdr *udphdr = (const struct udp_hdr *)ip_next_header_ptr();
 264:../../Middlewares/Third_Party/LwIP/src/api/api_msg.c ****       buf->flags = NETBUF_FLAG_DESTADDR;
 265:../../Middlewares/Third_Party/LwIP/src/api/api_msg.c ****       ip_addr_set(&buf->toaddr, ip_current_dest_addr());
 266:../../Middlewares/Third_Party/LwIP/src/api/api_msg.c ****       buf->toport_chksum = udphdr->dest;
 267:../../Middlewares/Third_Party/LwIP/src/api/api_msg.c ****     }
 268:../../Middlewares/Third_Party/LwIP/src/api/api_msg.c **** #endif /* LWIP_NETBUF_RECVINFO */
 269:../../Middlewares/Third_Party/LwIP/src/api/api_msg.c ****   }
 270:../../Middlewares/Third_Party/LwIP/src/api/api_msg.c **** 
 271:../../Middlewares/Third_Party/LwIP/src/api/api_msg.c ****   len = p->tot_len;
 272:../../Middlewares/Third_Party/LwIP/src/api/api_msg.c ****   if (sys_mbox_trypost(&conn->recvmbox, buf) != ERR_OK) {
 273:../../Middlewares/Third_Party/LwIP/src/api/api_msg.c ****     netbuf_delete(buf);
 274:../../Middlewares/Third_Party/LwIP/src/api/api_msg.c ****     return;
 275:../../Middlewares/Third_Party/LwIP/src/api/api_msg.c ****   } else {
 276:../../Middlewares/Third_Party/LwIP/src/api/api_msg.c **** #if LWIP_SO_RCVBUF
 277:../../Middlewares/Third_Party/LwIP/src/api/api_msg.c ****     SYS_ARCH_INC(conn->recv_avail, len);
 278:../../Middlewares/Third_Party/LwIP/src/api/api_msg.c **** #endif /* LWIP_SO_RCVBUF */
 279:../../Middlewares/Third_Party/LwIP/src/api/api_msg.c ****     /* Register event with callback */
 280:../../Middlewares/Third_Party/LwIP/src/api/api_msg.c ****     API_EVENT(conn, NETCONN_EVT_RCVPLUS, len);
 281:../../Middlewares/Third_Party/LwIP/src/api/api_msg.c ****   }
 282:../../Middlewares/Third_Party/LwIP/src/api/api_msg.c **** }
 283:../../Middlewares/Third_Party/LwIP/src/api/api_msg.c **** #endif /* LWIP_UDP */
 284:../../Middlewares/Third_Party/LwIP/src/api/api_msg.c **** 
 285:../../Middlewares/Third_Party/LwIP/src/api/api_msg.c **** #if LWIP_TCP
 286:../../Middlewares/Third_Party/LwIP/src/api/api_msg.c **** /**
 287:../../Middlewares/Third_Party/LwIP/src/api/api_msg.c ****  * Receive callback function for TCP netconns.
 288:../../Middlewares/Third_Party/LwIP/src/api/api_msg.c ****  * Posts the packet to conn->recvmbox, but doesn't delete it on errors.
 289:../../Middlewares/Third_Party/LwIP/src/api/api_msg.c ****  *
 290:../../Middlewares/Third_Party/LwIP/src/api/api_msg.c ****  * @see tcp.h (struct tcp_pcb.recv) for parameters and return value
 291:../../Middlewares/Third_Party/LwIP/src/api/api_msg.c ****  */
 292:../../Middlewares/Third_Party/LwIP/src/api/api_msg.c **** static err_t
 293:../../Middlewares/Third_Party/LwIP/src/api/api_msg.c **** recv_tcp(void *arg, struct tcp_pcb *pcb, struct pbuf *p, err_t err)
 294:../../Middlewares/Third_Party/LwIP/src/api/api_msg.c **** {
ARM GAS  /var/folders/2r/mdtt8xvd351gdc398t28_m2m0000gn/T//ccI12eQw.s 			page 7


 295:../../Middlewares/Third_Party/LwIP/src/api/api_msg.c ****   struct netconn *conn;
 296:../../Middlewares/Third_Party/LwIP/src/api/api_msg.c ****   u16_t len;
 297:../../Middlewares/Third_Party/LwIP/src/api/api_msg.c ****   void *msg;
 298:../../Middlewares/Third_Party/LwIP/src/api/api_msg.c **** 
 299:../../Middlewares/Third_Party/LwIP/src/api/api_msg.c ****   LWIP_UNUSED_ARG(pcb);
 300:../../Middlewares/Third_Party/LwIP/src/api/api_msg.c ****   LWIP_ASSERT("recv_tcp must have a pcb argument", pcb != NULL);
 301:../../Middlewares/Third_Party/LwIP/src/api/api_msg.c ****   LWIP_ASSERT("recv_tcp must have an argument", arg != NULL);
 302:../../Middlewares/Third_Party/LwIP/src/api/api_msg.c ****   LWIP_ASSERT("err != ERR_OK unhandled", err == ERR_OK);
 303:../../Middlewares/Third_Party/LwIP/src/api/api_msg.c ****   LWIP_UNUSED_ARG(err); /* for LWIP_NOASSERT */
 304:../../Middlewares/Third_Party/LwIP/src/api/api_msg.c ****   conn = (struct netconn *)arg;
 305:../../Middlewares/Third_Party/LwIP/src/api/api_msg.c **** 
 306:../../Middlewares/Third_Party/LwIP/src/api/api_msg.c ****   if (conn == NULL) {
 307:../../Middlewares/Third_Party/LwIP/src/api/api_msg.c ****     return ERR_VAL;
 308:../../Middlewares/Third_Party/LwIP/src/api/api_msg.c ****   }
 309:../../Middlewares/Third_Party/LwIP/src/api/api_msg.c ****   LWIP_ASSERT("recv_tcp: recv for wrong pcb!", conn->pcb.tcp == pcb);
 310:../../Middlewares/Third_Party/LwIP/src/api/api_msg.c **** 
 311:../../Middlewares/Third_Party/LwIP/src/api/api_msg.c ****   if (!NETCONN_MBOX_VALID(conn, &conn->recvmbox)) {
 312:../../Middlewares/Third_Party/LwIP/src/api/api_msg.c ****     /* recvmbox already deleted */
 313:../../Middlewares/Third_Party/LwIP/src/api/api_msg.c ****     if (p != NULL) {
 314:../../Middlewares/Third_Party/LwIP/src/api/api_msg.c ****       tcp_recved(pcb, p->tot_len);
 315:../../Middlewares/Third_Party/LwIP/src/api/api_msg.c ****       pbuf_free(p);
 316:../../Middlewares/Third_Party/LwIP/src/api/api_msg.c ****     }
 317:../../Middlewares/Third_Party/LwIP/src/api/api_msg.c ****     return ERR_OK;
 318:../../Middlewares/Third_Party/LwIP/src/api/api_msg.c ****   }
 319:../../Middlewares/Third_Party/LwIP/src/api/api_msg.c ****   /* Unlike for UDP or RAW pcbs, don't check for available space
 320:../../Middlewares/Third_Party/LwIP/src/api/api_msg.c ****      using recv_avail since that could break the connection
 321:../../Middlewares/Third_Party/LwIP/src/api/api_msg.c ****      (data is already ACKed) */
 322:../../Middlewares/Third_Party/LwIP/src/api/api_msg.c **** 
 323:../../Middlewares/Third_Party/LwIP/src/api/api_msg.c ****   if (p != NULL) {
 324:../../Middlewares/Third_Party/LwIP/src/api/api_msg.c ****     msg = p;
 325:../../Middlewares/Third_Party/LwIP/src/api/api_msg.c ****     len = p->tot_len;
 326:../../Middlewares/Third_Party/LwIP/src/api/api_msg.c ****   } else {
 327:../../Middlewares/Third_Party/LwIP/src/api/api_msg.c ****     msg = LWIP_CONST_CAST(void *, &netconn_closed);
 328:../../Middlewares/Third_Party/LwIP/src/api/api_msg.c ****     len = 0;
 329:../../Middlewares/Third_Party/LwIP/src/api/api_msg.c ****   }
 330:../../Middlewares/Third_Party/LwIP/src/api/api_msg.c **** 
 331:../../Middlewares/Third_Party/LwIP/src/api/api_msg.c ****   if (sys_mbox_trypost(&conn->recvmbox, msg) != ERR_OK) {
 332:../../Middlewares/Third_Party/LwIP/src/api/api_msg.c ****     /* don't deallocate p: it is presented to us later again from tcp_fasttmr! */
 333:../../Middlewares/Third_Party/LwIP/src/api/api_msg.c ****     return ERR_MEM;
 334:../../Middlewares/Third_Party/LwIP/src/api/api_msg.c ****   } else {
 335:../../Middlewares/Third_Party/LwIP/src/api/api_msg.c **** #if LWIP_SO_RCVBUF
 336:../../Middlewares/Third_Party/LwIP/src/api/api_msg.c ****     SYS_ARCH_INC(conn->recv_avail, len);
 337:../../Middlewares/Third_Party/LwIP/src/api/api_msg.c **** #endif /* LWIP_SO_RCVBUF */
 338:../../Middlewares/Third_Party/LwIP/src/api/api_msg.c ****     /* Register event with callback */
 339:../../Middlewares/Third_Party/LwIP/src/api/api_msg.c ****     API_EVENT(conn, NETCONN_EVT_RCVPLUS, len);
 340:../../Middlewares/Third_Party/LwIP/src/api/api_msg.c ****   }
 341:../../Middlewares/Third_Party/LwIP/src/api/api_msg.c **** 
 342:../../Middlewares/Third_Party/LwIP/src/api/api_msg.c ****   return ERR_OK;
 343:../../Middlewares/Third_Party/LwIP/src/api/api_msg.c **** }
 344:../../Middlewares/Third_Party/LwIP/src/api/api_msg.c **** 
 345:../../Middlewares/Third_Party/LwIP/src/api/api_msg.c **** /**
 346:../../Middlewares/Third_Party/LwIP/src/api/api_msg.c ****  * Poll callback function for TCP netconns.
 347:../../Middlewares/Third_Party/LwIP/src/api/api_msg.c ****  * Wakes up an application thread that waits for a connection to close
 348:../../Middlewares/Third_Party/LwIP/src/api/api_msg.c ****  * or data to be sent. The application thread then takes the
 349:../../Middlewares/Third_Party/LwIP/src/api/api_msg.c ****  * appropriate action to go on.
 350:../../Middlewares/Third_Party/LwIP/src/api/api_msg.c ****  *
 351:../../Middlewares/Third_Party/LwIP/src/api/api_msg.c ****  * Signals the conn->sem.
ARM GAS  /var/folders/2r/mdtt8xvd351gdc398t28_m2m0000gn/T//ccI12eQw.s 			page 8


 352:../../Middlewares/Third_Party/LwIP/src/api/api_msg.c ****  * netconn_close waits for conn->sem if closing failed.
 353:../../Middlewares/Third_Party/LwIP/src/api/api_msg.c ****  *
 354:../../Middlewares/Third_Party/LwIP/src/api/api_msg.c ****  * @see tcp.h (struct tcp_pcb.poll) for parameters and return value
 355:../../Middlewares/Third_Party/LwIP/src/api/api_msg.c ****  */
 356:../../Middlewares/Third_Party/LwIP/src/api/api_msg.c **** static err_t
 357:../../Middlewares/Third_Party/LwIP/src/api/api_msg.c **** poll_tcp(void *arg, struct tcp_pcb *pcb)
 358:../../Middlewares/Third_Party/LwIP/src/api/api_msg.c **** {
 359:../../Middlewares/Third_Party/LwIP/src/api/api_msg.c ****   struct netconn *conn = (struct netconn *)arg;
 360:../../Middlewares/Third_Party/LwIP/src/api/api_msg.c **** 
 361:../../Middlewares/Third_Party/LwIP/src/api/api_msg.c ****   LWIP_UNUSED_ARG(pcb);
 362:../../Middlewares/Third_Party/LwIP/src/api/api_msg.c ****   LWIP_ASSERT("conn != NULL", (conn != NULL));
 363:../../Middlewares/Third_Party/LwIP/src/api/api_msg.c **** 
 364:../../Middlewares/Third_Party/LwIP/src/api/api_msg.c ****   if (conn->state == NETCONN_WRITE) {
 365:../../Middlewares/Third_Party/LwIP/src/api/api_msg.c ****     lwip_netconn_do_writemore(conn  WRITE_DELAYED);
 366:../../Middlewares/Third_Party/LwIP/src/api/api_msg.c ****   } else if (conn->state == NETCONN_CLOSE) {
 367:../../Middlewares/Third_Party/LwIP/src/api/api_msg.c **** #if !LWIP_SO_SNDTIMEO && !LWIP_SO_LINGER
 368:../../Middlewares/Third_Party/LwIP/src/api/api_msg.c ****     if (conn->current_msg && conn->current_msg->msg.sd.polls_left) {
 369:../../Middlewares/Third_Party/LwIP/src/api/api_msg.c ****       conn->current_msg->msg.sd.polls_left--;
 370:../../Middlewares/Third_Party/LwIP/src/api/api_msg.c ****     }
 371:../../Middlewares/Third_Party/LwIP/src/api/api_msg.c **** #endif /* !LWIP_SO_SNDTIMEO && !LWIP_SO_LINGER */
 372:../../Middlewares/Third_Party/LwIP/src/api/api_msg.c ****     lwip_netconn_do_close_internal(conn  WRITE_DELAYED);
 373:../../Middlewares/Third_Party/LwIP/src/api/api_msg.c ****   }
 374:../../Middlewares/Third_Party/LwIP/src/api/api_msg.c ****   /* @todo: implement connect timeout here? */
 375:../../Middlewares/Third_Party/LwIP/src/api/api_msg.c **** 
 376:../../Middlewares/Third_Party/LwIP/src/api/api_msg.c ****   /* Did a nonblocking write fail before? Then check available write-space. */
 377:../../Middlewares/Third_Party/LwIP/src/api/api_msg.c ****   if (conn->flags & NETCONN_FLAG_CHECK_WRITESPACE) {
 378:../../Middlewares/Third_Party/LwIP/src/api/api_msg.c ****     /* If the queued byte- or pbuf-count drops below the configured low-water limit,
 379:../../Middlewares/Third_Party/LwIP/src/api/api_msg.c ****        let select mark this pcb as writable again. */
 380:../../Middlewares/Third_Party/LwIP/src/api/api_msg.c ****     if ((conn->pcb.tcp != NULL) && (tcp_sndbuf(conn->pcb.tcp) > TCP_SNDLOWAT) &&
 381:../../Middlewares/Third_Party/LwIP/src/api/api_msg.c ****         (tcp_sndqueuelen(conn->pcb.tcp) < TCP_SNDQUEUELOWAT)) {
 382:../../Middlewares/Third_Party/LwIP/src/api/api_msg.c ****       netconn_clear_flags(conn, NETCONN_FLAG_CHECK_WRITESPACE);
 383:../../Middlewares/Third_Party/LwIP/src/api/api_msg.c ****       API_EVENT(conn, NETCONN_EVT_SENDPLUS, 0);
 384:../../Middlewares/Third_Party/LwIP/src/api/api_msg.c ****     }
 385:../../Middlewares/Third_Party/LwIP/src/api/api_msg.c ****   }
 386:../../Middlewares/Third_Party/LwIP/src/api/api_msg.c **** 
 387:../../Middlewares/Third_Party/LwIP/src/api/api_msg.c ****   return ERR_OK;
 388:../../Middlewares/Third_Party/LwIP/src/api/api_msg.c **** }
 389:../../Middlewares/Third_Party/LwIP/src/api/api_msg.c **** 
 390:../../Middlewares/Third_Party/LwIP/src/api/api_msg.c **** /**
 391:../../Middlewares/Third_Party/LwIP/src/api/api_msg.c ****  * Sent callback function for TCP netconns.
 392:../../Middlewares/Third_Party/LwIP/src/api/api_msg.c ****  * Signals the conn->sem and calls API_EVENT.
 393:../../Middlewares/Third_Party/LwIP/src/api/api_msg.c ****  * netconn_write waits for conn->sem if send buffer is low.
 394:../../Middlewares/Third_Party/LwIP/src/api/api_msg.c ****  *
 395:../../Middlewares/Third_Party/LwIP/src/api/api_msg.c ****  * @see tcp.h (struct tcp_pcb.sent) for parameters and return value
 396:../../Middlewares/Third_Party/LwIP/src/api/api_msg.c ****  */
 397:../../Middlewares/Third_Party/LwIP/src/api/api_msg.c **** static err_t
 398:../../Middlewares/Third_Party/LwIP/src/api/api_msg.c **** sent_tcp(void *arg, struct tcp_pcb *pcb, u16_t len)
 399:../../Middlewares/Third_Party/LwIP/src/api/api_msg.c **** {
 400:../../Middlewares/Third_Party/LwIP/src/api/api_msg.c ****   struct netconn *conn = (struct netconn *)arg;
 401:../../Middlewares/Third_Party/LwIP/src/api/api_msg.c **** 
 402:../../Middlewares/Third_Party/LwIP/src/api/api_msg.c ****   LWIP_UNUSED_ARG(pcb);
 403:../../Middlewares/Third_Party/LwIP/src/api/api_msg.c ****   LWIP_ASSERT("conn != NULL", (conn != NULL));
 404:../../Middlewares/Third_Party/LwIP/src/api/api_msg.c **** 
 405:../../Middlewares/Third_Party/LwIP/src/api/api_msg.c ****   if (conn) {
 406:../../Middlewares/Third_Party/LwIP/src/api/api_msg.c ****     if (conn->state == NETCONN_WRITE) {
 407:../../Middlewares/Third_Party/LwIP/src/api/api_msg.c ****       lwip_netconn_do_writemore(conn  WRITE_DELAYED);
 408:../../Middlewares/Third_Party/LwIP/src/api/api_msg.c ****     } else if (conn->state == NETCONN_CLOSE) {
ARM GAS  /var/folders/2r/mdtt8xvd351gdc398t28_m2m0000gn/T//ccI12eQw.s 			page 9


 409:../../Middlewares/Third_Party/LwIP/src/api/api_msg.c ****       lwip_netconn_do_close_internal(conn  WRITE_DELAYED);
 410:../../Middlewares/Third_Party/LwIP/src/api/api_msg.c ****     }
 411:../../Middlewares/Third_Party/LwIP/src/api/api_msg.c **** 
 412:../../Middlewares/Third_Party/LwIP/src/api/api_msg.c ****     /* If the queued byte- or pbuf-count drops below the configured low-water limit,
 413:../../Middlewares/Third_Party/LwIP/src/api/api_msg.c ****        let select mark this pcb as writable again. */
 414:../../Middlewares/Third_Party/LwIP/src/api/api_msg.c ****     if ((conn->pcb.tcp != NULL) && (tcp_sndbuf(conn->pcb.tcp) > TCP_SNDLOWAT) &&
 415:../../Middlewares/Third_Party/LwIP/src/api/api_msg.c ****         (tcp_sndqueuelen(conn->pcb.tcp) < TCP_SNDQUEUELOWAT)) {
 416:../../Middlewares/Third_Party/LwIP/src/api/api_msg.c ****       netconn_clear_flags(conn, NETCONN_FLAG_CHECK_WRITESPACE);
 417:../../Middlewares/Third_Party/LwIP/src/api/api_msg.c ****       API_EVENT(conn, NETCONN_EVT_SENDPLUS, len);
 418:../../Middlewares/Third_Party/LwIP/src/api/api_msg.c ****     }
 419:../../Middlewares/Third_Party/LwIP/src/api/api_msg.c ****   }
 420:../../Middlewares/Third_Party/LwIP/src/api/api_msg.c **** 
 421:../../Middlewares/Third_Party/LwIP/src/api/api_msg.c ****   return ERR_OK;
 422:../../Middlewares/Third_Party/LwIP/src/api/api_msg.c **** }
 423:../../Middlewares/Third_Party/LwIP/src/api/api_msg.c **** 
 424:../../Middlewares/Third_Party/LwIP/src/api/api_msg.c **** /**
 425:../../Middlewares/Third_Party/LwIP/src/api/api_msg.c ****  * Error callback function for TCP netconns.
 426:../../Middlewares/Third_Party/LwIP/src/api/api_msg.c ****  * Signals conn->sem, posts to all conn mboxes and calls API_EVENT.
 427:../../Middlewares/Third_Party/LwIP/src/api/api_msg.c ****  * The application thread has then to decide what to do.
 428:../../Middlewares/Third_Party/LwIP/src/api/api_msg.c ****  *
 429:../../Middlewares/Third_Party/LwIP/src/api/api_msg.c ****  * @see tcp.h (struct tcp_pcb.err) for parameters
 430:../../Middlewares/Third_Party/LwIP/src/api/api_msg.c ****  */
 431:../../Middlewares/Third_Party/LwIP/src/api/api_msg.c **** static void
 432:../../Middlewares/Third_Party/LwIP/src/api/api_msg.c **** err_tcp(void *arg, err_t err)
 433:../../Middlewares/Third_Party/LwIP/src/api/api_msg.c **** {
 434:../../Middlewares/Third_Party/LwIP/src/api/api_msg.c ****   struct netconn *conn;
 435:../../Middlewares/Third_Party/LwIP/src/api/api_msg.c ****   enum netconn_state old_state;
 436:../../Middlewares/Third_Party/LwIP/src/api/api_msg.c ****   void *mbox_msg;
 437:../../Middlewares/Third_Party/LwIP/src/api/api_msg.c ****   SYS_ARCH_DECL_PROTECT(lev);
 438:../../Middlewares/Third_Party/LwIP/src/api/api_msg.c **** 
 439:../../Middlewares/Third_Party/LwIP/src/api/api_msg.c ****   conn = (struct netconn *)arg;
 440:../../Middlewares/Third_Party/LwIP/src/api/api_msg.c ****   LWIP_ASSERT("conn != NULL", (conn != NULL));
 441:../../Middlewares/Third_Party/LwIP/src/api/api_msg.c **** 
 442:../../Middlewares/Third_Party/LwIP/src/api/api_msg.c ****   SYS_ARCH_PROTECT(lev);
 443:../../Middlewares/Third_Party/LwIP/src/api/api_msg.c **** 
 444:../../Middlewares/Third_Party/LwIP/src/api/api_msg.c ****   /* when err is called, the pcb is deallocated, so delete the reference */
 445:../../Middlewares/Third_Party/LwIP/src/api/api_msg.c ****   conn->pcb.tcp = NULL;
 446:../../Middlewares/Third_Party/LwIP/src/api/api_msg.c ****   /* store pending error */
 447:../../Middlewares/Third_Party/LwIP/src/api/api_msg.c ****   conn->pending_err = err;
 448:../../Middlewares/Third_Party/LwIP/src/api/api_msg.c ****   /* prevent application threads from blocking on 'recvmbox'/'acceptmbox' */
 449:../../Middlewares/Third_Party/LwIP/src/api/api_msg.c ****   conn->flags |= NETCONN_FLAG_MBOXCLOSED;
 450:../../Middlewares/Third_Party/LwIP/src/api/api_msg.c **** 
 451:../../Middlewares/Third_Party/LwIP/src/api/api_msg.c ****   /* reset conn->state now before waking up other threads */
 452:../../Middlewares/Third_Party/LwIP/src/api/api_msg.c ****   old_state = conn->state;
 453:../../Middlewares/Third_Party/LwIP/src/api/api_msg.c ****   conn->state = NETCONN_NONE;
 454:../../Middlewares/Third_Party/LwIP/src/api/api_msg.c **** 
 455:../../Middlewares/Third_Party/LwIP/src/api/api_msg.c ****   SYS_ARCH_UNPROTECT(lev);
 456:../../Middlewares/Third_Party/LwIP/src/api/api_msg.c **** 
 457:../../Middlewares/Third_Party/LwIP/src/api/api_msg.c ****   /* Notify the user layer about a connection error. Used to signal select. */
 458:../../Middlewares/Third_Party/LwIP/src/api/api_msg.c ****   API_EVENT(conn, NETCONN_EVT_ERROR, 0);
 459:../../Middlewares/Third_Party/LwIP/src/api/api_msg.c ****   /* Try to release selects pending on 'read' or 'write', too.
 460:../../Middlewares/Third_Party/LwIP/src/api/api_msg.c ****      They will get an error if they actually try to read or write. */
 461:../../Middlewares/Third_Party/LwIP/src/api/api_msg.c ****   API_EVENT(conn, NETCONN_EVT_RCVPLUS, 0);
 462:../../Middlewares/Third_Party/LwIP/src/api/api_msg.c ****   API_EVENT(conn, NETCONN_EVT_SENDPLUS, 0);
 463:../../Middlewares/Third_Party/LwIP/src/api/api_msg.c **** 
 464:../../Middlewares/Third_Party/LwIP/src/api/api_msg.c ****   mbox_msg = lwip_netconn_err_to_msg(err);
 465:../../Middlewares/Third_Party/LwIP/src/api/api_msg.c ****   /* pass error message to recvmbox to wake up pending recv */
ARM GAS  /var/folders/2r/mdtt8xvd351gdc398t28_m2m0000gn/T//ccI12eQw.s 			page 10


 466:../../Middlewares/Third_Party/LwIP/src/api/api_msg.c ****   if (NETCONN_MBOX_VALID(conn, &conn->recvmbox)) {
 467:../../Middlewares/Third_Party/LwIP/src/api/api_msg.c ****     /* use trypost to prevent deadlock */
 468:../../Middlewares/Third_Party/LwIP/src/api/api_msg.c ****     sys_mbox_trypost(&conn->recvmbox, mbox_msg);
 469:../../Middlewares/Third_Party/LwIP/src/api/api_msg.c ****   }
 470:../../Middlewares/Third_Party/LwIP/src/api/api_msg.c ****   /* pass error message to acceptmbox to wake up pending accept */
 471:../../Middlewares/Third_Party/LwIP/src/api/api_msg.c ****   if (NETCONN_MBOX_VALID(conn, &conn->acceptmbox)) {
 472:../../Middlewares/Third_Party/LwIP/src/api/api_msg.c ****     /* use trypost to preven deadlock */
 473:../../Middlewares/Third_Party/LwIP/src/api/api_msg.c ****     sys_mbox_trypost(&conn->acceptmbox, mbox_msg);
 474:../../Middlewares/Third_Party/LwIP/src/api/api_msg.c ****   }
 475:../../Middlewares/Third_Party/LwIP/src/api/api_msg.c **** 
 476:../../Middlewares/Third_Party/LwIP/src/api/api_msg.c ****   if ((old_state == NETCONN_WRITE) || (old_state == NETCONN_CLOSE) ||
 477:../../Middlewares/Third_Party/LwIP/src/api/api_msg.c ****       (old_state == NETCONN_CONNECT)) {
 478:../../Middlewares/Third_Party/LwIP/src/api/api_msg.c ****     /* calling lwip_netconn_do_writemore/lwip_netconn_do_close_internal is not necessary
 479:../../Middlewares/Third_Party/LwIP/src/api/api_msg.c ****        since the pcb has already been deleted! */
 480:../../Middlewares/Third_Party/LwIP/src/api/api_msg.c ****     int was_nonblocking_connect = IN_NONBLOCKING_CONNECT(conn);
 481:../../Middlewares/Third_Party/LwIP/src/api/api_msg.c ****     SET_NONBLOCKING_CONNECT(conn, 0);
 482:../../Middlewares/Third_Party/LwIP/src/api/api_msg.c **** 
 483:../../Middlewares/Third_Party/LwIP/src/api/api_msg.c ****     if (!was_nonblocking_connect) {
 484:../../Middlewares/Third_Party/LwIP/src/api/api_msg.c ****       sys_sem_t *op_completed_sem;
 485:../../Middlewares/Third_Party/LwIP/src/api/api_msg.c ****       /* set error return code */
 486:../../Middlewares/Third_Party/LwIP/src/api/api_msg.c ****       LWIP_ASSERT("conn->current_msg != NULL", conn->current_msg != NULL);
 487:../../Middlewares/Third_Party/LwIP/src/api/api_msg.c ****       if (old_state == NETCONN_CLOSE) {
 488:../../Middlewares/Third_Party/LwIP/src/api/api_msg.c ****         /* let close succeed: the connection is closed after all... */
 489:../../Middlewares/Third_Party/LwIP/src/api/api_msg.c ****         conn->current_msg->err = ERR_OK;
 490:../../Middlewares/Third_Party/LwIP/src/api/api_msg.c ****       } else {
 491:../../Middlewares/Third_Party/LwIP/src/api/api_msg.c ****         /* Write and connect fail */
 492:../../Middlewares/Third_Party/LwIP/src/api/api_msg.c ****         conn->current_msg->err = err;
 493:../../Middlewares/Third_Party/LwIP/src/api/api_msg.c ****       }
 494:../../Middlewares/Third_Party/LwIP/src/api/api_msg.c ****       op_completed_sem = LWIP_API_MSG_SEM(conn->current_msg);
 495:../../Middlewares/Third_Party/LwIP/src/api/api_msg.c ****       LWIP_ASSERT("inavlid op_completed_sem", sys_sem_valid(op_completed_sem));
 496:../../Middlewares/Third_Party/LwIP/src/api/api_msg.c ****       conn->current_msg = NULL;
 497:../../Middlewares/Third_Party/LwIP/src/api/api_msg.c ****       /* wake up the waiting task */
 498:../../Middlewares/Third_Party/LwIP/src/api/api_msg.c ****       sys_sem_signal(op_completed_sem);
 499:../../Middlewares/Third_Party/LwIP/src/api/api_msg.c ****     } else {
 500:../../Middlewares/Third_Party/LwIP/src/api/api_msg.c ****       /* @todo: test what happens for error on nonblocking connect */
 501:../../Middlewares/Third_Party/LwIP/src/api/api_msg.c ****     }
 502:../../Middlewares/Third_Party/LwIP/src/api/api_msg.c ****   } else {
 503:../../Middlewares/Third_Party/LwIP/src/api/api_msg.c ****     LWIP_ASSERT("conn->current_msg == NULL", conn->current_msg == NULL);
 504:../../Middlewares/Third_Party/LwIP/src/api/api_msg.c ****   }
 505:../../Middlewares/Third_Party/LwIP/src/api/api_msg.c **** }
 506:../../Middlewares/Third_Party/LwIP/src/api/api_msg.c **** 
 507:../../Middlewares/Third_Party/LwIP/src/api/api_msg.c **** /**
 508:../../Middlewares/Third_Party/LwIP/src/api/api_msg.c ****  * Setup a tcp_pcb with the correct callback function pointers
 509:../../Middlewares/Third_Party/LwIP/src/api/api_msg.c ****  * and their arguments.
 510:../../Middlewares/Third_Party/LwIP/src/api/api_msg.c ****  *
 511:../../Middlewares/Third_Party/LwIP/src/api/api_msg.c ****  * @param conn the TCP netconn to setup
 512:../../Middlewares/Third_Party/LwIP/src/api/api_msg.c ****  */
 513:../../Middlewares/Third_Party/LwIP/src/api/api_msg.c **** static void
 514:../../Middlewares/Third_Party/LwIP/src/api/api_msg.c **** setup_tcp(struct netconn *conn)
 515:../../Middlewares/Third_Party/LwIP/src/api/api_msg.c **** {
 516:../../Middlewares/Third_Party/LwIP/src/api/api_msg.c ****   struct tcp_pcb *pcb;
 517:../../Middlewares/Third_Party/LwIP/src/api/api_msg.c **** 
 518:../../Middlewares/Third_Party/LwIP/src/api/api_msg.c ****   pcb = conn->pcb.tcp;
 519:../../Middlewares/Third_Party/LwIP/src/api/api_msg.c ****   tcp_arg(pcb, conn);
 520:../../Middlewares/Third_Party/LwIP/src/api/api_msg.c ****   tcp_recv(pcb, recv_tcp);
 521:../../Middlewares/Third_Party/LwIP/src/api/api_msg.c ****   tcp_sent(pcb, sent_tcp);
 522:../../Middlewares/Third_Party/LwIP/src/api/api_msg.c ****   tcp_poll(pcb, poll_tcp, NETCONN_TCP_POLL_INTERVAL);
ARM GAS  /var/folders/2r/mdtt8xvd351gdc398t28_m2m0000gn/T//ccI12eQw.s 			page 11


 523:../../Middlewares/Third_Party/LwIP/src/api/api_msg.c ****   tcp_err(pcb, err_tcp);
 524:../../Middlewares/Third_Party/LwIP/src/api/api_msg.c **** }
 525:../../Middlewares/Third_Party/LwIP/src/api/api_msg.c **** 
 526:../../Middlewares/Third_Party/LwIP/src/api/api_msg.c **** /**
 527:../../Middlewares/Third_Party/LwIP/src/api/api_msg.c ****  * Accept callback function for TCP netconns.
 528:../../Middlewares/Third_Party/LwIP/src/api/api_msg.c ****  * Allocates a new netconn and posts that to conn->acceptmbox.
 529:../../Middlewares/Third_Party/LwIP/src/api/api_msg.c ****  *
 530:../../Middlewares/Third_Party/LwIP/src/api/api_msg.c ****  * @see tcp.h (struct tcp_pcb_listen.accept) for parameters and return value
 531:../../Middlewares/Third_Party/LwIP/src/api/api_msg.c ****  */
 532:../../Middlewares/Third_Party/LwIP/src/api/api_msg.c **** static err_t
 533:../../Middlewares/Third_Party/LwIP/src/api/api_msg.c **** accept_function(void *arg, struct tcp_pcb *newpcb, err_t err)
 534:../../Middlewares/Third_Party/LwIP/src/api/api_msg.c **** {
 535:../../Middlewares/Third_Party/LwIP/src/api/api_msg.c ****   struct netconn *newconn;
 536:../../Middlewares/Third_Party/LwIP/src/api/api_msg.c ****   struct netconn *conn = (struct netconn *)arg;
 537:../../Middlewares/Third_Party/LwIP/src/api/api_msg.c **** 
 538:../../Middlewares/Third_Party/LwIP/src/api/api_msg.c ****   if (conn == NULL) {
 539:../../Middlewares/Third_Party/LwIP/src/api/api_msg.c ****     return ERR_VAL;
 540:../../Middlewares/Third_Party/LwIP/src/api/api_msg.c ****   }
 541:../../Middlewares/Third_Party/LwIP/src/api/api_msg.c ****   if (!NETCONN_MBOX_VALID(conn, &conn->acceptmbox)) {
 542:../../Middlewares/Third_Party/LwIP/src/api/api_msg.c ****     LWIP_DEBUGF(API_MSG_DEBUG, ("accept_function: acceptmbox already deleted\n"));
 543:../../Middlewares/Third_Party/LwIP/src/api/api_msg.c ****     return ERR_VAL;
 544:../../Middlewares/Third_Party/LwIP/src/api/api_msg.c ****   }
 545:../../Middlewares/Third_Party/LwIP/src/api/api_msg.c **** 
 546:../../Middlewares/Third_Party/LwIP/src/api/api_msg.c ****   if (newpcb == NULL) {
 547:../../Middlewares/Third_Party/LwIP/src/api/api_msg.c ****     /* out-of-pcbs during connect: pass on this error to the application */
 548:../../Middlewares/Third_Party/LwIP/src/api/api_msg.c ****     if (sys_mbox_trypost(&conn->acceptmbox, lwip_netconn_err_to_msg(ERR_ABRT)) == ERR_OK) {
 549:../../Middlewares/Third_Party/LwIP/src/api/api_msg.c ****       /* Register event with callback */
 550:../../Middlewares/Third_Party/LwIP/src/api/api_msg.c ****       API_EVENT(conn, NETCONN_EVT_RCVPLUS, 0);
 551:../../Middlewares/Third_Party/LwIP/src/api/api_msg.c ****     }
 552:../../Middlewares/Third_Party/LwIP/src/api/api_msg.c ****     return ERR_VAL;
 553:../../Middlewares/Third_Party/LwIP/src/api/api_msg.c ****   }
 554:../../Middlewares/Third_Party/LwIP/src/api/api_msg.c ****   LWIP_ASSERT("expect newpcb == NULL or err == ERR_OK", err == ERR_OK);
 555:../../Middlewares/Third_Party/LwIP/src/api/api_msg.c ****   LWIP_UNUSED_ARG(err); /* for LWIP_NOASSERT */
 556:../../Middlewares/Third_Party/LwIP/src/api/api_msg.c **** 
 557:../../Middlewares/Third_Party/LwIP/src/api/api_msg.c ****   LWIP_DEBUGF(API_MSG_DEBUG, ("accept_function: newpcb->state: %s\n", tcp_debug_state_str(newpcb->s
 558:../../Middlewares/Third_Party/LwIP/src/api/api_msg.c **** 
 559:../../Middlewares/Third_Party/LwIP/src/api/api_msg.c ****   /* We have to set the callback here even though
 560:../../Middlewares/Third_Party/LwIP/src/api/api_msg.c ****    * the new socket is unknown. newconn->socket is marked as -1. */
 561:../../Middlewares/Third_Party/LwIP/src/api/api_msg.c ****   newconn = netconn_alloc(conn->type, conn->callback);
 562:../../Middlewares/Third_Party/LwIP/src/api/api_msg.c ****   if (newconn == NULL) {
 563:../../Middlewares/Third_Party/LwIP/src/api/api_msg.c ****     /* outof netconns: pass on this error to the application */
 564:../../Middlewares/Third_Party/LwIP/src/api/api_msg.c ****     if (sys_mbox_trypost(&conn->acceptmbox, lwip_netconn_err_to_msg(ERR_ABRT)) == ERR_OK) {
 565:../../Middlewares/Third_Party/LwIP/src/api/api_msg.c ****       /* Register event with callback */
 566:../../Middlewares/Third_Party/LwIP/src/api/api_msg.c ****       API_EVENT(conn, NETCONN_EVT_RCVPLUS, 0);
 567:../../Middlewares/Third_Party/LwIP/src/api/api_msg.c ****     }
 568:../../Middlewares/Third_Party/LwIP/src/api/api_msg.c ****     return ERR_MEM;
 569:../../Middlewares/Third_Party/LwIP/src/api/api_msg.c ****   }
 570:../../Middlewares/Third_Party/LwIP/src/api/api_msg.c ****   newconn->pcb.tcp = newpcb;
 571:../../Middlewares/Third_Party/LwIP/src/api/api_msg.c ****   setup_tcp(newconn);
 572:../../Middlewares/Third_Party/LwIP/src/api/api_msg.c **** 
 573:../../Middlewares/Third_Party/LwIP/src/api/api_msg.c ****   /* handle backlog counter */
 574:../../Middlewares/Third_Party/LwIP/src/api/api_msg.c ****   tcp_backlog_delayed(newpcb);
 575:../../Middlewares/Third_Party/LwIP/src/api/api_msg.c **** 
 576:../../Middlewares/Third_Party/LwIP/src/api/api_msg.c ****   if (sys_mbox_trypost(&conn->acceptmbox, newconn) != ERR_OK) {
 577:../../Middlewares/Third_Party/LwIP/src/api/api_msg.c ****     /* When returning != ERR_OK, the pcb is aborted in tcp_process(),
 578:../../Middlewares/Third_Party/LwIP/src/api/api_msg.c ****        so do nothing here! */
 579:../../Middlewares/Third_Party/LwIP/src/api/api_msg.c ****     /* remove all references to this netconn from the pcb */
ARM GAS  /var/folders/2r/mdtt8xvd351gdc398t28_m2m0000gn/T//ccI12eQw.s 			page 12


 580:../../Middlewares/Third_Party/LwIP/src/api/api_msg.c ****     struct tcp_pcb *pcb = newconn->pcb.tcp;
 581:../../Middlewares/Third_Party/LwIP/src/api/api_msg.c ****     tcp_arg(pcb, NULL);
 582:../../Middlewares/Third_Party/LwIP/src/api/api_msg.c ****     tcp_recv(pcb, NULL);
 583:../../Middlewares/Third_Party/LwIP/src/api/api_msg.c ****     tcp_sent(pcb, NULL);
 584:../../Middlewares/Third_Party/LwIP/src/api/api_msg.c ****     tcp_poll(pcb, NULL, 0);
 585:../../Middlewares/Third_Party/LwIP/src/api/api_msg.c ****     tcp_err(pcb, NULL);
 586:../../Middlewares/Third_Party/LwIP/src/api/api_msg.c ****     /* remove reference from to the pcb from this netconn */
 587:../../Middlewares/Third_Party/LwIP/src/api/api_msg.c ****     newconn->pcb.tcp = NULL;
 588:../../Middlewares/Third_Party/LwIP/src/api/api_msg.c ****     /* no need to drain since we know the recvmbox is empty. */
 589:../../Middlewares/Third_Party/LwIP/src/api/api_msg.c ****     sys_mbox_free(&newconn->recvmbox);
 590:../../Middlewares/Third_Party/LwIP/src/api/api_msg.c ****     sys_mbox_set_invalid(&newconn->recvmbox);
 591:../../Middlewares/Third_Party/LwIP/src/api/api_msg.c ****     netconn_free(newconn);
 592:../../Middlewares/Third_Party/LwIP/src/api/api_msg.c ****     return ERR_MEM;
 593:../../Middlewares/Third_Party/LwIP/src/api/api_msg.c ****   } else {
 594:../../Middlewares/Third_Party/LwIP/src/api/api_msg.c ****     /* Register event with callback */
 595:../../Middlewares/Third_Party/LwIP/src/api/api_msg.c ****     API_EVENT(conn, NETCONN_EVT_RCVPLUS, 0);
 596:../../Middlewares/Third_Party/LwIP/src/api/api_msg.c ****   }
 597:../../Middlewares/Third_Party/LwIP/src/api/api_msg.c **** 
 598:../../Middlewares/Third_Party/LwIP/src/api/api_msg.c ****   return ERR_OK;
 599:../../Middlewares/Third_Party/LwIP/src/api/api_msg.c **** }
 600:../../Middlewares/Third_Party/LwIP/src/api/api_msg.c **** #endif /* LWIP_TCP */
 601:../../Middlewares/Third_Party/LwIP/src/api/api_msg.c **** 
 602:../../Middlewares/Third_Party/LwIP/src/api/api_msg.c **** /**
 603:../../Middlewares/Third_Party/LwIP/src/api/api_msg.c ****  * Create a new pcb of a specific type.
 604:../../Middlewares/Third_Party/LwIP/src/api/api_msg.c ****  * Called from lwip_netconn_do_newconn().
 605:../../Middlewares/Third_Party/LwIP/src/api/api_msg.c ****  *
 606:../../Middlewares/Third_Party/LwIP/src/api/api_msg.c ****  * @param msg the api_msg describing the connection type
 607:../../Middlewares/Third_Party/LwIP/src/api/api_msg.c ****  */
 608:../../Middlewares/Third_Party/LwIP/src/api/api_msg.c **** static void
 609:../../Middlewares/Third_Party/LwIP/src/api/api_msg.c **** pcb_new(struct api_msg *msg)
 610:../../Middlewares/Third_Party/LwIP/src/api/api_msg.c **** {
  38              		.loc 1 610 1 view -0
  39              		.cfi_startproc
  40              		@ args = 0, pretend = 0, frame = 0
  41              		@ frame_needed = 0, uses_anonymous_args = 0
  42              		.loc 1 610 1 is_stmt 0 view .LVU1
  43 0000 38B5     		push	{r3, r4, r5, lr}
  44              	.LCFI0:
  45              		.cfi_def_cfa_offset 16
  46              		.cfi_offset 3, -16
  47              		.cfi_offset 4, -12
  48              		.cfi_offset 5, -8
  49              		.cfi_offset 14, -4
  50 0002 0446     		mov	r4, r0
 611:../../Middlewares/Third_Party/LwIP/src/api/api_msg.c ****   enum lwip_ip_addr_type iptype = IPADDR_TYPE_V4;
  51              		.loc 1 611 3 is_stmt 1 view .LVU2
  52              	.LVL1:
 612:../../Middlewares/Third_Party/LwIP/src/api/api_msg.c **** 
 613:../../Middlewares/Third_Party/LwIP/src/api/api_msg.c ****   LWIP_ASSERT("pcb_new: pcb already allocated", msg->conn->pcb.tcp == NULL);
  53              		.loc 1 613 3 view .LVU3
  54              		.loc 1 613 3 view .LVU4
  55 0004 0368     		ldr	r3, [r0]
  56 0006 5B68     		ldr	r3, [r3, #4]
  57 0008 33B1     		cbz	r3, .L2
  58              		.loc 1 613 3 discriminator 1 view .LVU5
  59              		.loc 1 613 3 discriminator 1 view .LVU6
  60 000a 144B     		ldr	r3, .L10
ARM GAS  /var/folders/2r/mdtt8xvd351gdc398t28_m2m0000gn/T//ccI12eQw.s 			page 13


  61 000c 40F26522 		movw	r2, #613
  62 0010 1349     		ldr	r1, .L10+4
  63 0012 1448     		ldr	r0, .L10+8
  64              	.LVL2:
  65              		.loc 1 613 3 is_stmt 0 discriminator 1 view .LVU7
  66 0014 FFF7FEFF 		bl	printf
  67              	.LVL3:
  68              	.L2:
  69              		.loc 1 613 3 is_stmt 1 view .LVU8
  70              		.loc 1 613 3 view .LVU9
 614:../../Middlewares/Third_Party/LwIP/src/api/api_msg.c **** 
 615:../../Middlewares/Third_Party/LwIP/src/api/api_msg.c **** #if LWIP_IPV6 && LWIP_IPV4
 616:../../Middlewares/Third_Party/LwIP/src/api/api_msg.c ****   /* IPv6: Dual-stack by default, unless netconn_set_ipv6only() is called */
 617:../../Middlewares/Third_Party/LwIP/src/api/api_msg.c ****   if (NETCONNTYPE_ISIPV6(netconn_type(msg->conn))) {
 618:../../Middlewares/Third_Party/LwIP/src/api/api_msg.c ****     iptype = IPADDR_TYPE_ANY;
 619:../../Middlewares/Third_Party/LwIP/src/api/api_msg.c ****   }
 620:../../Middlewares/Third_Party/LwIP/src/api/api_msg.c **** #endif
 621:../../Middlewares/Third_Party/LwIP/src/api/api_msg.c **** 
 622:../../Middlewares/Third_Party/LwIP/src/api/api_msg.c ****   /* Allocate a PCB for this connection */
 623:../../Middlewares/Third_Party/LwIP/src/api/api_msg.c ****   switch (NETCONNTYPE_GROUP(msg->conn->type)) {
  71              		.loc 1 623 3 view .LVU10
  72              		.loc 1 623 11 is_stmt 0 view .LVU11
  73 0018 2568     		ldr	r5, [r4]
  74 001a 2B78     		ldrb	r3, [r5]	@ zero_extendqisi2
  75              		.loc 1 623 3 view .LVU12
  76 001c 03F0F003 		and	r3, r3, #240
  77 0020 202B     		cmp	r3, #32
  78 0022 02D0     		beq	.L8
 624:../../Middlewares/Third_Party/LwIP/src/api/api_msg.c **** #if LWIP_RAW
 625:../../Middlewares/Third_Party/LwIP/src/api/api_msg.c ****     case NETCONN_RAW:
 626:../../Middlewares/Third_Party/LwIP/src/api/api_msg.c ****       msg->conn->pcb.raw = raw_new_ip_type(iptype, msg->msg.n.proto);
 627:../../Middlewares/Third_Party/LwIP/src/api/api_msg.c ****       if (msg->conn->pcb.raw != NULL) {
 628:../../Middlewares/Third_Party/LwIP/src/api/api_msg.c **** #if LWIP_IPV6
 629:../../Middlewares/Third_Party/LwIP/src/api/api_msg.c ****         /* ICMPv6 packets should always have checksum calculated by the stack as per RFC 3542 chapt
 630:../../Middlewares/Third_Party/LwIP/src/api/api_msg.c ****         if (NETCONNTYPE_ISIPV6(msg->conn->type) && msg->conn->pcb.raw->protocol == IP6_NEXTH_ICMP6)
 631:../../Middlewares/Third_Party/LwIP/src/api/api_msg.c ****           msg->conn->pcb.raw->chksum_reqd = 1;
 632:../../Middlewares/Third_Party/LwIP/src/api/api_msg.c ****           msg->conn->pcb.raw->chksum_offset = 2;
 633:../../Middlewares/Third_Party/LwIP/src/api/api_msg.c ****         }
 634:../../Middlewares/Third_Party/LwIP/src/api/api_msg.c **** #endif /* LWIP_IPV6 */
 635:../../Middlewares/Third_Party/LwIP/src/api/api_msg.c ****         raw_recv(msg->conn->pcb.raw, recv_raw, msg->conn);
 636:../../Middlewares/Third_Party/LwIP/src/api/api_msg.c ****       }
 637:../../Middlewares/Third_Party/LwIP/src/api/api_msg.c ****       break;
 638:../../Middlewares/Third_Party/LwIP/src/api/api_msg.c **** #endif /* LWIP_RAW */
 639:../../Middlewares/Third_Party/LwIP/src/api/api_msg.c **** #if LWIP_UDP
 640:../../Middlewares/Third_Party/LwIP/src/api/api_msg.c ****     case NETCONN_UDP:
 641:../../Middlewares/Third_Party/LwIP/src/api/api_msg.c ****       msg->conn->pcb.udp = udp_new_ip_type(iptype);
 642:../../Middlewares/Third_Party/LwIP/src/api/api_msg.c ****       if (msg->conn->pcb.udp != NULL) {
 643:../../Middlewares/Third_Party/LwIP/src/api/api_msg.c **** #if LWIP_UDPLITE
 644:../../Middlewares/Third_Party/LwIP/src/api/api_msg.c ****         if (NETCONNTYPE_ISUDPLITE(msg->conn->type)) {
 645:../../Middlewares/Third_Party/LwIP/src/api/api_msg.c ****           udp_setflags(msg->conn->pcb.udp, UDP_FLAGS_UDPLITE);
 646:../../Middlewares/Third_Party/LwIP/src/api/api_msg.c ****         }
 647:../../Middlewares/Third_Party/LwIP/src/api/api_msg.c **** #endif /* LWIP_UDPLITE */
 648:../../Middlewares/Third_Party/LwIP/src/api/api_msg.c ****         if (NETCONNTYPE_ISUDPNOCHKSUM(msg->conn->type)) {
 649:../../Middlewares/Third_Party/LwIP/src/api/api_msg.c ****           udp_setflags(msg->conn->pcb.udp, UDP_FLAGS_NOCHKSUM);
 650:../../Middlewares/Third_Party/LwIP/src/api/api_msg.c ****         }
 651:../../Middlewares/Third_Party/LwIP/src/api/api_msg.c ****         udp_recv(msg->conn->pcb.udp, recv_udp, msg->conn);
 652:../../Middlewares/Third_Party/LwIP/src/api/api_msg.c ****       }
ARM GAS  /var/folders/2r/mdtt8xvd351gdc398t28_m2m0000gn/T//ccI12eQw.s 			page 14


 653:../../Middlewares/Third_Party/LwIP/src/api/api_msg.c ****       break;
 654:../../Middlewares/Third_Party/LwIP/src/api/api_msg.c **** #endif /* LWIP_UDP */
 655:../../Middlewares/Third_Party/LwIP/src/api/api_msg.c **** #if LWIP_TCP
 656:../../Middlewares/Third_Party/LwIP/src/api/api_msg.c ****     case NETCONN_TCP:
 657:../../Middlewares/Third_Party/LwIP/src/api/api_msg.c ****       msg->conn->pcb.tcp = tcp_new_ip_type(iptype);
 658:../../Middlewares/Third_Party/LwIP/src/api/api_msg.c ****       if (msg->conn->pcb.tcp != NULL) {
 659:../../Middlewares/Third_Party/LwIP/src/api/api_msg.c ****         setup_tcp(msg->conn);
 660:../../Middlewares/Third_Party/LwIP/src/api/api_msg.c ****       }
 661:../../Middlewares/Third_Party/LwIP/src/api/api_msg.c ****       break;
 662:../../Middlewares/Third_Party/LwIP/src/api/api_msg.c **** #endif /* LWIP_TCP */
 663:../../Middlewares/Third_Party/LwIP/src/api/api_msg.c ****     default:
 664:../../Middlewares/Third_Party/LwIP/src/api/api_msg.c ****       /* Unsupported netconn type, e.g. protocol disabled */
 665:../../Middlewares/Third_Party/LwIP/src/api/api_msg.c ****       msg->err = ERR_VAL;
  79              		.loc 1 665 7 is_stmt 1 view .LVU13
  80              		.loc 1 665 16 is_stmt 0 view .LVU14
  81 0024 FA23     		movs	r3, #250
  82 0026 2371     		strb	r3, [r4, #4]
 666:../../Middlewares/Third_Party/LwIP/src/api/api_msg.c ****       return;
  83              		.loc 1 666 7 is_stmt 1 view .LVU15
  84              	.L1:
 667:../../Middlewares/Third_Party/LwIP/src/api/api_msg.c ****   }
 668:../../Middlewares/Third_Party/LwIP/src/api/api_msg.c ****   if (msg->conn->pcb.ip == NULL) {
 669:../../Middlewares/Third_Party/LwIP/src/api/api_msg.c ****     msg->err = ERR_MEM;
 670:../../Middlewares/Third_Party/LwIP/src/api/api_msg.c ****   }
 671:../../Middlewares/Third_Party/LwIP/src/api/api_msg.c **** }
  85              		.loc 1 671 1 is_stmt 0 view .LVU16
  86 0028 38BD     		pop	{r3, r4, r5, pc}
  87              	.LVL4:
  88              	.L8:
 641:../../Middlewares/Third_Party/LwIP/src/api/api_msg.c ****       if (msg->conn->pcb.udp != NULL) {
  89              		.loc 1 641 7 is_stmt 1 view .LVU17
 641:../../Middlewares/Third_Party/LwIP/src/api/api_msg.c ****       if (msg->conn->pcb.udp != NULL) {
  90              		.loc 1 641 28 is_stmt 0 view .LVU18
  91 002a 0020     		movs	r0, #0
  92 002c FFF7FEFF 		bl	udp_new_ip_type
  93              	.LVL5:
 641:../../Middlewares/Third_Party/LwIP/src/api/api_msg.c ****       if (msg->conn->pcb.udp != NULL) {
  94              		.loc 1 641 26 discriminator 1 view .LVU19
  95 0030 6860     		str	r0, [r5, #4]
 642:../../Middlewares/Third_Party/LwIP/src/api/api_msg.c **** #if LWIP_UDPLITE
  96              		.loc 1 642 7 is_stmt 1 view .LVU20
 642:../../Middlewares/Third_Party/LwIP/src/api/api_msg.c **** #if LWIP_UDPLITE
  97              		.loc 1 642 14 is_stmt 0 view .LVU21
  98 0032 2368     		ldr	r3, [r4]
 642:../../Middlewares/Third_Party/LwIP/src/api/api_msg.c **** #if LWIP_UDPLITE
  99              		.loc 1 642 25 view .LVU22
 100 0034 5A68     		ldr	r2, [r3, #4]
 642:../../Middlewares/Third_Party/LwIP/src/api/api_msg.c **** #if LWIP_UDPLITE
 101              		.loc 1 642 10 view .LVU23
 102 0036 3AB1     		cbz	r2, .L4
 648:../../Middlewares/Third_Party/LwIP/src/api/api_msg.c ****           udp_setflags(msg->conn->pcb.udp, UDP_FLAGS_NOCHKSUM);
 103              		.loc 1 648 9 is_stmt 1 view .LVU24
 648:../../Middlewares/Third_Party/LwIP/src/api/api_msg.c ****           udp_setflags(msg->conn->pcb.udp, UDP_FLAGS_NOCHKSUM);
 104              		.loc 1 648 13 is_stmt 0 view .LVU25
 105 0038 1B78     		ldrb	r3, [r3]	@ zero_extendqisi2
 648:../../Middlewares/Third_Party/LwIP/src/api/api_msg.c ****           udp_setflags(msg->conn->pcb.udp, UDP_FLAGS_NOCHKSUM);
 106              		.loc 1 648 12 view .LVU26
ARM GAS  /var/folders/2r/mdtt8xvd351gdc398t28_m2m0000gn/T//ccI12eQw.s 			page 15


 107 003a 222B     		cmp	r3, #34
 108 003c 0BD0     		beq	.L9
 109              	.L5:
 651:../../Middlewares/Third_Party/LwIP/src/api/api_msg.c ****       }
 110              		.loc 1 651 9 is_stmt 1 view .LVU27
 651:../../Middlewares/Third_Party/LwIP/src/api/api_msg.c ****       }
 111              		.loc 1 651 21 is_stmt 0 view .LVU28
 112 003e 2268     		ldr	r2, [r4]
 651:../../Middlewares/Third_Party/LwIP/src/api/api_msg.c ****       }
 113              		.loc 1 651 9 view .LVU29
 114 0040 0949     		ldr	r1, .L10+12
 115 0042 5068     		ldr	r0, [r2, #4]
 116 0044 FFF7FEFF 		bl	udp_recv
 117              	.LVL6:
 118              	.L4:
 653:../../Middlewares/Third_Party/LwIP/src/api/api_msg.c **** #endif /* LWIP_UDP */
 119              		.loc 1 653 7 is_stmt 1 view .LVU30
 668:../../Middlewares/Third_Party/LwIP/src/api/api_msg.c ****     msg->err = ERR_MEM;
 120              		.loc 1 668 3 view .LVU31
 668:../../Middlewares/Third_Party/LwIP/src/api/api_msg.c ****     msg->err = ERR_MEM;
 121              		.loc 1 668 10 is_stmt 0 view .LVU32
 122 0048 2368     		ldr	r3, [r4]
 668:../../Middlewares/Third_Party/LwIP/src/api/api_msg.c ****     msg->err = ERR_MEM;
 123              		.loc 1 668 21 view .LVU33
 124 004a 5B68     		ldr	r3, [r3, #4]
 668:../../Middlewares/Third_Party/LwIP/src/api/api_msg.c ****     msg->err = ERR_MEM;
 125              		.loc 1 668 6 view .LVU34
 126 004c 002B     		cmp	r3, #0
 127 004e EBD1     		bne	.L1
 669:../../Middlewares/Third_Party/LwIP/src/api/api_msg.c ****   }
 128              		.loc 1 669 5 is_stmt 1 view .LVU35
 669:../../Middlewares/Third_Party/LwIP/src/api/api_msg.c ****   }
 129              		.loc 1 669 14 is_stmt 0 view .LVU36
 130 0050 FF23     		movs	r3, #255
 131 0052 2371     		strb	r3, [r4, #4]
 132 0054 E8E7     		b	.L1
 133              	.L9:
 649:../../Middlewares/Third_Party/LwIP/src/api/api_msg.c ****         }
 134              		.loc 1 649 11 is_stmt 1 view .LVU37
 135 0056 0123     		movs	r3, #1
 136 0058 1374     		strb	r3, [r2, #16]
 137 005a F0E7     		b	.L5
 138              	.L11:
 139              		.align	2
 140              	.L10:
 141 005c 00000000 		.word	.LC0
 142 0060 38000000 		.word	.LC1
 143 0064 58000000 		.word	.LC2
 144 0068 00000000 		.word	recv_udp
 145              		.cfi_endproc
 146              	.LFE175:
 148              		.section	.rodata.recv_udp.str1.4,"aMS",%progbits,1
 149              		.align	2
 150              	.LC3:
 151 0000 72656376 		.ascii	"recv_udp must have a pcb argument\000"
 151      5F756470 
 151      206D7573 
ARM GAS  /var/folders/2r/mdtt8xvd351gdc398t28_m2m0000gn/T//ccI12eQw.s 			page 16


 151      74206861 
 151      76652061 
 152 0022 0000     		.align	2
 153              	.LC4:
 154 0024 72656376 		.ascii	"recv_udp must have an argument\000"
 154      5F756470 
 154      206D7573 
 154      74206861 
 154      76652061 
 155 0043 00       		.align	2
 156              	.LC5:
 157 0044 72656376 		.ascii	"recv_udp: recv for wrong pcb!\000"
 157      5F756470 
 157      3A207265 
 157      63762066 
 157      6F722077 
 158              		.section	.text.recv_udp,"ax",%progbits
 159              		.align	1
 160              		.syntax unified
 161              		.thumb
 162              		.thumb_func
 164              	recv_udp:
 165              	.LVL7:
 166              	.LFB174:
 220:../../Middlewares/Third_Party/LwIP/src/api/api_msg.c ****   struct netbuf *buf;
 167              		.loc 1 220 1 view -0
 168              		.cfi_startproc
 169              		@ args = 4, pretend = 0, frame = 0
 170              		@ frame_needed = 0, uses_anonymous_args = 0
 220:../../Middlewares/Third_Party/LwIP/src/api/api_msg.c ****   struct netbuf *buf;
 171              		.loc 1 220 1 is_stmt 0 view .LVU39
 172 0000 2DE9F041 		push	{r4, r5, r6, r7, r8, lr}
 173              	.LCFI1:
 174              		.cfi_def_cfa_offset 24
 175              		.cfi_offset 4, -24
 176              		.cfi_offset 5, -20
 177              		.cfi_offset 6, -16
 178              		.cfi_offset 7, -12
 179              		.cfi_offset 8, -8
 180              		.cfi_offset 14, -4
 181 0004 0446     		mov	r4, r0
 182 0006 1546     		mov	r5, r2
 183 0008 9846     		mov	r8, r3
 221:../../Middlewares/Third_Party/LwIP/src/api/api_msg.c ****   struct netconn *conn;
 184              		.loc 1 221 3 is_stmt 1 view .LVU40
 222:../../Middlewares/Third_Party/LwIP/src/api/api_msg.c ****   u16_t len;
 185              		.loc 1 222 3 view .LVU41
 223:../../Middlewares/Third_Party/LwIP/src/api/api_msg.c **** #if LWIP_SO_RCVBUF
 186              		.loc 1 223 3 view .LVU42
 228:../../Middlewares/Third_Party/LwIP/src/api/api_msg.c ****   LWIP_ASSERT("recv_udp must have a pcb argument", pcb != NULL);
 187              		.loc 1 228 3 view .LVU43
 229:../../Middlewares/Third_Party/LwIP/src/api/api_msg.c ****   LWIP_ASSERT("recv_udp must have an argument", arg != NULL);
 188              		.loc 1 229 3 view .LVU44
 229:../../Middlewares/Third_Party/LwIP/src/api/api_msg.c ****   LWIP_ASSERT("recv_udp must have an argument", arg != NULL);
 189              		.loc 1 229 3 view .LVU45
 190 000a 0E46     		mov	r6, r1
 191 000c 69B3     		cbz	r1, .L24
ARM GAS  /var/folders/2r/mdtt8xvd351gdc398t28_m2m0000gn/T//ccI12eQw.s 			page 17


 192              	.LVL8:
 193              	.L13:
 229:../../Middlewares/Third_Party/LwIP/src/api/api_msg.c ****   LWIP_ASSERT("recv_udp must have an argument", arg != NULL);
 194              		.loc 1 229 3 view .LVU46
 229:../../Middlewares/Third_Party/LwIP/src/api/api_msg.c ****   LWIP_ASSERT("recv_udp must have an argument", arg != NULL);
 195              		.loc 1 229 3 view .LVU47
 230:../../Middlewares/Third_Party/LwIP/src/api/api_msg.c ****   conn = (struct netconn *)arg;
 196              		.loc 1 230 3 view .LVU48
 230:../../Middlewares/Third_Party/LwIP/src/api/api_msg.c ****   conn = (struct netconn *)arg;
 197              		.loc 1 230 3 view .LVU49
 198 000e 002C     		cmp	r4, #0
 199 0010 32D0     		beq	.L14
 230:../../Middlewares/Third_Party/LwIP/src/api/api_msg.c ****   conn = (struct netconn *)arg;
 200              		.loc 1 230 3 view .LVU50
 230:../../Middlewares/Third_Party/LwIP/src/api/api_msg.c ****   conn = (struct netconn *)arg;
 201              		.loc 1 230 3 view .LVU51
 231:../../Middlewares/Third_Party/LwIP/src/api/api_msg.c **** 
 202              		.loc 1 231 3 view .LVU52
 203              	.LVL9:
 233:../../Middlewares/Third_Party/LwIP/src/api/api_msg.c ****     pbuf_free(p);
 204              		.loc 1 233 3 view .LVU53
 238:../../Middlewares/Third_Party/LwIP/src/api/api_msg.c **** 
 205              		.loc 1 238 3 view .LVU54
 238:../../Middlewares/Third_Party/LwIP/src/api/api_msg.c **** 
 206              		.loc 1 238 3 view .LVU55
 207 0012 6368     		ldr	r3, [r4, #4]
 208 0014 B342     		cmp	r3, r6
 209 0016 05D0     		beq	.L16
 238:../../Middlewares/Third_Party/LwIP/src/api/api_msg.c **** 
 210              		.loc 1 238 3 discriminator 1 view .LVU56
 238:../../Middlewares/Third_Party/LwIP/src/api/api_msg.c **** 
 211              		.loc 1 238 3 discriminator 1 view .LVU57
 212 0018 244B     		ldr	r3, .L28
 213 001a EE22     		movs	r2, #238
 214 001c 2449     		ldr	r1, .L28+4
 215 001e 2548     		ldr	r0, .L28+8
 216 0020 FFF7FEFF 		bl	printf
 217              	.LVL10:
 218              	.L16:
 238:../../Middlewares/Third_Party/LwIP/src/api/api_msg.c **** 
 219              		.loc 1 238 3 view .LVU58
 238:../../Middlewares/Third_Party/LwIP/src/api/api_msg.c **** 
 220              		.loc 1 238 3 view .LVU59
 245:../../Middlewares/Third_Party/LwIP/src/api/api_msg.c **** #endif /* LWIP_SO_RCVBUF */
 221              		.loc 1 245 3 view .LVU60
 245:../../Middlewares/Third_Party/LwIP/src/api/api_msg.c **** #endif /* LWIP_SO_RCVBUF */
 222              		.loc 1 245 8 is_stmt 0 view .LVU61
 223 0024 04F11007 		add	r7, r4, #16
 224 0028 3846     		mov	r0, r7
 225 002a FFF7FEFF 		bl	sys_mbox_valid
 226              	.LVL11:
 245:../../Middlewares/Third_Party/LwIP/src/api/api_msg.c **** #endif /* LWIP_SO_RCVBUF */
 227              		.loc 1 245 6 discriminator 1 view .LVU62
 228 002e 68B3     		cbz	r0, .L25
 251:../../Middlewares/Third_Party/LwIP/src/api/api_msg.c ****   if (buf == NULL) {
 229              		.loc 1 251 3 is_stmt 1 view .LVU63
 251:../../Middlewares/Third_Party/LwIP/src/api/api_msg.c ****   if (buf == NULL) {
ARM GAS  /var/folders/2r/mdtt8xvd351gdc398t28_m2m0000gn/T//ccI12eQw.s 			page 18


 230              		.loc 1 251 26 is_stmt 0 view .LVU64
 231 0030 0320     		movs	r0, #3
 232 0032 FFF7FEFF 		bl	memp_malloc
 233              	.LVL12:
 252:../../Middlewares/Third_Party/LwIP/src/api/api_msg.c ****     pbuf_free(p);
 234              		.loc 1 252 3 is_stmt 1 view .LVU65
 252:../../Middlewares/Third_Party/LwIP/src/api/api_msg.c ****     pbuf_free(p);
 235              		.loc 1 252 6 is_stmt 0 view .LVU66
 236 0036 0646     		mov	r6, r0
 237              	.LVL13:
 252:../../Middlewares/Third_Party/LwIP/src/api/api_msg.c ****     pbuf_free(p);
 238              		.loc 1 252 6 view .LVU67
 239 0038 68B3     		cbz	r0, .L26
 256:../../Middlewares/Third_Party/LwIP/src/api/api_msg.c ****     buf->ptr = p;
 240              		.loc 1 256 5 is_stmt 1 view .LVU68
 256:../../Middlewares/Third_Party/LwIP/src/api/api_msg.c ****     buf->ptr = p;
 241              		.loc 1 256 12 is_stmt 0 view .LVU69
 242 003a 0560     		str	r5, [r0]
 257:../../Middlewares/Third_Party/LwIP/src/api/api_msg.c ****     ip_addr_set(&buf->addr, addr);
 243              		.loc 1 257 5 is_stmt 1 view .LVU70
 257:../../Middlewares/Third_Party/LwIP/src/api/api_msg.c ****     ip_addr_set(&buf->addr, addr);
 244              		.loc 1 257 14 is_stmt 0 view .LVU71
 245 003c 4560     		str	r5, [r0, #4]
 258:../../Middlewares/Third_Party/LwIP/src/api/api_msg.c ****     buf->port = port;
 246              		.loc 1 258 5 is_stmt 1 view .LVU72
 247 003e B8F1000F 		cmp	r8, #0
 248 0042 2CD0     		beq	.L22
 258:../../Middlewares/Third_Party/LwIP/src/api/api_msg.c ****     buf->port = port;
 249              		.loc 1 258 5 is_stmt 0 discriminator 1 view .LVU73
 250 0044 D8F80030 		ldr	r3, [r8]
 251              	.L20:
 258:../../Middlewares/Third_Party/LwIP/src/api/api_msg.c ****     buf->port = port;
 252              		.loc 1 258 5 discriminator 4 view .LVU74
 253 0048 B360     		str	r3, [r6, #8]
 259:../../Middlewares/Third_Party/LwIP/src/api/api_msg.c **** #if LWIP_NETBUF_RECVINFO
 254              		.loc 1 259 5 is_stmt 1 view .LVU75
 259:../../Middlewares/Third_Party/LwIP/src/api/api_msg.c **** #if LWIP_NETBUF_RECVINFO
 255              		.loc 1 259 15 is_stmt 0 view .LVU76
 256 004a BDF81830 		ldrh	r3, [sp, #24]
 257 004e B381     		strh	r3, [r6, #12]	@ movhi
 271:../../Middlewares/Third_Party/LwIP/src/api/api_msg.c ****   if (sys_mbox_trypost(&conn->recvmbox, buf) != ERR_OK) {
 258              		.loc 1 271 3 is_stmt 1 view .LVU77
 271:../../Middlewares/Third_Party/LwIP/src/api/api_msg.c ****   if (sys_mbox_trypost(&conn->recvmbox, buf) != ERR_OK) {
 259              		.loc 1 271 7 is_stmt 0 view .LVU78
 260 0050 2D89     		ldrh	r5, [r5, #8]
 261              	.LVL14:
 272:../../Middlewares/Third_Party/LwIP/src/api/api_msg.c ****     netbuf_delete(buf);
 262              		.loc 1 272 3 is_stmt 1 view .LVU79
 272:../../Middlewares/Third_Party/LwIP/src/api/api_msg.c ****     netbuf_delete(buf);
 263              		.loc 1 272 7 is_stmt 0 view .LVU80
 264 0052 3146     		mov	r1, r6
 265 0054 3846     		mov	r0, r7
 266              	.LVL15:
 272:../../Middlewares/Third_Party/LwIP/src/api/api_msg.c ****     netbuf_delete(buf);
 267              		.loc 1 272 7 view .LVU81
 268 0056 FFF7FEFF 		bl	sys_mbox_trypost
 269              	.LVL16:
ARM GAS  /var/folders/2r/mdtt8xvd351gdc398t28_m2m0000gn/T//ccI12eQw.s 			page 19


 272:../../Middlewares/Third_Party/LwIP/src/api/api_msg.c ****     netbuf_delete(buf);
 270              		.loc 1 272 6 discriminator 1 view .LVU82
 271 005a 10BB     		cbnz	r0, .L27
 280:../../Middlewares/Third_Party/LwIP/src/api/api_msg.c ****   }
 272              		.loc 1 280 5 is_stmt 1 view .LVU83
 273 005c E369     		ldr	r3, [r4, #28]
 274 005e C3B1     		cbz	r3, .L12
 280:../../Middlewares/Third_Party/LwIP/src/api/api_msg.c ****   }
 275              		.loc 1 280 5 discriminator 1 view .LVU84
 276 0060 2A46     		mov	r2, r5
 277 0062 0021     		movs	r1, #0
 278 0064 2046     		mov	r0, r4
 279 0066 9847     		blx	r3
 280              	.LVL17:
 280:../../Middlewares/Third_Party/LwIP/src/api/api_msg.c ****   }
 281              		.loc 1 280 46 view .LVU85
 282 0068 13E0     		b	.L12
 283              	.LVL18:
 284              	.L24:
 229:../../Middlewares/Third_Party/LwIP/src/api/api_msg.c ****   LWIP_ASSERT("recv_udp must have an argument", arg != NULL);
 285              		.loc 1 229 3 discriminator 1 view .LVU86
 229:../../Middlewares/Third_Party/LwIP/src/api/api_msg.c ****   LWIP_ASSERT("recv_udp must have an argument", arg != NULL);
 286              		.loc 1 229 3 discriminator 1 view .LVU87
 287 006a 104B     		ldr	r3, .L28
 288              	.LVL19:
 229:../../Middlewares/Third_Party/LwIP/src/api/api_msg.c ****   LWIP_ASSERT("recv_udp must have an argument", arg != NULL);
 289              		.loc 1 229 3 is_stmt 0 discriminator 1 view .LVU88
 290 006c E522     		movs	r2, #229
 291              	.LVL20:
 229:../../Middlewares/Third_Party/LwIP/src/api/api_msg.c ****   LWIP_ASSERT("recv_udp must have an argument", arg != NULL);
 292              		.loc 1 229 3 discriminator 1 view .LVU89
 293 006e 1249     		ldr	r1, .L28+12
 294              	.LVL21:
 229:../../Middlewares/Third_Party/LwIP/src/api/api_msg.c ****   LWIP_ASSERT("recv_udp must have an argument", arg != NULL);
 295              		.loc 1 229 3 discriminator 1 view .LVU90
 296 0070 1048     		ldr	r0, .L28+8
 297              	.LVL22:
 229:../../Middlewares/Third_Party/LwIP/src/api/api_msg.c ****   LWIP_ASSERT("recv_udp must have an argument", arg != NULL);
 298              		.loc 1 229 3 discriminator 1 view .LVU91
 299 0072 FFF7FEFF 		bl	printf
 300              	.LVL23:
 301 0076 CAE7     		b	.L13
 302              	.L14:
 230:../../Middlewares/Third_Party/LwIP/src/api/api_msg.c ****   conn = (struct netconn *)arg;
 303              		.loc 1 230 3 is_stmt 1 discriminator 1 view .LVU92
 230:../../Middlewares/Third_Party/LwIP/src/api/api_msg.c ****   conn = (struct netconn *)arg;
 304              		.loc 1 230 3 discriminator 1 view .LVU93
 305 0078 0C4B     		ldr	r3, .L28
 306 007a E622     		movs	r2, #230
 307 007c 0F49     		ldr	r1, .L28+16
 308 007e 0D48     		ldr	r0, .L28+8
 309 0080 FFF7FEFF 		bl	printf
 310              	.LVL24:
 230:../../Middlewares/Third_Party/LwIP/src/api/api_msg.c ****   conn = (struct netconn *)arg;
 311              		.loc 1 230 3 view .LVU94
 230:../../Middlewares/Third_Party/LwIP/src/api/api_msg.c ****   conn = (struct netconn *)arg;
 312              		.loc 1 230 3 view .LVU95
ARM GAS  /var/folders/2r/mdtt8xvd351gdc398t28_m2m0000gn/T//ccI12eQw.s 			page 20


 231:../../Middlewares/Third_Party/LwIP/src/api/api_msg.c **** 
 313              		.loc 1 231 3 view .LVU96
 233:../../Middlewares/Third_Party/LwIP/src/api/api_msg.c ****     pbuf_free(p);
 314              		.loc 1 233 3 view .LVU97
 234:../../Middlewares/Third_Party/LwIP/src/api/api_msg.c ****     return;
 315              		.loc 1 234 5 view .LVU98
 316 0084 2846     		mov	r0, r5
 317 0086 FFF7FEFF 		bl	pbuf_free
 318              	.LVL25:
 235:../../Middlewares/Third_Party/LwIP/src/api/api_msg.c ****   }
 319              		.loc 1 235 5 view .LVU99
 320 008a 02E0     		b	.L12
 321              	.L25:
 247:../../Middlewares/Third_Party/LwIP/src/api/api_msg.c ****     return;
 322              		.loc 1 247 5 view .LVU100
 323 008c 2846     		mov	r0, r5
 324 008e FFF7FEFF 		bl	pbuf_free
 325              	.LVL26:
 248:../../Middlewares/Third_Party/LwIP/src/api/api_msg.c ****   }
 326              		.loc 1 248 5 view .LVU101
 327              	.L12:
 282:../../Middlewares/Third_Party/LwIP/src/api/api_msg.c **** #endif /* LWIP_UDP */
 328              		.loc 1 282 1 is_stmt 0 view .LVU102
 329 0092 BDE8F081 		pop	{r4, r5, r6, r7, r8, pc}
 330              	.LVL27:
 331              	.L26:
 253:../../Middlewares/Third_Party/LwIP/src/api/api_msg.c ****     return;
 332              		.loc 1 253 5 is_stmt 1 view .LVU103
 333 0096 2846     		mov	r0, r5
 334              	.LVL28:
 253:../../Middlewares/Third_Party/LwIP/src/api/api_msg.c ****     return;
 335              		.loc 1 253 5 is_stmt 0 view .LVU104
 336 0098 FFF7FEFF 		bl	pbuf_free
 337              	.LVL29:
 254:../../Middlewares/Third_Party/LwIP/src/api/api_msg.c ****   } else {
 338              		.loc 1 254 5 is_stmt 1 view .LVU105
 339 009c F9E7     		b	.L12
 340              	.LVL30:
 341              	.L22:
 258:../../Middlewares/Third_Party/LwIP/src/api/api_msg.c ****     buf->port = port;
 342              		.loc 1 258 5 is_stmt 0 discriminator 2 view .LVU106
 343 009e 0023     		movs	r3, #0
 344 00a0 D2E7     		b	.L20
 345              	.LVL31:
 346              	.L27:
 273:../../Middlewares/Third_Party/LwIP/src/api/api_msg.c ****     return;
 347              		.loc 1 273 5 is_stmt 1 view .LVU107
 348 00a2 3046     		mov	r0, r6
 349 00a4 FFF7FEFF 		bl	netbuf_delete
 350              	.LVL32:
 274:../../Middlewares/Third_Party/LwIP/src/api/api_msg.c ****   } else {
 351              		.loc 1 274 5 view .LVU108
 352 00a8 F3E7     		b	.L12
 353              	.L29:
 354 00aa 00BF     		.align	2
 355              	.L28:
 356 00ac 00000000 		.word	.LC0
ARM GAS  /var/folders/2r/mdtt8xvd351gdc398t28_m2m0000gn/T//ccI12eQw.s 			page 21


 357 00b0 44000000 		.word	.LC5
 358 00b4 58000000 		.word	.LC2
 359 00b8 00000000 		.word	.LC3
 360 00bc 24000000 		.word	.LC4
 361              		.cfi_endproc
 362              	.LFE174:
 364              		.section	.text.netconn_drain,"ax",%progbits
 365              		.align	1
 366              		.syntax unified
 367              		.thumb
 368              		.thumb_func
 370              	netconn_drain:
 371              	.LVL33:
 372              	.LFB179:
 672:../../Middlewares/Third_Party/LwIP/src/api/api_msg.c **** 
 673:../../Middlewares/Third_Party/LwIP/src/api/api_msg.c **** /**
 674:../../Middlewares/Third_Party/LwIP/src/api/api_msg.c ****  * Create a new pcb of a specific type inside a netconn.
 675:../../Middlewares/Third_Party/LwIP/src/api/api_msg.c ****  * Called from netconn_new_with_proto_and_callback.
 676:../../Middlewares/Third_Party/LwIP/src/api/api_msg.c ****  *
 677:../../Middlewares/Third_Party/LwIP/src/api/api_msg.c ****  * @param m the api_msg describing the connection type
 678:../../Middlewares/Third_Party/LwIP/src/api/api_msg.c ****  */
 679:../../Middlewares/Third_Party/LwIP/src/api/api_msg.c **** void
 680:../../Middlewares/Third_Party/LwIP/src/api/api_msg.c **** lwip_netconn_do_newconn(void *m)
 681:../../Middlewares/Third_Party/LwIP/src/api/api_msg.c **** {
 682:../../Middlewares/Third_Party/LwIP/src/api/api_msg.c ****   struct api_msg *msg = (struct api_msg *)m;
 683:../../Middlewares/Third_Party/LwIP/src/api/api_msg.c **** 
 684:../../Middlewares/Third_Party/LwIP/src/api/api_msg.c ****   msg->err = ERR_OK;
 685:../../Middlewares/Third_Party/LwIP/src/api/api_msg.c ****   if (msg->conn->pcb.tcp == NULL) {
 686:../../Middlewares/Third_Party/LwIP/src/api/api_msg.c ****     pcb_new(msg);
 687:../../Middlewares/Third_Party/LwIP/src/api/api_msg.c ****   }
 688:../../Middlewares/Third_Party/LwIP/src/api/api_msg.c ****   /* Else? This "new" connection already has a PCB allocated. */
 689:../../Middlewares/Third_Party/LwIP/src/api/api_msg.c ****   /* Is this an error condition? Should it be deleted? */
 690:../../Middlewares/Third_Party/LwIP/src/api/api_msg.c ****   /* We currently just are happy and return. */
 691:../../Middlewares/Third_Party/LwIP/src/api/api_msg.c **** 
 692:../../Middlewares/Third_Party/LwIP/src/api/api_msg.c ****   TCPIP_APIMSG_ACK(msg);
 693:../../Middlewares/Third_Party/LwIP/src/api/api_msg.c **** }
 694:../../Middlewares/Third_Party/LwIP/src/api/api_msg.c **** 
 695:../../Middlewares/Third_Party/LwIP/src/api/api_msg.c **** /**
 696:../../Middlewares/Third_Party/LwIP/src/api/api_msg.c ****  * Create a new netconn (of a specific type) that has a callback function.
 697:../../Middlewares/Third_Party/LwIP/src/api/api_msg.c ****  * The corresponding pcb is NOT created!
 698:../../Middlewares/Third_Party/LwIP/src/api/api_msg.c ****  *
 699:../../Middlewares/Third_Party/LwIP/src/api/api_msg.c ****  * @param t the type of 'connection' to create (@see enum netconn_type)
 700:../../Middlewares/Third_Party/LwIP/src/api/api_msg.c ****  * @param callback a function to call on status changes (RX available, TX'ed)
 701:../../Middlewares/Third_Party/LwIP/src/api/api_msg.c ****  * @return a newly allocated struct netconn or
 702:../../Middlewares/Third_Party/LwIP/src/api/api_msg.c ****  *         NULL on memory error
 703:../../Middlewares/Third_Party/LwIP/src/api/api_msg.c ****  */
 704:../../Middlewares/Third_Party/LwIP/src/api/api_msg.c **** struct netconn *
 705:../../Middlewares/Third_Party/LwIP/src/api/api_msg.c **** netconn_alloc(enum netconn_type t, netconn_callback callback)
 706:../../Middlewares/Third_Party/LwIP/src/api/api_msg.c **** {
 707:../../Middlewares/Third_Party/LwIP/src/api/api_msg.c ****   struct netconn *conn;
 708:../../Middlewares/Third_Party/LwIP/src/api/api_msg.c ****   int size;
 709:../../Middlewares/Third_Party/LwIP/src/api/api_msg.c ****   u8_t init_flags = 0;
 710:../../Middlewares/Third_Party/LwIP/src/api/api_msg.c **** 
 711:../../Middlewares/Third_Party/LwIP/src/api/api_msg.c ****   conn = (struct netconn *)memp_malloc(MEMP_NETCONN);
 712:../../Middlewares/Third_Party/LwIP/src/api/api_msg.c ****   if (conn == NULL) {
 713:../../Middlewares/Third_Party/LwIP/src/api/api_msg.c ****     return NULL;
 714:../../Middlewares/Third_Party/LwIP/src/api/api_msg.c ****   }
ARM GAS  /var/folders/2r/mdtt8xvd351gdc398t28_m2m0000gn/T//ccI12eQw.s 			page 22


 715:../../Middlewares/Third_Party/LwIP/src/api/api_msg.c **** 
 716:../../Middlewares/Third_Party/LwIP/src/api/api_msg.c ****   conn->pending_err = ERR_OK;
 717:../../Middlewares/Third_Party/LwIP/src/api/api_msg.c ****   conn->type = t;
 718:../../Middlewares/Third_Party/LwIP/src/api/api_msg.c ****   conn->pcb.tcp = NULL;
 719:../../Middlewares/Third_Party/LwIP/src/api/api_msg.c **** 
 720:../../Middlewares/Third_Party/LwIP/src/api/api_msg.c ****   /* If all sizes are the same, every compiler should optimize this switch to nothing */
 721:../../Middlewares/Third_Party/LwIP/src/api/api_msg.c ****   switch (NETCONNTYPE_GROUP(t)) {
 722:../../Middlewares/Third_Party/LwIP/src/api/api_msg.c **** #if LWIP_RAW
 723:../../Middlewares/Third_Party/LwIP/src/api/api_msg.c ****     case NETCONN_RAW:
 724:../../Middlewares/Third_Party/LwIP/src/api/api_msg.c ****       size = DEFAULT_RAW_RECVMBOX_SIZE;
 725:../../Middlewares/Third_Party/LwIP/src/api/api_msg.c ****       break;
 726:../../Middlewares/Third_Party/LwIP/src/api/api_msg.c **** #endif /* LWIP_RAW */
 727:../../Middlewares/Third_Party/LwIP/src/api/api_msg.c **** #if LWIP_UDP
 728:../../Middlewares/Third_Party/LwIP/src/api/api_msg.c ****     case NETCONN_UDP:
 729:../../Middlewares/Third_Party/LwIP/src/api/api_msg.c ****       size = DEFAULT_UDP_RECVMBOX_SIZE;
 730:../../Middlewares/Third_Party/LwIP/src/api/api_msg.c **** #if LWIP_NETBUF_RECVINFO
 731:../../Middlewares/Third_Party/LwIP/src/api/api_msg.c ****       init_flags |= NETCONN_FLAG_PKTINFO;
 732:../../Middlewares/Third_Party/LwIP/src/api/api_msg.c **** #endif /* LWIP_NETBUF_RECVINFO */
 733:../../Middlewares/Third_Party/LwIP/src/api/api_msg.c ****       break;
 734:../../Middlewares/Third_Party/LwIP/src/api/api_msg.c **** #endif /* LWIP_UDP */
 735:../../Middlewares/Third_Party/LwIP/src/api/api_msg.c **** #if LWIP_TCP
 736:../../Middlewares/Third_Party/LwIP/src/api/api_msg.c ****     case NETCONN_TCP:
 737:../../Middlewares/Third_Party/LwIP/src/api/api_msg.c ****       size = DEFAULT_TCP_RECVMBOX_SIZE;
 738:../../Middlewares/Third_Party/LwIP/src/api/api_msg.c ****       break;
 739:../../Middlewares/Third_Party/LwIP/src/api/api_msg.c **** #endif /* LWIP_TCP */
 740:../../Middlewares/Third_Party/LwIP/src/api/api_msg.c ****     default:
 741:../../Middlewares/Third_Party/LwIP/src/api/api_msg.c ****       LWIP_ASSERT("netconn_alloc: undefined netconn_type", 0);
 742:../../Middlewares/Third_Party/LwIP/src/api/api_msg.c ****       goto free_and_return;
 743:../../Middlewares/Third_Party/LwIP/src/api/api_msg.c ****   }
 744:../../Middlewares/Third_Party/LwIP/src/api/api_msg.c **** 
 745:../../Middlewares/Third_Party/LwIP/src/api/api_msg.c ****   if (sys_mbox_new(&conn->recvmbox, size) != ERR_OK) {
 746:../../Middlewares/Third_Party/LwIP/src/api/api_msg.c ****     goto free_and_return;
 747:../../Middlewares/Third_Party/LwIP/src/api/api_msg.c ****   }
 748:../../Middlewares/Third_Party/LwIP/src/api/api_msg.c **** #if !LWIP_NETCONN_SEM_PER_THREAD
 749:../../Middlewares/Third_Party/LwIP/src/api/api_msg.c ****   if (sys_sem_new(&conn->op_completed, 0) != ERR_OK) {
 750:../../Middlewares/Third_Party/LwIP/src/api/api_msg.c ****     sys_mbox_free(&conn->recvmbox);
 751:../../Middlewares/Third_Party/LwIP/src/api/api_msg.c ****     goto free_and_return;
 752:../../Middlewares/Third_Party/LwIP/src/api/api_msg.c ****   }
 753:../../Middlewares/Third_Party/LwIP/src/api/api_msg.c **** #endif
 754:../../Middlewares/Third_Party/LwIP/src/api/api_msg.c **** 
 755:../../Middlewares/Third_Party/LwIP/src/api/api_msg.c **** #if LWIP_TCP
 756:../../Middlewares/Third_Party/LwIP/src/api/api_msg.c ****   sys_mbox_set_invalid(&conn->acceptmbox);
 757:../../Middlewares/Third_Party/LwIP/src/api/api_msg.c **** #endif
 758:../../Middlewares/Third_Party/LwIP/src/api/api_msg.c ****   conn->state        = NETCONN_NONE;
 759:../../Middlewares/Third_Party/LwIP/src/api/api_msg.c **** #if LWIP_SOCKET
 760:../../Middlewares/Third_Party/LwIP/src/api/api_msg.c ****   /* initialize socket to -1 since 0 is a valid socket */
 761:../../Middlewares/Third_Party/LwIP/src/api/api_msg.c ****   conn->socket       = -1;
 762:../../Middlewares/Third_Party/LwIP/src/api/api_msg.c **** #endif /* LWIP_SOCKET */
 763:../../Middlewares/Third_Party/LwIP/src/api/api_msg.c ****   conn->callback     = callback;
 764:../../Middlewares/Third_Party/LwIP/src/api/api_msg.c **** #if LWIP_TCP
 765:../../Middlewares/Third_Party/LwIP/src/api/api_msg.c ****   conn->current_msg  = NULL;
 766:../../Middlewares/Third_Party/LwIP/src/api/api_msg.c **** #endif /* LWIP_TCP */
 767:../../Middlewares/Third_Party/LwIP/src/api/api_msg.c **** #if LWIP_SO_SNDTIMEO
 768:../../Middlewares/Third_Party/LwIP/src/api/api_msg.c ****   conn->send_timeout = 0;
 769:../../Middlewares/Third_Party/LwIP/src/api/api_msg.c **** #endif /* LWIP_SO_SNDTIMEO */
 770:../../Middlewares/Third_Party/LwIP/src/api/api_msg.c **** #if LWIP_SO_RCVTIMEO
 771:../../Middlewares/Third_Party/LwIP/src/api/api_msg.c ****   conn->recv_timeout = 0;
ARM GAS  /var/folders/2r/mdtt8xvd351gdc398t28_m2m0000gn/T//ccI12eQw.s 			page 23


 772:../../Middlewares/Third_Party/LwIP/src/api/api_msg.c **** #endif /* LWIP_SO_RCVTIMEO */
 773:../../Middlewares/Third_Party/LwIP/src/api/api_msg.c **** #if LWIP_SO_RCVBUF
 774:../../Middlewares/Third_Party/LwIP/src/api/api_msg.c ****   conn->recv_bufsize = RECV_BUFSIZE_DEFAULT;
 775:../../Middlewares/Third_Party/LwIP/src/api/api_msg.c ****   conn->recv_avail   = 0;
 776:../../Middlewares/Third_Party/LwIP/src/api/api_msg.c **** #endif /* LWIP_SO_RCVBUF */
 777:../../Middlewares/Third_Party/LwIP/src/api/api_msg.c **** #if LWIP_SO_LINGER
 778:../../Middlewares/Third_Party/LwIP/src/api/api_msg.c ****   conn->linger = -1;
 779:../../Middlewares/Third_Party/LwIP/src/api/api_msg.c **** #endif /* LWIP_SO_LINGER */
 780:../../Middlewares/Third_Party/LwIP/src/api/api_msg.c ****   conn->flags = init_flags;
 781:../../Middlewares/Third_Party/LwIP/src/api/api_msg.c ****   return conn;
 782:../../Middlewares/Third_Party/LwIP/src/api/api_msg.c **** free_and_return:
 783:../../Middlewares/Third_Party/LwIP/src/api/api_msg.c ****   memp_free(MEMP_NETCONN, conn);
 784:../../Middlewares/Third_Party/LwIP/src/api/api_msg.c ****   return NULL;
 785:../../Middlewares/Third_Party/LwIP/src/api/api_msg.c **** }
 786:../../Middlewares/Third_Party/LwIP/src/api/api_msg.c **** 
 787:../../Middlewares/Third_Party/LwIP/src/api/api_msg.c **** /**
 788:../../Middlewares/Third_Party/LwIP/src/api/api_msg.c ****  * Delete a netconn and all its resources.
 789:../../Middlewares/Third_Party/LwIP/src/api/api_msg.c ****  * The pcb is NOT freed (since we might not be in the right thread context do this).
 790:../../Middlewares/Third_Party/LwIP/src/api/api_msg.c ****  *
 791:../../Middlewares/Third_Party/LwIP/src/api/api_msg.c ****  * @param conn the netconn to free
 792:../../Middlewares/Third_Party/LwIP/src/api/api_msg.c ****  */
 793:../../Middlewares/Third_Party/LwIP/src/api/api_msg.c **** void
 794:../../Middlewares/Third_Party/LwIP/src/api/api_msg.c **** netconn_free(struct netconn *conn)
 795:../../Middlewares/Third_Party/LwIP/src/api/api_msg.c **** {
 796:../../Middlewares/Third_Party/LwIP/src/api/api_msg.c ****   LWIP_ASSERT("PCB must be deallocated outside this function", conn->pcb.tcp == NULL);
 797:../../Middlewares/Third_Party/LwIP/src/api/api_msg.c **** 
 798:../../Middlewares/Third_Party/LwIP/src/api/api_msg.c **** #if LWIP_NETCONN_FULLDUPLEX
 799:../../Middlewares/Third_Party/LwIP/src/api/api_msg.c ****   /* in fullduplex, netconn is drained here */
 800:../../Middlewares/Third_Party/LwIP/src/api/api_msg.c ****   netconn_drain(conn);
 801:../../Middlewares/Third_Party/LwIP/src/api/api_msg.c **** #endif /* LWIP_NETCONN_FULLDUPLEX */
 802:../../Middlewares/Third_Party/LwIP/src/api/api_msg.c **** 
 803:../../Middlewares/Third_Party/LwIP/src/api/api_msg.c ****   LWIP_ASSERT("recvmbox must be deallocated before calling this function",
 804:../../Middlewares/Third_Party/LwIP/src/api/api_msg.c ****               !sys_mbox_valid(&conn->recvmbox));
 805:../../Middlewares/Third_Party/LwIP/src/api/api_msg.c **** #if LWIP_TCP
 806:../../Middlewares/Third_Party/LwIP/src/api/api_msg.c ****   LWIP_ASSERT("acceptmbox must be deallocated before calling this function",
 807:../../Middlewares/Third_Party/LwIP/src/api/api_msg.c ****               !sys_mbox_valid(&conn->acceptmbox));
 808:../../Middlewares/Third_Party/LwIP/src/api/api_msg.c **** #endif /* LWIP_TCP */
 809:../../Middlewares/Third_Party/LwIP/src/api/api_msg.c **** 
 810:../../Middlewares/Third_Party/LwIP/src/api/api_msg.c **** #if !LWIP_NETCONN_SEM_PER_THREAD
 811:../../Middlewares/Third_Party/LwIP/src/api/api_msg.c ****   sys_sem_free(&conn->op_completed);
 812:../../Middlewares/Third_Party/LwIP/src/api/api_msg.c ****   sys_sem_set_invalid(&conn->op_completed);
 813:../../Middlewares/Third_Party/LwIP/src/api/api_msg.c **** #endif
 814:../../Middlewares/Third_Party/LwIP/src/api/api_msg.c **** 
 815:../../Middlewares/Third_Party/LwIP/src/api/api_msg.c ****   memp_free(MEMP_NETCONN, conn);
 816:../../Middlewares/Third_Party/LwIP/src/api/api_msg.c **** }
 817:../../Middlewares/Third_Party/LwIP/src/api/api_msg.c **** 
 818:../../Middlewares/Third_Party/LwIP/src/api/api_msg.c **** /**
 819:../../Middlewares/Third_Party/LwIP/src/api/api_msg.c ****  * Delete rcvmbox and acceptmbox of a netconn and free the left-over data in
 820:../../Middlewares/Third_Party/LwIP/src/api/api_msg.c ****  * these mboxes
 821:../../Middlewares/Third_Party/LwIP/src/api/api_msg.c ****  *
 822:../../Middlewares/Third_Party/LwIP/src/api/api_msg.c ****  * @param conn the netconn to free
 823:../../Middlewares/Third_Party/LwIP/src/api/api_msg.c ****  * @bytes_drained bytes drained from recvmbox
 824:../../Middlewares/Third_Party/LwIP/src/api/api_msg.c ****  * @accepts_drained pending connections drained from acceptmbox
 825:../../Middlewares/Third_Party/LwIP/src/api/api_msg.c ****  */
 826:../../Middlewares/Third_Party/LwIP/src/api/api_msg.c **** static void
 827:../../Middlewares/Third_Party/LwIP/src/api/api_msg.c **** netconn_drain(struct netconn *conn)
 828:../../Middlewares/Third_Party/LwIP/src/api/api_msg.c **** {
ARM GAS  /var/folders/2r/mdtt8xvd351gdc398t28_m2m0000gn/T//ccI12eQw.s 			page 24


 373              		.loc 1 828 1 view -0
 374              		.cfi_startproc
 375              		@ args = 0, pretend = 0, frame = 8
 376              		@ frame_needed = 0, uses_anonymous_args = 0
 377              		.loc 1 828 1 is_stmt 0 view .LVU110
 378 0000 10B5     		push	{r4, lr}
 379              	.LCFI2:
 380              		.cfi_def_cfa_offset 8
 381              		.cfi_offset 4, -8
 382              		.cfi_offset 14, -4
 383 0002 82B0     		sub	sp, sp, #8
 384              	.LCFI3:
 385              		.cfi_def_cfa_offset 16
 829:../../Middlewares/Third_Party/LwIP/src/api/api_msg.c ****   void *mem;
 386              		.loc 1 829 3 is_stmt 1 view .LVU111
 830:../../Middlewares/Third_Party/LwIP/src/api/api_msg.c **** 
 831:../../Middlewares/Third_Party/LwIP/src/api/api_msg.c ****   /* This runs when mbox and netconn are marked as closed,
 832:../../Middlewares/Third_Party/LwIP/src/api/api_msg.c ****      so we don't need to lock against rx packets */
 833:../../Middlewares/Third_Party/LwIP/src/api/api_msg.c **** #if LWIP_NETCONN_FULLDUPLEX
 834:../../Middlewares/Third_Party/LwIP/src/api/api_msg.c ****   LWIP_ASSERT("netconn marked closed", conn->flags & NETCONN_FLAG_MBOXINVALID);
 835:../../Middlewares/Third_Party/LwIP/src/api/api_msg.c **** #endif /* LWIP_NETCONN_FULLDUPLEX */
 836:../../Middlewares/Third_Party/LwIP/src/api/api_msg.c **** 
 837:../../Middlewares/Third_Party/LwIP/src/api/api_msg.c ****   /* Delete and drain the recvmbox. */
 838:../../Middlewares/Third_Party/LwIP/src/api/api_msg.c ****   if (sys_mbox_valid(&conn->recvmbox)) {
 387              		.loc 1 838 3 view .LVU112
 388              		.loc 1 838 7 is_stmt 0 view .LVU113
 389 0004 00F11004 		add	r4, r0, #16
 390 0008 2046     		mov	r0, r4
 391              	.LVL34:
 392              		.loc 1 838 7 view .LVU114
 393 000a FFF7FEFF 		bl	sys_mbox_valid
 394              	.LVL35:
 395              		.loc 1 838 6 discriminator 1 view .LVU115
 396 000e 20B9     		cbnz	r0, .L31
 397              	.L30:
 839:../../Middlewares/Third_Party/LwIP/src/api/api_msg.c ****     while (sys_mbox_tryfetch(&conn->recvmbox, &mem) != SYS_MBOX_EMPTY) {
 840:../../Middlewares/Third_Party/LwIP/src/api/api_msg.c **** #if LWIP_NETCONN_FULLDUPLEX
 841:../../Middlewares/Third_Party/LwIP/src/api/api_msg.c ****       if (!lwip_netconn_is_deallocated_msg(mem))
 842:../../Middlewares/Third_Party/LwIP/src/api/api_msg.c **** #endif /* LWIP_NETCONN_FULLDUPLEX */
 843:../../Middlewares/Third_Party/LwIP/src/api/api_msg.c ****       {
 844:../../Middlewares/Third_Party/LwIP/src/api/api_msg.c **** #if LWIP_TCP
 845:../../Middlewares/Third_Party/LwIP/src/api/api_msg.c ****         if (NETCONNTYPE_GROUP(conn->type) == NETCONN_TCP) {
 846:../../Middlewares/Third_Party/LwIP/src/api/api_msg.c ****           err_t err;
 847:../../Middlewares/Third_Party/LwIP/src/api/api_msg.c ****           if (!lwip_netconn_is_err_msg(mem, &err)) {
 848:../../Middlewares/Third_Party/LwIP/src/api/api_msg.c ****             pbuf_free((struct pbuf *)mem);
 849:../../Middlewares/Third_Party/LwIP/src/api/api_msg.c ****           }
 850:../../Middlewares/Third_Party/LwIP/src/api/api_msg.c ****         } else
 851:../../Middlewares/Third_Party/LwIP/src/api/api_msg.c **** #endif /* LWIP_TCP */
 852:../../Middlewares/Third_Party/LwIP/src/api/api_msg.c ****         {
 853:../../Middlewares/Third_Party/LwIP/src/api/api_msg.c ****           netbuf_delete((struct netbuf *)mem);
 854:../../Middlewares/Third_Party/LwIP/src/api/api_msg.c ****         }
 855:../../Middlewares/Third_Party/LwIP/src/api/api_msg.c ****       }
 856:../../Middlewares/Third_Party/LwIP/src/api/api_msg.c ****     }
 857:../../Middlewares/Third_Party/LwIP/src/api/api_msg.c ****     sys_mbox_free(&conn->recvmbox);
 858:../../Middlewares/Third_Party/LwIP/src/api/api_msg.c ****     sys_mbox_set_invalid(&conn->recvmbox);
 859:../../Middlewares/Third_Party/LwIP/src/api/api_msg.c ****   }
 860:../../Middlewares/Third_Party/LwIP/src/api/api_msg.c **** 
ARM GAS  /var/folders/2r/mdtt8xvd351gdc398t28_m2m0000gn/T//ccI12eQw.s 			page 25


 861:../../Middlewares/Third_Party/LwIP/src/api/api_msg.c ****   /* Delete and drain the acceptmbox. */
 862:../../Middlewares/Third_Party/LwIP/src/api/api_msg.c **** #if LWIP_TCP
 863:../../Middlewares/Third_Party/LwIP/src/api/api_msg.c ****   if (sys_mbox_valid(&conn->acceptmbox)) {
 864:../../Middlewares/Third_Party/LwIP/src/api/api_msg.c ****     while (sys_mbox_tryfetch(&conn->acceptmbox, &mem) != SYS_MBOX_EMPTY) {
 865:../../Middlewares/Third_Party/LwIP/src/api/api_msg.c **** #if LWIP_NETCONN_FULLDUPLEX
 866:../../Middlewares/Third_Party/LwIP/src/api/api_msg.c ****       if (!lwip_netconn_is_deallocated_msg(mem))
 867:../../Middlewares/Third_Party/LwIP/src/api/api_msg.c **** #endif /* LWIP_NETCONN_FULLDUPLEX */
 868:../../Middlewares/Third_Party/LwIP/src/api/api_msg.c ****       {
 869:../../Middlewares/Third_Party/LwIP/src/api/api_msg.c ****         err_t err;
 870:../../Middlewares/Third_Party/LwIP/src/api/api_msg.c ****         if (!lwip_netconn_is_err_msg(mem, &err)) {
 871:../../Middlewares/Third_Party/LwIP/src/api/api_msg.c ****           struct netconn *newconn = (struct netconn *)mem;
 872:../../Middlewares/Third_Party/LwIP/src/api/api_msg.c ****           /* Only tcp pcbs have an acceptmbox, so no need to check conn->type */
 873:../../Middlewares/Third_Party/LwIP/src/api/api_msg.c ****           /* pcb might be set to NULL already by err_tcp() */
 874:../../Middlewares/Third_Party/LwIP/src/api/api_msg.c ****           /* drain recvmbox */
 875:../../Middlewares/Third_Party/LwIP/src/api/api_msg.c ****           netconn_drain(newconn);
 876:../../Middlewares/Third_Party/LwIP/src/api/api_msg.c ****           if (newconn->pcb.tcp != NULL) {
 877:../../Middlewares/Third_Party/LwIP/src/api/api_msg.c ****             tcp_abort(newconn->pcb.tcp);
 878:../../Middlewares/Third_Party/LwIP/src/api/api_msg.c ****             newconn->pcb.tcp = NULL;
 879:../../Middlewares/Third_Party/LwIP/src/api/api_msg.c ****           }
 880:../../Middlewares/Third_Party/LwIP/src/api/api_msg.c ****           netconn_free(newconn);
 881:../../Middlewares/Third_Party/LwIP/src/api/api_msg.c ****         }
 882:../../Middlewares/Third_Party/LwIP/src/api/api_msg.c ****       }
 883:../../Middlewares/Third_Party/LwIP/src/api/api_msg.c ****     }
 884:../../Middlewares/Third_Party/LwIP/src/api/api_msg.c ****     sys_mbox_free(&conn->acceptmbox);
 885:../../Middlewares/Third_Party/LwIP/src/api/api_msg.c ****     sys_mbox_set_invalid(&conn->acceptmbox);
 886:../../Middlewares/Third_Party/LwIP/src/api/api_msg.c ****   }
 887:../../Middlewares/Third_Party/LwIP/src/api/api_msg.c **** #endif /* LWIP_TCP */
 888:../../Middlewares/Third_Party/LwIP/src/api/api_msg.c **** }
 398              		.loc 1 888 1 view .LVU116
 399 0010 02B0     		add	sp, sp, #8
 400              	.LCFI4:
 401              		.cfi_remember_state
 402              		.cfi_def_cfa_offset 8
 403              		@ sp needed
 404 0012 10BD     		pop	{r4, pc}
 405              	.LVL36:
 406              	.L33:
 407              	.LCFI5:
 408              		.cfi_restore_state
 853:../../Middlewares/Third_Party/LwIP/src/api/api_msg.c ****         }
 409              		.loc 1 853 11 is_stmt 1 view .LVU117
 410 0014 0198     		ldr	r0, [sp, #4]
 411 0016 FFF7FEFF 		bl	netbuf_delete
 412              	.LVL37:
 413              	.L31:
 839:../../Middlewares/Third_Party/LwIP/src/api/api_msg.c ****     while (sys_mbox_tryfetch(&conn->recvmbox, &mem) != SYS_MBOX_EMPTY) {
 414              		.loc 1 839 53 view .LVU118
 839:../../Middlewares/Third_Party/LwIP/src/api/api_msg.c ****     while (sys_mbox_tryfetch(&conn->recvmbox, &mem) != SYS_MBOX_EMPTY) {
 415              		.loc 1 839 12 is_stmt 0 view .LVU119
 416 001a 01A9     		add	r1, sp, #4
 417 001c 2046     		mov	r0, r4
 418 001e FFF7FEFF 		bl	sys_arch_mbox_tryfetch
 419              	.LVL38:
 839:../../Middlewares/Third_Party/LwIP/src/api/api_msg.c ****     while (sys_mbox_tryfetch(&conn->recvmbox, &mem) != SYS_MBOX_EMPTY) {
 420              		.loc 1 839 53 discriminator 1 view .LVU120
 421 0022 B0F1FF3F 		cmp	r0, #-1
 422 0026 F5D1     		bne	.L33
ARM GAS  /var/folders/2r/mdtt8xvd351gdc398t28_m2m0000gn/T//ccI12eQw.s 			page 26


 857:../../Middlewares/Third_Party/LwIP/src/api/api_msg.c ****     sys_mbox_set_invalid(&conn->recvmbox);
 423              		.loc 1 857 5 is_stmt 1 view .LVU121
 424 0028 2046     		mov	r0, r4
 425 002a FFF7FEFF 		bl	sys_mbox_free
 426              	.LVL39:
 858:../../Middlewares/Third_Party/LwIP/src/api/api_msg.c ****   }
 427              		.loc 1 858 5 view .LVU122
 428 002e 2046     		mov	r0, r4
 429 0030 FFF7FEFF 		bl	sys_mbox_set_invalid
 430              	.LVL40:
 431              		.loc 1 888 1 is_stmt 0 view .LVU123
 432 0034 ECE7     		b	.L30
 433              		.cfi_endproc
 434              	.LFE179:
 436              		.section	.text.lwip_netconn_do_newconn,"ax",%progbits
 437              		.align	1
 438              		.global	lwip_netconn_do_newconn
 439              		.syntax unified
 440              		.thumb
 441              		.thumb_func
 443              	lwip_netconn_do_newconn:
 444              	.LVL41:
 445              	.LFB176:
 681:../../Middlewares/Third_Party/LwIP/src/api/api_msg.c ****   struct api_msg *msg = (struct api_msg *)m;
 446              		.loc 1 681 1 is_stmt 1 view -0
 447              		.cfi_startproc
 448              		@ args = 0, pretend = 0, frame = 0
 449              		@ frame_needed = 0, uses_anonymous_args = 0
 681:../../Middlewares/Third_Party/LwIP/src/api/api_msg.c ****   struct api_msg *msg = (struct api_msg *)m;
 450              		.loc 1 681 1 is_stmt 0 view .LVU125
 451 0000 08B5     		push	{r3, lr}
 452              	.LCFI6:
 453              		.cfi_def_cfa_offset 8
 454              		.cfi_offset 3, -8
 455              		.cfi_offset 14, -4
 682:../../Middlewares/Third_Party/LwIP/src/api/api_msg.c **** 
 456              		.loc 1 682 3 is_stmt 1 view .LVU126
 457              	.LVL42:
 684:../../Middlewares/Third_Party/LwIP/src/api/api_msg.c ****   if (msg->conn->pcb.tcp == NULL) {
 458              		.loc 1 684 3 view .LVU127
 684:../../Middlewares/Third_Party/LwIP/src/api/api_msg.c ****   if (msg->conn->pcb.tcp == NULL) {
 459              		.loc 1 684 12 is_stmt 0 view .LVU128
 460 0002 0023     		movs	r3, #0
 461 0004 0371     		strb	r3, [r0, #4]
 685:../../Middlewares/Third_Party/LwIP/src/api/api_msg.c ****     pcb_new(msg);
 462              		.loc 1 685 3 is_stmt 1 view .LVU129
 685:../../Middlewares/Third_Party/LwIP/src/api/api_msg.c ****     pcb_new(msg);
 463              		.loc 1 685 10 is_stmt 0 view .LVU130
 464 0006 0368     		ldr	r3, [r0]
 685:../../Middlewares/Third_Party/LwIP/src/api/api_msg.c ****     pcb_new(msg);
 465              		.loc 1 685 21 view .LVU131
 466 0008 5B68     		ldr	r3, [r3, #4]
 685:../../Middlewares/Third_Party/LwIP/src/api/api_msg.c ****     pcb_new(msg);
 467              		.loc 1 685 6 view .LVU132
 468 000a 03B1     		cbz	r3, .L38
 469              	.LVL43:
 470              	.L35:
ARM GAS  /var/folders/2r/mdtt8xvd351gdc398t28_m2m0000gn/T//ccI12eQw.s 			page 27


 693:../../Middlewares/Third_Party/LwIP/src/api/api_msg.c **** 
 471              		.loc 1 693 1 view .LVU133
 472 000c 08BD     		pop	{r3, pc}
 473              	.LVL44:
 474              	.L38:
 686:../../Middlewares/Third_Party/LwIP/src/api/api_msg.c ****   }
 475              		.loc 1 686 5 is_stmt 1 view .LVU134
 476 000e FFF7FEFF 		bl	pcb_new
 477              	.LVL45:
 692:../../Middlewares/Third_Party/LwIP/src/api/api_msg.c **** }
 478              		.loc 1 692 24 view .LVU135
 693:../../Middlewares/Third_Party/LwIP/src/api/api_msg.c **** 
 479              		.loc 1 693 1 is_stmt 0 view .LVU136
 480 0012 FBE7     		b	.L35
 481              		.cfi_endproc
 482              	.LFE176:
 484              		.section	.rodata.netconn_alloc.str1.4,"aMS",%progbits,1
 485              		.align	2
 486              	.LC6:
 487 0000 6E657463 		.ascii	"netconn_alloc: undefined netconn_type\000"
 487      6F6E6E5F 
 487      616C6C6F 
 487      633A2075 
 487      6E646566 
 488              		.section	.text.netconn_alloc,"ax",%progbits
 489              		.align	1
 490              		.global	netconn_alloc
 491              		.syntax unified
 492              		.thumb
 493              		.thumb_func
 495              	netconn_alloc:
 496              	.LVL46:
 497              	.LFB177:
 706:../../Middlewares/Third_Party/LwIP/src/api/api_msg.c ****   struct netconn *conn;
 498              		.loc 1 706 1 is_stmt 1 view -0
 499              		.cfi_startproc
 500              		@ args = 0, pretend = 0, frame = 0
 501              		@ frame_needed = 0, uses_anonymous_args = 0
 706:../../Middlewares/Third_Party/LwIP/src/api/api_msg.c ****   struct netconn *conn;
 502              		.loc 1 706 1 is_stmt 0 view .LVU138
 503 0000 70B5     		push	{r4, r5, r6, lr}
 504              	.LCFI7:
 505              		.cfi_def_cfa_offset 16
 506              		.cfi_offset 4, -16
 507              		.cfi_offset 5, -12
 508              		.cfi_offset 6, -8
 509              		.cfi_offset 14, -4
 510 0002 0546     		mov	r5, r0
 511 0004 0E46     		mov	r6, r1
 707:../../Middlewares/Third_Party/LwIP/src/api/api_msg.c ****   int size;
 512              		.loc 1 707 3 is_stmt 1 view .LVU139
 708:../../Middlewares/Third_Party/LwIP/src/api/api_msg.c ****   u8_t init_flags = 0;
 513              		.loc 1 708 3 view .LVU140
 709:../../Middlewares/Third_Party/LwIP/src/api/api_msg.c **** 
 514              		.loc 1 709 3 view .LVU141
 515              	.LVL47:
 711:../../Middlewares/Third_Party/LwIP/src/api/api_msg.c ****   if (conn == NULL) {
ARM GAS  /var/folders/2r/mdtt8xvd351gdc398t28_m2m0000gn/T//ccI12eQw.s 			page 28


 516              		.loc 1 711 3 view .LVU142
 711:../../Middlewares/Third_Party/LwIP/src/api/api_msg.c ****   if (conn == NULL) {
 517              		.loc 1 711 28 is_stmt 0 view .LVU143
 518 0006 0420     		movs	r0, #4
 519              	.LVL48:
 711:../../Middlewares/Third_Party/LwIP/src/api/api_msg.c ****   if (conn == NULL) {
 520              		.loc 1 711 28 view .LVU144
 521 0008 FFF7FEFF 		bl	memp_malloc
 522              	.LVL49:
 712:../../Middlewares/Third_Party/LwIP/src/api/api_msg.c ****     return NULL;
 523              		.loc 1 712 3 is_stmt 1 view .LVU145
 712:../../Middlewares/Third_Party/LwIP/src/api/api_msg.c ****     return NULL;
 524              		.loc 1 712 6 is_stmt 0 view .LVU146
 525 000c 0446     		mov	r4, r0
 526 000e 40B3     		cbz	r0, .L39
 716:../../Middlewares/Third_Party/LwIP/src/api/api_msg.c ****   conn->type = t;
 527              		.loc 1 716 3 is_stmt 1 view .LVU147
 716:../../Middlewares/Third_Party/LwIP/src/api/api_msg.c ****   conn->type = t;
 528              		.loc 1 716 21 is_stmt 0 view .LVU148
 529 0010 0023     		movs	r3, #0
 530 0012 0372     		strb	r3, [r0, #8]
 717:../../Middlewares/Third_Party/LwIP/src/api/api_msg.c ****   conn->pcb.tcp = NULL;
 531              		.loc 1 717 3 is_stmt 1 view .LVU149
 717:../../Middlewares/Third_Party/LwIP/src/api/api_msg.c ****   conn->pcb.tcp = NULL;
 532              		.loc 1 717 14 is_stmt 0 view .LVU150
 533 0014 0570     		strb	r5, [r0]
 718:../../Middlewares/Third_Party/LwIP/src/api/api_msg.c **** 
 534              		.loc 1 718 3 is_stmt 1 view .LVU151
 718:../../Middlewares/Third_Party/LwIP/src/api/api_msg.c **** 
 535              		.loc 1 718 17 is_stmt 0 view .LVU152
 536 0016 4360     		str	r3, [r0, #4]
 721:../../Middlewares/Third_Party/LwIP/src/api/api_msg.c **** #if LWIP_RAW
 537              		.loc 1 721 3 is_stmt 1 view .LVU153
 538 0018 05F0F005 		and	r5, r5, #240
 539              	.LVL50:
 721:../../Middlewares/Third_Party/LwIP/src/api/api_msg.c **** #if LWIP_RAW
 540              		.loc 1 721 3 is_stmt 0 view .LVU154
 541 001c 202D     		cmp	r5, #32
 542 001e 14D1     		bne	.L41
 729:../../Middlewares/Third_Party/LwIP/src/api/api_msg.c **** #if LWIP_NETBUF_RECVINFO
 543              		.loc 1 729 7 is_stmt 1 view .LVU155
 544              	.LVL51:
 733:../../Middlewares/Third_Party/LwIP/src/api/api_msg.c **** #endif /* LWIP_UDP */
 545              		.loc 1 733 7 view .LVU156
 745:../../Middlewares/Third_Party/LwIP/src/api/api_msg.c ****     goto free_and_return;
 546              		.loc 1 745 3 view .LVU157
 745:../../Middlewares/Third_Party/LwIP/src/api/api_msg.c ****     goto free_and_return;
 547              		.loc 1 745 7 is_stmt 0 view .LVU158
 548 0020 00F11005 		add	r5, r0, #16
 549 0024 0621     		movs	r1, #6
 550 0026 2846     		mov	r0, r5
 551              	.LVL52:
 745:../../Middlewares/Third_Party/LwIP/src/api/api_msg.c ****     goto free_and_return;
 552              		.loc 1 745 7 view .LVU159
 553 0028 FFF7FEFF 		bl	sys_mbox_new
 554              	.LVL53:
 745:../../Middlewares/Third_Party/LwIP/src/api/api_msg.c ****     goto free_and_return;
ARM GAS  /var/folders/2r/mdtt8xvd351gdc398t28_m2m0000gn/T//ccI12eQw.s 			page 29


 555              		.loc 1 745 6 discriminator 1 view .LVU160
 556 002c A0B9     		cbnz	r0, .L42
 749:../../Middlewares/Third_Party/LwIP/src/api/api_msg.c ****     sys_mbox_free(&conn->recvmbox);
 557              		.loc 1 749 3 is_stmt 1 view .LVU161
 749:../../Middlewares/Third_Party/LwIP/src/api/api_msg.c ****     sys_mbox_free(&conn->recvmbox);
 558              		.loc 1 749 7 is_stmt 0 view .LVU162
 559 002e 0021     		movs	r1, #0
 560 0030 04F10C00 		add	r0, r4, #12
 561 0034 FFF7FEFF 		bl	sys_sem_new
 562              	.LVL54:
 749:../../Middlewares/Third_Party/LwIP/src/api/api_msg.c ****     sys_mbox_free(&conn->recvmbox);
 563              		.loc 1 749 6 discriminator 1 view .LVU163
 564 0038 A8B9     		cbnz	r0, .L47
 758:../../Middlewares/Third_Party/LwIP/src/api/api_msg.c **** #if LWIP_SOCKET
 565              		.loc 1 758 3 is_stmt 1 view .LVU164
 758:../../Middlewares/Third_Party/LwIP/src/api/api_msg.c **** #if LWIP_SOCKET
 566              		.loc 1 758 22 is_stmt 0 view .LVU165
 567 003a 0023     		movs	r3, #0
 568 003c 6370     		strb	r3, [r4, #1]
 761:../../Middlewares/Third_Party/LwIP/src/api/api_msg.c **** #endif /* LWIP_SOCKET */
 569              		.loc 1 761 3 is_stmt 1 view .LVU166
 761:../../Middlewares/Third_Party/LwIP/src/api/api_msg.c **** #endif /* LWIP_SOCKET */
 570              		.loc 1 761 22 is_stmt 0 view .LVU167
 571 003e 4FF0FF32 		mov	r2, #-1
 572 0042 6261     		str	r2, [r4, #20]
 763:../../Middlewares/Third_Party/LwIP/src/api/api_msg.c **** #if LWIP_TCP
 573              		.loc 1 763 3 is_stmt 1 view .LVU168
 763:../../Middlewares/Third_Party/LwIP/src/api/api_msg.c **** #if LWIP_TCP
 574              		.loc 1 763 22 is_stmt 0 view .LVU169
 575 0044 E661     		str	r6, [r4, #28]
 780:../../Middlewares/Third_Party/LwIP/src/api/api_msg.c ****   return conn;
 576              		.loc 1 780 3 is_stmt 1 view .LVU170
 780:../../Middlewares/Third_Party/LwIP/src/api/api_msg.c ****   return conn;
 577              		.loc 1 780 15 is_stmt 0 view .LVU171
 578 0046 2376     		strb	r3, [r4, #24]
 781:../../Middlewares/Third_Party/LwIP/src/api/api_msg.c **** free_and_return:
 579              		.loc 1 781 3 is_stmt 1 view .LVU172
 781:../../Middlewares/Third_Party/LwIP/src/api/api_msg.c **** free_and_return:
 580              		.loc 1 781 10 is_stmt 0 view .LVU173
 581 0048 0BE0     		b	.L39
 582              	.LVL55:
 583              	.L41:
 741:../../Middlewares/Third_Party/LwIP/src/api/api_msg.c ****       goto free_and_return;
 584              		.loc 1 741 7 is_stmt 1 view .LVU174
 741:../../Middlewares/Third_Party/LwIP/src/api/api_msg.c ****       goto free_and_return;
 585              		.loc 1 741 7 view .LVU175
 741:../../Middlewares/Third_Party/LwIP/src/api/api_msg.c ****       goto free_and_return;
 586              		.loc 1 741 7 discriminator 1 view .LVU176
 741:../../Middlewares/Third_Party/LwIP/src/api/api_msg.c ****       goto free_and_return;
 587              		.loc 1 741 7 discriminator 1 view .LVU177
 588 004a 094B     		ldr	r3, .L48
 589 004c 40F2E522 		movw	r2, #741
 590 0050 0849     		ldr	r1, .L48+4
 591 0052 0948     		ldr	r0, .L48+8
 592              	.LVL56:
 741:../../Middlewares/Third_Party/LwIP/src/api/api_msg.c ****       goto free_and_return;
 593              		.loc 1 741 7 is_stmt 0 discriminator 1 view .LVU178
ARM GAS  /var/folders/2r/mdtt8xvd351gdc398t28_m2m0000gn/T//ccI12eQw.s 			page 30


 594 0054 FFF7FEFF 		bl	printf
 595              	.LVL57:
 741:../../Middlewares/Third_Party/LwIP/src/api/api_msg.c ****       goto free_and_return;
 596              		.loc 1 741 7 is_stmt 1 view .LVU179
 741:../../Middlewares/Third_Party/LwIP/src/api/api_msg.c ****       goto free_and_return;
 597              		.loc 1 741 7 view .LVU180
 742:../../Middlewares/Third_Party/LwIP/src/api/api_msg.c ****   }
 598              		.loc 1 742 7 view .LVU181
 599              	.L42:
 783:../../Middlewares/Third_Party/LwIP/src/api/api_msg.c ****   return NULL;
 600              		.loc 1 783 3 view .LVU182
 601 0058 2146     		mov	r1, r4
 602 005a 0420     		movs	r0, #4
 603 005c FFF7FEFF 		bl	memp_free
 604              	.LVL58:
 784:../../Middlewares/Third_Party/LwIP/src/api/api_msg.c **** }
 605              		.loc 1 784 3 view .LVU183
 784:../../Middlewares/Third_Party/LwIP/src/api/api_msg.c **** }
 606              		.loc 1 784 10 is_stmt 0 view .LVU184
 607 0060 0024     		movs	r4, #0
 608              	.LVL59:
 609              	.L39:
 785:../../Middlewares/Third_Party/LwIP/src/api/api_msg.c **** 
 610              		.loc 1 785 1 view .LVU185
 611 0062 2046     		mov	r0, r4
 612 0064 70BD     		pop	{r4, r5, r6, pc}
 613              	.LVL60:
 614              	.L47:
 750:../../Middlewares/Third_Party/LwIP/src/api/api_msg.c ****     goto free_and_return;
 615              		.loc 1 750 5 is_stmt 1 view .LVU186
 616 0066 2846     		mov	r0, r5
 617 0068 FFF7FEFF 		bl	sys_mbox_free
 618              	.LVL61:
 751:../../Middlewares/Third_Party/LwIP/src/api/api_msg.c ****   }
 619              		.loc 1 751 5 view .LVU187
 620 006c F4E7     		b	.L42
 621              	.L49:
 622 006e 00BF     		.align	2
 623              	.L48:
 624 0070 00000000 		.word	.LC0
 625 0074 00000000 		.word	.LC6
 626 0078 58000000 		.word	.LC2
 627              		.cfi_endproc
 628              	.LFE177:
 630              		.section	.rodata.netconn_free.str1.4,"aMS",%progbits,1
 631              		.align	2
 632              	.LC7:
 633 0000 50434220 		.ascii	"PCB must be deallocated outside this function\000"
 633      6D757374 
 633      20626520 
 633      6465616C 
 633      6C6F6361 
 634 002e 0000     		.align	2
 635              	.LC8:
 636 0030 72656376 		.ascii	"recvmbox must be deallocated before calling this fu"
 636      6D626F78 
 636      206D7573 
ARM GAS  /var/folders/2r/mdtt8xvd351gdc398t28_m2m0000gn/T//ccI12eQw.s 			page 31


 636      74206265 
 636      20646561 
 637 0063 6E637469 		.ascii	"nction\000"
 637      6F6E00
 638              		.section	.text.netconn_free,"ax",%progbits
 639              		.align	1
 640              		.global	netconn_free
 641              		.syntax unified
 642              		.thumb
 643              		.thumb_func
 645              	netconn_free:
 646              	.LVL62:
 647              	.LFB178:
 795:../../Middlewares/Third_Party/LwIP/src/api/api_msg.c ****   LWIP_ASSERT("PCB must be deallocated outside this function", conn->pcb.tcp == NULL);
 648              		.loc 1 795 1 view -0
 649              		.cfi_startproc
 650              		@ args = 0, pretend = 0, frame = 0
 651              		@ frame_needed = 0, uses_anonymous_args = 0
 795:../../Middlewares/Third_Party/LwIP/src/api/api_msg.c ****   LWIP_ASSERT("PCB must be deallocated outside this function", conn->pcb.tcp == NULL);
 652              		.loc 1 795 1 is_stmt 0 view .LVU189
 653 0000 38B5     		push	{r3, r4, r5, lr}
 654              	.LCFI8:
 655              		.cfi_def_cfa_offset 16
 656              		.cfi_offset 3, -16
 657              		.cfi_offset 4, -12
 658              		.cfi_offset 5, -8
 659              		.cfi_offset 14, -4
 660 0002 0446     		mov	r4, r0
 796:../../Middlewares/Third_Party/LwIP/src/api/api_msg.c **** 
 661              		.loc 1 796 3 is_stmt 1 view .LVU190
 796:../../Middlewares/Third_Party/LwIP/src/api/api_msg.c **** 
 662              		.loc 1 796 3 view .LVU191
 663 0004 4368     		ldr	r3, [r0, #4]
 664 0006 33B1     		cbz	r3, .L51
 796:../../Middlewares/Third_Party/LwIP/src/api/api_msg.c **** 
 665              		.loc 1 796 3 discriminator 1 view .LVU192
 796:../../Middlewares/Third_Party/LwIP/src/api/api_msg.c **** 
 666              		.loc 1 796 3 discriminator 1 view .LVU193
 667 0008 104B     		ldr	r3, .L55
 668 000a 4FF44772 		mov	r2, #796
 669 000e 1049     		ldr	r1, .L55+4
 670 0010 1048     		ldr	r0, .L55+8
 671              	.LVL63:
 796:../../Middlewares/Third_Party/LwIP/src/api/api_msg.c **** 
 672              		.loc 1 796 3 is_stmt 0 discriminator 1 view .LVU194
 673 0012 FFF7FEFF 		bl	printf
 674              	.LVL64:
 675              	.L51:
 796:../../Middlewares/Third_Party/LwIP/src/api/api_msg.c **** 
 676              		.loc 1 796 3 is_stmt 1 view .LVU195
 796:../../Middlewares/Third_Party/LwIP/src/api/api_msg.c **** 
 677              		.loc 1 796 3 view .LVU196
 803:../../Middlewares/Third_Party/LwIP/src/api/api_msg.c ****               !sys_mbox_valid(&conn->recvmbox));
 678              		.loc 1 803 3 view .LVU197
 803:../../Middlewares/Third_Party/LwIP/src/api/api_msg.c ****               !sys_mbox_valid(&conn->recvmbox));
 679              		.loc 1 803 3 view .LVU198
 680 0016 04F11000 		add	r0, r4, #16
ARM GAS  /var/folders/2r/mdtt8xvd351gdc398t28_m2m0000gn/T//ccI12eQw.s 			page 32


 681 001a FFF7FEFF 		bl	sys_mbox_valid
 682              	.LVL65:
 803:../../Middlewares/Third_Party/LwIP/src/api/api_msg.c ****               !sys_mbox_valid(&conn->recvmbox));
 683              		.loc 1 803 3 is_stmt 0 discriminator 1 view .LVU199
 684 001e 60B9     		cbnz	r0, .L54
 685              	.L52:
 803:../../Middlewares/Third_Party/LwIP/src/api/api_msg.c ****               !sys_mbox_valid(&conn->recvmbox));
 686              		.loc 1 803 3 is_stmt 1 view .LVU200
 803:../../Middlewares/Third_Party/LwIP/src/api/api_msg.c ****               !sys_mbox_valid(&conn->recvmbox));
 687              		.loc 1 803 3 view .LVU201
 811:../../Middlewares/Third_Party/LwIP/src/api/api_msg.c ****   sys_sem_set_invalid(&conn->op_completed);
 688              		.loc 1 811 3 view .LVU202
 689 0020 04F10C05 		add	r5, r4, #12
 690 0024 2846     		mov	r0, r5
 691 0026 FFF7FEFF 		bl	sys_sem_free
 692              	.LVL66:
 812:../../Middlewares/Third_Party/LwIP/src/api/api_msg.c **** #endif
 693              		.loc 1 812 3 view .LVU203
 694 002a 2846     		mov	r0, r5
 695 002c FFF7FEFF 		bl	sys_sem_set_invalid
 696              	.LVL67:
 815:../../Middlewares/Third_Party/LwIP/src/api/api_msg.c **** }
 697              		.loc 1 815 3 view .LVU204
 698 0030 2146     		mov	r1, r4
 699 0032 0420     		movs	r0, #4
 700 0034 FFF7FEFF 		bl	memp_free
 701              	.LVL68:
 816:../../Middlewares/Third_Party/LwIP/src/api/api_msg.c **** 
 702              		.loc 1 816 1 is_stmt 0 view .LVU205
 703 0038 38BD     		pop	{r3, r4, r5, pc}
 704              	.LVL69:
 705              	.L54:
 803:../../Middlewares/Third_Party/LwIP/src/api/api_msg.c ****               !sys_mbox_valid(&conn->recvmbox));
 706              		.loc 1 803 3 is_stmt 1 discriminator 1 view .LVU206
 803:../../Middlewares/Third_Party/LwIP/src/api/api_msg.c ****               !sys_mbox_valid(&conn->recvmbox));
 707              		.loc 1 803 3 discriminator 1 view .LVU207
 708 003a 044B     		ldr	r3, .L55
 709 003c 40F22332 		movw	r2, #803
 710 0040 0549     		ldr	r1, .L55+12
 711 0042 0448     		ldr	r0, .L55+8
 712 0044 FFF7FEFF 		bl	printf
 713              	.LVL70:
 714 0048 EAE7     		b	.L52
 715              	.L56:
 716 004a 00BF     		.align	2
 717              	.L55:
 718 004c 00000000 		.word	.LC0
 719 0050 00000000 		.word	.LC7
 720 0054 58000000 		.word	.LC2
 721 0058 30000000 		.word	.LC8
 722              		.cfi_endproc
 723              	.LFE178:
 725              		.section	.rodata.lwip_netconn_do_delconn.str1.4,"aMS",%progbits,1
 726              		.align	2
 727              	.LC9:
 728 0000 6E657463 		.ascii	"netconn state error\000"
 728      6F6E6E20 
ARM GAS  /var/folders/2r/mdtt8xvd351gdc398t28_m2m0000gn/T//ccI12eQw.s 			page 33


 728      73746174 
 728      65206572 
 728      726F7200 
 729              		.align	2
 730              	.LC10:
 731 0014 626C6F63 		.ascii	"blocking connect in progress\000"
 731      6B696E67 
 731      20636F6E 
 731      6E656374 
 731      20696E20 
 732              		.section	.text.lwip_netconn_do_delconn,"ax",%progbits
 733              		.align	1
 734              		.global	lwip_netconn_do_delconn
 735              		.syntax unified
 736              		.thumb
 737              		.thumb_func
 739              	lwip_netconn_do_delconn:
 740              	.LVL71:
 741              	.LFB180:
 889:../../Middlewares/Third_Party/LwIP/src/api/api_msg.c **** 
 890:../../Middlewares/Third_Party/LwIP/src/api/api_msg.c **** #if LWIP_NETCONN_FULLDUPLEX
 891:../../Middlewares/Third_Party/LwIP/src/api/api_msg.c **** static void
 892:../../Middlewares/Third_Party/LwIP/src/api/api_msg.c **** netconn_mark_mbox_invalid(struct netconn *conn)
 893:../../Middlewares/Third_Party/LwIP/src/api/api_msg.c **** {
 894:../../Middlewares/Third_Party/LwIP/src/api/api_msg.c ****   int i, num_waiting;
 895:../../Middlewares/Third_Party/LwIP/src/api/api_msg.c ****   void *msg = LWIP_CONST_CAST(void *, &netconn_deleted);
 896:../../Middlewares/Third_Party/LwIP/src/api/api_msg.c **** 
 897:../../Middlewares/Third_Party/LwIP/src/api/api_msg.c ****   /* Prevent new calls/threads from reading from the mbox */
 898:../../Middlewares/Third_Party/LwIP/src/api/api_msg.c ****   conn->flags |= NETCONN_FLAG_MBOXINVALID;
 899:../../Middlewares/Third_Party/LwIP/src/api/api_msg.c **** 
 900:../../Middlewares/Third_Party/LwIP/src/api/api_msg.c ****   SYS_ARCH_LOCKED(num_waiting = conn->mbox_threads_waiting);
 901:../../Middlewares/Third_Party/LwIP/src/api/api_msg.c ****   for (i = 0; i < num_waiting; i++) {
 902:../../Middlewares/Third_Party/LwIP/src/api/api_msg.c ****     if (sys_mbox_valid_val(conn->recvmbox)) {
 903:../../Middlewares/Third_Party/LwIP/src/api/api_msg.c ****       sys_mbox_trypost(&conn->recvmbox, msg);
 904:../../Middlewares/Third_Party/LwIP/src/api/api_msg.c ****     } else {
 905:../../Middlewares/Third_Party/LwIP/src/api/api_msg.c ****       sys_mbox_trypost(&conn->acceptmbox, msg);
 906:../../Middlewares/Third_Party/LwIP/src/api/api_msg.c ****     }
 907:../../Middlewares/Third_Party/LwIP/src/api/api_msg.c ****   }
 908:../../Middlewares/Third_Party/LwIP/src/api/api_msg.c **** }
 909:../../Middlewares/Third_Party/LwIP/src/api/api_msg.c **** #endif /* LWIP_NETCONN_FULLDUPLEX */
 910:../../Middlewares/Third_Party/LwIP/src/api/api_msg.c **** 
 911:../../Middlewares/Third_Party/LwIP/src/api/api_msg.c **** #if LWIP_TCP
 912:../../Middlewares/Third_Party/LwIP/src/api/api_msg.c **** /**
 913:../../Middlewares/Third_Party/LwIP/src/api/api_msg.c ****  * Internal helper function to close a TCP netconn: since this sometimes
 914:../../Middlewares/Third_Party/LwIP/src/api/api_msg.c ****  * doesn't work at the first attempt, this function is called from multiple
 915:../../Middlewares/Third_Party/LwIP/src/api/api_msg.c ****  * places.
 916:../../Middlewares/Third_Party/LwIP/src/api/api_msg.c ****  *
 917:../../Middlewares/Third_Party/LwIP/src/api/api_msg.c ****  * @param conn the TCP netconn to close
 918:../../Middlewares/Third_Party/LwIP/src/api/api_msg.c ****  */
 919:../../Middlewares/Third_Party/LwIP/src/api/api_msg.c **** static err_t
 920:../../Middlewares/Third_Party/LwIP/src/api/api_msg.c **** lwip_netconn_do_close_internal(struct netconn *conn  WRITE_DELAYED_PARAM)
 921:../../Middlewares/Third_Party/LwIP/src/api/api_msg.c **** {
 922:../../Middlewares/Third_Party/LwIP/src/api/api_msg.c ****   err_t err;
 923:../../Middlewares/Third_Party/LwIP/src/api/api_msg.c ****   u8_t shut, shut_rx, shut_tx, shut_close;
 924:../../Middlewares/Third_Party/LwIP/src/api/api_msg.c ****   u8_t close_finished = 0;
 925:../../Middlewares/Third_Party/LwIP/src/api/api_msg.c ****   struct tcp_pcb *tpcb;
 926:../../Middlewares/Third_Party/LwIP/src/api/api_msg.c **** #if LWIP_SO_LINGER
ARM GAS  /var/folders/2r/mdtt8xvd351gdc398t28_m2m0000gn/T//ccI12eQw.s 			page 34


 927:../../Middlewares/Third_Party/LwIP/src/api/api_msg.c ****   u8_t linger_wait_required = 0;
 928:../../Middlewares/Third_Party/LwIP/src/api/api_msg.c **** #endif /* LWIP_SO_LINGER */
 929:../../Middlewares/Third_Party/LwIP/src/api/api_msg.c **** 
 930:../../Middlewares/Third_Party/LwIP/src/api/api_msg.c ****   LWIP_ASSERT("invalid conn", (conn != NULL));
 931:../../Middlewares/Third_Party/LwIP/src/api/api_msg.c ****   LWIP_ASSERT("this is for tcp netconns only", (NETCONNTYPE_GROUP(conn->type) == NETCONN_TCP));
 932:../../Middlewares/Third_Party/LwIP/src/api/api_msg.c ****   LWIP_ASSERT("conn must be in state NETCONN_CLOSE", (conn->state == NETCONN_CLOSE));
 933:../../Middlewares/Third_Party/LwIP/src/api/api_msg.c ****   LWIP_ASSERT("pcb already closed", (conn->pcb.tcp != NULL));
 934:../../Middlewares/Third_Party/LwIP/src/api/api_msg.c ****   LWIP_ASSERT("conn->current_msg != NULL", conn->current_msg != NULL);
 935:../../Middlewares/Third_Party/LwIP/src/api/api_msg.c **** 
 936:../../Middlewares/Third_Party/LwIP/src/api/api_msg.c ****   tpcb = conn->pcb.tcp;
 937:../../Middlewares/Third_Party/LwIP/src/api/api_msg.c ****   shut = conn->current_msg->msg.sd.shut;
 938:../../Middlewares/Third_Party/LwIP/src/api/api_msg.c ****   shut_rx = shut & NETCONN_SHUT_RD;
 939:../../Middlewares/Third_Party/LwIP/src/api/api_msg.c ****   shut_tx = shut & NETCONN_SHUT_WR;
 940:../../Middlewares/Third_Party/LwIP/src/api/api_msg.c ****   /* shutting down both ends is the same as closing
 941:../../Middlewares/Third_Party/LwIP/src/api/api_msg.c ****      (also if RD or WR side was shut down before already) */
 942:../../Middlewares/Third_Party/LwIP/src/api/api_msg.c ****   if (shut == NETCONN_SHUT_RDWR) {
 943:../../Middlewares/Third_Party/LwIP/src/api/api_msg.c ****     shut_close = 1;
 944:../../Middlewares/Third_Party/LwIP/src/api/api_msg.c ****   } else if (shut_rx &&
 945:../../Middlewares/Third_Party/LwIP/src/api/api_msg.c ****              ((tpcb->state == FIN_WAIT_1) ||
 946:../../Middlewares/Third_Party/LwIP/src/api/api_msg.c ****               (tpcb->state == FIN_WAIT_2) ||
 947:../../Middlewares/Third_Party/LwIP/src/api/api_msg.c ****               (tpcb->state == CLOSING))) {
 948:../../Middlewares/Third_Party/LwIP/src/api/api_msg.c ****     shut_close = 1;
 949:../../Middlewares/Third_Party/LwIP/src/api/api_msg.c ****   } else if (shut_tx && ((tpcb->flags & TF_RXCLOSED) != 0)) {
 950:../../Middlewares/Third_Party/LwIP/src/api/api_msg.c ****     shut_close = 1;
 951:../../Middlewares/Third_Party/LwIP/src/api/api_msg.c ****   } else {
 952:../../Middlewares/Third_Party/LwIP/src/api/api_msg.c ****     shut_close = 0;
 953:../../Middlewares/Third_Party/LwIP/src/api/api_msg.c ****   }
 954:../../Middlewares/Third_Party/LwIP/src/api/api_msg.c **** 
 955:../../Middlewares/Third_Party/LwIP/src/api/api_msg.c ****   /* Set back some callback pointers */
 956:../../Middlewares/Third_Party/LwIP/src/api/api_msg.c ****   if (shut_close) {
 957:../../Middlewares/Third_Party/LwIP/src/api/api_msg.c ****     tcp_arg(tpcb, NULL);
 958:../../Middlewares/Third_Party/LwIP/src/api/api_msg.c ****   }
 959:../../Middlewares/Third_Party/LwIP/src/api/api_msg.c ****   if (tpcb->state == LISTEN) {
 960:../../Middlewares/Third_Party/LwIP/src/api/api_msg.c ****     tcp_accept(tpcb, NULL);
 961:../../Middlewares/Third_Party/LwIP/src/api/api_msg.c ****   } else {
 962:../../Middlewares/Third_Party/LwIP/src/api/api_msg.c ****     /* some callbacks have to be reset if tcp_close is not successful */
 963:../../Middlewares/Third_Party/LwIP/src/api/api_msg.c ****     if (shut_rx) {
 964:../../Middlewares/Third_Party/LwIP/src/api/api_msg.c ****       tcp_recv(tpcb, NULL);
 965:../../Middlewares/Third_Party/LwIP/src/api/api_msg.c ****       tcp_accept(tpcb, NULL);
 966:../../Middlewares/Third_Party/LwIP/src/api/api_msg.c ****     }
 967:../../Middlewares/Third_Party/LwIP/src/api/api_msg.c ****     if (shut_tx) {
 968:../../Middlewares/Third_Party/LwIP/src/api/api_msg.c ****       tcp_sent(tpcb, NULL);
 969:../../Middlewares/Third_Party/LwIP/src/api/api_msg.c ****     }
 970:../../Middlewares/Third_Party/LwIP/src/api/api_msg.c ****     if (shut_close) {
 971:../../Middlewares/Third_Party/LwIP/src/api/api_msg.c ****       tcp_poll(tpcb, NULL, 0);
 972:../../Middlewares/Third_Party/LwIP/src/api/api_msg.c ****       tcp_err(tpcb, NULL);
 973:../../Middlewares/Third_Party/LwIP/src/api/api_msg.c ****     }
 974:../../Middlewares/Third_Party/LwIP/src/api/api_msg.c ****   }
 975:../../Middlewares/Third_Party/LwIP/src/api/api_msg.c ****   /* Try to close the connection */
 976:../../Middlewares/Third_Party/LwIP/src/api/api_msg.c ****   if (shut_close) {
 977:../../Middlewares/Third_Party/LwIP/src/api/api_msg.c **** #if LWIP_SO_LINGER
 978:../../Middlewares/Third_Party/LwIP/src/api/api_msg.c ****     /* check linger possibilites before calling tcp_close */
 979:../../Middlewares/Third_Party/LwIP/src/api/api_msg.c ****     err = ERR_OK;
 980:../../Middlewares/Third_Party/LwIP/src/api/api_msg.c ****     /* linger enabled/required at all? (i.e. is there untransmitted data left?) */
 981:../../Middlewares/Third_Party/LwIP/src/api/api_msg.c ****     if ((conn->linger >= 0) && (conn->pcb.tcp->unsent || conn->pcb.tcp->unacked)) {
 982:../../Middlewares/Third_Party/LwIP/src/api/api_msg.c ****       if ((conn->linger == 0)) {
 983:../../Middlewares/Third_Party/LwIP/src/api/api_msg.c ****         /* data left but linger prevents waiting */
ARM GAS  /var/folders/2r/mdtt8xvd351gdc398t28_m2m0000gn/T//ccI12eQw.s 			page 35


 984:../../Middlewares/Third_Party/LwIP/src/api/api_msg.c ****         tcp_abort(tpcb);
 985:../../Middlewares/Third_Party/LwIP/src/api/api_msg.c ****         tpcb = NULL;
 986:../../Middlewares/Third_Party/LwIP/src/api/api_msg.c ****       } else if (conn->linger > 0) {
 987:../../Middlewares/Third_Party/LwIP/src/api/api_msg.c ****         /* data left and linger says we should wait */
 988:../../Middlewares/Third_Party/LwIP/src/api/api_msg.c ****         if (netconn_is_nonblocking(conn)) {
 989:../../Middlewares/Third_Party/LwIP/src/api/api_msg.c ****           /* data left on a nonblocking netconn -> cannot linger */
 990:../../Middlewares/Third_Party/LwIP/src/api/api_msg.c ****           err = ERR_WOULDBLOCK;
 991:../../Middlewares/Third_Party/LwIP/src/api/api_msg.c ****         } else if ((s32_t)(sys_now() - conn->current_msg->msg.sd.time_started) >=
 992:../../Middlewares/Third_Party/LwIP/src/api/api_msg.c ****                    (conn->linger * 1000)) {
 993:../../Middlewares/Third_Party/LwIP/src/api/api_msg.c ****           /* data left but linger timeout has expired (this happens on further
 994:../../Middlewares/Third_Party/LwIP/src/api/api_msg.c ****              calls to this function through poll_tcp */
 995:../../Middlewares/Third_Party/LwIP/src/api/api_msg.c ****           tcp_abort(tpcb);
 996:../../Middlewares/Third_Party/LwIP/src/api/api_msg.c ****           tpcb = NULL;
 997:../../Middlewares/Third_Party/LwIP/src/api/api_msg.c ****         } else {
 998:../../Middlewares/Third_Party/LwIP/src/api/api_msg.c ****           /* data left -> need to wait for ACK after successful close */
 999:../../Middlewares/Third_Party/LwIP/src/api/api_msg.c ****           linger_wait_required = 1;
1000:../../Middlewares/Third_Party/LwIP/src/api/api_msg.c ****         }
1001:../../Middlewares/Third_Party/LwIP/src/api/api_msg.c ****       }
1002:../../Middlewares/Third_Party/LwIP/src/api/api_msg.c ****     }
1003:../../Middlewares/Third_Party/LwIP/src/api/api_msg.c ****     if ((err == ERR_OK) && (tpcb != NULL))
1004:../../Middlewares/Third_Party/LwIP/src/api/api_msg.c **** #endif /* LWIP_SO_LINGER */
1005:../../Middlewares/Third_Party/LwIP/src/api/api_msg.c ****     {
1006:../../Middlewares/Third_Party/LwIP/src/api/api_msg.c ****       err = tcp_close(tpcb);
1007:../../Middlewares/Third_Party/LwIP/src/api/api_msg.c ****     }
1008:../../Middlewares/Third_Party/LwIP/src/api/api_msg.c ****   } else {
1009:../../Middlewares/Third_Party/LwIP/src/api/api_msg.c ****     err = tcp_shutdown(tpcb, shut_rx, shut_tx);
1010:../../Middlewares/Third_Party/LwIP/src/api/api_msg.c ****   }
1011:../../Middlewares/Third_Party/LwIP/src/api/api_msg.c ****   if (err == ERR_OK) {
1012:../../Middlewares/Third_Party/LwIP/src/api/api_msg.c ****     close_finished = 1;
1013:../../Middlewares/Third_Party/LwIP/src/api/api_msg.c **** #if LWIP_SO_LINGER
1014:../../Middlewares/Third_Party/LwIP/src/api/api_msg.c ****     if (linger_wait_required) {
1015:../../Middlewares/Third_Party/LwIP/src/api/api_msg.c ****       /* wait for ACK of all unsent/unacked data by just getting called again */
1016:../../Middlewares/Third_Party/LwIP/src/api/api_msg.c ****       close_finished = 0;
1017:../../Middlewares/Third_Party/LwIP/src/api/api_msg.c ****       err = ERR_INPROGRESS;
1018:../../Middlewares/Third_Party/LwIP/src/api/api_msg.c ****     }
1019:../../Middlewares/Third_Party/LwIP/src/api/api_msg.c **** #endif /* LWIP_SO_LINGER */
1020:../../Middlewares/Third_Party/LwIP/src/api/api_msg.c ****   } else {
1021:../../Middlewares/Third_Party/LwIP/src/api/api_msg.c ****     if (err == ERR_MEM) {
1022:../../Middlewares/Third_Party/LwIP/src/api/api_msg.c ****       /* Closing failed because of memory shortage, try again later. Even for
1023:../../Middlewares/Third_Party/LwIP/src/api/api_msg.c ****          nonblocking netconns, we have to wait since no standard socket application
1024:../../Middlewares/Third_Party/LwIP/src/api/api_msg.c ****          is prepared for close failing because of resource shortage.
1025:../../Middlewares/Third_Party/LwIP/src/api/api_msg.c ****          Check the timeout: this is kind of an lwip addition to the standard sockets:
1026:../../Middlewares/Third_Party/LwIP/src/api/api_msg.c ****          we wait for some time when failing to allocate a segment for the FIN */
1027:../../Middlewares/Third_Party/LwIP/src/api/api_msg.c **** #if LWIP_SO_SNDTIMEO || LWIP_SO_LINGER
1028:../../Middlewares/Third_Party/LwIP/src/api/api_msg.c ****       s32_t close_timeout = LWIP_TCP_CLOSE_TIMEOUT_MS_DEFAULT;
1029:../../Middlewares/Third_Party/LwIP/src/api/api_msg.c **** #if LWIP_SO_SNDTIMEO
1030:../../Middlewares/Third_Party/LwIP/src/api/api_msg.c ****       if (conn->send_timeout > 0) {
1031:../../Middlewares/Third_Party/LwIP/src/api/api_msg.c ****         close_timeout = conn->send_timeout;
1032:../../Middlewares/Third_Party/LwIP/src/api/api_msg.c ****       }
1033:../../Middlewares/Third_Party/LwIP/src/api/api_msg.c **** #endif /* LWIP_SO_SNDTIMEO */
1034:../../Middlewares/Third_Party/LwIP/src/api/api_msg.c **** #if LWIP_SO_LINGER
1035:../../Middlewares/Third_Party/LwIP/src/api/api_msg.c ****       if (conn->linger >= 0) {
1036:../../Middlewares/Third_Party/LwIP/src/api/api_msg.c ****         /* use linger timeout (seconds) */
1037:../../Middlewares/Third_Party/LwIP/src/api/api_msg.c ****         close_timeout = conn->linger * 1000U;
1038:../../Middlewares/Third_Party/LwIP/src/api/api_msg.c ****       }
1039:../../Middlewares/Third_Party/LwIP/src/api/api_msg.c **** #endif
1040:../../Middlewares/Third_Party/LwIP/src/api/api_msg.c ****       if ((s32_t)(sys_now() - conn->current_msg->msg.sd.time_started) >= close_timeout) {
ARM GAS  /var/folders/2r/mdtt8xvd351gdc398t28_m2m0000gn/T//ccI12eQw.s 			page 36


1041:../../Middlewares/Third_Party/LwIP/src/api/api_msg.c **** #else /* LWIP_SO_SNDTIMEO || LWIP_SO_LINGER */
1042:../../Middlewares/Third_Party/LwIP/src/api/api_msg.c ****       if (conn->current_msg->msg.sd.polls_left == 0) {
1043:../../Middlewares/Third_Party/LwIP/src/api/api_msg.c **** #endif /* LWIP_SO_SNDTIMEO || LWIP_SO_LINGER */
1044:../../Middlewares/Third_Party/LwIP/src/api/api_msg.c ****         close_finished = 1;
1045:../../Middlewares/Third_Party/LwIP/src/api/api_msg.c ****         if (shut_close) {
1046:../../Middlewares/Third_Party/LwIP/src/api/api_msg.c ****           /* in this case, we want to RST the connection */
1047:../../Middlewares/Third_Party/LwIP/src/api/api_msg.c ****           tcp_abort(tpcb);
1048:../../Middlewares/Third_Party/LwIP/src/api/api_msg.c ****           err = ERR_OK;
1049:../../Middlewares/Third_Party/LwIP/src/api/api_msg.c ****         }
1050:../../Middlewares/Third_Party/LwIP/src/api/api_msg.c ****       }
1051:../../Middlewares/Third_Party/LwIP/src/api/api_msg.c ****     } else {
1052:../../Middlewares/Third_Party/LwIP/src/api/api_msg.c ****       /* Closing failed for a non-memory error: give up */
1053:../../Middlewares/Third_Party/LwIP/src/api/api_msg.c ****       close_finished = 1;
1054:../../Middlewares/Third_Party/LwIP/src/api/api_msg.c ****     }
1055:../../Middlewares/Third_Party/LwIP/src/api/api_msg.c ****   }
1056:../../Middlewares/Third_Party/LwIP/src/api/api_msg.c ****   if (close_finished) {
1057:../../Middlewares/Third_Party/LwIP/src/api/api_msg.c ****     /* Closing done (succeeded, non-memory error, nonblocking error or timeout) */
1058:../../Middlewares/Third_Party/LwIP/src/api/api_msg.c ****     sys_sem_t *op_completed_sem = LWIP_API_MSG_SEM(conn->current_msg);
1059:../../Middlewares/Third_Party/LwIP/src/api/api_msg.c ****     conn->current_msg->err = err;
1060:../../Middlewares/Third_Party/LwIP/src/api/api_msg.c ****     conn->current_msg = NULL;
1061:../../Middlewares/Third_Party/LwIP/src/api/api_msg.c ****     conn->state = NETCONN_NONE;
1062:../../Middlewares/Third_Party/LwIP/src/api/api_msg.c ****     if (err == ERR_OK) {
1063:../../Middlewares/Third_Party/LwIP/src/api/api_msg.c ****       if (shut_close) {
1064:../../Middlewares/Third_Party/LwIP/src/api/api_msg.c ****         /* Set back some callback pointers as conn is going away */
1065:../../Middlewares/Third_Party/LwIP/src/api/api_msg.c ****         conn->pcb.tcp = NULL;
1066:../../Middlewares/Third_Party/LwIP/src/api/api_msg.c ****         /* Trigger select() in socket layer. Make sure everybody notices activity
1067:../../Middlewares/Third_Party/LwIP/src/api/api_msg.c ****          on the connection, error first! */
1068:../../Middlewares/Third_Party/LwIP/src/api/api_msg.c ****         API_EVENT(conn, NETCONN_EVT_ERROR, 0);
1069:../../Middlewares/Third_Party/LwIP/src/api/api_msg.c ****       }
1070:../../Middlewares/Third_Party/LwIP/src/api/api_msg.c ****       if (shut_rx) {
1071:../../Middlewares/Third_Party/LwIP/src/api/api_msg.c ****         API_EVENT(conn, NETCONN_EVT_RCVPLUS, 0);
1072:../../Middlewares/Third_Party/LwIP/src/api/api_msg.c ****       }
1073:../../Middlewares/Third_Party/LwIP/src/api/api_msg.c ****       if (shut_tx) {
1074:../../Middlewares/Third_Party/LwIP/src/api/api_msg.c ****         API_EVENT(conn, NETCONN_EVT_SENDPLUS, 0);
1075:../../Middlewares/Third_Party/LwIP/src/api/api_msg.c ****       }
1076:../../Middlewares/Third_Party/LwIP/src/api/api_msg.c ****     }
1077:../../Middlewares/Third_Party/LwIP/src/api/api_msg.c **** #if LWIP_TCPIP_CORE_LOCKING
1078:../../Middlewares/Third_Party/LwIP/src/api/api_msg.c ****     if (delayed)
1079:../../Middlewares/Third_Party/LwIP/src/api/api_msg.c **** #endif
1080:../../Middlewares/Third_Party/LwIP/src/api/api_msg.c ****     {
1081:../../Middlewares/Third_Party/LwIP/src/api/api_msg.c ****       /* wake up the application task */
1082:../../Middlewares/Third_Party/LwIP/src/api/api_msg.c ****       sys_sem_signal(op_completed_sem);
1083:../../Middlewares/Third_Party/LwIP/src/api/api_msg.c ****     }
1084:../../Middlewares/Third_Party/LwIP/src/api/api_msg.c ****     return ERR_OK;
1085:../../Middlewares/Third_Party/LwIP/src/api/api_msg.c ****   }
1086:../../Middlewares/Third_Party/LwIP/src/api/api_msg.c ****   if (!close_finished) {
1087:../../Middlewares/Third_Party/LwIP/src/api/api_msg.c ****     /* Closing failed and we want to wait: restore some of the callbacks */
1088:../../Middlewares/Third_Party/LwIP/src/api/api_msg.c ****     /* Closing of listen pcb will never fail! */
1089:../../Middlewares/Third_Party/LwIP/src/api/api_msg.c ****     LWIP_ASSERT("Closing a listen pcb may not fail!", (tpcb->state != LISTEN));
1090:../../Middlewares/Third_Party/LwIP/src/api/api_msg.c ****     if (shut_tx) {
1091:../../Middlewares/Third_Party/LwIP/src/api/api_msg.c ****       tcp_sent(tpcb, sent_tcp);
1092:../../Middlewares/Third_Party/LwIP/src/api/api_msg.c ****     }
1093:../../Middlewares/Third_Party/LwIP/src/api/api_msg.c ****     /* when waiting for close, set up poll interval to 500ms */
1094:../../Middlewares/Third_Party/LwIP/src/api/api_msg.c ****     tcp_poll(tpcb, poll_tcp, 1);
1095:../../Middlewares/Third_Party/LwIP/src/api/api_msg.c ****     tcp_err(tpcb, err_tcp);
1096:../../Middlewares/Third_Party/LwIP/src/api/api_msg.c ****     tcp_arg(tpcb, conn);
1097:../../Middlewares/Third_Party/LwIP/src/api/api_msg.c ****     /* don't restore recv callback: we don't want to receive any more data */
ARM GAS  /var/folders/2r/mdtt8xvd351gdc398t28_m2m0000gn/T//ccI12eQw.s 			page 37


1098:../../Middlewares/Third_Party/LwIP/src/api/api_msg.c ****   }
1099:../../Middlewares/Third_Party/LwIP/src/api/api_msg.c ****   /* If closing didn't succeed, we get called again either
1100:../../Middlewares/Third_Party/LwIP/src/api/api_msg.c ****      from poll_tcp or from sent_tcp */
1101:../../Middlewares/Third_Party/LwIP/src/api/api_msg.c ****   LWIP_ASSERT("err != ERR_OK", err != ERR_OK);
1102:../../Middlewares/Third_Party/LwIP/src/api/api_msg.c ****   return err;
1103:../../Middlewares/Third_Party/LwIP/src/api/api_msg.c **** }
1104:../../Middlewares/Third_Party/LwIP/src/api/api_msg.c **** #endif /* LWIP_TCP */
1105:../../Middlewares/Third_Party/LwIP/src/api/api_msg.c **** 
1106:../../Middlewares/Third_Party/LwIP/src/api/api_msg.c **** /**
1107:../../Middlewares/Third_Party/LwIP/src/api/api_msg.c ****  * Delete the pcb inside a netconn.
1108:../../Middlewares/Third_Party/LwIP/src/api/api_msg.c ****  * Called from netconn_delete.
1109:../../Middlewares/Third_Party/LwIP/src/api/api_msg.c ****  *
1110:../../Middlewares/Third_Party/LwIP/src/api/api_msg.c ****  * @param m the api_msg pointing to the connection
1111:../../Middlewares/Third_Party/LwIP/src/api/api_msg.c ****  */
1112:../../Middlewares/Third_Party/LwIP/src/api/api_msg.c **** void
1113:../../Middlewares/Third_Party/LwIP/src/api/api_msg.c **** lwip_netconn_do_delconn(void *m)
1114:../../Middlewares/Third_Party/LwIP/src/api/api_msg.c **** {
 742              		.loc 1 1114 1 view -0
 743              		.cfi_startproc
 744              		@ args = 0, pretend = 0, frame = 0
 745              		@ frame_needed = 0, uses_anonymous_args = 0
 746              		.loc 1 1114 1 is_stmt 0 view .LVU209
 747 0000 38B5     		push	{r3, r4, r5, lr}
 748              	.LCFI9:
 749              		.cfi_def_cfa_offset 16
 750              		.cfi_offset 3, -16
 751              		.cfi_offset 4, -12
 752              		.cfi_offset 5, -8
 753              		.cfi_offset 14, -4
 754 0002 0446     		mov	r4, r0
1115:../../Middlewares/Third_Party/LwIP/src/api/api_msg.c ****   struct api_msg *msg = (struct api_msg *)m;
 755              		.loc 1 1115 3 is_stmt 1 view .LVU210
 756              	.LVL72:
1116:../../Middlewares/Third_Party/LwIP/src/api/api_msg.c **** 
1117:../../Middlewares/Third_Party/LwIP/src/api/api_msg.c ****   enum netconn_state state = msg->conn->state;
 757              		.loc 1 1117 3 view .LVU211
 758              		.loc 1 1117 33 is_stmt 0 view .LVU212
 759 0004 0368     		ldr	r3, [r0]
 760              		.loc 1 1117 22 view .LVU213
 761 0006 5D78     		ldrb	r5, [r3, #1]	@ zero_extendqisi2
 762              	.LVL73:
1118:../../Middlewares/Third_Party/LwIP/src/api/api_msg.c ****   LWIP_ASSERT("netconn state error", /* this only happens for TCP netconns */
 763              		.loc 1 1118 3 is_stmt 1 view .LVU214
 764              		.loc 1 1118 3 view .LVU215
 765 0008 25B1     		cbz	r5, .L58
 766              		.loc 1 1118 3 is_stmt 0 discriminator 1 view .LVU216
 767 000a 1B78     		ldrb	r3, [r3]	@ zero_extendqisi2
 768 000c 03F0F003 		and	r3, r3, #240
 769 0010 102B     		cmp	r3, #16
 770 0012 0CD1     		bne	.L67
 771              	.LVL74:
 772              	.L58:
 773              		.loc 1 1118 3 is_stmt 1 view .LVU217
 774              		.loc 1 1118 3 view .LVU218
1119:../../Middlewares/Third_Party/LwIP/src/api/api_msg.c ****               (state == NETCONN_NONE) || (NETCONNTYPE_GROUP(msg->conn->type) == NETCONN_TCP));
1120:../../Middlewares/Third_Party/LwIP/src/api/api_msg.c **** #if LWIP_NETCONN_FULLDUPLEX
1121:../../Middlewares/Third_Party/LwIP/src/api/api_msg.c ****   /* In full duplex mode, blocking write/connect is aborted with ERR_CLSD */
ARM GAS  /var/folders/2r/mdtt8xvd351gdc398t28_m2m0000gn/T//ccI12eQw.s 			page 38


1122:../../Middlewares/Third_Party/LwIP/src/api/api_msg.c ****   if (state != NETCONN_NONE) {
1123:../../Middlewares/Third_Party/LwIP/src/api/api_msg.c ****     if ((state == NETCONN_WRITE) ||
1124:../../Middlewares/Third_Party/LwIP/src/api/api_msg.c ****         ((state == NETCONN_CONNECT) && !IN_NONBLOCKING_CONNECT(msg->conn))) {
1125:../../Middlewares/Third_Party/LwIP/src/api/api_msg.c ****       /* close requested, abort running write/connect */
1126:../../Middlewares/Third_Party/LwIP/src/api/api_msg.c ****       sys_sem_t *op_completed_sem;
1127:../../Middlewares/Third_Party/LwIP/src/api/api_msg.c ****       LWIP_ASSERT("msg->conn->current_msg != NULL", msg->conn->current_msg != NULL);
1128:../../Middlewares/Third_Party/LwIP/src/api/api_msg.c ****       op_completed_sem = LWIP_API_MSG_SEM(msg->conn->current_msg);
1129:../../Middlewares/Third_Party/LwIP/src/api/api_msg.c ****       msg->conn->current_msg->err = ERR_CLSD;
1130:../../Middlewares/Third_Party/LwIP/src/api/api_msg.c ****       msg->conn->current_msg = NULL;
1131:../../Middlewares/Third_Party/LwIP/src/api/api_msg.c ****       msg->conn->state = NETCONN_NONE;
1132:../../Middlewares/Third_Party/LwIP/src/api/api_msg.c ****       sys_sem_signal(op_completed_sem);
1133:../../Middlewares/Third_Party/LwIP/src/api/api_msg.c ****     }
1134:../../Middlewares/Third_Party/LwIP/src/api/api_msg.c ****   }
1135:../../Middlewares/Third_Party/LwIP/src/api/api_msg.c **** #else /* LWIP_NETCONN_FULLDUPLEX */
1136:../../Middlewares/Third_Party/LwIP/src/api/api_msg.c ****   if (((state != NETCONN_NONE) &&
 775              		.loc 1 1136 3 view .LVU219
 776              		.loc 1 1136 6 is_stmt 0 view .LVU220
 777 0014 002D     		cmp	r5, #0
 778 0016 18BF     		it	ne
 779 0018 022D     		cmpne	r5, #2
 780 001a 15D0     		beq	.L59
1137:../../Middlewares/Third_Party/LwIP/src/api/api_msg.c ****        (state != NETCONN_LISTEN) &&
 781              		.loc 1 1137 34 view .LVU221
 782 001c 032D     		cmp	r5, #3
 783 001e 0ED0     		beq	.L68
 784              	.L60:
1138:../../Middlewares/Third_Party/LwIP/src/api/api_msg.c ****        (state != NETCONN_CONNECT)) ||
1139:../../Middlewares/Third_Party/LwIP/src/api/api_msg.c ****       ((state == NETCONN_CONNECT) && !IN_NONBLOCKING_CONNECT(msg->conn))) {
1140:../../Middlewares/Third_Party/LwIP/src/api/api_msg.c ****     /* This means either a blocking write or blocking connect is running
1141:../../Middlewares/Third_Party/LwIP/src/api/api_msg.c ****        (nonblocking write returns and sets state to NONE) */
1142:../../Middlewares/Third_Party/LwIP/src/api/api_msg.c ****     msg->err = ERR_INPROGRESS;
 785              		.loc 1 1142 5 is_stmt 1 view .LVU222
 786              		.loc 1 1142 14 is_stmt 0 view .LVU223
 787 0020 FB23     		movs	r3, #251
 788 0022 2371     		strb	r3, [r4, #4]
 789              	.L61:
1143:../../Middlewares/Third_Party/LwIP/src/api/api_msg.c ****   } else
1144:../../Middlewares/Third_Party/LwIP/src/api/api_msg.c **** #endif /* LWIP_NETCONN_FULLDUPLEX */
1145:../../Middlewares/Third_Party/LwIP/src/api/api_msg.c ****   {
1146:../../Middlewares/Third_Party/LwIP/src/api/api_msg.c ****     LWIP_ASSERT("blocking connect in progress",
1147:../../Middlewares/Third_Party/LwIP/src/api/api_msg.c ****                 (state != NETCONN_CONNECT) || IN_NONBLOCKING_CONNECT(msg->conn));
1148:../../Middlewares/Third_Party/LwIP/src/api/api_msg.c ****     msg->err = ERR_OK;
1149:../../Middlewares/Third_Party/LwIP/src/api/api_msg.c **** #if LWIP_NETCONN_FULLDUPLEX
1150:../../Middlewares/Third_Party/LwIP/src/api/api_msg.c ****     /* Mark mboxes invalid */
1151:../../Middlewares/Third_Party/LwIP/src/api/api_msg.c ****     netconn_mark_mbox_invalid(msg->conn);
1152:../../Middlewares/Third_Party/LwIP/src/api/api_msg.c **** #else /* LWIP_NETCONN_FULLDUPLEX */
1153:../../Middlewares/Third_Party/LwIP/src/api/api_msg.c ****     netconn_drain(msg->conn);
1154:../../Middlewares/Third_Party/LwIP/src/api/api_msg.c **** #endif /* LWIP_NETCONN_FULLDUPLEX */
1155:../../Middlewares/Third_Party/LwIP/src/api/api_msg.c **** 
1156:../../Middlewares/Third_Party/LwIP/src/api/api_msg.c ****     if (msg->conn->pcb.tcp != NULL) {
1157:../../Middlewares/Third_Party/LwIP/src/api/api_msg.c **** 
1158:../../Middlewares/Third_Party/LwIP/src/api/api_msg.c ****       switch (NETCONNTYPE_GROUP(msg->conn->type)) {
1159:../../Middlewares/Third_Party/LwIP/src/api/api_msg.c **** #if LWIP_RAW
1160:../../Middlewares/Third_Party/LwIP/src/api/api_msg.c ****         case NETCONN_RAW:
1161:../../Middlewares/Third_Party/LwIP/src/api/api_msg.c ****           raw_remove(msg->conn->pcb.raw);
1162:../../Middlewares/Third_Party/LwIP/src/api/api_msg.c ****           break;
1163:../../Middlewares/Third_Party/LwIP/src/api/api_msg.c **** #endif /* LWIP_RAW */
ARM GAS  /var/folders/2r/mdtt8xvd351gdc398t28_m2m0000gn/T//ccI12eQw.s 			page 39


1164:../../Middlewares/Third_Party/LwIP/src/api/api_msg.c **** #if LWIP_UDP
1165:../../Middlewares/Third_Party/LwIP/src/api/api_msg.c ****         case NETCONN_UDP:
1166:../../Middlewares/Third_Party/LwIP/src/api/api_msg.c ****           msg->conn->pcb.udp->recv_arg = NULL;
1167:../../Middlewares/Third_Party/LwIP/src/api/api_msg.c ****           udp_remove(msg->conn->pcb.udp);
1168:../../Middlewares/Third_Party/LwIP/src/api/api_msg.c ****           break;
1169:../../Middlewares/Third_Party/LwIP/src/api/api_msg.c **** #endif /* LWIP_UDP */
1170:../../Middlewares/Third_Party/LwIP/src/api/api_msg.c **** #if LWIP_TCP
1171:../../Middlewares/Third_Party/LwIP/src/api/api_msg.c ****         case NETCONN_TCP:
1172:../../Middlewares/Third_Party/LwIP/src/api/api_msg.c ****           LWIP_ASSERT("already writing or closing", msg->conn->current_msg == NULL);
1173:../../Middlewares/Third_Party/LwIP/src/api/api_msg.c ****           msg->conn->state = NETCONN_CLOSE;
1174:../../Middlewares/Third_Party/LwIP/src/api/api_msg.c ****           msg->msg.sd.shut = NETCONN_SHUT_RDWR;
1175:../../Middlewares/Third_Party/LwIP/src/api/api_msg.c ****           msg->conn->current_msg = msg;
1176:../../Middlewares/Third_Party/LwIP/src/api/api_msg.c **** #if LWIP_TCPIP_CORE_LOCKING
1177:../../Middlewares/Third_Party/LwIP/src/api/api_msg.c ****           if (lwip_netconn_do_close_internal(msg->conn, 0) != ERR_OK) {
1178:../../Middlewares/Third_Party/LwIP/src/api/api_msg.c ****             LWIP_ASSERT("state!", msg->conn->state == NETCONN_CLOSE);
1179:../../Middlewares/Third_Party/LwIP/src/api/api_msg.c ****             UNLOCK_TCPIP_CORE();
1180:../../Middlewares/Third_Party/LwIP/src/api/api_msg.c ****             sys_arch_sem_wait(LWIP_API_MSG_SEM(msg), 0);
1181:../../Middlewares/Third_Party/LwIP/src/api/api_msg.c ****             LOCK_TCPIP_CORE();
1182:../../Middlewares/Third_Party/LwIP/src/api/api_msg.c ****             LWIP_ASSERT("state!", msg->conn->state == NETCONN_NONE);
1183:../../Middlewares/Third_Party/LwIP/src/api/api_msg.c ****           }
1184:../../Middlewares/Third_Party/LwIP/src/api/api_msg.c **** #else /* LWIP_TCPIP_CORE_LOCKING */
1185:../../Middlewares/Third_Party/LwIP/src/api/api_msg.c ****           lwip_netconn_do_close_internal(msg->conn);
1186:../../Middlewares/Third_Party/LwIP/src/api/api_msg.c **** #endif /* LWIP_TCPIP_CORE_LOCKING */
1187:../../Middlewares/Third_Party/LwIP/src/api/api_msg.c ****           /* API_EVENT is called inside lwip_netconn_do_close_internal, before releasing
1188:../../Middlewares/Third_Party/LwIP/src/api/api_msg.c ****              the application thread, so we can return at this point! */
1189:../../Middlewares/Third_Party/LwIP/src/api/api_msg.c ****           return;
1190:../../Middlewares/Third_Party/LwIP/src/api/api_msg.c **** #endif /* LWIP_TCP */
1191:../../Middlewares/Third_Party/LwIP/src/api/api_msg.c ****         default:
1192:../../Middlewares/Third_Party/LwIP/src/api/api_msg.c ****           break;
1193:../../Middlewares/Third_Party/LwIP/src/api/api_msg.c ****       }
1194:../../Middlewares/Third_Party/LwIP/src/api/api_msg.c ****       msg->conn->pcb.tcp = NULL;
1195:../../Middlewares/Third_Party/LwIP/src/api/api_msg.c ****     }
1196:../../Middlewares/Third_Party/LwIP/src/api/api_msg.c ****     /* tcp netconns don't come here! */
1197:../../Middlewares/Third_Party/LwIP/src/api/api_msg.c **** 
1198:../../Middlewares/Third_Party/LwIP/src/api/api_msg.c ****     /* @todo: this lets select make the socket readable and writable,
1199:../../Middlewares/Third_Party/LwIP/src/api/api_msg.c ****        which is wrong! errfd instead? */
1200:../../Middlewares/Third_Party/LwIP/src/api/api_msg.c ****     API_EVENT(msg->conn, NETCONN_EVT_RCVPLUS, 0);
1201:../../Middlewares/Third_Party/LwIP/src/api/api_msg.c ****     API_EVENT(msg->conn, NETCONN_EVT_SENDPLUS, 0);
 790              		.loc 1 1201 50 is_stmt 1 view .LVU224
1202:../../Middlewares/Third_Party/LwIP/src/api/api_msg.c ****   }
1203:../../Middlewares/Third_Party/LwIP/src/api/api_msg.c ****   if (sys_sem_valid(LWIP_API_MSG_SEM(msg))) {
 791              		.loc 1 1203 3 view .LVU225
 792              		.loc 1 1203 21 is_stmt 0 view .LVU226
 793 0024 2068     		ldr	r0, [r4]
 794              		.loc 1 1203 7 view .LVU227
 795 0026 0C30     		adds	r0, r0, #12
 796 0028 FFF7FEFF 		bl	sys_sem_valid
 797              	.LVL75:
1204:../../Middlewares/Third_Party/LwIP/src/api/api_msg.c ****     TCPIP_APIMSG_ACK(msg);
 798              		.loc 1 1204 26 is_stmt 1 view .LVU228
1205:../../Middlewares/Third_Party/LwIP/src/api/api_msg.c ****   }
1206:../../Middlewares/Third_Party/LwIP/src/api/api_msg.c **** }
 799              		.loc 1 1206 1 is_stmt 0 view .LVU229
 800 002c 38BD     		pop	{r3, r4, r5, pc}
 801              	.LVL76:
 802              	.L67:
1118:../../Middlewares/Third_Party/LwIP/src/api/api_msg.c ****               (state == NETCONN_NONE) || (NETCONNTYPE_GROUP(msg->conn->type) == NETCONN_TCP));
ARM GAS  /var/folders/2r/mdtt8xvd351gdc398t28_m2m0000gn/T//ccI12eQw.s 			page 40


 803              		.loc 1 1118 3 is_stmt 1 discriminator 2 view .LVU230
1118:../../Middlewares/Third_Party/LwIP/src/api/api_msg.c ****               (state == NETCONN_NONE) || (NETCONNTYPE_GROUP(msg->conn->type) == NETCONN_TCP));
 804              		.loc 1 1118 3 discriminator 2 view .LVU231
 805 002e 204B     		ldr	r3, .L71
 806 0030 40F25E42 		movw	r2, #1118
 807 0034 1F49     		ldr	r1, .L71+4
 808 0036 2048     		ldr	r0, .L71+8
 809              	.LVL77:
1118:../../Middlewares/Third_Party/LwIP/src/api/api_msg.c ****               (state == NETCONN_NONE) || (NETCONNTYPE_GROUP(msg->conn->type) == NETCONN_TCP));
 810              		.loc 1 1118 3 is_stmt 0 discriminator 2 view .LVU232
 811 0038 FFF7FEFF 		bl	printf
 812              	.LVL78:
 813 003c EAE7     		b	.L58
 814              	.L68:
1139:../../Middlewares/Third_Party/LwIP/src/api/api_msg.c ****     /* This means either a blocking write or blocking connect is running
 815              		.loc 1 1139 39 view .LVU233
 816 003e 2368     		ldr	r3, [r4]
 817 0040 1B7E     		ldrb	r3, [r3, #24]	@ zero_extendqisi2
1139:../../Middlewares/Third_Party/LwIP/src/api/api_msg.c ****     /* This means either a blocking write or blocking connect is running
 818              		.loc 1 1139 35 view .LVU234
 819 0042 13F0040F 		tst	r3, #4
 820 0046 EBD0     		beq	.L60
 821              	.L59:
1146:../../Middlewares/Third_Party/LwIP/src/api/api_msg.c ****                 (state != NETCONN_CONNECT) || IN_NONBLOCKING_CONNECT(msg->conn));
 822              		.loc 1 1146 5 is_stmt 1 view .LVU235
1146:../../Middlewares/Third_Party/LwIP/src/api/api_msg.c ****                 (state != NETCONN_CONNECT) || IN_NONBLOCKING_CONNECT(msg->conn));
 823              		.loc 1 1146 5 view .LVU236
 824 0048 032D     		cmp	r5, #3
 825 004a 1DD0     		beq	.L69
 826              	.L62:
1146:../../Middlewares/Third_Party/LwIP/src/api/api_msg.c ****                 (state != NETCONN_CONNECT) || IN_NONBLOCKING_CONNECT(msg->conn));
 827              		.loc 1 1146 5 view .LVU237
1146:../../Middlewares/Third_Party/LwIP/src/api/api_msg.c ****                 (state != NETCONN_CONNECT) || IN_NONBLOCKING_CONNECT(msg->conn));
 828              		.loc 1 1146 5 view .LVU238
1148:../../Middlewares/Third_Party/LwIP/src/api/api_msg.c **** #if LWIP_NETCONN_FULLDUPLEX
 829              		.loc 1 1148 5 view .LVU239
1148:../../Middlewares/Third_Party/LwIP/src/api/api_msg.c **** #if LWIP_NETCONN_FULLDUPLEX
 830              		.loc 1 1148 14 is_stmt 0 view .LVU240
 831 004c 0023     		movs	r3, #0
 832 004e 2371     		strb	r3, [r4, #4]
1153:../../Middlewares/Third_Party/LwIP/src/api/api_msg.c **** #endif /* LWIP_NETCONN_FULLDUPLEX */
 833              		.loc 1 1153 5 is_stmt 1 view .LVU241
 834 0050 2068     		ldr	r0, [r4]
 835 0052 FFF7FEFF 		bl	netconn_drain
 836              	.LVL79:
1156:../../Middlewares/Third_Party/LwIP/src/api/api_msg.c **** 
 837              		.loc 1 1156 5 view .LVU242
1156:../../Middlewares/Third_Party/LwIP/src/api/api_msg.c **** 
 838              		.loc 1 1156 12 is_stmt 0 view .LVU243
 839 0056 2368     		ldr	r3, [r4]
1156:../../Middlewares/Third_Party/LwIP/src/api/api_msg.c **** 
 840              		.loc 1 1156 23 view .LVU244
 841 0058 5A68     		ldr	r2, [r3, #4]
1156:../../Middlewares/Third_Party/LwIP/src/api/api_msg.c **** 
 842              		.loc 1 1156 8 view .LVU245
 843 005a 3AB1     		cbz	r2, .L63
1158:../../Middlewares/Third_Party/LwIP/src/api/api_msg.c **** #if LWIP_RAW
ARM GAS  /var/folders/2r/mdtt8xvd351gdc398t28_m2m0000gn/T//ccI12eQw.s 			page 41


 844              		.loc 1 1158 7 is_stmt 1 view .LVU246
1158:../../Middlewares/Third_Party/LwIP/src/api/api_msg.c **** #if LWIP_RAW
 845              		.loc 1 1158 15 is_stmt 0 view .LVU247
 846 005c 1B78     		ldrb	r3, [r3]	@ zero_extendqisi2
1158:../../Middlewares/Third_Party/LwIP/src/api/api_msg.c **** #if LWIP_RAW
 847              		.loc 1 1158 7 view .LVU248
 848 005e 03F0F003 		and	r3, r3, #240
 849 0062 202B     		cmp	r3, #32
 850 0064 1DD0     		beq	.L70
 851              	.L64:
1194:../../Middlewares/Third_Party/LwIP/src/api/api_msg.c ****     }
 852              		.loc 1 1194 7 is_stmt 1 view .LVU249
1194:../../Middlewares/Third_Party/LwIP/src/api/api_msg.c ****     }
 853              		.loc 1 1194 10 is_stmt 0 view .LVU250
 854 0066 2368     		ldr	r3, [r4]
1194:../../Middlewares/Third_Party/LwIP/src/api/api_msg.c ****     }
 855              		.loc 1 1194 26 view .LVU251
 856 0068 0022     		movs	r2, #0
 857 006a 5A60     		str	r2, [r3, #4]
 858              	.L63:
1200:../../Middlewares/Third_Party/LwIP/src/api/api_msg.c ****     API_EVENT(msg->conn, NETCONN_EVT_SENDPLUS, 0);
 859              		.loc 1 1200 5 is_stmt 1 view .LVU252
 860 006c 2068     		ldr	r0, [r4]
 861 006e C369     		ldr	r3, [r0, #28]
 862 0070 13B1     		cbz	r3, .L65
1200:../../Middlewares/Third_Party/LwIP/src/api/api_msg.c ****     API_EVENT(msg->conn, NETCONN_EVT_SENDPLUS, 0);
 863              		.loc 1 1200 5 discriminator 1 view .LVU253
 864 0072 0022     		movs	r2, #0
 865 0074 1146     		mov	r1, r2
 866 0076 9847     		blx	r3
 867              	.LVL80:
 868              	.L65:
1200:../../Middlewares/Third_Party/LwIP/src/api/api_msg.c ****     API_EVENT(msg->conn, NETCONN_EVT_SENDPLUS, 0);
 869              		.loc 1 1200 49 view .LVU254
1201:../../Middlewares/Third_Party/LwIP/src/api/api_msg.c ****   }
 870              		.loc 1 1201 5 view .LVU255
 871 0078 2068     		ldr	r0, [r4]
 872 007a C369     		ldr	r3, [r0, #28]
 873 007c 002B     		cmp	r3, #0
 874 007e D1D0     		beq	.L61
1201:../../Middlewares/Third_Party/LwIP/src/api/api_msg.c ****   }
 875              		.loc 1 1201 5 discriminator 1 view .LVU256
 876 0080 0022     		movs	r2, #0
 877 0082 0221     		movs	r1, #2
 878 0084 9847     		blx	r3
 879              	.LVL81:
 880 0086 CDE7     		b	.L61
 881              	.L69:
1146:../../Middlewares/Third_Party/LwIP/src/api/api_msg.c ****                 (state != NETCONN_CONNECT) || IN_NONBLOCKING_CONNECT(msg->conn));
 882              		.loc 1 1146 5 is_stmt 0 discriminator 1 view .LVU257
 883 0088 2368     		ldr	r3, [r4]
 884 008a 1B7E     		ldrb	r3, [r3, #24]	@ zero_extendqisi2
 885 008c 13F0040F 		tst	r3, #4
 886 0090 DCD1     		bne	.L62
1146:../../Middlewares/Third_Party/LwIP/src/api/api_msg.c ****                 (state != NETCONN_CONNECT) || IN_NONBLOCKING_CONNECT(msg->conn));
 887              		.loc 1 1146 5 is_stmt 1 discriminator 2 view .LVU258
1146:../../Middlewares/Third_Party/LwIP/src/api/api_msg.c ****                 (state != NETCONN_CONNECT) || IN_NONBLOCKING_CONNECT(msg->conn));
ARM GAS  /var/folders/2r/mdtt8xvd351gdc398t28_m2m0000gn/T//ccI12eQw.s 			page 42


 888              		.loc 1 1146 5 discriminator 2 view .LVU259
 889 0092 074B     		ldr	r3, .L71
 890 0094 40F27A42 		movw	r2, #1146
 891 0098 0849     		ldr	r1, .L71+12
 892 009a 0748     		ldr	r0, .L71+8
 893 009c FFF7FEFF 		bl	printf
 894              	.LVL82:
 895 00a0 D4E7     		b	.L62
 896              	.L70:
1166:../../Middlewares/Third_Party/LwIP/src/api/api_msg.c ****           udp_remove(msg->conn->pcb.udp);
 897              		.loc 1 1166 11 view .LVU260
1166:../../Middlewares/Third_Party/LwIP/src/api/api_msg.c ****           udp_remove(msg->conn->pcb.udp);
 898              		.loc 1 1166 40 is_stmt 0 view .LVU261
 899 00a2 0023     		movs	r3, #0
 900 00a4 D361     		str	r3, [r2, #28]
1167:../../Middlewares/Third_Party/LwIP/src/api/api_msg.c ****           break;
 901              		.loc 1 1167 11 is_stmt 1 view .LVU262
1167:../../Middlewares/Third_Party/LwIP/src/api/api_msg.c ****           break;
 902              		.loc 1 1167 25 is_stmt 0 view .LVU263
 903 00a6 2368     		ldr	r3, [r4]
1167:../../Middlewares/Third_Party/LwIP/src/api/api_msg.c ****           break;
 904              		.loc 1 1167 11 view .LVU264
 905 00a8 5868     		ldr	r0, [r3, #4]
 906 00aa FFF7FEFF 		bl	udp_remove
 907              	.LVL83:
1168:../../Middlewares/Third_Party/LwIP/src/api/api_msg.c **** #endif /* LWIP_UDP */
 908              		.loc 1 1168 11 is_stmt 1 view .LVU265
 909 00ae DAE7     		b	.L64
 910              	.L72:
 911              		.align	2
 912              	.L71:
 913 00b0 00000000 		.word	.LC0
 914 00b4 00000000 		.word	.LC9
 915 00b8 58000000 		.word	.LC2
 916 00bc 14000000 		.word	.LC10
 917              		.cfi_endproc
 918              	.LFE180:
 920              		.section	.text.lwip_netconn_do_bind,"ax",%progbits
 921              		.align	1
 922              		.global	lwip_netconn_do_bind
 923              		.syntax unified
 924              		.thumb
 925              		.thumb_func
 927              	lwip_netconn_do_bind:
 928              	.LVL84:
 929              	.LFB181:
1207:../../Middlewares/Third_Party/LwIP/src/api/api_msg.c **** 
1208:../../Middlewares/Third_Party/LwIP/src/api/api_msg.c **** /**
1209:../../Middlewares/Third_Party/LwIP/src/api/api_msg.c ****  * Bind a pcb contained in a netconn
1210:../../Middlewares/Third_Party/LwIP/src/api/api_msg.c ****  * Called from netconn_bind.
1211:../../Middlewares/Third_Party/LwIP/src/api/api_msg.c ****  *
1212:../../Middlewares/Third_Party/LwIP/src/api/api_msg.c ****  * @param m the api_msg pointing to the connection and containing
1213:../../Middlewares/Third_Party/LwIP/src/api/api_msg.c ****  *          the IP address and port to bind to
1214:../../Middlewares/Third_Party/LwIP/src/api/api_msg.c ****  */
1215:../../Middlewares/Third_Party/LwIP/src/api/api_msg.c **** void
1216:../../Middlewares/Third_Party/LwIP/src/api/api_msg.c **** lwip_netconn_do_bind(void *m)
1217:../../Middlewares/Third_Party/LwIP/src/api/api_msg.c **** {
ARM GAS  /var/folders/2r/mdtt8xvd351gdc398t28_m2m0000gn/T//ccI12eQw.s 			page 43


 930              		.loc 1 1217 1 view -0
 931              		.cfi_startproc
 932              		@ args = 0, pretend = 0, frame = 0
 933              		@ frame_needed = 0, uses_anonymous_args = 0
 934              		.loc 1 1217 1 is_stmt 0 view .LVU267
 935 0000 10B5     		push	{r4, lr}
 936              	.LCFI10:
 937              		.cfi_def_cfa_offset 8
 938              		.cfi_offset 4, -8
 939              		.cfi_offset 14, -4
 940 0002 0446     		mov	r4, r0
1218:../../Middlewares/Third_Party/LwIP/src/api/api_msg.c ****   struct api_msg *msg = (struct api_msg *)m;
 941              		.loc 1 1218 3 is_stmt 1 view .LVU268
 942              	.LVL85:
1219:../../Middlewares/Third_Party/LwIP/src/api/api_msg.c ****   err_t err;
 943              		.loc 1 1219 3 view .LVU269
1220:../../Middlewares/Third_Party/LwIP/src/api/api_msg.c **** 
1221:../../Middlewares/Third_Party/LwIP/src/api/api_msg.c ****   if (msg->conn->pcb.tcp != NULL) {
 944              		.loc 1 1221 3 view .LVU270
 945              		.loc 1 1221 10 is_stmt 0 view .LVU271
 946 0004 0368     		ldr	r3, [r0]
 947              		.loc 1 1221 21 view .LVU272
 948 0006 5868     		ldr	r0, [r3, #4]
 949              	.LVL86:
 950              		.loc 1 1221 6 view .LVU273
 951 0008 68B1     		cbz	r0, .L75
1222:../../Middlewares/Third_Party/LwIP/src/api/api_msg.c ****     switch (NETCONNTYPE_GROUP(msg->conn->type)) {
 952              		.loc 1 1222 5 is_stmt 1 view .LVU274
 953              		.loc 1 1222 13 is_stmt 0 view .LVU275
 954 000a 1B78     		ldrb	r3, [r3]	@ zero_extendqisi2
 955              		.loc 1 1222 5 view .LVU276
 956 000c 03F0F003 		and	r3, r3, #240
 957 0010 202B     		cmp	r3, #32
 958 0012 03D0     		beq	.L78
1223:../../Middlewares/Third_Party/LwIP/src/api/api_msg.c **** #if LWIP_RAW
1224:../../Middlewares/Third_Party/LwIP/src/api/api_msg.c ****       case NETCONN_RAW:
1225:../../Middlewares/Third_Party/LwIP/src/api/api_msg.c ****         err = raw_bind(msg->conn->pcb.raw, API_EXPR_REF(msg->msg.bc.ipaddr));
1226:../../Middlewares/Third_Party/LwIP/src/api/api_msg.c ****         break;
1227:../../Middlewares/Third_Party/LwIP/src/api/api_msg.c **** #endif /* LWIP_RAW */
1228:../../Middlewares/Third_Party/LwIP/src/api/api_msg.c **** #if LWIP_UDP
1229:../../Middlewares/Third_Party/LwIP/src/api/api_msg.c ****       case NETCONN_UDP:
1230:../../Middlewares/Third_Party/LwIP/src/api/api_msg.c ****         err = udp_bind(msg->conn->pcb.udp, API_EXPR_REF(msg->msg.bc.ipaddr), msg->msg.bc.port);
1231:../../Middlewares/Third_Party/LwIP/src/api/api_msg.c ****         break;
1232:../../Middlewares/Third_Party/LwIP/src/api/api_msg.c **** #endif /* LWIP_UDP */
1233:../../Middlewares/Third_Party/LwIP/src/api/api_msg.c **** #if LWIP_TCP
1234:../../Middlewares/Third_Party/LwIP/src/api/api_msg.c ****       case NETCONN_TCP:
1235:../../Middlewares/Third_Party/LwIP/src/api/api_msg.c ****         err = tcp_bind(msg->conn->pcb.tcp, API_EXPR_REF(msg->msg.bc.ipaddr), msg->msg.bc.port);
1236:../../Middlewares/Third_Party/LwIP/src/api/api_msg.c ****         break;
1237:../../Middlewares/Third_Party/LwIP/src/api/api_msg.c **** #endif /* LWIP_TCP */
1238:../../Middlewares/Third_Party/LwIP/src/api/api_msg.c ****       default:
1239:../../Middlewares/Third_Party/LwIP/src/api/api_msg.c ****         err = ERR_VAL;
 959              		.loc 1 1239 13 view .LVU277
 960 0014 6FF00500 		mvn	r0, #5
 961              	.L74:
 962              	.LVL87:
1240:../../Middlewares/Third_Party/LwIP/src/api/api_msg.c ****         break;
1241:../../Middlewares/Third_Party/LwIP/src/api/api_msg.c ****     }
ARM GAS  /var/folders/2r/mdtt8xvd351gdc398t28_m2m0000gn/T//ccI12eQw.s 			page 44


1242:../../Middlewares/Third_Party/LwIP/src/api/api_msg.c ****   } else {
1243:../../Middlewares/Third_Party/LwIP/src/api/api_msg.c ****     err = ERR_VAL;
1244:../../Middlewares/Third_Party/LwIP/src/api/api_msg.c ****   }
1245:../../Middlewares/Third_Party/LwIP/src/api/api_msg.c ****   msg->err = err;
 963              		.loc 1 1245 3 is_stmt 1 view .LVU278
 964              		.loc 1 1245 12 is_stmt 0 view .LVU279
 965 0018 2071     		strb	r0, [r4, #4]
1246:../../Middlewares/Third_Party/LwIP/src/api/api_msg.c ****   TCPIP_APIMSG_ACK(msg);
 966              		.loc 1 1246 24 is_stmt 1 view .LVU280
1247:../../Middlewares/Third_Party/LwIP/src/api/api_msg.c **** }
 967              		.loc 1 1247 1 is_stmt 0 view .LVU281
 968 001a 10BD     		pop	{r4, pc}
 969              	.LVL88:
 970              	.L78:
1230:../../Middlewares/Third_Party/LwIP/src/api/api_msg.c ****         break;
 971              		.loc 1 1230 9 is_stmt 1 view .LVU282
1230:../../Middlewares/Third_Party/LwIP/src/api/api_msg.c ****         break;
 972              		.loc 1 1230 15 is_stmt 0 view .LVU283
 973 001c A289     		ldrh	r2, [r4, #12]
 974 001e A168     		ldr	r1, [r4, #8]
 975 0020 FFF7FEFF 		bl	udp_bind
 976              	.LVL89:
1231:../../Middlewares/Third_Party/LwIP/src/api/api_msg.c **** #endif /* LWIP_UDP */
 977              		.loc 1 1231 9 is_stmt 1 view .LVU284
 978 0024 F8E7     		b	.L74
 979              	.LVL90:
 980              	.L75:
1243:../../Middlewares/Third_Party/LwIP/src/api/api_msg.c ****   }
 981              		.loc 1 1243 9 is_stmt 0 view .LVU285
 982 0026 6FF00500 		mvn	r0, #5
 983 002a F5E7     		b	.L74
 984              		.cfi_endproc
 985              	.LFE181:
 987              		.section	.text.lwip_netconn_do_bind_if,"ax",%progbits
 988              		.align	1
 989              		.global	lwip_netconn_do_bind_if
 990              		.syntax unified
 991              		.thumb
 992              		.thumb_func
 994              	lwip_netconn_do_bind_if:
 995              	.LVL91:
 996              	.LFB182:
1248:../../Middlewares/Third_Party/LwIP/src/api/api_msg.c **** /**
1249:../../Middlewares/Third_Party/LwIP/src/api/api_msg.c ****  * Bind a pcb contained in a netconn to an interface
1250:../../Middlewares/Third_Party/LwIP/src/api/api_msg.c ****  * Called from netconn_bind_if.
1251:../../Middlewares/Third_Party/LwIP/src/api/api_msg.c ****  *
1252:../../Middlewares/Third_Party/LwIP/src/api/api_msg.c ****  * @param m the api_msg pointing to the connection and containing
1253:../../Middlewares/Third_Party/LwIP/src/api/api_msg.c ****  *          the IP address and port to bind to
1254:../../Middlewares/Third_Party/LwIP/src/api/api_msg.c ****  */
1255:../../Middlewares/Third_Party/LwIP/src/api/api_msg.c **** void
1256:../../Middlewares/Third_Party/LwIP/src/api/api_msg.c **** lwip_netconn_do_bind_if(void *m)
1257:../../Middlewares/Third_Party/LwIP/src/api/api_msg.c **** {
 997              		.loc 1 1257 1 is_stmt 1 view -0
 998              		.cfi_startproc
 999              		@ args = 0, pretend = 0, frame = 0
 1000              		@ frame_needed = 0, uses_anonymous_args = 0
 1001              		.loc 1 1257 1 is_stmt 0 view .LVU287
ARM GAS  /var/folders/2r/mdtt8xvd351gdc398t28_m2m0000gn/T//ccI12eQw.s 			page 45


 1002 0000 10B5     		push	{r4, lr}
 1003              	.LCFI11:
 1004              		.cfi_def_cfa_offset 8
 1005              		.cfi_offset 4, -8
 1006              		.cfi_offset 14, -4
 1007 0002 0446     		mov	r4, r0
1258:../../Middlewares/Third_Party/LwIP/src/api/api_msg.c ****   struct netif *netif;
 1008              		.loc 1 1258 3 is_stmt 1 view .LVU288
1259:../../Middlewares/Third_Party/LwIP/src/api/api_msg.c ****   struct api_msg *msg = (struct api_msg *)m;
 1009              		.loc 1 1259 3 view .LVU289
 1010              	.LVL92:
1260:../../Middlewares/Third_Party/LwIP/src/api/api_msg.c ****   err_t err;
 1011              		.loc 1 1260 3 view .LVU290
1261:../../Middlewares/Third_Party/LwIP/src/api/api_msg.c **** 
1262:../../Middlewares/Third_Party/LwIP/src/api/api_msg.c ****   netif = netif_get_by_index(msg->msg.bc.if_idx);
 1012              		.loc 1 1262 3 view .LVU291
 1013              		.loc 1 1262 11 is_stmt 0 view .LVU292
 1014 0004 807B     		ldrb	r0, [r0, #14]	@ zero_extendqisi2
 1015              	.LVL93:
 1016              		.loc 1 1262 11 view .LVU293
 1017 0006 FFF7FEFF 		bl	netif_get_by_index
 1018              	.LVL94:
1263:../../Middlewares/Third_Party/LwIP/src/api/api_msg.c **** 
1264:../../Middlewares/Third_Party/LwIP/src/api/api_msg.c ****   if ((netif != NULL) && (msg->conn->pcb.tcp != NULL)) {
 1019              		.loc 1 1264 3 is_stmt 1 view .LVU294
 1020              		.loc 1 1264 6 is_stmt 0 view .LVU295
 1021 000a 80B1     		cbz	r0, .L81
 1022 000c 0146     		mov	r1, r0
 1023              		.loc 1 1264 30 discriminator 1 view .LVU296
 1024 000e 2368     		ldr	r3, [r4]
 1025              		.loc 1 1264 41 discriminator 1 view .LVU297
 1026 0010 5868     		ldr	r0, [r3, #4]
 1027              	.LVL95:
 1028              		.loc 1 1264 23 discriminator 1 view .LVU298
 1029 0012 78B1     		cbz	r0, .L82
1265:../../Middlewares/Third_Party/LwIP/src/api/api_msg.c ****     err = ERR_OK;
 1030              		.loc 1 1265 5 is_stmt 1 view .LVU299
 1031              	.LVL96:
1266:../../Middlewares/Third_Party/LwIP/src/api/api_msg.c ****     switch (NETCONNTYPE_GROUP(msg->conn->type)) {
 1032              		.loc 1 1266 5 view .LVU300
 1033              		.loc 1 1266 13 is_stmt 0 view .LVU301
 1034 0014 1B78     		ldrb	r3, [r3]	@ zero_extendqisi2
 1035              		.loc 1 1266 5 view .LVU302
 1036 0016 03F0F003 		and	r3, r3, #240
 1037 001a 202B     		cmp	r3, #32
 1038 001c 03D0     		beq	.L85
1267:../../Middlewares/Third_Party/LwIP/src/api/api_msg.c **** #if LWIP_RAW
1268:../../Middlewares/Third_Party/LwIP/src/api/api_msg.c ****       case NETCONN_RAW:
1269:../../Middlewares/Third_Party/LwIP/src/api/api_msg.c ****         raw_bind_netif(msg->conn->pcb.raw, netif);
1270:../../Middlewares/Third_Party/LwIP/src/api/api_msg.c ****         break;
1271:../../Middlewares/Third_Party/LwIP/src/api/api_msg.c **** #endif /* LWIP_RAW */
1272:../../Middlewares/Third_Party/LwIP/src/api/api_msg.c **** #if LWIP_UDP
1273:../../Middlewares/Third_Party/LwIP/src/api/api_msg.c ****       case NETCONN_UDP:
1274:../../Middlewares/Third_Party/LwIP/src/api/api_msg.c ****         udp_bind_netif(msg->conn->pcb.udp, netif);
1275:../../Middlewares/Third_Party/LwIP/src/api/api_msg.c ****         break;
1276:../../Middlewares/Third_Party/LwIP/src/api/api_msg.c **** #endif /* LWIP_UDP */
1277:../../Middlewares/Third_Party/LwIP/src/api/api_msg.c **** #if LWIP_TCP
ARM GAS  /var/folders/2r/mdtt8xvd351gdc398t28_m2m0000gn/T//ccI12eQw.s 			page 46


1278:../../Middlewares/Third_Party/LwIP/src/api/api_msg.c ****       case NETCONN_TCP:
1279:../../Middlewares/Third_Party/LwIP/src/api/api_msg.c ****         tcp_bind_netif(msg->conn->pcb.tcp, netif);
1280:../../Middlewares/Third_Party/LwIP/src/api/api_msg.c ****         break;
1281:../../Middlewares/Third_Party/LwIP/src/api/api_msg.c **** #endif /* LWIP_TCP */
1282:../../Middlewares/Third_Party/LwIP/src/api/api_msg.c ****       default:
1283:../../Middlewares/Third_Party/LwIP/src/api/api_msg.c ****         err = ERR_VAL;
 1039              		.loc 1 1283 13 view .LVU303
 1040 001e 6FF00503 		mvn	r3, #5
 1041              	.LVL97:
 1042              	.L80:
1284:../../Middlewares/Third_Party/LwIP/src/api/api_msg.c ****         break;
1285:../../Middlewares/Third_Party/LwIP/src/api/api_msg.c ****     }
1286:../../Middlewares/Third_Party/LwIP/src/api/api_msg.c ****   } else {
1287:../../Middlewares/Third_Party/LwIP/src/api/api_msg.c ****     err = ERR_VAL;
1288:../../Middlewares/Third_Party/LwIP/src/api/api_msg.c ****   }
1289:../../Middlewares/Third_Party/LwIP/src/api/api_msg.c ****   msg->err = err;
 1043              		.loc 1 1289 3 is_stmt 1 view .LVU304
 1044              		.loc 1 1289 12 is_stmt 0 view .LVU305
 1045 0022 2371     		strb	r3, [r4, #4]
1290:../../Middlewares/Third_Party/LwIP/src/api/api_msg.c ****   TCPIP_APIMSG_ACK(msg);
 1046              		.loc 1 1290 24 is_stmt 1 view .LVU306
1291:../../Middlewares/Third_Party/LwIP/src/api/api_msg.c **** }
 1047              		.loc 1 1291 1 is_stmt 0 view .LVU307
 1048 0024 10BD     		pop	{r4, pc}
 1049              	.LVL98:
 1050              	.L85:
1274:../../Middlewares/Third_Party/LwIP/src/api/api_msg.c ****         break;
 1051              		.loc 1 1274 9 is_stmt 1 view .LVU308
 1052 0026 FFF7FEFF 		bl	udp_bind_netif
 1053              	.LVL99:
1275:../../Middlewares/Third_Party/LwIP/src/api/api_msg.c **** #endif /* LWIP_UDP */
 1054              		.loc 1 1275 9 view .LVU309
1265:../../Middlewares/Third_Party/LwIP/src/api/api_msg.c ****     switch (NETCONNTYPE_GROUP(msg->conn->type)) {
 1055              		.loc 1 1265 9 is_stmt 0 view .LVU310
 1056 002a 0023     		movs	r3, #0
1275:../../Middlewares/Third_Party/LwIP/src/api/api_msg.c **** #endif /* LWIP_UDP */
 1057              		.loc 1 1275 9 view .LVU311
 1058 002c F9E7     		b	.L80
 1059              	.LVL100:
 1060              	.L81:
1287:../../Middlewares/Third_Party/LwIP/src/api/api_msg.c ****   }
 1061              		.loc 1 1287 9 view .LVU312
 1062 002e 6FF00503 		mvn	r3, #5
 1063 0032 F6E7     		b	.L80
 1064              	.LVL101:
 1065              	.L82:
1287:../../Middlewares/Third_Party/LwIP/src/api/api_msg.c ****   }
 1066              		.loc 1 1287 9 view .LVU313
 1067 0034 6FF00503 		mvn	r3, #5
 1068 0038 F3E7     		b	.L80
 1069              		.cfi_endproc
 1070              	.LFE182:
 1072              		.section	.rodata.lwip_netconn_do_connect.str1.4,"aMS",%progbits,1
 1073              		.align	2
 1074              	.LC11:
 1075 0000 496E7661 		.ascii	"Invalid netconn type\000"
 1075      6C696420 
ARM GAS  /var/folders/2r/mdtt8xvd351gdc398t28_m2m0000gn/T//ccI12eQw.s 			page 47


 1075      6E657463 
 1075      6F6E6E20 
 1075      74797065 
 1076              		.section	.text.lwip_netconn_do_connect,"ax",%progbits
 1077              		.align	1
 1078              		.global	lwip_netconn_do_connect
 1079              		.syntax unified
 1080              		.thumb
 1081              		.thumb_func
 1083              	lwip_netconn_do_connect:
 1084              	.LVL102:
 1085              	.LFB183:
1292:../../Middlewares/Third_Party/LwIP/src/api/api_msg.c **** 
1293:../../Middlewares/Third_Party/LwIP/src/api/api_msg.c **** #if LWIP_TCP
1294:../../Middlewares/Third_Party/LwIP/src/api/api_msg.c **** /**
1295:../../Middlewares/Third_Party/LwIP/src/api/api_msg.c ****  * TCP callback function if a connection (opened by tcp_connect/lwip_netconn_do_connect) has
1296:../../Middlewares/Third_Party/LwIP/src/api/api_msg.c ****  * been established (or reset by the remote host).
1297:../../Middlewares/Third_Party/LwIP/src/api/api_msg.c ****  *
1298:../../Middlewares/Third_Party/LwIP/src/api/api_msg.c ****  * @see tcp.h (struct tcp_pcb.connected) for parameters and return values
1299:../../Middlewares/Third_Party/LwIP/src/api/api_msg.c ****  */
1300:../../Middlewares/Third_Party/LwIP/src/api/api_msg.c **** static err_t
1301:../../Middlewares/Third_Party/LwIP/src/api/api_msg.c **** lwip_netconn_do_connected(void *arg, struct tcp_pcb *pcb, err_t err)
1302:../../Middlewares/Third_Party/LwIP/src/api/api_msg.c **** {
1303:../../Middlewares/Third_Party/LwIP/src/api/api_msg.c ****   struct netconn *conn;
1304:../../Middlewares/Third_Party/LwIP/src/api/api_msg.c ****   int was_blocking;
1305:../../Middlewares/Third_Party/LwIP/src/api/api_msg.c ****   sys_sem_t *op_completed_sem = NULL;
1306:../../Middlewares/Third_Party/LwIP/src/api/api_msg.c **** 
1307:../../Middlewares/Third_Party/LwIP/src/api/api_msg.c ****   LWIP_UNUSED_ARG(pcb);
1308:../../Middlewares/Third_Party/LwIP/src/api/api_msg.c **** 
1309:../../Middlewares/Third_Party/LwIP/src/api/api_msg.c ****   conn = (struct netconn *)arg;
1310:../../Middlewares/Third_Party/LwIP/src/api/api_msg.c **** 
1311:../../Middlewares/Third_Party/LwIP/src/api/api_msg.c ****   if (conn == NULL) {
1312:../../Middlewares/Third_Party/LwIP/src/api/api_msg.c ****     return ERR_VAL;
1313:../../Middlewares/Third_Party/LwIP/src/api/api_msg.c ****   }
1314:../../Middlewares/Third_Party/LwIP/src/api/api_msg.c **** 
1315:../../Middlewares/Third_Party/LwIP/src/api/api_msg.c ****   LWIP_ASSERT("conn->state == NETCONN_CONNECT", conn->state == NETCONN_CONNECT);
1316:../../Middlewares/Third_Party/LwIP/src/api/api_msg.c ****   LWIP_ASSERT("(conn->current_msg != NULL) || conn->in_non_blocking_connect",
1317:../../Middlewares/Third_Party/LwIP/src/api/api_msg.c ****               (conn->current_msg != NULL) || IN_NONBLOCKING_CONNECT(conn));
1318:../../Middlewares/Third_Party/LwIP/src/api/api_msg.c **** 
1319:../../Middlewares/Third_Party/LwIP/src/api/api_msg.c ****   if (conn->current_msg != NULL) {
1320:../../Middlewares/Third_Party/LwIP/src/api/api_msg.c ****     conn->current_msg->err = err;
1321:../../Middlewares/Third_Party/LwIP/src/api/api_msg.c ****     op_completed_sem = LWIP_API_MSG_SEM(conn->current_msg);
1322:../../Middlewares/Third_Party/LwIP/src/api/api_msg.c ****   }
1323:../../Middlewares/Third_Party/LwIP/src/api/api_msg.c ****   if ((NETCONNTYPE_GROUP(conn->type) == NETCONN_TCP) && (err == ERR_OK)) {
1324:../../Middlewares/Third_Party/LwIP/src/api/api_msg.c ****     setup_tcp(conn);
1325:../../Middlewares/Third_Party/LwIP/src/api/api_msg.c ****   }
1326:../../Middlewares/Third_Party/LwIP/src/api/api_msg.c ****   was_blocking = !IN_NONBLOCKING_CONNECT(conn);
1327:../../Middlewares/Third_Party/LwIP/src/api/api_msg.c ****   SET_NONBLOCKING_CONNECT(conn, 0);
1328:../../Middlewares/Third_Party/LwIP/src/api/api_msg.c ****   LWIP_ASSERT("blocking connect state error",
1329:../../Middlewares/Third_Party/LwIP/src/api/api_msg.c ****               (was_blocking && op_completed_sem != NULL) ||
1330:../../Middlewares/Third_Party/LwIP/src/api/api_msg.c ****               (!was_blocking && op_completed_sem == NULL));
1331:../../Middlewares/Third_Party/LwIP/src/api/api_msg.c ****   conn->current_msg = NULL;
1332:../../Middlewares/Third_Party/LwIP/src/api/api_msg.c ****   conn->state = NETCONN_NONE;
1333:../../Middlewares/Third_Party/LwIP/src/api/api_msg.c ****   API_EVENT(conn, NETCONN_EVT_SENDPLUS, 0);
1334:../../Middlewares/Third_Party/LwIP/src/api/api_msg.c **** 
1335:../../Middlewares/Third_Party/LwIP/src/api/api_msg.c ****   if (was_blocking) {
1336:../../Middlewares/Third_Party/LwIP/src/api/api_msg.c ****     sys_sem_signal(op_completed_sem);
ARM GAS  /var/folders/2r/mdtt8xvd351gdc398t28_m2m0000gn/T//ccI12eQw.s 			page 48


1337:../../Middlewares/Third_Party/LwIP/src/api/api_msg.c ****   }
1338:../../Middlewares/Third_Party/LwIP/src/api/api_msg.c ****   return ERR_OK;
1339:../../Middlewares/Third_Party/LwIP/src/api/api_msg.c **** }
1340:../../Middlewares/Third_Party/LwIP/src/api/api_msg.c **** #endif /* LWIP_TCP */
1341:../../Middlewares/Third_Party/LwIP/src/api/api_msg.c **** 
1342:../../Middlewares/Third_Party/LwIP/src/api/api_msg.c **** /**
1343:../../Middlewares/Third_Party/LwIP/src/api/api_msg.c ****  * Connect a pcb contained inside a netconn
1344:../../Middlewares/Third_Party/LwIP/src/api/api_msg.c ****  * Called from netconn_connect.
1345:../../Middlewares/Third_Party/LwIP/src/api/api_msg.c ****  *
1346:../../Middlewares/Third_Party/LwIP/src/api/api_msg.c ****  * @param m the api_msg pointing to the connection and containing
1347:../../Middlewares/Third_Party/LwIP/src/api/api_msg.c ****  *          the IP address and port to connect to
1348:../../Middlewares/Third_Party/LwIP/src/api/api_msg.c ****  */
1349:../../Middlewares/Third_Party/LwIP/src/api/api_msg.c **** void
1350:../../Middlewares/Third_Party/LwIP/src/api/api_msg.c **** lwip_netconn_do_connect(void *m)
1351:../../Middlewares/Third_Party/LwIP/src/api/api_msg.c **** {
 1086              		.loc 1 1351 1 is_stmt 1 view -0
 1087              		.cfi_startproc
 1088              		@ args = 0, pretend = 0, frame = 0
 1089              		@ frame_needed = 0, uses_anonymous_args = 0
 1090              		.loc 1 1351 1 is_stmt 0 view .LVU315
 1091 0000 10B5     		push	{r4, lr}
 1092              	.LCFI12:
 1093              		.cfi_def_cfa_offset 8
 1094              		.cfi_offset 4, -8
 1095              		.cfi_offset 14, -4
 1096 0002 0446     		mov	r4, r0
1352:../../Middlewares/Third_Party/LwIP/src/api/api_msg.c ****   struct api_msg *msg = (struct api_msg *)m;
 1097              		.loc 1 1352 3 is_stmt 1 view .LVU316
 1098              	.LVL103:
1353:../../Middlewares/Third_Party/LwIP/src/api/api_msg.c ****   err_t err;
 1099              		.loc 1 1353 3 view .LVU317
1354:../../Middlewares/Third_Party/LwIP/src/api/api_msg.c **** 
1355:../../Middlewares/Third_Party/LwIP/src/api/api_msg.c ****   if (msg->conn->pcb.tcp == NULL) {
 1100              		.loc 1 1355 3 view .LVU318
 1101              		.loc 1 1355 10 is_stmt 0 view .LVU319
 1102 0004 0368     		ldr	r3, [r0]
 1103              		.loc 1 1355 21 view .LVU320
 1104 0006 5868     		ldr	r0, [r3, #4]
 1105              	.LVL104:
 1106              		.loc 1 1355 6 view .LVU321
 1107 0008 A0B1     		cbz	r0, .L89
1356:../../Middlewares/Third_Party/LwIP/src/api/api_msg.c ****     /* This may happen when calling netconn_connect() a second time */
1357:../../Middlewares/Third_Party/LwIP/src/api/api_msg.c ****     err = ERR_CLSD;
1358:../../Middlewares/Third_Party/LwIP/src/api/api_msg.c ****   } else {
1359:../../Middlewares/Third_Party/LwIP/src/api/api_msg.c ****     switch (NETCONNTYPE_GROUP(msg->conn->type)) {
 1108              		.loc 1 1359 5 is_stmt 1 view .LVU322
 1109              		.loc 1 1359 13 is_stmt 0 view .LVU323
 1110 000a 1B78     		ldrb	r3, [r3]	@ zero_extendqisi2
 1111              		.loc 1 1359 5 view .LVU324
 1112 000c 03F0F003 		and	r3, r3, #240
 1113 0010 202B     		cmp	r3, #32
 1114 0012 0AD0     		beq	.L91
1360:../../Middlewares/Third_Party/LwIP/src/api/api_msg.c **** #if LWIP_RAW
1361:../../Middlewares/Third_Party/LwIP/src/api/api_msg.c ****       case NETCONN_RAW:
1362:../../Middlewares/Third_Party/LwIP/src/api/api_msg.c ****         err = raw_connect(msg->conn->pcb.raw, API_EXPR_REF(msg->msg.bc.ipaddr));
1363:../../Middlewares/Third_Party/LwIP/src/api/api_msg.c ****         break;
1364:../../Middlewares/Third_Party/LwIP/src/api/api_msg.c **** #endif /* LWIP_RAW */
ARM GAS  /var/folders/2r/mdtt8xvd351gdc398t28_m2m0000gn/T//ccI12eQw.s 			page 49


1365:../../Middlewares/Third_Party/LwIP/src/api/api_msg.c **** #if LWIP_UDP
1366:../../Middlewares/Third_Party/LwIP/src/api/api_msg.c ****       case NETCONN_UDP:
1367:../../Middlewares/Third_Party/LwIP/src/api/api_msg.c ****         err = udp_connect(msg->conn->pcb.udp, API_EXPR_REF(msg->msg.bc.ipaddr), msg->msg.bc.port);
1368:../../Middlewares/Third_Party/LwIP/src/api/api_msg.c ****         break;
1369:../../Middlewares/Third_Party/LwIP/src/api/api_msg.c **** #endif /* LWIP_UDP */
1370:../../Middlewares/Third_Party/LwIP/src/api/api_msg.c **** #if LWIP_TCP
1371:../../Middlewares/Third_Party/LwIP/src/api/api_msg.c ****       case NETCONN_TCP:
1372:../../Middlewares/Third_Party/LwIP/src/api/api_msg.c ****         /* Prevent connect while doing any other action. */
1373:../../Middlewares/Third_Party/LwIP/src/api/api_msg.c ****         if (msg->conn->state == NETCONN_CONNECT) {
1374:../../Middlewares/Third_Party/LwIP/src/api/api_msg.c ****           err = ERR_ALREADY;
1375:../../Middlewares/Third_Party/LwIP/src/api/api_msg.c ****         } else if (msg->conn->state != NETCONN_NONE) {
1376:../../Middlewares/Third_Party/LwIP/src/api/api_msg.c ****           err = ERR_ISCONN;
1377:../../Middlewares/Third_Party/LwIP/src/api/api_msg.c ****         } else {
1378:../../Middlewares/Third_Party/LwIP/src/api/api_msg.c ****           setup_tcp(msg->conn);
1379:../../Middlewares/Third_Party/LwIP/src/api/api_msg.c ****           err = tcp_connect(msg->conn->pcb.tcp, API_EXPR_REF(msg->msg.bc.ipaddr),
1380:../../Middlewares/Third_Party/LwIP/src/api/api_msg.c ****                             msg->msg.bc.port, lwip_netconn_do_connected);
1381:../../Middlewares/Third_Party/LwIP/src/api/api_msg.c ****           if (err == ERR_OK) {
1382:../../Middlewares/Third_Party/LwIP/src/api/api_msg.c ****             u8_t non_blocking = netconn_is_nonblocking(msg->conn);
1383:../../Middlewares/Third_Party/LwIP/src/api/api_msg.c ****             msg->conn->state = NETCONN_CONNECT;
1384:../../Middlewares/Third_Party/LwIP/src/api/api_msg.c ****             SET_NONBLOCKING_CONNECT(msg->conn, non_blocking);
1385:../../Middlewares/Third_Party/LwIP/src/api/api_msg.c ****             if (non_blocking) {
1386:../../Middlewares/Third_Party/LwIP/src/api/api_msg.c ****               err = ERR_INPROGRESS;
1387:../../Middlewares/Third_Party/LwIP/src/api/api_msg.c ****             } else {
1388:../../Middlewares/Third_Party/LwIP/src/api/api_msg.c ****               msg->conn->current_msg = msg;
1389:../../Middlewares/Third_Party/LwIP/src/api/api_msg.c ****               /* sys_sem_signal() is called from lwip_netconn_do_connected (or err_tcp()),
1390:../../Middlewares/Third_Party/LwIP/src/api/api_msg.c ****                  when the connection is established! */
1391:../../Middlewares/Third_Party/LwIP/src/api/api_msg.c **** #if LWIP_TCPIP_CORE_LOCKING
1392:../../Middlewares/Third_Party/LwIP/src/api/api_msg.c ****               LWIP_ASSERT("state!", msg->conn->state == NETCONN_CONNECT);
1393:../../Middlewares/Third_Party/LwIP/src/api/api_msg.c ****               UNLOCK_TCPIP_CORE();
1394:../../Middlewares/Third_Party/LwIP/src/api/api_msg.c ****               sys_arch_sem_wait(LWIP_API_MSG_SEM(msg), 0);
1395:../../Middlewares/Third_Party/LwIP/src/api/api_msg.c ****               LOCK_TCPIP_CORE();
1396:../../Middlewares/Third_Party/LwIP/src/api/api_msg.c ****               LWIP_ASSERT("state!", msg->conn->state != NETCONN_CONNECT);
1397:../../Middlewares/Third_Party/LwIP/src/api/api_msg.c **** #endif /* LWIP_TCPIP_CORE_LOCKING */
1398:../../Middlewares/Third_Party/LwIP/src/api/api_msg.c ****               return;
1399:../../Middlewares/Third_Party/LwIP/src/api/api_msg.c ****             }
1400:../../Middlewares/Third_Party/LwIP/src/api/api_msg.c ****           }
1401:../../Middlewares/Third_Party/LwIP/src/api/api_msg.c ****         }
1402:../../Middlewares/Third_Party/LwIP/src/api/api_msg.c ****         break;
1403:../../Middlewares/Third_Party/LwIP/src/api/api_msg.c **** #endif /* LWIP_TCP */
1404:../../Middlewares/Third_Party/LwIP/src/api/api_msg.c ****       default:
1405:../../Middlewares/Third_Party/LwIP/src/api/api_msg.c ****         LWIP_ERROR("Invalid netconn type", 0, do {
 1115              		.loc 1 1405 9 is_stmt 1 view .LVU325
 1116              		.loc 1 1405 9 view .LVU326
 1117              		.loc 1 1405 9 discriminator 1 view .LVU327
 1118              		.loc 1 1405 9 discriminator 1 view .LVU328
 1119 0014 094B     		ldr	r3, .L92
 1120 0016 40F27D52 		movw	r2, #1405
 1121 001a 0949     		ldr	r1, .L92+4
 1122 001c 0948     		ldr	r0, .L92+8
 1123 001e FFF7FEFF 		bl	printf
 1124              	.LVL105:
 1125              		.loc 1 1405 9 discriminator 1 view .LVU329
 1126              		.loc 1 1405 9 discriminator 1 view .LVU330
 1127              		.loc 1 1405 9 discriminator 1 view .LVU331
 1128              		.loc 1 1405 9 view .LVU332
 1129              		.loc 1 1405 9 view .LVU333
1406:../../Middlewares/Third_Party/LwIP/src/api/api_msg.c ****           err = ERR_VAL;
ARM GAS  /var/folders/2r/mdtt8xvd351gdc398t28_m2m0000gn/T//ccI12eQw.s 			page 50


1407:../../Middlewares/Third_Party/LwIP/src/api/api_msg.c ****         } while (0));
1408:../../Middlewares/Third_Party/LwIP/src/api/api_msg.c ****         break;
 1130              		.loc 1 1408 9 view .LVU334
1405:../../Middlewares/Third_Party/LwIP/src/api/api_msg.c ****           err = ERR_VAL;
 1131              		.loc 1 1405 9 is_stmt 0 discriminator 1 view .LVU335
 1132 0022 6FF00500 		mvn	r0, #5
 1133              	.LVL106:
 1134              	.L87:
1409:../../Middlewares/Third_Party/LwIP/src/api/api_msg.c ****     }
1410:../../Middlewares/Third_Party/LwIP/src/api/api_msg.c ****   }
1411:../../Middlewares/Third_Party/LwIP/src/api/api_msg.c ****   msg->err = err;
 1135              		.loc 1 1411 3 is_stmt 1 view .LVU336
 1136              		.loc 1 1411 12 is_stmt 0 view .LVU337
 1137 0026 2071     		strb	r0, [r4, #4]
1412:../../Middlewares/Third_Party/LwIP/src/api/api_msg.c ****   /* For all other protocols, netconn_connect() calls netconn_apimsg(),
1413:../../Middlewares/Third_Party/LwIP/src/api/api_msg.c ****      so use TCPIP_APIMSG_ACK() here. */
1414:../../Middlewares/Third_Party/LwIP/src/api/api_msg.c ****   TCPIP_APIMSG_ACK(msg);
 1138              		.loc 1 1414 24 is_stmt 1 view .LVU338
1415:../../Middlewares/Third_Party/LwIP/src/api/api_msg.c **** }
 1139              		.loc 1 1415 1 is_stmt 0 view .LVU339
 1140 0028 10BD     		pop	{r4, pc}
 1141              	.LVL107:
 1142              	.L91:
1367:../../Middlewares/Third_Party/LwIP/src/api/api_msg.c ****         break;
 1143              		.loc 1 1367 9 is_stmt 1 view .LVU340
1367:../../Middlewares/Third_Party/LwIP/src/api/api_msg.c ****         break;
 1144              		.loc 1 1367 15 is_stmt 0 view .LVU341
 1145 002a A289     		ldrh	r2, [r4, #12]
 1146 002c A168     		ldr	r1, [r4, #8]
 1147 002e FFF7FEFF 		bl	udp_connect
 1148              	.LVL108:
1368:../../Middlewares/Third_Party/LwIP/src/api/api_msg.c **** #endif /* LWIP_UDP */
 1149              		.loc 1 1368 9 is_stmt 1 view .LVU342
 1150 0032 F8E7     		b	.L87
 1151              	.LVL109:
 1152              	.L89:
1357:../../Middlewares/Third_Party/LwIP/src/api/api_msg.c ****   } else {
 1153              		.loc 1 1357 9 is_stmt 0 view .LVU343
 1154 0034 6FF00E00 		mvn	r0, #14
 1155 0038 F5E7     		b	.L87
 1156              	.L93:
 1157 003a 00BF     		.align	2
 1158              	.L92:
 1159 003c 00000000 		.word	.LC0
 1160 0040 00000000 		.word	.LC11
 1161 0044 58000000 		.word	.LC2
 1162              		.cfi_endproc
 1163              	.LFE183:
 1165              		.section	.text.lwip_netconn_do_disconnect,"ax",%progbits
 1166              		.align	1
 1167              		.global	lwip_netconn_do_disconnect
 1168              		.syntax unified
 1169              		.thumb
 1170              		.thumb_func
 1172              	lwip_netconn_do_disconnect:
 1173              	.LVL110:
 1174              	.LFB184:
ARM GAS  /var/folders/2r/mdtt8xvd351gdc398t28_m2m0000gn/T//ccI12eQw.s 			page 51


1416:../../Middlewares/Third_Party/LwIP/src/api/api_msg.c **** 
1417:../../Middlewares/Third_Party/LwIP/src/api/api_msg.c **** /**
1418:../../Middlewares/Third_Party/LwIP/src/api/api_msg.c ****  * Disconnect a pcb contained inside a netconn
1419:../../Middlewares/Third_Party/LwIP/src/api/api_msg.c ****  * Only used for UDP netconns.
1420:../../Middlewares/Third_Party/LwIP/src/api/api_msg.c ****  * Called from netconn_disconnect.
1421:../../Middlewares/Third_Party/LwIP/src/api/api_msg.c ****  *
1422:../../Middlewares/Third_Party/LwIP/src/api/api_msg.c ****  * @param m the api_msg pointing to the connection to disconnect
1423:../../Middlewares/Third_Party/LwIP/src/api/api_msg.c ****  */
1424:../../Middlewares/Third_Party/LwIP/src/api/api_msg.c **** void
1425:../../Middlewares/Third_Party/LwIP/src/api/api_msg.c **** lwip_netconn_do_disconnect(void *m)
1426:../../Middlewares/Third_Party/LwIP/src/api/api_msg.c **** {
 1175              		.loc 1 1426 1 is_stmt 1 view -0
 1176              		.cfi_startproc
 1177              		@ args = 0, pretend = 0, frame = 0
 1178              		@ frame_needed = 0, uses_anonymous_args = 0
 1179              		.loc 1 1426 1 is_stmt 0 view .LVU345
 1180 0000 10B5     		push	{r4, lr}
 1181              	.LCFI13:
 1182              		.cfi_def_cfa_offset 8
 1183              		.cfi_offset 4, -8
 1184              		.cfi_offset 14, -4
 1185 0002 0446     		mov	r4, r0
1427:../../Middlewares/Third_Party/LwIP/src/api/api_msg.c ****   struct api_msg *msg = (struct api_msg *)m;
 1186              		.loc 1 1427 3 is_stmt 1 view .LVU346
 1187              	.LVL111:
1428:../../Middlewares/Third_Party/LwIP/src/api/api_msg.c **** 
1429:../../Middlewares/Third_Party/LwIP/src/api/api_msg.c **** #if LWIP_UDP
1430:../../Middlewares/Third_Party/LwIP/src/api/api_msg.c ****   if (NETCONNTYPE_GROUP(msg->conn->type) == NETCONN_UDP) {
 1188              		.loc 1 1430 3 view .LVU347
 1189              		.loc 1 1430 7 is_stmt 0 view .LVU348
 1190 0004 0268     		ldr	r2, [r0]
 1191 0006 1378     		ldrb	r3, [r2]	@ zero_extendqisi2
 1192              		.loc 1 1430 6 view .LVU349
 1193 0008 03F0F003 		and	r3, r3, #240
 1194 000c 202B     		cmp	r3, #32
 1195 000e 02D0     		beq	.L98
1431:../../Middlewares/Third_Party/LwIP/src/api/api_msg.c ****     udp_disconnect(msg->conn->pcb.udp);
1432:../../Middlewares/Third_Party/LwIP/src/api/api_msg.c ****     msg->err = ERR_OK;
1433:../../Middlewares/Third_Party/LwIP/src/api/api_msg.c ****   } else
1434:../../Middlewares/Third_Party/LwIP/src/api/api_msg.c **** #endif /* LWIP_UDP */
1435:../../Middlewares/Third_Party/LwIP/src/api/api_msg.c ****   {
1436:../../Middlewares/Third_Party/LwIP/src/api/api_msg.c ****     msg->err = ERR_VAL;
 1196              		.loc 1 1436 5 is_stmt 1 view .LVU350
 1197              		.loc 1 1436 14 is_stmt 0 view .LVU351
 1198 0010 FA23     		movs	r3, #250
 1199 0012 0371     		strb	r3, [r0, #4]
1437:../../Middlewares/Third_Party/LwIP/src/api/api_msg.c ****   }
1438:../../Middlewares/Third_Party/LwIP/src/api/api_msg.c ****   TCPIP_APIMSG_ACK(msg);
 1200              		.loc 1 1438 24 is_stmt 1 view .LVU352
 1201              	.LVL112:
 1202              	.L94:
1439:../../Middlewares/Third_Party/LwIP/src/api/api_msg.c **** }
 1203              		.loc 1 1439 1 is_stmt 0 view .LVU353
 1204 0014 10BD     		pop	{r4, pc}
 1205              	.LVL113:
 1206              	.L98:
1431:../../Middlewares/Third_Party/LwIP/src/api/api_msg.c ****     udp_disconnect(msg->conn->pcb.udp);
ARM GAS  /var/folders/2r/mdtt8xvd351gdc398t28_m2m0000gn/T//ccI12eQw.s 			page 52


 1207              		.loc 1 1431 5 is_stmt 1 view .LVU354
 1208 0016 5068     		ldr	r0, [r2, #4]
 1209              	.LVL114:
1431:../../Middlewares/Third_Party/LwIP/src/api/api_msg.c ****     udp_disconnect(msg->conn->pcb.udp);
 1210              		.loc 1 1431 5 is_stmt 0 view .LVU355
 1211 0018 FFF7FEFF 		bl	udp_disconnect
 1212              	.LVL115:
1432:../../Middlewares/Third_Party/LwIP/src/api/api_msg.c ****   } else
 1213              		.loc 1 1432 5 is_stmt 1 view .LVU356
1432:../../Middlewares/Third_Party/LwIP/src/api/api_msg.c ****   } else
 1214              		.loc 1 1432 14 is_stmt 0 view .LVU357
 1215 001c 0023     		movs	r3, #0
 1216 001e 2371     		strb	r3, [r4, #4]
 1217 0020 F8E7     		b	.L94
 1218              		.cfi_endproc
 1219              	.LFE184:
 1221              		.section	.text.lwip_netconn_do_send,"ax",%progbits
 1222              		.align	1
 1223              		.global	lwip_netconn_do_send
 1224              		.syntax unified
 1225              		.thumb
 1226              		.thumb_func
 1228              	lwip_netconn_do_send:
 1229              	.LVL116:
 1230              	.LFB185:
1440:../../Middlewares/Third_Party/LwIP/src/api/api_msg.c **** 
1441:../../Middlewares/Third_Party/LwIP/src/api/api_msg.c **** #if LWIP_TCP
1442:../../Middlewares/Third_Party/LwIP/src/api/api_msg.c **** /**
1443:../../Middlewares/Third_Party/LwIP/src/api/api_msg.c ****  * Set a TCP pcb contained in a netconn into listen mode
1444:../../Middlewares/Third_Party/LwIP/src/api/api_msg.c ****  * Called from netconn_listen.
1445:../../Middlewares/Third_Party/LwIP/src/api/api_msg.c ****  *
1446:../../Middlewares/Third_Party/LwIP/src/api/api_msg.c ****  * @param m the api_msg pointing to the connection
1447:../../Middlewares/Third_Party/LwIP/src/api/api_msg.c ****  */
1448:../../Middlewares/Third_Party/LwIP/src/api/api_msg.c **** void
1449:../../Middlewares/Third_Party/LwIP/src/api/api_msg.c **** lwip_netconn_do_listen(void *m)
1450:../../Middlewares/Third_Party/LwIP/src/api/api_msg.c **** {
1451:../../Middlewares/Third_Party/LwIP/src/api/api_msg.c ****   struct api_msg *msg = (struct api_msg *)m;
1452:../../Middlewares/Third_Party/LwIP/src/api/api_msg.c ****   err_t err;
1453:../../Middlewares/Third_Party/LwIP/src/api/api_msg.c **** 
1454:../../Middlewares/Third_Party/LwIP/src/api/api_msg.c ****   if (msg->conn->pcb.tcp != NULL) {
1455:../../Middlewares/Third_Party/LwIP/src/api/api_msg.c ****     if (NETCONNTYPE_GROUP(msg->conn->type) == NETCONN_TCP) {
1456:../../Middlewares/Third_Party/LwIP/src/api/api_msg.c ****       if (msg->conn->state == NETCONN_NONE) {
1457:../../Middlewares/Third_Party/LwIP/src/api/api_msg.c ****         struct tcp_pcb *lpcb;
1458:../../Middlewares/Third_Party/LwIP/src/api/api_msg.c ****         if (msg->conn->pcb.tcp->state != CLOSED) {
1459:../../Middlewares/Third_Party/LwIP/src/api/api_msg.c ****           /* connection is not closed, cannot listen */
1460:../../Middlewares/Third_Party/LwIP/src/api/api_msg.c ****           err = ERR_VAL;
1461:../../Middlewares/Third_Party/LwIP/src/api/api_msg.c ****         } else {
1462:../../Middlewares/Third_Party/LwIP/src/api/api_msg.c ****           u8_t backlog;
1463:../../Middlewares/Third_Party/LwIP/src/api/api_msg.c **** #if TCP_LISTEN_BACKLOG
1464:../../Middlewares/Third_Party/LwIP/src/api/api_msg.c ****           backlog = msg->msg.lb.backlog;
1465:../../Middlewares/Third_Party/LwIP/src/api/api_msg.c **** #else  /* TCP_LISTEN_BACKLOG */
1466:../../Middlewares/Third_Party/LwIP/src/api/api_msg.c ****           backlog = TCP_DEFAULT_LISTEN_BACKLOG;
1467:../../Middlewares/Third_Party/LwIP/src/api/api_msg.c **** #endif /* TCP_LISTEN_BACKLOG */
1468:../../Middlewares/Third_Party/LwIP/src/api/api_msg.c **** #if LWIP_IPV4 && LWIP_IPV6
1469:../../Middlewares/Third_Party/LwIP/src/api/api_msg.c ****           /* "Socket API like" dual-stack support: If IP to listen to is IP6_ADDR_ANY,
1470:../../Middlewares/Third_Party/LwIP/src/api/api_msg.c ****             * and NETCONN_FLAG_IPV6_V6ONLY is NOT set, use IP_ANY_TYPE to listen
1471:../../Middlewares/Third_Party/LwIP/src/api/api_msg.c ****             */
ARM GAS  /var/folders/2r/mdtt8xvd351gdc398t28_m2m0000gn/T//ccI12eQw.s 			page 53


1472:../../Middlewares/Third_Party/LwIP/src/api/api_msg.c ****           if (ip_addr_cmp(&msg->conn->pcb.ip->local_ip, IP6_ADDR_ANY) &&
1473:../../Middlewares/Third_Party/LwIP/src/api/api_msg.c ****               (netconn_get_ipv6only(msg->conn) == 0)) {
1474:../../Middlewares/Third_Party/LwIP/src/api/api_msg.c ****             /* change PCB type to IPADDR_TYPE_ANY */
1475:../../Middlewares/Third_Party/LwIP/src/api/api_msg.c ****             IP_SET_TYPE_VAL(msg->conn->pcb.tcp->local_ip,  IPADDR_TYPE_ANY);
1476:../../Middlewares/Third_Party/LwIP/src/api/api_msg.c ****             IP_SET_TYPE_VAL(msg->conn->pcb.tcp->remote_ip, IPADDR_TYPE_ANY);
1477:../../Middlewares/Third_Party/LwIP/src/api/api_msg.c ****           }
1478:../../Middlewares/Third_Party/LwIP/src/api/api_msg.c **** #endif /* LWIP_IPV4 && LWIP_IPV6 */
1479:../../Middlewares/Third_Party/LwIP/src/api/api_msg.c **** 
1480:../../Middlewares/Third_Party/LwIP/src/api/api_msg.c ****           lpcb = tcp_listen_with_backlog_and_err(msg->conn->pcb.tcp, backlog, &err);
1481:../../Middlewares/Third_Party/LwIP/src/api/api_msg.c **** 
1482:../../Middlewares/Third_Party/LwIP/src/api/api_msg.c ****           if (lpcb == NULL) {
1483:../../Middlewares/Third_Party/LwIP/src/api/api_msg.c ****             /* in this case, the old pcb is still allocated */
1484:../../Middlewares/Third_Party/LwIP/src/api/api_msg.c ****           } else {
1485:../../Middlewares/Third_Party/LwIP/src/api/api_msg.c ****             /* delete the recvmbox and allocate the acceptmbox */
1486:../../Middlewares/Third_Party/LwIP/src/api/api_msg.c ****             if (sys_mbox_valid(&msg->conn->recvmbox)) {
1487:../../Middlewares/Third_Party/LwIP/src/api/api_msg.c ****               /** @todo: should we drain the recvmbox here? */
1488:../../Middlewares/Third_Party/LwIP/src/api/api_msg.c ****               sys_mbox_free(&msg->conn->recvmbox);
1489:../../Middlewares/Third_Party/LwIP/src/api/api_msg.c ****               sys_mbox_set_invalid(&msg->conn->recvmbox);
1490:../../Middlewares/Third_Party/LwIP/src/api/api_msg.c ****             }
1491:../../Middlewares/Third_Party/LwIP/src/api/api_msg.c ****             err = ERR_OK;
1492:../../Middlewares/Third_Party/LwIP/src/api/api_msg.c ****             if (!sys_mbox_valid(&msg->conn->acceptmbox)) {
1493:../../Middlewares/Third_Party/LwIP/src/api/api_msg.c ****               err = sys_mbox_new(&msg->conn->acceptmbox, DEFAULT_ACCEPTMBOX_SIZE);
1494:../../Middlewares/Third_Party/LwIP/src/api/api_msg.c ****             }
1495:../../Middlewares/Third_Party/LwIP/src/api/api_msg.c ****             if (err == ERR_OK) {
1496:../../Middlewares/Third_Party/LwIP/src/api/api_msg.c ****               msg->conn->state = NETCONN_LISTEN;
1497:../../Middlewares/Third_Party/LwIP/src/api/api_msg.c ****               msg->conn->pcb.tcp = lpcb;
1498:../../Middlewares/Third_Party/LwIP/src/api/api_msg.c ****               tcp_arg(msg->conn->pcb.tcp, msg->conn);
1499:../../Middlewares/Third_Party/LwIP/src/api/api_msg.c ****               tcp_accept(msg->conn->pcb.tcp, accept_function);
1500:../../Middlewares/Third_Party/LwIP/src/api/api_msg.c ****             } else {
1501:../../Middlewares/Third_Party/LwIP/src/api/api_msg.c ****               /* since the old pcb is already deallocated, free lpcb now */
1502:../../Middlewares/Third_Party/LwIP/src/api/api_msg.c ****               tcp_close(lpcb);
1503:../../Middlewares/Third_Party/LwIP/src/api/api_msg.c ****               msg->conn->pcb.tcp = NULL;
1504:../../Middlewares/Third_Party/LwIP/src/api/api_msg.c ****             }
1505:../../Middlewares/Third_Party/LwIP/src/api/api_msg.c ****           }
1506:../../Middlewares/Third_Party/LwIP/src/api/api_msg.c ****         }
1507:../../Middlewares/Third_Party/LwIP/src/api/api_msg.c ****       } else if (msg->conn->state == NETCONN_LISTEN) {
1508:../../Middlewares/Third_Party/LwIP/src/api/api_msg.c ****         /* already listening, allow updating of the backlog */
1509:../../Middlewares/Third_Party/LwIP/src/api/api_msg.c ****         err = ERR_OK;
1510:../../Middlewares/Third_Party/LwIP/src/api/api_msg.c ****         tcp_backlog_set(msg->conn->pcb.tcp, msg->msg.lb.backlog);
1511:../../Middlewares/Third_Party/LwIP/src/api/api_msg.c ****       } else {
1512:../../Middlewares/Third_Party/LwIP/src/api/api_msg.c ****         err = ERR_CONN;
1513:../../Middlewares/Third_Party/LwIP/src/api/api_msg.c ****       }
1514:../../Middlewares/Third_Party/LwIP/src/api/api_msg.c ****     } else {
1515:../../Middlewares/Third_Party/LwIP/src/api/api_msg.c ****       err = ERR_ARG;
1516:../../Middlewares/Third_Party/LwIP/src/api/api_msg.c ****     }
1517:../../Middlewares/Third_Party/LwIP/src/api/api_msg.c ****   } else {
1518:../../Middlewares/Third_Party/LwIP/src/api/api_msg.c ****     err = ERR_CONN;
1519:../../Middlewares/Third_Party/LwIP/src/api/api_msg.c ****   }
1520:../../Middlewares/Third_Party/LwIP/src/api/api_msg.c ****   msg->err = err;
1521:../../Middlewares/Third_Party/LwIP/src/api/api_msg.c ****   TCPIP_APIMSG_ACK(msg);
1522:../../Middlewares/Third_Party/LwIP/src/api/api_msg.c **** }
1523:../../Middlewares/Third_Party/LwIP/src/api/api_msg.c **** #endif /* LWIP_TCP */
1524:../../Middlewares/Third_Party/LwIP/src/api/api_msg.c **** 
1525:../../Middlewares/Third_Party/LwIP/src/api/api_msg.c **** /**
1526:../../Middlewares/Third_Party/LwIP/src/api/api_msg.c ****  * Send some data on a RAW or UDP pcb contained in a netconn
1527:../../Middlewares/Third_Party/LwIP/src/api/api_msg.c ****  * Called from netconn_send
1528:../../Middlewares/Third_Party/LwIP/src/api/api_msg.c ****  *
ARM GAS  /var/folders/2r/mdtt8xvd351gdc398t28_m2m0000gn/T//ccI12eQw.s 			page 54


1529:../../Middlewares/Third_Party/LwIP/src/api/api_msg.c ****  * @param m the api_msg pointing to the connection
1530:../../Middlewares/Third_Party/LwIP/src/api/api_msg.c ****  */
1531:../../Middlewares/Third_Party/LwIP/src/api/api_msg.c **** void
1532:../../Middlewares/Third_Party/LwIP/src/api/api_msg.c **** lwip_netconn_do_send(void *m)
1533:../../Middlewares/Third_Party/LwIP/src/api/api_msg.c **** {
 1231              		.loc 1 1533 1 is_stmt 1 view -0
 1232              		.cfi_startproc
 1233              		@ args = 0, pretend = 0, frame = 0
 1234              		@ frame_needed = 0, uses_anonymous_args = 0
 1235              		.loc 1 1533 1 is_stmt 0 view .LVU359
 1236 0000 10B5     		push	{r4, lr}
 1237              	.LCFI14:
 1238              		.cfi_def_cfa_offset 8
 1239              		.cfi_offset 4, -8
 1240              		.cfi_offset 14, -4
 1241 0002 0446     		mov	r4, r0
1534:../../Middlewares/Third_Party/LwIP/src/api/api_msg.c ****   struct api_msg *msg = (struct api_msg *)m;
 1242              		.loc 1 1534 3 is_stmt 1 view .LVU360
 1243              	.LVL117:
1535:../../Middlewares/Third_Party/LwIP/src/api/api_msg.c **** 
1536:../../Middlewares/Third_Party/LwIP/src/api/api_msg.c ****   err_t err = netconn_err(msg->conn);
 1244              		.loc 1 1536 3 view .LVU361
 1245              		.loc 1 1536 15 is_stmt 0 view .LVU362
 1246 0004 0068     		ldr	r0, [r0]
 1247              	.LVL118:
 1248              		.loc 1 1536 15 view .LVU363
 1249 0006 FFF7FEFF 		bl	netconn_err
 1250              	.LVL119:
1537:../../Middlewares/Third_Party/LwIP/src/api/api_msg.c ****   if (err == ERR_OK) {
 1251              		.loc 1 1537 3 is_stmt 1 view .LVU364
 1252              		.loc 1 1537 6 is_stmt 0 view .LVU365
 1253 000a 0346     		mov	r3, r0
 1254 000c 48B9     		cbnz	r0, .L100
1538:../../Middlewares/Third_Party/LwIP/src/api/api_msg.c ****     if (msg->conn->pcb.tcp != NULL) {
 1255              		.loc 1 1538 5 is_stmt 1 view .LVU366
 1256              		.loc 1 1538 12 is_stmt 0 view .LVU367
 1257 000e 2368     		ldr	r3, [r4]
 1258              		.loc 1 1538 23 view .LVU368
 1259 0010 5868     		ldr	r0, [r3, #4]
 1260              	.LVL120:
 1261              		.loc 1 1538 8 view .LVU369
 1262 0012 C0B1     		cbz	r0, .L102
1539:../../Middlewares/Third_Party/LwIP/src/api/api_msg.c ****       switch (NETCONNTYPE_GROUP(msg->conn->type)) {
 1263              		.loc 1 1539 7 is_stmt 1 view .LVU370
 1264              		.loc 1 1539 15 is_stmt 0 view .LVU371
 1265 0014 1B78     		ldrb	r3, [r3]	@ zero_extendqisi2
 1266              		.loc 1 1539 7 view .LVU372
 1267 0016 03F0F003 		and	r3, r3, #240
 1268 001a 202B     		cmp	r3, #32
 1269 001c 03D0     		beq	.L105
1540:../../Middlewares/Third_Party/LwIP/src/api/api_msg.c **** #if LWIP_RAW
1541:../../Middlewares/Third_Party/LwIP/src/api/api_msg.c ****         case NETCONN_RAW:
1542:../../Middlewares/Third_Party/LwIP/src/api/api_msg.c ****           if (ip_addr_isany(&msg->msg.b->addr) || IP_IS_ANY_TYPE_VAL(msg->msg.b->addr)) {
1543:../../Middlewares/Third_Party/LwIP/src/api/api_msg.c ****             err = raw_send(msg->conn->pcb.raw, msg->msg.b->p);
1544:../../Middlewares/Third_Party/LwIP/src/api/api_msg.c ****           } else {
1545:../../Middlewares/Third_Party/LwIP/src/api/api_msg.c ****             err = raw_sendto(msg->conn->pcb.raw, msg->msg.b->p, &msg->msg.b->addr);
1546:../../Middlewares/Third_Party/LwIP/src/api/api_msg.c ****           }
ARM GAS  /var/folders/2r/mdtt8xvd351gdc398t28_m2m0000gn/T//ccI12eQw.s 			page 55


1547:../../Middlewares/Third_Party/LwIP/src/api/api_msg.c ****           break;
1548:../../Middlewares/Third_Party/LwIP/src/api/api_msg.c **** #endif
1549:../../Middlewares/Third_Party/LwIP/src/api/api_msg.c **** #if LWIP_UDP
1550:../../Middlewares/Third_Party/LwIP/src/api/api_msg.c ****         case NETCONN_UDP:
1551:../../Middlewares/Third_Party/LwIP/src/api/api_msg.c **** #if LWIP_CHECKSUM_ON_COPY
1552:../../Middlewares/Third_Party/LwIP/src/api/api_msg.c ****           if (ip_addr_isany(&msg->msg.b->addr) || IP_IS_ANY_TYPE_VAL(msg->msg.b->addr)) {
1553:../../Middlewares/Third_Party/LwIP/src/api/api_msg.c ****             err = udp_send_chksum(msg->conn->pcb.udp, msg->msg.b->p,
1554:../../Middlewares/Third_Party/LwIP/src/api/api_msg.c ****                                   msg->msg.b->flags & NETBUF_FLAG_CHKSUM, msg->msg.b->toport_chksum
1555:../../Middlewares/Third_Party/LwIP/src/api/api_msg.c ****           } else {
1556:../../Middlewares/Third_Party/LwIP/src/api/api_msg.c ****             err = udp_sendto_chksum(msg->conn->pcb.udp, msg->msg.b->p,
1557:../../Middlewares/Third_Party/LwIP/src/api/api_msg.c ****                                     &msg->msg.b->addr, msg->msg.b->port,
1558:../../Middlewares/Third_Party/LwIP/src/api/api_msg.c ****                                     msg->msg.b->flags & NETBUF_FLAG_CHKSUM, msg->msg.b->toport_chks
1559:../../Middlewares/Third_Party/LwIP/src/api/api_msg.c ****           }
1560:../../Middlewares/Third_Party/LwIP/src/api/api_msg.c **** #else /* LWIP_CHECKSUM_ON_COPY */
1561:../../Middlewares/Third_Party/LwIP/src/api/api_msg.c ****           if (ip_addr_isany_val(msg->msg.b->addr) || IP_IS_ANY_TYPE_VAL(msg->msg.b->addr)) {
1562:../../Middlewares/Third_Party/LwIP/src/api/api_msg.c ****             err = udp_send(msg->conn->pcb.udp, msg->msg.b->p);
1563:../../Middlewares/Third_Party/LwIP/src/api/api_msg.c ****           } else {
1564:../../Middlewares/Third_Party/LwIP/src/api/api_msg.c ****             err = udp_sendto(msg->conn->pcb.udp, msg->msg.b->p, &msg->msg.b->addr, msg->msg.b->port
1565:../../Middlewares/Third_Party/LwIP/src/api/api_msg.c ****           }
1566:../../Middlewares/Third_Party/LwIP/src/api/api_msg.c **** #endif /* LWIP_CHECKSUM_ON_COPY */
1567:../../Middlewares/Third_Party/LwIP/src/api/api_msg.c ****           break;
1568:../../Middlewares/Third_Party/LwIP/src/api/api_msg.c **** #endif /* LWIP_UDP */
1569:../../Middlewares/Third_Party/LwIP/src/api/api_msg.c ****         default:
1570:../../Middlewares/Third_Party/LwIP/src/api/api_msg.c ****           err = ERR_CONN;
 1270              		.loc 1 1570 15 view .LVU373
 1271 001e 6FF00A03 		mvn	r3, #10
 1272              	.LVL121:
 1273              	.L100:
1571:../../Middlewares/Third_Party/LwIP/src/api/api_msg.c ****           break;
1572:../../Middlewares/Third_Party/LwIP/src/api/api_msg.c ****       }
1573:../../Middlewares/Third_Party/LwIP/src/api/api_msg.c ****     } else {
1574:../../Middlewares/Third_Party/LwIP/src/api/api_msg.c ****       err = ERR_CONN;
1575:../../Middlewares/Third_Party/LwIP/src/api/api_msg.c ****     }
1576:../../Middlewares/Third_Party/LwIP/src/api/api_msg.c ****   }
1577:../../Middlewares/Third_Party/LwIP/src/api/api_msg.c ****   msg->err = err;
 1274              		.loc 1 1577 3 is_stmt 1 view .LVU374
 1275              		.loc 1 1577 12 is_stmt 0 view .LVU375
 1276 0022 2371     		strb	r3, [r4, #4]
1578:../../Middlewares/Third_Party/LwIP/src/api/api_msg.c ****   TCPIP_APIMSG_ACK(msg);
 1277              		.loc 1 1578 24 is_stmt 1 view .LVU376
1579:../../Middlewares/Third_Party/LwIP/src/api/api_msg.c **** }
 1278              		.loc 1 1579 1 is_stmt 0 view .LVU377
 1279 0024 10BD     		pop	{r4, pc}
 1280              	.LVL122:
 1281              	.L105:
1561:../../Middlewares/Third_Party/LwIP/src/api/api_msg.c ****             err = udp_send(msg->conn->pcb.udp, msg->msg.b->p);
 1282              		.loc 1 1561 11 is_stmt 1 view .LVU378
1561:../../Middlewares/Third_Party/LwIP/src/api/api_msg.c ****             err = udp_send(msg->conn->pcb.udp, msg->msg.b->p);
 1283              		.loc 1 1561 15 is_stmt 0 view .LVU379
 1284 0026 A168     		ldr	r1, [r4, #8]
 1285 0028 8B68     		ldr	r3, [r1, #8]
1561:../../Middlewares/Third_Party/LwIP/src/api/api_msg.c ****             err = udp_send(msg->conn->pcb.udp, msg->msg.b->p);
 1286              		.loc 1 1561 14 view .LVU380
 1287 002a 23B9     		cbnz	r3, .L101
1562:../../Middlewares/Third_Party/LwIP/src/api/api_msg.c ****           } else {
 1288              		.loc 1 1562 13 is_stmt 1 view .LVU381
1562:../../Middlewares/Third_Party/LwIP/src/api/api_msg.c ****           } else {
ARM GAS  /var/folders/2r/mdtt8xvd351gdc398t28_m2m0000gn/T//ccI12eQw.s 			page 56


 1289              		.loc 1 1562 19 is_stmt 0 view .LVU382
 1290 002c 0968     		ldr	r1, [r1]
 1291 002e FFF7FEFF 		bl	udp_send
 1292              	.LVL123:
 1293 0032 0346     		mov	r3, r0
 1294              	.LVL124:
1562:../../Middlewares/Third_Party/LwIP/src/api/api_msg.c ****           } else {
 1295              		.loc 1 1562 19 view .LVU383
 1296 0034 F5E7     		b	.L100
 1297              	.LVL125:
 1298              	.L101:
1564:../../Middlewares/Third_Party/LwIP/src/api/api_msg.c ****           }
 1299              		.loc 1 1564 13 is_stmt 1 view .LVU384
1564:../../Middlewares/Third_Party/LwIP/src/api/api_msg.c ****           }
 1300              		.loc 1 1564 19 is_stmt 0 view .LVU385
 1301 0036 8B89     		ldrh	r3, [r1, #12]
 1302 0038 01F10802 		add	r2, r1, #8
 1303 003c 0968     		ldr	r1, [r1]
 1304 003e FFF7FEFF 		bl	udp_sendto
 1305              	.LVL126:
 1306 0042 0346     		mov	r3, r0
 1307              	.LVL127:
1564:../../Middlewares/Third_Party/LwIP/src/api/api_msg.c ****           }
 1308              		.loc 1 1564 19 view .LVU386
 1309 0044 EDE7     		b	.L100
 1310              	.LVL128:
 1311              	.L102:
1574:../../Middlewares/Third_Party/LwIP/src/api/api_msg.c ****     }
 1312              		.loc 1 1574 11 view .LVU387
 1313 0046 6FF00A03 		mvn	r3, #10
 1314 004a EAE7     		b	.L100
 1315              		.cfi_endproc
 1316              	.LFE185:
 1318              		.section	.text.lwip_netconn_do_write,"ax",%progbits
 1319              		.align	1
 1320              		.global	lwip_netconn_do_write
 1321              		.syntax unified
 1322              		.thumb
 1323              		.thumb_func
 1325              	lwip_netconn_do_write:
 1326              	.LVL129:
 1327              	.LFB186:
1580:../../Middlewares/Third_Party/LwIP/src/api/api_msg.c **** 
1581:../../Middlewares/Third_Party/LwIP/src/api/api_msg.c **** #if LWIP_TCP
1582:../../Middlewares/Third_Party/LwIP/src/api/api_msg.c **** /**
1583:../../Middlewares/Third_Party/LwIP/src/api/api_msg.c ****  * Indicate data has been received from a TCP pcb contained in a netconn
1584:../../Middlewares/Third_Party/LwIP/src/api/api_msg.c ****  * Called from netconn_recv
1585:../../Middlewares/Third_Party/LwIP/src/api/api_msg.c ****  *
1586:../../Middlewares/Third_Party/LwIP/src/api/api_msg.c ****  * @param m the api_msg pointing to the connection
1587:../../Middlewares/Third_Party/LwIP/src/api/api_msg.c ****  */
1588:../../Middlewares/Third_Party/LwIP/src/api/api_msg.c **** void
1589:../../Middlewares/Third_Party/LwIP/src/api/api_msg.c **** lwip_netconn_do_recv(void *m)
1590:../../Middlewares/Third_Party/LwIP/src/api/api_msg.c **** {
1591:../../Middlewares/Third_Party/LwIP/src/api/api_msg.c ****   struct api_msg *msg = (struct api_msg *)m;
1592:../../Middlewares/Third_Party/LwIP/src/api/api_msg.c **** 
1593:../../Middlewares/Third_Party/LwIP/src/api/api_msg.c ****   msg->err = ERR_OK;
1594:../../Middlewares/Third_Party/LwIP/src/api/api_msg.c ****   if (msg->conn->pcb.tcp != NULL) {
ARM GAS  /var/folders/2r/mdtt8xvd351gdc398t28_m2m0000gn/T//ccI12eQw.s 			page 57


1595:../../Middlewares/Third_Party/LwIP/src/api/api_msg.c ****     if (NETCONNTYPE_GROUP(msg->conn->type) == NETCONN_TCP) {
1596:../../Middlewares/Third_Party/LwIP/src/api/api_msg.c ****       size_t remaining = msg->msg.r.len;
1597:../../Middlewares/Third_Party/LwIP/src/api/api_msg.c ****       do {
1598:../../Middlewares/Third_Party/LwIP/src/api/api_msg.c ****         u16_t recved = (u16_t)((remaining > 0xffff) ? 0xffff : remaining);
1599:../../Middlewares/Third_Party/LwIP/src/api/api_msg.c ****         tcp_recved(msg->conn->pcb.tcp, recved);
1600:../../Middlewares/Third_Party/LwIP/src/api/api_msg.c ****         remaining -= recved;
1601:../../Middlewares/Third_Party/LwIP/src/api/api_msg.c ****       } while (remaining != 0);
1602:../../Middlewares/Third_Party/LwIP/src/api/api_msg.c ****     }
1603:../../Middlewares/Third_Party/LwIP/src/api/api_msg.c ****   }
1604:../../Middlewares/Third_Party/LwIP/src/api/api_msg.c ****   TCPIP_APIMSG_ACK(msg);
1605:../../Middlewares/Third_Party/LwIP/src/api/api_msg.c **** }
1606:../../Middlewares/Third_Party/LwIP/src/api/api_msg.c **** 
1607:../../Middlewares/Third_Party/LwIP/src/api/api_msg.c **** #if TCP_LISTEN_BACKLOG
1608:../../Middlewares/Third_Party/LwIP/src/api/api_msg.c **** /** Indicate that a TCP pcb has been accepted
1609:../../Middlewares/Third_Party/LwIP/src/api/api_msg.c ****  * Called from netconn_accept
1610:../../Middlewares/Third_Party/LwIP/src/api/api_msg.c ****  *
1611:../../Middlewares/Third_Party/LwIP/src/api/api_msg.c ****  * @param m the api_msg pointing to the connection
1612:../../Middlewares/Third_Party/LwIP/src/api/api_msg.c ****  */
1613:../../Middlewares/Third_Party/LwIP/src/api/api_msg.c **** void
1614:../../Middlewares/Third_Party/LwIP/src/api/api_msg.c **** lwip_netconn_do_accepted(void *m)
1615:../../Middlewares/Third_Party/LwIP/src/api/api_msg.c **** {
1616:../../Middlewares/Third_Party/LwIP/src/api/api_msg.c ****   struct api_msg *msg = (struct api_msg *)m;
1617:../../Middlewares/Third_Party/LwIP/src/api/api_msg.c **** 
1618:../../Middlewares/Third_Party/LwIP/src/api/api_msg.c ****   msg->err = ERR_OK;
1619:../../Middlewares/Third_Party/LwIP/src/api/api_msg.c ****   if (msg->conn->pcb.tcp != NULL) {
1620:../../Middlewares/Third_Party/LwIP/src/api/api_msg.c ****     if (NETCONNTYPE_GROUP(msg->conn->type) == NETCONN_TCP) {
1621:../../Middlewares/Third_Party/LwIP/src/api/api_msg.c ****       tcp_backlog_accepted(msg->conn->pcb.tcp);
1622:../../Middlewares/Third_Party/LwIP/src/api/api_msg.c ****     }
1623:../../Middlewares/Third_Party/LwIP/src/api/api_msg.c ****   }
1624:../../Middlewares/Third_Party/LwIP/src/api/api_msg.c ****   TCPIP_APIMSG_ACK(msg);
1625:../../Middlewares/Third_Party/LwIP/src/api/api_msg.c **** }
1626:../../Middlewares/Third_Party/LwIP/src/api/api_msg.c **** #endif /* TCP_LISTEN_BACKLOG */
1627:../../Middlewares/Third_Party/LwIP/src/api/api_msg.c **** 
1628:../../Middlewares/Third_Party/LwIP/src/api/api_msg.c **** /**
1629:../../Middlewares/Third_Party/LwIP/src/api/api_msg.c ****  * See if more data needs to be written from a previous call to netconn_write.
1630:../../Middlewares/Third_Party/LwIP/src/api/api_msg.c ****  * Called initially from lwip_netconn_do_write. If the first call can't send all data
1631:../../Middlewares/Third_Party/LwIP/src/api/api_msg.c ****  * (because of low memory or empty send-buffer), this function is called again
1632:../../Middlewares/Third_Party/LwIP/src/api/api_msg.c ****  * from sent_tcp() or poll_tcp() to send more data. If all data is sent, the
1633:../../Middlewares/Third_Party/LwIP/src/api/api_msg.c ****  * blocking application thread (waiting in netconn_write) is released.
1634:../../Middlewares/Third_Party/LwIP/src/api/api_msg.c ****  *
1635:../../Middlewares/Third_Party/LwIP/src/api/api_msg.c ****  * @param conn netconn (that is currently in state NETCONN_WRITE) to process
1636:../../Middlewares/Third_Party/LwIP/src/api/api_msg.c ****  * @return ERR_OK
1637:../../Middlewares/Third_Party/LwIP/src/api/api_msg.c ****  *         ERR_MEM if LWIP_TCPIP_CORE_LOCKING=1 and sending hasn't yet finished
1638:../../Middlewares/Third_Party/LwIP/src/api/api_msg.c ****  */
1639:../../Middlewares/Third_Party/LwIP/src/api/api_msg.c **** static err_t
1640:../../Middlewares/Third_Party/LwIP/src/api/api_msg.c **** lwip_netconn_do_writemore(struct netconn *conn  WRITE_DELAYED_PARAM)
1641:../../Middlewares/Third_Party/LwIP/src/api/api_msg.c **** {
1642:../../Middlewares/Third_Party/LwIP/src/api/api_msg.c ****   err_t err;
1643:../../Middlewares/Third_Party/LwIP/src/api/api_msg.c ****   const void *dataptr;
1644:../../Middlewares/Third_Party/LwIP/src/api/api_msg.c ****   u16_t len, available;
1645:../../Middlewares/Third_Party/LwIP/src/api/api_msg.c ****   u8_t write_finished = 0;
1646:../../Middlewares/Third_Party/LwIP/src/api/api_msg.c ****   size_t diff;
1647:../../Middlewares/Third_Party/LwIP/src/api/api_msg.c ****   u8_t dontblock;
1648:../../Middlewares/Third_Party/LwIP/src/api/api_msg.c ****   u8_t apiflags;
1649:../../Middlewares/Third_Party/LwIP/src/api/api_msg.c ****   u8_t write_more;
1650:../../Middlewares/Third_Party/LwIP/src/api/api_msg.c **** 
1651:../../Middlewares/Third_Party/LwIP/src/api/api_msg.c ****   LWIP_ASSERT("conn != NULL", conn != NULL);
ARM GAS  /var/folders/2r/mdtt8xvd351gdc398t28_m2m0000gn/T//ccI12eQw.s 			page 58


1652:../../Middlewares/Third_Party/LwIP/src/api/api_msg.c ****   LWIP_ASSERT("conn->state == NETCONN_WRITE", (conn->state == NETCONN_WRITE));
1653:../../Middlewares/Third_Party/LwIP/src/api/api_msg.c ****   LWIP_ASSERT("conn->current_msg != NULL", conn->current_msg != NULL);
1654:../../Middlewares/Third_Party/LwIP/src/api/api_msg.c ****   LWIP_ASSERT("conn->pcb.tcp != NULL", conn->pcb.tcp != NULL);
1655:../../Middlewares/Third_Party/LwIP/src/api/api_msg.c ****   LWIP_ASSERT("conn->current_msg->msg.w.offset < conn->current_msg->msg.w.len",
1656:../../Middlewares/Third_Party/LwIP/src/api/api_msg.c ****               conn->current_msg->msg.w.offset < conn->current_msg->msg.w.len);
1657:../../Middlewares/Third_Party/LwIP/src/api/api_msg.c ****   LWIP_ASSERT("conn->current_msg->msg.w.vector_cnt > 0", conn->current_msg->msg.w.vector_cnt > 0);
1658:../../Middlewares/Third_Party/LwIP/src/api/api_msg.c **** 
1659:../../Middlewares/Third_Party/LwIP/src/api/api_msg.c ****   apiflags = conn->current_msg->msg.w.apiflags;
1660:../../Middlewares/Third_Party/LwIP/src/api/api_msg.c ****   dontblock = netconn_is_nonblocking(conn) || (apiflags & NETCONN_DONTBLOCK);
1661:../../Middlewares/Third_Party/LwIP/src/api/api_msg.c **** 
1662:../../Middlewares/Third_Party/LwIP/src/api/api_msg.c **** #if LWIP_SO_SNDTIMEO
1663:../../Middlewares/Third_Party/LwIP/src/api/api_msg.c ****   if ((conn->send_timeout != 0) &&
1664:../../Middlewares/Third_Party/LwIP/src/api/api_msg.c ****       ((s32_t)(sys_now() - conn->current_msg->msg.w.time_started) >= conn->send_timeout)) {
1665:../../Middlewares/Third_Party/LwIP/src/api/api_msg.c ****     write_finished = 1;
1666:../../Middlewares/Third_Party/LwIP/src/api/api_msg.c ****     if (conn->current_msg->msg.w.offset == 0) {
1667:../../Middlewares/Third_Party/LwIP/src/api/api_msg.c ****       /* nothing has been written */
1668:../../Middlewares/Third_Party/LwIP/src/api/api_msg.c ****       err = ERR_WOULDBLOCK;
1669:../../Middlewares/Third_Party/LwIP/src/api/api_msg.c ****     } else {
1670:../../Middlewares/Third_Party/LwIP/src/api/api_msg.c ****       /* partial write */
1671:../../Middlewares/Third_Party/LwIP/src/api/api_msg.c ****       err = ERR_OK;
1672:../../Middlewares/Third_Party/LwIP/src/api/api_msg.c ****     }
1673:../../Middlewares/Third_Party/LwIP/src/api/api_msg.c ****   } else
1674:../../Middlewares/Third_Party/LwIP/src/api/api_msg.c **** #endif /* LWIP_SO_SNDTIMEO */
1675:../../Middlewares/Third_Party/LwIP/src/api/api_msg.c ****   {
1676:../../Middlewares/Third_Party/LwIP/src/api/api_msg.c ****     do {
1677:../../Middlewares/Third_Party/LwIP/src/api/api_msg.c ****       dataptr = (const u8_t *)conn->current_msg->msg.w.vector->ptr + conn->current_msg->msg.w.vecto
1678:../../Middlewares/Third_Party/LwIP/src/api/api_msg.c ****       diff = conn->current_msg->msg.w.vector->len - conn->current_msg->msg.w.vector_off;
1679:../../Middlewares/Third_Party/LwIP/src/api/api_msg.c ****       if (diff > 0xffffUL) { /* max_u16_t */
1680:../../Middlewares/Third_Party/LwIP/src/api/api_msg.c ****         len = 0xffff;
1681:../../Middlewares/Third_Party/LwIP/src/api/api_msg.c ****         apiflags |= TCP_WRITE_FLAG_MORE;
1682:../../Middlewares/Third_Party/LwIP/src/api/api_msg.c ****       } else {
1683:../../Middlewares/Third_Party/LwIP/src/api/api_msg.c ****         len = (u16_t)diff;
1684:../../Middlewares/Third_Party/LwIP/src/api/api_msg.c ****       }
1685:../../Middlewares/Third_Party/LwIP/src/api/api_msg.c ****       available = tcp_sndbuf(conn->pcb.tcp);
1686:../../Middlewares/Third_Party/LwIP/src/api/api_msg.c ****       if (available < len) {
1687:../../Middlewares/Third_Party/LwIP/src/api/api_msg.c ****         /* don't try to write more than sendbuf */
1688:../../Middlewares/Third_Party/LwIP/src/api/api_msg.c ****         len = available;
1689:../../Middlewares/Third_Party/LwIP/src/api/api_msg.c ****         if (dontblock) {
1690:../../Middlewares/Third_Party/LwIP/src/api/api_msg.c ****           if (!len) {
1691:../../Middlewares/Third_Party/LwIP/src/api/api_msg.c ****             /* set error according to partial write or not */
1692:../../Middlewares/Third_Party/LwIP/src/api/api_msg.c ****             err = (conn->current_msg->msg.w.offset == 0) ? ERR_WOULDBLOCK : ERR_OK;
1693:../../Middlewares/Third_Party/LwIP/src/api/api_msg.c ****             goto err_mem;
1694:../../Middlewares/Third_Party/LwIP/src/api/api_msg.c ****           }
1695:../../Middlewares/Third_Party/LwIP/src/api/api_msg.c ****         } else {
1696:../../Middlewares/Third_Party/LwIP/src/api/api_msg.c ****           apiflags |= TCP_WRITE_FLAG_MORE;
1697:../../Middlewares/Third_Party/LwIP/src/api/api_msg.c ****         }
1698:../../Middlewares/Third_Party/LwIP/src/api/api_msg.c ****       }
1699:../../Middlewares/Third_Party/LwIP/src/api/api_msg.c ****       LWIP_ASSERT("lwip_netconn_do_writemore: invalid length!",
1700:../../Middlewares/Third_Party/LwIP/src/api/api_msg.c ****                   ((conn->current_msg->msg.w.vector_off + len) <= conn->current_msg->msg.w.vector->
1701:../../Middlewares/Third_Party/LwIP/src/api/api_msg.c ****       /* we should loop around for more sending in the following cases:
1702:../../Middlewares/Third_Party/LwIP/src/api/api_msg.c ****            1) We couldn't finish the current vector because of 16-bit size limitations.
1703:../../Middlewares/Third_Party/LwIP/src/api/api_msg.c ****               tcp_write() and tcp_sndbuf() both are limited to 16-bit sizes
1704:../../Middlewares/Third_Party/LwIP/src/api/api_msg.c ****            2) We are sending the remainder of the current vector and have more */
1705:../../Middlewares/Third_Party/LwIP/src/api/api_msg.c ****       if ((len == 0xffff && diff > 0xffffUL) ||
1706:../../Middlewares/Third_Party/LwIP/src/api/api_msg.c ****           (len == (u16_t)diff && conn->current_msg->msg.w.vector_cnt > 1)) {
1707:../../Middlewares/Third_Party/LwIP/src/api/api_msg.c ****         write_more = 1;
1708:../../Middlewares/Third_Party/LwIP/src/api/api_msg.c ****         apiflags |= TCP_WRITE_FLAG_MORE;
ARM GAS  /var/folders/2r/mdtt8xvd351gdc398t28_m2m0000gn/T//ccI12eQw.s 			page 59


1709:../../Middlewares/Third_Party/LwIP/src/api/api_msg.c ****       } else {
1710:../../Middlewares/Third_Party/LwIP/src/api/api_msg.c ****         write_more = 0;
1711:../../Middlewares/Third_Party/LwIP/src/api/api_msg.c ****       }
1712:../../Middlewares/Third_Party/LwIP/src/api/api_msg.c ****       err = tcp_write(conn->pcb.tcp, dataptr, len, apiflags);
1713:../../Middlewares/Third_Party/LwIP/src/api/api_msg.c ****       if (err == ERR_OK) {
1714:../../Middlewares/Third_Party/LwIP/src/api/api_msg.c ****         conn->current_msg->msg.w.offset += len;
1715:../../Middlewares/Third_Party/LwIP/src/api/api_msg.c ****         conn->current_msg->msg.w.vector_off += len;
1716:../../Middlewares/Third_Party/LwIP/src/api/api_msg.c ****         /* check if current vector is finished */
1717:../../Middlewares/Third_Party/LwIP/src/api/api_msg.c ****         if (conn->current_msg->msg.w.vector_off == conn->current_msg->msg.w.vector->len) {
1718:../../Middlewares/Third_Party/LwIP/src/api/api_msg.c ****           conn->current_msg->msg.w.vector_cnt--;
1719:../../Middlewares/Third_Party/LwIP/src/api/api_msg.c ****           /* if we have additional vectors, move on to them */
1720:../../Middlewares/Third_Party/LwIP/src/api/api_msg.c ****           if (conn->current_msg->msg.w.vector_cnt > 0) {
1721:../../Middlewares/Third_Party/LwIP/src/api/api_msg.c ****             conn->current_msg->msg.w.vector++;
1722:../../Middlewares/Third_Party/LwIP/src/api/api_msg.c ****             conn->current_msg->msg.w.vector_off = 0;
1723:../../Middlewares/Third_Party/LwIP/src/api/api_msg.c ****           }
1724:../../Middlewares/Third_Party/LwIP/src/api/api_msg.c ****         }
1725:../../Middlewares/Third_Party/LwIP/src/api/api_msg.c ****       }
1726:../../Middlewares/Third_Party/LwIP/src/api/api_msg.c ****     } while (write_more && err == ERR_OK);
1727:../../Middlewares/Third_Party/LwIP/src/api/api_msg.c ****     /* if OK or memory error, check available space */
1728:../../Middlewares/Third_Party/LwIP/src/api/api_msg.c ****     if ((err == ERR_OK) || (err == ERR_MEM)) {
1729:../../Middlewares/Third_Party/LwIP/src/api/api_msg.c **** err_mem:
1730:../../Middlewares/Third_Party/LwIP/src/api/api_msg.c ****       if (dontblock && (conn->current_msg->msg.w.offset < conn->current_msg->msg.w.len)) {
1731:../../Middlewares/Third_Party/LwIP/src/api/api_msg.c ****         /* non-blocking write did not write everything: mark the pcb non-writable
1732:../../Middlewares/Third_Party/LwIP/src/api/api_msg.c ****            and let poll_tcp check writable space to mark the pcb writable again */
1733:../../Middlewares/Third_Party/LwIP/src/api/api_msg.c ****         API_EVENT(conn, NETCONN_EVT_SENDMINUS, 0);
1734:../../Middlewares/Third_Party/LwIP/src/api/api_msg.c ****         conn->flags |= NETCONN_FLAG_CHECK_WRITESPACE;
1735:../../Middlewares/Third_Party/LwIP/src/api/api_msg.c ****       } else if ((tcp_sndbuf(conn->pcb.tcp) <= TCP_SNDLOWAT) ||
1736:../../Middlewares/Third_Party/LwIP/src/api/api_msg.c ****                  (tcp_sndqueuelen(conn->pcb.tcp) >= TCP_SNDQUEUELOWAT)) {
1737:../../Middlewares/Third_Party/LwIP/src/api/api_msg.c ****         /* The queued byte- or pbuf-count exceeds the configured low-water limit,
1738:../../Middlewares/Third_Party/LwIP/src/api/api_msg.c ****            let select mark this pcb as non-writable. */
1739:../../Middlewares/Third_Party/LwIP/src/api/api_msg.c ****         API_EVENT(conn, NETCONN_EVT_SENDMINUS, 0);
1740:../../Middlewares/Third_Party/LwIP/src/api/api_msg.c ****       }
1741:../../Middlewares/Third_Party/LwIP/src/api/api_msg.c ****     }
1742:../../Middlewares/Third_Party/LwIP/src/api/api_msg.c **** 
1743:../../Middlewares/Third_Party/LwIP/src/api/api_msg.c ****     if (err == ERR_OK) {
1744:../../Middlewares/Third_Party/LwIP/src/api/api_msg.c ****       err_t out_err;
1745:../../Middlewares/Third_Party/LwIP/src/api/api_msg.c ****       if ((conn->current_msg->msg.w.offset == conn->current_msg->msg.w.len) || dontblock) {
1746:../../Middlewares/Third_Party/LwIP/src/api/api_msg.c ****         /* return sent length (caller reads length from msg.w.offset) */
1747:../../Middlewares/Third_Party/LwIP/src/api/api_msg.c ****         write_finished = 1;
1748:../../Middlewares/Third_Party/LwIP/src/api/api_msg.c ****       }
1749:../../Middlewares/Third_Party/LwIP/src/api/api_msg.c ****       out_err = tcp_output(conn->pcb.tcp);
1750:../../Middlewares/Third_Party/LwIP/src/api/api_msg.c ****       if (out_err == ERR_RTE) {
1751:../../Middlewares/Third_Party/LwIP/src/api/api_msg.c ****         /* If tcp_output fails because no route is found,
1752:../../Middlewares/Third_Party/LwIP/src/api/api_msg.c ****            don't try writing any more but return the error
1753:../../Middlewares/Third_Party/LwIP/src/api/api_msg.c ****            to the application thread. */
1754:../../Middlewares/Third_Party/LwIP/src/api/api_msg.c ****         err = out_err;
1755:../../Middlewares/Third_Party/LwIP/src/api/api_msg.c ****         write_finished = 1;
1756:../../Middlewares/Third_Party/LwIP/src/api/api_msg.c ****       }
1757:../../Middlewares/Third_Party/LwIP/src/api/api_msg.c ****     } else if (err == ERR_MEM) {
1758:../../Middlewares/Third_Party/LwIP/src/api/api_msg.c ****       /* If ERR_MEM, we wait for sent_tcp or poll_tcp to be called.
1759:../../Middlewares/Third_Party/LwIP/src/api/api_msg.c ****          For blocking sockets, we do NOT return to the application
1760:../../Middlewares/Third_Party/LwIP/src/api/api_msg.c ****          thread, since ERR_MEM is only a temporary error! Non-blocking
1761:../../Middlewares/Third_Party/LwIP/src/api/api_msg.c ****          will remain non-writable until sent_tcp/poll_tcp is called */
1762:../../Middlewares/Third_Party/LwIP/src/api/api_msg.c **** 
1763:../../Middlewares/Third_Party/LwIP/src/api/api_msg.c ****       /* tcp_write returned ERR_MEM, try tcp_output anyway */
1764:../../Middlewares/Third_Party/LwIP/src/api/api_msg.c ****       err_t out_err = tcp_output(conn->pcb.tcp);
1765:../../Middlewares/Third_Party/LwIP/src/api/api_msg.c ****       if (out_err == ERR_RTE) {
ARM GAS  /var/folders/2r/mdtt8xvd351gdc398t28_m2m0000gn/T//ccI12eQw.s 			page 60


1766:../../Middlewares/Third_Party/LwIP/src/api/api_msg.c ****         /* If tcp_output fails because no route is found,
1767:../../Middlewares/Third_Party/LwIP/src/api/api_msg.c ****            don't try writing any more but return the error
1768:../../Middlewares/Third_Party/LwIP/src/api/api_msg.c ****            to the application thread. */
1769:../../Middlewares/Third_Party/LwIP/src/api/api_msg.c ****         err = out_err;
1770:../../Middlewares/Third_Party/LwIP/src/api/api_msg.c ****         write_finished = 1;
1771:../../Middlewares/Third_Party/LwIP/src/api/api_msg.c ****       } else if (dontblock) {
1772:../../Middlewares/Third_Party/LwIP/src/api/api_msg.c ****         /* non-blocking write is done on ERR_MEM, set error according
1773:../../Middlewares/Third_Party/LwIP/src/api/api_msg.c ****            to partial write or not */
1774:../../Middlewares/Third_Party/LwIP/src/api/api_msg.c ****         err = (conn->current_msg->msg.w.offset == 0) ? ERR_WOULDBLOCK : ERR_OK;
1775:../../Middlewares/Third_Party/LwIP/src/api/api_msg.c ****         write_finished = 1;
1776:../../Middlewares/Third_Party/LwIP/src/api/api_msg.c ****       }
1777:../../Middlewares/Third_Party/LwIP/src/api/api_msg.c ****     } else {
1778:../../Middlewares/Third_Party/LwIP/src/api/api_msg.c ****       /* On errors != ERR_MEM, we don't try writing any more but return
1779:../../Middlewares/Third_Party/LwIP/src/api/api_msg.c ****          the error to the application thread. */
1780:../../Middlewares/Third_Party/LwIP/src/api/api_msg.c ****       write_finished = 1;
1781:../../Middlewares/Third_Party/LwIP/src/api/api_msg.c ****     }
1782:../../Middlewares/Third_Party/LwIP/src/api/api_msg.c ****   }
1783:../../Middlewares/Third_Party/LwIP/src/api/api_msg.c ****   if (write_finished) {
1784:../../Middlewares/Third_Party/LwIP/src/api/api_msg.c ****     /* everything was written: set back connection state
1785:../../Middlewares/Third_Party/LwIP/src/api/api_msg.c ****        and back to application task */
1786:../../Middlewares/Third_Party/LwIP/src/api/api_msg.c ****     sys_sem_t *op_completed_sem = LWIP_API_MSG_SEM(conn->current_msg);
1787:../../Middlewares/Third_Party/LwIP/src/api/api_msg.c ****     conn->current_msg->err = err;
1788:../../Middlewares/Third_Party/LwIP/src/api/api_msg.c ****     conn->current_msg = NULL;
1789:../../Middlewares/Third_Party/LwIP/src/api/api_msg.c ****     conn->state = NETCONN_NONE;
1790:../../Middlewares/Third_Party/LwIP/src/api/api_msg.c **** #if LWIP_TCPIP_CORE_LOCKING
1791:../../Middlewares/Third_Party/LwIP/src/api/api_msg.c ****     if (delayed)
1792:../../Middlewares/Third_Party/LwIP/src/api/api_msg.c **** #endif
1793:../../Middlewares/Third_Party/LwIP/src/api/api_msg.c ****     {
1794:../../Middlewares/Third_Party/LwIP/src/api/api_msg.c ****       sys_sem_signal(op_completed_sem);
1795:../../Middlewares/Third_Party/LwIP/src/api/api_msg.c ****     }
1796:../../Middlewares/Third_Party/LwIP/src/api/api_msg.c ****   }
1797:../../Middlewares/Third_Party/LwIP/src/api/api_msg.c **** #if LWIP_TCPIP_CORE_LOCKING
1798:../../Middlewares/Third_Party/LwIP/src/api/api_msg.c ****   else {
1799:../../Middlewares/Third_Party/LwIP/src/api/api_msg.c ****     return ERR_MEM;
1800:../../Middlewares/Third_Party/LwIP/src/api/api_msg.c ****   }
1801:../../Middlewares/Third_Party/LwIP/src/api/api_msg.c **** #endif
1802:../../Middlewares/Third_Party/LwIP/src/api/api_msg.c ****   return ERR_OK;
1803:../../Middlewares/Third_Party/LwIP/src/api/api_msg.c **** }
1804:../../Middlewares/Third_Party/LwIP/src/api/api_msg.c **** #endif /* LWIP_TCP */
1805:../../Middlewares/Third_Party/LwIP/src/api/api_msg.c **** 
1806:../../Middlewares/Third_Party/LwIP/src/api/api_msg.c **** /**
1807:../../Middlewares/Third_Party/LwIP/src/api/api_msg.c ****  * Send some data on a TCP pcb contained in a netconn
1808:../../Middlewares/Third_Party/LwIP/src/api/api_msg.c ****  * Called from netconn_write
1809:../../Middlewares/Third_Party/LwIP/src/api/api_msg.c ****  *
1810:../../Middlewares/Third_Party/LwIP/src/api/api_msg.c ****  * @param m the api_msg pointing to the connection
1811:../../Middlewares/Third_Party/LwIP/src/api/api_msg.c ****  */
1812:../../Middlewares/Third_Party/LwIP/src/api/api_msg.c **** void
1813:../../Middlewares/Third_Party/LwIP/src/api/api_msg.c **** lwip_netconn_do_write(void *m)
1814:../../Middlewares/Third_Party/LwIP/src/api/api_msg.c **** {
 1328              		.loc 1 1814 1 is_stmt 1 view -0
 1329              		.cfi_startproc
 1330              		@ args = 0, pretend = 0, frame = 0
 1331              		@ frame_needed = 0, uses_anonymous_args = 0
 1332              		.loc 1 1814 1 is_stmt 0 view .LVU389
 1333 0000 10B5     		push	{r4, lr}
 1334              	.LCFI15:
 1335              		.cfi_def_cfa_offset 8
ARM GAS  /var/folders/2r/mdtt8xvd351gdc398t28_m2m0000gn/T//ccI12eQw.s 			page 61


 1336              		.cfi_offset 4, -8
 1337              		.cfi_offset 14, -4
 1338 0002 0446     		mov	r4, r0
1815:../../Middlewares/Third_Party/LwIP/src/api/api_msg.c ****   struct api_msg *msg = (struct api_msg *)m;
 1339              		.loc 1 1815 3 is_stmt 1 view .LVU390
 1340              	.LVL130:
1816:../../Middlewares/Third_Party/LwIP/src/api/api_msg.c **** 
1817:../../Middlewares/Third_Party/LwIP/src/api/api_msg.c ****   err_t err = netconn_err(msg->conn);
 1341              		.loc 1 1817 3 view .LVU391
 1342              		.loc 1 1817 15 is_stmt 0 view .LVU392
 1343 0004 0068     		ldr	r0, [r0]
 1344              	.LVL131:
 1345              		.loc 1 1817 15 view .LVU393
 1346 0006 FFF7FEFF 		bl	netconn_err
 1347              	.LVL132:
1818:../../Middlewares/Third_Party/LwIP/src/api/api_msg.c ****   if (err == ERR_OK) {
 1348              		.loc 1 1818 3 is_stmt 1 view .LVU394
 1349              		.loc 1 1818 6 is_stmt 0 view .LVU395
 1350 000a 0346     		mov	r3, r0
 1351 000c 08B9     		cbnz	r0, .L107
1819:../../Middlewares/Third_Party/LwIP/src/api/api_msg.c ****     if (NETCONNTYPE_GROUP(msg->conn->type) == NETCONN_TCP) {
1820:../../Middlewares/Third_Party/LwIP/src/api/api_msg.c **** #if LWIP_TCP
1821:../../Middlewares/Third_Party/LwIP/src/api/api_msg.c ****       if (msg->conn->state != NETCONN_NONE) {
1822:../../Middlewares/Third_Party/LwIP/src/api/api_msg.c ****         /* netconn is connecting, closing or in blocking write */
1823:../../Middlewares/Third_Party/LwIP/src/api/api_msg.c ****         err = ERR_INPROGRESS;
1824:../../Middlewares/Third_Party/LwIP/src/api/api_msg.c ****       } else if (msg->conn->pcb.tcp != NULL) {
1825:../../Middlewares/Third_Party/LwIP/src/api/api_msg.c ****         msg->conn->state = NETCONN_WRITE;
1826:../../Middlewares/Third_Party/LwIP/src/api/api_msg.c ****         /* set all the variables used by lwip_netconn_do_writemore */
1827:../../Middlewares/Third_Party/LwIP/src/api/api_msg.c ****         LWIP_ASSERT("already writing or closing", msg->conn->current_msg == NULL);
1828:../../Middlewares/Third_Party/LwIP/src/api/api_msg.c ****         LWIP_ASSERT("msg->msg.w.len != 0", msg->msg.w.len != 0);
1829:../../Middlewares/Third_Party/LwIP/src/api/api_msg.c ****         msg->conn->current_msg = msg;
1830:../../Middlewares/Third_Party/LwIP/src/api/api_msg.c **** #if LWIP_TCPIP_CORE_LOCKING
1831:../../Middlewares/Third_Party/LwIP/src/api/api_msg.c ****         if (lwip_netconn_do_writemore(msg->conn, 0) != ERR_OK) {
1832:../../Middlewares/Third_Party/LwIP/src/api/api_msg.c ****           LWIP_ASSERT("state!", msg->conn->state == NETCONN_WRITE);
1833:../../Middlewares/Third_Party/LwIP/src/api/api_msg.c ****           UNLOCK_TCPIP_CORE();
1834:../../Middlewares/Third_Party/LwIP/src/api/api_msg.c ****           sys_arch_sem_wait(LWIP_API_MSG_SEM(msg), 0);
1835:../../Middlewares/Third_Party/LwIP/src/api/api_msg.c ****           LOCK_TCPIP_CORE();
1836:../../Middlewares/Third_Party/LwIP/src/api/api_msg.c ****           LWIP_ASSERT("state!", msg->conn->state != NETCONN_WRITE);
1837:../../Middlewares/Third_Party/LwIP/src/api/api_msg.c ****         }
1838:../../Middlewares/Third_Party/LwIP/src/api/api_msg.c **** #else /* LWIP_TCPIP_CORE_LOCKING */
1839:../../Middlewares/Third_Party/LwIP/src/api/api_msg.c ****         lwip_netconn_do_writemore(msg->conn);
1840:../../Middlewares/Third_Party/LwIP/src/api/api_msg.c **** #endif /* LWIP_TCPIP_CORE_LOCKING */
1841:../../Middlewares/Third_Party/LwIP/src/api/api_msg.c ****         /* for both cases: if lwip_netconn_do_writemore was called, don't ACK the APIMSG
1842:../../Middlewares/Third_Party/LwIP/src/api/api_msg.c ****            since lwip_netconn_do_writemore ACKs it! */
1843:../../Middlewares/Third_Party/LwIP/src/api/api_msg.c ****         return;
1844:../../Middlewares/Third_Party/LwIP/src/api/api_msg.c ****       } else {
1845:../../Middlewares/Third_Party/LwIP/src/api/api_msg.c ****         err = ERR_CONN;
1846:../../Middlewares/Third_Party/LwIP/src/api/api_msg.c ****       }
1847:../../Middlewares/Third_Party/LwIP/src/api/api_msg.c **** #else /* LWIP_TCP */
1848:../../Middlewares/Third_Party/LwIP/src/api/api_msg.c ****       err = ERR_VAL;
 1352              		.loc 1 1848 11 view .LVU396
 1353 000e 6FF00503 		mvn	r3, #5
 1354              	.L107:
 1355              	.LVL133:
1849:../../Middlewares/Third_Party/LwIP/src/api/api_msg.c **** #endif /* LWIP_TCP */
1850:../../Middlewares/Third_Party/LwIP/src/api/api_msg.c **** #if (LWIP_UDP || LWIP_RAW)
1851:../../Middlewares/Third_Party/LwIP/src/api/api_msg.c ****     } else {
ARM GAS  /var/folders/2r/mdtt8xvd351gdc398t28_m2m0000gn/T//ccI12eQw.s 			page 62


1852:../../Middlewares/Third_Party/LwIP/src/api/api_msg.c ****       err = ERR_VAL;
1853:../../Middlewares/Third_Party/LwIP/src/api/api_msg.c **** #endif /* (LWIP_UDP || LWIP_RAW) */
1854:../../Middlewares/Third_Party/LwIP/src/api/api_msg.c ****     }
1855:../../Middlewares/Third_Party/LwIP/src/api/api_msg.c ****   }
1856:../../Middlewares/Third_Party/LwIP/src/api/api_msg.c ****   msg->err = err;
 1356              		.loc 1 1856 3 is_stmt 1 view .LVU397
 1357              		.loc 1 1856 12 is_stmt 0 view .LVU398
 1358 0012 2371     		strb	r3, [r4, #4]
1857:../../Middlewares/Third_Party/LwIP/src/api/api_msg.c ****   TCPIP_APIMSG_ACK(msg);
 1359              		.loc 1 1857 24 is_stmt 1 view .LVU399
1858:../../Middlewares/Third_Party/LwIP/src/api/api_msg.c **** }
 1360              		.loc 1 1858 1 is_stmt 0 view .LVU400
 1361 0014 10BD     		pop	{r4, pc}
 1362              		.loc 1 1858 1 view .LVU401
 1363              		.cfi_endproc
 1364              	.LFE186:
 1366              		.section	.rodata.lwip_netconn_do_getaddr.str1.4,"aMS",%progbits,1
 1367              		.align	2
 1368              	.LC12:
 1369 0000 696E7661 		.ascii	"invalid netconn_type\000"
 1369      6C696420 
 1369      6E657463 
 1369      6F6E6E5F 
 1369      74797065 
 1370              		.section	.text.lwip_netconn_do_getaddr,"ax",%progbits
 1371              		.align	1
 1372              		.global	lwip_netconn_do_getaddr
 1373              		.syntax unified
 1374              		.thumb
 1375              		.thumb_func
 1377              	lwip_netconn_do_getaddr:
 1378              	.LVL134:
 1379              	.LFB187:
1859:../../Middlewares/Third_Party/LwIP/src/api/api_msg.c **** 
1860:../../Middlewares/Third_Party/LwIP/src/api/api_msg.c **** /**
1861:../../Middlewares/Third_Party/LwIP/src/api/api_msg.c ****  * Return a connection's local or remote address
1862:../../Middlewares/Third_Party/LwIP/src/api/api_msg.c ****  * Called from netconn_getaddr
1863:../../Middlewares/Third_Party/LwIP/src/api/api_msg.c ****  *
1864:../../Middlewares/Third_Party/LwIP/src/api/api_msg.c ****  * @param m the api_msg pointing to the connection
1865:../../Middlewares/Third_Party/LwIP/src/api/api_msg.c ****  */
1866:../../Middlewares/Third_Party/LwIP/src/api/api_msg.c **** void
1867:../../Middlewares/Third_Party/LwIP/src/api/api_msg.c **** lwip_netconn_do_getaddr(void *m)
1868:../../Middlewares/Third_Party/LwIP/src/api/api_msg.c **** {
 1380              		.loc 1 1868 1 is_stmt 1 view -0
 1381              		.cfi_startproc
 1382              		@ args = 0, pretend = 0, frame = 0
 1383              		@ frame_needed = 0, uses_anonymous_args = 0
 1384              		.loc 1 1868 1 is_stmt 0 view .LVU403
 1385 0000 08B5     		push	{r3, lr}
 1386              	.LCFI16:
 1387              		.cfi_def_cfa_offset 8
 1388              		.cfi_offset 3, -8
 1389              		.cfi_offset 14, -4
1869:../../Middlewares/Third_Party/LwIP/src/api/api_msg.c ****   struct api_msg *msg = (struct api_msg *)m;
 1390              		.loc 1 1869 3 is_stmt 1 view .LVU404
 1391              	.LVL135:
1870:../../Middlewares/Third_Party/LwIP/src/api/api_msg.c **** 
ARM GAS  /var/folders/2r/mdtt8xvd351gdc398t28_m2m0000gn/T//ccI12eQw.s 			page 63


1871:../../Middlewares/Third_Party/LwIP/src/api/api_msg.c ****   if (msg->conn->pcb.ip != NULL) {
 1392              		.loc 1 1871 3 view .LVU405
 1393              		.loc 1 1871 10 is_stmt 0 view .LVU406
 1394 0002 0368     		ldr	r3, [r0]
 1395              		.loc 1 1871 21 view .LVU407
 1396 0004 5B68     		ldr	r3, [r3, #4]
 1397              		.loc 1 1871 6 view .LVU408
 1398 0006 002B     		cmp	r3, #0
 1399 0008 2BD0     		beq	.L111
1872:../../Middlewares/Third_Party/LwIP/src/api/api_msg.c ****     if (msg->msg.ad.local) {
 1400              		.loc 1 1872 5 is_stmt 1 view .LVU409
 1401              		.loc 1 1872 20 is_stmt 0 view .LVU410
 1402 000a 027C     		ldrb	r2, [r0, #16]	@ zero_extendqisi2
 1403              		.loc 1 1872 8 view .LVU411
 1404 000c 8AB1     		cbz	r2, .L112
1873:../../Middlewares/Third_Party/LwIP/src/api/api_msg.c ****       ip_addr_copy(API_EXPR_DEREF(msg->msg.ad.ipaddr),
 1405              		.loc 1 1873 7 is_stmt 1 view .LVU412
 1406 000e 8268     		ldr	r2, [r0, #8]
 1407 0010 1B68     		ldr	r3, [r3]
 1408 0012 1360     		str	r3, [r2]
 1409              	.L113:
1874:../../Middlewares/Third_Party/LwIP/src/api/api_msg.c ****                    msg->conn->pcb.ip->local_ip);
1875:../../Middlewares/Third_Party/LwIP/src/api/api_msg.c ****     } else {
1876:../../Middlewares/Third_Party/LwIP/src/api/api_msg.c ****       ip_addr_copy(API_EXPR_DEREF(msg->msg.ad.ipaddr),
1877:../../Middlewares/Third_Party/LwIP/src/api/api_msg.c ****                    msg->conn->pcb.ip->remote_ip);
1878:../../Middlewares/Third_Party/LwIP/src/api/api_msg.c ****     }
1879:../../Middlewares/Third_Party/LwIP/src/api/api_msg.c **** 
1880:../../Middlewares/Third_Party/LwIP/src/api/api_msg.c ****     msg->err = ERR_OK;
 1410              		.loc 1 1880 5 view .LVU413
 1411              		.loc 1 1880 14 is_stmt 0 view .LVU414
 1412 0014 0023     		movs	r3, #0
 1413 0016 0371     		strb	r3, [r0, #4]
1881:../../Middlewares/Third_Party/LwIP/src/api/api_msg.c ****     switch (NETCONNTYPE_GROUP(msg->conn->type)) {
 1414              		.loc 1 1881 5 is_stmt 1 view .LVU415
 1415              		.loc 1 1881 13 is_stmt 0 view .LVU416
 1416 0018 0268     		ldr	r2, [r0]
 1417 001a 1378     		ldrb	r3, [r2]	@ zero_extendqisi2
 1418              		.loc 1 1881 5 view .LVU417
 1419 001c 03F0F003 		and	r3, r3, #240
 1420 0020 202B     		cmp	r3, #32
 1421 0022 16D1     		bne	.L114
1882:../../Middlewares/Third_Party/LwIP/src/api/api_msg.c **** #if LWIP_RAW
1883:../../Middlewares/Third_Party/LwIP/src/api/api_msg.c ****       case NETCONN_RAW:
1884:../../Middlewares/Third_Party/LwIP/src/api/api_msg.c ****         if (msg->msg.ad.local) {
1885:../../Middlewares/Third_Party/LwIP/src/api/api_msg.c ****           API_EXPR_DEREF(msg->msg.ad.port) = msg->conn->pcb.raw->protocol;
1886:../../Middlewares/Third_Party/LwIP/src/api/api_msg.c ****         } else {
1887:../../Middlewares/Third_Party/LwIP/src/api/api_msg.c ****           /* return an error as connecting is only a helper for upper layers */
1888:../../Middlewares/Third_Party/LwIP/src/api/api_msg.c ****           msg->err = ERR_CONN;
1889:../../Middlewares/Third_Party/LwIP/src/api/api_msg.c ****         }
1890:../../Middlewares/Third_Party/LwIP/src/api/api_msg.c ****         break;
1891:../../Middlewares/Third_Party/LwIP/src/api/api_msg.c **** #endif /* LWIP_RAW */
1892:../../Middlewares/Third_Party/LwIP/src/api/api_msg.c **** #if LWIP_UDP
1893:../../Middlewares/Third_Party/LwIP/src/api/api_msg.c ****       case NETCONN_UDP:
1894:../../Middlewares/Third_Party/LwIP/src/api/api_msg.c ****         if (msg->msg.ad.local) {
 1422              		.loc 1 1894 9 is_stmt 1 view .LVU418
 1423              		.loc 1 1894 24 is_stmt 0 view .LVU419
 1424 0024 037C     		ldrb	r3, [r0, #16]	@ zero_extendqisi2
ARM GAS  /var/folders/2r/mdtt8xvd351gdc398t28_m2m0000gn/T//ccI12eQw.s 			page 64


 1425              		.loc 1 1894 12 view .LVU420
 1426 0026 43B1     		cbz	r3, .L115
1895:../../Middlewares/Third_Party/LwIP/src/api/api_msg.c ****           API_EXPR_DEREF(msg->msg.ad.port) = msg->conn->pcb.udp->local_port;
 1427              		.loc 1 1895 11 is_stmt 1 view .LVU421
 1428              		.loc 1 1895 60 is_stmt 0 view .LVU422
 1429 0028 5268     		ldr	r2, [r2, #4]
 1430              		.loc 1 1895 11 view .LVU423
 1431 002a C368     		ldr	r3, [r0, #12]
 1432              		.loc 1 1895 64 view .LVU424
 1433 002c 528A     		ldrh	r2, [r2, #18]
 1434              		.loc 1 1895 44 view .LVU425
 1435 002e 1A80     		strh	r2, [r3]	@ movhi
 1436 0030 16E0     		b	.L110
 1437              	.L112:
1876:../../Middlewares/Third_Party/LwIP/src/api/api_msg.c ****                    msg->conn->pcb.ip->remote_ip);
 1438              		.loc 1 1876 7 is_stmt 1 view .LVU426
 1439 0032 8268     		ldr	r2, [r0, #8]
 1440 0034 5B68     		ldr	r3, [r3, #4]
 1441 0036 1360     		str	r3, [r2]
 1442 0038 ECE7     		b	.L113
 1443              	.L115:
1896:../../Middlewares/Third_Party/LwIP/src/api/api_msg.c ****         } else {
1897:../../Middlewares/Third_Party/LwIP/src/api/api_msg.c ****           if ((msg->conn->pcb.udp->flags & UDP_FLAGS_CONNECTED) == 0) {
 1444              		.loc 1 1897 11 view .LVU427
 1445              		.loc 1 1897 30 is_stmt 0 view .LVU428
 1446 003a 5368     		ldr	r3, [r2, #4]
 1447              		.loc 1 1897 34 view .LVU429
 1448 003c 1A7C     		ldrb	r2, [r3, #16]	@ zero_extendqisi2
 1449              		.loc 1 1897 14 view .LVU430
 1450 003e 12F0040F 		tst	r2, #4
 1451 0042 02D1     		bne	.L117
1898:../../Middlewares/Third_Party/LwIP/src/api/api_msg.c ****             msg->err = ERR_CONN;
 1452              		.loc 1 1898 13 is_stmt 1 view .LVU431
 1453              		.loc 1 1898 22 is_stmt 0 view .LVU432
 1454 0044 F523     		movs	r3, #245
 1455 0046 0371     		strb	r3, [r0, #4]
 1456 0048 0AE0     		b	.L110
 1457              	.L117:
1899:../../Middlewares/Third_Party/LwIP/src/api/api_msg.c ****           } else {
1900:../../Middlewares/Third_Party/LwIP/src/api/api_msg.c ****             API_EXPR_DEREF(msg->msg.ad.port) = msg->conn->pcb.udp->remote_port;
 1458              		.loc 1 1900 13 is_stmt 1 view .LVU433
 1459 004a C268     		ldr	r2, [r0, #12]
 1460              		.loc 1 1900 66 is_stmt 0 view .LVU434
 1461 004c 9B8A     		ldrh	r3, [r3, #20]
 1462              		.loc 1 1900 46 view .LVU435
 1463 004e 1380     		strh	r3, [r2]	@ movhi
 1464 0050 06E0     		b	.L110
 1465              	.L114:
1901:../../Middlewares/Third_Party/LwIP/src/api/api_msg.c ****           }
1902:../../Middlewares/Third_Party/LwIP/src/api/api_msg.c ****         }
1903:../../Middlewares/Third_Party/LwIP/src/api/api_msg.c ****         break;
1904:../../Middlewares/Third_Party/LwIP/src/api/api_msg.c **** #endif /* LWIP_UDP */
1905:../../Middlewares/Third_Party/LwIP/src/api/api_msg.c **** #if LWIP_TCP
1906:../../Middlewares/Third_Party/LwIP/src/api/api_msg.c ****       case NETCONN_TCP:
1907:../../Middlewares/Third_Party/LwIP/src/api/api_msg.c ****         if ((msg->msg.ad.local == 0) &&
1908:../../Middlewares/Third_Party/LwIP/src/api/api_msg.c ****             ((msg->conn->pcb.tcp->state == CLOSED) || (msg->conn->pcb.tcp->state == LISTEN))) {
1909:../../Middlewares/Third_Party/LwIP/src/api/api_msg.c ****           /* pcb is not connected and remote name is requested */
ARM GAS  /var/folders/2r/mdtt8xvd351gdc398t28_m2m0000gn/T//ccI12eQw.s 			page 65


1910:../../Middlewares/Third_Party/LwIP/src/api/api_msg.c ****           msg->err = ERR_CONN;
1911:../../Middlewares/Third_Party/LwIP/src/api/api_msg.c ****         } else {
1912:../../Middlewares/Third_Party/LwIP/src/api/api_msg.c ****           API_EXPR_DEREF(msg->msg.ad.port) = (msg->msg.ad.local ? msg->conn->pcb.tcp->local_port : 
1913:../../Middlewares/Third_Party/LwIP/src/api/api_msg.c ****         }
1914:../../Middlewares/Third_Party/LwIP/src/api/api_msg.c ****         break;
1915:../../Middlewares/Third_Party/LwIP/src/api/api_msg.c **** #endif /* LWIP_TCP */
1916:../../Middlewares/Third_Party/LwIP/src/api/api_msg.c ****       default:
1917:../../Middlewares/Third_Party/LwIP/src/api/api_msg.c ****         LWIP_ASSERT("invalid netconn_type", 0);
 1466              		.loc 1 1917 9 is_stmt 1 view .LVU436
 1467              		.loc 1 1917 9 view .LVU437
 1468              		.loc 1 1917 9 discriminator 1 view .LVU438
 1469              		.loc 1 1917 9 discriminator 1 view .LVU439
 1470 0052 054B     		ldr	r3, .L119
 1471 0054 40F27D72 		movw	r2, #1917
 1472 0058 0449     		ldr	r1, .L119+4
 1473 005a 0548     		ldr	r0, .L119+8
 1474              	.LVL136:
 1475              		.loc 1 1917 9 is_stmt 0 discriminator 1 view .LVU440
 1476 005c FFF7FEFF 		bl	printf
 1477              	.LVL137:
 1478              		.loc 1 1917 9 is_stmt 1 view .LVU441
 1479              		.loc 1 1917 9 view .LVU442
1918:../../Middlewares/Third_Party/LwIP/src/api/api_msg.c ****         break;
 1480              		.loc 1 1918 9 view .LVU443
 1481              	.L110:
1919:../../Middlewares/Third_Party/LwIP/src/api/api_msg.c ****     }
1920:../../Middlewares/Third_Party/LwIP/src/api/api_msg.c ****   } else {
1921:../../Middlewares/Third_Party/LwIP/src/api/api_msg.c ****     msg->err = ERR_CONN;
1922:../../Middlewares/Third_Party/LwIP/src/api/api_msg.c ****   }
1923:../../Middlewares/Third_Party/LwIP/src/api/api_msg.c ****   TCPIP_APIMSG_ACK(msg);
1924:../../Middlewares/Third_Party/LwIP/src/api/api_msg.c **** }
 1482              		.loc 1 1924 1 is_stmt 0 view .LVU444
 1483 0060 08BD     		pop	{r3, pc}
 1484              	.LVL138:
 1485              	.L111:
1921:../../Middlewares/Third_Party/LwIP/src/api/api_msg.c ****   }
 1486              		.loc 1 1921 5 is_stmt 1 view .LVU445
1921:../../Middlewares/Third_Party/LwIP/src/api/api_msg.c ****   }
 1487              		.loc 1 1921 14 is_stmt 0 view .LVU446
 1488 0062 F523     		movs	r3, #245
 1489 0064 0371     		strb	r3, [r0, #4]
1923:../../Middlewares/Third_Party/LwIP/src/api/api_msg.c **** }
 1490              		.loc 1 1923 24 is_stmt 1 view .LVU447
 1491              		.loc 1 1924 1 is_stmt 0 view .LVU448
 1492 0066 FBE7     		b	.L110
 1493              	.L120:
 1494              		.align	2
 1495              	.L119:
 1496 0068 00000000 		.word	.LC0
 1497 006c 00000000 		.word	.LC12
 1498 0070 58000000 		.word	.LC2
 1499              		.cfi_endproc
 1500              	.LFE187:
 1502              		.section	.text.lwip_netconn_do_close,"ax",%progbits
 1503              		.align	1
 1504              		.global	lwip_netconn_do_close
 1505              		.syntax unified
ARM GAS  /var/folders/2r/mdtt8xvd351gdc398t28_m2m0000gn/T//ccI12eQw.s 			page 66


 1506              		.thumb
 1507              		.thumb_func
 1509              	lwip_netconn_do_close:
 1510              	.LVL139:
 1511              	.LFB188:
1925:../../Middlewares/Third_Party/LwIP/src/api/api_msg.c **** 
1926:../../Middlewares/Third_Party/LwIP/src/api/api_msg.c **** /**
1927:../../Middlewares/Third_Party/LwIP/src/api/api_msg.c ****  * Close or half-shutdown a TCP pcb contained in a netconn
1928:../../Middlewares/Third_Party/LwIP/src/api/api_msg.c ****  * Called from netconn_close
1929:../../Middlewares/Third_Party/LwIP/src/api/api_msg.c ****  * In contrast to closing sockets, the netconn is not deallocated.
1930:../../Middlewares/Third_Party/LwIP/src/api/api_msg.c ****  *
1931:../../Middlewares/Third_Party/LwIP/src/api/api_msg.c ****  * @param m the api_msg pointing to the connection
1932:../../Middlewares/Third_Party/LwIP/src/api/api_msg.c ****  */
1933:../../Middlewares/Third_Party/LwIP/src/api/api_msg.c **** void
1934:../../Middlewares/Third_Party/LwIP/src/api/api_msg.c **** lwip_netconn_do_close(void *m)
1935:../../Middlewares/Third_Party/LwIP/src/api/api_msg.c **** {
 1512              		.loc 1 1935 1 is_stmt 1 view -0
 1513              		.cfi_startproc
 1514              		@ args = 0, pretend = 0, frame = 0
 1515              		@ frame_needed = 0, uses_anonymous_args = 0
 1516              		@ link register save eliminated.
1936:../../Middlewares/Third_Party/LwIP/src/api/api_msg.c ****   struct api_msg *msg = (struct api_msg *)m;
 1517              		.loc 1 1936 3 view .LVU450
1937:../../Middlewares/Third_Party/LwIP/src/api/api_msg.c **** 
1938:../../Middlewares/Third_Party/LwIP/src/api/api_msg.c **** #if LWIP_TCP
1939:../../Middlewares/Third_Party/LwIP/src/api/api_msg.c ****   enum netconn_state state = msg->conn->state;
1940:../../Middlewares/Third_Party/LwIP/src/api/api_msg.c ****   /* First check if this is a TCP netconn and if it is in a correct state
1941:../../Middlewares/Third_Party/LwIP/src/api/api_msg.c ****       (LISTEN doesn't support half shutdown) */
1942:../../Middlewares/Third_Party/LwIP/src/api/api_msg.c ****   if ((msg->conn->pcb.tcp != NULL) &&
1943:../../Middlewares/Third_Party/LwIP/src/api/api_msg.c ****       (NETCONNTYPE_GROUP(msg->conn->type) == NETCONN_TCP) &&
1944:../../Middlewares/Third_Party/LwIP/src/api/api_msg.c ****       ((msg->msg.sd.shut == NETCONN_SHUT_RDWR) || (state != NETCONN_LISTEN))) {
1945:../../Middlewares/Third_Party/LwIP/src/api/api_msg.c ****     /* Check if we are in a connected state */
1946:../../Middlewares/Third_Party/LwIP/src/api/api_msg.c ****     if (state == NETCONN_CONNECT) {
1947:../../Middlewares/Third_Party/LwIP/src/api/api_msg.c ****       /* TCP connect in progress: cannot shutdown */
1948:../../Middlewares/Third_Party/LwIP/src/api/api_msg.c ****       msg->err = ERR_CONN;
1949:../../Middlewares/Third_Party/LwIP/src/api/api_msg.c ****     } else if (state == NETCONN_WRITE) {
1950:../../Middlewares/Third_Party/LwIP/src/api/api_msg.c **** #if LWIP_NETCONN_FULLDUPLEX
1951:../../Middlewares/Third_Party/LwIP/src/api/api_msg.c ****       if (msg->msg.sd.shut & NETCONN_SHUT_WR) {
1952:../../Middlewares/Third_Party/LwIP/src/api/api_msg.c ****         /* close requested, abort running write */
1953:../../Middlewares/Third_Party/LwIP/src/api/api_msg.c ****         sys_sem_t *write_completed_sem;
1954:../../Middlewares/Third_Party/LwIP/src/api/api_msg.c ****         LWIP_ASSERT("msg->conn->current_msg != NULL", msg->conn->current_msg != NULL);
1955:../../Middlewares/Third_Party/LwIP/src/api/api_msg.c ****         write_completed_sem = LWIP_API_MSG_SEM(msg->conn->current_msg);
1956:../../Middlewares/Third_Party/LwIP/src/api/api_msg.c ****         msg->conn->current_msg->err = ERR_CLSD;
1957:../../Middlewares/Third_Party/LwIP/src/api/api_msg.c ****         msg->conn->current_msg = NULL;
1958:../../Middlewares/Third_Party/LwIP/src/api/api_msg.c ****         msg->conn->state = NETCONN_NONE;
1959:../../Middlewares/Third_Party/LwIP/src/api/api_msg.c ****         state = NETCONN_NONE;
1960:../../Middlewares/Third_Party/LwIP/src/api/api_msg.c ****         sys_sem_signal(write_completed_sem);
1961:../../Middlewares/Third_Party/LwIP/src/api/api_msg.c ****       } else {
1962:../../Middlewares/Third_Party/LwIP/src/api/api_msg.c ****         LWIP_ASSERT("msg->msg.sd.shut == NETCONN_SHUT_RD", msg->msg.sd.shut == NETCONN_SHUT_RD);
1963:../../Middlewares/Third_Party/LwIP/src/api/api_msg.c ****         /* In this case, let the write continue and do not interfere with
1964:../../Middlewares/Third_Party/LwIP/src/api/api_msg.c ****            conn->current_msg or conn->state! */
1965:../../Middlewares/Third_Party/LwIP/src/api/api_msg.c ****         msg->err = tcp_shutdown(msg->conn->pcb.tcp, 1, 0);
1966:../../Middlewares/Third_Party/LwIP/src/api/api_msg.c ****       }
1967:../../Middlewares/Third_Party/LwIP/src/api/api_msg.c ****     }
1968:../../Middlewares/Third_Party/LwIP/src/api/api_msg.c ****     if (state == NETCONN_NONE) {
1969:../../Middlewares/Third_Party/LwIP/src/api/api_msg.c **** #else /* LWIP_NETCONN_FULLDUPLEX */
1970:../../Middlewares/Third_Party/LwIP/src/api/api_msg.c ****       msg->err = ERR_INPROGRESS;
ARM GAS  /var/folders/2r/mdtt8xvd351gdc398t28_m2m0000gn/T//ccI12eQw.s 			page 67


1971:../../Middlewares/Third_Party/LwIP/src/api/api_msg.c ****     } else {
1972:../../Middlewares/Third_Party/LwIP/src/api/api_msg.c **** #endif /* LWIP_NETCONN_FULLDUPLEX */
1973:../../Middlewares/Third_Party/LwIP/src/api/api_msg.c ****       if (msg->msg.sd.shut & NETCONN_SHUT_RD) {
1974:../../Middlewares/Third_Party/LwIP/src/api/api_msg.c **** #if LWIP_NETCONN_FULLDUPLEX
1975:../../Middlewares/Third_Party/LwIP/src/api/api_msg.c ****         /* Mark mboxes invalid */
1976:../../Middlewares/Third_Party/LwIP/src/api/api_msg.c ****         netconn_mark_mbox_invalid(msg->conn);
1977:../../Middlewares/Third_Party/LwIP/src/api/api_msg.c **** #else /* LWIP_NETCONN_FULLDUPLEX */
1978:../../Middlewares/Third_Party/LwIP/src/api/api_msg.c ****         netconn_drain(msg->conn);
1979:../../Middlewares/Third_Party/LwIP/src/api/api_msg.c **** #endif /* LWIP_NETCONN_FULLDUPLEX */
1980:../../Middlewares/Third_Party/LwIP/src/api/api_msg.c ****       }
1981:../../Middlewares/Third_Party/LwIP/src/api/api_msg.c ****       LWIP_ASSERT("already writing or closing", msg->conn->current_msg == NULL);
1982:../../Middlewares/Third_Party/LwIP/src/api/api_msg.c ****       msg->conn->state = NETCONN_CLOSE;
1983:../../Middlewares/Third_Party/LwIP/src/api/api_msg.c ****       msg->conn->current_msg = msg;
1984:../../Middlewares/Third_Party/LwIP/src/api/api_msg.c **** #if LWIP_TCPIP_CORE_LOCKING
1985:../../Middlewares/Third_Party/LwIP/src/api/api_msg.c ****       if (lwip_netconn_do_close_internal(msg->conn, 0) != ERR_OK) {
1986:../../Middlewares/Third_Party/LwIP/src/api/api_msg.c ****         LWIP_ASSERT("state!", msg->conn->state == NETCONN_CLOSE);
1987:../../Middlewares/Third_Party/LwIP/src/api/api_msg.c ****         UNLOCK_TCPIP_CORE();
1988:../../Middlewares/Third_Party/LwIP/src/api/api_msg.c ****         sys_arch_sem_wait(LWIP_API_MSG_SEM(msg), 0);
1989:../../Middlewares/Third_Party/LwIP/src/api/api_msg.c ****         LOCK_TCPIP_CORE();
1990:../../Middlewares/Third_Party/LwIP/src/api/api_msg.c ****         LWIP_ASSERT("state!", msg->conn->state == NETCONN_NONE);
1991:../../Middlewares/Third_Party/LwIP/src/api/api_msg.c ****       }
1992:../../Middlewares/Third_Party/LwIP/src/api/api_msg.c **** #else /* LWIP_TCPIP_CORE_LOCKING */
1993:../../Middlewares/Third_Party/LwIP/src/api/api_msg.c ****       lwip_netconn_do_close_internal(msg->conn);
1994:../../Middlewares/Third_Party/LwIP/src/api/api_msg.c **** #endif /* LWIP_TCPIP_CORE_LOCKING */
1995:../../Middlewares/Third_Party/LwIP/src/api/api_msg.c ****       /* for tcp netconns, lwip_netconn_do_close_internal ACKs the message */
1996:../../Middlewares/Third_Party/LwIP/src/api/api_msg.c ****       return;
1997:../../Middlewares/Third_Party/LwIP/src/api/api_msg.c ****     }
1998:../../Middlewares/Third_Party/LwIP/src/api/api_msg.c ****   } else
1999:../../Middlewares/Third_Party/LwIP/src/api/api_msg.c **** #endif /* LWIP_TCP */
2000:../../Middlewares/Third_Party/LwIP/src/api/api_msg.c ****   {
2001:../../Middlewares/Third_Party/LwIP/src/api/api_msg.c ****     msg->err = ERR_CONN;
 1518              		.loc 1 2001 5 view .LVU451
 1519              		.loc 1 2001 14 is_stmt 0 view .LVU452
 1520 0000 F523     		movs	r3, #245
 1521 0002 0371     		strb	r3, [r0, #4]
2002:../../Middlewares/Third_Party/LwIP/src/api/api_msg.c ****   }
2003:../../Middlewares/Third_Party/LwIP/src/api/api_msg.c ****   TCPIP_APIMSG_ACK(msg);
 1522              		.loc 1 2003 24 is_stmt 1 view .LVU453
2004:../../Middlewares/Third_Party/LwIP/src/api/api_msg.c **** }
 1523              		.loc 1 2004 1 is_stmt 0 view .LVU454
 1524 0004 7047     		bx	lr
 1525              		.cfi_endproc
 1526              	.LFE188:
 1528              		.text
 1529              	.Letext0:
 1530              		.file 2 "/Applications/ArmGNUToolchain/14.3.rel1/arm-none-eabi/arm-none-eabi/include/machine/_defa
 1531              		.file 3 "/Applications/ArmGNUToolchain/14.3.rel1/arm-none-eabi/arm-none-eabi/include/sys/_stdint.h
 1532              		.file 4 "/Applications/ArmGNUToolchain/14.3.rel1/arm-none-eabi/lib/gcc/arm-none-eabi/14.3.1/includ
 1533              		.file 5 "../../Middlewares/Third_Party/LwIP/src/include/lwip/arch.h"
 1534              		.file 6 "../../Middlewares/Third_Party/LwIP/src/include/lwip/ip4_addr.h"
 1535              		.file 7 "../../Middlewares/Third_Party/LwIP/src/include/lwip/ip_addr.h"
 1536              		.file 8 "../../Middlewares/Third_Party/LwIP/src/include/lwip/err.h"
 1537              		.file 9 "../../Middlewares/Third_Party/FreeRTOS/Source/CMSIS_RTOS_V2/cmsis_os2.h"
 1538              		.file 10 "../../Middlewares/Third_Party/LwIP/system/arch/sys_arch.h"
 1539              		.file 11 "../../Middlewares/Third_Party/LwIP/src/include/lwip/pbuf.h"
 1540              		.file 12 "../../Middlewares/Third_Party/LwIP/src/include/lwip/memp.h"
 1541              		.file 13 "../../Middlewares/Third_Party/LwIP/src/include/lwip/netif.h"
ARM GAS  /var/folders/2r/mdtt8xvd351gdc398t28_m2m0000gn/T//ccI12eQw.s 			page 68


 1542              		.file 14 "../../Middlewares/Third_Party/LwIP/src/include/lwip/netbuf.h"
 1543              		.file 15 "../../Middlewares/Third_Party/LwIP/src/include/lwip/api.h"
 1544              		.file 16 "../../Middlewares/Third_Party/LwIP/src/include/lwip/ip.h"
 1545              		.file 17 "../../Middlewares/Third_Party/LwIP/src/include/lwip/udp.h"
 1546              		.file 18 "../../Middlewares/Third_Party/LwIP/src/include/lwip/priv/api_msg.h"
 1547              		.file 19 "../../Middlewares/Third_Party/LwIP/src/include/lwip/sys.h"
 1548              		.file 20 "/Applications/ArmGNUToolchain/14.3.rel1/arm-none-eabi/arm-none-eabi/include/stdio.h"
ARM GAS  /var/folders/2r/mdtt8xvd351gdc398t28_m2m0000gn/T//ccI12eQw.s 			page 69


DEFINED SYMBOLS
                            *ABS*:00000000 api_msg.c
/var/folders/2r/mdtt8xvd351gdc398t28_m2m0000gn/T//ccI12eQw.s:19     .rodata.pcb_new.str1.4:00000000 $d
/var/folders/2r/mdtt8xvd351gdc398t28_m2m0000gn/T//ccI12eQw.s:30     .text.pcb_new:00000000 $t
/var/folders/2r/mdtt8xvd351gdc398t28_m2m0000gn/T//ccI12eQw.s:35     .text.pcb_new:00000000 pcb_new
/var/folders/2r/mdtt8xvd351gdc398t28_m2m0000gn/T//ccI12eQw.s:141    .text.pcb_new:0000005c $d
/var/folders/2r/mdtt8xvd351gdc398t28_m2m0000gn/T//ccI12eQw.s:164    .text.recv_udp:00000000 recv_udp
/var/folders/2r/mdtt8xvd351gdc398t28_m2m0000gn/T//ccI12eQw.s:149    .rodata.recv_udp.str1.4:00000000 $d
/var/folders/2r/mdtt8xvd351gdc398t28_m2m0000gn/T//ccI12eQw.s:159    .text.recv_udp:00000000 $t
/var/folders/2r/mdtt8xvd351gdc398t28_m2m0000gn/T//ccI12eQw.s:356    .text.recv_udp:000000ac $d
/var/folders/2r/mdtt8xvd351gdc398t28_m2m0000gn/T//ccI12eQw.s:365    .text.netconn_drain:00000000 $t
/var/folders/2r/mdtt8xvd351gdc398t28_m2m0000gn/T//ccI12eQw.s:370    .text.netconn_drain:00000000 netconn_drain
/var/folders/2r/mdtt8xvd351gdc398t28_m2m0000gn/T//ccI12eQw.s:437    .text.lwip_netconn_do_newconn:00000000 $t
/var/folders/2r/mdtt8xvd351gdc398t28_m2m0000gn/T//ccI12eQw.s:443    .text.lwip_netconn_do_newconn:00000000 lwip_netconn_do_newconn
/var/folders/2r/mdtt8xvd351gdc398t28_m2m0000gn/T//ccI12eQw.s:485    .rodata.netconn_alloc.str1.4:00000000 $d
/var/folders/2r/mdtt8xvd351gdc398t28_m2m0000gn/T//ccI12eQw.s:489    .text.netconn_alloc:00000000 $t
/var/folders/2r/mdtt8xvd351gdc398t28_m2m0000gn/T//ccI12eQw.s:495    .text.netconn_alloc:00000000 netconn_alloc
/var/folders/2r/mdtt8xvd351gdc398t28_m2m0000gn/T//ccI12eQw.s:624    .text.netconn_alloc:00000070 $d
/var/folders/2r/mdtt8xvd351gdc398t28_m2m0000gn/T//ccI12eQw.s:631    .rodata.netconn_free.str1.4:00000000 $d
/var/folders/2r/mdtt8xvd351gdc398t28_m2m0000gn/T//ccI12eQw.s:639    .text.netconn_free:00000000 $t
/var/folders/2r/mdtt8xvd351gdc398t28_m2m0000gn/T//ccI12eQw.s:645    .text.netconn_free:00000000 netconn_free
/var/folders/2r/mdtt8xvd351gdc398t28_m2m0000gn/T//ccI12eQw.s:718    .text.netconn_free:0000004c $d
/var/folders/2r/mdtt8xvd351gdc398t28_m2m0000gn/T//ccI12eQw.s:726    .rodata.lwip_netconn_do_delconn.str1.4:00000000 $d
/var/folders/2r/mdtt8xvd351gdc398t28_m2m0000gn/T//ccI12eQw.s:733    .text.lwip_netconn_do_delconn:00000000 $t
/var/folders/2r/mdtt8xvd351gdc398t28_m2m0000gn/T//ccI12eQw.s:739    .text.lwip_netconn_do_delconn:00000000 lwip_netconn_do_delconn
/var/folders/2r/mdtt8xvd351gdc398t28_m2m0000gn/T//ccI12eQw.s:913    .text.lwip_netconn_do_delconn:000000b0 $d
/var/folders/2r/mdtt8xvd351gdc398t28_m2m0000gn/T//ccI12eQw.s:921    .text.lwip_netconn_do_bind:00000000 $t
/var/folders/2r/mdtt8xvd351gdc398t28_m2m0000gn/T//ccI12eQw.s:927    .text.lwip_netconn_do_bind:00000000 lwip_netconn_do_bind
/var/folders/2r/mdtt8xvd351gdc398t28_m2m0000gn/T//ccI12eQw.s:988    .text.lwip_netconn_do_bind_if:00000000 $t
/var/folders/2r/mdtt8xvd351gdc398t28_m2m0000gn/T//ccI12eQw.s:994    .text.lwip_netconn_do_bind_if:00000000 lwip_netconn_do_bind_if
/var/folders/2r/mdtt8xvd351gdc398t28_m2m0000gn/T//ccI12eQw.s:1073   .rodata.lwip_netconn_do_connect.str1.4:00000000 $d
/var/folders/2r/mdtt8xvd351gdc398t28_m2m0000gn/T//ccI12eQw.s:1077   .text.lwip_netconn_do_connect:00000000 $t
/var/folders/2r/mdtt8xvd351gdc398t28_m2m0000gn/T//ccI12eQw.s:1083   .text.lwip_netconn_do_connect:00000000 lwip_netconn_do_connect
/var/folders/2r/mdtt8xvd351gdc398t28_m2m0000gn/T//ccI12eQw.s:1159   .text.lwip_netconn_do_connect:0000003c $d
/var/folders/2r/mdtt8xvd351gdc398t28_m2m0000gn/T//ccI12eQw.s:1166   .text.lwip_netconn_do_disconnect:00000000 $t
/var/folders/2r/mdtt8xvd351gdc398t28_m2m0000gn/T//ccI12eQw.s:1172   .text.lwip_netconn_do_disconnect:00000000 lwip_netconn_do_disconnect
/var/folders/2r/mdtt8xvd351gdc398t28_m2m0000gn/T//ccI12eQw.s:1222   .text.lwip_netconn_do_send:00000000 $t
/var/folders/2r/mdtt8xvd351gdc398t28_m2m0000gn/T//ccI12eQw.s:1228   .text.lwip_netconn_do_send:00000000 lwip_netconn_do_send
/var/folders/2r/mdtt8xvd351gdc398t28_m2m0000gn/T//ccI12eQw.s:1319   .text.lwip_netconn_do_write:00000000 $t
/var/folders/2r/mdtt8xvd351gdc398t28_m2m0000gn/T//ccI12eQw.s:1325   .text.lwip_netconn_do_write:00000000 lwip_netconn_do_write
/var/folders/2r/mdtt8xvd351gdc398t28_m2m0000gn/T//ccI12eQw.s:1367   .rodata.lwip_netconn_do_getaddr.str1.4:00000000 $d
/var/folders/2r/mdtt8xvd351gdc398t28_m2m0000gn/T//ccI12eQw.s:1371   .text.lwip_netconn_do_getaddr:00000000 $t
/var/folders/2r/mdtt8xvd351gdc398t28_m2m0000gn/T//ccI12eQw.s:1377   .text.lwip_netconn_do_getaddr:00000000 lwip_netconn_do_getaddr
/var/folders/2r/mdtt8xvd351gdc398t28_m2m0000gn/T//ccI12eQw.s:1496   .text.lwip_netconn_do_getaddr:00000068 $d
/var/folders/2r/mdtt8xvd351gdc398t28_m2m0000gn/T//ccI12eQw.s:1503   .text.lwip_netconn_do_close:00000000 $t
/var/folders/2r/mdtt8xvd351gdc398t28_m2m0000gn/T//ccI12eQw.s:1509   .text.lwip_netconn_do_close:00000000 lwip_netconn_do_close

UNDEFINED SYMBOLS
printf
udp_new_ip_type
udp_recv
sys_mbox_valid
memp_malloc
sys_mbox_trypost
pbuf_free
netbuf_delete
sys_arch_mbox_tryfetch
ARM GAS  /var/folders/2r/mdtt8xvd351gdc398t28_m2m0000gn/T//ccI12eQw.s 			page 70


sys_mbox_free
sys_mbox_set_invalid
sys_mbox_new
sys_sem_new
memp_free
sys_sem_free
sys_sem_set_invalid
sys_sem_valid
udp_remove
udp_bind
netif_get_by_index
udp_bind_netif
udp_connect
udp_disconnect
netconn_err
udp_send
udp_sendto
