ARM GAS  /var/folders/2r/mdtt8xvd351gdc398t28_m2m0000gn/T//cc7M34vh.s 			page 1


   1              		.cpu cortex-m7
   2              		.arch armv7e-m
   3              		.fpu fpv5-d16
   4              		.eabi_attribute 20, 1
   5              		.eabi_attribute 21, 1
   6              		.eabi_attribute 23, 3
   7              		.eabi_attribute 24, 1
   8              		.eabi_attribute 25, 1
   9              		.eabi_attribute 26, 1
  10              		.eabi_attribute 30, 1
  11              		.eabi_attribute 34, 1
  12              		.eabi_attribute 18, 4
  13              		.file	"ethernetif.c"
  14              		.text
  15              	.Ltext0:
  16              		.cfi_sections	.debug_frame
  17              		.file 1 "../../CM7/LWIP/Target/ethernetif.c"
  18              		.section	.text.ETH_PHY_IO_DeInit,"ax",%progbits
  19              		.align	1
  20              		.global	ETH_PHY_IO_DeInit
  21              		.syntax unified
  22              		.thumb
  23              		.thumb_func
  25              	ETH_PHY_IO_DeInit:
  26              	.LFB188:
   1:../../CM7/LWIP/Target/ethernetif.c **** /* USER CODE BEGIN Header */
   2:../../CM7/LWIP/Target/ethernetif.c **** /**
   3:../../CM7/LWIP/Target/ethernetif.c ****   ******************************************************************************
   4:../../CM7/LWIP/Target/ethernetif.c ****   * File Name          : ethernetif.c
   5:../../CM7/LWIP/Target/ethernetif.c ****   * Description        : This file provides code for the configuration
   6:../../CM7/LWIP/Target/ethernetif.c ****   *                      of the ethernetif.c MiddleWare.
   7:../../CM7/LWIP/Target/ethernetif.c ****   ******************************************************************************
   8:../../CM7/LWIP/Target/ethernetif.c ****   * @attention
   9:../../CM7/LWIP/Target/ethernetif.c ****   *
  10:../../CM7/LWIP/Target/ethernetif.c ****   * Copyright (c) 2025 STMicroelectronics.
  11:../../CM7/LWIP/Target/ethernetif.c ****   * All rights reserved.
  12:../../CM7/LWIP/Target/ethernetif.c ****   *
  13:../../CM7/LWIP/Target/ethernetif.c ****   * This software is licensed under terms that can be found in the LICENSE file
  14:../../CM7/LWIP/Target/ethernetif.c ****   * in the root directory of this software component.
  15:../../CM7/LWIP/Target/ethernetif.c ****   * If no LICENSE file comes with this software, it is provided AS-IS.
  16:../../CM7/LWIP/Target/ethernetif.c ****   *
  17:../../CM7/LWIP/Target/ethernetif.c ****   ******************************************************************************
  18:../../CM7/LWIP/Target/ethernetif.c ****   */
  19:../../CM7/LWIP/Target/ethernetif.c **** /* USER CODE END Header */
  20:../../CM7/LWIP/Target/ethernetif.c **** 
  21:../../CM7/LWIP/Target/ethernetif.c **** /* Includes ------------------------------------------------------------------*/
  22:../../CM7/LWIP/Target/ethernetif.c **** #include "main.h"
  23:../../CM7/LWIP/Target/ethernetif.c **** #include "lwip/opt.h"
  24:../../CM7/LWIP/Target/ethernetif.c **** #include "lwip/timeouts.h"
  25:../../CM7/LWIP/Target/ethernetif.c **** #include "netif/ethernet.h"
  26:../../CM7/LWIP/Target/ethernetif.c **** #include "netif/etharp.h"
  27:../../CM7/LWIP/Target/ethernetif.c **** #include "lwip/ethip6.h"
  28:../../CM7/LWIP/Target/ethernetif.c **** #include "ethernetif.h"
  29:../../CM7/LWIP/Target/ethernetif.c **** #include "lan8742.h"
  30:../../CM7/LWIP/Target/ethernetif.c **** #include <string.h>
  31:../../CM7/LWIP/Target/ethernetif.c **** #include "cmsis_os.h"
  32:../../CM7/LWIP/Target/ethernetif.c **** #include "lwip/tcpip.h"
ARM GAS  /var/folders/2r/mdtt8xvd351gdc398t28_m2m0000gn/T//cc7M34vh.s 			page 2


  33:../../CM7/LWIP/Target/ethernetif.c **** 
  34:../../CM7/LWIP/Target/ethernetif.c **** /* Within 'USER CODE' section, code will be kept by default at each generation */
  35:../../CM7/LWIP/Target/ethernetif.c **** /* USER CODE BEGIN 0 */
  36:../../CM7/LWIP/Target/ethernetif.c **** 
  37:../../CM7/LWIP/Target/ethernetif.c **** /* USER CODE END 0 */
  38:../../CM7/LWIP/Target/ethernetif.c **** 
  39:../../CM7/LWIP/Target/ethernetif.c **** /* Private define ------------------------------------------------------------*/
  40:../../CM7/LWIP/Target/ethernetif.c **** /* The time to block waiting for input. */
  41:../../CM7/LWIP/Target/ethernetif.c **** #define TIME_WAITING_FOR_INPUT ( portMAX_DELAY )
  42:../../CM7/LWIP/Target/ethernetif.c **** /* Time to block waiting for transmissions to finish */
  43:../../CM7/LWIP/Target/ethernetif.c **** #define ETHIF_TX_TIMEOUT (2000U)
  44:../../CM7/LWIP/Target/ethernetif.c **** /* USER CODE BEGIN OS_THREAD_STACK_SIZE_WITH_RTOS */
  45:../../CM7/LWIP/Target/ethernetif.c **** /* Stack size of the interface thread */
  46:../../CM7/LWIP/Target/ethernetif.c **** #define INTERFACE_THREAD_STACK_SIZE ( 350 )
  47:../../CM7/LWIP/Target/ethernetif.c **** /* USER CODE END OS_THREAD_STACK_SIZE_WITH_RTOS */
  48:../../CM7/LWIP/Target/ethernetif.c **** /* Network interface name */
  49:../../CM7/LWIP/Target/ethernetif.c **** #define IFNAME0 's'
  50:../../CM7/LWIP/Target/ethernetif.c **** #define IFNAME1 't'
  51:../../CM7/LWIP/Target/ethernetif.c **** 
  52:../../CM7/LWIP/Target/ethernetif.c **** /* ETH Setting  */
  53:../../CM7/LWIP/Target/ethernetif.c **** #define ETH_DMA_TRANSMIT_TIMEOUT               ( 20U )
  54:../../CM7/LWIP/Target/ethernetif.c **** #define ETH_TX_BUFFER_MAX             ((ETH_TX_DESC_CNT) * 2U)
  55:../../CM7/LWIP/Target/ethernetif.c **** /* ETH_RX_BUFFER_SIZE parameter is defined in lwipopts.h */
  56:../../CM7/LWIP/Target/ethernetif.c **** 
  57:../../CM7/LWIP/Target/ethernetif.c **** /* USER CODE BEGIN 1 */
  58:../../CM7/LWIP/Target/ethernetif.c **** 
  59:../../CM7/LWIP/Target/ethernetif.c **** /* USER CODE END 1 */
  60:../../CM7/LWIP/Target/ethernetif.c **** 
  61:../../CM7/LWIP/Target/ethernetif.c **** /* Private variables ---------------------------------------------------------*/
  62:../../CM7/LWIP/Target/ethernetif.c **** /*
  63:../../CM7/LWIP/Target/ethernetif.c **** @Note: This interface is implemented to operate in zero-copy mode only:
  64:../../CM7/LWIP/Target/ethernetif.c ****         - Rx Buffers will be allocated from LwIP stack Rx memory pool,
  65:../../CM7/LWIP/Target/ethernetif.c ****           then passed to ETH HAL driver.
  66:../../CM7/LWIP/Target/ethernetif.c ****         - Tx Buffers will be allocated from LwIP stack memory heap,
  67:../../CM7/LWIP/Target/ethernetif.c ****           then passed to ETH HAL driver.
  68:../../CM7/LWIP/Target/ethernetif.c **** 
  69:../../CM7/LWIP/Target/ethernetif.c **** @Notes:
  70:../../CM7/LWIP/Target/ethernetif.c ****   1.a. ETH DMA Rx descriptors must be contiguous, the default count is 4,
  71:../../CM7/LWIP/Target/ethernetif.c ****        to customize it please redefine ETH_RX_DESC_CNT in ETH GUI (Rx Descriptor Length)
  72:../../CM7/LWIP/Target/ethernetif.c ****        so that updated value will be generated in stm32xxxx_hal_conf.h
  73:../../CM7/LWIP/Target/ethernetif.c ****   1.b. ETH DMA Tx descriptors must be contiguous, the default count is 4,
  74:../../CM7/LWIP/Target/ethernetif.c ****        to customize it please redefine ETH_TX_DESC_CNT in ETH GUI (Tx Descriptor Length)
  75:../../CM7/LWIP/Target/ethernetif.c ****        so that updated value will be generated in stm32xxxx_hal_conf.h
  76:../../CM7/LWIP/Target/ethernetif.c **** 
  77:../../CM7/LWIP/Target/ethernetif.c ****   2.a. Rx Buffers number must be between ETH_RX_DESC_CNT and 2*ETH_RX_DESC_CNT
  78:../../CM7/LWIP/Target/ethernetif.c ****   2.b. Rx Buffers must have the same size: ETH_RX_BUFFER_SIZE, this value must
  79:../../CM7/LWIP/Target/ethernetif.c ****        passed to ETH DMA in the init field (heth.Init.RxBuffLen)
  80:../../CM7/LWIP/Target/ethernetif.c ****   2.c  The RX Ruffers addresses and sizes must be properly defined to be aligned
  81:../../CM7/LWIP/Target/ethernetif.c ****        to L1-CACHE line size (32 bytes).
  82:../../CM7/LWIP/Target/ethernetif.c **** */
  83:../../CM7/LWIP/Target/ethernetif.c **** 
  84:../../CM7/LWIP/Target/ethernetif.c **** /* Data Type Definitions */
  85:../../CM7/LWIP/Target/ethernetif.c **** typedef enum
  86:../../CM7/LWIP/Target/ethernetif.c **** {
  87:../../CM7/LWIP/Target/ethernetif.c ****   RX_ALLOC_OK       = 0x00,
  88:../../CM7/LWIP/Target/ethernetif.c ****   RX_ALLOC_ERROR    = 0x01
  89:../../CM7/LWIP/Target/ethernetif.c **** } RxAllocStatusTypeDef;
ARM GAS  /var/folders/2r/mdtt8xvd351gdc398t28_m2m0000gn/T//cc7M34vh.s 			page 3


  90:../../CM7/LWIP/Target/ethernetif.c **** 
  91:../../CM7/LWIP/Target/ethernetif.c **** typedef struct
  92:../../CM7/LWIP/Target/ethernetif.c **** {
  93:../../CM7/LWIP/Target/ethernetif.c ****   struct pbuf_custom pbuf_custom;
  94:../../CM7/LWIP/Target/ethernetif.c ****   uint8_t buff[(ETH_RX_BUFFER_SIZE + 31) & ~31] __ALIGNED(32);
  95:../../CM7/LWIP/Target/ethernetif.c **** } RxBuff_t;
  96:../../CM7/LWIP/Target/ethernetif.c **** 
  97:../../CM7/LWIP/Target/ethernetif.c **** /* Memory Pool Declaration */
  98:../../CM7/LWIP/Target/ethernetif.c **** #define ETH_RX_BUFFER_CNT             12U
  99:../../CM7/LWIP/Target/ethernetif.c **** LWIP_MEMPOOL_DECLARE(RX_POOL, ETH_RX_BUFFER_CNT, sizeof(RxBuff_t), "Zero-copy RX PBUF pool");
 100:../../CM7/LWIP/Target/ethernetif.c **** 
 101:../../CM7/LWIP/Target/ethernetif.c **** /* Variable Definitions */
 102:../../CM7/LWIP/Target/ethernetif.c **** static uint8_t RxAllocStatus;
 103:../../CM7/LWIP/Target/ethernetif.c **** #if defined ( __ICCARM__ ) /*!< IAR Compiler */
 104:../../CM7/LWIP/Target/ethernetif.c **** 
 105:../../CM7/LWIP/Target/ethernetif.c **** #pragma location=0x30000000
 106:../../CM7/LWIP/Target/ethernetif.c **** ETH_DMADescTypeDef  DMARxDscrTab[ETH_RX_DESC_CNT]; /* Ethernet Rx DMA Descriptors */
 107:../../CM7/LWIP/Target/ethernetif.c **** #pragma location=0x30000080
 108:../../CM7/LWIP/Target/ethernetif.c **** ETH_DMADescTypeDef  DMATxDscrTab[ETH_TX_DESC_CNT]; /* Ethernet Tx DMA Descriptors */
 109:../../CM7/LWIP/Target/ethernetif.c **** 
 110:../../CM7/LWIP/Target/ethernetif.c **** #elif defined ( __CC_ARM )  /* MDK ARM Compiler */
 111:../../CM7/LWIP/Target/ethernetif.c **** 
 112:../../CM7/LWIP/Target/ethernetif.c **** __attribute__((at(0x30000000))) ETH_DMADescTypeDef  DMARxDscrTab[ETH_RX_DESC_CNT]; /* Ethernet Rx D
 113:../../CM7/LWIP/Target/ethernetif.c **** __attribute__((at(0x30000080))) ETH_DMADescTypeDef  DMATxDscrTab[ETH_TX_DESC_CNT]; /* Ethernet Tx D
 114:../../CM7/LWIP/Target/ethernetif.c **** 
 115:../../CM7/LWIP/Target/ethernetif.c **** #elif defined ( __GNUC__ ) /* GNU Compiler */
 116:../../CM7/LWIP/Target/ethernetif.c **** 
 117:../../CM7/LWIP/Target/ethernetif.c **** ETH_DMADescTypeDef DMARxDscrTab[ETH_RX_DESC_CNT] __attribute__((section(".RxDecripSection"))); /* E
 118:../../CM7/LWIP/Target/ethernetif.c **** ETH_DMADescTypeDef DMATxDscrTab[ETH_TX_DESC_CNT] __attribute__((section(".TxDecripSection")));   /*
 119:../../CM7/LWIP/Target/ethernetif.c **** 
 120:../../CM7/LWIP/Target/ethernetif.c **** #endif
 121:../../CM7/LWIP/Target/ethernetif.c **** 
 122:../../CM7/LWIP/Target/ethernetif.c **** #if defined ( __ICCARM__ ) /*!< IAR Compiler */
 123:../../CM7/LWIP/Target/ethernetif.c **** #pragma location = 0x30000100
 124:../../CM7/LWIP/Target/ethernetif.c **** extern u8_t memp_memory_RX_POOL_base[];
 125:../../CM7/LWIP/Target/ethernetif.c **** 
 126:../../CM7/LWIP/Target/ethernetif.c **** #elif defined ( __CC_ARM ) /* MDK ARM Compiler */
 127:../../CM7/LWIP/Target/ethernetif.c **** __attribute__((section(".Rx_PoolSection"))) extern u8_t memp_memory_RX_POOL_base[];
 128:../../CM7/LWIP/Target/ethernetif.c **** 
 129:../../CM7/LWIP/Target/ethernetif.c **** #elif defined ( __GNUC__ ) /* GNU */
 130:../../CM7/LWIP/Target/ethernetif.c **** __attribute__((section(".Rx_PoolSection"))) extern u8_t memp_memory_RX_POOL_base[];
 131:../../CM7/LWIP/Target/ethernetif.c **** #endif
 132:../../CM7/LWIP/Target/ethernetif.c **** 
 133:../../CM7/LWIP/Target/ethernetif.c **** /* USER CODE BEGIN 2 */
 134:../../CM7/LWIP/Target/ethernetif.c **** 
 135:../../CM7/LWIP/Target/ethernetif.c **** /* USER CODE END 2 */
 136:../../CM7/LWIP/Target/ethernetif.c **** 
 137:../../CM7/LWIP/Target/ethernetif.c **** osSemaphoreId RxPktSemaphore = NULL;   /* Semaphore to signal incoming packets */
 138:../../CM7/LWIP/Target/ethernetif.c **** osSemaphoreId TxPktSemaphore = NULL;   /* Semaphore to signal transmit packet complete */
 139:../../CM7/LWIP/Target/ethernetif.c **** 
 140:../../CM7/LWIP/Target/ethernetif.c **** /* Global Ethernet handle */
 141:../../CM7/LWIP/Target/ethernetif.c **** ETH_HandleTypeDef heth;
 142:../../CM7/LWIP/Target/ethernetif.c **** ETH_TxPacketConfig TxConfig;
 143:../../CM7/LWIP/Target/ethernetif.c **** 
 144:../../CM7/LWIP/Target/ethernetif.c **** /* Private function prototypes -----------------------------------------------*/
 145:../../CM7/LWIP/Target/ethernetif.c **** int32_t ETH_PHY_IO_Init(void);
 146:../../CM7/LWIP/Target/ethernetif.c **** int32_t ETH_PHY_IO_DeInit (void);
ARM GAS  /var/folders/2r/mdtt8xvd351gdc398t28_m2m0000gn/T//cc7M34vh.s 			page 4


 147:../../CM7/LWIP/Target/ethernetif.c **** int32_t ETH_PHY_IO_ReadReg(uint32_t DevAddr, uint32_t RegAddr, uint32_t *pRegVal);
 148:../../CM7/LWIP/Target/ethernetif.c **** int32_t ETH_PHY_IO_WriteReg(uint32_t DevAddr, uint32_t RegAddr, uint32_t RegVal);
 149:../../CM7/LWIP/Target/ethernetif.c **** int32_t ETH_PHY_IO_GetTick(void);
 150:../../CM7/LWIP/Target/ethernetif.c **** 
 151:../../CM7/LWIP/Target/ethernetif.c **** lan8742_Object_t LAN8742;
 152:../../CM7/LWIP/Target/ethernetif.c **** lan8742_IOCtx_t  LAN8742_IOCtx = {ETH_PHY_IO_Init,
 153:../../CM7/LWIP/Target/ethernetif.c ****                                   ETH_PHY_IO_DeInit,
 154:../../CM7/LWIP/Target/ethernetif.c ****                                   ETH_PHY_IO_WriteReg,
 155:../../CM7/LWIP/Target/ethernetif.c ****                                   ETH_PHY_IO_ReadReg,
 156:../../CM7/LWIP/Target/ethernetif.c ****                                   ETH_PHY_IO_GetTick};
 157:../../CM7/LWIP/Target/ethernetif.c **** 
 158:../../CM7/LWIP/Target/ethernetif.c **** /* USER CODE BEGIN 3 */
 159:../../CM7/LWIP/Target/ethernetif.c **** /**
 160:../../CM7/LWIP/Target/ethernetif.c ****   * @brief  Safe wrapper for HAL_ETH_Transmit_IT with memory barriers
 161:../../CM7/LWIP/Target/ethernetif.c ****   * @param  heth: pointer to ETH handle
 162:../../CM7/LWIP/Target/ethernetif.c ****   * @param  pTxConfig: pointer to TX packet configuration
 163:../../CM7/LWIP/Target/ethernetif.c ****   * @retval HAL status
 164:../../CM7/LWIP/Target/ethernetif.c ****   */
 165:../../CM7/LWIP/Target/ethernetif.c **** HAL_StatusTypeDef HAL_ETH_Transmit_IT_Safe(ETH_HandleTypeDef *heth, ETH_TxPacketConfig *pTxConfig)
 166:../../CM7/LWIP/Target/ethernetif.c **** {
 167:../../CM7/LWIP/Target/ethernetif.c ****     // Ensure all descriptor writes complete before starting DMA
 168:../../CM7/LWIP/Target/ethernetif.c ****     __DMB();  // Data Memory Barrier - wait for writes to finish
 169:../../CM7/LWIP/Target/ethernetif.c ****     __DSB();  // Data Synchronization Barrier - flush write buffer
 170:../../CM7/LWIP/Target/ethernetif.c **** 
 171:../../CM7/LWIP/Target/ethernetif.c ****     // Now safe to trigger DMA operation
 172:../../CM7/LWIP/Target/ethernetif.c ****     return HAL_ETH_Transmit_IT(heth, pTxConfig);
 173:../../CM7/LWIP/Target/ethernetif.c **** }
 174:../../CM7/LWIP/Target/ethernetif.c **** /* USER CODE END 3 */
 175:../../CM7/LWIP/Target/ethernetif.c **** 
 176:../../CM7/LWIP/Target/ethernetif.c **** 
 177:../../CM7/LWIP/Target/ethernetif.c **** /* Private functions ---------------------------------------------------------*/
 178:../../CM7/LWIP/Target/ethernetif.c **** void pbuf_free_custom(struct pbuf *p);
 179:../../CM7/LWIP/Target/ethernetif.c **** 
 180:../../CM7/LWIP/Target/ethernetif.c **** /**
 181:../../CM7/LWIP/Target/ethernetif.c ****   * @brief  Ethernet Rx Transfer completed callback
 182:../../CM7/LWIP/Target/ethernetif.c ****   * @param  handlerEth: ETH handler
 183:../../CM7/LWIP/Target/ethernetif.c ****   * @retval None
 184:../../CM7/LWIP/Target/ethernetif.c ****   */
 185:../../CM7/LWIP/Target/ethernetif.c **** void HAL_ETH_RxCpltCallback(ETH_HandleTypeDef *handlerEth)
 186:../../CM7/LWIP/Target/ethernetif.c **** {
 187:../../CM7/LWIP/Target/ethernetif.c ****   osSemaphoreRelease(RxPktSemaphore);
 188:../../CM7/LWIP/Target/ethernetif.c **** }
 189:../../CM7/LWIP/Target/ethernetif.c **** /**
 190:../../CM7/LWIP/Target/ethernetif.c ****   * @brief  Ethernet Tx Transfer completed callback
 191:../../CM7/LWIP/Target/ethernetif.c ****   * @param  handlerEth: ETH handler
 192:../../CM7/LWIP/Target/ethernetif.c ****   * @retval None
 193:../../CM7/LWIP/Target/ethernetif.c ****   */
 194:../../CM7/LWIP/Target/ethernetif.c **** void HAL_ETH_TxCpltCallback(ETH_HandleTypeDef *handlerEth)
 195:../../CM7/LWIP/Target/ethernetif.c **** {
 196:../../CM7/LWIP/Target/ethernetif.c ****   osSemaphoreRelease(TxPktSemaphore);
 197:../../CM7/LWIP/Target/ethernetif.c **** }
 198:../../CM7/LWIP/Target/ethernetif.c **** /**
 199:../../CM7/LWIP/Target/ethernetif.c ****   * @brief  Ethernet DMA transfer error callback
 200:../../CM7/LWIP/Target/ethernetif.c ****   * @param  handlerEth: ETH handler
 201:../../CM7/LWIP/Target/ethernetif.c ****   * @retval None
 202:../../CM7/LWIP/Target/ethernetif.c ****   */
 203:../../CM7/LWIP/Target/ethernetif.c **** void HAL_ETH_ErrorCallback(ETH_HandleTypeDef *handlerEth)
ARM GAS  /var/folders/2r/mdtt8xvd351gdc398t28_m2m0000gn/T//cc7M34vh.s 			page 5


 204:../../CM7/LWIP/Target/ethernetif.c **** {
 205:../../CM7/LWIP/Target/ethernetif.c ****   if((HAL_ETH_GetDMAError(handlerEth) & ETH_DMACSR_RBU) == ETH_DMACSR_RBU)
 206:../../CM7/LWIP/Target/ethernetif.c ****   {
 207:../../CM7/LWIP/Target/ethernetif.c ****      osSemaphoreRelease(RxPktSemaphore);
 208:../../CM7/LWIP/Target/ethernetif.c ****   }
 209:../../CM7/LWIP/Target/ethernetif.c **** }
 210:../../CM7/LWIP/Target/ethernetif.c **** 
 211:../../CM7/LWIP/Target/ethernetif.c **** /* USER CODE BEGIN 4 */
 212:../../CM7/LWIP/Target/ethernetif.c **** 
 213:../../CM7/LWIP/Target/ethernetif.c **** /* USER CODE END 4 */
 214:../../CM7/LWIP/Target/ethernetif.c **** 
 215:../../CM7/LWIP/Target/ethernetif.c **** /*******************************************************************************
 216:../../CM7/LWIP/Target/ethernetif.c ****                        LL Driver Interface ( LwIP stack --> ETH)
 217:../../CM7/LWIP/Target/ethernetif.c **** *******************************************************************************/
 218:../../CM7/LWIP/Target/ethernetif.c **** /**
 219:../../CM7/LWIP/Target/ethernetif.c ****  * @brief In this function, the hardware should be initialized.
 220:../../CM7/LWIP/Target/ethernetif.c ****  * Called from ethernetif_init().
 221:../../CM7/LWIP/Target/ethernetif.c ****  *
 222:../../CM7/LWIP/Target/ethernetif.c ****  * @param netif the already initialized lwip network interface structure
 223:../../CM7/LWIP/Target/ethernetif.c ****  *        for this ethernetif
 224:../../CM7/LWIP/Target/ethernetif.c ****  */
 225:../../CM7/LWIP/Target/ethernetif.c **** static void low_level_init(struct netif *netif)
 226:../../CM7/LWIP/Target/ethernetif.c **** {
 227:../../CM7/LWIP/Target/ethernetif.c ****   HAL_StatusTypeDef hal_eth_init_status = HAL_OK;
 228:../../CM7/LWIP/Target/ethernetif.c **** /* USER CODE BEGIN OS_THREAD_ATTR_CMSIS_RTOS_V2 */
 229:../../CM7/LWIP/Target/ethernetif.c ****   osThreadAttr_t attributes;
 230:../../CM7/LWIP/Target/ethernetif.c **** /* USER CODE END OS_THREAD_ATTR_CMSIS_RTOS_V2 */
 231:../../CM7/LWIP/Target/ethernetif.c ****   uint32_t duplex, speed = 0;
 232:../../CM7/LWIP/Target/ethernetif.c ****   int32_t PHYLinkState = 0;
 233:../../CM7/LWIP/Target/ethernetif.c ****   ETH_MACConfigTypeDef MACConf = {0};
 234:../../CM7/LWIP/Target/ethernetif.c ****   /* Start ETH HAL Init */
 235:../../CM7/LWIP/Target/ethernetif.c **** 
 236:../../CM7/LWIP/Target/ethernetif.c ****    uint8_t MACAddr[6] ;
 237:../../CM7/LWIP/Target/ethernetif.c ****   heth.Instance = ETH;
 238:../../CM7/LWIP/Target/ethernetif.c ****   MACAddr[0] = 0x00;
 239:../../CM7/LWIP/Target/ethernetif.c ****   MACAddr[1] = 0x80;
 240:../../CM7/LWIP/Target/ethernetif.c ****   MACAddr[2] = 0xE1;
 241:../../CM7/LWIP/Target/ethernetif.c ****   MACAddr[3] = 0x00;
 242:../../CM7/LWIP/Target/ethernetif.c ****   MACAddr[4] = 0x00;
 243:../../CM7/LWIP/Target/ethernetif.c ****   MACAddr[5] = 0x00;
 244:../../CM7/LWIP/Target/ethernetif.c ****   heth.Init.MACAddr = &MACAddr[0];
 245:../../CM7/LWIP/Target/ethernetif.c ****   heth.Init.MediaInterface = HAL_ETH_RMII_MODE;
 246:../../CM7/LWIP/Target/ethernetif.c ****   heth.Init.TxDesc = DMATxDscrTab;
 247:../../CM7/LWIP/Target/ethernetif.c ****   heth.Init.RxDesc = DMARxDscrTab;
 248:../../CM7/LWIP/Target/ethernetif.c ****   heth.Init.RxBuffLen = 1536;
 249:../../CM7/LWIP/Target/ethernetif.c **** 
 250:../../CM7/LWIP/Target/ethernetif.c ****   /* USER CODE BEGIN MACADDRESS */
 251:../../CM7/LWIP/Target/ethernetif.c **** 
 252:../../CM7/LWIP/Target/ethernetif.c ****   /* USER CODE END MACADDRESS */
 253:../../CM7/LWIP/Target/ethernetif.c **** 
 254:../../CM7/LWIP/Target/ethernetif.c ****   hal_eth_init_status = HAL_ETH_Init(&heth);
 255:../../CM7/LWIP/Target/ethernetif.c **** 
 256:../../CM7/LWIP/Target/ethernetif.c ****   memset(&TxConfig, 0 , sizeof(ETH_TxPacketConfig));
 257:../../CM7/LWIP/Target/ethernetif.c ****   TxConfig.Attributes = ETH_TX_PACKETS_FEATURES_CSUM | ETH_TX_PACKETS_FEATURES_CRCPAD;
 258:../../CM7/LWIP/Target/ethernetif.c ****   TxConfig.ChecksumCtrl = ETH_CHECKSUM_IPHDR_PAYLOAD_INSERT_PHDR_CALC;
 259:../../CM7/LWIP/Target/ethernetif.c ****   TxConfig.CRCPadCtrl = ETH_CRC_PAD_INSERT;
 260:../../CM7/LWIP/Target/ethernetif.c **** 
ARM GAS  /var/folders/2r/mdtt8xvd351gdc398t28_m2m0000gn/T//cc7M34vh.s 			page 6


 261:../../CM7/LWIP/Target/ethernetif.c ****   /* End ETH HAL Init */
 262:../../CM7/LWIP/Target/ethernetif.c **** 
 263:../../CM7/LWIP/Target/ethernetif.c ****   /* Initialize the RX POOL */
 264:../../CM7/LWIP/Target/ethernetif.c ****   LWIP_MEMPOOL_INIT(RX_POOL);
 265:../../CM7/LWIP/Target/ethernetif.c **** 
 266:../../CM7/LWIP/Target/ethernetif.c **** #if LWIP_ARP || LWIP_ETHERNET
 267:../../CM7/LWIP/Target/ethernetif.c ****   /* set MAC hardware address length */
 268:../../CM7/LWIP/Target/ethernetif.c ****   netif->hwaddr_len = ETH_HWADDR_LEN;
 269:../../CM7/LWIP/Target/ethernetif.c **** 
 270:../../CM7/LWIP/Target/ethernetif.c ****   /* set MAC hardware address */
 271:../../CM7/LWIP/Target/ethernetif.c ****   netif->hwaddr[0] =  heth.Init.MACAddr[0];
 272:../../CM7/LWIP/Target/ethernetif.c ****   netif->hwaddr[1] =  heth.Init.MACAddr[1];
 273:../../CM7/LWIP/Target/ethernetif.c ****   netif->hwaddr[2] =  heth.Init.MACAddr[2];
 274:../../CM7/LWIP/Target/ethernetif.c ****   netif->hwaddr[3] =  heth.Init.MACAddr[3];
 275:../../CM7/LWIP/Target/ethernetif.c ****   netif->hwaddr[4] =  heth.Init.MACAddr[4];
 276:../../CM7/LWIP/Target/ethernetif.c ****   netif->hwaddr[5] =  heth.Init.MACAddr[5];
 277:../../CM7/LWIP/Target/ethernetif.c **** 
 278:../../CM7/LWIP/Target/ethernetif.c ****   /* maximum transfer unit */
 279:../../CM7/LWIP/Target/ethernetif.c ****   netif->mtu = ETH_MAX_PAYLOAD;
 280:../../CM7/LWIP/Target/ethernetif.c **** 
 281:../../CM7/LWIP/Target/ethernetif.c ****   /* Accept broadcast address and ARP traffic */
 282:../../CM7/LWIP/Target/ethernetif.c ****   /* don't set NETIF_FLAG_ETHARP if this device is not an ethernet one */
 283:../../CM7/LWIP/Target/ethernetif.c ****   #if LWIP_ARP
 284:../../CM7/LWIP/Target/ethernetif.c ****     netif->flags |= NETIF_FLAG_BROADCAST | NETIF_FLAG_ETHARP;
 285:../../CM7/LWIP/Target/ethernetif.c ****   #else
 286:../../CM7/LWIP/Target/ethernetif.c ****     netif->flags |= NETIF_FLAG_BROADCAST;
 287:../../CM7/LWIP/Target/ethernetif.c ****   #endif /* LWIP_ARP */
 288:../../CM7/LWIP/Target/ethernetif.c **** 
 289:../../CM7/LWIP/Target/ethernetif.c ****   /* create a binary semaphore used for informing ethernetif of frame reception */
 290:../../CM7/LWIP/Target/ethernetif.c ****   RxPktSemaphore = osSemaphoreNew(1, 0, NULL);
 291:../../CM7/LWIP/Target/ethernetif.c **** 
 292:../../CM7/LWIP/Target/ethernetif.c ****   /* create a binary semaphore used for informing ethernetif of frame transmission */
 293:../../CM7/LWIP/Target/ethernetif.c ****   TxPktSemaphore = osSemaphoreNew(1, 0, NULL);
 294:../../CM7/LWIP/Target/ethernetif.c **** 
 295:../../CM7/LWIP/Target/ethernetif.c ****   /* create the task that handles the ETH_MAC */
 296:../../CM7/LWIP/Target/ethernetif.c **** /* USER CODE BEGIN OS_THREAD_NEW_CMSIS_RTOS_V2 */
 297:../../CM7/LWIP/Target/ethernetif.c ****   memset(&attributes, 0x0, sizeof(osThreadAttr_t));
 298:../../CM7/LWIP/Target/ethernetif.c ****   attributes.name = "EthIf";
 299:../../CM7/LWIP/Target/ethernetif.c ****   attributes.stack_size = INTERFACE_THREAD_STACK_SIZE;
 300:../../CM7/LWIP/Target/ethernetif.c ****   attributes.priority = osPriorityRealtime;
 301:../../CM7/LWIP/Target/ethernetif.c ****   osThreadNew(ethernetif_input, netif, &attributes);
 302:../../CM7/LWIP/Target/ethernetif.c **** /* USER CODE END OS_THREAD_NEW_CMSIS_RTOS_V2 */
 303:../../CM7/LWIP/Target/ethernetif.c **** 
 304:../../CM7/LWIP/Target/ethernetif.c **** /* USER CODE BEGIN PHY_PRE_CONFIG */
 305:../../CM7/LWIP/Target/ethernetif.c **** 
 306:../../CM7/LWIP/Target/ethernetif.c **** /* USER CODE END PHY_PRE_CONFIG */
 307:../../CM7/LWIP/Target/ethernetif.c ****   /* Set PHY IO functions */
 308:../../CM7/LWIP/Target/ethernetif.c ****   LAN8742_RegisterBusIO(&LAN8742, &LAN8742_IOCtx);
 309:../../CM7/LWIP/Target/ethernetif.c **** 
 310:../../CM7/LWIP/Target/ethernetif.c ****   /* Initialize the LAN8742 ETH PHY */
 311:../../CM7/LWIP/Target/ethernetif.c ****   if(LAN8742_Init(&LAN8742) != LAN8742_STATUS_OK)
 312:../../CM7/LWIP/Target/ethernetif.c ****   {
 313:../../CM7/LWIP/Target/ethernetif.c ****     netif_set_link_down(netif);
 314:../../CM7/LWIP/Target/ethernetif.c ****     netif_set_down(netif);
 315:../../CM7/LWIP/Target/ethernetif.c ****     return;
 316:../../CM7/LWIP/Target/ethernetif.c ****   }
 317:../../CM7/LWIP/Target/ethernetif.c **** 
ARM GAS  /var/folders/2r/mdtt8xvd351gdc398t28_m2m0000gn/T//cc7M34vh.s 			page 7


 318:../../CM7/LWIP/Target/ethernetif.c ****   if (hal_eth_init_status == HAL_OK)
 319:../../CM7/LWIP/Target/ethernetif.c ****   {
 320:../../CM7/LWIP/Target/ethernetif.c ****     PHYLinkState = LAN8742_GetLinkState(&LAN8742);
 321:../../CM7/LWIP/Target/ethernetif.c **** 
 322:../../CM7/LWIP/Target/ethernetif.c ****     /* Get link state */
 323:../../CM7/LWIP/Target/ethernetif.c ****     if(PHYLinkState <= LAN8742_STATUS_LINK_DOWN)
 324:../../CM7/LWIP/Target/ethernetif.c ****     {
 325:../../CM7/LWIP/Target/ethernetif.c ****       netif_set_link_down(netif);
 326:../../CM7/LWIP/Target/ethernetif.c ****       netif_set_down(netif);
 327:../../CM7/LWIP/Target/ethernetif.c ****     }
 328:../../CM7/LWIP/Target/ethernetif.c ****     else
 329:../../CM7/LWIP/Target/ethernetif.c ****     {
 330:../../CM7/LWIP/Target/ethernetif.c ****       switch (PHYLinkState)
 331:../../CM7/LWIP/Target/ethernetif.c ****       {
 332:../../CM7/LWIP/Target/ethernetif.c ****       case LAN8742_STATUS_100MBITS_FULLDUPLEX:
 333:../../CM7/LWIP/Target/ethernetif.c ****         duplex = ETH_FULLDUPLEX_MODE;
 334:../../CM7/LWIP/Target/ethernetif.c ****         speed = ETH_SPEED_100M;
 335:../../CM7/LWIP/Target/ethernetif.c ****         break;
 336:../../CM7/LWIP/Target/ethernetif.c ****       case LAN8742_STATUS_100MBITS_HALFDUPLEX:
 337:../../CM7/LWIP/Target/ethernetif.c ****         duplex = ETH_HALFDUPLEX_MODE;
 338:../../CM7/LWIP/Target/ethernetif.c ****         speed = ETH_SPEED_100M;
 339:../../CM7/LWIP/Target/ethernetif.c ****         break;
 340:../../CM7/LWIP/Target/ethernetif.c ****       case LAN8742_STATUS_10MBITS_FULLDUPLEX:
 341:../../CM7/LWIP/Target/ethernetif.c ****         duplex = ETH_FULLDUPLEX_MODE;
 342:../../CM7/LWIP/Target/ethernetif.c ****         speed = ETH_SPEED_10M;
 343:../../CM7/LWIP/Target/ethernetif.c ****         break;
 344:../../CM7/LWIP/Target/ethernetif.c ****       case LAN8742_STATUS_10MBITS_HALFDUPLEX:
 345:../../CM7/LWIP/Target/ethernetif.c ****         duplex = ETH_HALFDUPLEX_MODE;
 346:../../CM7/LWIP/Target/ethernetif.c ****         speed = ETH_SPEED_10M;
 347:../../CM7/LWIP/Target/ethernetif.c ****         break;
 348:../../CM7/LWIP/Target/ethernetif.c ****       default:
 349:../../CM7/LWIP/Target/ethernetif.c ****         duplex = ETH_FULLDUPLEX_MODE;
 350:../../CM7/LWIP/Target/ethernetif.c ****         speed = ETH_SPEED_100M;
 351:../../CM7/LWIP/Target/ethernetif.c ****         break;
 352:../../CM7/LWIP/Target/ethernetif.c ****       }
 353:../../CM7/LWIP/Target/ethernetif.c **** 
 354:../../CM7/LWIP/Target/ethernetif.c ****     /* Get MAC Config MAC */
 355:../../CM7/LWIP/Target/ethernetif.c ****     HAL_ETH_GetMACConfig(&heth, &MACConf);
 356:../../CM7/LWIP/Target/ethernetif.c ****     MACConf.DuplexMode = duplex;
 357:../../CM7/LWIP/Target/ethernetif.c ****     MACConf.Speed = speed;
 358:../../CM7/LWIP/Target/ethernetif.c ****     HAL_ETH_SetMACConfig(&heth, &MACConf);
 359:../../CM7/LWIP/Target/ethernetif.c **** 
 360:../../CM7/LWIP/Target/ethernetif.c ****     HAL_ETH_Start_IT(&heth);
 361:../../CM7/LWIP/Target/ethernetif.c ****     netif_set_up(netif);
 362:../../CM7/LWIP/Target/ethernetif.c ****     netif_set_link_up(netif);
 363:../../CM7/LWIP/Target/ethernetif.c **** /* USER CODE BEGIN PHY_POST_CONFIG */
 364:../../CM7/LWIP/Target/ethernetif.c **** 
 365:../../CM7/LWIP/Target/ethernetif.c **** /* USER CODE END PHY_POST_CONFIG */
 366:../../CM7/LWIP/Target/ethernetif.c ****     }
 367:../../CM7/LWIP/Target/ethernetif.c **** 
 368:../../CM7/LWIP/Target/ethernetif.c ****   }
 369:../../CM7/LWIP/Target/ethernetif.c ****   else
 370:../../CM7/LWIP/Target/ethernetif.c ****   {
 371:../../CM7/LWIP/Target/ethernetif.c ****     Error_Handler();
 372:../../CM7/LWIP/Target/ethernetif.c ****   }
 373:../../CM7/LWIP/Target/ethernetif.c **** #endif /* LWIP_ARP || LWIP_ETHERNET */
 374:../../CM7/LWIP/Target/ethernetif.c **** 
ARM GAS  /var/folders/2r/mdtt8xvd351gdc398t28_m2m0000gn/T//cc7M34vh.s 			page 8


 375:../../CM7/LWIP/Target/ethernetif.c **** /* USER CODE BEGIN LOW_LEVEL_INIT */
 376:../../CM7/LWIP/Target/ethernetif.c **** 
 377:../../CM7/LWIP/Target/ethernetif.c **** /* USER CODE END LOW_LEVEL_INIT */
 378:../../CM7/LWIP/Target/ethernetif.c **** }
 379:../../CM7/LWIP/Target/ethernetif.c **** 
 380:../../CM7/LWIP/Target/ethernetif.c **** /**
 381:../../CM7/LWIP/Target/ethernetif.c ****  * @brief This function should do the actual transmission of the packet. The packet is
 382:../../CM7/LWIP/Target/ethernetif.c ****  * contained in the pbuf that is passed to the function. This pbuf
 383:../../CM7/LWIP/Target/ethernetif.c ****  * might be chained.
 384:../../CM7/LWIP/Target/ethernetif.c ****  *
 385:../../CM7/LWIP/Target/ethernetif.c ****  * @param netif the lwip network interface structure for this ethernetif
 386:../../CM7/LWIP/Target/ethernetif.c ****  * @param p the MAC packet to send (e.g. IP packet including MAC addresses and type)
 387:../../CM7/LWIP/Target/ethernetif.c ****  * @return ERR_OK if the packet could be sent
 388:../../CM7/LWIP/Target/ethernetif.c ****  *         an err_t value if the packet couldn't be sent
 389:../../CM7/LWIP/Target/ethernetif.c ****  *
 390:../../CM7/LWIP/Target/ethernetif.c ****  * @note Returning ERR_MEM here if a DMA queue of your MAC is full can lead to
 391:../../CM7/LWIP/Target/ethernetif.c ****  *       strange results. You might consider waiting for space in the DMA queue
 392:../../CM7/LWIP/Target/ethernetif.c ****  *       to become available since the stack doesn't retry to send a packet
 393:../../CM7/LWIP/Target/ethernetif.c ****  *       dropped because of memory failure (except for the TCP timers).
 394:../../CM7/LWIP/Target/ethernetif.c ****  */
 395:../../CM7/LWIP/Target/ethernetif.c **** 
 396:../../CM7/LWIP/Target/ethernetif.c **** static err_t low_level_output(struct netif *netif, struct pbuf *p)
 397:../../CM7/LWIP/Target/ethernetif.c **** {
 398:../../CM7/LWIP/Target/ethernetif.c ****   uint32_t i = 0U;
 399:../../CM7/LWIP/Target/ethernetif.c ****   struct pbuf *q = NULL;
 400:../../CM7/LWIP/Target/ethernetif.c ****   err_t errval = ERR_OK;
 401:../../CM7/LWIP/Target/ethernetif.c ****   ETH_BufferTypeDef Txbuffer[ETH_TX_DESC_CNT] = {0};
 402:../../CM7/LWIP/Target/ethernetif.c **** 
 403:../../CM7/LWIP/Target/ethernetif.c ****   memset(Txbuffer, 0 , ETH_TX_DESC_CNT*sizeof(ETH_BufferTypeDef));
 404:../../CM7/LWIP/Target/ethernetif.c **** 
 405:../../CM7/LWIP/Target/ethernetif.c ****   for(q = p; q != NULL; q = q->next)
 406:../../CM7/LWIP/Target/ethernetif.c ****   {
 407:../../CM7/LWIP/Target/ethernetif.c ****     if(i >= ETH_TX_DESC_CNT)
 408:../../CM7/LWIP/Target/ethernetif.c ****       return ERR_IF;
 409:../../CM7/LWIP/Target/ethernetif.c **** 
 410:../../CM7/LWIP/Target/ethernetif.c ****     Txbuffer[i].buffer = q->payload;
 411:../../CM7/LWIP/Target/ethernetif.c ****     Txbuffer[i].len = q->len;
 412:../../CM7/LWIP/Target/ethernetif.c **** 
 413:../../CM7/LWIP/Target/ethernetif.c ****     if(i>0)
 414:../../CM7/LWIP/Target/ethernetif.c ****     {
 415:../../CM7/LWIP/Target/ethernetif.c ****       Txbuffer[i-1].next = &Txbuffer[i];
 416:../../CM7/LWIP/Target/ethernetif.c ****     }
 417:../../CM7/LWIP/Target/ethernetif.c **** 
 418:../../CM7/LWIP/Target/ethernetif.c ****     if(q->next == NULL)
 419:../../CM7/LWIP/Target/ethernetif.c ****     {
 420:../../CM7/LWIP/Target/ethernetif.c ****       Txbuffer[i].next = NULL;
 421:../../CM7/LWIP/Target/ethernetif.c ****     }
 422:../../CM7/LWIP/Target/ethernetif.c **** 
 423:../../CM7/LWIP/Target/ethernetif.c ****     i++;
 424:../../CM7/LWIP/Target/ethernetif.c ****   }
 425:../../CM7/LWIP/Target/ethernetif.c **** 
 426:../../CM7/LWIP/Target/ethernetif.c ****   TxConfig.Length = p->tot_len;
 427:../../CM7/LWIP/Target/ethernetif.c ****   TxConfig.TxBuffer = Txbuffer;
 428:../../CM7/LWIP/Target/ethernetif.c ****   TxConfig.pData = p;
 429:../../CM7/LWIP/Target/ethernetif.c **** 
 430:../../CM7/LWIP/Target/ethernetif.c ****   pbuf_ref(p);
 431:../../CM7/LWIP/Target/ethernetif.c **** 
ARM GAS  /var/folders/2r/mdtt8xvd351gdc398t28_m2m0000gn/T//cc7M34vh.s 			page 9


 432:../../CM7/LWIP/Target/ethernetif.c ****   do
 433:../../CM7/LWIP/Target/ethernetif.c ****   {
 434:../../CM7/LWIP/Target/ethernetif.c ****       if(HAL_ETH_Transmit_IT_Safe(&heth, &TxConfig) == HAL_OK)
 435:../../CM7/LWIP/Target/ethernetif.c ****     {
 436:../../CM7/LWIP/Target/ethernetif.c ****       errval = ERR_OK;
 437:../../CM7/LWIP/Target/ethernetif.c ****     }
 438:../../CM7/LWIP/Target/ethernetif.c ****     else
 439:../../CM7/LWIP/Target/ethernetif.c ****     {
 440:../../CM7/LWIP/Target/ethernetif.c **** 
 441:../../CM7/LWIP/Target/ethernetif.c ****       if(HAL_ETH_GetError(&heth) & HAL_ETH_ERROR_BUSY)
 442:../../CM7/LWIP/Target/ethernetif.c ****       {
 443:../../CM7/LWIP/Target/ethernetif.c ****         /* Wait for descriptors to become available */
 444:../../CM7/LWIP/Target/ethernetif.c ****         osSemaphoreAcquire(TxPktSemaphore, ETHIF_TX_TIMEOUT);
 445:../../CM7/LWIP/Target/ethernetif.c ****         HAL_ETH_ReleaseTxPacket(&heth);
 446:../../CM7/LWIP/Target/ethernetif.c ****         errval = ERR_BUF;
 447:../../CM7/LWIP/Target/ethernetif.c ****       }
 448:../../CM7/LWIP/Target/ethernetif.c ****       else
 449:../../CM7/LWIP/Target/ethernetif.c ****       {
 450:../../CM7/LWIP/Target/ethernetif.c ****         /* Other error */
 451:../../CM7/LWIP/Target/ethernetif.c ****         pbuf_free(p);
 452:../../CM7/LWIP/Target/ethernetif.c ****         errval =  ERR_IF;
 453:../../CM7/LWIP/Target/ethernetif.c ****       }
 454:../../CM7/LWIP/Target/ethernetif.c ****     }
 455:../../CM7/LWIP/Target/ethernetif.c ****   }while(errval == ERR_BUF);
 456:../../CM7/LWIP/Target/ethernetif.c **** 
 457:../../CM7/LWIP/Target/ethernetif.c ****   return errval;
 458:../../CM7/LWIP/Target/ethernetif.c **** }
 459:../../CM7/LWIP/Target/ethernetif.c **** 
 460:../../CM7/LWIP/Target/ethernetif.c **** /**
 461:../../CM7/LWIP/Target/ethernetif.c ****  * @brief Should allocate a pbuf and transfer the bytes of the incoming
 462:../../CM7/LWIP/Target/ethernetif.c ****  * packet from the interface into the pbuf.
 463:../../CM7/LWIP/Target/ethernetif.c ****  *
 464:../../CM7/LWIP/Target/ethernetif.c ****  * @param netif the lwip network interface structure for this ethernetif
 465:../../CM7/LWIP/Target/ethernetif.c ****  * @return a pbuf filled with the received packet (including MAC header)
 466:../../CM7/LWIP/Target/ethernetif.c ****  *         NULL on memory error
 467:../../CM7/LWIP/Target/ethernetif.c ****    */
 468:../../CM7/LWIP/Target/ethernetif.c **** static struct pbuf * low_level_input(struct netif *netif)
 469:../../CM7/LWIP/Target/ethernetif.c **** {
 470:../../CM7/LWIP/Target/ethernetif.c ****   struct pbuf *p = NULL;
 471:../../CM7/LWIP/Target/ethernetif.c **** 
 472:../../CM7/LWIP/Target/ethernetif.c ****   if(RxAllocStatus == RX_ALLOC_OK)
 473:../../CM7/LWIP/Target/ethernetif.c ****   {
 474:../../CM7/LWIP/Target/ethernetif.c ****     HAL_ETH_ReadData(&heth, (void **)&p);
 475:../../CM7/LWIP/Target/ethernetif.c ****   }
 476:../../CM7/LWIP/Target/ethernetif.c **** 
 477:../../CM7/LWIP/Target/ethernetif.c ****   return p;
 478:../../CM7/LWIP/Target/ethernetif.c **** }
 479:../../CM7/LWIP/Target/ethernetif.c **** 
 480:../../CM7/LWIP/Target/ethernetif.c **** /**
 481:../../CM7/LWIP/Target/ethernetif.c ****  * @brief This function should be called when a packet is ready to be read
 482:../../CM7/LWIP/Target/ethernetif.c ****  * from the interface. It uses the function low_level_input() that
 483:../../CM7/LWIP/Target/ethernetif.c ****  * should handle the actual reception of bytes from the network
 484:../../CM7/LWIP/Target/ethernetif.c ****  * interface. Then the type of the received packet is determined and
 485:../../CM7/LWIP/Target/ethernetif.c ****  * the appropriate input function is called.
 486:../../CM7/LWIP/Target/ethernetif.c ****  *
 487:../../CM7/LWIP/Target/ethernetif.c ****  * @param netif the lwip network interface structure for this ethernetif
 488:../../CM7/LWIP/Target/ethernetif.c ****  */
ARM GAS  /var/folders/2r/mdtt8xvd351gdc398t28_m2m0000gn/T//cc7M34vh.s 			page 10


 489:../../CM7/LWIP/Target/ethernetif.c **** void ethernetif_input(void* argument)
 490:../../CM7/LWIP/Target/ethernetif.c **** {
 491:../../CM7/LWIP/Target/ethernetif.c ****   struct pbuf *p = NULL;
 492:../../CM7/LWIP/Target/ethernetif.c ****   struct netif *netif = (struct netif *) argument;
 493:../../CM7/LWIP/Target/ethernetif.c **** 
 494:../../CM7/LWIP/Target/ethernetif.c ****   for( ;; )
 495:../../CM7/LWIP/Target/ethernetif.c ****   {
 496:../../CM7/LWIP/Target/ethernetif.c ****     if (osSemaphoreAcquire(RxPktSemaphore, TIME_WAITING_FOR_INPUT) == osOK)
 497:../../CM7/LWIP/Target/ethernetif.c ****     {
 498:../../CM7/LWIP/Target/ethernetif.c ****       do
 499:../../CM7/LWIP/Target/ethernetif.c ****       {
 500:../../CM7/LWIP/Target/ethernetif.c ****         p = low_level_input( netif );
 501:../../CM7/LWIP/Target/ethernetif.c ****         if (p != NULL)
 502:../../CM7/LWIP/Target/ethernetif.c ****         {
 503:../../CM7/LWIP/Target/ethernetif.c ****           if (netif->input( p, netif) != ERR_OK )
 504:../../CM7/LWIP/Target/ethernetif.c ****           {
 505:../../CM7/LWIP/Target/ethernetif.c ****             pbuf_free(p);
 506:../../CM7/LWIP/Target/ethernetif.c ****           }
 507:../../CM7/LWIP/Target/ethernetif.c ****         }
 508:../../CM7/LWIP/Target/ethernetif.c ****       } while(p!=NULL);
 509:../../CM7/LWIP/Target/ethernetif.c ****     }
 510:../../CM7/LWIP/Target/ethernetif.c ****   }
 511:../../CM7/LWIP/Target/ethernetif.c **** }
 512:../../CM7/LWIP/Target/ethernetif.c **** 
 513:../../CM7/LWIP/Target/ethernetif.c **** #if !LWIP_ARP
 514:../../CM7/LWIP/Target/ethernetif.c **** /**
 515:../../CM7/LWIP/Target/ethernetif.c ****  * This function has to be completed by user in case of ARP OFF.
 516:../../CM7/LWIP/Target/ethernetif.c ****  *
 517:../../CM7/LWIP/Target/ethernetif.c ****  * @param netif the lwip network interface structure for this ethernetif
 518:../../CM7/LWIP/Target/ethernetif.c ****  * @return ERR_OK if ...
 519:../../CM7/LWIP/Target/ethernetif.c ****  */
 520:../../CM7/LWIP/Target/ethernetif.c **** static err_t low_level_output_arp_off(struct netif *netif, struct pbuf *q, const ip4_addr_t *ipaddr
 521:../../CM7/LWIP/Target/ethernetif.c **** {
 522:../../CM7/LWIP/Target/ethernetif.c ****   err_t errval;
 523:../../CM7/LWIP/Target/ethernetif.c ****   errval = ERR_OK;
 524:../../CM7/LWIP/Target/ethernetif.c **** 
 525:../../CM7/LWIP/Target/ethernetif.c **** /* USER CODE BEGIN 5 */
 526:../../CM7/LWIP/Target/ethernetif.c **** 
 527:../../CM7/LWIP/Target/ethernetif.c **** /* USER CODE END 5 */
 528:../../CM7/LWIP/Target/ethernetif.c **** 
 529:../../CM7/LWIP/Target/ethernetif.c ****   return errval;
 530:../../CM7/LWIP/Target/ethernetif.c **** 
 531:../../CM7/LWIP/Target/ethernetif.c **** }
 532:../../CM7/LWIP/Target/ethernetif.c **** #endif /* LWIP_ARP */
 533:../../CM7/LWIP/Target/ethernetif.c **** 
 534:../../CM7/LWIP/Target/ethernetif.c **** /**
 535:../../CM7/LWIP/Target/ethernetif.c ****  * @brief Should be called at the beginning of the program to set up the
 536:../../CM7/LWIP/Target/ethernetif.c ****  * network interface. It calls the function low_level_init() to do the
 537:../../CM7/LWIP/Target/ethernetif.c ****  * actual setup of the hardware.
 538:../../CM7/LWIP/Target/ethernetif.c ****  *
 539:../../CM7/LWIP/Target/ethernetif.c ****  * This function should be passed as a parameter to netif_add().
 540:../../CM7/LWIP/Target/ethernetif.c ****  *
 541:../../CM7/LWIP/Target/ethernetif.c ****  * @param netif the lwip network interface structure for this ethernetif
 542:../../CM7/LWIP/Target/ethernetif.c ****  * @return ERR_OK if the loopif is initialized
 543:../../CM7/LWIP/Target/ethernetif.c ****  *         ERR_MEM if private data couldn't be allocated
 544:../../CM7/LWIP/Target/ethernetif.c ****  *         any other err_t on error
 545:../../CM7/LWIP/Target/ethernetif.c ****  */
ARM GAS  /var/folders/2r/mdtt8xvd351gdc398t28_m2m0000gn/T//cc7M34vh.s 			page 11


 546:../../CM7/LWIP/Target/ethernetif.c **** err_t ethernetif_init(struct netif *netif)
 547:../../CM7/LWIP/Target/ethernetif.c **** {
 548:../../CM7/LWIP/Target/ethernetif.c ****   LWIP_ASSERT("netif != NULL", (netif != NULL));
 549:../../CM7/LWIP/Target/ethernetif.c **** 
 550:../../CM7/LWIP/Target/ethernetif.c **** #if LWIP_NETIF_HOSTNAME
 551:../../CM7/LWIP/Target/ethernetif.c ****   /* Initialize interface hostname */
 552:../../CM7/LWIP/Target/ethernetif.c ****   netif->hostname = "lwip";
 553:../../CM7/LWIP/Target/ethernetif.c **** #endif /* LWIP_NETIF_HOSTNAME */
 554:../../CM7/LWIP/Target/ethernetif.c **** 
 555:../../CM7/LWIP/Target/ethernetif.c ****   /*
 556:../../CM7/LWIP/Target/ethernetif.c ****    * Initialize the snmp variables and counters inside the struct netif.
 557:../../CM7/LWIP/Target/ethernetif.c ****    * The last argument should be replaced with your link speed, in units
 558:../../CM7/LWIP/Target/ethernetif.c ****    * of bits per second.
 559:../../CM7/LWIP/Target/ethernetif.c ****    */
 560:../../CM7/LWIP/Target/ethernetif.c ****   // MIB2_INIT_NETIF(netif, snmp_ifType_ethernet_csmacd, LINK_SPEED_OF_YOUR_NETIF_IN_BPS);
 561:../../CM7/LWIP/Target/ethernetif.c **** 
 562:../../CM7/LWIP/Target/ethernetif.c ****   netif->name[0] = IFNAME0;
 563:../../CM7/LWIP/Target/ethernetif.c ****   netif->name[1] = IFNAME1;
 564:../../CM7/LWIP/Target/ethernetif.c ****   /* We directly use etharp_output() here to save a function call.
 565:../../CM7/LWIP/Target/ethernetif.c ****    * You can instead declare your own function an call etharp_output()
 566:../../CM7/LWIP/Target/ethernetif.c ****    * from it if you have to do some checks before sending (e.g. if link
 567:../../CM7/LWIP/Target/ethernetif.c ****    * is available...) */
 568:../../CM7/LWIP/Target/ethernetif.c **** 
 569:../../CM7/LWIP/Target/ethernetif.c **** #if LWIP_IPV4
 570:../../CM7/LWIP/Target/ethernetif.c **** #if LWIP_ARP || LWIP_ETHERNET
 571:../../CM7/LWIP/Target/ethernetif.c **** #if LWIP_ARP
 572:../../CM7/LWIP/Target/ethernetif.c ****   netif->output = etharp_output;
 573:../../CM7/LWIP/Target/ethernetif.c **** #else
 574:../../CM7/LWIP/Target/ethernetif.c ****   /* The user should write its own code in low_level_output_arp_off function */
 575:../../CM7/LWIP/Target/ethernetif.c ****   netif->output = low_level_output_arp_off;
 576:../../CM7/LWIP/Target/ethernetif.c **** #endif /* LWIP_ARP */
 577:../../CM7/LWIP/Target/ethernetif.c **** #endif /* LWIP_ARP || LWIP_ETHERNET */
 578:../../CM7/LWIP/Target/ethernetif.c **** #endif /* LWIP_IPV4 */
 579:../../CM7/LWIP/Target/ethernetif.c **** 
 580:../../CM7/LWIP/Target/ethernetif.c **** #if LWIP_IPV6
 581:../../CM7/LWIP/Target/ethernetif.c ****   netif->output_ip6 = ethip6_output;
 582:../../CM7/LWIP/Target/ethernetif.c **** #endif /* LWIP_IPV6 */
 583:../../CM7/LWIP/Target/ethernetif.c **** 
 584:../../CM7/LWIP/Target/ethernetif.c ****   netif->linkoutput = low_level_output;
 585:../../CM7/LWIP/Target/ethernetif.c **** 
 586:../../CM7/LWIP/Target/ethernetif.c ****   /* initialize the hardware */
 587:../../CM7/LWIP/Target/ethernetif.c ****   low_level_init(netif);
 588:../../CM7/LWIP/Target/ethernetif.c **** 
 589:../../CM7/LWIP/Target/ethernetif.c ****   return ERR_OK;
 590:../../CM7/LWIP/Target/ethernetif.c **** }
 591:../../CM7/LWIP/Target/ethernetif.c **** 
 592:../../CM7/LWIP/Target/ethernetif.c **** /**
 593:../../CM7/LWIP/Target/ethernetif.c ****   * @brief  Custom Rx pbuf free callback
 594:../../CM7/LWIP/Target/ethernetif.c ****   * @param  pbuf: pbuf to be freed
 595:../../CM7/LWIP/Target/ethernetif.c ****   * @retval None
 596:../../CM7/LWIP/Target/ethernetif.c ****   */
 597:../../CM7/LWIP/Target/ethernetif.c **** void pbuf_free_custom(struct pbuf *p)
 598:../../CM7/LWIP/Target/ethernetif.c **** {
 599:../../CM7/LWIP/Target/ethernetif.c ****   struct pbuf_custom* custom_pbuf = (struct pbuf_custom*)p;
 600:../../CM7/LWIP/Target/ethernetif.c ****   LWIP_MEMPOOL_FREE(RX_POOL, custom_pbuf);
 601:../../CM7/LWIP/Target/ethernetif.c **** 
 602:../../CM7/LWIP/Target/ethernetif.c ****   /* If the Rx Buffer Pool was exhausted, signal the ethernetif_input task to
ARM GAS  /var/folders/2r/mdtt8xvd351gdc398t28_m2m0000gn/T//cc7M34vh.s 			page 12


 603:../../CM7/LWIP/Target/ethernetif.c ****    * call HAL_ETH_GetRxDataBuffer to rebuild the Rx descriptors. */
 604:../../CM7/LWIP/Target/ethernetif.c **** 
 605:../../CM7/LWIP/Target/ethernetif.c ****   if (RxAllocStatus == RX_ALLOC_ERROR)
 606:../../CM7/LWIP/Target/ethernetif.c ****   {
 607:../../CM7/LWIP/Target/ethernetif.c ****     RxAllocStatus = RX_ALLOC_OK;
 608:../../CM7/LWIP/Target/ethernetif.c ****     osSemaphoreRelease(RxPktSemaphore);
 609:../../CM7/LWIP/Target/ethernetif.c ****   }
 610:../../CM7/LWIP/Target/ethernetif.c **** }
 611:../../CM7/LWIP/Target/ethernetif.c **** 
 612:../../CM7/LWIP/Target/ethernetif.c **** /* USER CODE BEGIN 6 */
 613:../../CM7/LWIP/Target/ethernetif.c **** 
 614:../../CM7/LWIP/Target/ethernetif.c **** /**
 615:../../CM7/LWIP/Target/ethernetif.c **** * @brief  Returns the current time in milliseconds
 616:../../CM7/LWIP/Target/ethernetif.c **** *         when LWIP_TIMERS == 1 and NO_SYS == 1
 617:../../CM7/LWIP/Target/ethernetif.c **** * @param  None
 618:../../CM7/LWIP/Target/ethernetif.c **** * @retval Current Time value
 619:../../CM7/LWIP/Target/ethernetif.c **** */
 620:../../CM7/LWIP/Target/ethernetif.c **** u32_t sys_now(void)
 621:../../CM7/LWIP/Target/ethernetif.c **** {
 622:../../CM7/LWIP/Target/ethernetif.c ****   return HAL_GetTick();
 623:../../CM7/LWIP/Target/ethernetif.c **** }
 624:../../CM7/LWIP/Target/ethernetif.c **** 
 625:../../CM7/LWIP/Target/ethernetif.c **** /* USER CODE END 6 */
 626:../../CM7/LWIP/Target/ethernetif.c **** 
 627:../../CM7/LWIP/Target/ethernetif.c **** /**
 628:../../CM7/LWIP/Target/ethernetif.c ****   * @brief  Initializes the ETH MSP.
 629:../../CM7/LWIP/Target/ethernetif.c ****   * @param  ethHandle: ETH handle
 630:../../CM7/LWIP/Target/ethernetif.c ****   * @retval None
 631:../../CM7/LWIP/Target/ethernetif.c ****   */
 632:../../CM7/LWIP/Target/ethernetif.c **** 
 633:../../CM7/LWIP/Target/ethernetif.c **** void HAL_ETH_MspInit(ETH_HandleTypeDef* ethHandle)
 634:../../CM7/LWIP/Target/ethernetif.c **** {
 635:../../CM7/LWIP/Target/ethernetif.c ****   GPIO_InitTypeDef GPIO_InitStruct = {0};
 636:../../CM7/LWIP/Target/ethernetif.c ****   if(ethHandle->Instance==ETH)
 637:../../CM7/LWIP/Target/ethernetif.c ****   {
 638:../../CM7/LWIP/Target/ethernetif.c ****   /* USER CODE BEGIN ETH_MspInit 0 */
 639:../../CM7/LWIP/Target/ethernetif.c **** 
 640:../../CM7/LWIP/Target/ethernetif.c ****   /* USER CODE END ETH_MspInit 0 */
 641:../../CM7/LWIP/Target/ethernetif.c ****     /* Enable Peripheral clock */
 642:../../CM7/LWIP/Target/ethernetif.c ****     __HAL_RCC_ETH1MAC_CLK_ENABLE();
 643:../../CM7/LWIP/Target/ethernetif.c ****     __HAL_RCC_ETH1TX_CLK_ENABLE();
 644:../../CM7/LWIP/Target/ethernetif.c ****     __HAL_RCC_ETH1RX_CLK_ENABLE();
 645:../../CM7/LWIP/Target/ethernetif.c **** 
 646:../../CM7/LWIP/Target/ethernetif.c ****     __HAL_RCC_GPIOC_CLK_ENABLE();
 647:../../CM7/LWIP/Target/ethernetif.c ****     __HAL_RCC_GPIOA_CLK_ENABLE();
 648:../../CM7/LWIP/Target/ethernetif.c ****     __HAL_RCC_GPIOB_CLK_ENABLE();
 649:../../CM7/LWIP/Target/ethernetif.c ****     __HAL_RCC_GPIOG_CLK_ENABLE();
 650:../../CM7/LWIP/Target/ethernetif.c ****     /**ETH GPIO Configuration
 651:../../CM7/LWIP/Target/ethernetif.c ****     PC1     ------> ETH_MDC
 652:../../CM7/LWIP/Target/ethernetif.c ****     PA1     ------> ETH_REF_CLK
 653:../../CM7/LWIP/Target/ethernetif.c ****     PA2     ------> ETH_MDIO
 654:../../CM7/LWIP/Target/ethernetif.c ****     PA7     ------> ETH_CRS_DV
 655:../../CM7/LWIP/Target/ethernetif.c ****     PC4     ------> ETH_RXD0
 656:../../CM7/LWIP/Target/ethernetif.c ****     PC5     ------> ETH_RXD1
 657:../../CM7/LWIP/Target/ethernetif.c ****     PB13     ------> ETH_TXD1
 658:../../CM7/LWIP/Target/ethernetif.c ****     PG11     ------> ETH_TX_EN
 659:../../CM7/LWIP/Target/ethernetif.c ****     PG13     ------> ETH_TXD0
ARM GAS  /var/folders/2r/mdtt8xvd351gdc398t28_m2m0000gn/T//cc7M34vh.s 			page 13


 660:../../CM7/LWIP/Target/ethernetif.c ****     */
 661:../../CM7/LWIP/Target/ethernetif.c ****     GPIO_InitStruct.Pin = GPIO_PIN_1|GPIO_PIN_4|GPIO_PIN_5;
 662:../../CM7/LWIP/Target/ethernetif.c ****     GPIO_InitStruct.Mode = GPIO_MODE_AF_PP;
 663:../../CM7/LWIP/Target/ethernetif.c ****     GPIO_InitStruct.Pull = GPIO_NOPULL;
 664:../../CM7/LWIP/Target/ethernetif.c ****     GPIO_InitStruct.Speed = GPIO_SPEED_FREQ_LOW;
 665:../../CM7/LWIP/Target/ethernetif.c ****     GPIO_InitStruct.Alternate = GPIO_AF11_ETH;
 666:../../CM7/LWIP/Target/ethernetif.c ****     HAL_GPIO_Init(GPIOC, &GPIO_InitStruct);
 667:../../CM7/LWIP/Target/ethernetif.c **** 
 668:../../CM7/LWIP/Target/ethernetif.c ****     GPIO_InitStruct.Pin = GPIO_PIN_1|GPIO_PIN_2|GPIO_PIN_7;
 669:../../CM7/LWIP/Target/ethernetif.c ****     GPIO_InitStruct.Mode = GPIO_MODE_AF_PP;
 670:../../CM7/LWIP/Target/ethernetif.c ****     GPIO_InitStruct.Pull = GPIO_NOPULL;
 671:../../CM7/LWIP/Target/ethernetif.c ****     GPIO_InitStruct.Speed = GPIO_SPEED_FREQ_LOW;
 672:../../CM7/LWIP/Target/ethernetif.c ****     GPIO_InitStruct.Alternate = GPIO_AF11_ETH;
 673:../../CM7/LWIP/Target/ethernetif.c ****     HAL_GPIO_Init(GPIOA, &GPIO_InitStruct);
 674:../../CM7/LWIP/Target/ethernetif.c **** 
 675:../../CM7/LWIP/Target/ethernetif.c ****     GPIO_InitStruct.Pin = GPIO_PIN_13;
 676:../../CM7/LWIP/Target/ethernetif.c ****     GPIO_InitStruct.Mode = GPIO_MODE_AF_PP;
 677:../../CM7/LWIP/Target/ethernetif.c ****     GPIO_InitStruct.Pull = GPIO_NOPULL;
 678:../../CM7/LWIP/Target/ethernetif.c ****     GPIO_InitStruct.Speed = GPIO_SPEED_FREQ_LOW;
 679:../../CM7/LWIP/Target/ethernetif.c ****     GPIO_InitStruct.Alternate = GPIO_AF11_ETH;
 680:../../CM7/LWIP/Target/ethernetif.c ****     HAL_GPIO_Init(GPIOB, &GPIO_InitStruct);
 681:../../CM7/LWIP/Target/ethernetif.c **** 
 682:../../CM7/LWIP/Target/ethernetif.c ****     GPIO_InitStruct.Pin = GPIO_PIN_11|GPIO_PIN_13;
 683:../../CM7/LWIP/Target/ethernetif.c ****     GPIO_InitStruct.Mode = GPIO_MODE_AF_PP;
 684:../../CM7/LWIP/Target/ethernetif.c ****     GPIO_InitStruct.Pull = GPIO_NOPULL;
 685:../../CM7/LWIP/Target/ethernetif.c ****     GPIO_InitStruct.Speed = GPIO_SPEED_FREQ_LOW;
 686:../../CM7/LWIP/Target/ethernetif.c ****     GPIO_InitStruct.Alternate = GPIO_AF11_ETH;
 687:../../CM7/LWIP/Target/ethernetif.c ****     HAL_GPIO_Init(GPIOG, &GPIO_InitStruct);
 688:../../CM7/LWIP/Target/ethernetif.c **** 
 689:../../CM7/LWIP/Target/ethernetif.c ****     /* Peripheral interrupt init */
 690:../../CM7/LWIP/Target/ethernetif.c ****     HAL_NVIC_SetPriority(ETH_IRQn, 5, 0);
 691:../../CM7/LWIP/Target/ethernetif.c ****     HAL_NVIC_EnableIRQ(ETH_IRQn);
 692:../../CM7/LWIP/Target/ethernetif.c ****   /* USER CODE BEGIN ETH_MspInit 1 */
 693:../../CM7/LWIP/Target/ethernetif.c **** 
 694:../../CM7/LWIP/Target/ethernetif.c ****   /* USER CODE END ETH_MspInit 1 */
 695:../../CM7/LWIP/Target/ethernetif.c ****   }
 696:../../CM7/LWIP/Target/ethernetif.c **** }
 697:../../CM7/LWIP/Target/ethernetif.c **** 
 698:../../CM7/LWIP/Target/ethernetif.c **** void HAL_ETH_MspDeInit(ETH_HandleTypeDef* ethHandle)
 699:../../CM7/LWIP/Target/ethernetif.c **** {
 700:../../CM7/LWIP/Target/ethernetif.c ****   if(ethHandle->Instance==ETH)
 701:../../CM7/LWIP/Target/ethernetif.c ****   {
 702:../../CM7/LWIP/Target/ethernetif.c ****   /* USER CODE BEGIN ETH_MspDeInit 0 */
 703:../../CM7/LWIP/Target/ethernetif.c **** 
 704:../../CM7/LWIP/Target/ethernetif.c ****   /* USER CODE END ETH_MspDeInit 0 */
 705:../../CM7/LWIP/Target/ethernetif.c ****     /* Disable Peripheral clock */
 706:../../CM7/LWIP/Target/ethernetif.c ****     __HAL_RCC_ETH1MAC_CLK_DISABLE();
 707:../../CM7/LWIP/Target/ethernetif.c ****     __HAL_RCC_ETH1TX_CLK_DISABLE();
 708:../../CM7/LWIP/Target/ethernetif.c ****     __HAL_RCC_ETH1RX_CLK_DISABLE();
 709:../../CM7/LWIP/Target/ethernetif.c **** 
 710:../../CM7/LWIP/Target/ethernetif.c ****     /**ETH GPIO Configuration
 711:../../CM7/LWIP/Target/ethernetif.c ****     PC1     ------> ETH_MDC
 712:../../CM7/LWIP/Target/ethernetif.c ****     PA1     ------> ETH_REF_CLK
 713:../../CM7/LWIP/Target/ethernetif.c ****     PA2     ------> ETH_MDIO
 714:../../CM7/LWIP/Target/ethernetif.c ****     PA7     ------> ETH_CRS_DV
 715:../../CM7/LWIP/Target/ethernetif.c ****     PC4     ------> ETH_RXD0
 716:../../CM7/LWIP/Target/ethernetif.c ****     PC5     ------> ETH_RXD1
ARM GAS  /var/folders/2r/mdtt8xvd351gdc398t28_m2m0000gn/T//cc7M34vh.s 			page 14


 717:../../CM7/LWIP/Target/ethernetif.c ****     PB13     ------> ETH_TXD1
 718:../../CM7/LWIP/Target/ethernetif.c ****     PG11     ------> ETH_TX_EN
 719:../../CM7/LWIP/Target/ethernetif.c ****     PG13     ------> ETH_TXD0
 720:../../CM7/LWIP/Target/ethernetif.c ****     */
 721:../../CM7/LWIP/Target/ethernetif.c ****     HAL_GPIO_DeInit(GPIOC, GPIO_PIN_1|GPIO_PIN_4|GPIO_PIN_5);
 722:../../CM7/LWIP/Target/ethernetif.c **** 
 723:../../CM7/LWIP/Target/ethernetif.c ****     HAL_GPIO_DeInit(GPIOA, GPIO_PIN_1|GPIO_PIN_2|GPIO_PIN_7);
 724:../../CM7/LWIP/Target/ethernetif.c **** 
 725:../../CM7/LWIP/Target/ethernetif.c ****     HAL_GPIO_DeInit(GPIOB, GPIO_PIN_13);
 726:../../CM7/LWIP/Target/ethernetif.c **** 
 727:../../CM7/LWIP/Target/ethernetif.c ****     HAL_GPIO_DeInit(GPIOG, GPIO_PIN_11|GPIO_PIN_13);
 728:../../CM7/LWIP/Target/ethernetif.c **** 
 729:../../CM7/LWIP/Target/ethernetif.c ****     /* Peripheral interrupt Deinit*/
 730:../../CM7/LWIP/Target/ethernetif.c ****     HAL_NVIC_DisableIRQ(ETH_IRQn);
 731:../../CM7/LWIP/Target/ethernetif.c **** 
 732:../../CM7/LWIP/Target/ethernetif.c ****   /* USER CODE BEGIN ETH_MspDeInit 1 */
 733:../../CM7/LWIP/Target/ethernetif.c **** 
 734:../../CM7/LWIP/Target/ethernetif.c ****   /* USER CODE END ETH_MspDeInit 1 */
 735:../../CM7/LWIP/Target/ethernetif.c ****   }
 736:../../CM7/LWIP/Target/ethernetif.c **** }
 737:../../CM7/LWIP/Target/ethernetif.c **** 
 738:../../CM7/LWIP/Target/ethernetif.c **** /*******************************************************************************
 739:../../CM7/LWIP/Target/ethernetif.c ****                        PHI IO Functions
 740:../../CM7/LWIP/Target/ethernetif.c **** *******************************************************************************/
 741:../../CM7/LWIP/Target/ethernetif.c **** /**
 742:../../CM7/LWIP/Target/ethernetif.c ****   * @brief  Initializes the MDIO interface GPIO and clocks.
 743:../../CM7/LWIP/Target/ethernetif.c ****   * @param  None
 744:../../CM7/LWIP/Target/ethernetif.c ****   * @retval 0 if OK, -1 if ERROR
 745:../../CM7/LWIP/Target/ethernetif.c ****   */
 746:../../CM7/LWIP/Target/ethernetif.c **** int32_t ETH_PHY_IO_Init(void)
 747:../../CM7/LWIP/Target/ethernetif.c **** {
 748:../../CM7/LWIP/Target/ethernetif.c ****   /* We assume that MDIO GPIO configuration is already done
 749:../../CM7/LWIP/Target/ethernetif.c ****      in the ETH_MspInit() else it should be done here
 750:../../CM7/LWIP/Target/ethernetif.c ****   */
 751:../../CM7/LWIP/Target/ethernetif.c **** 
 752:../../CM7/LWIP/Target/ethernetif.c ****   /* Configure the MDIO Clock */
 753:../../CM7/LWIP/Target/ethernetif.c ****   HAL_ETH_SetMDIOClockRange(&heth);
 754:../../CM7/LWIP/Target/ethernetif.c **** 
 755:../../CM7/LWIP/Target/ethernetif.c ****   return 0;
 756:../../CM7/LWIP/Target/ethernetif.c **** }
 757:../../CM7/LWIP/Target/ethernetif.c **** 
 758:../../CM7/LWIP/Target/ethernetif.c **** /**
 759:../../CM7/LWIP/Target/ethernetif.c ****   * @brief  De-Initializes the MDIO interface .
 760:../../CM7/LWIP/Target/ethernetif.c ****   * @param  None
 761:../../CM7/LWIP/Target/ethernetif.c ****   * @retval 0 if OK, -1 if ERROR
 762:../../CM7/LWIP/Target/ethernetif.c ****   */
 763:../../CM7/LWIP/Target/ethernetif.c **** int32_t ETH_PHY_IO_DeInit (void)
 764:../../CM7/LWIP/Target/ethernetif.c **** {
  27              		.loc 1 764 1 view -0
  28              		.cfi_startproc
  29              		@ args = 0, pretend = 0, frame = 0
  30              		@ frame_needed = 0, uses_anonymous_args = 0
  31              		@ link register save eliminated.
 765:../../CM7/LWIP/Target/ethernetif.c ****   return 0;
  32              		.loc 1 765 3 view .LVU1
 766:../../CM7/LWIP/Target/ethernetif.c **** }
  33              		.loc 1 766 1 is_stmt 0 view .LVU2
ARM GAS  /var/folders/2r/mdtt8xvd351gdc398t28_m2m0000gn/T//cc7M34vh.s 			page 15


  34 0000 0020     		movs	r0, #0
  35 0002 7047     		bx	lr
  36              		.cfi_endproc
  37              	.LFE188:
  39              		.section	.text.low_level_input,"ax",%progbits
  40              		.align	1
  41              		.syntax unified
  42              		.thumb
  43              		.thumb_func
  45              	low_level_input:
  46              	.LVL0:
  47              	.LFB180:
 469:../../CM7/LWIP/Target/ethernetif.c ****   struct pbuf *p = NULL;
  48              		.loc 1 469 1 is_stmt 1 view -0
  49              		.cfi_startproc
  50              		@ args = 0, pretend = 0, frame = 8
  51              		@ frame_needed = 0, uses_anonymous_args = 0
 469:../../CM7/LWIP/Target/ethernetif.c ****   struct pbuf *p = NULL;
  52              		.loc 1 469 1 is_stmt 0 view .LVU4
  53 0000 00B5     		push	{lr}
  54              	.LCFI0:
  55              		.cfi_def_cfa_offset 4
  56              		.cfi_offset 14, -4
  57 0002 83B0     		sub	sp, sp, #12
  58              	.LCFI1:
  59              		.cfi_def_cfa_offset 16
 470:../../CM7/LWIP/Target/ethernetif.c **** 
  60              		.loc 1 470 3 is_stmt 1 view .LVU5
 470:../../CM7/LWIP/Target/ethernetif.c **** 
  61              		.loc 1 470 16 is_stmt 0 view .LVU6
  62 0004 0023     		movs	r3, #0
  63 0006 0193     		str	r3, [sp, #4]
 472:../../CM7/LWIP/Target/ethernetif.c ****   {
  64              		.loc 1 472 3 is_stmt 1 view .LVU7
 472:../../CM7/LWIP/Target/ethernetif.c ****   {
  65              		.loc 1 472 20 is_stmt 0 view .LVU8
  66 0008 054B     		ldr	r3, .L6
  67 000a 1B78     		ldrb	r3, [r3]	@ zero_extendqisi2
 472:../../CM7/LWIP/Target/ethernetif.c ****   {
  68              		.loc 1 472 5 view .LVU9
  69 000c 1BB1     		cbz	r3, .L5
  70              	.LVL1:
  71              	.L3:
 477:../../CM7/LWIP/Target/ethernetif.c **** }
  72              		.loc 1 477 3 is_stmt 1 view .LVU10
 478:../../CM7/LWIP/Target/ethernetif.c **** 
  73              		.loc 1 478 1 is_stmt 0 view .LVU11
  74 000e 0198     		ldr	r0, [sp, #4]
  75 0010 03B0     		add	sp, sp, #12
  76              	.LCFI2:
  77              		.cfi_remember_state
  78              		.cfi_def_cfa_offset 4
  79              		@ sp needed
  80 0012 5DF804FB 		ldr	pc, [sp], #4
  81              	.LVL2:
  82              	.L5:
  83              	.LCFI3:
ARM GAS  /var/folders/2r/mdtt8xvd351gdc398t28_m2m0000gn/T//cc7M34vh.s 			page 16


  84              		.cfi_restore_state
 474:../../CM7/LWIP/Target/ethernetif.c ****   }
  85              		.loc 1 474 5 is_stmt 1 view .LVU12
  86 0016 01A9     		add	r1, sp, #4
  87 0018 0248     		ldr	r0, .L6+4
  88              	.LVL3:
 474:../../CM7/LWIP/Target/ethernetif.c ****   }
  89              		.loc 1 474 5 is_stmt 0 view .LVU13
  90 001a FFF7FEFF 		bl	HAL_ETH_ReadData
  91              	.LVL4:
  92 001e F6E7     		b	.L3
  93              	.L7:
  94              		.align	2
  95              	.L6:
  96 0020 00000000 		.word	RxAllocStatus
  97 0024 00000000 		.word	heth
  98              		.cfi_endproc
  99              	.LFE180:
 101              		.section	.text.ethernetif_input,"ax",%progbits
 102              		.align	1
 103              		.global	ethernetif_input
 104              		.syntax unified
 105              		.thumb
 106              		.thumb_func
 108              	ethernetif_input:
 109              	.LVL5:
 110              	.LFB181:
 490:../../CM7/LWIP/Target/ethernetif.c ****   struct pbuf *p = NULL;
 111              		.loc 1 490 1 is_stmt 1 view -0
 112              		.cfi_startproc
 113              		@ args = 0, pretend = 0, frame = 0
 114              		@ frame_needed = 0, uses_anonymous_args = 0
 490:../../CM7/LWIP/Target/ethernetif.c ****   struct pbuf *p = NULL;
 115              		.loc 1 490 1 is_stmt 0 view .LVU15
 116 0000 38B5     		push	{r3, r4, r5, lr}
 117              	.LCFI4:
 118              		.cfi_def_cfa_offset 16
 119              		.cfi_offset 3, -16
 120              		.cfi_offset 4, -12
 121              		.cfi_offset 5, -8
 122              		.cfi_offset 14, -4
 123 0002 0546     		mov	r5, r0
 491:../../CM7/LWIP/Target/ethernetif.c ****   struct netif *netif = (struct netif *) argument;
 124              		.loc 1 491 3 is_stmt 1 view .LVU16
 125              	.LVL6:
 492:../../CM7/LWIP/Target/ethernetif.c **** 
 126              		.loc 1 492 3 view .LVU17
 127              	.L9:
 494:../../CM7/LWIP/Target/ethernetif.c ****   {
 128              		.loc 1 494 3 view .LVU18
 496:../../CM7/LWIP/Target/ethernetif.c ****     {
 129              		.loc 1 496 5 view .LVU19
 496:../../CM7/LWIP/Target/ethernetif.c ****     {
 130              		.loc 1 496 9 is_stmt 0 view .LVU20
 131 0004 4FF0FF31 		mov	r1, #-1
 132 0008 0B4B     		ldr	r3, .L14
 133 000a 1868     		ldr	r0, [r3]
ARM GAS  /var/folders/2r/mdtt8xvd351gdc398t28_m2m0000gn/T//cc7M34vh.s 			page 17


 134 000c FFF7FEFF 		bl	osSemaphoreAcquire
 135              	.LVL7:
 496:../../CM7/LWIP/Target/ethernetif.c ****     {
 136              		.loc 1 496 8 discriminator 1 view .LVU21
 137 0010 0028     		cmp	r0, #0
 138 0012 F7D1     		bne	.L9
 139 0014 01E0     		b	.L11
 140              	.LVL8:
 141              	.L10:
 508:../../CM7/LWIP/Target/ethernetif.c ****     }
 142              		.loc 1 508 16 is_stmt 1 view .LVU22
 143 0016 002C     		cmp	r4, #0
 144 0018 F4D0     		beq	.L9
 145              	.LVL9:
 146              	.L11:
 498:../../CM7/LWIP/Target/ethernetif.c ****       {
 147              		.loc 1 498 7 view .LVU23
 500:../../CM7/LWIP/Target/ethernetif.c ****         if (p != NULL)
 148              		.loc 1 500 9 view .LVU24
 500:../../CM7/LWIP/Target/ethernetif.c ****         if (p != NULL)
 149              		.loc 1 500 13 is_stmt 0 view .LVU25
 150 001a 2846     		mov	r0, r5
 151 001c FFF7FEFF 		bl	low_level_input
 152              	.LVL10:
 501:../../CM7/LWIP/Target/ethernetif.c ****         {
 153              		.loc 1 501 9 is_stmt 1 view .LVU26
 501:../../CM7/LWIP/Target/ethernetif.c ****         {
 154              		.loc 1 501 12 is_stmt 0 view .LVU27
 155 0020 0446     		mov	r4, r0
 156 0022 0028     		cmp	r0, #0
 157 0024 F7D0     		beq	.L10
 503:../../CM7/LWIP/Target/ethernetif.c ****           {
 158              		.loc 1 503 11 is_stmt 1 view .LVU28
 503:../../CM7/LWIP/Target/ethernetif.c ****           {
 159              		.loc 1 503 20 is_stmt 0 view .LVU29
 160 0026 2B69     		ldr	r3, [r5, #16]
 503:../../CM7/LWIP/Target/ethernetif.c ****           {
 161              		.loc 1 503 15 view .LVU30
 162 0028 2946     		mov	r1, r5
 163 002a 9847     		blx	r3
 164              	.LVL11:
 503:../../CM7/LWIP/Target/ethernetif.c ****           {
 165              		.loc 1 503 14 discriminator 1 view .LVU31
 166 002c 0028     		cmp	r0, #0
 167 002e F2D0     		beq	.L10
 505:../../CM7/LWIP/Target/ethernetif.c ****           }
 168              		.loc 1 505 13 is_stmt 1 view .LVU32
 169 0030 2046     		mov	r0, r4
 170 0032 FFF7FEFF 		bl	pbuf_free
 171              	.LVL12:
 172 0036 EEE7     		b	.L10
 173              	.L15:
 174              		.align	2
 175              	.L14:
 176 0038 00000000 		.word	RxPktSemaphore
 177              		.cfi_endproc
 178              	.LFE181:
ARM GAS  /var/folders/2r/mdtt8xvd351gdc398t28_m2m0000gn/T//cc7M34vh.s 			page 18


 180              		.section	.rodata.low_level_init.str1.4,"aMS",%progbits,1
 181              		.align	2
 182              	.LC0:
 183 0000 45746849 		.ascii	"EthIf\000"
 183      6600
 184              		.section	.text.low_level_init,"ax",%progbits
 185              		.align	1
 186              		.syntax unified
 187              		.thumb
 188              		.thumb_func
 190              	low_level_init:
 191              	.LVL13:
 192              	.LFB178:
 226:../../CM7/LWIP/Target/ethernetif.c ****   HAL_StatusTypeDef hal_eth_init_status = HAL_OK;
 193              		.loc 1 226 1 view -0
 194              		.cfi_startproc
 195              		@ args = 0, pretend = 0, frame = 144
 196              		@ frame_needed = 0, uses_anonymous_args = 0
 226:../../CM7/LWIP/Target/ethernetif.c ****   HAL_StatusTypeDef hal_eth_init_status = HAL_OK;
 197              		.loc 1 226 1 is_stmt 0 view .LVU34
 198 0000 2DE9F043 		push	{r4, r5, r6, r7, r8, r9, lr}
 199              	.LCFI5:
 200              		.cfi_def_cfa_offset 28
 201              		.cfi_offset 4, -28
 202              		.cfi_offset 5, -24
 203              		.cfi_offset 6, -20
 204              		.cfi_offset 7, -16
 205              		.cfi_offset 8, -12
 206              		.cfi_offset 9, -8
 207              		.cfi_offset 14, -4
 208 0004 A5B0     		sub	sp, sp, #148
 209              	.LCFI6:
 210              		.cfi_def_cfa_offset 176
 211 0006 0446     		mov	r4, r0
 227:../../CM7/LWIP/Target/ethernetif.c **** /* USER CODE BEGIN OS_THREAD_ATTR_CMSIS_RTOS_V2 */
 212              		.loc 1 227 3 is_stmt 1 view .LVU35
 213              	.LVL14:
 229:../../CM7/LWIP/Target/ethernetif.c **** /* USER CODE END OS_THREAD_ATTR_CMSIS_RTOS_V2 */
 214              		.loc 1 229 3 view .LVU36
 231:../../CM7/LWIP/Target/ethernetif.c ****   int32_t PHYLinkState = 0;
 215              		.loc 1 231 3 view .LVU37
 232:../../CM7/LWIP/Target/ethernetif.c ****   ETH_MACConfigTypeDef MACConf = {0};
 216              		.loc 1 232 3 view .LVU38
 233:../../CM7/LWIP/Target/ethernetif.c ****   /* Start ETH HAL Init */
 217              		.loc 1 233 3 view .LVU39
 233:../../CM7/LWIP/Target/ethernetif.c ****   /* Start ETH HAL Init */
 218              		.loc 1 233 24 is_stmt 0 view .LVU40
 219 0008 6422     		movs	r2, #100
 220 000a 0021     		movs	r1, #0
 221 000c 02A8     		add	r0, sp, #8
 222              	.LVL15:
 233:../../CM7/LWIP/Target/ethernetif.c ****   /* Start ETH HAL Init */
 223              		.loc 1 233 24 view .LVU41
 224 000e FFF7FEFF 		bl	memset
 225              	.LVL16:
 236:../../CM7/LWIP/Target/ethernetif.c ****   heth.Instance = ETH;
 226              		.loc 1 236 4 is_stmt 1 view .LVU42
ARM GAS  /var/folders/2r/mdtt8xvd351gdc398t28_m2m0000gn/T//cc7M34vh.s 			page 19


 237:../../CM7/LWIP/Target/ethernetif.c ****   MACAddr[0] = 0x00;
 227              		.loc 1 237 3 view .LVU43
 237:../../CM7/LWIP/Target/ethernetif.c ****   MACAddr[0] = 0x00;
 228              		.loc 1 237 17 is_stmt 0 view .LVU44
 229 0012 614E     		ldr	r6, .L29
 230 0014 614B     		ldr	r3, .L29+4
 231 0016 3360     		str	r3, [r6]
 238:../../CM7/LWIP/Target/ethernetif.c ****   MACAddr[1] = 0x80;
 232              		.loc 1 238 3 is_stmt 1 view .LVU45
 238:../../CM7/LWIP/Target/ethernetif.c ****   MACAddr[1] = 0x80;
 233              		.loc 1 238 14 is_stmt 0 view .LVU46
 234 0018 0025     		movs	r5, #0
 235 001a 8DF80050 		strb	r5, [sp]
 239:../../CM7/LWIP/Target/ethernetif.c ****   MACAddr[2] = 0xE1;
 236              		.loc 1 239 3 is_stmt 1 view .LVU47
 239:../../CM7/LWIP/Target/ethernetif.c ****   MACAddr[2] = 0xE1;
 237              		.loc 1 239 14 is_stmt 0 view .LVU48
 238 001e 8023     		movs	r3, #128
 239 0020 8DF80130 		strb	r3, [sp, #1]
 240:../../CM7/LWIP/Target/ethernetif.c ****   MACAddr[3] = 0x00;
 240              		.loc 1 240 3 is_stmt 1 view .LVU49
 240:../../CM7/LWIP/Target/ethernetif.c ****   MACAddr[3] = 0x00;
 241              		.loc 1 240 14 is_stmt 0 view .LVU50
 242 0024 E123     		movs	r3, #225
 243 0026 8DF80230 		strb	r3, [sp, #2]
 241:../../CM7/LWIP/Target/ethernetif.c ****   MACAddr[4] = 0x00;
 244              		.loc 1 241 3 is_stmt 1 view .LVU51
 241:../../CM7/LWIP/Target/ethernetif.c ****   MACAddr[4] = 0x00;
 245              		.loc 1 241 14 is_stmt 0 view .LVU52
 246 002a 8DF80350 		strb	r5, [sp, #3]
 242:../../CM7/LWIP/Target/ethernetif.c ****   MACAddr[5] = 0x00;
 247              		.loc 1 242 3 is_stmt 1 view .LVU53
 242:../../CM7/LWIP/Target/ethernetif.c ****   MACAddr[5] = 0x00;
 248              		.loc 1 242 14 is_stmt 0 view .LVU54
 249 002e 8DF80450 		strb	r5, [sp, #4]
 243:../../CM7/LWIP/Target/ethernetif.c ****   heth.Init.MACAddr = &MACAddr[0];
 250              		.loc 1 243 3 is_stmt 1 view .LVU55
 243:../../CM7/LWIP/Target/ethernetif.c ****   heth.Init.MACAddr = &MACAddr[0];
 251              		.loc 1 243 14 is_stmt 0 view .LVU56
 252 0032 8DF80550 		strb	r5, [sp, #5]
 244:../../CM7/LWIP/Target/ethernetif.c ****   heth.Init.MediaInterface = HAL_ETH_RMII_MODE;
 253              		.loc 1 244 3 is_stmt 1 view .LVU57
 244:../../CM7/LWIP/Target/ethernetif.c ****   heth.Init.MediaInterface = HAL_ETH_RMII_MODE;
 254              		.loc 1 244 21 is_stmt 0 view .LVU58
 255 0036 C6F804D0 		str	sp, [r6, #4]
 245:../../CM7/LWIP/Target/ethernetif.c ****   heth.Init.TxDesc = DMATxDscrTab;
 256              		.loc 1 245 3 is_stmt 1 view .LVU59
 245:../../CM7/LWIP/Target/ethernetif.c ****   heth.Init.TxDesc = DMATxDscrTab;
 257              		.loc 1 245 28 is_stmt 0 view .LVU60
 258 003a 0127     		movs	r7, #1
 259 003c 3772     		strb	r7, [r6, #8]
 246:../../CM7/LWIP/Target/ethernetif.c ****   heth.Init.RxDesc = DMARxDscrTab;
 260              		.loc 1 246 3 is_stmt 1 view .LVU61
 246:../../CM7/LWIP/Target/ethernetif.c ****   heth.Init.RxDesc = DMARxDscrTab;
 261              		.loc 1 246 20 is_stmt 0 view .LVU62
 262 003e 584B     		ldr	r3, .L29+8
 263 0040 F360     		str	r3, [r6, #12]
ARM GAS  /var/folders/2r/mdtt8xvd351gdc398t28_m2m0000gn/T//cc7M34vh.s 			page 20


 247:../../CM7/LWIP/Target/ethernetif.c ****   heth.Init.RxBuffLen = 1536;
 264              		.loc 1 247 3 is_stmt 1 view .LVU63
 247:../../CM7/LWIP/Target/ethernetif.c ****   heth.Init.RxBuffLen = 1536;
 265              		.loc 1 247 20 is_stmt 0 view .LVU64
 266 0042 584B     		ldr	r3, .L29+12
 267 0044 3361     		str	r3, [r6, #16]
 248:../../CM7/LWIP/Target/ethernetif.c **** 
 268              		.loc 1 248 3 is_stmt 1 view .LVU65
 248:../../CM7/LWIP/Target/ethernetif.c **** 
 269              		.loc 1 248 23 is_stmt 0 view .LVU66
 270 0046 4FF4C063 		mov	r3, #1536
 271 004a 7361     		str	r3, [r6, #20]
 254:../../CM7/LWIP/Target/ethernetif.c **** 
 272              		.loc 1 254 3 is_stmt 1 view .LVU67
 254:../../CM7/LWIP/Target/ethernetif.c **** 
 273              		.loc 1 254 25 is_stmt 0 view .LVU68
 274 004c 3046     		mov	r0, r6
 275 004e FFF7FEFF 		bl	HAL_ETH_Init
 276              	.LVL17:
 277 0052 8046     		mov	r8, r0
 278              	.LVL18:
 256:../../CM7/LWIP/Target/ethernetif.c ****   TxConfig.Attributes = ETH_TX_PACKETS_FEATURES_CSUM | ETH_TX_PACKETS_FEATURES_CRCPAD;
 279              		.loc 1 256 3 is_stmt 1 view .LVU69
 280 0054 DFF86C91 		ldr	r9, .L29+44
 281 0058 3822     		movs	r2, #56
 282 005a 2946     		mov	r1, r5
 283 005c 4846     		mov	r0, r9
 284 005e FFF7FEFF 		bl	memset
 285              	.LVL19:
 257:../../CM7/LWIP/Target/ethernetif.c ****   TxConfig.ChecksumCtrl = ETH_CHECKSUM_IPHDR_PAYLOAD_INSERT_PHDR_CALC;
 286              		.loc 1 257 3 view .LVU70
 257:../../CM7/LWIP/Target/ethernetif.c ****   TxConfig.ChecksumCtrl = ETH_CHECKSUM_IPHDR_PAYLOAD_INSERT_PHDR_CALC;
 287              		.loc 1 257 23 is_stmt 0 view .LVU71
 288 0062 2123     		movs	r3, #33
 289 0064 C9F80030 		str	r3, [r9]
 258:../../CM7/LWIP/Target/ethernetif.c ****   TxConfig.CRCPadCtrl = ETH_CRC_PAD_INSERT;
 290              		.loc 1 258 3 is_stmt 1 view .LVU72
 258:../../CM7/LWIP/Target/ethernetif.c ****   TxConfig.CRCPadCtrl = ETH_CRC_PAD_INSERT;
 291              		.loc 1 258 25 is_stmt 0 view .LVU73
 292 0068 4FF44033 		mov	r3, #196608
 293 006c C9F81430 		str	r3, [r9, #20]
 259:../../CM7/LWIP/Target/ethernetif.c **** 
 294              		.loc 1 259 3 is_stmt 1 view .LVU74
 264:../../CM7/LWIP/Target/ethernetif.c **** 
 295              		.loc 1 264 3 view .LVU75
 296 0070 4D48     		ldr	r0, .L29+16
 297 0072 FFF7FEFF 		bl	memp_init_pool
 298              	.LVL20:
 268:../../CM7/LWIP/Target/ethernetif.c **** 
 299              		.loc 1 268 3 view .LVU76
 268:../../CM7/LWIP/Target/ethernetif.c **** 
 300              		.loc 1 268 21 is_stmt 0 view .LVU77
 301 0076 0623     		movs	r3, #6
 302 0078 84F82C30 		strb	r3, [r4, #44]
 271:../../CM7/LWIP/Target/ethernetif.c ****   netif->hwaddr[1] =  heth.Init.MACAddr[1];
 303              		.loc 1 271 3 is_stmt 1 view .LVU78
 271:../../CM7/LWIP/Target/ethernetif.c ****   netif->hwaddr[1] =  heth.Init.MACAddr[1];
ARM GAS  /var/folders/2r/mdtt8xvd351gdc398t28_m2m0000gn/T//cc7M34vh.s 			page 21


 304              		.loc 1 271 32 is_stmt 0 view .LVU79
 305 007c 7368     		ldr	r3, [r6, #4]
 271:../../CM7/LWIP/Target/ethernetif.c ****   netif->hwaddr[1] =  heth.Init.MACAddr[1];
 306              		.loc 1 271 40 view .LVU80
 307 007e 1A78     		ldrb	r2, [r3]	@ zero_extendqisi2
 271:../../CM7/LWIP/Target/ethernetif.c ****   netif->hwaddr[1] =  heth.Init.MACAddr[1];
 308              		.loc 1 271 20 view .LVU81
 309 0080 84F82620 		strb	r2, [r4, #38]
 272:../../CM7/LWIP/Target/ethernetif.c ****   netif->hwaddr[2] =  heth.Init.MACAddr[2];
 310              		.loc 1 272 3 is_stmt 1 view .LVU82
 272:../../CM7/LWIP/Target/ethernetif.c ****   netif->hwaddr[2] =  heth.Init.MACAddr[2];
 311              		.loc 1 272 20 is_stmt 0 view .LVU83
 312 0084 5A78     		ldrb	r2, [r3, #1]	@ zero_extendqisi2
 313 0086 84F82720 		strb	r2, [r4, #39]
 273:../../CM7/LWIP/Target/ethernetif.c ****   netif->hwaddr[3] =  heth.Init.MACAddr[3];
 314              		.loc 1 273 3 is_stmt 1 view .LVU84
 273:../../CM7/LWIP/Target/ethernetif.c ****   netif->hwaddr[3] =  heth.Init.MACAddr[3];
 315              		.loc 1 273 20 is_stmt 0 view .LVU85
 316 008a 9A78     		ldrb	r2, [r3, #2]	@ zero_extendqisi2
 317 008c 84F82820 		strb	r2, [r4, #40]
 274:../../CM7/LWIP/Target/ethernetif.c ****   netif->hwaddr[4] =  heth.Init.MACAddr[4];
 318              		.loc 1 274 3 is_stmt 1 view .LVU86
 274:../../CM7/LWIP/Target/ethernetif.c ****   netif->hwaddr[4] =  heth.Init.MACAddr[4];
 319              		.loc 1 274 20 is_stmt 0 view .LVU87
 320 0090 DA78     		ldrb	r2, [r3, #3]	@ zero_extendqisi2
 321 0092 84F82920 		strb	r2, [r4, #41]
 275:../../CM7/LWIP/Target/ethernetif.c ****   netif->hwaddr[5] =  heth.Init.MACAddr[5];
 322              		.loc 1 275 3 is_stmt 1 view .LVU88
 275:../../CM7/LWIP/Target/ethernetif.c ****   netif->hwaddr[5] =  heth.Init.MACAddr[5];
 323              		.loc 1 275 20 is_stmt 0 view .LVU89
 324 0096 1A79     		ldrb	r2, [r3, #4]	@ zero_extendqisi2
 325 0098 84F82A20 		strb	r2, [r4, #42]
 276:../../CM7/LWIP/Target/ethernetif.c **** 
 326              		.loc 1 276 3 is_stmt 1 view .LVU90
 276:../../CM7/LWIP/Target/ethernetif.c **** 
 327              		.loc 1 276 20 is_stmt 0 view .LVU91
 328 009c 5B79     		ldrb	r3, [r3, #5]	@ zero_extendqisi2
 329 009e 84F82B30 		strb	r3, [r4, #43]
 279:../../CM7/LWIP/Target/ethernetif.c **** 
 330              		.loc 1 279 3 is_stmt 1 view .LVU92
 279:../../CM7/LWIP/Target/ethernetif.c **** 
 331              		.loc 1 279 14 is_stmt 0 view .LVU93
 332 00a2 40F2DC53 		movw	r3, #1500
 333 00a6 A384     		strh	r3, [r4, #36]	@ movhi
 284:../../CM7/LWIP/Target/ethernetif.c ****   #else
 334              		.loc 1 284 5 is_stmt 1 view .LVU94
 284:../../CM7/LWIP/Target/ethernetif.c ****   #else
 335              		.loc 1 284 10 is_stmt 0 view .LVU95
 336 00a8 94F82D30 		ldrb	r3, [r4, #45]	@ zero_extendqisi2
 284:../../CM7/LWIP/Target/ethernetif.c ****   #else
 337              		.loc 1 284 18 view .LVU96
 338 00ac 43F00A03 		orr	r3, r3, #10
 339 00b0 84F82D30 		strb	r3, [r4, #45]
 290:../../CM7/LWIP/Target/ethernetif.c **** 
 340              		.loc 1 290 3 is_stmt 1 view .LVU97
 290:../../CM7/LWIP/Target/ethernetif.c **** 
 341              		.loc 1 290 20 is_stmt 0 view .LVU98
ARM GAS  /var/folders/2r/mdtt8xvd351gdc398t28_m2m0000gn/T//cc7M34vh.s 			page 22


 342 00b4 2A46     		mov	r2, r5
 343 00b6 2946     		mov	r1, r5
 344 00b8 3846     		mov	r0, r7
 345 00ba FFF7FEFF 		bl	osSemaphoreNew
 346              	.LVL21:
 290:../../CM7/LWIP/Target/ethernetif.c **** 
 347              		.loc 1 290 18 discriminator 1 view .LVU99
 348 00be 3B4B     		ldr	r3, .L29+20
 349 00c0 1860     		str	r0, [r3]
 293:../../CM7/LWIP/Target/ethernetif.c **** 
 350              		.loc 1 293 3 is_stmt 1 view .LVU100
 293:../../CM7/LWIP/Target/ethernetif.c **** 
 351              		.loc 1 293 20 is_stmt 0 view .LVU101
 352 00c2 2A46     		mov	r2, r5
 353 00c4 2946     		mov	r1, r5
 354 00c6 3846     		mov	r0, r7
 355 00c8 FFF7FEFF 		bl	osSemaphoreNew
 356              	.LVL22:
 293:../../CM7/LWIP/Target/ethernetif.c **** 
 357              		.loc 1 293 18 discriminator 1 view .LVU102
 358 00cc 384B     		ldr	r3, .L29+24
 359 00ce 1860     		str	r0, [r3]
 297:../../CM7/LWIP/Target/ethernetif.c ****   attributes.name = "EthIf";
 360              		.loc 1 297 3 is_stmt 1 view .LVU103
 361 00d0 1BAE     		add	r6, sp, #108
 362 00d2 2422     		movs	r2, #36
 363 00d4 2946     		mov	r1, r5
 364 00d6 3046     		mov	r0, r6
 365 00d8 FFF7FEFF 		bl	memset
 366              	.LVL23:
 298:../../CM7/LWIP/Target/ethernetif.c ****   attributes.stack_size = INTERFACE_THREAD_STACK_SIZE;
 367              		.loc 1 298 3 view .LVU104
 298:../../CM7/LWIP/Target/ethernetif.c ****   attributes.stack_size = INTERFACE_THREAD_STACK_SIZE;
 368              		.loc 1 298 19 is_stmt 0 view .LVU105
 369 00dc 354B     		ldr	r3, .L29+28
 370 00de 1B93     		str	r3, [sp, #108]
 299:../../CM7/LWIP/Target/ethernetif.c ****   attributes.priority = osPriorityRealtime;
 371              		.loc 1 299 3 is_stmt 1 view .LVU106
 299:../../CM7/LWIP/Target/ethernetif.c ****   attributes.priority = osPriorityRealtime;
 372              		.loc 1 299 25 is_stmt 0 view .LVU107
 373 00e0 4FF4AF73 		mov	r3, #350
 374 00e4 2093     		str	r3, [sp, #128]
 300:../../CM7/LWIP/Target/ethernetif.c ****   osThreadNew(ethernetif_input, netif, &attributes);
 375              		.loc 1 300 3 is_stmt 1 view .LVU108
 300:../../CM7/LWIP/Target/ethernetif.c ****   osThreadNew(ethernetif_input, netif, &attributes);
 376              		.loc 1 300 23 is_stmt 0 view .LVU109
 377 00e6 3023     		movs	r3, #48
 378 00e8 2193     		str	r3, [sp, #132]
 301:../../CM7/LWIP/Target/ethernetif.c **** /* USER CODE END OS_THREAD_NEW_CMSIS_RTOS_V2 */
 379              		.loc 1 301 3 is_stmt 1 view .LVU110
 380 00ea 3246     		mov	r2, r6
 381 00ec 2146     		mov	r1, r4
 382 00ee 3248     		ldr	r0, .L29+32
 383 00f0 FFF7FEFF 		bl	osThreadNew
 384              	.LVL24:
 308:../../CM7/LWIP/Target/ethernetif.c **** 
 385              		.loc 1 308 3 view .LVU111
ARM GAS  /var/folders/2r/mdtt8xvd351gdc398t28_m2m0000gn/T//cc7M34vh.s 			page 23


 386 00f4 314D     		ldr	r5, .L29+36
 387 00f6 3249     		ldr	r1, .L29+40
 388 00f8 2846     		mov	r0, r5
 389 00fa FFF7FEFF 		bl	LAN8742_RegisterBusIO
 390              	.LVL25:
 311:../../CM7/LWIP/Target/ethernetif.c ****   {
 391              		.loc 1 311 3 view .LVU112
 311:../../CM7/LWIP/Target/ethernetif.c ****   {
 392              		.loc 1 311 6 is_stmt 0 view .LVU113
 393 00fe 2846     		mov	r0, r5
 394 0100 FFF7FEFF 		bl	LAN8742_Init
 395              	.LVL26:
 311:../../CM7/LWIP/Target/ethernetif.c ****   {
 396              		.loc 1 311 5 discriminator 1 view .LVU114
 397 0104 40BB     		cbnz	r0, .L27
 318:../../CM7/LWIP/Target/ethernetif.c ****   {
 398              		.loc 1 318 3 is_stmt 1 view .LVU115
 318:../../CM7/LWIP/Target/ethernetif.c ****   {
 399              		.loc 1 318 6 is_stmt 0 view .LVU116
 400 0106 B8F1000F 		cmp	r8, #0
 401 010a 3FD1     		bne	.L19
 320:../../CM7/LWIP/Target/ethernetif.c **** 
 402              		.loc 1 320 5 is_stmt 1 view .LVU117
 320:../../CM7/LWIP/Target/ethernetif.c **** 
 403              		.loc 1 320 20 is_stmt 0 view .LVU118
 404 010c 2B48     		ldr	r0, .L29+36
 405 010e FFF7FEFF 		bl	LAN8742_GetLinkState
 406              	.LVL27:
 323:../../CM7/LWIP/Target/ethernetif.c ****     {
 407              		.loc 1 323 5 is_stmt 1 view .LVU119
 323:../../CM7/LWIP/Target/ethernetif.c ****     {
 408              		.loc 1 323 7 is_stmt 0 view .LVU120
 409 0112 0128     		cmp	r0, #1
 410 0114 27DD     		ble	.L28
 330:../../CM7/LWIP/Target/ethernetif.c ****       {
 411              		.loc 1 330 7 is_stmt 1 view .LVU121
 412 0116 0428     		cmp	r0, #4
 413 0118 2CD0     		beq	.L23
 414 011a 0528     		cmp	r0, #5
 415 011c 2ED0     		beq	.L24
 416 011e 0328     		cmp	r0, #3
 417 0120 2FD1     		bne	.L25
 338:../../CM7/LWIP/Target/ethernetif.c ****         break;
 418              		.loc 1 338 15 is_stmt 0 view .LVU122
 419 0122 4FF48047 		mov	r7, #16384
 337:../../CM7/LWIP/Target/ethernetif.c ****         speed = ETH_SPEED_100M;
 420              		.loc 1 337 16 view .LVU123
 421 0126 4FF00008 		mov	r8, #0
 422              	.LVL28:
 423              	.L22:
 355:../../CM7/LWIP/Target/ethernetif.c ****     MACConf.DuplexMode = duplex;
 424              		.loc 1 355 5 is_stmt 1 view .LVU124
 425 012a 02AE     		add	r6, sp, #8
 426 012c 1A4D     		ldr	r5, .L29
 427 012e 3146     		mov	r1, r6
 428 0130 2846     		mov	r0, r5
 429              	.LVL29:
ARM GAS  /var/folders/2r/mdtt8xvd351gdc398t28_m2m0000gn/T//cc7M34vh.s 			page 24


 355:../../CM7/LWIP/Target/ethernetif.c ****     MACConf.DuplexMode = duplex;
 430              		.loc 1 355 5 is_stmt 0 view .LVU125
 431 0132 FFF7FEFF 		bl	HAL_ETH_GetMACConfig
 432              	.LVL30:
 356:../../CM7/LWIP/Target/ethernetif.c ****     MACConf.Speed = speed;
 433              		.loc 1 356 5 is_stmt 1 view .LVU126
 356:../../CM7/LWIP/Target/ethernetif.c ****     MACConf.Speed = speed;
 434              		.loc 1 356 24 is_stmt 0 view .LVU127
 435 0136 CDF82080 		str	r8, [sp, #32]
 357:../../CM7/LWIP/Target/ethernetif.c ****     HAL_ETH_SetMACConfig(&heth, &MACConf);
 436              		.loc 1 357 5 is_stmt 1 view .LVU128
 357:../../CM7/LWIP/Target/ethernetif.c ****     HAL_ETH_SetMACConfig(&heth, &MACConf);
 437              		.loc 1 357 19 is_stmt 0 view .LVU129
 438 013a 0797     		str	r7, [sp, #28]
 358:../../CM7/LWIP/Target/ethernetif.c **** 
 439              		.loc 1 358 5 is_stmt 1 view .LVU130
 440 013c 3146     		mov	r1, r6
 441 013e 2846     		mov	r0, r5
 442 0140 FFF7FEFF 		bl	HAL_ETH_SetMACConfig
 443              	.LVL31:
 360:../../CM7/LWIP/Target/ethernetif.c ****     netif_set_up(netif);
 444              		.loc 1 360 5 view .LVU131
 445 0144 2846     		mov	r0, r5
 446 0146 FFF7FEFF 		bl	HAL_ETH_Start_IT
 447              	.LVL32:
 361:../../CM7/LWIP/Target/ethernetif.c ****     netif_set_link_up(netif);
 448              		.loc 1 361 5 view .LVU132
 449 014a 2046     		mov	r0, r4
 450 014c FFF7FEFF 		bl	netif_set_up
 451              	.LVL33:
 362:../../CM7/LWIP/Target/ethernetif.c **** /* USER CODE BEGIN PHY_POST_CONFIG */
 452              		.loc 1 362 5 view .LVU133
 453 0150 2046     		mov	r0, r4
 454 0152 FFF7FEFF 		bl	netif_set_link_up
 455              	.LVL34:
 456 0156 1BE0     		b	.L16
 457              	.LVL35:
 458              	.L27:
 313:../../CM7/LWIP/Target/ethernetif.c ****     netif_set_down(netif);
 459              		.loc 1 313 5 view .LVU134
 460 0158 2046     		mov	r0, r4
 461 015a FFF7FEFF 		bl	netif_set_link_down
 462              	.LVL36:
 314:../../CM7/LWIP/Target/ethernetif.c ****     return;
 463              		.loc 1 314 5 view .LVU135
 464 015e 2046     		mov	r0, r4
 465 0160 FFF7FEFF 		bl	netif_set_down
 466              	.LVL37:
 315:../../CM7/LWIP/Target/ethernetif.c ****   }
 467              		.loc 1 315 5 view .LVU136
 468 0164 14E0     		b	.L16
 469              	.LVL38:
 470              	.L28:
 325:../../CM7/LWIP/Target/ethernetif.c ****       netif_set_down(netif);
 471              		.loc 1 325 7 view .LVU137
 472 0166 2046     		mov	r0, r4
 473              	.LVL39:
ARM GAS  /var/folders/2r/mdtt8xvd351gdc398t28_m2m0000gn/T//cc7M34vh.s 			page 25


 325:../../CM7/LWIP/Target/ethernetif.c ****       netif_set_down(netif);
 474              		.loc 1 325 7 is_stmt 0 view .LVU138
 475 0168 FFF7FEFF 		bl	netif_set_link_down
 476              	.LVL40:
 326:../../CM7/LWIP/Target/ethernetif.c ****     }
 477              		.loc 1 326 7 is_stmt 1 view .LVU139
 478 016c 2046     		mov	r0, r4
 479 016e FFF7FEFF 		bl	netif_set_down
 480              	.LVL41:
 481 0172 0DE0     		b	.L16
 482              	.LVL42:
 483              	.L23:
 342:../../CM7/LWIP/Target/ethernetif.c ****         break;
 484              		.loc 1 342 15 is_stmt 0 view .LVU140
 485 0174 0027     		movs	r7, #0
 341:../../CM7/LWIP/Target/ethernetif.c ****         speed = ETH_SPEED_10M;
 486              		.loc 1 341 16 view .LVU141
 487 0176 4FF40058 		mov	r8, #8192
 488              	.LVL43:
 341:../../CM7/LWIP/Target/ethernetif.c ****         speed = ETH_SPEED_10M;
 489              		.loc 1 341 16 view .LVU142
 490 017a D6E7     		b	.L22
 491              	.LVL44:
 492              	.L24:
 346:../../CM7/LWIP/Target/ethernetif.c ****         break;
 493              		.loc 1 346 15 view .LVU143
 494 017c 0027     		movs	r7, #0
 345:../../CM7/LWIP/Target/ethernetif.c ****         speed = ETH_SPEED_10M;
 495              		.loc 1 345 16 view .LVU144
 496 017e B846     		mov	r8, r7
 497              	.LVL45:
 345:../../CM7/LWIP/Target/ethernetif.c ****         speed = ETH_SPEED_10M;
 498              		.loc 1 345 16 view .LVU145
 499 0180 D3E7     		b	.L22
 500              	.LVL46:
 501              	.L25:
 330:../../CM7/LWIP/Target/ethernetif.c ****       {
 502              		.loc 1 330 7 view .LVU146
 503 0182 4FF48047 		mov	r7, #16384
 504 0186 4FF40058 		mov	r8, #8192
 505              	.LVL47:
 330:../../CM7/LWIP/Target/ethernetif.c ****       {
 506              		.loc 1 330 7 view .LVU147
 507 018a CEE7     		b	.L22
 508              	.LVL48:
 509              	.L19:
 371:../../CM7/LWIP/Target/ethernetif.c ****   }
 510              		.loc 1 371 5 is_stmt 1 view .LVU148
 511 018c FFF7FEFF 		bl	Error_Handler
 512              	.LVL49:
 513              	.L16:
 378:../../CM7/LWIP/Target/ethernetif.c **** 
 514              		.loc 1 378 1 is_stmt 0 view .LVU149
 515 0190 25B0     		add	sp, sp, #148
 516              	.LCFI7:
 517              		.cfi_def_cfa_offset 28
 518              		@ sp needed
ARM GAS  /var/folders/2r/mdtt8xvd351gdc398t28_m2m0000gn/T//cc7M34vh.s 			page 26


 519 0192 BDE8F083 		pop	{r4, r5, r6, r7, r8, r9, pc}
 520              	.LVL50:
 521              	.L30:
 378:../../CM7/LWIP/Target/ethernetif.c **** 
 522              		.loc 1 378 1 view .LVU150
 523 0196 00BF     		.align	2
 524              	.L29:
 525 0198 00000000 		.word	heth
 526 019c 00800240 		.word	1073905664
 527 01a0 00000000 		.word	DMATxDscrTab
 528 01a4 00000000 		.word	DMARxDscrTab
 529 01a8 00000000 		.word	memp_RX_POOL
 530 01ac 00000000 		.word	RxPktSemaphore
 531 01b0 00000000 		.word	TxPktSemaphore
 532 01b4 00000000 		.word	.LC0
 533 01b8 00000000 		.word	ethernetif_input
 534 01bc 00000000 		.word	LAN8742
 535 01c0 00000000 		.word	LAN8742_IOCtx
 536 01c4 00000000 		.word	TxConfig
 537              		.cfi_endproc
 538              	.LFE178:
 540              		.section	.text.pbuf_free_custom,"ax",%progbits
 541              		.align	1
 542              		.global	pbuf_free_custom
 543              		.syntax unified
 544              		.thumb
 545              		.thumb_func
 547              	pbuf_free_custom:
 548              	.LVL51:
 549              	.LFB183:
 598:../../CM7/LWIP/Target/ethernetif.c ****   struct pbuf_custom* custom_pbuf = (struct pbuf_custom*)p;
 550              		.loc 1 598 1 is_stmt 1 view -0
 551              		.cfi_startproc
 552              		@ args = 0, pretend = 0, frame = 0
 553              		@ frame_needed = 0, uses_anonymous_args = 0
 598:../../CM7/LWIP/Target/ethernetif.c ****   struct pbuf_custom* custom_pbuf = (struct pbuf_custom*)p;
 554              		.loc 1 598 1 is_stmt 0 view .LVU152
 555 0000 08B5     		push	{r3, lr}
 556              	.LCFI8:
 557              		.cfi_def_cfa_offset 8
 558              		.cfi_offset 3, -8
 559              		.cfi_offset 14, -4
 560 0002 0146     		mov	r1, r0
 599:../../CM7/LWIP/Target/ethernetif.c ****   LWIP_MEMPOOL_FREE(RX_POOL, custom_pbuf);
 561              		.loc 1 599 3 is_stmt 1 view .LVU153
 562              	.LVL52:
 600:../../CM7/LWIP/Target/ethernetif.c **** 
 563              		.loc 1 600 3 view .LVU154
 564 0004 0748     		ldr	r0, .L35
 565              	.LVL53:
 600:../../CM7/LWIP/Target/ethernetif.c **** 
 566              		.loc 1 600 3 is_stmt 0 view .LVU155
 567 0006 FFF7FEFF 		bl	memp_free_pool
 568              	.LVL54:
 605:../../CM7/LWIP/Target/ethernetif.c ****   {
 569              		.loc 1 605 3 is_stmt 1 view .LVU156
 605:../../CM7/LWIP/Target/ethernetif.c ****   {
ARM GAS  /var/folders/2r/mdtt8xvd351gdc398t28_m2m0000gn/T//cc7M34vh.s 			page 27


 570              		.loc 1 605 21 is_stmt 0 view .LVU157
 571 000a 074B     		ldr	r3, .L35+4
 572 000c 1B78     		ldrb	r3, [r3]	@ zero_extendqisi2
 605:../../CM7/LWIP/Target/ethernetif.c ****   {
 573              		.loc 1 605 6 view .LVU158
 574 000e 012B     		cmp	r3, #1
 575 0010 00D0     		beq	.L34
 576              	.L31:
 610:../../CM7/LWIP/Target/ethernetif.c **** 
 577              		.loc 1 610 1 view .LVU159
 578 0012 08BD     		pop	{r3, pc}
 579              	.L34:
 607:../../CM7/LWIP/Target/ethernetif.c ****     osSemaphoreRelease(RxPktSemaphore);
 580              		.loc 1 607 5 is_stmt 1 view .LVU160
 607:../../CM7/LWIP/Target/ethernetif.c ****     osSemaphoreRelease(RxPktSemaphore);
 581              		.loc 1 607 19 is_stmt 0 view .LVU161
 582 0014 044B     		ldr	r3, .L35+4
 583 0016 0022     		movs	r2, #0
 584 0018 1A70     		strb	r2, [r3]
 608:../../CM7/LWIP/Target/ethernetif.c ****   }
 585              		.loc 1 608 5 is_stmt 1 view .LVU162
 586 001a 044B     		ldr	r3, .L35+8
 587 001c 1868     		ldr	r0, [r3]
 588 001e FFF7FEFF 		bl	osSemaphoreRelease
 589              	.LVL55:
 610:../../CM7/LWIP/Target/ethernetif.c **** 
 590              		.loc 1 610 1 is_stmt 0 view .LVU163
 591 0022 F6E7     		b	.L31
 592              	.L36:
 593              		.align	2
 594              	.L35:
 595 0024 00000000 		.word	memp_RX_POOL
 596 0028 00000000 		.word	RxAllocStatus
 597 002c 00000000 		.word	RxPktSemaphore
 598              		.cfi_endproc
 599              	.LFE183:
 601              		.section	.text.ETH_PHY_IO_GetTick,"ax",%progbits
 602              		.align	1
 603              		.global	ETH_PHY_IO_GetTick
 604              		.syntax unified
 605              		.thumb
 606              		.thumb_func
 608              	ETH_PHY_IO_GetTick:
 609              	.LFB191:
 767:../../CM7/LWIP/Target/ethernetif.c **** 
 768:../../CM7/LWIP/Target/ethernetif.c **** /**
 769:../../CM7/LWIP/Target/ethernetif.c ****   * @brief  Read a PHY register through the MDIO interface.
 770:../../CM7/LWIP/Target/ethernetif.c ****   * @param  DevAddr: PHY port address
 771:../../CM7/LWIP/Target/ethernetif.c ****   * @param  RegAddr: PHY register address
 772:../../CM7/LWIP/Target/ethernetif.c ****   * @param  pRegVal: pointer to hold the register value
 773:../../CM7/LWIP/Target/ethernetif.c ****   * @retval 0 if OK -1 if Error
 774:../../CM7/LWIP/Target/ethernetif.c ****   */
 775:../../CM7/LWIP/Target/ethernetif.c **** int32_t ETH_PHY_IO_ReadReg(uint32_t DevAddr, uint32_t RegAddr, uint32_t *pRegVal)
 776:../../CM7/LWIP/Target/ethernetif.c **** {
 777:../../CM7/LWIP/Target/ethernetif.c ****   if(HAL_ETH_ReadPHYRegister(&heth, DevAddr, RegAddr, pRegVal) != HAL_OK)
 778:../../CM7/LWIP/Target/ethernetif.c ****   {
 779:../../CM7/LWIP/Target/ethernetif.c ****     return -1;
ARM GAS  /var/folders/2r/mdtt8xvd351gdc398t28_m2m0000gn/T//cc7M34vh.s 			page 28


 780:../../CM7/LWIP/Target/ethernetif.c ****   }
 781:../../CM7/LWIP/Target/ethernetif.c **** 
 782:../../CM7/LWIP/Target/ethernetif.c ****   return 0;
 783:../../CM7/LWIP/Target/ethernetif.c **** }
 784:../../CM7/LWIP/Target/ethernetif.c **** 
 785:../../CM7/LWIP/Target/ethernetif.c **** /**
 786:../../CM7/LWIP/Target/ethernetif.c ****   * @brief  Write a value to a PHY register through the MDIO interface.
 787:../../CM7/LWIP/Target/ethernetif.c ****   * @param  DevAddr: PHY port address
 788:../../CM7/LWIP/Target/ethernetif.c ****   * @param  RegAddr: PHY register address
 789:../../CM7/LWIP/Target/ethernetif.c ****   * @param  RegVal: Value to be written
 790:../../CM7/LWIP/Target/ethernetif.c ****   * @retval 0 if OK -1 if Error
 791:../../CM7/LWIP/Target/ethernetif.c ****   */
 792:../../CM7/LWIP/Target/ethernetif.c **** int32_t ETH_PHY_IO_WriteReg(uint32_t DevAddr, uint32_t RegAddr, uint32_t RegVal)
 793:../../CM7/LWIP/Target/ethernetif.c **** {
 794:../../CM7/LWIP/Target/ethernetif.c ****   if(HAL_ETH_WritePHYRegister(&heth, DevAddr, RegAddr, RegVal) != HAL_OK)
 795:../../CM7/LWIP/Target/ethernetif.c ****   {
 796:../../CM7/LWIP/Target/ethernetif.c ****     return -1;
 797:../../CM7/LWIP/Target/ethernetif.c ****   }
 798:../../CM7/LWIP/Target/ethernetif.c **** 
 799:../../CM7/LWIP/Target/ethernetif.c ****   return 0;
 800:../../CM7/LWIP/Target/ethernetif.c **** }
 801:../../CM7/LWIP/Target/ethernetif.c **** 
 802:../../CM7/LWIP/Target/ethernetif.c **** /**
 803:../../CM7/LWIP/Target/ethernetif.c ****   * @brief  Get the time in millisecons used for internal PHY driver process.
 804:../../CM7/LWIP/Target/ethernetif.c ****   * @retval Time value
 805:../../CM7/LWIP/Target/ethernetif.c ****   */
 806:../../CM7/LWIP/Target/ethernetif.c **** int32_t ETH_PHY_IO_GetTick(void)
 807:../../CM7/LWIP/Target/ethernetif.c **** {
 610              		.loc 1 807 1 is_stmt 1 view -0
 611              		.cfi_startproc
 612              		@ args = 0, pretend = 0, frame = 0
 613              		@ frame_needed = 0, uses_anonymous_args = 0
 614 0000 08B5     		push	{r3, lr}
 615              	.LCFI9:
 616              		.cfi_def_cfa_offset 8
 617              		.cfi_offset 3, -8
 618              		.cfi_offset 14, -4
 808:../../CM7/LWIP/Target/ethernetif.c ****   return HAL_GetTick();
 619              		.loc 1 808 3 view .LVU165
 620              		.loc 1 808 10 is_stmt 0 view .LVU166
 621 0002 FFF7FEFF 		bl	HAL_GetTick
 622              	.LVL56:
 809:../../CM7/LWIP/Target/ethernetif.c **** }
 623              		.loc 1 809 1 view .LVU167
 624 0006 08BD     		pop	{r3, pc}
 625              		.cfi_endproc
 626              	.LFE191:
 628              		.section	.text.ETH_PHY_IO_Init,"ax",%progbits
 629              		.align	1
 630              		.global	ETH_PHY_IO_Init
 631              		.syntax unified
 632              		.thumb
 633              		.thumb_func
 635              	ETH_PHY_IO_Init:
 636              	.LFB187:
 747:../../CM7/LWIP/Target/ethernetif.c ****   /* We assume that MDIO GPIO configuration is already done
 637              		.loc 1 747 1 is_stmt 1 view -0
ARM GAS  /var/folders/2r/mdtt8xvd351gdc398t28_m2m0000gn/T//cc7M34vh.s 			page 29


 638              		.cfi_startproc
 639              		@ args = 0, pretend = 0, frame = 0
 640              		@ frame_needed = 0, uses_anonymous_args = 0
 641 0000 08B5     		push	{r3, lr}
 642              	.LCFI10:
 643              		.cfi_def_cfa_offset 8
 644              		.cfi_offset 3, -8
 645              		.cfi_offset 14, -4
 753:../../CM7/LWIP/Target/ethernetif.c **** 
 646              		.loc 1 753 3 view .LVU169
 647 0002 0248     		ldr	r0, .L41
 648 0004 FFF7FEFF 		bl	HAL_ETH_SetMDIOClockRange
 649              	.LVL57:
 755:../../CM7/LWIP/Target/ethernetif.c **** }
 650              		.loc 1 755 3 view .LVU170
 756:../../CM7/LWIP/Target/ethernetif.c **** 
 651              		.loc 1 756 1 is_stmt 0 view .LVU171
 652 0008 0020     		movs	r0, #0
 653 000a 08BD     		pop	{r3, pc}
 654              	.L42:
 655              		.align	2
 656              	.L41:
 657 000c 00000000 		.word	heth
 658              		.cfi_endproc
 659              	.LFE187:
 661              		.section	.text.ETH_PHY_IO_ReadReg,"ax",%progbits
 662              		.align	1
 663              		.global	ETH_PHY_IO_ReadReg
 664              		.syntax unified
 665              		.thumb
 666              		.thumb_func
 668              	ETH_PHY_IO_ReadReg:
 669              	.LVL58:
 670              	.LFB189:
 776:../../CM7/LWIP/Target/ethernetif.c ****   if(HAL_ETH_ReadPHYRegister(&heth, DevAddr, RegAddr, pRegVal) != HAL_OK)
 671              		.loc 1 776 1 is_stmt 1 view -0
 672              		.cfi_startproc
 673              		@ args = 0, pretend = 0, frame = 0
 674              		@ frame_needed = 0, uses_anonymous_args = 0
 776:../../CM7/LWIP/Target/ethernetif.c ****   if(HAL_ETH_ReadPHYRegister(&heth, DevAddr, RegAddr, pRegVal) != HAL_OK)
 675              		.loc 1 776 1 is_stmt 0 view .LVU173
 676 0000 08B5     		push	{r3, lr}
 677              	.LCFI11:
 678              		.cfi_def_cfa_offset 8
 679              		.cfi_offset 3, -8
 680              		.cfi_offset 14, -4
 681 0002 1346     		mov	r3, r2
 777:../../CM7/LWIP/Target/ethernetif.c ****   {
 682              		.loc 1 777 3 is_stmt 1 view .LVU174
 777:../../CM7/LWIP/Target/ethernetif.c ****   {
 683              		.loc 1 777 6 is_stmt 0 view .LVU175
 684 0004 0A46     		mov	r2, r1
 685              	.LVL59:
 777:../../CM7/LWIP/Target/ethernetif.c ****   {
 686              		.loc 1 777 6 view .LVU176
 687 0006 0146     		mov	r1, r0
 688              	.LVL60:
ARM GAS  /var/folders/2r/mdtt8xvd351gdc398t28_m2m0000gn/T//cc7M34vh.s 			page 30


 777:../../CM7/LWIP/Target/ethernetif.c ****   {
 689              		.loc 1 777 6 view .LVU177
 690 0008 0348     		ldr	r0, .L48
 691              	.LVL61:
 777:../../CM7/LWIP/Target/ethernetif.c ****   {
 692              		.loc 1 777 6 view .LVU178
 693 000a FFF7FEFF 		bl	HAL_ETH_ReadPHYRegister
 694              	.LVL62:
 777:../../CM7/LWIP/Target/ethernetif.c ****   {
 695              		.loc 1 777 5 discriminator 1 view .LVU179
 696 000e 00B9     		cbnz	r0, .L47
 697              	.L43:
 783:../../CM7/LWIP/Target/ethernetif.c **** 
 698              		.loc 1 783 1 view .LVU180
 699 0010 08BD     		pop	{r3, pc}
 700              	.L47:
 779:../../CM7/LWIP/Target/ethernetif.c ****   }
 701              		.loc 1 779 12 view .LVU181
 702 0012 4FF0FF30 		mov	r0, #-1
 703 0016 FBE7     		b	.L43
 704              	.L49:
 705              		.align	2
 706              	.L48:
 707 0018 00000000 		.word	heth
 708              		.cfi_endproc
 709              	.LFE189:
 711              		.section	.text.ETH_PHY_IO_WriteReg,"ax",%progbits
 712              		.align	1
 713              		.global	ETH_PHY_IO_WriteReg
 714              		.syntax unified
 715              		.thumb
 716              		.thumb_func
 718              	ETH_PHY_IO_WriteReg:
 719              	.LVL63:
 720              	.LFB190:
 793:../../CM7/LWIP/Target/ethernetif.c ****   if(HAL_ETH_WritePHYRegister(&heth, DevAddr, RegAddr, RegVal) != HAL_OK)
 721              		.loc 1 793 1 is_stmt 1 view -0
 722              		.cfi_startproc
 723              		@ args = 0, pretend = 0, frame = 0
 724              		@ frame_needed = 0, uses_anonymous_args = 0
 793:../../CM7/LWIP/Target/ethernetif.c ****   if(HAL_ETH_WritePHYRegister(&heth, DevAddr, RegAddr, RegVal) != HAL_OK)
 725              		.loc 1 793 1 is_stmt 0 view .LVU183
 726 0000 08B5     		push	{r3, lr}
 727              	.LCFI12:
 728              		.cfi_def_cfa_offset 8
 729              		.cfi_offset 3, -8
 730              		.cfi_offset 14, -4
 731 0002 1346     		mov	r3, r2
 794:../../CM7/LWIP/Target/ethernetif.c ****   {
 732              		.loc 1 794 3 is_stmt 1 view .LVU184
 794:../../CM7/LWIP/Target/ethernetif.c ****   {
 733              		.loc 1 794 6 is_stmt 0 view .LVU185
 734 0004 0A46     		mov	r2, r1
 735              	.LVL64:
 794:../../CM7/LWIP/Target/ethernetif.c ****   {
 736              		.loc 1 794 6 view .LVU186
 737 0006 0146     		mov	r1, r0
ARM GAS  /var/folders/2r/mdtt8xvd351gdc398t28_m2m0000gn/T//cc7M34vh.s 			page 31


 738              	.LVL65:
 794:../../CM7/LWIP/Target/ethernetif.c ****   {
 739              		.loc 1 794 6 view .LVU187
 740 0008 0348     		ldr	r0, .L55
 741              	.LVL66:
 794:../../CM7/LWIP/Target/ethernetif.c ****   {
 742              		.loc 1 794 6 view .LVU188
 743 000a FFF7FEFF 		bl	HAL_ETH_WritePHYRegister
 744              	.LVL67:
 794:../../CM7/LWIP/Target/ethernetif.c ****   {
 745              		.loc 1 794 5 discriminator 1 view .LVU189
 746 000e 00B9     		cbnz	r0, .L54
 747              	.L50:
 800:../../CM7/LWIP/Target/ethernetif.c **** 
 748              		.loc 1 800 1 view .LVU190
 749 0010 08BD     		pop	{r3, pc}
 750              	.L54:
 796:../../CM7/LWIP/Target/ethernetif.c ****   }
 751              		.loc 1 796 12 view .LVU191
 752 0012 4FF0FF30 		mov	r0, #-1
 753 0016 FBE7     		b	.L50
 754              	.L56:
 755              		.align	2
 756              	.L55:
 757 0018 00000000 		.word	heth
 758              		.cfi_endproc
 759              	.LFE190:
 761              		.section	.text.HAL_ETH_Transmit_IT_Safe,"ax",%progbits
 762              		.align	1
 763              		.global	HAL_ETH_Transmit_IT_Safe
 764              		.syntax unified
 765              		.thumb
 766              		.thumb_func
 768              	HAL_ETH_Transmit_IT_Safe:
 769              	.LVL68:
 770              	.LFB174:
 166:../../CM7/LWIP/Target/ethernetif.c ****     // Ensure all descriptor writes complete before starting DMA
 771              		.loc 1 166 1 is_stmt 1 view -0
 772              		.cfi_startproc
 773              		@ args = 0, pretend = 0, frame = 0
 774              		@ frame_needed = 0, uses_anonymous_args = 0
 166:../../CM7/LWIP/Target/ethernetif.c ****     // Ensure all descriptor writes complete before starting DMA
 775              		.loc 1 166 1 is_stmt 0 view .LVU193
 776 0000 08B5     		push	{r3, lr}
 777              	.LCFI13:
 778              		.cfi_def_cfa_offset 8
 779              		.cfi_offset 3, -8
 780              		.cfi_offset 14, -4
 168:../../CM7/LWIP/Target/ethernetif.c ****     __DSB();  // Data Synchronization Barrier - flush write buffer
 781              		.loc 1 168 5 is_stmt 1 view .LVU194
 782              	.LBB22:
 783              	.LBI22:
 784              		.file 2 "../../Drivers/CMSIS/Include/cmsis_gcc.h"
   1:../../Drivers/CMSIS/Include/cmsis_gcc.h **** /**************************************************************************//**
   2:../../Drivers/CMSIS/Include/cmsis_gcc.h ****  * @file     cmsis_gcc.h
   3:../../Drivers/CMSIS/Include/cmsis_gcc.h ****  * @brief    CMSIS compiler GCC header file
   4:../../Drivers/CMSIS/Include/cmsis_gcc.h ****  * @version  V5.2.0
ARM GAS  /var/folders/2r/mdtt8xvd351gdc398t28_m2m0000gn/T//cc7M34vh.s 			page 32


   5:../../Drivers/CMSIS/Include/cmsis_gcc.h ****  * @date     08. May 2019
   6:../../Drivers/CMSIS/Include/cmsis_gcc.h ****  ******************************************************************************/
   7:../../Drivers/CMSIS/Include/cmsis_gcc.h **** /*
   8:../../Drivers/CMSIS/Include/cmsis_gcc.h ****  * Copyright (c) 2009-2019 Arm Limited. All rights reserved.
   9:../../Drivers/CMSIS/Include/cmsis_gcc.h ****  *
  10:../../Drivers/CMSIS/Include/cmsis_gcc.h ****  * SPDX-License-Identifier: Apache-2.0
  11:../../Drivers/CMSIS/Include/cmsis_gcc.h ****  *
  12:../../Drivers/CMSIS/Include/cmsis_gcc.h ****  * Licensed under the Apache License, Version 2.0 (the License); you may
  13:../../Drivers/CMSIS/Include/cmsis_gcc.h ****  * not use this file except in compliance with the License.
  14:../../Drivers/CMSIS/Include/cmsis_gcc.h ****  * You may obtain a copy of the License at
  15:../../Drivers/CMSIS/Include/cmsis_gcc.h ****  *
  16:../../Drivers/CMSIS/Include/cmsis_gcc.h ****  * www.apache.org/licenses/LICENSE-2.0
  17:../../Drivers/CMSIS/Include/cmsis_gcc.h ****  *
  18:../../Drivers/CMSIS/Include/cmsis_gcc.h ****  * Unless required by applicable law or agreed to in writing, software
  19:../../Drivers/CMSIS/Include/cmsis_gcc.h ****  * distributed under the License is distributed on an AS IS BASIS, WITHOUT
  20:../../Drivers/CMSIS/Include/cmsis_gcc.h ****  * WARRANTIES OR CONDITIONS OF ANY KIND, either express or implied.
  21:../../Drivers/CMSIS/Include/cmsis_gcc.h ****  * See the License for the specific language governing permissions and
  22:../../Drivers/CMSIS/Include/cmsis_gcc.h ****  * limitations under the License.
  23:../../Drivers/CMSIS/Include/cmsis_gcc.h ****  */
  24:../../Drivers/CMSIS/Include/cmsis_gcc.h **** 
  25:../../Drivers/CMSIS/Include/cmsis_gcc.h **** #ifndef __CMSIS_GCC_H
  26:../../Drivers/CMSIS/Include/cmsis_gcc.h **** #define __CMSIS_GCC_H
  27:../../Drivers/CMSIS/Include/cmsis_gcc.h **** 
  28:../../Drivers/CMSIS/Include/cmsis_gcc.h **** /* ignore some GCC warnings */
  29:../../Drivers/CMSIS/Include/cmsis_gcc.h **** #pragma GCC diagnostic push
  30:../../Drivers/CMSIS/Include/cmsis_gcc.h **** #pragma GCC diagnostic ignored "-Wsign-conversion"
  31:../../Drivers/CMSIS/Include/cmsis_gcc.h **** #pragma GCC diagnostic ignored "-Wconversion"
  32:../../Drivers/CMSIS/Include/cmsis_gcc.h **** #pragma GCC diagnostic ignored "-Wunused-parameter"
  33:../../Drivers/CMSIS/Include/cmsis_gcc.h **** 
  34:../../Drivers/CMSIS/Include/cmsis_gcc.h **** /* Fallback for __has_builtin */
  35:../../Drivers/CMSIS/Include/cmsis_gcc.h **** #ifndef __has_builtin
  36:../../Drivers/CMSIS/Include/cmsis_gcc.h ****   #define __has_builtin(x) (0)
  37:../../Drivers/CMSIS/Include/cmsis_gcc.h **** #endif
  38:../../Drivers/CMSIS/Include/cmsis_gcc.h **** 
  39:../../Drivers/CMSIS/Include/cmsis_gcc.h **** /* CMSIS compiler specific defines */
  40:../../Drivers/CMSIS/Include/cmsis_gcc.h **** #ifndef   __ASM
  41:../../Drivers/CMSIS/Include/cmsis_gcc.h ****   #define __ASM                                  __asm
  42:../../Drivers/CMSIS/Include/cmsis_gcc.h **** #endif
  43:../../Drivers/CMSIS/Include/cmsis_gcc.h **** #ifndef   __INLINE
  44:../../Drivers/CMSIS/Include/cmsis_gcc.h ****   #define __INLINE                               inline
  45:../../Drivers/CMSIS/Include/cmsis_gcc.h **** #endif
  46:../../Drivers/CMSIS/Include/cmsis_gcc.h **** #ifndef   __STATIC_INLINE
  47:../../Drivers/CMSIS/Include/cmsis_gcc.h ****   #define __STATIC_INLINE                        static inline
  48:../../Drivers/CMSIS/Include/cmsis_gcc.h **** #endif
  49:../../Drivers/CMSIS/Include/cmsis_gcc.h **** #ifndef   __STATIC_FORCEINLINE                 
  50:../../Drivers/CMSIS/Include/cmsis_gcc.h ****   #define __STATIC_FORCEINLINE                   __attribute__((always_inline)) static inline
  51:../../Drivers/CMSIS/Include/cmsis_gcc.h **** #endif                                           
  52:../../Drivers/CMSIS/Include/cmsis_gcc.h **** #ifndef   __NO_RETURN
  53:../../Drivers/CMSIS/Include/cmsis_gcc.h ****   #define __NO_RETURN                            __attribute__((__noreturn__))
  54:../../Drivers/CMSIS/Include/cmsis_gcc.h **** #endif
  55:../../Drivers/CMSIS/Include/cmsis_gcc.h **** #ifndef   __USED
  56:../../Drivers/CMSIS/Include/cmsis_gcc.h ****   #define __USED                                 __attribute__((used))
  57:../../Drivers/CMSIS/Include/cmsis_gcc.h **** #endif
  58:../../Drivers/CMSIS/Include/cmsis_gcc.h **** #ifndef   __WEAK
  59:../../Drivers/CMSIS/Include/cmsis_gcc.h ****   #define __WEAK                                 __attribute__((weak))
  60:../../Drivers/CMSIS/Include/cmsis_gcc.h **** #endif
  61:../../Drivers/CMSIS/Include/cmsis_gcc.h **** #ifndef   __PACKED
ARM GAS  /var/folders/2r/mdtt8xvd351gdc398t28_m2m0000gn/T//cc7M34vh.s 			page 33


  62:../../Drivers/CMSIS/Include/cmsis_gcc.h ****   #define __PACKED                               __attribute__((packed, aligned(1)))
  63:../../Drivers/CMSIS/Include/cmsis_gcc.h **** #endif
  64:../../Drivers/CMSIS/Include/cmsis_gcc.h **** #ifndef   __PACKED_STRUCT
  65:../../Drivers/CMSIS/Include/cmsis_gcc.h ****   #define __PACKED_STRUCT                        struct __attribute__((packed, aligned(1)))
  66:../../Drivers/CMSIS/Include/cmsis_gcc.h **** #endif
  67:../../Drivers/CMSIS/Include/cmsis_gcc.h **** #ifndef   __PACKED_UNION
  68:../../Drivers/CMSIS/Include/cmsis_gcc.h ****   #define __PACKED_UNION                         union __attribute__((packed, aligned(1)))
  69:../../Drivers/CMSIS/Include/cmsis_gcc.h **** #endif
  70:../../Drivers/CMSIS/Include/cmsis_gcc.h **** #ifndef   __UNALIGNED_UINT32        /* deprecated */
  71:../../Drivers/CMSIS/Include/cmsis_gcc.h ****   #pragma GCC diagnostic push
  72:../../Drivers/CMSIS/Include/cmsis_gcc.h ****   #pragma GCC diagnostic ignored "-Wpacked"
  73:../../Drivers/CMSIS/Include/cmsis_gcc.h ****   #pragma GCC diagnostic ignored "-Wattributes"
  74:../../Drivers/CMSIS/Include/cmsis_gcc.h ****   struct __attribute__((packed)) T_UINT32 { uint32_t v; };
  75:../../Drivers/CMSIS/Include/cmsis_gcc.h ****   #pragma GCC diagnostic pop
  76:../../Drivers/CMSIS/Include/cmsis_gcc.h ****   #define __UNALIGNED_UINT32(x)                  (((struct T_UINT32 *)(x))->v)
  77:../../Drivers/CMSIS/Include/cmsis_gcc.h **** #endif
  78:../../Drivers/CMSIS/Include/cmsis_gcc.h **** #ifndef   __UNALIGNED_UINT16_WRITE
  79:../../Drivers/CMSIS/Include/cmsis_gcc.h ****   #pragma GCC diagnostic push
  80:../../Drivers/CMSIS/Include/cmsis_gcc.h ****   #pragma GCC diagnostic ignored "-Wpacked"
  81:../../Drivers/CMSIS/Include/cmsis_gcc.h ****   #pragma GCC diagnostic ignored "-Wattributes"
  82:../../Drivers/CMSIS/Include/cmsis_gcc.h ****   __PACKED_STRUCT T_UINT16_WRITE { uint16_t v; };
  83:../../Drivers/CMSIS/Include/cmsis_gcc.h ****   #pragma GCC diagnostic pop
  84:../../Drivers/CMSIS/Include/cmsis_gcc.h ****   #define __UNALIGNED_UINT16_WRITE(addr, val)    (void)((((struct T_UINT16_WRITE *)(void *)(addr))-
  85:../../Drivers/CMSIS/Include/cmsis_gcc.h **** #endif
  86:../../Drivers/CMSIS/Include/cmsis_gcc.h **** #ifndef   __UNALIGNED_UINT16_READ
  87:../../Drivers/CMSIS/Include/cmsis_gcc.h ****   #pragma GCC diagnostic push
  88:../../Drivers/CMSIS/Include/cmsis_gcc.h ****   #pragma GCC diagnostic ignored "-Wpacked"
  89:../../Drivers/CMSIS/Include/cmsis_gcc.h ****   #pragma GCC diagnostic ignored "-Wattributes"
  90:../../Drivers/CMSIS/Include/cmsis_gcc.h ****   __PACKED_STRUCT T_UINT16_READ { uint16_t v; };
  91:../../Drivers/CMSIS/Include/cmsis_gcc.h ****   #pragma GCC diagnostic pop
  92:../../Drivers/CMSIS/Include/cmsis_gcc.h ****   #define __UNALIGNED_UINT16_READ(addr)          (((const struct T_UINT16_READ *)(const void *)(add
  93:../../Drivers/CMSIS/Include/cmsis_gcc.h **** #endif
  94:../../Drivers/CMSIS/Include/cmsis_gcc.h **** #ifndef   __UNALIGNED_UINT32_WRITE
  95:../../Drivers/CMSIS/Include/cmsis_gcc.h ****   #pragma GCC diagnostic push
  96:../../Drivers/CMSIS/Include/cmsis_gcc.h ****   #pragma GCC diagnostic ignored "-Wpacked"
  97:../../Drivers/CMSIS/Include/cmsis_gcc.h ****   #pragma GCC diagnostic ignored "-Wattributes"
  98:../../Drivers/CMSIS/Include/cmsis_gcc.h ****   __PACKED_STRUCT T_UINT32_WRITE { uint32_t v; };
  99:../../Drivers/CMSIS/Include/cmsis_gcc.h ****   #pragma GCC diagnostic pop
 100:../../Drivers/CMSIS/Include/cmsis_gcc.h ****   #define __UNALIGNED_UINT32_WRITE(addr, val)    (void)((((struct T_UINT32_WRITE *)(void *)(addr))-
 101:../../Drivers/CMSIS/Include/cmsis_gcc.h **** #endif
 102:../../Drivers/CMSIS/Include/cmsis_gcc.h **** #ifndef   __UNALIGNED_UINT32_READ
 103:../../Drivers/CMSIS/Include/cmsis_gcc.h ****   #pragma GCC diagnostic push
 104:../../Drivers/CMSIS/Include/cmsis_gcc.h ****   #pragma GCC diagnostic ignored "-Wpacked"
 105:../../Drivers/CMSIS/Include/cmsis_gcc.h ****   #pragma GCC diagnostic ignored "-Wattributes"
 106:../../Drivers/CMSIS/Include/cmsis_gcc.h ****   __PACKED_STRUCT T_UINT32_READ { uint32_t v; };
 107:../../Drivers/CMSIS/Include/cmsis_gcc.h ****   #pragma GCC diagnostic pop
 108:../../Drivers/CMSIS/Include/cmsis_gcc.h ****   #define __UNALIGNED_UINT32_READ(addr)          (((const struct T_UINT32_READ *)(const void *)(add
 109:../../Drivers/CMSIS/Include/cmsis_gcc.h **** #endif
 110:../../Drivers/CMSIS/Include/cmsis_gcc.h **** #ifndef   __ALIGNED
 111:../../Drivers/CMSIS/Include/cmsis_gcc.h ****   #define __ALIGNED(x)                           __attribute__((aligned(x)))
 112:../../Drivers/CMSIS/Include/cmsis_gcc.h **** #endif
 113:../../Drivers/CMSIS/Include/cmsis_gcc.h **** #ifndef   __RESTRICT
 114:../../Drivers/CMSIS/Include/cmsis_gcc.h ****   #define __RESTRICT                             __restrict
 115:../../Drivers/CMSIS/Include/cmsis_gcc.h **** #endif
 116:../../Drivers/CMSIS/Include/cmsis_gcc.h **** #ifndef   __COMPILER_BARRIER
 117:../../Drivers/CMSIS/Include/cmsis_gcc.h ****   #define __COMPILER_BARRIER()                   __ASM volatile("":::"memory")
 118:../../Drivers/CMSIS/Include/cmsis_gcc.h **** #endif
ARM GAS  /var/folders/2r/mdtt8xvd351gdc398t28_m2m0000gn/T//cc7M34vh.s 			page 34


 119:../../Drivers/CMSIS/Include/cmsis_gcc.h **** 
 120:../../Drivers/CMSIS/Include/cmsis_gcc.h **** /* #########################  Startup and Lowlevel Init  ######################## */
 121:../../Drivers/CMSIS/Include/cmsis_gcc.h **** 
 122:../../Drivers/CMSIS/Include/cmsis_gcc.h **** #ifndef __PROGRAM_START
 123:../../Drivers/CMSIS/Include/cmsis_gcc.h **** 
 124:../../Drivers/CMSIS/Include/cmsis_gcc.h **** /**
 125:../../Drivers/CMSIS/Include/cmsis_gcc.h ****   \brief   Initializes data and bss sections
 126:../../Drivers/CMSIS/Include/cmsis_gcc.h ****   \details This default implementations initialized all data and additional bss
 127:../../Drivers/CMSIS/Include/cmsis_gcc.h ****            sections relying on .copy.table and .zero.table specified properly
 128:../../Drivers/CMSIS/Include/cmsis_gcc.h ****            in the used linker script.
 129:../../Drivers/CMSIS/Include/cmsis_gcc.h ****   
 130:../../Drivers/CMSIS/Include/cmsis_gcc.h ****  */
 131:../../Drivers/CMSIS/Include/cmsis_gcc.h **** __STATIC_FORCEINLINE __NO_RETURN void __cmsis_start(void)
 132:../../Drivers/CMSIS/Include/cmsis_gcc.h **** {
 133:../../Drivers/CMSIS/Include/cmsis_gcc.h ****   extern void _start(void) __NO_RETURN;
 134:../../Drivers/CMSIS/Include/cmsis_gcc.h ****   
 135:../../Drivers/CMSIS/Include/cmsis_gcc.h ****   typedef struct {
 136:../../Drivers/CMSIS/Include/cmsis_gcc.h ****     uint32_t const* src;
 137:../../Drivers/CMSIS/Include/cmsis_gcc.h ****     uint32_t* dest;
 138:../../Drivers/CMSIS/Include/cmsis_gcc.h ****     uint32_t  wlen;
 139:../../Drivers/CMSIS/Include/cmsis_gcc.h ****   } __copy_table_t;
 140:../../Drivers/CMSIS/Include/cmsis_gcc.h ****   
 141:../../Drivers/CMSIS/Include/cmsis_gcc.h ****   typedef struct {
 142:../../Drivers/CMSIS/Include/cmsis_gcc.h ****     uint32_t* dest;
 143:../../Drivers/CMSIS/Include/cmsis_gcc.h ****     uint32_t  wlen;
 144:../../Drivers/CMSIS/Include/cmsis_gcc.h ****   } __zero_table_t;
 145:../../Drivers/CMSIS/Include/cmsis_gcc.h ****   
 146:../../Drivers/CMSIS/Include/cmsis_gcc.h ****   extern const __copy_table_t __copy_table_start__;
 147:../../Drivers/CMSIS/Include/cmsis_gcc.h ****   extern const __copy_table_t __copy_table_end__;
 148:../../Drivers/CMSIS/Include/cmsis_gcc.h ****   extern const __zero_table_t __zero_table_start__;
 149:../../Drivers/CMSIS/Include/cmsis_gcc.h ****   extern const __zero_table_t __zero_table_end__;
 150:../../Drivers/CMSIS/Include/cmsis_gcc.h **** 
 151:../../Drivers/CMSIS/Include/cmsis_gcc.h ****   for (__copy_table_t const* pTable = &__copy_table_start__; pTable < &__copy_table_end__; ++pTable
 152:../../Drivers/CMSIS/Include/cmsis_gcc.h ****     for(uint32_t i=0u; i<pTable->wlen; ++i) {
 153:../../Drivers/CMSIS/Include/cmsis_gcc.h ****       pTable->dest[i] = pTable->src[i];
 154:../../Drivers/CMSIS/Include/cmsis_gcc.h ****     }
 155:../../Drivers/CMSIS/Include/cmsis_gcc.h ****   }
 156:../../Drivers/CMSIS/Include/cmsis_gcc.h ****  
 157:../../Drivers/CMSIS/Include/cmsis_gcc.h ****   for (__zero_table_t const* pTable = &__zero_table_start__; pTable < &__zero_table_end__; ++pTable
 158:../../Drivers/CMSIS/Include/cmsis_gcc.h ****     for(uint32_t i=0u; i<pTable->wlen; ++i) {
 159:../../Drivers/CMSIS/Include/cmsis_gcc.h ****       pTable->dest[i] = 0u;
 160:../../Drivers/CMSIS/Include/cmsis_gcc.h ****     }
 161:../../Drivers/CMSIS/Include/cmsis_gcc.h ****   }
 162:../../Drivers/CMSIS/Include/cmsis_gcc.h ****  
 163:../../Drivers/CMSIS/Include/cmsis_gcc.h ****   _start();
 164:../../Drivers/CMSIS/Include/cmsis_gcc.h **** }
 165:../../Drivers/CMSIS/Include/cmsis_gcc.h ****   
 166:../../Drivers/CMSIS/Include/cmsis_gcc.h **** #define __PROGRAM_START           __cmsis_start
 167:../../Drivers/CMSIS/Include/cmsis_gcc.h **** #endif
 168:../../Drivers/CMSIS/Include/cmsis_gcc.h **** 
 169:../../Drivers/CMSIS/Include/cmsis_gcc.h **** #ifndef __INITIAL_SP
 170:../../Drivers/CMSIS/Include/cmsis_gcc.h **** #define __INITIAL_SP              __StackTop
 171:../../Drivers/CMSIS/Include/cmsis_gcc.h **** #endif
 172:../../Drivers/CMSIS/Include/cmsis_gcc.h **** 
 173:../../Drivers/CMSIS/Include/cmsis_gcc.h **** #ifndef __STACK_LIMIT
 174:../../Drivers/CMSIS/Include/cmsis_gcc.h **** #define __STACK_LIMIT             __StackLimit
 175:../../Drivers/CMSIS/Include/cmsis_gcc.h **** #endif
ARM GAS  /var/folders/2r/mdtt8xvd351gdc398t28_m2m0000gn/T//cc7M34vh.s 			page 35


 176:../../Drivers/CMSIS/Include/cmsis_gcc.h **** 
 177:../../Drivers/CMSIS/Include/cmsis_gcc.h **** #ifndef __VECTOR_TABLE
 178:../../Drivers/CMSIS/Include/cmsis_gcc.h **** #define __VECTOR_TABLE            __Vectors
 179:../../Drivers/CMSIS/Include/cmsis_gcc.h **** #endif
 180:../../Drivers/CMSIS/Include/cmsis_gcc.h **** 
 181:../../Drivers/CMSIS/Include/cmsis_gcc.h **** #ifndef __VECTOR_TABLE_ATTRIBUTE
 182:../../Drivers/CMSIS/Include/cmsis_gcc.h **** #define __VECTOR_TABLE_ATTRIBUTE  __attribute((used, section(".vectors")))
 183:../../Drivers/CMSIS/Include/cmsis_gcc.h **** #endif
 184:../../Drivers/CMSIS/Include/cmsis_gcc.h **** 
 185:../../Drivers/CMSIS/Include/cmsis_gcc.h **** /* ###########################  Core Function Access  ########################### */
 186:../../Drivers/CMSIS/Include/cmsis_gcc.h **** /** \ingroup  CMSIS_Core_FunctionInterface
 187:../../Drivers/CMSIS/Include/cmsis_gcc.h ****     \defgroup CMSIS_Core_RegAccFunctions CMSIS Core Register Access Functions
 188:../../Drivers/CMSIS/Include/cmsis_gcc.h ****   @{
 189:../../Drivers/CMSIS/Include/cmsis_gcc.h ****  */
 190:../../Drivers/CMSIS/Include/cmsis_gcc.h **** 
 191:../../Drivers/CMSIS/Include/cmsis_gcc.h **** /**
 192:../../Drivers/CMSIS/Include/cmsis_gcc.h ****   \brief   Enable IRQ Interrupts
 193:../../Drivers/CMSIS/Include/cmsis_gcc.h ****   \details Enables IRQ interrupts by clearing the I-bit in the CPSR.
 194:../../Drivers/CMSIS/Include/cmsis_gcc.h ****            Can only be executed in Privileged modes.
 195:../../Drivers/CMSIS/Include/cmsis_gcc.h ****  */
 196:../../Drivers/CMSIS/Include/cmsis_gcc.h **** __STATIC_FORCEINLINE void __enable_irq(void)
 197:../../Drivers/CMSIS/Include/cmsis_gcc.h **** {
 198:../../Drivers/CMSIS/Include/cmsis_gcc.h ****   __ASM volatile ("cpsie i" : : : "memory");
 199:../../Drivers/CMSIS/Include/cmsis_gcc.h **** }
 200:../../Drivers/CMSIS/Include/cmsis_gcc.h **** 
 201:../../Drivers/CMSIS/Include/cmsis_gcc.h **** 
 202:../../Drivers/CMSIS/Include/cmsis_gcc.h **** /**
 203:../../Drivers/CMSIS/Include/cmsis_gcc.h ****   \brief   Disable IRQ Interrupts
 204:../../Drivers/CMSIS/Include/cmsis_gcc.h ****   \details Disables IRQ interrupts by setting the I-bit in the CPSR.
 205:../../Drivers/CMSIS/Include/cmsis_gcc.h ****            Can only be executed in Privileged modes.
 206:../../Drivers/CMSIS/Include/cmsis_gcc.h ****  */
 207:../../Drivers/CMSIS/Include/cmsis_gcc.h **** __STATIC_FORCEINLINE void __disable_irq(void)
 208:../../Drivers/CMSIS/Include/cmsis_gcc.h **** {
 209:../../Drivers/CMSIS/Include/cmsis_gcc.h ****   __ASM volatile ("cpsid i" : : : "memory");
 210:../../Drivers/CMSIS/Include/cmsis_gcc.h **** }
 211:../../Drivers/CMSIS/Include/cmsis_gcc.h **** 
 212:../../Drivers/CMSIS/Include/cmsis_gcc.h **** 
 213:../../Drivers/CMSIS/Include/cmsis_gcc.h **** /**
 214:../../Drivers/CMSIS/Include/cmsis_gcc.h ****   \brief   Get Control Register
 215:../../Drivers/CMSIS/Include/cmsis_gcc.h ****   \details Returns the content of the Control Register.
 216:../../Drivers/CMSIS/Include/cmsis_gcc.h ****   \return               Control Register value
 217:../../Drivers/CMSIS/Include/cmsis_gcc.h ****  */
 218:../../Drivers/CMSIS/Include/cmsis_gcc.h **** __STATIC_FORCEINLINE uint32_t __get_CONTROL(void)
 219:../../Drivers/CMSIS/Include/cmsis_gcc.h **** {
 220:../../Drivers/CMSIS/Include/cmsis_gcc.h ****   uint32_t result;
 221:../../Drivers/CMSIS/Include/cmsis_gcc.h **** 
 222:../../Drivers/CMSIS/Include/cmsis_gcc.h ****   __ASM volatile ("MRS %0, control" : "=r" (result) );
 223:../../Drivers/CMSIS/Include/cmsis_gcc.h ****   return(result);
 224:../../Drivers/CMSIS/Include/cmsis_gcc.h **** }
 225:../../Drivers/CMSIS/Include/cmsis_gcc.h **** 
 226:../../Drivers/CMSIS/Include/cmsis_gcc.h **** 
 227:../../Drivers/CMSIS/Include/cmsis_gcc.h **** #if (defined (__ARM_FEATURE_CMSE ) && (__ARM_FEATURE_CMSE == 3))
 228:../../Drivers/CMSIS/Include/cmsis_gcc.h **** /**
 229:../../Drivers/CMSIS/Include/cmsis_gcc.h ****   \brief   Get Control Register (non-secure)
 230:../../Drivers/CMSIS/Include/cmsis_gcc.h ****   \details Returns the content of the non-secure Control Register when in secure mode.
 231:../../Drivers/CMSIS/Include/cmsis_gcc.h ****   \return               non-secure Control Register value
 232:../../Drivers/CMSIS/Include/cmsis_gcc.h ****  */
ARM GAS  /var/folders/2r/mdtt8xvd351gdc398t28_m2m0000gn/T//cc7M34vh.s 			page 36


 233:../../Drivers/CMSIS/Include/cmsis_gcc.h **** __STATIC_FORCEINLINE uint32_t __TZ_get_CONTROL_NS(void)
 234:../../Drivers/CMSIS/Include/cmsis_gcc.h **** {
 235:../../Drivers/CMSIS/Include/cmsis_gcc.h ****   uint32_t result;
 236:../../Drivers/CMSIS/Include/cmsis_gcc.h **** 
 237:../../Drivers/CMSIS/Include/cmsis_gcc.h ****   __ASM volatile ("MRS %0, control_ns" : "=r" (result) );
 238:../../Drivers/CMSIS/Include/cmsis_gcc.h ****   return(result);
 239:../../Drivers/CMSIS/Include/cmsis_gcc.h **** }
 240:../../Drivers/CMSIS/Include/cmsis_gcc.h **** #endif
 241:../../Drivers/CMSIS/Include/cmsis_gcc.h **** 
 242:../../Drivers/CMSIS/Include/cmsis_gcc.h **** 
 243:../../Drivers/CMSIS/Include/cmsis_gcc.h **** /**
 244:../../Drivers/CMSIS/Include/cmsis_gcc.h ****   \brief   Set Control Register
 245:../../Drivers/CMSIS/Include/cmsis_gcc.h ****   \details Writes the given value to the Control Register.
 246:../../Drivers/CMSIS/Include/cmsis_gcc.h ****   \param [in]    control  Control Register value to set
 247:../../Drivers/CMSIS/Include/cmsis_gcc.h ****  */
 248:../../Drivers/CMSIS/Include/cmsis_gcc.h **** __STATIC_FORCEINLINE void __set_CONTROL(uint32_t control)
 249:../../Drivers/CMSIS/Include/cmsis_gcc.h **** {
 250:../../Drivers/CMSIS/Include/cmsis_gcc.h ****   __ASM volatile ("MSR control, %0" : : "r" (control) : "memory");
 251:../../Drivers/CMSIS/Include/cmsis_gcc.h **** }
 252:../../Drivers/CMSIS/Include/cmsis_gcc.h **** 
 253:../../Drivers/CMSIS/Include/cmsis_gcc.h **** 
 254:../../Drivers/CMSIS/Include/cmsis_gcc.h **** #if (defined (__ARM_FEATURE_CMSE ) && (__ARM_FEATURE_CMSE == 3))
 255:../../Drivers/CMSIS/Include/cmsis_gcc.h **** /**
 256:../../Drivers/CMSIS/Include/cmsis_gcc.h ****   \brief   Set Control Register (non-secure)
 257:../../Drivers/CMSIS/Include/cmsis_gcc.h ****   \details Writes the given value to the non-secure Control Register when in secure state.
 258:../../Drivers/CMSIS/Include/cmsis_gcc.h ****   \param [in]    control  Control Register value to set
 259:../../Drivers/CMSIS/Include/cmsis_gcc.h ****  */
 260:../../Drivers/CMSIS/Include/cmsis_gcc.h **** __STATIC_FORCEINLINE void __TZ_set_CONTROL_NS(uint32_t control)
 261:../../Drivers/CMSIS/Include/cmsis_gcc.h **** {
 262:../../Drivers/CMSIS/Include/cmsis_gcc.h ****   __ASM volatile ("MSR control_ns, %0" : : "r" (control) : "memory");
 263:../../Drivers/CMSIS/Include/cmsis_gcc.h **** }
 264:../../Drivers/CMSIS/Include/cmsis_gcc.h **** #endif
 265:../../Drivers/CMSIS/Include/cmsis_gcc.h **** 
 266:../../Drivers/CMSIS/Include/cmsis_gcc.h **** 
 267:../../Drivers/CMSIS/Include/cmsis_gcc.h **** /**
 268:../../Drivers/CMSIS/Include/cmsis_gcc.h ****   \brief   Get IPSR Register
 269:../../Drivers/CMSIS/Include/cmsis_gcc.h ****   \details Returns the content of the IPSR Register.
 270:../../Drivers/CMSIS/Include/cmsis_gcc.h ****   \return               IPSR Register value
 271:../../Drivers/CMSIS/Include/cmsis_gcc.h ****  */
 272:../../Drivers/CMSIS/Include/cmsis_gcc.h **** __STATIC_FORCEINLINE uint32_t __get_IPSR(void)
 273:../../Drivers/CMSIS/Include/cmsis_gcc.h **** {
 274:../../Drivers/CMSIS/Include/cmsis_gcc.h ****   uint32_t result;
 275:../../Drivers/CMSIS/Include/cmsis_gcc.h **** 
 276:../../Drivers/CMSIS/Include/cmsis_gcc.h ****   __ASM volatile ("MRS %0, ipsr" : "=r" (result) );
 277:../../Drivers/CMSIS/Include/cmsis_gcc.h ****   return(result);
 278:../../Drivers/CMSIS/Include/cmsis_gcc.h **** }
 279:../../Drivers/CMSIS/Include/cmsis_gcc.h **** 
 280:../../Drivers/CMSIS/Include/cmsis_gcc.h **** 
 281:../../Drivers/CMSIS/Include/cmsis_gcc.h **** /**
 282:../../Drivers/CMSIS/Include/cmsis_gcc.h ****   \brief   Get APSR Register
 283:../../Drivers/CMSIS/Include/cmsis_gcc.h ****   \details Returns the content of the APSR Register.
 284:../../Drivers/CMSIS/Include/cmsis_gcc.h ****   \return               APSR Register value
 285:../../Drivers/CMSIS/Include/cmsis_gcc.h ****  */
 286:../../Drivers/CMSIS/Include/cmsis_gcc.h **** __STATIC_FORCEINLINE uint32_t __get_APSR(void)
 287:../../Drivers/CMSIS/Include/cmsis_gcc.h **** {
 288:../../Drivers/CMSIS/Include/cmsis_gcc.h ****   uint32_t result;
 289:../../Drivers/CMSIS/Include/cmsis_gcc.h **** 
ARM GAS  /var/folders/2r/mdtt8xvd351gdc398t28_m2m0000gn/T//cc7M34vh.s 			page 37


 290:../../Drivers/CMSIS/Include/cmsis_gcc.h ****   __ASM volatile ("MRS %0, apsr" : "=r" (result) );
 291:../../Drivers/CMSIS/Include/cmsis_gcc.h ****   return(result);
 292:../../Drivers/CMSIS/Include/cmsis_gcc.h **** }
 293:../../Drivers/CMSIS/Include/cmsis_gcc.h **** 
 294:../../Drivers/CMSIS/Include/cmsis_gcc.h **** 
 295:../../Drivers/CMSIS/Include/cmsis_gcc.h **** /**
 296:../../Drivers/CMSIS/Include/cmsis_gcc.h ****   \brief   Get xPSR Register
 297:../../Drivers/CMSIS/Include/cmsis_gcc.h ****   \details Returns the content of the xPSR Register.
 298:../../Drivers/CMSIS/Include/cmsis_gcc.h ****   \return               xPSR Register value
 299:../../Drivers/CMSIS/Include/cmsis_gcc.h ****  */
 300:../../Drivers/CMSIS/Include/cmsis_gcc.h **** __STATIC_FORCEINLINE uint32_t __get_xPSR(void)
 301:../../Drivers/CMSIS/Include/cmsis_gcc.h **** {
 302:../../Drivers/CMSIS/Include/cmsis_gcc.h ****   uint32_t result;
 303:../../Drivers/CMSIS/Include/cmsis_gcc.h **** 
 304:../../Drivers/CMSIS/Include/cmsis_gcc.h ****   __ASM volatile ("MRS %0, xpsr" : "=r" (result) );
 305:../../Drivers/CMSIS/Include/cmsis_gcc.h ****   return(result);
 306:../../Drivers/CMSIS/Include/cmsis_gcc.h **** }
 307:../../Drivers/CMSIS/Include/cmsis_gcc.h **** 
 308:../../Drivers/CMSIS/Include/cmsis_gcc.h **** 
 309:../../Drivers/CMSIS/Include/cmsis_gcc.h **** /**
 310:../../Drivers/CMSIS/Include/cmsis_gcc.h ****   \brief   Get Process Stack Pointer
 311:../../Drivers/CMSIS/Include/cmsis_gcc.h ****   \details Returns the current value of the Process Stack Pointer (PSP).
 312:../../Drivers/CMSIS/Include/cmsis_gcc.h ****   \return               PSP Register value
 313:../../Drivers/CMSIS/Include/cmsis_gcc.h ****  */
 314:../../Drivers/CMSIS/Include/cmsis_gcc.h **** __STATIC_FORCEINLINE uint32_t __get_PSP(void)
 315:../../Drivers/CMSIS/Include/cmsis_gcc.h **** {
 316:../../Drivers/CMSIS/Include/cmsis_gcc.h ****   uint32_t result;
 317:../../Drivers/CMSIS/Include/cmsis_gcc.h **** 
 318:../../Drivers/CMSIS/Include/cmsis_gcc.h ****   __ASM volatile ("MRS %0, psp"  : "=r" (result) );
 319:../../Drivers/CMSIS/Include/cmsis_gcc.h ****   return(result);
 320:../../Drivers/CMSIS/Include/cmsis_gcc.h **** }
 321:../../Drivers/CMSIS/Include/cmsis_gcc.h **** 
 322:../../Drivers/CMSIS/Include/cmsis_gcc.h **** 
 323:../../Drivers/CMSIS/Include/cmsis_gcc.h **** #if (defined (__ARM_FEATURE_CMSE ) && (__ARM_FEATURE_CMSE == 3))
 324:../../Drivers/CMSIS/Include/cmsis_gcc.h **** /**
 325:../../Drivers/CMSIS/Include/cmsis_gcc.h ****   \brief   Get Process Stack Pointer (non-secure)
 326:../../Drivers/CMSIS/Include/cmsis_gcc.h ****   \details Returns the current value of the non-secure Process Stack Pointer (PSP) when in secure s
 327:../../Drivers/CMSIS/Include/cmsis_gcc.h ****   \return               PSP Register value
 328:../../Drivers/CMSIS/Include/cmsis_gcc.h ****  */
 329:../../Drivers/CMSIS/Include/cmsis_gcc.h **** __STATIC_FORCEINLINE uint32_t __TZ_get_PSP_NS(void)
 330:../../Drivers/CMSIS/Include/cmsis_gcc.h **** {
 331:../../Drivers/CMSIS/Include/cmsis_gcc.h ****   uint32_t result;
 332:../../Drivers/CMSIS/Include/cmsis_gcc.h **** 
 333:../../Drivers/CMSIS/Include/cmsis_gcc.h ****   __ASM volatile ("MRS %0, psp_ns"  : "=r" (result) );
 334:../../Drivers/CMSIS/Include/cmsis_gcc.h ****   return(result);
 335:../../Drivers/CMSIS/Include/cmsis_gcc.h **** }
 336:../../Drivers/CMSIS/Include/cmsis_gcc.h **** #endif
 337:../../Drivers/CMSIS/Include/cmsis_gcc.h **** 
 338:../../Drivers/CMSIS/Include/cmsis_gcc.h **** 
 339:../../Drivers/CMSIS/Include/cmsis_gcc.h **** /**
 340:../../Drivers/CMSIS/Include/cmsis_gcc.h ****   \brief   Set Process Stack Pointer
 341:../../Drivers/CMSIS/Include/cmsis_gcc.h ****   \details Assigns the given value to the Process Stack Pointer (PSP).
 342:../../Drivers/CMSIS/Include/cmsis_gcc.h ****   \param [in]    topOfProcStack  Process Stack Pointer value to set
 343:../../Drivers/CMSIS/Include/cmsis_gcc.h ****  */
 344:../../Drivers/CMSIS/Include/cmsis_gcc.h **** __STATIC_FORCEINLINE void __set_PSP(uint32_t topOfProcStack)
 345:../../Drivers/CMSIS/Include/cmsis_gcc.h **** {
 346:../../Drivers/CMSIS/Include/cmsis_gcc.h ****   __ASM volatile ("MSR psp, %0" : : "r" (topOfProcStack) : );
ARM GAS  /var/folders/2r/mdtt8xvd351gdc398t28_m2m0000gn/T//cc7M34vh.s 			page 38


 347:../../Drivers/CMSIS/Include/cmsis_gcc.h **** }
 348:../../Drivers/CMSIS/Include/cmsis_gcc.h **** 
 349:../../Drivers/CMSIS/Include/cmsis_gcc.h **** 
 350:../../Drivers/CMSIS/Include/cmsis_gcc.h **** #if (defined (__ARM_FEATURE_CMSE ) && (__ARM_FEATURE_CMSE == 3))
 351:../../Drivers/CMSIS/Include/cmsis_gcc.h **** /**
 352:../../Drivers/CMSIS/Include/cmsis_gcc.h ****   \brief   Set Process Stack Pointer (non-secure)
 353:../../Drivers/CMSIS/Include/cmsis_gcc.h ****   \details Assigns the given value to the non-secure Process Stack Pointer (PSP) when in secure sta
 354:../../Drivers/CMSIS/Include/cmsis_gcc.h ****   \param [in]    topOfProcStack  Process Stack Pointer value to set
 355:../../Drivers/CMSIS/Include/cmsis_gcc.h ****  */
 356:../../Drivers/CMSIS/Include/cmsis_gcc.h **** __STATIC_FORCEINLINE void __TZ_set_PSP_NS(uint32_t topOfProcStack)
 357:../../Drivers/CMSIS/Include/cmsis_gcc.h **** {
 358:../../Drivers/CMSIS/Include/cmsis_gcc.h ****   __ASM volatile ("MSR psp_ns, %0" : : "r" (topOfProcStack) : );
 359:../../Drivers/CMSIS/Include/cmsis_gcc.h **** }
 360:../../Drivers/CMSIS/Include/cmsis_gcc.h **** #endif
 361:../../Drivers/CMSIS/Include/cmsis_gcc.h **** 
 362:../../Drivers/CMSIS/Include/cmsis_gcc.h **** 
 363:../../Drivers/CMSIS/Include/cmsis_gcc.h **** /**
 364:../../Drivers/CMSIS/Include/cmsis_gcc.h ****   \brief   Get Main Stack Pointer
 365:../../Drivers/CMSIS/Include/cmsis_gcc.h ****   \details Returns the current value of the Main Stack Pointer (MSP).
 366:../../Drivers/CMSIS/Include/cmsis_gcc.h ****   \return               MSP Register value
 367:../../Drivers/CMSIS/Include/cmsis_gcc.h ****  */
 368:../../Drivers/CMSIS/Include/cmsis_gcc.h **** __STATIC_FORCEINLINE uint32_t __get_MSP(void)
 369:../../Drivers/CMSIS/Include/cmsis_gcc.h **** {
 370:../../Drivers/CMSIS/Include/cmsis_gcc.h ****   uint32_t result;
 371:../../Drivers/CMSIS/Include/cmsis_gcc.h **** 
 372:../../Drivers/CMSIS/Include/cmsis_gcc.h ****   __ASM volatile ("MRS %0, msp" : "=r" (result) );
 373:../../Drivers/CMSIS/Include/cmsis_gcc.h ****   return(result);
 374:../../Drivers/CMSIS/Include/cmsis_gcc.h **** }
 375:../../Drivers/CMSIS/Include/cmsis_gcc.h **** 
 376:../../Drivers/CMSIS/Include/cmsis_gcc.h **** 
 377:../../Drivers/CMSIS/Include/cmsis_gcc.h **** #if (defined (__ARM_FEATURE_CMSE ) && (__ARM_FEATURE_CMSE == 3))
 378:../../Drivers/CMSIS/Include/cmsis_gcc.h **** /**
 379:../../Drivers/CMSIS/Include/cmsis_gcc.h ****   \brief   Get Main Stack Pointer (non-secure)
 380:../../Drivers/CMSIS/Include/cmsis_gcc.h ****   \details Returns the current value of the non-secure Main Stack Pointer (MSP) when in secure stat
 381:../../Drivers/CMSIS/Include/cmsis_gcc.h ****   \return               MSP Register value
 382:../../Drivers/CMSIS/Include/cmsis_gcc.h ****  */
 383:../../Drivers/CMSIS/Include/cmsis_gcc.h **** __STATIC_FORCEINLINE uint32_t __TZ_get_MSP_NS(void)
 384:../../Drivers/CMSIS/Include/cmsis_gcc.h **** {
 385:../../Drivers/CMSIS/Include/cmsis_gcc.h ****   uint32_t result;
 386:../../Drivers/CMSIS/Include/cmsis_gcc.h **** 
 387:../../Drivers/CMSIS/Include/cmsis_gcc.h ****   __ASM volatile ("MRS %0, msp_ns" : "=r" (result) );
 388:../../Drivers/CMSIS/Include/cmsis_gcc.h ****   return(result);
 389:../../Drivers/CMSIS/Include/cmsis_gcc.h **** }
 390:../../Drivers/CMSIS/Include/cmsis_gcc.h **** #endif
 391:../../Drivers/CMSIS/Include/cmsis_gcc.h **** 
 392:../../Drivers/CMSIS/Include/cmsis_gcc.h **** 
 393:../../Drivers/CMSIS/Include/cmsis_gcc.h **** /**
 394:../../Drivers/CMSIS/Include/cmsis_gcc.h ****   \brief   Set Main Stack Pointer
 395:../../Drivers/CMSIS/Include/cmsis_gcc.h ****   \details Assigns the given value to the Main Stack Pointer (MSP).
 396:../../Drivers/CMSIS/Include/cmsis_gcc.h ****   \param [in]    topOfMainStack  Main Stack Pointer value to set
 397:../../Drivers/CMSIS/Include/cmsis_gcc.h ****  */
 398:../../Drivers/CMSIS/Include/cmsis_gcc.h **** __STATIC_FORCEINLINE void __set_MSP(uint32_t topOfMainStack)
 399:../../Drivers/CMSIS/Include/cmsis_gcc.h **** {
 400:../../Drivers/CMSIS/Include/cmsis_gcc.h ****   __ASM volatile ("MSR msp, %0" : : "r" (topOfMainStack) : );
 401:../../Drivers/CMSIS/Include/cmsis_gcc.h **** }
 402:../../Drivers/CMSIS/Include/cmsis_gcc.h **** 
 403:../../Drivers/CMSIS/Include/cmsis_gcc.h **** 
ARM GAS  /var/folders/2r/mdtt8xvd351gdc398t28_m2m0000gn/T//cc7M34vh.s 			page 39


 404:../../Drivers/CMSIS/Include/cmsis_gcc.h **** #if (defined (__ARM_FEATURE_CMSE ) && (__ARM_FEATURE_CMSE == 3))
 405:../../Drivers/CMSIS/Include/cmsis_gcc.h **** /**
 406:../../Drivers/CMSIS/Include/cmsis_gcc.h ****   \brief   Set Main Stack Pointer (non-secure)
 407:../../Drivers/CMSIS/Include/cmsis_gcc.h ****   \details Assigns the given value to the non-secure Main Stack Pointer (MSP) when in secure state.
 408:../../Drivers/CMSIS/Include/cmsis_gcc.h ****   \param [in]    topOfMainStack  Main Stack Pointer value to set
 409:../../Drivers/CMSIS/Include/cmsis_gcc.h ****  */
 410:../../Drivers/CMSIS/Include/cmsis_gcc.h **** __STATIC_FORCEINLINE void __TZ_set_MSP_NS(uint32_t topOfMainStack)
 411:../../Drivers/CMSIS/Include/cmsis_gcc.h **** {
 412:../../Drivers/CMSIS/Include/cmsis_gcc.h ****   __ASM volatile ("MSR msp_ns, %0" : : "r" (topOfMainStack) : );
 413:../../Drivers/CMSIS/Include/cmsis_gcc.h **** }
 414:../../Drivers/CMSIS/Include/cmsis_gcc.h **** #endif
 415:../../Drivers/CMSIS/Include/cmsis_gcc.h **** 
 416:../../Drivers/CMSIS/Include/cmsis_gcc.h **** 
 417:../../Drivers/CMSIS/Include/cmsis_gcc.h **** #if (defined (__ARM_FEATURE_CMSE ) && (__ARM_FEATURE_CMSE == 3))
 418:../../Drivers/CMSIS/Include/cmsis_gcc.h **** /**
 419:../../Drivers/CMSIS/Include/cmsis_gcc.h ****   \brief   Get Stack Pointer (non-secure)
 420:../../Drivers/CMSIS/Include/cmsis_gcc.h ****   \details Returns the current value of the non-secure Stack Pointer (SP) when in secure state.
 421:../../Drivers/CMSIS/Include/cmsis_gcc.h ****   \return               SP Register value
 422:../../Drivers/CMSIS/Include/cmsis_gcc.h ****  */
 423:../../Drivers/CMSIS/Include/cmsis_gcc.h **** __STATIC_FORCEINLINE uint32_t __TZ_get_SP_NS(void)
 424:../../Drivers/CMSIS/Include/cmsis_gcc.h **** {
 425:../../Drivers/CMSIS/Include/cmsis_gcc.h ****   uint32_t result;
 426:../../Drivers/CMSIS/Include/cmsis_gcc.h **** 
 427:../../Drivers/CMSIS/Include/cmsis_gcc.h ****   __ASM volatile ("MRS %0, sp_ns" : "=r" (result) );
 428:../../Drivers/CMSIS/Include/cmsis_gcc.h ****   return(result);
 429:../../Drivers/CMSIS/Include/cmsis_gcc.h **** }
 430:../../Drivers/CMSIS/Include/cmsis_gcc.h **** 
 431:../../Drivers/CMSIS/Include/cmsis_gcc.h **** 
 432:../../Drivers/CMSIS/Include/cmsis_gcc.h **** /**
 433:../../Drivers/CMSIS/Include/cmsis_gcc.h ****   \brief   Set Stack Pointer (non-secure)
 434:../../Drivers/CMSIS/Include/cmsis_gcc.h ****   \details Assigns the given value to the non-secure Stack Pointer (SP) when in secure state.
 435:../../Drivers/CMSIS/Include/cmsis_gcc.h ****   \param [in]    topOfStack  Stack Pointer value to set
 436:../../Drivers/CMSIS/Include/cmsis_gcc.h ****  */
 437:../../Drivers/CMSIS/Include/cmsis_gcc.h **** __STATIC_FORCEINLINE void __TZ_set_SP_NS(uint32_t topOfStack)
 438:../../Drivers/CMSIS/Include/cmsis_gcc.h **** {
 439:../../Drivers/CMSIS/Include/cmsis_gcc.h ****   __ASM volatile ("MSR sp_ns, %0" : : "r" (topOfStack) : );
 440:../../Drivers/CMSIS/Include/cmsis_gcc.h **** }
 441:../../Drivers/CMSIS/Include/cmsis_gcc.h **** #endif
 442:../../Drivers/CMSIS/Include/cmsis_gcc.h **** 
 443:../../Drivers/CMSIS/Include/cmsis_gcc.h **** 
 444:../../Drivers/CMSIS/Include/cmsis_gcc.h **** /**
 445:../../Drivers/CMSIS/Include/cmsis_gcc.h ****   \brief   Get Priority Mask
 446:../../Drivers/CMSIS/Include/cmsis_gcc.h ****   \details Returns the current state of the priority mask bit from the Priority Mask Register.
 447:../../Drivers/CMSIS/Include/cmsis_gcc.h ****   \return               Priority Mask value
 448:../../Drivers/CMSIS/Include/cmsis_gcc.h ****  */
 449:../../Drivers/CMSIS/Include/cmsis_gcc.h **** __STATIC_FORCEINLINE uint32_t __get_PRIMASK(void)
 450:../../Drivers/CMSIS/Include/cmsis_gcc.h **** {
 451:../../Drivers/CMSIS/Include/cmsis_gcc.h ****   uint32_t result;
 452:../../Drivers/CMSIS/Include/cmsis_gcc.h **** 
 453:../../Drivers/CMSIS/Include/cmsis_gcc.h ****   __ASM volatile ("MRS %0, primask" : "=r" (result) :: "memory");
 454:../../Drivers/CMSIS/Include/cmsis_gcc.h ****   return(result);
 455:../../Drivers/CMSIS/Include/cmsis_gcc.h **** }
 456:../../Drivers/CMSIS/Include/cmsis_gcc.h **** 
 457:../../Drivers/CMSIS/Include/cmsis_gcc.h **** 
 458:../../Drivers/CMSIS/Include/cmsis_gcc.h **** #if (defined (__ARM_FEATURE_CMSE ) && (__ARM_FEATURE_CMSE == 3))
 459:../../Drivers/CMSIS/Include/cmsis_gcc.h **** /**
 460:../../Drivers/CMSIS/Include/cmsis_gcc.h ****   \brief   Get Priority Mask (non-secure)
ARM GAS  /var/folders/2r/mdtt8xvd351gdc398t28_m2m0000gn/T//cc7M34vh.s 			page 40


 461:../../Drivers/CMSIS/Include/cmsis_gcc.h ****   \details Returns the current state of the non-secure priority mask bit from the Priority Mask Reg
 462:../../Drivers/CMSIS/Include/cmsis_gcc.h ****   \return               Priority Mask value
 463:../../Drivers/CMSIS/Include/cmsis_gcc.h ****  */
 464:../../Drivers/CMSIS/Include/cmsis_gcc.h **** __STATIC_FORCEINLINE uint32_t __TZ_get_PRIMASK_NS(void)
 465:../../Drivers/CMSIS/Include/cmsis_gcc.h **** {
 466:../../Drivers/CMSIS/Include/cmsis_gcc.h ****   uint32_t result;
 467:../../Drivers/CMSIS/Include/cmsis_gcc.h **** 
 468:../../Drivers/CMSIS/Include/cmsis_gcc.h ****   __ASM volatile ("MRS %0, primask_ns" : "=r" (result) :: "memory");
 469:../../Drivers/CMSIS/Include/cmsis_gcc.h ****   return(result);
 470:../../Drivers/CMSIS/Include/cmsis_gcc.h **** }
 471:../../Drivers/CMSIS/Include/cmsis_gcc.h **** #endif
 472:../../Drivers/CMSIS/Include/cmsis_gcc.h **** 
 473:../../Drivers/CMSIS/Include/cmsis_gcc.h **** 
 474:../../Drivers/CMSIS/Include/cmsis_gcc.h **** /**
 475:../../Drivers/CMSIS/Include/cmsis_gcc.h ****   \brief   Set Priority Mask
 476:../../Drivers/CMSIS/Include/cmsis_gcc.h ****   \details Assigns the given value to the Priority Mask Register.
 477:../../Drivers/CMSIS/Include/cmsis_gcc.h ****   \param [in]    priMask  Priority Mask
 478:../../Drivers/CMSIS/Include/cmsis_gcc.h ****  */
 479:../../Drivers/CMSIS/Include/cmsis_gcc.h **** __STATIC_FORCEINLINE void __set_PRIMASK(uint32_t priMask)
 480:../../Drivers/CMSIS/Include/cmsis_gcc.h **** {
 481:../../Drivers/CMSIS/Include/cmsis_gcc.h ****   __ASM volatile ("MSR primask, %0" : : "r" (priMask) : "memory");
 482:../../Drivers/CMSIS/Include/cmsis_gcc.h **** }
 483:../../Drivers/CMSIS/Include/cmsis_gcc.h **** 
 484:../../Drivers/CMSIS/Include/cmsis_gcc.h **** 
 485:../../Drivers/CMSIS/Include/cmsis_gcc.h **** #if (defined (__ARM_FEATURE_CMSE ) && (__ARM_FEATURE_CMSE == 3))
 486:../../Drivers/CMSIS/Include/cmsis_gcc.h **** /**
 487:../../Drivers/CMSIS/Include/cmsis_gcc.h ****   \brief   Set Priority Mask (non-secure)
 488:../../Drivers/CMSIS/Include/cmsis_gcc.h ****   \details Assigns the given value to the non-secure Priority Mask Register when in secure state.
 489:../../Drivers/CMSIS/Include/cmsis_gcc.h ****   \param [in]    priMask  Priority Mask
 490:../../Drivers/CMSIS/Include/cmsis_gcc.h ****  */
 491:../../Drivers/CMSIS/Include/cmsis_gcc.h **** __STATIC_FORCEINLINE void __TZ_set_PRIMASK_NS(uint32_t priMask)
 492:../../Drivers/CMSIS/Include/cmsis_gcc.h **** {
 493:../../Drivers/CMSIS/Include/cmsis_gcc.h ****   __ASM volatile ("MSR primask_ns, %0" : : "r" (priMask) : "memory");
 494:../../Drivers/CMSIS/Include/cmsis_gcc.h **** }
 495:../../Drivers/CMSIS/Include/cmsis_gcc.h **** #endif
 496:../../Drivers/CMSIS/Include/cmsis_gcc.h **** 
 497:../../Drivers/CMSIS/Include/cmsis_gcc.h **** 
 498:../../Drivers/CMSIS/Include/cmsis_gcc.h **** #if ((defined (__ARM_ARCH_7M__      ) && (__ARM_ARCH_7M__      == 1)) || \
 499:../../Drivers/CMSIS/Include/cmsis_gcc.h ****      (defined (__ARM_ARCH_7EM__     ) && (__ARM_ARCH_7EM__     == 1)) || \
 500:../../Drivers/CMSIS/Include/cmsis_gcc.h ****      (defined (__ARM_ARCH_8M_MAIN__ ) && (__ARM_ARCH_8M_MAIN__ == 1))    )
 501:../../Drivers/CMSIS/Include/cmsis_gcc.h **** /**
 502:../../Drivers/CMSIS/Include/cmsis_gcc.h ****   \brief   Enable FIQ
 503:../../Drivers/CMSIS/Include/cmsis_gcc.h ****   \details Enables FIQ interrupts by clearing the F-bit in the CPSR.
 504:../../Drivers/CMSIS/Include/cmsis_gcc.h ****            Can only be executed in Privileged modes.
 505:../../Drivers/CMSIS/Include/cmsis_gcc.h ****  */
 506:../../Drivers/CMSIS/Include/cmsis_gcc.h **** __STATIC_FORCEINLINE void __enable_fault_irq(void)
 507:../../Drivers/CMSIS/Include/cmsis_gcc.h **** {
 508:../../Drivers/CMSIS/Include/cmsis_gcc.h ****   __ASM volatile ("cpsie f" : : : "memory");
 509:../../Drivers/CMSIS/Include/cmsis_gcc.h **** }
 510:../../Drivers/CMSIS/Include/cmsis_gcc.h **** 
 511:../../Drivers/CMSIS/Include/cmsis_gcc.h **** 
 512:../../Drivers/CMSIS/Include/cmsis_gcc.h **** /**
 513:../../Drivers/CMSIS/Include/cmsis_gcc.h ****   \brief   Disable FIQ
 514:../../Drivers/CMSIS/Include/cmsis_gcc.h ****   \details Disables FIQ interrupts by setting the F-bit in the CPSR.
 515:../../Drivers/CMSIS/Include/cmsis_gcc.h ****            Can only be executed in Privileged modes.
 516:../../Drivers/CMSIS/Include/cmsis_gcc.h ****  */
 517:../../Drivers/CMSIS/Include/cmsis_gcc.h **** __STATIC_FORCEINLINE void __disable_fault_irq(void)
ARM GAS  /var/folders/2r/mdtt8xvd351gdc398t28_m2m0000gn/T//cc7M34vh.s 			page 41


 518:../../Drivers/CMSIS/Include/cmsis_gcc.h **** {
 519:../../Drivers/CMSIS/Include/cmsis_gcc.h ****   __ASM volatile ("cpsid f" : : : "memory");
 520:../../Drivers/CMSIS/Include/cmsis_gcc.h **** }
 521:../../Drivers/CMSIS/Include/cmsis_gcc.h **** 
 522:../../Drivers/CMSIS/Include/cmsis_gcc.h **** 
 523:../../Drivers/CMSIS/Include/cmsis_gcc.h **** /**
 524:../../Drivers/CMSIS/Include/cmsis_gcc.h ****   \brief   Get Base Priority
 525:../../Drivers/CMSIS/Include/cmsis_gcc.h ****   \details Returns the current value of the Base Priority register.
 526:../../Drivers/CMSIS/Include/cmsis_gcc.h ****   \return               Base Priority register value
 527:../../Drivers/CMSIS/Include/cmsis_gcc.h ****  */
 528:../../Drivers/CMSIS/Include/cmsis_gcc.h **** __STATIC_FORCEINLINE uint32_t __get_BASEPRI(void)
 529:../../Drivers/CMSIS/Include/cmsis_gcc.h **** {
 530:../../Drivers/CMSIS/Include/cmsis_gcc.h ****   uint32_t result;
 531:../../Drivers/CMSIS/Include/cmsis_gcc.h **** 
 532:../../Drivers/CMSIS/Include/cmsis_gcc.h ****   __ASM volatile ("MRS %0, basepri" : "=r" (result) );
 533:../../Drivers/CMSIS/Include/cmsis_gcc.h ****   return(result);
 534:../../Drivers/CMSIS/Include/cmsis_gcc.h **** }
 535:../../Drivers/CMSIS/Include/cmsis_gcc.h **** 
 536:../../Drivers/CMSIS/Include/cmsis_gcc.h **** 
 537:../../Drivers/CMSIS/Include/cmsis_gcc.h **** #if (defined (__ARM_FEATURE_CMSE ) && (__ARM_FEATURE_CMSE == 3))
 538:../../Drivers/CMSIS/Include/cmsis_gcc.h **** /**
 539:../../Drivers/CMSIS/Include/cmsis_gcc.h ****   \brief   Get Base Priority (non-secure)
 540:../../Drivers/CMSIS/Include/cmsis_gcc.h ****   \details Returns the current value of the non-secure Base Priority register when in secure state.
 541:../../Drivers/CMSIS/Include/cmsis_gcc.h ****   \return               Base Priority register value
 542:../../Drivers/CMSIS/Include/cmsis_gcc.h ****  */
 543:../../Drivers/CMSIS/Include/cmsis_gcc.h **** __STATIC_FORCEINLINE uint32_t __TZ_get_BASEPRI_NS(void)
 544:../../Drivers/CMSIS/Include/cmsis_gcc.h **** {
 545:../../Drivers/CMSIS/Include/cmsis_gcc.h ****   uint32_t result;
 546:../../Drivers/CMSIS/Include/cmsis_gcc.h **** 
 547:../../Drivers/CMSIS/Include/cmsis_gcc.h ****   __ASM volatile ("MRS %0, basepri_ns" : "=r" (result) );
 548:../../Drivers/CMSIS/Include/cmsis_gcc.h ****   return(result);
 549:../../Drivers/CMSIS/Include/cmsis_gcc.h **** }
 550:../../Drivers/CMSIS/Include/cmsis_gcc.h **** #endif
 551:../../Drivers/CMSIS/Include/cmsis_gcc.h **** 
 552:../../Drivers/CMSIS/Include/cmsis_gcc.h **** 
 553:../../Drivers/CMSIS/Include/cmsis_gcc.h **** /**
 554:../../Drivers/CMSIS/Include/cmsis_gcc.h ****   \brief   Set Base Priority
 555:../../Drivers/CMSIS/Include/cmsis_gcc.h ****   \details Assigns the given value to the Base Priority register.
 556:../../Drivers/CMSIS/Include/cmsis_gcc.h ****   \param [in]    basePri  Base Priority value to set
 557:../../Drivers/CMSIS/Include/cmsis_gcc.h ****  */
 558:../../Drivers/CMSIS/Include/cmsis_gcc.h **** __STATIC_FORCEINLINE void __set_BASEPRI(uint32_t basePri)
 559:../../Drivers/CMSIS/Include/cmsis_gcc.h **** {
 560:../../Drivers/CMSIS/Include/cmsis_gcc.h ****   __ASM volatile ("MSR basepri, %0" : : "r" (basePri) : "memory");
 561:../../Drivers/CMSIS/Include/cmsis_gcc.h **** }
 562:../../Drivers/CMSIS/Include/cmsis_gcc.h **** 
 563:../../Drivers/CMSIS/Include/cmsis_gcc.h **** 
 564:../../Drivers/CMSIS/Include/cmsis_gcc.h **** #if (defined (__ARM_FEATURE_CMSE ) && (__ARM_FEATURE_CMSE == 3))
 565:../../Drivers/CMSIS/Include/cmsis_gcc.h **** /**
 566:../../Drivers/CMSIS/Include/cmsis_gcc.h ****   \brief   Set Base Priority (non-secure)
 567:../../Drivers/CMSIS/Include/cmsis_gcc.h ****   \details Assigns the given value to the non-secure Base Priority register when in secure state.
 568:../../Drivers/CMSIS/Include/cmsis_gcc.h ****   \param [in]    basePri  Base Priority value to set
 569:../../Drivers/CMSIS/Include/cmsis_gcc.h ****  */
 570:../../Drivers/CMSIS/Include/cmsis_gcc.h **** __STATIC_FORCEINLINE void __TZ_set_BASEPRI_NS(uint32_t basePri)
 571:../../Drivers/CMSIS/Include/cmsis_gcc.h **** {
 572:../../Drivers/CMSIS/Include/cmsis_gcc.h ****   __ASM volatile ("MSR basepri_ns, %0" : : "r" (basePri) : "memory");
 573:../../Drivers/CMSIS/Include/cmsis_gcc.h **** }
 574:../../Drivers/CMSIS/Include/cmsis_gcc.h **** #endif
ARM GAS  /var/folders/2r/mdtt8xvd351gdc398t28_m2m0000gn/T//cc7M34vh.s 			page 42


 575:../../Drivers/CMSIS/Include/cmsis_gcc.h **** 
 576:../../Drivers/CMSIS/Include/cmsis_gcc.h **** 
 577:../../Drivers/CMSIS/Include/cmsis_gcc.h **** /**
 578:../../Drivers/CMSIS/Include/cmsis_gcc.h ****   \brief   Set Base Priority with condition
 579:../../Drivers/CMSIS/Include/cmsis_gcc.h ****   \details Assigns the given value to the Base Priority register only if BASEPRI masking is disable
 580:../../Drivers/CMSIS/Include/cmsis_gcc.h ****            or the new value increases the BASEPRI priority level.
 581:../../Drivers/CMSIS/Include/cmsis_gcc.h ****   \param [in]    basePri  Base Priority value to set
 582:../../Drivers/CMSIS/Include/cmsis_gcc.h ****  */
 583:../../Drivers/CMSIS/Include/cmsis_gcc.h **** __STATIC_FORCEINLINE void __set_BASEPRI_MAX(uint32_t basePri)
 584:../../Drivers/CMSIS/Include/cmsis_gcc.h **** {
 585:../../Drivers/CMSIS/Include/cmsis_gcc.h ****   __ASM volatile ("MSR basepri_max, %0" : : "r" (basePri) : "memory");
 586:../../Drivers/CMSIS/Include/cmsis_gcc.h **** }
 587:../../Drivers/CMSIS/Include/cmsis_gcc.h **** 
 588:../../Drivers/CMSIS/Include/cmsis_gcc.h **** 
 589:../../Drivers/CMSIS/Include/cmsis_gcc.h **** /**
 590:../../Drivers/CMSIS/Include/cmsis_gcc.h ****   \brief   Get Fault Mask
 591:../../Drivers/CMSIS/Include/cmsis_gcc.h ****   \details Returns the current value of the Fault Mask register.
 592:../../Drivers/CMSIS/Include/cmsis_gcc.h ****   \return               Fault Mask register value
 593:../../Drivers/CMSIS/Include/cmsis_gcc.h ****  */
 594:../../Drivers/CMSIS/Include/cmsis_gcc.h **** __STATIC_FORCEINLINE uint32_t __get_FAULTMASK(void)
 595:../../Drivers/CMSIS/Include/cmsis_gcc.h **** {
 596:../../Drivers/CMSIS/Include/cmsis_gcc.h ****   uint32_t result;
 597:../../Drivers/CMSIS/Include/cmsis_gcc.h **** 
 598:../../Drivers/CMSIS/Include/cmsis_gcc.h ****   __ASM volatile ("MRS %0, faultmask" : "=r" (result) );
 599:../../Drivers/CMSIS/Include/cmsis_gcc.h ****   return(result);
 600:../../Drivers/CMSIS/Include/cmsis_gcc.h **** }
 601:../../Drivers/CMSIS/Include/cmsis_gcc.h **** 
 602:../../Drivers/CMSIS/Include/cmsis_gcc.h **** 
 603:../../Drivers/CMSIS/Include/cmsis_gcc.h **** #if (defined (__ARM_FEATURE_CMSE ) && (__ARM_FEATURE_CMSE == 3))
 604:../../Drivers/CMSIS/Include/cmsis_gcc.h **** /**
 605:../../Drivers/CMSIS/Include/cmsis_gcc.h ****   \brief   Get Fault Mask (non-secure)
 606:../../Drivers/CMSIS/Include/cmsis_gcc.h ****   \details Returns the current value of the non-secure Fault Mask register when in secure state.
 607:../../Drivers/CMSIS/Include/cmsis_gcc.h ****   \return               Fault Mask register value
 608:../../Drivers/CMSIS/Include/cmsis_gcc.h ****  */
 609:../../Drivers/CMSIS/Include/cmsis_gcc.h **** __STATIC_FORCEINLINE uint32_t __TZ_get_FAULTMASK_NS(void)
 610:../../Drivers/CMSIS/Include/cmsis_gcc.h **** {
 611:../../Drivers/CMSIS/Include/cmsis_gcc.h ****   uint32_t result;
 612:../../Drivers/CMSIS/Include/cmsis_gcc.h **** 
 613:../../Drivers/CMSIS/Include/cmsis_gcc.h ****   __ASM volatile ("MRS %0, faultmask_ns" : "=r" (result) );
 614:../../Drivers/CMSIS/Include/cmsis_gcc.h ****   return(result);
 615:../../Drivers/CMSIS/Include/cmsis_gcc.h **** }
 616:../../Drivers/CMSIS/Include/cmsis_gcc.h **** #endif
 617:../../Drivers/CMSIS/Include/cmsis_gcc.h **** 
 618:../../Drivers/CMSIS/Include/cmsis_gcc.h **** 
 619:../../Drivers/CMSIS/Include/cmsis_gcc.h **** /**
 620:../../Drivers/CMSIS/Include/cmsis_gcc.h ****   \brief   Set Fault Mask
 621:../../Drivers/CMSIS/Include/cmsis_gcc.h ****   \details Assigns the given value to the Fault Mask register.
 622:../../Drivers/CMSIS/Include/cmsis_gcc.h ****   \param [in]    faultMask  Fault Mask value to set
 623:../../Drivers/CMSIS/Include/cmsis_gcc.h ****  */
 624:../../Drivers/CMSIS/Include/cmsis_gcc.h **** __STATIC_FORCEINLINE void __set_FAULTMASK(uint32_t faultMask)
 625:../../Drivers/CMSIS/Include/cmsis_gcc.h **** {
 626:../../Drivers/CMSIS/Include/cmsis_gcc.h ****   __ASM volatile ("MSR faultmask, %0" : : "r" (faultMask) : "memory");
 627:../../Drivers/CMSIS/Include/cmsis_gcc.h **** }
 628:../../Drivers/CMSIS/Include/cmsis_gcc.h **** 
 629:../../Drivers/CMSIS/Include/cmsis_gcc.h **** 
 630:../../Drivers/CMSIS/Include/cmsis_gcc.h **** #if (defined (__ARM_FEATURE_CMSE ) && (__ARM_FEATURE_CMSE == 3))
 631:../../Drivers/CMSIS/Include/cmsis_gcc.h **** /**
ARM GAS  /var/folders/2r/mdtt8xvd351gdc398t28_m2m0000gn/T//cc7M34vh.s 			page 43


 632:../../Drivers/CMSIS/Include/cmsis_gcc.h ****   \brief   Set Fault Mask (non-secure)
 633:../../Drivers/CMSIS/Include/cmsis_gcc.h ****   \details Assigns the given value to the non-secure Fault Mask register when in secure state.
 634:../../Drivers/CMSIS/Include/cmsis_gcc.h ****   \param [in]    faultMask  Fault Mask value to set
 635:../../Drivers/CMSIS/Include/cmsis_gcc.h ****  */
 636:../../Drivers/CMSIS/Include/cmsis_gcc.h **** __STATIC_FORCEINLINE void __TZ_set_FAULTMASK_NS(uint32_t faultMask)
 637:../../Drivers/CMSIS/Include/cmsis_gcc.h **** {
 638:../../Drivers/CMSIS/Include/cmsis_gcc.h ****   __ASM volatile ("MSR faultmask_ns, %0" : : "r" (faultMask) : "memory");
 639:../../Drivers/CMSIS/Include/cmsis_gcc.h **** }
 640:../../Drivers/CMSIS/Include/cmsis_gcc.h **** #endif
 641:../../Drivers/CMSIS/Include/cmsis_gcc.h **** 
 642:../../Drivers/CMSIS/Include/cmsis_gcc.h **** #endif /* ((defined (__ARM_ARCH_7M__      ) && (__ARM_ARCH_7M__      == 1)) || \
 643:../../Drivers/CMSIS/Include/cmsis_gcc.h ****            (defined (__ARM_ARCH_7EM__     ) && (__ARM_ARCH_7EM__     == 1)) || \
 644:../../Drivers/CMSIS/Include/cmsis_gcc.h ****            (defined (__ARM_ARCH_8M_MAIN__ ) && (__ARM_ARCH_8M_MAIN__ == 1))    ) */
 645:../../Drivers/CMSIS/Include/cmsis_gcc.h **** 
 646:../../Drivers/CMSIS/Include/cmsis_gcc.h **** 
 647:../../Drivers/CMSIS/Include/cmsis_gcc.h **** #if ((defined (__ARM_ARCH_8M_MAIN__ ) && (__ARM_ARCH_8M_MAIN__ == 1)) || \
 648:../../Drivers/CMSIS/Include/cmsis_gcc.h ****      (defined (__ARM_ARCH_8M_BASE__ ) && (__ARM_ARCH_8M_BASE__ == 1))    )
 649:../../Drivers/CMSIS/Include/cmsis_gcc.h **** 
 650:../../Drivers/CMSIS/Include/cmsis_gcc.h **** /**
 651:../../Drivers/CMSIS/Include/cmsis_gcc.h ****   \brief   Get Process Stack Pointer Limit
 652:../../Drivers/CMSIS/Include/cmsis_gcc.h ****   Devices without ARMv8-M Main Extensions (i.e. Cortex-M23) lack the non-secure
 653:../../Drivers/CMSIS/Include/cmsis_gcc.h ****   Stack Pointer Limit register hence zero is returned always in non-secure
 654:../../Drivers/CMSIS/Include/cmsis_gcc.h ****   mode.
 655:../../Drivers/CMSIS/Include/cmsis_gcc.h ****   
 656:../../Drivers/CMSIS/Include/cmsis_gcc.h ****   \details Returns the current value of the Process Stack Pointer Limit (PSPLIM).
 657:../../Drivers/CMSIS/Include/cmsis_gcc.h ****   \return               PSPLIM Register value
 658:../../Drivers/CMSIS/Include/cmsis_gcc.h ****  */
 659:../../Drivers/CMSIS/Include/cmsis_gcc.h **** __STATIC_FORCEINLINE uint32_t __get_PSPLIM(void)
 660:../../Drivers/CMSIS/Include/cmsis_gcc.h **** {
 661:../../Drivers/CMSIS/Include/cmsis_gcc.h **** #if (!(defined (__ARM_ARCH_8M_MAIN__ ) && (__ARM_ARCH_8M_MAIN__ == 1)) && \
 662:../../Drivers/CMSIS/Include/cmsis_gcc.h ****     (!defined (__ARM_FEATURE_CMSE) || (__ARM_FEATURE_CMSE < 3)))
 663:../../Drivers/CMSIS/Include/cmsis_gcc.h ****     // without main extensions, the non-secure PSPLIM is RAZ/WI
 664:../../Drivers/CMSIS/Include/cmsis_gcc.h ****   return 0U;
 665:../../Drivers/CMSIS/Include/cmsis_gcc.h **** #else
 666:../../Drivers/CMSIS/Include/cmsis_gcc.h ****   uint32_t result;
 667:../../Drivers/CMSIS/Include/cmsis_gcc.h ****   __ASM volatile ("MRS %0, psplim"  : "=r" (result) );
 668:../../Drivers/CMSIS/Include/cmsis_gcc.h ****   return result;
 669:../../Drivers/CMSIS/Include/cmsis_gcc.h **** #endif
 670:../../Drivers/CMSIS/Include/cmsis_gcc.h **** }
 671:../../Drivers/CMSIS/Include/cmsis_gcc.h **** 
 672:../../Drivers/CMSIS/Include/cmsis_gcc.h **** #if (defined (__ARM_FEATURE_CMSE) && (__ARM_FEATURE_CMSE == 3))
 673:../../Drivers/CMSIS/Include/cmsis_gcc.h **** /**
 674:../../Drivers/CMSIS/Include/cmsis_gcc.h ****   \brief   Get Process Stack Pointer Limit (non-secure)
 675:../../Drivers/CMSIS/Include/cmsis_gcc.h ****   Devices without ARMv8-M Main Extensions (i.e. Cortex-M23) lack the non-secure
 676:../../Drivers/CMSIS/Include/cmsis_gcc.h ****   Stack Pointer Limit register hence zero is returned always.
 677:../../Drivers/CMSIS/Include/cmsis_gcc.h **** 
 678:../../Drivers/CMSIS/Include/cmsis_gcc.h ****   \details Returns the current value of the non-secure Process Stack Pointer Limit (PSPLIM) when in
 679:../../Drivers/CMSIS/Include/cmsis_gcc.h ****   \return               PSPLIM Register value
 680:../../Drivers/CMSIS/Include/cmsis_gcc.h ****  */
 681:../../Drivers/CMSIS/Include/cmsis_gcc.h **** __STATIC_FORCEINLINE uint32_t __TZ_get_PSPLIM_NS(void)
 682:../../Drivers/CMSIS/Include/cmsis_gcc.h **** {
 683:../../Drivers/CMSIS/Include/cmsis_gcc.h **** #if (!(defined (__ARM_ARCH_8M_MAIN__ ) && (__ARM_ARCH_8M_MAIN__ == 1)))
 684:../../Drivers/CMSIS/Include/cmsis_gcc.h ****   // without main extensions, the non-secure PSPLIM is RAZ/WI
 685:../../Drivers/CMSIS/Include/cmsis_gcc.h ****   return 0U;
 686:../../Drivers/CMSIS/Include/cmsis_gcc.h **** #else
 687:../../Drivers/CMSIS/Include/cmsis_gcc.h ****   uint32_t result;
 688:../../Drivers/CMSIS/Include/cmsis_gcc.h ****   __ASM volatile ("MRS %0, psplim_ns"  : "=r" (result) );
ARM GAS  /var/folders/2r/mdtt8xvd351gdc398t28_m2m0000gn/T//cc7M34vh.s 			page 44


 689:../../Drivers/CMSIS/Include/cmsis_gcc.h ****   return result;
 690:../../Drivers/CMSIS/Include/cmsis_gcc.h **** #endif
 691:../../Drivers/CMSIS/Include/cmsis_gcc.h **** }
 692:../../Drivers/CMSIS/Include/cmsis_gcc.h **** #endif
 693:../../Drivers/CMSIS/Include/cmsis_gcc.h **** 
 694:../../Drivers/CMSIS/Include/cmsis_gcc.h **** 
 695:../../Drivers/CMSIS/Include/cmsis_gcc.h **** /**
 696:../../Drivers/CMSIS/Include/cmsis_gcc.h ****   \brief   Set Process Stack Pointer Limit
 697:../../Drivers/CMSIS/Include/cmsis_gcc.h ****   Devices without ARMv8-M Main Extensions (i.e. Cortex-M23) lack the non-secure
 698:../../Drivers/CMSIS/Include/cmsis_gcc.h ****   Stack Pointer Limit register hence the write is silently ignored in non-secure
 699:../../Drivers/CMSIS/Include/cmsis_gcc.h ****   mode.
 700:../../Drivers/CMSIS/Include/cmsis_gcc.h ****   
 701:../../Drivers/CMSIS/Include/cmsis_gcc.h ****   \details Assigns the given value to the Process Stack Pointer Limit (PSPLIM).
 702:../../Drivers/CMSIS/Include/cmsis_gcc.h ****   \param [in]    ProcStackPtrLimit  Process Stack Pointer Limit value to set
 703:../../Drivers/CMSIS/Include/cmsis_gcc.h ****  */
 704:../../Drivers/CMSIS/Include/cmsis_gcc.h **** __STATIC_FORCEINLINE void __set_PSPLIM(uint32_t ProcStackPtrLimit)
 705:../../Drivers/CMSIS/Include/cmsis_gcc.h **** {
 706:../../Drivers/CMSIS/Include/cmsis_gcc.h **** #if (!(defined (__ARM_ARCH_8M_MAIN__ ) && (__ARM_ARCH_8M_MAIN__ == 1)) && \
 707:../../Drivers/CMSIS/Include/cmsis_gcc.h ****     (!defined (__ARM_FEATURE_CMSE) || (__ARM_FEATURE_CMSE < 3)))
 708:../../Drivers/CMSIS/Include/cmsis_gcc.h ****   // without main extensions, the non-secure PSPLIM is RAZ/WI
 709:../../Drivers/CMSIS/Include/cmsis_gcc.h ****   (void)ProcStackPtrLimit;
 710:../../Drivers/CMSIS/Include/cmsis_gcc.h **** #else
 711:../../Drivers/CMSIS/Include/cmsis_gcc.h ****   __ASM volatile ("MSR psplim, %0" : : "r" (ProcStackPtrLimit));
 712:../../Drivers/CMSIS/Include/cmsis_gcc.h **** #endif
 713:../../Drivers/CMSIS/Include/cmsis_gcc.h **** }
 714:../../Drivers/CMSIS/Include/cmsis_gcc.h **** 
 715:../../Drivers/CMSIS/Include/cmsis_gcc.h **** 
 716:../../Drivers/CMSIS/Include/cmsis_gcc.h **** #if (defined (__ARM_FEATURE_CMSE  ) && (__ARM_FEATURE_CMSE   == 3))
 717:../../Drivers/CMSIS/Include/cmsis_gcc.h **** /**
 718:../../Drivers/CMSIS/Include/cmsis_gcc.h ****   \brief   Set Process Stack Pointer (non-secure)
 719:../../Drivers/CMSIS/Include/cmsis_gcc.h ****   Devices without ARMv8-M Main Extensions (i.e. Cortex-M23) lack the non-secure
 720:../../Drivers/CMSIS/Include/cmsis_gcc.h ****   Stack Pointer Limit register hence the write is silently ignored.
 721:../../Drivers/CMSIS/Include/cmsis_gcc.h **** 
 722:../../Drivers/CMSIS/Include/cmsis_gcc.h ****   \details Assigns the given value to the non-secure Process Stack Pointer Limit (PSPLIM) when in s
 723:../../Drivers/CMSIS/Include/cmsis_gcc.h ****   \param [in]    ProcStackPtrLimit  Process Stack Pointer Limit value to set
 724:../../Drivers/CMSIS/Include/cmsis_gcc.h ****  */
 725:../../Drivers/CMSIS/Include/cmsis_gcc.h **** __STATIC_FORCEINLINE void __TZ_set_PSPLIM_NS(uint32_t ProcStackPtrLimit)
 726:../../Drivers/CMSIS/Include/cmsis_gcc.h **** {
 727:../../Drivers/CMSIS/Include/cmsis_gcc.h **** #if (!(defined (__ARM_ARCH_8M_MAIN__ ) && (__ARM_ARCH_8M_MAIN__ == 1)))
 728:../../Drivers/CMSIS/Include/cmsis_gcc.h ****   // without main extensions, the non-secure PSPLIM is RAZ/WI
 729:../../Drivers/CMSIS/Include/cmsis_gcc.h ****   (void)ProcStackPtrLimit;
 730:../../Drivers/CMSIS/Include/cmsis_gcc.h **** #else
 731:../../Drivers/CMSIS/Include/cmsis_gcc.h ****   __ASM volatile ("MSR psplim_ns, %0\n" : : "r" (ProcStackPtrLimit));
 732:../../Drivers/CMSIS/Include/cmsis_gcc.h **** #endif
 733:../../Drivers/CMSIS/Include/cmsis_gcc.h **** }
 734:../../Drivers/CMSIS/Include/cmsis_gcc.h **** #endif
 735:../../Drivers/CMSIS/Include/cmsis_gcc.h **** 
 736:../../Drivers/CMSIS/Include/cmsis_gcc.h **** 
 737:../../Drivers/CMSIS/Include/cmsis_gcc.h **** /**
 738:../../Drivers/CMSIS/Include/cmsis_gcc.h ****   \brief   Get Main Stack Pointer Limit
 739:../../Drivers/CMSIS/Include/cmsis_gcc.h ****   Devices without ARMv8-M Main Extensions (i.e. Cortex-M23) lack the non-secure
 740:../../Drivers/CMSIS/Include/cmsis_gcc.h ****   Stack Pointer Limit register hence zero is returned always in non-secure
 741:../../Drivers/CMSIS/Include/cmsis_gcc.h ****   mode.
 742:../../Drivers/CMSIS/Include/cmsis_gcc.h **** 
 743:../../Drivers/CMSIS/Include/cmsis_gcc.h ****   \details Returns the current value of the Main Stack Pointer Limit (MSPLIM).
 744:../../Drivers/CMSIS/Include/cmsis_gcc.h ****   \return               MSPLIM Register value
 745:../../Drivers/CMSIS/Include/cmsis_gcc.h ****  */
ARM GAS  /var/folders/2r/mdtt8xvd351gdc398t28_m2m0000gn/T//cc7M34vh.s 			page 45


 746:../../Drivers/CMSIS/Include/cmsis_gcc.h **** __STATIC_FORCEINLINE uint32_t __get_MSPLIM(void)
 747:../../Drivers/CMSIS/Include/cmsis_gcc.h **** {
 748:../../Drivers/CMSIS/Include/cmsis_gcc.h **** #if (!(defined (__ARM_ARCH_8M_MAIN__ ) && (__ARM_ARCH_8M_MAIN__ == 1)) && \
 749:../../Drivers/CMSIS/Include/cmsis_gcc.h ****     (!defined (__ARM_FEATURE_CMSE) || (__ARM_FEATURE_CMSE < 3)))
 750:../../Drivers/CMSIS/Include/cmsis_gcc.h ****   // without main extensions, the non-secure MSPLIM is RAZ/WI
 751:../../Drivers/CMSIS/Include/cmsis_gcc.h ****   return 0U;
 752:../../Drivers/CMSIS/Include/cmsis_gcc.h **** #else
 753:../../Drivers/CMSIS/Include/cmsis_gcc.h ****   uint32_t result;
 754:../../Drivers/CMSIS/Include/cmsis_gcc.h ****   __ASM volatile ("MRS %0, msplim" : "=r" (result) );
 755:../../Drivers/CMSIS/Include/cmsis_gcc.h ****   return result;
 756:../../Drivers/CMSIS/Include/cmsis_gcc.h **** #endif
 757:../../Drivers/CMSIS/Include/cmsis_gcc.h **** }
 758:../../Drivers/CMSIS/Include/cmsis_gcc.h **** 
 759:../../Drivers/CMSIS/Include/cmsis_gcc.h **** 
 760:../../Drivers/CMSIS/Include/cmsis_gcc.h **** #if (defined (__ARM_FEATURE_CMSE  ) && (__ARM_FEATURE_CMSE   == 3))
 761:../../Drivers/CMSIS/Include/cmsis_gcc.h **** /**
 762:../../Drivers/CMSIS/Include/cmsis_gcc.h ****   \brief   Get Main Stack Pointer Limit (non-secure)
 763:../../Drivers/CMSIS/Include/cmsis_gcc.h ****   Devices without ARMv8-M Main Extensions (i.e. Cortex-M23) lack the non-secure
 764:../../Drivers/CMSIS/Include/cmsis_gcc.h ****   Stack Pointer Limit register hence zero is returned always.
 765:../../Drivers/CMSIS/Include/cmsis_gcc.h **** 
 766:../../Drivers/CMSIS/Include/cmsis_gcc.h ****   \details Returns the current value of the non-secure Main Stack Pointer Limit(MSPLIM) when in sec
 767:../../Drivers/CMSIS/Include/cmsis_gcc.h ****   \return               MSPLIM Register value
 768:../../Drivers/CMSIS/Include/cmsis_gcc.h ****  */
 769:../../Drivers/CMSIS/Include/cmsis_gcc.h **** __STATIC_FORCEINLINE uint32_t __TZ_get_MSPLIM_NS(void)
 770:../../Drivers/CMSIS/Include/cmsis_gcc.h **** {
 771:../../Drivers/CMSIS/Include/cmsis_gcc.h **** #if (!(defined (__ARM_ARCH_8M_MAIN__ ) && (__ARM_ARCH_8M_MAIN__ == 1)))
 772:../../Drivers/CMSIS/Include/cmsis_gcc.h ****   // without main extensions, the non-secure MSPLIM is RAZ/WI
 773:../../Drivers/CMSIS/Include/cmsis_gcc.h ****   return 0U;
 774:../../Drivers/CMSIS/Include/cmsis_gcc.h **** #else
 775:../../Drivers/CMSIS/Include/cmsis_gcc.h ****   uint32_t result;
 776:../../Drivers/CMSIS/Include/cmsis_gcc.h ****   __ASM volatile ("MRS %0, msplim_ns" : "=r" (result) );
 777:../../Drivers/CMSIS/Include/cmsis_gcc.h ****   return result;
 778:../../Drivers/CMSIS/Include/cmsis_gcc.h **** #endif
 779:../../Drivers/CMSIS/Include/cmsis_gcc.h **** }
 780:../../Drivers/CMSIS/Include/cmsis_gcc.h **** #endif
 781:../../Drivers/CMSIS/Include/cmsis_gcc.h **** 
 782:../../Drivers/CMSIS/Include/cmsis_gcc.h **** 
 783:../../Drivers/CMSIS/Include/cmsis_gcc.h **** /**
 784:../../Drivers/CMSIS/Include/cmsis_gcc.h ****   \brief   Set Main Stack Pointer Limit
 785:../../Drivers/CMSIS/Include/cmsis_gcc.h ****   Devices without ARMv8-M Main Extensions (i.e. Cortex-M23) lack the non-secure
 786:../../Drivers/CMSIS/Include/cmsis_gcc.h ****   Stack Pointer Limit register hence the write is silently ignored in non-secure
 787:../../Drivers/CMSIS/Include/cmsis_gcc.h ****   mode.
 788:../../Drivers/CMSIS/Include/cmsis_gcc.h **** 
 789:../../Drivers/CMSIS/Include/cmsis_gcc.h ****   \details Assigns the given value to the Main Stack Pointer Limit (MSPLIM).
 790:../../Drivers/CMSIS/Include/cmsis_gcc.h ****   \param [in]    MainStackPtrLimit  Main Stack Pointer Limit value to set
 791:../../Drivers/CMSIS/Include/cmsis_gcc.h ****  */
 792:../../Drivers/CMSIS/Include/cmsis_gcc.h **** __STATIC_FORCEINLINE void __set_MSPLIM(uint32_t MainStackPtrLimit)
 793:../../Drivers/CMSIS/Include/cmsis_gcc.h **** {
 794:../../Drivers/CMSIS/Include/cmsis_gcc.h **** #if (!(defined (__ARM_ARCH_8M_MAIN__ ) && (__ARM_ARCH_8M_MAIN__ == 1)) && \
 795:../../Drivers/CMSIS/Include/cmsis_gcc.h ****     (!defined (__ARM_FEATURE_CMSE) || (__ARM_FEATURE_CMSE < 3)))
 796:../../Drivers/CMSIS/Include/cmsis_gcc.h ****   // without main extensions, the non-secure MSPLIM is RAZ/WI
 797:../../Drivers/CMSIS/Include/cmsis_gcc.h ****   (void)MainStackPtrLimit;
 798:../../Drivers/CMSIS/Include/cmsis_gcc.h **** #else
 799:../../Drivers/CMSIS/Include/cmsis_gcc.h ****   __ASM volatile ("MSR msplim, %0" : : "r" (MainStackPtrLimit));
 800:../../Drivers/CMSIS/Include/cmsis_gcc.h **** #endif
 801:../../Drivers/CMSIS/Include/cmsis_gcc.h **** }
 802:../../Drivers/CMSIS/Include/cmsis_gcc.h **** 
ARM GAS  /var/folders/2r/mdtt8xvd351gdc398t28_m2m0000gn/T//cc7M34vh.s 			page 46


 803:../../Drivers/CMSIS/Include/cmsis_gcc.h **** 
 804:../../Drivers/CMSIS/Include/cmsis_gcc.h **** #if (defined (__ARM_FEATURE_CMSE  ) && (__ARM_FEATURE_CMSE   == 3))
 805:../../Drivers/CMSIS/Include/cmsis_gcc.h **** /**
 806:../../Drivers/CMSIS/Include/cmsis_gcc.h ****   \brief   Set Main Stack Pointer Limit (non-secure)
 807:../../Drivers/CMSIS/Include/cmsis_gcc.h ****   Devices without ARMv8-M Main Extensions (i.e. Cortex-M23) lack the non-secure
 808:../../Drivers/CMSIS/Include/cmsis_gcc.h ****   Stack Pointer Limit register hence the write is silently ignored.
 809:../../Drivers/CMSIS/Include/cmsis_gcc.h **** 
 810:../../Drivers/CMSIS/Include/cmsis_gcc.h ****   \details Assigns the given value to the non-secure Main Stack Pointer Limit (MSPLIM) when in secu
 811:../../Drivers/CMSIS/Include/cmsis_gcc.h ****   \param [in]    MainStackPtrLimit  Main Stack Pointer value to set
 812:../../Drivers/CMSIS/Include/cmsis_gcc.h ****  */
 813:../../Drivers/CMSIS/Include/cmsis_gcc.h **** __STATIC_FORCEINLINE void __TZ_set_MSPLIM_NS(uint32_t MainStackPtrLimit)
 814:../../Drivers/CMSIS/Include/cmsis_gcc.h **** {
 815:../../Drivers/CMSIS/Include/cmsis_gcc.h **** #if (!(defined (__ARM_ARCH_8M_MAIN__ ) && (__ARM_ARCH_8M_MAIN__ == 1)))
 816:../../Drivers/CMSIS/Include/cmsis_gcc.h ****   // without main extensions, the non-secure MSPLIM is RAZ/WI
 817:../../Drivers/CMSIS/Include/cmsis_gcc.h ****   (void)MainStackPtrLimit;
 818:../../Drivers/CMSIS/Include/cmsis_gcc.h **** #else
 819:../../Drivers/CMSIS/Include/cmsis_gcc.h ****   __ASM volatile ("MSR msplim_ns, %0" : : "r" (MainStackPtrLimit));
 820:../../Drivers/CMSIS/Include/cmsis_gcc.h **** #endif
 821:../../Drivers/CMSIS/Include/cmsis_gcc.h **** }
 822:../../Drivers/CMSIS/Include/cmsis_gcc.h **** #endif
 823:../../Drivers/CMSIS/Include/cmsis_gcc.h **** 
 824:../../Drivers/CMSIS/Include/cmsis_gcc.h **** #endif /* ((defined (__ARM_ARCH_8M_MAIN__ ) && (__ARM_ARCH_8M_MAIN__ == 1)) || \
 825:../../Drivers/CMSIS/Include/cmsis_gcc.h ****            (defined (__ARM_ARCH_8M_BASE__ ) && (__ARM_ARCH_8M_BASE__ == 1))    ) */
 826:../../Drivers/CMSIS/Include/cmsis_gcc.h **** 
 827:../../Drivers/CMSIS/Include/cmsis_gcc.h **** 
 828:../../Drivers/CMSIS/Include/cmsis_gcc.h **** /**
 829:../../Drivers/CMSIS/Include/cmsis_gcc.h ****   \brief   Get FPSCR
 830:../../Drivers/CMSIS/Include/cmsis_gcc.h ****   \details Returns the current value of the Floating Point Status/Control register.
 831:../../Drivers/CMSIS/Include/cmsis_gcc.h ****   \return               Floating Point Status/Control register value
 832:../../Drivers/CMSIS/Include/cmsis_gcc.h ****  */
 833:../../Drivers/CMSIS/Include/cmsis_gcc.h **** __STATIC_FORCEINLINE uint32_t __get_FPSCR(void)
 834:../../Drivers/CMSIS/Include/cmsis_gcc.h **** {
 835:../../Drivers/CMSIS/Include/cmsis_gcc.h **** #if ((defined (__FPU_PRESENT) && (__FPU_PRESENT == 1U)) && \
 836:../../Drivers/CMSIS/Include/cmsis_gcc.h ****      (defined (__FPU_USED   ) && (__FPU_USED    == 1U))     )
 837:../../Drivers/CMSIS/Include/cmsis_gcc.h **** #if __has_builtin(__builtin_arm_get_fpscr) 
 838:../../Drivers/CMSIS/Include/cmsis_gcc.h **** // Re-enable using built-in when GCC has been fixed
 839:../../Drivers/CMSIS/Include/cmsis_gcc.h **** // || (__GNUC__ > 7) || (__GNUC__ == 7 && __GNUC_MINOR__ >= 2)
 840:../../Drivers/CMSIS/Include/cmsis_gcc.h ****   /* see https://gcc.gnu.org/ml/gcc-patches/2017-04/msg00443.html */
 841:../../Drivers/CMSIS/Include/cmsis_gcc.h ****   return __builtin_arm_get_fpscr();
 842:../../Drivers/CMSIS/Include/cmsis_gcc.h **** #else
 843:../../Drivers/CMSIS/Include/cmsis_gcc.h ****   uint32_t result;
 844:../../Drivers/CMSIS/Include/cmsis_gcc.h **** 
 845:../../Drivers/CMSIS/Include/cmsis_gcc.h ****   __ASM volatile ("VMRS %0, fpscr" : "=r" (result) );
 846:../../Drivers/CMSIS/Include/cmsis_gcc.h ****   return(result);
 847:../../Drivers/CMSIS/Include/cmsis_gcc.h **** #endif
 848:../../Drivers/CMSIS/Include/cmsis_gcc.h **** #else
 849:../../Drivers/CMSIS/Include/cmsis_gcc.h ****   return(0U);
 850:../../Drivers/CMSIS/Include/cmsis_gcc.h **** #endif
 851:../../Drivers/CMSIS/Include/cmsis_gcc.h **** }
 852:../../Drivers/CMSIS/Include/cmsis_gcc.h **** 
 853:../../Drivers/CMSIS/Include/cmsis_gcc.h **** 
 854:../../Drivers/CMSIS/Include/cmsis_gcc.h **** /**
 855:../../Drivers/CMSIS/Include/cmsis_gcc.h ****   \brief   Set FPSCR
 856:../../Drivers/CMSIS/Include/cmsis_gcc.h ****   \details Assigns the given value to the Floating Point Status/Control register.
 857:../../Drivers/CMSIS/Include/cmsis_gcc.h ****   \param [in]    fpscr  Floating Point Status/Control value to set
 858:../../Drivers/CMSIS/Include/cmsis_gcc.h ****  */
 859:../../Drivers/CMSIS/Include/cmsis_gcc.h **** __STATIC_FORCEINLINE void __set_FPSCR(uint32_t fpscr)
ARM GAS  /var/folders/2r/mdtt8xvd351gdc398t28_m2m0000gn/T//cc7M34vh.s 			page 47


 860:../../Drivers/CMSIS/Include/cmsis_gcc.h **** {
 861:../../Drivers/CMSIS/Include/cmsis_gcc.h **** #if ((defined (__FPU_PRESENT) && (__FPU_PRESENT == 1U)) && \
 862:../../Drivers/CMSIS/Include/cmsis_gcc.h ****      (defined (__FPU_USED   ) && (__FPU_USED    == 1U))     )
 863:../../Drivers/CMSIS/Include/cmsis_gcc.h **** #if __has_builtin(__builtin_arm_set_fpscr)
 864:../../Drivers/CMSIS/Include/cmsis_gcc.h **** // Re-enable using built-in when GCC has been fixed
 865:../../Drivers/CMSIS/Include/cmsis_gcc.h **** // || (__GNUC__ > 7) || (__GNUC__ == 7 && __GNUC_MINOR__ >= 2)
 866:../../Drivers/CMSIS/Include/cmsis_gcc.h ****   /* see https://gcc.gnu.org/ml/gcc-patches/2017-04/msg00443.html */
 867:../../Drivers/CMSIS/Include/cmsis_gcc.h ****   __builtin_arm_set_fpscr(fpscr);
 868:../../Drivers/CMSIS/Include/cmsis_gcc.h **** #else
 869:../../Drivers/CMSIS/Include/cmsis_gcc.h ****   __ASM volatile ("VMSR fpscr, %0" : : "r" (fpscr) : "vfpcc", "memory");
 870:../../Drivers/CMSIS/Include/cmsis_gcc.h **** #endif
 871:../../Drivers/CMSIS/Include/cmsis_gcc.h **** #else
 872:../../Drivers/CMSIS/Include/cmsis_gcc.h ****   (void)fpscr;
 873:../../Drivers/CMSIS/Include/cmsis_gcc.h **** #endif
 874:../../Drivers/CMSIS/Include/cmsis_gcc.h **** }
 875:../../Drivers/CMSIS/Include/cmsis_gcc.h **** 
 876:../../Drivers/CMSIS/Include/cmsis_gcc.h **** 
 877:../../Drivers/CMSIS/Include/cmsis_gcc.h **** /*@} end of CMSIS_Core_RegAccFunctions */
 878:../../Drivers/CMSIS/Include/cmsis_gcc.h **** 
 879:../../Drivers/CMSIS/Include/cmsis_gcc.h **** 
 880:../../Drivers/CMSIS/Include/cmsis_gcc.h **** /* ##########################  Core Instruction Access  ######################### */
 881:../../Drivers/CMSIS/Include/cmsis_gcc.h **** /** \defgroup CMSIS_Core_InstructionInterface CMSIS Core Instruction Interface
 882:../../Drivers/CMSIS/Include/cmsis_gcc.h ****   Access to dedicated instructions
 883:../../Drivers/CMSIS/Include/cmsis_gcc.h ****   @{
 884:../../Drivers/CMSIS/Include/cmsis_gcc.h **** */
 885:../../Drivers/CMSIS/Include/cmsis_gcc.h **** 
 886:../../Drivers/CMSIS/Include/cmsis_gcc.h **** /* Define macros for porting to both thumb1 and thumb2.
 887:../../Drivers/CMSIS/Include/cmsis_gcc.h ****  * For thumb1, use low register (r0-r7), specified by constraint "l"
 888:../../Drivers/CMSIS/Include/cmsis_gcc.h ****  * Otherwise, use general registers, specified by constraint "r" */
 889:../../Drivers/CMSIS/Include/cmsis_gcc.h **** #if defined (__thumb__) && !defined (__thumb2__)
 890:../../Drivers/CMSIS/Include/cmsis_gcc.h **** #define __CMSIS_GCC_OUT_REG(r) "=l" (r)
 891:../../Drivers/CMSIS/Include/cmsis_gcc.h **** #define __CMSIS_GCC_RW_REG(r) "+l" (r)
 892:../../Drivers/CMSIS/Include/cmsis_gcc.h **** #define __CMSIS_GCC_USE_REG(r) "l" (r)
 893:../../Drivers/CMSIS/Include/cmsis_gcc.h **** #else
 894:../../Drivers/CMSIS/Include/cmsis_gcc.h **** #define __CMSIS_GCC_OUT_REG(r) "=r" (r)
 895:../../Drivers/CMSIS/Include/cmsis_gcc.h **** #define __CMSIS_GCC_RW_REG(r) "+r" (r)
 896:../../Drivers/CMSIS/Include/cmsis_gcc.h **** #define __CMSIS_GCC_USE_REG(r) "r" (r)
 897:../../Drivers/CMSIS/Include/cmsis_gcc.h **** #endif
 898:../../Drivers/CMSIS/Include/cmsis_gcc.h **** 
 899:../../Drivers/CMSIS/Include/cmsis_gcc.h **** /**
 900:../../Drivers/CMSIS/Include/cmsis_gcc.h ****   \brief   No Operation
 901:../../Drivers/CMSIS/Include/cmsis_gcc.h ****   \details No Operation does nothing. This instruction can be used for code alignment purposes.
 902:../../Drivers/CMSIS/Include/cmsis_gcc.h ****  */
 903:../../Drivers/CMSIS/Include/cmsis_gcc.h **** #define __NOP()                             __ASM volatile ("nop")
 904:../../Drivers/CMSIS/Include/cmsis_gcc.h **** 
 905:../../Drivers/CMSIS/Include/cmsis_gcc.h **** /**
 906:../../Drivers/CMSIS/Include/cmsis_gcc.h ****   \brief   Wait For Interrupt
 907:../../Drivers/CMSIS/Include/cmsis_gcc.h ****   \details Wait For Interrupt is a hint instruction that suspends execution until one of a number o
 908:../../Drivers/CMSIS/Include/cmsis_gcc.h ****  */
 909:../../Drivers/CMSIS/Include/cmsis_gcc.h **** #define __WFI()                             __ASM volatile ("wfi")
 910:../../Drivers/CMSIS/Include/cmsis_gcc.h **** 
 911:../../Drivers/CMSIS/Include/cmsis_gcc.h **** 
 912:../../Drivers/CMSIS/Include/cmsis_gcc.h **** /**
 913:../../Drivers/CMSIS/Include/cmsis_gcc.h ****   \brief   Wait For Event
 914:../../Drivers/CMSIS/Include/cmsis_gcc.h ****   \details Wait For Event is a hint instruction that permits the processor to enter
 915:../../Drivers/CMSIS/Include/cmsis_gcc.h ****            a low-power state until one of a number of events occurs.
 916:../../Drivers/CMSIS/Include/cmsis_gcc.h ****  */
ARM GAS  /var/folders/2r/mdtt8xvd351gdc398t28_m2m0000gn/T//cc7M34vh.s 			page 48


 917:../../Drivers/CMSIS/Include/cmsis_gcc.h **** #define __WFE()                             __ASM volatile ("wfe")
 918:../../Drivers/CMSIS/Include/cmsis_gcc.h **** 
 919:../../Drivers/CMSIS/Include/cmsis_gcc.h **** 
 920:../../Drivers/CMSIS/Include/cmsis_gcc.h **** /**
 921:../../Drivers/CMSIS/Include/cmsis_gcc.h ****   \brief   Send Event
 922:../../Drivers/CMSIS/Include/cmsis_gcc.h ****   \details Send Event is a hint instruction. It causes an event to be signaled to the CPU.
 923:../../Drivers/CMSIS/Include/cmsis_gcc.h ****  */
 924:../../Drivers/CMSIS/Include/cmsis_gcc.h **** #define __SEV()                             __ASM volatile ("sev")
 925:../../Drivers/CMSIS/Include/cmsis_gcc.h **** 
 926:../../Drivers/CMSIS/Include/cmsis_gcc.h **** 
 927:../../Drivers/CMSIS/Include/cmsis_gcc.h **** /**
 928:../../Drivers/CMSIS/Include/cmsis_gcc.h ****   \brief   Instruction Synchronization Barrier
 929:../../Drivers/CMSIS/Include/cmsis_gcc.h ****   \details Instruction Synchronization Barrier flushes the pipeline in the processor,
 930:../../Drivers/CMSIS/Include/cmsis_gcc.h ****            so that all instructions following the ISB are fetched from cache or memory,
 931:../../Drivers/CMSIS/Include/cmsis_gcc.h ****            after the instruction has been completed.
 932:../../Drivers/CMSIS/Include/cmsis_gcc.h ****  */
 933:../../Drivers/CMSIS/Include/cmsis_gcc.h **** __STATIC_FORCEINLINE void __ISB(void)
 934:../../Drivers/CMSIS/Include/cmsis_gcc.h **** {
 935:../../Drivers/CMSIS/Include/cmsis_gcc.h ****   __ASM volatile ("isb 0xF":::"memory");
 936:../../Drivers/CMSIS/Include/cmsis_gcc.h **** }
 937:../../Drivers/CMSIS/Include/cmsis_gcc.h **** 
 938:../../Drivers/CMSIS/Include/cmsis_gcc.h **** 
 939:../../Drivers/CMSIS/Include/cmsis_gcc.h **** /**
 940:../../Drivers/CMSIS/Include/cmsis_gcc.h ****   \brief   Data Synchronization Barrier
 941:../../Drivers/CMSIS/Include/cmsis_gcc.h ****   \details Acts as a special kind of Data Memory Barrier.
 942:../../Drivers/CMSIS/Include/cmsis_gcc.h ****            It completes when all explicit memory accesses before this instruction complete.
 943:../../Drivers/CMSIS/Include/cmsis_gcc.h ****  */
 944:../../Drivers/CMSIS/Include/cmsis_gcc.h **** __STATIC_FORCEINLINE void __DSB(void)
 945:../../Drivers/CMSIS/Include/cmsis_gcc.h **** {
 946:../../Drivers/CMSIS/Include/cmsis_gcc.h ****   __ASM volatile ("dsb 0xF":::"memory");
 947:../../Drivers/CMSIS/Include/cmsis_gcc.h **** }
 948:../../Drivers/CMSIS/Include/cmsis_gcc.h **** 
 949:../../Drivers/CMSIS/Include/cmsis_gcc.h **** 
 950:../../Drivers/CMSIS/Include/cmsis_gcc.h **** /**
 951:../../Drivers/CMSIS/Include/cmsis_gcc.h ****   \brief   Data Memory Barrier
 952:../../Drivers/CMSIS/Include/cmsis_gcc.h ****   \details Ensures the apparent order of the explicit memory operations before
 953:../../Drivers/CMSIS/Include/cmsis_gcc.h ****            and after the instruction, without ensuring their completion.
 954:../../Drivers/CMSIS/Include/cmsis_gcc.h ****  */
 955:../../Drivers/CMSIS/Include/cmsis_gcc.h **** __STATIC_FORCEINLINE void __DMB(void)
 785              		.loc 2 955 27 view .LVU195
 786              	.LBB23:
 956:../../Drivers/CMSIS/Include/cmsis_gcc.h **** {
 957:../../Drivers/CMSIS/Include/cmsis_gcc.h ****   __ASM volatile ("dmb 0xF":::"memory");
 787              		.loc 2 957 3 view .LVU196
 788              		.syntax unified
 789              	@ 957 "../../Drivers/CMSIS/Include/cmsis_gcc.h" 1
 790 0002 BFF35F8F 		dmb 0xF
 791              	@ 0 "" 2
 792              		.thumb
 793              		.syntax unified
 794              	.LBE23:
 795              	.LBE22:
 169:../../CM7/LWIP/Target/ethernetif.c **** 
 796              		.loc 1 169 5 view .LVU197
 797              	.LBB24:
 798              	.LBI24:
 944:../../Drivers/CMSIS/Include/cmsis_gcc.h **** {
ARM GAS  /var/folders/2r/mdtt8xvd351gdc398t28_m2m0000gn/T//cc7M34vh.s 			page 49


 799              		.loc 2 944 27 view .LVU198
 800              	.LBB25:
 946:../../Drivers/CMSIS/Include/cmsis_gcc.h **** }
 801              		.loc 2 946 3 view .LVU199
 802              		.syntax unified
 803              	@ 946 "../../Drivers/CMSIS/Include/cmsis_gcc.h" 1
 804 0006 BFF34F8F 		dsb 0xF
 805              	@ 0 "" 2
 806              		.thumb
 807              		.syntax unified
 808              	.LBE25:
 809              	.LBE24:
 172:../../CM7/LWIP/Target/ethernetif.c **** }
 810              		.loc 1 172 5 view .LVU200
 172:../../CM7/LWIP/Target/ethernetif.c **** }
 811              		.loc 1 172 12 is_stmt 0 view .LVU201
 812 000a FFF7FEFF 		bl	HAL_ETH_Transmit_IT
 813              	.LVL69:
 173:../../CM7/LWIP/Target/ethernetif.c **** /* USER CODE END 3 */
 814              		.loc 1 173 1 view .LVU202
 815 000e 08BD     		pop	{r3, pc}
 816              		.cfi_endproc
 817              	.LFE174:
 819              		.section	.text.low_level_output,"ax",%progbits
 820              		.align	1
 821              		.syntax unified
 822              		.thumb
 823              		.thumb_func
 825              	low_level_output:
 826              	.LVL70:
 827              	.LFB179:
 397:../../CM7/LWIP/Target/ethernetif.c ****   uint32_t i = 0U;
 828              		.loc 1 397 1 is_stmt 1 view -0
 829              		.cfi_startproc
 830              		@ args = 0, pretend = 0, frame = 48
 831              		@ frame_needed = 0, uses_anonymous_args = 0
 397:../../CM7/LWIP/Target/ethernetif.c ****   uint32_t i = 0U;
 832              		.loc 1 397 1 is_stmt 0 view .LVU204
 833 0000 70B5     		push	{r4, r5, r6, lr}
 834              	.LCFI14:
 835              		.cfi_def_cfa_offset 16
 836              		.cfi_offset 4, -16
 837              		.cfi_offset 5, -12
 838              		.cfi_offset 6, -8
 839              		.cfi_offset 14, -4
 840 0002 8CB0     		sub	sp, sp, #48
 841              	.LCFI15:
 842              		.cfi_def_cfa_offset 64
 843 0004 0C46     		mov	r4, r1
 398:../../CM7/LWIP/Target/ethernetif.c ****   struct pbuf *q = NULL;
 844              		.loc 1 398 3 is_stmt 1 view .LVU205
 845              	.LVL71:
 399:../../CM7/LWIP/Target/ethernetif.c ****   err_t errval = ERR_OK;
 846              		.loc 1 399 3 view .LVU206
 400:../../CM7/LWIP/Target/ethernetif.c ****   ETH_BufferTypeDef Txbuffer[ETH_TX_DESC_CNT] = {0};
 847              		.loc 1 400 3 view .LVU207
 401:../../CM7/LWIP/Target/ethernetif.c **** 
ARM GAS  /var/folders/2r/mdtt8xvd351gdc398t28_m2m0000gn/T//cc7M34vh.s 			page 50


 848              		.loc 1 401 3 view .LVU208
 401:../../CM7/LWIP/Target/ethernetif.c **** 
 849              		.loc 1 401 21 is_stmt 0 view .LVU209
 850 0006 3026     		movs	r6, #48
 851 0008 3246     		mov	r2, r6
 852 000a 0021     		movs	r1, #0
 853              	.LVL72:
 401:../../CM7/LWIP/Target/ethernetif.c **** 
 854              		.loc 1 401 21 view .LVU210
 855 000c 6846     		mov	r0, sp
 856              	.LVL73:
 401:../../CM7/LWIP/Target/ethernetif.c **** 
 857              		.loc 1 401 21 view .LVU211
 858 000e FFF7FEFF 		bl	memset
 859              	.LVL74:
 403:../../CM7/LWIP/Target/ethernetif.c **** 
 860              		.loc 1 403 3 is_stmt 1 view .LVU212
 861 0012 3246     		mov	r2, r6
 862 0014 0021     		movs	r1, #0
 863 0016 6846     		mov	r0, sp
 864 0018 FFF7FEFF 		bl	memset
 865              	.LVL75:
 405:../../CM7/LWIP/Target/ethernetif.c ****   {
 866              		.loc 1 405 3 view .LVU213
 405:../../CM7/LWIP/Target/ethernetif.c ****   {
 867              		.loc 1 405 9 is_stmt 0 view .LVU214
 868 001c 2246     		mov	r2, r4
 398:../../CM7/LWIP/Target/ethernetif.c ****   struct pbuf *q = NULL;
 869              		.loc 1 398 12 view .LVU215
 870 001e 0023     		movs	r3, #0
 405:../../CM7/LWIP/Target/ethernetif.c ****   {
 871              		.loc 1 405 3 view .LVU216
 872 0020 03E0     		b	.L60
 873              	.LVL76:
 874              	.L62:
 418:../../CM7/LWIP/Target/ethernetif.c ****     {
 875              		.loc 1 418 5 is_stmt 1 view .LVU217
 418:../../CM7/LWIP/Target/ethernetif.c ****     {
 876              		.loc 1 418 9 is_stmt 0 view .LVU218
 877 0022 1168     		ldr	r1, [r2]
 418:../../CM7/LWIP/Target/ethernetif.c ****     {
 878              		.loc 1 418 7 view .LVU219
 879 0024 F9B1     		cbz	r1, .L71
 880              	.L63:
 423:../../CM7/LWIP/Target/ethernetif.c ****   }
 881              		.loc 1 423 5 is_stmt 1 view .LVU220
 423:../../CM7/LWIP/Target/ethernetif.c ****   }
 882              		.loc 1 423 6 is_stmt 0 view .LVU221
 883 0026 0133     		adds	r3, r3, #1
 884              	.LVL77:
 405:../../CM7/LWIP/Target/ethernetif.c ****   {
 885              		.loc 1 405 27 is_stmt 1 discriminator 2 view .LVU222
 886 0028 1268     		ldr	r2, [r2]
 887              	.LVL78:
 888              	.L60:
 405:../../CM7/LWIP/Target/ethernetif.c ****   {
 889              		.loc 1 405 16 discriminator 1 view .LVU223
ARM GAS  /var/folders/2r/mdtt8xvd351gdc398t28_m2m0000gn/T//cc7M34vh.s 			page 51


 890 002a 2AB3     		cbz	r2, .L72
 407:../../CM7/LWIP/Target/ethernetif.c ****       return ERR_IF;
 891              		.loc 1 407 5 view .LVU224
 407:../../CM7/LWIP/Target/ethernetif.c ****       return ERR_IF;
 892              		.loc 1 407 7 is_stmt 0 view .LVU225
 893 002c 032B     		cmp	r3, #3
 894 002e 4FD8     		bhi	.L68
 410:../../CM7/LWIP/Target/ethernetif.c ****     Txbuffer[i].len = q->len;
 895              		.loc 1 410 5 is_stmt 1 view .LVU226
 410:../../CM7/LWIP/Target/ethernetif.c ****     Txbuffer[i].len = q->len;
 896              		.loc 1 410 27 is_stmt 0 view .LVU227
 897 0030 5168     		ldr	r1, [r2, #4]
 410:../../CM7/LWIP/Target/ethernetif.c ****     Txbuffer[i].len = q->len;
 898              		.loc 1 410 24 view .LVU228
 899 0032 03EB430C 		add	ip, r3, r3, lsl #1
 900 0036 0CA8     		add	r0, sp, #48
 901 0038 00EB8C0C 		add	ip, r0, ip, lsl #2
 902 003c 4CF8301C 		str	r1, [ip, #-48]
 411:../../CM7/LWIP/Target/ethernetif.c **** 
 903              		.loc 1 411 5 is_stmt 1 view .LVU229
 411:../../CM7/LWIP/Target/ethernetif.c **** 
 904              		.loc 1 411 24 is_stmt 0 view .LVU230
 905 0040 5189     		ldrh	r1, [r2, #10]
 411:../../CM7/LWIP/Target/ethernetif.c **** 
 906              		.loc 1 411 21 view .LVU231
 907 0042 4CF82C1C 		str	r1, [ip, #-44]
 413:../../CM7/LWIP/Target/ethernetif.c ****     {
 908              		.loc 1 413 5 is_stmt 1 view .LVU232
 413:../../CM7/LWIP/Target/ethernetif.c ****     {
 909              		.loc 1 413 7 is_stmt 0 view .LVU233
 910 0046 002B     		cmp	r3, #0
 911 0048 EBD0     		beq	.L62
 415:../../CM7/LWIP/Target/ethernetif.c ****     }
 912              		.loc 1 415 7 is_stmt 1 view .LVU234
 415:../../CM7/LWIP/Target/ethernetif.c ****     }
 913              		.loc 1 415 17 is_stmt 0 view .LVU235
 914 004a 03F1FF3C 		add	ip, r3, #-1
 415:../../CM7/LWIP/Target/ethernetif.c ****     }
 915              		.loc 1 415 28 view .LVU236
 916 004e 03EB4300 		add	r0, r3, r3, lsl #1
 917 0052 0DEB8001 		add	r1, sp, r0, lsl #2
 415:../../CM7/LWIP/Target/ethernetif.c ****     }
 918              		.loc 1 415 26 view .LVU237
 919 0056 0CEB4C0C 		add	ip, ip, ip, lsl #1
 920 005a 0CA8     		add	r0, sp, #48
 921 005c 00EB8C0C 		add	ip, r0, ip, lsl #2
 922 0060 4CF8281C 		str	r1, [ip, #-40]
 923 0064 DDE7     		b	.L62
 924              	.L71:
 420:../../CM7/LWIP/Target/ethernetif.c ****     }
 925              		.loc 1 420 7 is_stmt 1 view .LVU238
 420:../../CM7/LWIP/Target/ethernetif.c ****     }
 926              		.loc 1 420 24 is_stmt 0 view .LVU239
 927 0066 03EB4301 		add	r1, r3, r3, lsl #1
 928 006a 0CA8     		add	r0, sp, #48
 929 006c 00EB8101 		add	r1, r0, r1, lsl #2
 930 0070 0020     		movs	r0, #0
ARM GAS  /var/folders/2r/mdtt8xvd351gdc398t28_m2m0000gn/T//cc7M34vh.s 			page 52


 931 0072 41F8280C 		str	r0, [r1, #-40]
 932 0076 D6E7     		b	.L63
 933              	.L72:
 426:../../CM7/LWIP/Target/ethernetif.c ****   TxConfig.TxBuffer = Txbuffer;
 934              		.loc 1 426 3 is_stmt 1 view .LVU240
 426:../../CM7/LWIP/Target/ethernetif.c ****   TxConfig.TxBuffer = Txbuffer;
 935              		.loc 1 426 22 is_stmt 0 view .LVU241
 936 0078 2289     		ldrh	r2, [r4, #8]
 937              	.LVL79:
 426:../../CM7/LWIP/Target/ethernetif.c ****   TxConfig.TxBuffer = Txbuffer;
 938              		.loc 1 426 19 view .LVU242
 939 007a 174B     		ldr	r3, .L74
 940              	.LVL80:
 426:../../CM7/LWIP/Target/ethernetif.c ****   TxConfig.TxBuffer = Txbuffer;
 941              		.loc 1 426 19 view .LVU243
 942 007c 5A60     		str	r2, [r3, #4]
 427:../../CM7/LWIP/Target/ethernetif.c ****   TxConfig.pData = p;
 943              		.loc 1 427 3 is_stmt 1 view .LVU244
 427:../../CM7/LWIP/Target/ethernetif.c ****   TxConfig.pData = p;
 944              		.loc 1 427 21 is_stmt 0 view .LVU245
 945 007e C3F808D0 		str	sp, [r3, #8]
 428:../../CM7/LWIP/Target/ethernetif.c **** 
 946              		.loc 1 428 3 is_stmt 1 view .LVU246
 428:../../CM7/LWIP/Target/ethernetif.c **** 
 947              		.loc 1 428 18 is_stmt 0 view .LVU247
 948 0082 5C63     		str	r4, [r3, #52]
 430:../../CM7/LWIP/Target/ethernetif.c **** 
 949              		.loc 1 430 3 is_stmt 1 view .LVU248
 950 0084 2046     		mov	r0, r4
 951 0086 FFF7FEFF 		bl	pbuf_ref
 952              	.LVL81:
 953 008a 13E0     		b	.L67
 954              	.LVL82:
 955              	.L73:
 441:../../CM7/LWIP/Target/ethernetif.c ****       {
 956              		.loc 1 441 7 view .LVU249
 441:../../CM7/LWIP/Target/ethernetif.c ****       {
 957              		.loc 1 441 10 is_stmt 0 view .LVU250
 958 008c 1348     		ldr	r0, .L74+4
 959 008e FFF7FEFF 		bl	HAL_ETH_GetError
 960              	.LVL83:
 441:../../CM7/LWIP/Target/ethernetif.c ****       {
 961              		.loc 1 441 9 discriminator 1 view .LVU251
 962 0092 10F0020F 		tst	r0, #2
 963 0096 15D0     		beq	.L66
 444:../../CM7/LWIP/Target/ethernetif.c ****         HAL_ETH_ReleaseTxPacket(&heth);
 964              		.loc 1 444 9 is_stmt 1 view .LVU252
 965 0098 4FF4FA61 		mov	r1, #2000
 966 009c 104B     		ldr	r3, .L74+8
 967 009e 1868     		ldr	r0, [r3]
 968 00a0 FFF7FEFF 		bl	osSemaphoreAcquire
 969              	.LVL84:
 445:../../CM7/LWIP/Target/ethernetif.c ****         errval = ERR_BUF;
 970              		.loc 1 445 9 view .LVU253
 971 00a4 0D48     		ldr	r0, .L74+4
 972 00a6 FFF7FEFF 		bl	HAL_ETH_ReleaseTxPacket
 973              	.LVL85:
ARM GAS  /var/folders/2r/mdtt8xvd351gdc398t28_m2m0000gn/T//cc7M34vh.s 			page 53


 446:../../CM7/LWIP/Target/ethernetif.c ****       }
 974              		.loc 1 446 9 view .LVU254
 446:../../CM7/LWIP/Target/ethernetif.c ****       }
 975              		.loc 1 446 16 is_stmt 0 view .LVU255
 976 00aa 6FF00100 		mvn	r0, #1
 977              	.LVL86:
 978              	.L65:
 455:../../CM7/LWIP/Target/ethernetif.c **** 
 979              		.loc 1 455 17 is_stmt 1 view .LVU256
 980 00ae 10F1020F 		cmn	r0, #2
 981 00b2 0FD1     		bne	.L61
 982              	.LVL87:
 983              	.L67:
 432:../../CM7/LWIP/Target/ethernetif.c ****   {
 984              		.loc 1 432 3 view .LVU257
 434:../../CM7/LWIP/Target/ethernetif.c ****     {
 985              		.loc 1 434 7 view .LVU258
 434:../../CM7/LWIP/Target/ethernetif.c ****     {
 986              		.loc 1 434 10 is_stmt 0 view .LVU259
 987 00b4 0849     		ldr	r1, .L74
 988 00b6 0948     		ldr	r0, .L74+4
 989 00b8 FFF7FEFF 		bl	HAL_ETH_Transmit_IT_Safe
 990              	.LVL88:
 434:../../CM7/LWIP/Target/ethernetif.c ****     {
 991              		.loc 1 434 9 discriminator 1 view .LVU260
 992 00bc 0028     		cmp	r0, #0
 993 00be E5D1     		bne	.L73
 436:../../CM7/LWIP/Target/ethernetif.c ****     }
 994              		.loc 1 436 14 view .LVU261
 995 00c0 0020     		movs	r0, #0
 996 00c2 F4E7     		b	.L65
 997              	.L66:
 451:../../CM7/LWIP/Target/ethernetif.c ****         errval =  ERR_IF;
 998              		.loc 1 451 9 is_stmt 1 view .LVU262
 999 00c4 2046     		mov	r0, r4
 1000 00c6 FFF7FEFF 		bl	pbuf_free
 1001              	.LVL89:
 452:../../CM7/LWIP/Target/ethernetif.c ****       }
 1002              		.loc 1 452 9 view .LVU263
 452:../../CM7/LWIP/Target/ethernetif.c ****       }
 1003              		.loc 1 452 16 is_stmt 0 view .LVU264
 1004 00ca 6FF00B00 		mvn	r0, #11
 1005 00ce EEE7     		b	.L65
 1006              	.LVL90:
 1007              	.L68:
 408:../../CM7/LWIP/Target/ethernetif.c **** 
 1008              		.loc 1 408 14 view .LVU265
 1009 00d0 6FF00B00 		mvn	r0, #11
 1010              	.LVL91:
 1011              	.L61:
 458:../../CM7/LWIP/Target/ethernetif.c **** 
 1012              		.loc 1 458 1 view .LVU266
 1013 00d4 0CB0     		add	sp, sp, #48
 1014              	.LCFI16:
 1015              		.cfi_def_cfa_offset 16
 1016              		@ sp needed
 1017 00d6 70BD     		pop	{r4, r5, r6, pc}
ARM GAS  /var/folders/2r/mdtt8xvd351gdc398t28_m2m0000gn/T//cc7M34vh.s 			page 54


 1018              	.LVL92:
 1019              	.L75:
 458:../../CM7/LWIP/Target/ethernetif.c **** 
 1020              		.loc 1 458 1 view .LVU267
 1021              		.align	2
 1022              	.L74:
 1023 00d8 00000000 		.word	TxConfig
 1024 00dc 00000000 		.word	heth
 1025 00e0 00000000 		.word	TxPktSemaphore
 1026              		.cfi_endproc
 1027              	.LFE179:
 1029              		.section	.text.HAL_ETH_RxCpltCallback,"ax",%progbits
 1030              		.align	1
 1031              		.global	HAL_ETH_RxCpltCallback
 1032              		.syntax unified
 1033              		.thumb
 1034              		.thumb_func
 1036              	HAL_ETH_RxCpltCallback:
 1037              	.LVL93:
 1038              	.LFB175:
 186:../../CM7/LWIP/Target/ethernetif.c ****   osSemaphoreRelease(RxPktSemaphore);
 1039              		.loc 1 186 1 is_stmt 1 view -0
 1040              		.cfi_startproc
 1041              		@ args = 0, pretend = 0, frame = 0
 1042              		@ frame_needed = 0, uses_anonymous_args = 0
 186:../../CM7/LWIP/Target/ethernetif.c ****   osSemaphoreRelease(RxPktSemaphore);
 1043              		.loc 1 186 1 is_stmt 0 view .LVU269
 1044 0000 08B5     		push	{r3, lr}
 1045              	.LCFI17:
 1046              		.cfi_def_cfa_offset 8
 1047              		.cfi_offset 3, -8
 1048              		.cfi_offset 14, -4
 187:../../CM7/LWIP/Target/ethernetif.c **** }
 1049              		.loc 1 187 3 is_stmt 1 view .LVU270
 1050 0002 024B     		ldr	r3, .L78
 1051 0004 1868     		ldr	r0, [r3]
 1052              	.LVL94:
 187:../../CM7/LWIP/Target/ethernetif.c **** }
 1053              		.loc 1 187 3 is_stmt 0 view .LVU271
 1054 0006 FFF7FEFF 		bl	osSemaphoreRelease
 1055              	.LVL95:
 188:../../CM7/LWIP/Target/ethernetif.c **** /**
 1056              		.loc 1 188 1 view .LVU272
 1057 000a 08BD     		pop	{r3, pc}
 1058              	.L79:
 1059              		.align	2
 1060              	.L78:
 1061 000c 00000000 		.word	RxPktSemaphore
 1062              		.cfi_endproc
 1063              	.LFE175:
 1065              		.section	.text.HAL_ETH_TxCpltCallback,"ax",%progbits
 1066              		.align	1
 1067              		.global	HAL_ETH_TxCpltCallback
 1068              		.syntax unified
 1069              		.thumb
 1070              		.thumb_func
 1072              	HAL_ETH_TxCpltCallback:
ARM GAS  /var/folders/2r/mdtt8xvd351gdc398t28_m2m0000gn/T//cc7M34vh.s 			page 55


 1073              	.LVL96:
 1074              	.LFB176:
 195:../../CM7/LWIP/Target/ethernetif.c ****   osSemaphoreRelease(TxPktSemaphore);
 1075              		.loc 1 195 1 is_stmt 1 view -0
 1076              		.cfi_startproc
 1077              		@ args = 0, pretend = 0, frame = 0
 1078              		@ frame_needed = 0, uses_anonymous_args = 0
 195:../../CM7/LWIP/Target/ethernetif.c ****   osSemaphoreRelease(TxPktSemaphore);
 1079              		.loc 1 195 1 is_stmt 0 view .LVU274
 1080 0000 08B5     		push	{r3, lr}
 1081              	.LCFI18:
 1082              		.cfi_def_cfa_offset 8
 1083              		.cfi_offset 3, -8
 1084              		.cfi_offset 14, -4
 196:../../CM7/LWIP/Target/ethernetif.c **** }
 1085              		.loc 1 196 3 is_stmt 1 view .LVU275
 1086 0002 024B     		ldr	r3, .L82
 1087 0004 1868     		ldr	r0, [r3]
 1088              	.LVL97:
 196:../../CM7/LWIP/Target/ethernetif.c **** }
 1089              		.loc 1 196 3 is_stmt 0 view .LVU276
 1090 0006 FFF7FEFF 		bl	osSemaphoreRelease
 1091              	.LVL98:
 197:../../CM7/LWIP/Target/ethernetif.c **** /**
 1092              		.loc 1 197 1 view .LVU277
 1093 000a 08BD     		pop	{r3, pc}
 1094              	.L83:
 1095              		.align	2
 1096              	.L82:
 1097 000c 00000000 		.word	TxPktSemaphore
 1098              		.cfi_endproc
 1099              	.LFE176:
 1101              		.section	.text.HAL_ETH_ErrorCallback,"ax",%progbits
 1102              		.align	1
 1103              		.global	HAL_ETH_ErrorCallback
 1104              		.syntax unified
 1105              		.thumb
 1106              		.thumb_func
 1108              	HAL_ETH_ErrorCallback:
 1109              	.LVL99:
 1110              	.LFB177:
 204:../../CM7/LWIP/Target/ethernetif.c ****   if((HAL_ETH_GetDMAError(handlerEth) & ETH_DMACSR_RBU) == ETH_DMACSR_RBU)
 1111              		.loc 1 204 1 is_stmt 1 view -0
 1112              		.cfi_startproc
 1113              		@ args = 0, pretend = 0, frame = 0
 1114              		@ frame_needed = 0, uses_anonymous_args = 0
 204:../../CM7/LWIP/Target/ethernetif.c ****   if((HAL_ETH_GetDMAError(handlerEth) & ETH_DMACSR_RBU) == ETH_DMACSR_RBU)
 1115              		.loc 1 204 1 is_stmt 0 view .LVU279
 1116 0000 08B5     		push	{r3, lr}
 1117              	.LCFI19:
 1118              		.cfi_def_cfa_offset 8
 1119              		.cfi_offset 3, -8
 1120              		.cfi_offset 14, -4
 205:../../CM7/LWIP/Target/ethernetif.c ****   {
 1121              		.loc 1 205 3 is_stmt 1 view .LVU280
 205:../../CM7/LWIP/Target/ethernetif.c ****   {
 1122              		.loc 1 205 7 is_stmt 0 view .LVU281
ARM GAS  /var/folders/2r/mdtt8xvd351gdc398t28_m2m0000gn/T//cc7M34vh.s 			page 56


 1123 0002 FFF7FEFF 		bl	HAL_ETH_GetDMAError
 1124              	.LVL100:
 205:../../CM7/LWIP/Target/ethernetif.c ****   {
 1125              		.loc 1 205 5 discriminator 1 view .LVU282
 1126 0006 10F0800F 		tst	r0, #128
 1127 000a 00D1     		bne	.L87
 1128              	.L84:
 209:../../CM7/LWIP/Target/ethernetif.c **** 
 1129              		.loc 1 209 1 view .LVU283
 1130 000c 08BD     		pop	{r3, pc}
 1131              	.L87:
 207:../../CM7/LWIP/Target/ethernetif.c ****   }
 1132              		.loc 1 207 6 is_stmt 1 view .LVU284
 1133 000e 024B     		ldr	r3, .L88
 1134 0010 1868     		ldr	r0, [r3]
 1135 0012 FFF7FEFF 		bl	osSemaphoreRelease
 1136              	.LVL101:
 209:../../CM7/LWIP/Target/ethernetif.c **** 
 1137              		.loc 1 209 1 is_stmt 0 view .LVU285
 1138 0016 F9E7     		b	.L84
 1139              	.L89:
 1140              		.align	2
 1141              	.L88:
 1142 0018 00000000 		.word	RxPktSemaphore
 1143              		.cfi_endproc
 1144              	.LFE177:
 1146              		.section	.rodata.ethernetif_init.str1.4,"aMS",%progbits,1
 1147              		.align	2
 1148              	.LC1:
 1149 0000 2E2E2F2E 		.ascii	"../../CM7/LWIP/Target/ethernetif.c\000"
 1149      2E2F434D 
 1149      372F4C57 
 1149      49502F54 
 1149      61726765 
 1150 0023 00       		.align	2
 1151              	.LC2:
 1152 0024 6E657469 		.ascii	"netif != NULL\000"
 1152      6620213D 
 1152      204E554C 
 1152      4C00
 1153 0032 0000     		.align	2
 1154              	.LC3:
 1155 0034 41737365 		.ascii	"Assertion \"%s\" failed at line %d in %s\012\000"
 1155      7274696F 
 1155      6E202225 
 1155      73222066 
 1155      61696C65 
 1156              		.section	.text.ethernetif_init,"ax",%progbits
 1157              		.align	1
 1158              		.global	ethernetif_init
 1159              		.syntax unified
 1160              		.thumb
 1161              		.thumb_func
 1163              	ethernetif_init:
 1164              	.LVL102:
 1165              	.LFB182:
 547:../../CM7/LWIP/Target/ethernetif.c ****   LWIP_ASSERT("netif != NULL", (netif != NULL));
ARM GAS  /var/folders/2r/mdtt8xvd351gdc398t28_m2m0000gn/T//cc7M34vh.s 			page 57


 1166              		.loc 1 547 1 is_stmt 1 view -0
 1167              		.cfi_startproc
 1168              		@ args = 0, pretend = 0, frame = 0
 1169              		@ frame_needed = 0, uses_anonymous_args = 0
 547:../../CM7/LWIP/Target/ethernetif.c ****   LWIP_ASSERT("netif != NULL", (netif != NULL));
 1170              		.loc 1 547 1 is_stmt 0 view .LVU287
 1171 0000 10B5     		push	{r4, lr}
 1172              	.LCFI20:
 1173              		.cfi_def_cfa_offset 8
 1174              		.cfi_offset 4, -8
 1175              		.cfi_offset 14, -4
 548:../../CM7/LWIP/Target/ethernetif.c **** 
 1176              		.loc 1 548 3 is_stmt 1 view .LVU288
 548:../../CM7/LWIP/Target/ethernetif.c **** 
 1177              		.loc 1 548 3 view .LVU289
 1178 0002 0446     		mov	r4, r0
 1179 0004 70B1     		cbz	r0, .L93
 1180              	.LVL103:
 1181              	.L91:
 548:../../CM7/LWIP/Target/ethernetif.c **** 
 1182              		.loc 1 548 3 view .LVU290
 548:../../CM7/LWIP/Target/ethernetif.c **** 
 1183              		.loc 1 548 3 view .LVU291
 562:../../CM7/LWIP/Target/ethernetif.c ****   netif->name[1] = IFNAME1;
 1184              		.loc 1 562 3 view .LVU292
 562:../../CM7/LWIP/Target/ethernetif.c ****   netif->name[1] = IFNAME1;
 1185              		.loc 1 562 18 is_stmt 0 view .LVU293
 1186 0006 7323     		movs	r3, #115
 1187 0008 84F82E30 		strb	r3, [r4, #46]
 563:../../CM7/LWIP/Target/ethernetif.c ****   /* We directly use etharp_output() here to save a function call.
 1188              		.loc 1 563 3 is_stmt 1 view .LVU294
 563:../../CM7/LWIP/Target/ethernetif.c ****   /* We directly use etharp_output() here to save a function call.
 1189              		.loc 1 563 18 is_stmt 0 view .LVU295
 1190 000c 7423     		movs	r3, #116
 1191 000e 84F82F30 		strb	r3, [r4, #47]
 572:../../CM7/LWIP/Target/ethernetif.c **** #else
 1192              		.loc 1 572 3 is_stmt 1 view .LVU296
 572:../../CM7/LWIP/Target/ethernetif.c **** #else
 1193              		.loc 1 572 17 is_stmt 0 view .LVU297
 1194 0012 084B     		ldr	r3, .L94
 1195 0014 6361     		str	r3, [r4, #20]
 584:../../CM7/LWIP/Target/ethernetif.c **** 
 1196              		.loc 1 584 3 is_stmt 1 view .LVU298
 584:../../CM7/LWIP/Target/ethernetif.c **** 
 1197              		.loc 1 584 21 is_stmt 0 view .LVU299
 1198 0016 084B     		ldr	r3, .L94+4
 1199 0018 A361     		str	r3, [r4, #24]
 587:../../CM7/LWIP/Target/ethernetif.c **** 
 1200              		.loc 1 587 3 is_stmt 1 view .LVU300
 1201 001a 2046     		mov	r0, r4
 1202 001c FFF7FEFF 		bl	low_level_init
 1203              	.LVL104:
 589:../../CM7/LWIP/Target/ethernetif.c **** }
 1204              		.loc 1 589 3 view .LVU301
 590:../../CM7/LWIP/Target/ethernetif.c **** 
 1205              		.loc 1 590 1 is_stmt 0 view .LVU302
 1206 0020 0020     		movs	r0, #0
ARM GAS  /var/folders/2r/mdtt8xvd351gdc398t28_m2m0000gn/T//cc7M34vh.s 			page 58


 1207 0022 10BD     		pop	{r4, pc}
 1208              	.LVL105:
 1209              	.L93:
 548:../../CM7/LWIP/Target/ethernetif.c **** 
 1210              		.loc 1 548 3 is_stmt 1 discriminator 1 view .LVU303
 548:../../CM7/LWIP/Target/ethernetif.c **** 
 1211              		.loc 1 548 3 discriminator 1 view .LVU304
 1212 0024 054B     		ldr	r3, .L94+8
 1213 0026 4FF40972 		mov	r2, #548
 1214 002a 0549     		ldr	r1, .L94+12
 1215 002c 0548     		ldr	r0, .L94+16
 1216              	.LVL106:
 548:../../CM7/LWIP/Target/ethernetif.c **** 
 1217              		.loc 1 548 3 is_stmt 0 discriminator 1 view .LVU305
 1218 002e FFF7FEFF 		bl	printf
 1219              	.LVL107:
 1220 0032 E8E7     		b	.L91
 1221              	.L95:
 1222              		.align	2
 1223              	.L94:
 1224 0034 00000000 		.word	etharp_output
 1225 0038 00000000 		.word	low_level_output
 1226 003c 00000000 		.word	.LC1
 1227 0040 24000000 		.word	.LC2
 1228 0044 34000000 		.word	.LC3
 1229              		.cfi_endproc
 1230              	.LFE182:
 1232              		.section	.text.sys_now,"ax",%progbits
 1233              		.align	1
 1234              		.global	sys_now
 1235              		.syntax unified
 1236              		.thumb
 1237              		.thumb_func
 1239              	sys_now:
 1240              	.LFB184:
 621:../../CM7/LWIP/Target/ethernetif.c ****   return HAL_GetTick();
 1241              		.loc 1 621 1 is_stmt 1 view -0
 1242              		.cfi_startproc
 1243              		@ args = 0, pretend = 0, frame = 0
 1244              		@ frame_needed = 0, uses_anonymous_args = 0
 1245 0000 08B5     		push	{r3, lr}
 1246              	.LCFI21:
 1247              		.cfi_def_cfa_offset 8
 1248              		.cfi_offset 3, -8
 1249              		.cfi_offset 14, -4
 622:../../CM7/LWIP/Target/ethernetif.c **** }
 1250              		.loc 1 622 3 view .LVU307
 622:../../CM7/LWIP/Target/ethernetif.c **** }
 1251              		.loc 1 622 10 is_stmt 0 view .LVU308
 1252 0002 FFF7FEFF 		bl	HAL_GetTick
 1253              	.LVL108:
 623:../../CM7/LWIP/Target/ethernetif.c **** 
 1254              		.loc 1 623 1 view .LVU309
 1255 0006 08BD     		pop	{r3, pc}
 1256              		.cfi_endproc
 1257              	.LFE184:
 1259              		.section	.text.HAL_ETH_MspInit,"ax",%progbits
ARM GAS  /var/folders/2r/mdtt8xvd351gdc398t28_m2m0000gn/T//cc7M34vh.s 			page 59


 1260              		.align	1
 1261              		.global	HAL_ETH_MspInit
 1262              		.syntax unified
 1263              		.thumb
 1264              		.thumb_func
 1266              	HAL_ETH_MspInit:
 1267              	.LVL109:
 1268              	.LFB185:
 634:../../CM7/LWIP/Target/ethernetif.c ****   GPIO_InitTypeDef GPIO_InitStruct = {0};
 1269              		.loc 1 634 1 is_stmt 1 view -0
 1270              		.cfi_startproc
 1271              		@ args = 0, pretend = 0, frame = 48
 1272              		@ frame_needed = 0, uses_anonymous_args = 0
 634:../../CM7/LWIP/Target/ethernetif.c ****   GPIO_InitTypeDef GPIO_InitStruct = {0};
 1273              		.loc 1 634 1 is_stmt 0 view .LVU311
 1274 0000 F0B5     		push	{r4, r5, r6, r7, lr}
 1275              	.LCFI22:
 1276              		.cfi_def_cfa_offset 20
 1277              		.cfi_offset 4, -20
 1278              		.cfi_offset 5, -16
 1279              		.cfi_offset 6, -12
 1280              		.cfi_offset 7, -8
 1281              		.cfi_offset 14, -4
 1282 0002 8DB0     		sub	sp, sp, #52
 1283              	.LCFI23:
 1284              		.cfi_def_cfa_offset 72
 635:../../CM7/LWIP/Target/ethernetif.c ****   if(ethHandle->Instance==ETH)
 1285              		.loc 1 635 3 is_stmt 1 view .LVU312
 635:../../CM7/LWIP/Target/ethernetif.c ****   if(ethHandle->Instance==ETH)
 1286              		.loc 1 635 20 is_stmt 0 view .LVU313
 1287 0004 0023     		movs	r3, #0
 1288 0006 0793     		str	r3, [sp, #28]
 1289 0008 0893     		str	r3, [sp, #32]
 1290 000a 0993     		str	r3, [sp, #36]
 1291 000c 0A93     		str	r3, [sp, #40]
 1292 000e 0B93     		str	r3, [sp, #44]
 636:../../CM7/LWIP/Target/ethernetif.c ****   {
 1293              		.loc 1 636 3 is_stmt 1 view .LVU314
 636:../../CM7/LWIP/Target/ethernetif.c ****   {
 1294              		.loc 1 636 15 is_stmt 0 view .LVU315
 1295 0010 0268     		ldr	r2, [r0]
 636:../../CM7/LWIP/Target/ethernetif.c ****   {
 1296              		.loc 1 636 5 view .LVU316
 1297 0012 474B     		ldr	r3, .L102
 1298 0014 9A42     		cmp	r2, r3
 1299 0016 01D0     		beq	.L101
 1300              	.LVL110:
 1301              	.L98:
 696:../../CM7/LWIP/Target/ethernetif.c **** 
 1302              		.loc 1 696 1 view .LVU317
 1303 0018 0DB0     		add	sp, sp, #52
 1304              	.LCFI24:
 1305              		.cfi_remember_state
 1306              		.cfi_def_cfa_offset 20
 1307              		@ sp needed
 1308 001a F0BD     		pop	{r4, r5, r6, r7, pc}
 1309              	.LVL111:
ARM GAS  /var/folders/2r/mdtt8xvd351gdc398t28_m2m0000gn/T//cc7M34vh.s 			page 60


 1310              	.L101:
 1311              	.LCFI25:
 1312              		.cfi_restore_state
 642:../../CM7/LWIP/Target/ethernetif.c ****     __HAL_RCC_ETH1TX_CLK_ENABLE();
 1313              		.loc 1 642 5 is_stmt 1 view .LVU318
 1314              	.LBB26:
 642:../../CM7/LWIP/Target/ethernetif.c ****     __HAL_RCC_ETH1TX_CLK_ENABLE();
 1315              		.loc 1 642 5 view .LVU319
 642:../../CM7/LWIP/Target/ethernetif.c ****     __HAL_RCC_ETH1TX_CLK_ENABLE();
 1316              		.loc 1 642 5 view .LVU320
 1317 001c 454B     		ldr	r3, .L102+4
 1318 001e D3F8D820 		ldr	r2, [r3, #216]
 1319 0022 42F40042 		orr	r2, r2, #32768
 1320 0026 C3F8D820 		str	r2, [r3, #216]
 642:../../CM7/LWIP/Target/ethernetif.c ****     __HAL_RCC_ETH1TX_CLK_ENABLE();
 1321              		.loc 1 642 5 view .LVU321
 1322 002a D3F8D820 		ldr	r2, [r3, #216]
 1323 002e 02F40042 		and	r2, r2, #32768
 1324 0032 0092     		str	r2, [sp]
 642:../../CM7/LWIP/Target/ethernetif.c ****     __HAL_RCC_ETH1TX_CLK_ENABLE();
 1325              		.loc 1 642 5 view .LVU322
 1326 0034 009A     		ldr	r2, [sp]
 1327              	.LBE26:
 642:../../CM7/LWIP/Target/ethernetif.c ****     __HAL_RCC_ETH1TX_CLK_ENABLE();
 1328              		.loc 1 642 5 view .LVU323
 643:../../CM7/LWIP/Target/ethernetif.c ****     __HAL_RCC_ETH1RX_CLK_ENABLE();
 1329              		.loc 1 643 5 view .LVU324
 1330              	.LBB27:
 643:../../CM7/LWIP/Target/ethernetif.c ****     __HAL_RCC_ETH1RX_CLK_ENABLE();
 1331              		.loc 1 643 5 view .LVU325
 643:../../CM7/LWIP/Target/ethernetif.c ****     __HAL_RCC_ETH1RX_CLK_ENABLE();
 1332              		.loc 1 643 5 view .LVU326
 1333 0036 D3F8D820 		ldr	r2, [r3, #216]
 1334 003a 42F48032 		orr	r2, r2, #65536
 1335 003e C3F8D820 		str	r2, [r3, #216]
 643:../../CM7/LWIP/Target/ethernetif.c ****     __HAL_RCC_ETH1RX_CLK_ENABLE();
 1336              		.loc 1 643 5 view .LVU327
 1337 0042 D3F8D820 		ldr	r2, [r3, #216]
 1338 0046 02F48032 		and	r2, r2, #65536
 1339 004a 0192     		str	r2, [sp, #4]
 643:../../CM7/LWIP/Target/ethernetif.c ****     __HAL_RCC_ETH1RX_CLK_ENABLE();
 1340              		.loc 1 643 5 view .LVU328
 1341 004c 019A     		ldr	r2, [sp, #4]
 1342              	.LBE27:
 643:../../CM7/LWIP/Target/ethernetif.c ****     __HAL_RCC_ETH1RX_CLK_ENABLE();
 1343              		.loc 1 643 5 view .LVU329
 644:../../CM7/LWIP/Target/ethernetif.c **** 
 1344              		.loc 1 644 5 view .LVU330
 1345              	.LBB28:
 644:../../CM7/LWIP/Target/ethernetif.c **** 
 1346              		.loc 1 644 5 view .LVU331
 644:../../CM7/LWIP/Target/ethernetif.c **** 
 1347              		.loc 1 644 5 view .LVU332
 1348 004e D3F8D820 		ldr	r2, [r3, #216]
 1349 0052 42F40032 		orr	r2, r2, #131072
 1350 0056 C3F8D820 		str	r2, [r3, #216]
 644:../../CM7/LWIP/Target/ethernetif.c **** 
ARM GAS  /var/folders/2r/mdtt8xvd351gdc398t28_m2m0000gn/T//cc7M34vh.s 			page 61


 1351              		.loc 1 644 5 view .LVU333
 1352 005a D3F8D820 		ldr	r2, [r3, #216]
 1353 005e 02F40032 		and	r2, r2, #131072
 1354 0062 0292     		str	r2, [sp, #8]
 644:../../CM7/LWIP/Target/ethernetif.c **** 
 1355              		.loc 1 644 5 view .LVU334
 1356 0064 029A     		ldr	r2, [sp, #8]
 1357              	.LBE28:
 644:../../CM7/LWIP/Target/ethernetif.c **** 
 1358              		.loc 1 644 5 view .LVU335
 646:../../CM7/LWIP/Target/ethernetif.c ****     __HAL_RCC_GPIOA_CLK_ENABLE();
 1359              		.loc 1 646 5 view .LVU336
 1360              	.LBB29:
 646:../../CM7/LWIP/Target/ethernetif.c ****     __HAL_RCC_GPIOA_CLK_ENABLE();
 1361              		.loc 1 646 5 view .LVU337
 646:../../CM7/LWIP/Target/ethernetif.c ****     __HAL_RCC_GPIOA_CLK_ENABLE();
 1362              		.loc 1 646 5 view .LVU338
 1363 0066 D3F8E020 		ldr	r2, [r3, #224]
 1364 006a 42F00402 		orr	r2, r2, #4
 1365 006e C3F8E020 		str	r2, [r3, #224]
 646:../../CM7/LWIP/Target/ethernetif.c ****     __HAL_RCC_GPIOA_CLK_ENABLE();
 1366              		.loc 1 646 5 view .LVU339
 1367 0072 D3F8E020 		ldr	r2, [r3, #224]
 1368 0076 02F00402 		and	r2, r2, #4
 1369 007a 0392     		str	r2, [sp, #12]
 646:../../CM7/LWIP/Target/ethernetif.c ****     __HAL_RCC_GPIOA_CLK_ENABLE();
 1370              		.loc 1 646 5 view .LVU340
 1371 007c 039A     		ldr	r2, [sp, #12]
 1372              	.LBE29:
 646:../../CM7/LWIP/Target/ethernetif.c ****     __HAL_RCC_GPIOA_CLK_ENABLE();
 1373              		.loc 1 646 5 view .LVU341
 647:../../CM7/LWIP/Target/ethernetif.c ****     __HAL_RCC_GPIOB_CLK_ENABLE();
 1374              		.loc 1 647 5 view .LVU342
 1375              	.LBB30:
 647:../../CM7/LWIP/Target/ethernetif.c ****     __HAL_RCC_GPIOB_CLK_ENABLE();
 1376              		.loc 1 647 5 view .LVU343
 647:../../CM7/LWIP/Target/ethernetif.c ****     __HAL_RCC_GPIOB_CLK_ENABLE();
 1377              		.loc 1 647 5 view .LVU344
 1378 007e D3F8E020 		ldr	r2, [r3, #224]
 1379 0082 42F00102 		orr	r2, r2, #1
 1380 0086 C3F8E020 		str	r2, [r3, #224]
 647:../../CM7/LWIP/Target/ethernetif.c ****     __HAL_RCC_GPIOB_CLK_ENABLE();
 1381              		.loc 1 647 5 view .LVU345
 1382 008a D3F8E020 		ldr	r2, [r3, #224]
 1383 008e 02F00102 		and	r2, r2, #1
 1384 0092 0492     		str	r2, [sp, #16]
 647:../../CM7/LWIP/Target/ethernetif.c ****     __HAL_RCC_GPIOB_CLK_ENABLE();
 1385              		.loc 1 647 5 view .LVU346
 1386 0094 049A     		ldr	r2, [sp, #16]
 1387              	.LBE30:
 647:../../CM7/LWIP/Target/ethernetif.c ****     __HAL_RCC_GPIOB_CLK_ENABLE();
 1388              		.loc 1 647 5 view .LVU347
 648:../../CM7/LWIP/Target/ethernetif.c ****     __HAL_RCC_GPIOG_CLK_ENABLE();
 1389              		.loc 1 648 5 view .LVU348
 1390              	.LBB31:
 648:../../CM7/LWIP/Target/ethernetif.c ****     __HAL_RCC_GPIOG_CLK_ENABLE();
 1391              		.loc 1 648 5 view .LVU349
ARM GAS  /var/folders/2r/mdtt8xvd351gdc398t28_m2m0000gn/T//cc7M34vh.s 			page 62


 648:../../CM7/LWIP/Target/ethernetif.c ****     __HAL_RCC_GPIOG_CLK_ENABLE();
 1392              		.loc 1 648 5 view .LVU350
 1393 0096 D3F8E020 		ldr	r2, [r3, #224]
 1394 009a 42F00202 		orr	r2, r2, #2
 1395 009e C3F8E020 		str	r2, [r3, #224]
 648:../../CM7/LWIP/Target/ethernetif.c ****     __HAL_RCC_GPIOG_CLK_ENABLE();
 1396              		.loc 1 648 5 view .LVU351
 1397 00a2 D3F8E020 		ldr	r2, [r3, #224]
 1398 00a6 02F00202 		and	r2, r2, #2
 1399 00aa 0592     		str	r2, [sp, #20]
 648:../../CM7/LWIP/Target/ethernetif.c ****     __HAL_RCC_GPIOG_CLK_ENABLE();
 1400              		.loc 1 648 5 view .LVU352
 1401 00ac 059A     		ldr	r2, [sp, #20]
 1402              	.LBE31:
 648:../../CM7/LWIP/Target/ethernetif.c ****     __HAL_RCC_GPIOG_CLK_ENABLE();
 1403              		.loc 1 648 5 view .LVU353
 649:../../CM7/LWIP/Target/ethernetif.c ****     /**ETH GPIO Configuration
 1404              		.loc 1 649 5 view .LVU354
 1405              	.LBB32:
 649:../../CM7/LWIP/Target/ethernetif.c ****     /**ETH GPIO Configuration
 1406              		.loc 1 649 5 view .LVU355
 649:../../CM7/LWIP/Target/ethernetif.c ****     /**ETH GPIO Configuration
 1407              		.loc 1 649 5 view .LVU356
 1408 00ae D3F8E020 		ldr	r2, [r3, #224]
 1409 00b2 42F04002 		orr	r2, r2, #64
 1410 00b6 C3F8E020 		str	r2, [r3, #224]
 649:../../CM7/LWIP/Target/ethernetif.c ****     /**ETH GPIO Configuration
 1411              		.loc 1 649 5 view .LVU357
 1412 00ba D3F8E030 		ldr	r3, [r3, #224]
 1413 00be 03F04003 		and	r3, r3, #64
 1414 00c2 0693     		str	r3, [sp, #24]
 649:../../CM7/LWIP/Target/ethernetif.c ****     /**ETH GPIO Configuration
 1415              		.loc 1 649 5 view .LVU358
 1416 00c4 069B     		ldr	r3, [sp, #24]
 1417              	.LBE32:
 649:../../CM7/LWIP/Target/ethernetif.c ****     /**ETH GPIO Configuration
 1418              		.loc 1 649 5 view .LVU359
 661:../../CM7/LWIP/Target/ethernetif.c ****     GPIO_InitStruct.Mode = GPIO_MODE_AF_PP;
 1419              		.loc 1 661 5 view .LVU360
 661:../../CM7/LWIP/Target/ethernetif.c ****     GPIO_InitStruct.Mode = GPIO_MODE_AF_PP;
 1420              		.loc 1 661 25 is_stmt 0 view .LVU361
 1421 00c6 3223     		movs	r3, #50
 1422 00c8 0793     		str	r3, [sp, #28]
 662:../../CM7/LWIP/Target/ethernetif.c ****     GPIO_InitStruct.Pull = GPIO_NOPULL;
 1423              		.loc 1 662 5 is_stmt 1 view .LVU362
 662:../../CM7/LWIP/Target/ethernetif.c ****     GPIO_InitStruct.Pull = GPIO_NOPULL;
 1424              		.loc 1 662 26 is_stmt 0 view .LVU363
 1425 00ca 0227     		movs	r7, #2
 1426 00cc 0897     		str	r7, [sp, #32]
 663:../../CM7/LWIP/Target/ethernetif.c ****     GPIO_InitStruct.Speed = GPIO_SPEED_FREQ_LOW;
 1427              		.loc 1 663 5 is_stmt 1 view .LVU364
 664:../../CM7/LWIP/Target/ethernetif.c ****     GPIO_InitStruct.Alternate = GPIO_AF11_ETH;
 1428              		.loc 1 664 5 view .LVU365
 665:../../CM7/LWIP/Target/ethernetif.c ****     HAL_GPIO_Init(GPIOC, &GPIO_InitStruct);
 1429              		.loc 1 665 5 view .LVU366
 665:../../CM7/LWIP/Target/ethernetif.c ****     HAL_GPIO_Init(GPIOC, &GPIO_InitStruct);
 1430              		.loc 1 665 31 is_stmt 0 view .LVU367
ARM GAS  /var/folders/2r/mdtt8xvd351gdc398t28_m2m0000gn/T//cc7M34vh.s 			page 63


 1431 00ce 0B26     		movs	r6, #11
 1432 00d0 0B96     		str	r6, [sp, #44]
 666:../../CM7/LWIP/Target/ethernetif.c **** 
 1433              		.loc 1 666 5 is_stmt 1 view .LVU368
 1434 00d2 07AD     		add	r5, sp, #28
 1435 00d4 2946     		mov	r1, r5
 1436 00d6 1848     		ldr	r0, .L102+8
 1437              	.LVL112:
 666:../../CM7/LWIP/Target/ethernetif.c **** 
 1438              		.loc 1 666 5 is_stmt 0 view .LVU369
 1439 00d8 FFF7FEFF 		bl	HAL_GPIO_Init
 1440              	.LVL113:
 668:../../CM7/LWIP/Target/ethernetif.c ****     GPIO_InitStruct.Mode = GPIO_MODE_AF_PP;
 1441              		.loc 1 668 5 is_stmt 1 view .LVU370
 668:../../CM7/LWIP/Target/ethernetif.c ****     GPIO_InitStruct.Mode = GPIO_MODE_AF_PP;
 1442              		.loc 1 668 25 is_stmt 0 view .LVU371
 1443 00dc 8623     		movs	r3, #134
 1444 00de 0793     		str	r3, [sp, #28]
 669:../../CM7/LWIP/Target/ethernetif.c ****     GPIO_InitStruct.Pull = GPIO_NOPULL;
 1445              		.loc 1 669 5 is_stmt 1 view .LVU372
 669:../../CM7/LWIP/Target/ethernetif.c ****     GPIO_InitStruct.Pull = GPIO_NOPULL;
 1446              		.loc 1 669 26 is_stmt 0 view .LVU373
 1447 00e0 0897     		str	r7, [sp, #32]
 670:../../CM7/LWIP/Target/ethernetif.c ****     GPIO_InitStruct.Speed = GPIO_SPEED_FREQ_LOW;
 1448              		.loc 1 670 5 is_stmt 1 view .LVU374
 670:../../CM7/LWIP/Target/ethernetif.c ****     GPIO_InitStruct.Speed = GPIO_SPEED_FREQ_LOW;
 1449              		.loc 1 670 26 is_stmt 0 view .LVU375
 1450 00e2 0024     		movs	r4, #0
 1451 00e4 0994     		str	r4, [sp, #36]
 671:../../CM7/LWIP/Target/ethernetif.c ****     GPIO_InitStruct.Alternate = GPIO_AF11_ETH;
 1452              		.loc 1 671 5 is_stmt 1 view .LVU376
 671:../../CM7/LWIP/Target/ethernetif.c ****     GPIO_InitStruct.Alternate = GPIO_AF11_ETH;
 1453              		.loc 1 671 27 is_stmt 0 view .LVU377
 1454 00e6 0A94     		str	r4, [sp, #40]
 672:../../CM7/LWIP/Target/ethernetif.c ****     HAL_GPIO_Init(GPIOA, &GPIO_InitStruct);
 1455              		.loc 1 672 5 is_stmt 1 view .LVU378
 672:../../CM7/LWIP/Target/ethernetif.c ****     HAL_GPIO_Init(GPIOA, &GPIO_InitStruct);
 1456              		.loc 1 672 31 is_stmt 0 view .LVU379
 1457 00e8 0B96     		str	r6, [sp, #44]
 673:../../CM7/LWIP/Target/ethernetif.c **** 
 1458              		.loc 1 673 5 is_stmt 1 view .LVU380
 1459 00ea 2946     		mov	r1, r5
 1460 00ec 1348     		ldr	r0, .L102+12
 1461 00ee FFF7FEFF 		bl	HAL_GPIO_Init
 1462              	.LVL114:
 675:../../CM7/LWIP/Target/ethernetif.c ****     GPIO_InitStruct.Mode = GPIO_MODE_AF_PP;
 1463              		.loc 1 675 5 view .LVU381
 675:../../CM7/LWIP/Target/ethernetif.c ****     GPIO_InitStruct.Mode = GPIO_MODE_AF_PP;
 1464              		.loc 1 675 25 is_stmt 0 view .LVU382
 1465 00f2 4FF40053 		mov	r3, #8192
 1466 00f6 0793     		str	r3, [sp, #28]
 676:../../CM7/LWIP/Target/ethernetif.c ****     GPIO_InitStruct.Pull = GPIO_NOPULL;
 1467              		.loc 1 676 5 is_stmt 1 view .LVU383
 676:../../CM7/LWIP/Target/ethernetif.c ****     GPIO_InitStruct.Pull = GPIO_NOPULL;
 1468              		.loc 1 676 26 is_stmt 0 view .LVU384
 1469 00f8 0897     		str	r7, [sp, #32]
 677:../../CM7/LWIP/Target/ethernetif.c ****     GPIO_InitStruct.Speed = GPIO_SPEED_FREQ_LOW;
ARM GAS  /var/folders/2r/mdtt8xvd351gdc398t28_m2m0000gn/T//cc7M34vh.s 			page 64


 1470              		.loc 1 677 5 is_stmt 1 view .LVU385
 677:../../CM7/LWIP/Target/ethernetif.c ****     GPIO_InitStruct.Speed = GPIO_SPEED_FREQ_LOW;
 1471              		.loc 1 677 26 is_stmt 0 view .LVU386
 1472 00fa 0994     		str	r4, [sp, #36]
 678:../../CM7/LWIP/Target/ethernetif.c ****     GPIO_InitStruct.Alternate = GPIO_AF11_ETH;
 1473              		.loc 1 678 5 is_stmt 1 view .LVU387
 678:../../CM7/LWIP/Target/ethernetif.c ****     GPIO_InitStruct.Alternate = GPIO_AF11_ETH;
 1474              		.loc 1 678 27 is_stmt 0 view .LVU388
 1475 00fc 0A94     		str	r4, [sp, #40]
 679:../../CM7/LWIP/Target/ethernetif.c ****     HAL_GPIO_Init(GPIOB, &GPIO_InitStruct);
 1476              		.loc 1 679 5 is_stmt 1 view .LVU389
 679:../../CM7/LWIP/Target/ethernetif.c ****     HAL_GPIO_Init(GPIOB, &GPIO_InitStruct);
 1477              		.loc 1 679 31 is_stmt 0 view .LVU390
 1478 00fe 0B96     		str	r6, [sp, #44]
 680:../../CM7/LWIP/Target/ethernetif.c **** 
 1479              		.loc 1 680 5 is_stmt 1 view .LVU391
 1480 0100 2946     		mov	r1, r5
 1481 0102 0F48     		ldr	r0, .L102+16
 1482 0104 FFF7FEFF 		bl	HAL_GPIO_Init
 1483              	.LVL115:
 682:../../CM7/LWIP/Target/ethernetif.c ****     GPIO_InitStruct.Mode = GPIO_MODE_AF_PP;
 1484              		.loc 1 682 5 view .LVU392
 682:../../CM7/LWIP/Target/ethernetif.c ****     GPIO_InitStruct.Mode = GPIO_MODE_AF_PP;
 1485              		.loc 1 682 25 is_stmt 0 view .LVU393
 1486 0108 4FF42053 		mov	r3, #10240
 1487 010c 0793     		str	r3, [sp, #28]
 683:../../CM7/LWIP/Target/ethernetif.c ****     GPIO_InitStruct.Pull = GPIO_NOPULL;
 1488              		.loc 1 683 5 is_stmt 1 view .LVU394
 683:../../CM7/LWIP/Target/ethernetif.c ****     GPIO_InitStruct.Pull = GPIO_NOPULL;
 1489              		.loc 1 683 26 is_stmt 0 view .LVU395
 1490 010e 0897     		str	r7, [sp, #32]
 684:../../CM7/LWIP/Target/ethernetif.c ****     GPIO_InitStruct.Speed = GPIO_SPEED_FREQ_LOW;
 1491              		.loc 1 684 5 is_stmt 1 view .LVU396
 684:../../CM7/LWIP/Target/ethernetif.c ****     GPIO_InitStruct.Speed = GPIO_SPEED_FREQ_LOW;
 1492              		.loc 1 684 26 is_stmt 0 view .LVU397
 1493 0110 0994     		str	r4, [sp, #36]
 685:../../CM7/LWIP/Target/ethernetif.c ****     GPIO_InitStruct.Alternate = GPIO_AF11_ETH;
 1494              		.loc 1 685 5 is_stmt 1 view .LVU398
 685:../../CM7/LWIP/Target/ethernetif.c ****     GPIO_InitStruct.Alternate = GPIO_AF11_ETH;
 1495              		.loc 1 685 27 is_stmt 0 view .LVU399
 1496 0112 0A94     		str	r4, [sp, #40]
 686:../../CM7/LWIP/Target/ethernetif.c ****     HAL_GPIO_Init(GPIOG, &GPIO_InitStruct);
 1497              		.loc 1 686 5 is_stmt 1 view .LVU400
 686:../../CM7/LWIP/Target/ethernetif.c ****     HAL_GPIO_Init(GPIOG, &GPIO_InitStruct);
 1498              		.loc 1 686 31 is_stmt 0 view .LVU401
 1499 0114 0B96     		str	r6, [sp, #44]
 687:../../CM7/LWIP/Target/ethernetif.c **** 
 1500              		.loc 1 687 5 is_stmt 1 view .LVU402
 1501 0116 2946     		mov	r1, r5
 1502 0118 0A48     		ldr	r0, .L102+20
 1503 011a FFF7FEFF 		bl	HAL_GPIO_Init
 1504              	.LVL116:
 690:../../CM7/LWIP/Target/ethernetif.c ****     HAL_NVIC_EnableIRQ(ETH_IRQn);
 1505              		.loc 1 690 5 view .LVU403
 1506 011e 2246     		mov	r2, r4
 1507 0120 0521     		movs	r1, #5
 1508 0122 3D20     		movs	r0, #61
ARM GAS  /var/folders/2r/mdtt8xvd351gdc398t28_m2m0000gn/T//cc7M34vh.s 			page 65


 1509 0124 FFF7FEFF 		bl	HAL_NVIC_SetPriority
 1510              	.LVL117:
 691:../../CM7/LWIP/Target/ethernetif.c ****   /* USER CODE BEGIN ETH_MspInit 1 */
 1511              		.loc 1 691 5 view .LVU404
 1512 0128 3D20     		movs	r0, #61
 1513 012a FFF7FEFF 		bl	HAL_NVIC_EnableIRQ
 1514              	.LVL118:
 696:../../CM7/LWIP/Target/ethernetif.c **** 
 1515              		.loc 1 696 1 is_stmt 0 view .LVU405
 1516 012e 73E7     		b	.L98
 1517              	.L103:
 1518              		.align	2
 1519              	.L102:
 1520 0130 00800240 		.word	1073905664
 1521 0134 00440258 		.word	1476543488
 1522 0138 00080258 		.word	1476528128
 1523 013c 00000258 		.word	1476526080
 1524 0140 00040258 		.word	1476527104
 1525 0144 00180258 		.word	1476532224
 1526              		.cfi_endproc
 1527              	.LFE185:
 1529              		.section	.text.HAL_ETH_MspDeInit,"ax",%progbits
 1530              		.align	1
 1531              		.global	HAL_ETH_MspDeInit
 1532              		.syntax unified
 1533              		.thumb
 1534              		.thumb_func
 1536              	HAL_ETH_MspDeInit:
 1537              	.LVL119:
 1538              	.LFB186:
 699:../../CM7/LWIP/Target/ethernetif.c ****   if(ethHandle->Instance==ETH)
 1539              		.loc 1 699 1 is_stmt 1 view -0
 1540              		.cfi_startproc
 1541              		@ args = 0, pretend = 0, frame = 0
 1542              		@ frame_needed = 0, uses_anonymous_args = 0
 699:../../CM7/LWIP/Target/ethernetif.c ****   if(ethHandle->Instance==ETH)
 1543              		.loc 1 699 1 is_stmt 0 view .LVU407
 1544 0000 08B5     		push	{r3, lr}
 1545              	.LCFI26:
 1546              		.cfi_def_cfa_offset 8
 1547              		.cfi_offset 3, -8
 1548              		.cfi_offset 14, -4
 700:../../CM7/LWIP/Target/ethernetif.c ****   {
 1549              		.loc 1 700 3 is_stmt 1 view .LVU408
 700:../../CM7/LWIP/Target/ethernetif.c ****   {
 1550              		.loc 1 700 15 is_stmt 0 view .LVU409
 1551 0002 0268     		ldr	r2, [r0]
 700:../../CM7/LWIP/Target/ethernetif.c ****   {
 1552              		.loc 1 700 5 view .LVU410
 1553 0004 164B     		ldr	r3, .L108
 1554 0006 9A42     		cmp	r2, r3
 1555 0008 00D0     		beq	.L107
 1556              	.LVL120:
 1557              	.L104:
 736:../../CM7/LWIP/Target/ethernetif.c **** 
 1558              		.loc 1 736 1 view .LVU411
 1559 000a 08BD     		pop	{r3, pc}
ARM GAS  /var/folders/2r/mdtt8xvd351gdc398t28_m2m0000gn/T//cc7M34vh.s 			page 66


 1560              	.LVL121:
 1561              	.L107:
 706:../../CM7/LWIP/Target/ethernetif.c ****     __HAL_RCC_ETH1TX_CLK_DISABLE();
 1562              		.loc 1 706 5 is_stmt 1 view .LVU412
 1563 000c 154B     		ldr	r3, .L108+4
 1564 000e D3F8D820 		ldr	r2, [r3, #216]
 1565 0012 22F40042 		bic	r2, r2, #32768
 1566 0016 C3F8D820 		str	r2, [r3, #216]
 707:../../CM7/LWIP/Target/ethernetif.c ****     __HAL_RCC_ETH1RX_CLK_DISABLE();
 1567              		.loc 1 707 5 view .LVU413
 1568 001a D3F8D820 		ldr	r2, [r3, #216]
 1569 001e 22F48032 		bic	r2, r2, #65536
 1570 0022 C3F8D820 		str	r2, [r3, #216]
 708:../../CM7/LWIP/Target/ethernetif.c **** 
 1571              		.loc 1 708 5 view .LVU414
 1572 0026 D3F8D820 		ldr	r2, [r3, #216]
 1573 002a 22F40032 		bic	r2, r2, #131072
 1574 002e C3F8D820 		str	r2, [r3, #216]
 721:../../CM7/LWIP/Target/ethernetif.c **** 
 1575              		.loc 1 721 5 view .LVU415
 1576 0032 3221     		movs	r1, #50
 1577 0034 0C48     		ldr	r0, .L108+8
 1578              	.LVL122:
 721:../../CM7/LWIP/Target/ethernetif.c **** 
 1579              		.loc 1 721 5 is_stmt 0 view .LVU416
 1580 0036 FFF7FEFF 		bl	HAL_GPIO_DeInit
 1581              	.LVL123:
 723:../../CM7/LWIP/Target/ethernetif.c **** 
 1582              		.loc 1 723 5 is_stmt 1 view .LVU417
 1583 003a 8621     		movs	r1, #134
 1584 003c 0B48     		ldr	r0, .L108+12
 1585 003e FFF7FEFF 		bl	HAL_GPIO_DeInit
 1586              	.LVL124:
 725:../../CM7/LWIP/Target/ethernetif.c **** 
 1587              		.loc 1 725 5 view .LVU418
 1588 0042 4FF40051 		mov	r1, #8192
 1589 0046 0A48     		ldr	r0, .L108+16
 1590 0048 FFF7FEFF 		bl	HAL_GPIO_DeInit
 1591              	.LVL125:
 727:../../CM7/LWIP/Target/ethernetif.c **** 
 1592              		.loc 1 727 5 view .LVU419
 1593 004c 4FF42051 		mov	r1, #10240
 1594 0050 0848     		ldr	r0, .L108+20
 1595 0052 FFF7FEFF 		bl	HAL_GPIO_DeInit
 1596              	.LVL126:
 730:../../CM7/LWIP/Target/ethernetif.c **** 
 1597              		.loc 1 730 5 view .LVU420
 1598 0056 3D20     		movs	r0, #61
 1599 0058 FFF7FEFF 		bl	HAL_NVIC_DisableIRQ
 1600              	.LVL127:
 736:../../CM7/LWIP/Target/ethernetif.c **** 
 1601              		.loc 1 736 1 is_stmt 0 view .LVU421
 1602 005c D5E7     		b	.L104
 1603              	.L109:
 1604 005e 00BF     		.align	2
 1605              	.L108:
 1606 0060 00800240 		.word	1073905664
ARM GAS  /var/folders/2r/mdtt8xvd351gdc398t28_m2m0000gn/T//cc7M34vh.s 			page 67


 1607 0064 00440258 		.word	1476543488
 1608 0068 00080258 		.word	1476528128
 1609 006c 00000258 		.word	1476526080
 1610 0070 00040258 		.word	1476527104
 1611 0074 00180258 		.word	1476532224
 1612              		.cfi_endproc
 1613              	.LFE186:
 1615              		.section	.text.ethernet_link_thread,"ax",%progbits
 1616              		.align	1
 1617              		.global	ethernet_link_thread
 1618              		.syntax unified
 1619              		.thumb
 1620              		.thumb_func
 1622              	ethernet_link_thread:
 1623              	.LVL128:
 1624              	.LFB192:
 810:../../CM7/LWIP/Target/ethernetif.c **** 
 811:../../CM7/LWIP/Target/ethernetif.c **** /**
 812:../../CM7/LWIP/Target/ethernetif.c ****   * @brief  Check the ETH link state then update ETH driver and netif link accordingly.
 813:../../CM7/LWIP/Target/ethernetif.c ****   * @retval None
 814:../../CM7/LWIP/Target/ethernetif.c ****   */
 815:../../CM7/LWIP/Target/ethernetif.c **** void ethernet_link_thread(void* argument)
 816:../../CM7/LWIP/Target/ethernetif.c **** {
 1625              		.loc 1 816 1 is_stmt 1 view -0
 1626              		.cfi_startproc
 1627              		@ args = 0, pretend = 0, frame = 104
 1628              		@ frame_needed = 0, uses_anonymous_args = 0
 1629              		.loc 1 816 1 is_stmt 0 view .LVU423
 1630 0000 2DE9F043 		push	{r4, r5, r6, r7, r8, r9, lr}
 1631              	.LCFI27:
 1632              		.cfi_def_cfa_offset 28
 1633              		.cfi_offset 4, -28
 1634              		.cfi_offset 5, -24
 1635              		.cfi_offset 6, -20
 1636              		.cfi_offset 7, -16
 1637              		.cfi_offset 8, -12
 1638              		.cfi_offset 9, -8
 1639              		.cfi_offset 14, -4
 1640 0004 9BB0     		sub	sp, sp, #108
 1641              	.LCFI28:
 1642              		.cfi_def_cfa_offset 136
 1643 0006 0446     		mov	r4, r0
 817:../../CM7/LWIP/Target/ethernetif.c ****   ETH_MACConfigTypeDef MACConf = {0};
 1644              		.loc 1 817 3 is_stmt 1 view .LVU424
 1645              		.loc 1 817 24 is_stmt 0 view .LVU425
 1646 0008 6422     		movs	r2, #100
 1647 000a 0021     		movs	r1, #0
 1648 000c 01A8     		add	r0, sp, #4
 1649              	.LVL129:
 1650              		.loc 1 817 24 view .LVU426
 1651 000e FFF7FEFF 		bl	memset
 1652              	.LVL130:
 818:../../CM7/LWIP/Target/ethernetif.c ****   int32_t PHYLinkState = 0;
 1653              		.loc 1 818 3 is_stmt 1 view .LVU427
 819:../../CM7/LWIP/Target/ethernetif.c ****   uint32_t linkchanged = 0U, speed = 0U, duplex = 0U;
 1654              		.loc 1 819 3 view .LVU428
 820:../../CM7/LWIP/Target/ethernetif.c **** 
ARM GAS  /var/folders/2r/mdtt8xvd351gdc398t28_m2m0000gn/T//cc7M34vh.s 			page 68


 821:../../CM7/LWIP/Target/ethernetif.c ****   struct netif *netif = (struct netif *) argument;
 1655              		.loc 1 821 3 view .LVU429
 819:../../CM7/LWIP/Target/ethernetif.c ****   uint32_t linkchanged = 0U, speed = 0U, duplex = 0U;
 1656              		.loc 1 819 42 is_stmt 0 view .LVU430
 1657 0012 0025     		movs	r5, #0
 819:../../CM7/LWIP/Target/ethernetif.c ****   uint32_t linkchanged = 0U, speed = 0U, duplex = 0U;
 1658              		.loc 1 819 30 view .LVU431
 1659 0014 2E46     		mov	r6, r5
 819:../../CM7/LWIP/Target/ethernetif.c ****   uint32_t linkchanged = 0U, speed = 0U, duplex = 0U;
 1660              		.loc 1 819 12 view .LVU432
 1661 0016 2F46     		mov	r7, r5
 1662 0018 28E0     		b	.L119
 1663              	.LVL131:
 1664              	.L122:
 822:../../CM7/LWIP/Target/ethernetif.c **** /* USER CODE BEGIN ETH link init */
 823:../../CM7/LWIP/Target/ethernetif.c **** 
 824:../../CM7/LWIP/Target/ethernetif.c **** /* USER CODE END ETH link init */
 825:../../CM7/LWIP/Target/ethernetif.c **** 
 826:../../CM7/LWIP/Target/ethernetif.c ****   for(;;)
 827:../../CM7/LWIP/Target/ethernetif.c ****   {
 828:../../CM7/LWIP/Target/ethernetif.c ****   PHYLinkState = LAN8742_GetLinkState(&LAN8742);
 829:../../CM7/LWIP/Target/ethernetif.c **** 
 830:../../CM7/LWIP/Target/ethernetif.c ****   if(netif_is_link_up(netif) && (PHYLinkState <= LAN8742_STATUS_LINK_DOWN))
 831:../../CM7/LWIP/Target/ethernetif.c ****   {
 832:../../CM7/LWIP/Target/ethernetif.c ****     HAL_ETH_Stop_IT(&heth);
 1665              		.loc 1 832 5 is_stmt 1 view .LVU433
 1666 001a 2C48     		ldr	r0, .L123
 1667              	.LVL132:
 1668              		.loc 1 832 5 is_stmt 0 view .LVU434
 1669 001c FFF7FEFF 		bl	HAL_ETH_Stop_IT
 1670              	.LVL133:
 833:../../CM7/LWIP/Target/ethernetif.c ****     netif_set_down(netif);
 1671              		.loc 1 833 5 is_stmt 1 view .LVU435
 1672 0020 2046     		mov	r0, r4
 1673 0022 FFF7FEFF 		bl	netif_set_down
 1674              	.LVL134:
 834:../../CM7/LWIP/Target/ethernetif.c ****     netif_set_link_down(netif);
 1675              		.loc 1 834 5 view .LVU436
 1676 0026 2046     		mov	r0, r4
 1677 0028 FFF7FEFF 		bl	netif_set_link_down
 1678              	.LVL135:
 1679 002c 1BE0     		b	.L112
 1680              	.LVL136:
 1681              	.L118:
 835:../../CM7/LWIP/Target/ethernetif.c ****   }
 836:../../CM7/LWIP/Target/ethernetif.c ****   else if(!netif_is_link_up(netif) && (PHYLinkState > LAN8742_STATUS_LINK_DOWN))
 837:../../CM7/LWIP/Target/ethernetif.c ****   {
 838:../../CM7/LWIP/Target/ethernetif.c **** 
 839:../../CM7/LWIP/Target/ethernetif.c ****     switch (PHYLinkState)
 1682              		.loc 1 839 5 is_stmt 0 view .LVU437
 1683 002e 4FF40055 		mov	r5, #8192
 1684              	.LVL137:
 1685              		.loc 1 839 5 view .LVU438
 1686 0032 4FF48046 		mov	r6, #16384
 1687              	.LVL138:
 1688              		.loc 1 839 5 view .LVU439
 1689 0036 0127     		movs	r7, #1
ARM GAS  /var/folders/2r/mdtt8xvd351gdc398t28_m2m0000gn/T//cc7M34vh.s 			page 69


 1690              	.LVL139:
 1691              	.L114:
 840:../../CM7/LWIP/Target/ethernetif.c ****     {
 841:../../CM7/LWIP/Target/ethernetif.c ****     case LAN8742_STATUS_100MBITS_FULLDUPLEX:
 842:../../CM7/LWIP/Target/ethernetif.c ****       duplex = ETH_FULLDUPLEX_MODE;
 843:../../CM7/LWIP/Target/ethernetif.c ****       speed = ETH_SPEED_100M;
 844:../../CM7/LWIP/Target/ethernetif.c ****       linkchanged = 1;
 845:../../CM7/LWIP/Target/ethernetif.c ****       break;
 846:../../CM7/LWIP/Target/ethernetif.c ****     case LAN8742_STATUS_100MBITS_HALFDUPLEX:
 847:../../CM7/LWIP/Target/ethernetif.c ****       duplex = ETH_HALFDUPLEX_MODE;
 848:../../CM7/LWIP/Target/ethernetif.c ****       speed = ETH_SPEED_100M;
 849:../../CM7/LWIP/Target/ethernetif.c ****       linkchanged = 1;
 850:../../CM7/LWIP/Target/ethernetif.c ****       break;
 851:../../CM7/LWIP/Target/ethernetif.c ****     case LAN8742_STATUS_10MBITS_FULLDUPLEX:
 852:../../CM7/LWIP/Target/ethernetif.c ****       duplex = ETH_FULLDUPLEX_MODE;
 853:../../CM7/LWIP/Target/ethernetif.c ****       speed = ETH_SPEED_10M;
 854:../../CM7/LWIP/Target/ethernetif.c ****       linkchanged = 1;
 855:../../CM7/LWIP/Target/ethernetif.c ****       break;
 856:../../CM7/LWIP/Target/ethernetif.c ****     case LAN8742_STATUS_10MBITS_HALFDUPLEX:
 857:../../CM7/LWIP/Target/ethernetif.c ****       duplex = ETH_HALFDUPLEX_MODE;
 858:../../CM7/LWIP/Target/ethernetif.c ****       speed = ETH_SPEED_10M;
 859:../../CM7/LWIP/Target/ethernetif.c ****       linkchanged = 1;
 860:../../CM7/LWIP/Target/ethernetif.c ****       break;
 861:../../CM7/LWIP/Target/ethernetif.c ****     default:
 862:../../CM7/LWIP/Target/ethernetif.c ****       break;
 863:../../CM7/LWIP/Target/ethernetif.c ****     }
 864:../../CM7/LWIP/Target/ethernetif.c **** 
 865:../../CM7/LWIP/Target/ethernetif.c ****     if(linkchanged)
 866:../../CM7/LWIP/Target/ethernetif.c ****     {
 867:../../CM7/LWIP/Target/ethernetif.c ****       /* Get MAC Config MAC */
 868:../../CM7/LWIP/Target/ethernetif.c ****       HAL_ETH_GetMACConfig(&heth, &MACConf);
 1692              		.loc 1 868 7 is_stmt 1 view .LVU440
 1693 0038 0DF10409 		add	r9, sp, #4
 1694 003c DFF88C80 		ldr	r8, .L123
 1695 0040 4946     		mov	r1, r9
 1696 0042 4046     		mov	r0, r8
 1697              	.LVL140:
 1698              		.loc 1 868 7 is_stmt 0 view .LVU441
 1699 0044 FFF7FEFF 		bl	HAL_ETH_GetMACConfig
 1700              	.LVL141:
 869:../../CM7/LWIP/Target/ethernetif.c ****       MACConf.DuplexMode = duplex;
 1701              		.loc 1 869 7 is_stmt 1 view .LVU442
 1702              		.loc 1 869 26 is_stmt 0 view .LVU443
 1703 0048 0795     		str	r5, [sp, #28]
 870:../../CM7/LWIP/Target/ethernetif.c ****       MACConf.Speed = speed;
 1704              		.loc 1 870 7 is_stmt 1 view .LVU444
 1705              		.loc 1 870 21 is_stmt 0 view .LVU445
 1706 004a 0696     		str	r6, [sp, #24]
 871:../../CM7/LWIP/Target/ethernetif.c ****       HAL_ETH_SetMACConfig(&heth, &MACConf);
 1707              		.loc 1 871 7 is_stmt 1 view .LVU446
 1708 004c 4946     		mov	r1, r9
 1709 004e 4046     		mov	r0, r8
 1710 0050 FFF7FEFF 		bl	HAL_ETH_SetMACConfig
 1711              	.LVL142:
 872:../../CM7/LWIP/Target/ethernetif.c ****       HAL_ETH_Start_IT(&heth);
 1712              		.loc 1 872 7 view .LVU447
 1713 0054 4046     		mov	r0, r8
ARM GAS  /var/folders/2r/mdtt8xvd351gdc398t28_m2m0000gn/T//cc7M34vh.s 			page 70


 1714 0056 FFF7FEFF 		bl	HAL_ETH_Start_IT
 1715              	.LVL143:
 873:../../CM7/LWIP/Target/ethernetif.c ****       netif_set_up(netif);
 1716              		.loc 1 873 7 view .LVU448
 1717 005a 2046     		mov	r0, r4
 1718 005c FFF7FEFF 		bl	netif_set_up
 1719              	.LVL144:
 874:../../CM7/LWIP/Target/ethernetif.c ****       netif_set_link_up(netif);
 1720              		.loc 1 874 7 view .LVU449
 1721 0060 2046     		mov	r0, r4
 1722 0062 FFF7FEFF 		bl	netif_set_link_up
 1723              	.LVL145:
 1724              	.L112:
 875:../../CM7/LWIP/Target/ethernetif.c ****     }
 876:../../CM7/LWIP/Target/ethernetif.c ****   }
 877:../../CM7/LWIP/Target/ethernetif.c **** 
 878:../../CM7/LWIP/Target/ethernetif.c **** /* USER CODE BEGIN ETH link Thread core code for User BSP */
 879:../../CM7/LWIP/Target/ethernetif.c **** 
 880:../../CM7/LWIP/Target/ethernetif.c **** /* USER CODE END ETH link Thread core code for User BSP */
 881:../../CM7/LWIP/Target/ethernetif.c **** 
 882:../../CM7/LWIP/Target/ethernetif.c ****     osDelay(100);
 1725              		.loc 1 882 5 view .LVU450
 1726 0066 6420     		movs	r0, #100
 1727 0068 FFF7FEFF 		bl	osDelay
 1728              	.LVL146:
 826:../../CM7/LWIP/Target/ethernetif.c ****   {
 1729              		.loc 1 826 3 view .LVU451
 1730              	.L119:
 826:../../CM7/LWIP/Target/ethernetif.c ****   {
 1731              		.loc 1 826 3 view .LVU452
 828:../../CM7/LWIP/Target/ethernetif.c **** 
 1732              		.loc 1 828 3 view .LVU453
 828:../../CM7/LWIP/Target/ethernetif.c **** 
 1733              		.loc 1 828 18 is_stmt 0 view .LVU454
 1734 006c 1848     		ldr	r0, .L123+4
 1735 006e FFF7FEFF 		bl	LAN8742_GetLinkState
 1736              	.LVL147:
 830:../../CM7/LWIP/Target/ethernetif.c ****   {
 1737              		.loc 1 830 3 is_stmt 1 view .LVU455
 830:../../CM7/LWIP/Target/ethernetif.c ****   {
 1738              		.loc 1 830 6 is_stmt 0 view .LVU456
 1739 0072 94F82D30 		ldrb	r3, [r4, #45]	@ zero_extendqisi2
 830:../../CM7/LWIP/Target/ethernetif.c ****   {
 1740              		.loc 1 830 5 view .LVU457
 1741 0076 13F0040F 		tst	r3, #4
 1742 007a 01D0     		beq	.L111
 830:../../CM7/LWIP/Target/ethernetif.c ****   {
 1743              		.loc 1 830 30 discriminator 1 view .LVU458
 1744 007c 0128     		cmp	r0, #1
 1745 007e CCDD     		ble	.L122
 1746              	.L111:
 836:../../CM7/LWIP/Target/ethernetif.c ****   {
 1747              		.loc 1 836 8 is_stmt 1 view .LVU459
 836:../../CM7/LWIP/Target/ethernetif.c ****   {
 1748              		.loc 1 836 10 is_stmt 0 view .LVU460
 1749 0080 13F0040F 		tst	r3, #4
 1750 0084 EFD1     		bne	.L112
ARM GAS  /var/folders/2r/mdtt8xvd351gdc398t28_m2m0000gn/T//cc7M34vh.s 			page 71


 836:../../CM7/LWIP/Target/ethernetif.c ****   {
 1751              		.loc 1 836 36 discriminator 1 view .LVU461
 1752 0086 0128     		cmp	r0, #1
 1753 0088 EDDD     		ble	.L112
 839:../../CM7/LWIP/Target/ethernetif.c ****     {
 1754              		.loc 1 839 5 is_stmt 1 view .LVU462
 1755 008a 0238     		subs	r0, r0, #2
 1756              	.LVL148:
 839:../../CM7/LWIP/Target/ethernetif.c ****     {
 1757              		.loc 1 839 5 is_stmt 0 view .LVU463
 1758 008c 0328     		cmp	r0, #3
 1759 008e 15D8     		bhi	.L113
 1760 0090 01A3     		adr	r3, .L115
 1761 0092 53F820F0 		ldr	pc, [r3, r0, lsl #2]
 1762 0096 00BF     		.p2align 2
 1763              	.L115:
 1764 0098 2F000000 		.word	.L118+1
 1765 009c B3000000 		.word	.L117+1
 1766 00a0 A9000000 		.word	.L116+1
 1767 00a4 C3000000 		.word	.L120+1
 1768              		.p2align 1
 1769              	.L116:
 852:../../CM7/LWIP/Target/ethernetif.c ****       speed = ETH_SPEED_10M;
 1770              		.loc 1 852 7 is_stmt 1 view .LVU464
 1771              	.LVL149:
 853:../../CM7/LWIP/Target/ethernetif.c ****       linkchanged = 1;
 1772              		.loc 1 853 7 view .LVU465
 854:../../CM7/LWIP/Target/ethernetif.c ****       break;
 1773              		.loc 1 854 7 view .LVU466
 855:../../CM7/LWIP/Target/ethernetif.c ****     case LAN8742_STATUS_10MBITS_HALFDUPLEX:
 1774              		.loc 1 855 7 view .LVU467
 865:../../CM7/LWIP/Target/ethernetif.c ****     {
 1775              		.loc 1 865 5 view .LVU468
 852:../../CM7/LWIP/Target/ethernetif.c ****       speed = ETH_SPEED_10M;
 1776              		.loc 1 852 14 is_stmt 0 view .LVU469
 1777 00a8 4FF40055 		mov	r5, #8192
 853:../../CM7/LWIP/Target/ethernetif.c ****       linkchanged = 1;
 1778              		.loc 1 853 13 view .LVU470
 1779 00ac 0026     		movs	r6, #0
 854:../../CM7/LWIP/Target/ethernetif.c ****       break;
 1780              		.loc 1 854 19 view .LVU471
 1781 00ae 0127     		movs	r7, #1
 1782 00b0 C2E7     		b	.L114
 1783              	.LVL150:
 1784              	.L117:
 847:../../CM7/LWIP/Target/ethernetif.c ****       speed = ETH_SPEED_100M;
 1785              		.loc 1 847 7 is_stmt 1 view .LVU472
 848:../../CM7/LWIP/Target/ethernetif.c ****       linkchanged = 1;
 1786              		.loc 1 848 7 view .LVU473
 849:../../CM7/LWIP/Target/ethernetif.c ****       break;
 1787              		.loc 1 849 7 view .LVU474
 850:../../CM7/LWIP/Target/ethernetif.c ****     case LAN8742_STATUS_10MBITS_FULLDUPLEX:
 1788              		.loc 1 850 7 view .LVU475
 865:../../CM7/LWIP/Target/ethernetif.c ****     {
 1789              		.loc 1 865 5 view .LVU476
 847:../../CM7/LWIP/Target/ethernetif.c ****       speed = ETH_SPEED_100M;
 1790              		.loc 1 847 14 is_stmt 0 view .LVU477
ARM GAS  /var/folders/2r/mdtt8xvd351gdc398t28_m2m0000gn/T//cc7M34vh.s 			page 72


 1791 00b2 0025     		movs	r5, #0
 848:../../CM7/LWIP/Target/ethernetif.c ****       linkchanged = 1;
 1792              		.loc 1 848 13 view .LVU478
 1793 00b4 4FF48046 		mov	r6, #16384
 849:../../CM7/LWIP/Target/ethernetif.c ****       break;
 1794              		.loc 1 849 19 view .LVU479
 1795 00b8 0127     		movs	r7, #1
 1796 00ba BDE7     		b	.L114
 1797              	.LVL151:
 1798              	.L113:
 865:../../CM7/LWIP/Target/ethernetif.c ****     {
 1799              		.loc 1 865 5 is_stmt 1 view .LVU480
 865:../../CM7/LWIP/Target/ethernetif.c ****     {
 1800              		.loc 1 865 7 is_stmt 0 view .LVU481
 1801 00bc 002F     		cmp	r7, #0
 1802 00be D2D0     		beq	.L112
 1803 00c0 BAE7     		b	.L114
 1804              	.L120:
 857:../../CM7/LWIP/Target/ethernetif.c ****       speed = ETH_SPEED_10M;
 1805              		.loc 1 857 14 view .LVU482
 1806 00c2 0025     		movs	r5, #0
 1807              	.LVL152:
 858:../../CM7/LWIP/Target/ethernetif.c ****       linkchanged = 1;
 1808              		.loc 1 858 13 view .LVU483
 1809 00c4 2E46     		mov	r6, r5
 1810              	.LVL153:
 859:../../CM7/LWIP/Target/ethernetif.c ****       break;
 1811              		.loc 1 859 19 view .LVU484
 1812 00c6 0127     		movs	r7, #1
 1813              	.LVL154:
 859:../../CM7/LWIP/Target/ethernetif.c ****       break;
 1814              		.loc 1 859 19 view .LVU485
 1815 00c8 B6E7     		b	.L114
 1816              	.L124:
 1817 00ca 00BF     		.align	2
 1818              	.L123:
 1819 00cc 00000000 		.word	heth
 1820 00d0 00000000 		.word	LAN8742
 1821              		.cfi_endproc
 1822              	.LFE192:
 1824              		.section	.text.HAL_ETH_RxAllocateCallback,"ax",%progbits
 1825              		.align	1
 1826              		.global	HAL_ETH_RxAllocateCallback
 1827              		.syntax unified
 1828              		.thumb
 1829              		.thumb_func
 1831              	HAL_ETH_RxAllocateCallback:
 1832              	.LVL155:
 1833              	.LFB193:
 883:../../CM7/LWIP/Target/ethernetif.c ****   }
 884:../../CM7/LWIP/Target/ethernetif.c **** }
 885:../../CM7/LWIP/Target/ethernetif.c **** 
 886:../../CM7/LWIP/Target/ethernetif.c **** void HAL_ETH_RxAllocateCallback(uint8_t **buff)
 887:../../CM7/LWIP/Target/ethernetif.c **** {
 1834              		.loc 1 887 1 is_stmt 1 view -0
 1835              		.cfi_startproc
 1836              		@ args = 0, pretend = 0, frame = 0
ARM GAS  /var/folders/2r/mdtt8xvd351gdc398t28_m2m0000gn/T//cc7M34vh.s 			page 73


 1837              		@ frame_needed = 0, uses_anonymous_args = 0
 1838              		.loc 1 887 1 is_stmt 0 view .LVU487
 1839 0000 10B5     		push	{r4, lr}
 1840              	.LCFI29:
 1841              		.cfi_def_cfa_offset 8
 1842              		.cfi_offset 4, -8
 1843              		.cfi_offset 14, -4
 1844 0002 82B0     		sub	sp, sp, #8
 1845              	.LCFI30:
 1846              		.cfi_def_cfa_offset 16
 1847 0004 0446     		mov	r4, r0
 888:../../CM7/LWIP/Target/ethernetif.c **** /* USER CODE BEGIN HAL ETH RxAllocateCallback */
 889:../../CM7/LWIP/Target/ethernetif.c ****   struct pbuf_custom *p = LWIP_MEMPOOL_ALLOC(RX_POOL);
 1848              		.loc 1 889 3 is_stmt 1 view .LVU488
 1849              		.loc 1 889 27 is_stmt 0 view .LVU489
 1850 0006 0E48     		ldr	r0, .L129
 1851              	.LVL156:
 1852              		.loc 1 889 27 view .LVU490
 1853 0008 FFF7FEFF 		bl	memp_malloc_pool
 1854              	.LVL157:
 890:../../CM7/LWIP/Target/ethernetif.c ****   if (p)
 1855              		.loc 1 890 3 is_stmt 1 view .LVU491
 1856              		.loc 1 890 6 is_stmt 0 view .LVU492
 1857 000c 88B1     		cbz	r0, .L126
 1858 000e 0346     		mov	r3, r0
 891:../../CM7/LWIP/Target/ethernetif.c ****   {
 892:../../CM7/LWIP/Target/ethernetif.c ****     /* Get the buff from the struct pbuf address. */
 893:../../CM7/LWIP/Target/ethernetif.c ****     *buff = (uint8_t *)p + offsetof(RxBuff_t, buff);
 1859              		.loc 1 893 5 is_stmt 1 view .LVU493
 1860              		.loc 1 893 26 is_stmt 0 view .LVU494
 1861 0010 00F12002 		add	r2, r0, #32
 1862              		.loc 1 893 11 view .LVU495
 1863 0014 2260     		str	r2, [r4]
 894:../../CM7/LWIP/Target/ethernetif.c ****     p->custom_free_function = pbuf_free_custom;
 1864              		.loc 1 894 5 is_stmt 1 view .LVU496
 1865              		.loc 1 894 29 is_stmt 0 view .LVU497
 1866 0016 0B4A     		ldr	r2, .L129+4
 1867 0018 0261     		str	r2, [r0, #16]
 895:../../CM7/LWIP/Target/ethernetif.c ****     /* Initialize the struct pbuf.
 896:../../CM7/LWIP/Target/ethernetif.c ****     * This must be performed whenever a buffer's allocated because it may be
 897:../../CM7/LWIP/Target/ethernetif.c ****     * changed by lwIP or the app, e.g., pbuf_free decrements ref. */
 898:../../CM7/LWIP/Target/ethernetif.c ****     pbuf_alloced_custom(PBUF_RAW, 0, PBUF_REF, p, *buff, ETH_RX_BUFFER_SIZE);
 1868              		.loc 1 898 5 is_stmt 1 view .LVU498
 1869 001a 4FF4C062 		mov	r2, #1536
 1870 001e 0192     		str	r2, [sp, #4]
 1871 0020 2268     		ldr	r2, [r4]
 1872 0022 0092     		str	r2, [sp]
 1873 0024 4122     		movs	r2, #65
 1874 0026 0021     		movs	r1, #0
 1875 0028 0846     		mov	r0, r1
 1876              	.LVL158:
 1877              		.loc 1 898 5 is_stmt 0 view .LVU499
 1878 002a FFF7FEFF 		bl	pbuf_alloced_custom
 1879              	.LVL159:
 1880              	.L125:
 899:../../CM7/LWIP/Target/ethernetif.c ****   }
 900:../../CM7/LWIP/Target/ethernetif.c ****   else
ARM GAS  /var/folders/2r/mdtt8xvd351gdc398t28_m2m0000gn/T//cc7M34vh.s 			page 74


 901:../../CM7/LWIP/Target/ethernetif.c ****   {
 902:../../CM7/LWIP/Target/ethernetif.c ****     RxAllocStatus = RX_ALLOC_ERROR;
 903:../../CM7/LWIP/Target/ethernetif.c ****     *buff = NULL;
 904:../../CM7/LWIP/Target/ethernetif.c ****   }
 905:../../CM7/LWIP/Target/ethernetif.c **** /* USER CODE END HAL ETH RxAllocateCallback */
 906:../../CM7/LWIP/Target/ethernetif.c **** }
 1881              		.loc 1 906 1 view .LVU500
 1882 002e 02B0     		add	sp, sp, #8
 1883              	.LCFI31:
 1884              		.cfi_remember_state
 1885              		.cfi_def_cfa_offset 8
 1886              		@ sp needed
 1887 0030 10BD     		pop	{r4, pc}
 1888              	.LVL160:
 1889              	.L126:
 1890              	.LCFI32:
 1891              		.cfi_restore_state
 902:../../CM7/LWIP/Target/ethernetif.c ****     *buff = NULL;
 1892              		.loc 1 902 5 is_stmt 1 view .LVU501
 902:../../CM7/LWIP/Target/ethernetif.c ****     *buff = NULL;
 1893              		.loc 1 902 19 is_stmt 0 view .LVU502
 1894 0032 054B     		ldr	r3, .L129+8
 1895 0034 0122     		movs	r2, #1
 1896 0036 1A70     		strb	r2, [r3]
 903:../../CM7/LWIP/Target/ethernetif.c ****   }
 1897              		.loc 1 903 5 is_stmt 1 view .LVU503
 903:../../CM7/LWIP/Target/ethernetif.c ****   }
 1898              		.loc 1 903 11 is_stmt 0 view .LVU504
 1899 0038 0023     		movs	r3, #0
 1900 003a 2360     		str	r3, [r4]
 1901              		.loc 1 906 1 view .LVU505
 1902 003c F7E7     		b	.L125
 1903              	.L130:
 1904 003e 00BF     		.align	2
 1905              	.L129:
 1906 0040 00000000 		.word	memp_RX_POOL
 1907 0044 00000000 		.word	pbuf_free_custom
 1908 0048 00000000 		.word	RxAllocStatus
 1909              		.cfi_endproc
 1910              	.LFE193:
 1912              		.section	.text.HAL_ETH_RxLinkCallback,"ax",%progbits
 1913              		.align	1
 1914              		.global	HAL_ETH_RxLinkCallback
 1915              		.syntax unified
 1916              		.thumb
 1917              		.thumb_func
 1919              	HAL_ETH_RxLinkCallback:
 1920              	.LVL161:
 1921              	.LFB194:
 907:../../CM7/LWIP/Target/ethernetif.c **** 
 908:../../CM7/LWIP/Target/ethernetif.c **** void HAL_ETH_RxLinkCallback(void **pStart, void **pEnd, uint8_t *buff, uint16_t Length)
 909:../../CM7/LWIP/Target/ethernetif.c **** {
 1922              		.loc 1 909 1 is_stmt 1 view -0
 1923              		.cfi_startproc
 1924              		@ args = 0, pretend = 0, frame = 0
 1925              		@ frame_needed = 0, uses_anonymous_args = 0
 1926              		@ link register save eliminated.
ARM GAS  /var/folders/2r/mdtt8xvd351gdc398t28_m2m0000gn/T//cc7M34vh.s 			page 75


 1927              		.loc 1 909 1 is_stmt 0 view .LVU507
 1928 0000 30B4     		push	{r4, r5}
 1929              	.LCFI33:
 1930              		.cfi_def_cfa_offset 8
 1931              		.cfi_offset 4, -8
 1932              		.cfi_offset 5, -4
 910:../../CM7/LWIP/Target/ethernetif.c **** /* USER CODE BEGIN HAL ETH RxLinkCallback */
 911:../../CM7/LWIP/Target/ethernetif.c **** 
 912:../../CM7/LWIP/Target/ethernetif.c ****   struct pbuf **ppStart = (struct pbuf **)pStart;
 1933              		.loc 1 912 3 is_stmt 1 view .LVU508
 1934              	.LVL162:
 913:../../CM7/LWIP/Target/ethernetif.c ****   struct pbuf **ppEnd = (struct pbuf **)pEnd;
 1935              		.loc 1 913 3 view .LVU509
 914:../../CM7/LWIP/Target/ethernetif.c ****   struct pbuf *p = NULL;
 1936              		.loc 1 914 3 view .LVU510
 915:../../CM7/LWIP/Target/ethernetif.c **** 
 916:../../CM7/LWIP/Target/ethernetif.c ****   /* Get the struct pbuf from the buff address. */
 917:../../CM7/LWIP/Target/ethernetif.c ****   p = (struct pbuf *)(buff - offsetof(RxBuff_t, buff));
 1937              		.loc 1 917 3 view .LVU511
 1938              		.loc 1 917 5 is_stmt 0 view .LVU512
 1939 0002 A2F12004 		sub	r4, r2, #32
 1940              	.LVL163:
 918:../../CM7/LWIP/Target/ethernetif.c ****   p->next = NULL;
 1941              		.loc 1 918 3 is_stmt 1 view .LVU513
 1942              		.loc 1 918 11 is_stmt 0 view .LVU514
 1943 0006 0025     		movs	r5, #0
 1944 0008 42F8205C 		str	r5, [r2, #-32]
 919:../../CM7/LWIP/Target/ethernetif.c ****   p->tot_len = 0;
 1945              		.loc 1 919 3 is_stmt 1 view .LVU515
 1946              		.loc 1 919 14 is_stmt 0 view .LVU516
 1947 000c 22F8185C 		strh	r5, [r2, #-24]	@ movhi
 920:../../CM7/LWIP/Target/ethernetif.c ****   p->len = Length;
 1948              		.loc 1 920 3 is_stmt 1 view .LVU517
 1949              		.loc 1 920 10 is_stmt 0 view .LVU518
 1950 0010 22F8163C 		strh	r3, [r2, #-22]	@ movhi
 921:../../CM7/LWIP/Target/ethernetif.c **** 
 922:../../CM7/LWIP/Target/ethernetif.c ****   /* Chain the buffer. */
 923:../../CM7/LWIP/Target/ethernetif.c ****   if (!*ppStart)
 1951              		.loc 1 923 3 is_stmt 1 view .LVU519
 1952              		.loc 1 923 8 is_stmt 0 view .LVU520
 1953 0014 0568     		ldr	r5, [r0]
 1954              		.loc 1 923 6 view .LVU521
 1955 0016 25B1     		cbz	r5, .L139
 924:../../CM7/LWIP/Target/ethernetif.c ****   {
 925:../../CM7/LWIP/Target/ethernetif.c ****     /* The first buffer of the packet. */
 926:../../CM7/LWIP/Target/ethernetif.c ****     *ppStart = p;
 927:../../CM7/LWIP/Target/ethernetif.c ****   }
 928:../../CM7/LWIP/Target/ethernetif.c ****   else
 929:../../CM7/LWIP/Target/ethernetif.c ****   {
 930:../../CM7/LWIP/Target/ethernetif.c ****     /* Chain the buffer to the end of the packet. */
 931:../../CM7/LWIP/Target/ethernetif.c ****     (*ppEnd)->next = p;
 1956              		.loc 1 931 5 is_stmt 1 view .LVU522
 1957              		.loc 1 931 6 is_stmt 0 view .LVU523
 1958 0018 0D68     		ldr	r5, [r1]
 1959              		.loc 1 931 20 view .LVU524
 1960 001a 2C60     		str	r4, [r5]
 1961              	.L133:
ARM GAS  /var/folders/2r/mdtt8xvd351gdc398t28_m2m0000gn/T//cc7M34vh.s 			page 76


 932:../../CM7/LWIP/Target/ethernetif.c ****   }
 933:../../CM7/LWIP/Target/ethernetif.c ****   *ppEnd  = p;
 1962              		.loc 1 933 3 is_stmt 1 view .LVU525
 1963              		.loc 1 933 11 is_stmt 0 view .LVU526
 1964 001c 0C60     		str	r4, [r1]
 934:../../CM7/LWIP/Target/ethernetif.c **** 
 935:../../CM7/LWIP/Target/ethernetif.c ****   /* Update the total length of all the buffers of the chain. Each pbuf in the chain should have it
 936:../../CM7/LWIP/Target/ethernetif.c ****    * set to its own length, plus the length of all the following pbufs in the chain. */
 937:../../CM7/LWIP/Target/ethernetif.c ****   for (p = *ppStart; p != NULL; p = p->next)
 1965              		.loc 1 937 3 is_stmt 1 view .LVU527
 1966              		.loc 1 937 10 is_stmt 0 view .LVU528
 1967 001e 0168     		ldr	r1, [r0]
 1968              	.LVL164:
 1969              		.loc 1 937 3 view .LVU529
 1970 0020 05E0     		b	.L134
 1971              	.LVL165:
 1972              	.L139:
 926:../../CM7/LWIP/Target/ethernetif.c ****   }
 1973              		.loc 1 926 5 is_stmt 1 view .LVU530
 926:../../CM7/LWIP/Target/ethernetif.c ****   }
 1974              		.loc 1 926 14 is_stmt 0 view .LVU531
 1975 0022 0460     		str	r4, [r0]
 1976 0024 FAE7     		b	.L133
 1977              	.LVL166:
 1978              	.L135:
 938:../../CM7/LWIP/Target/ethernetif.c ****   {
 939:../../CM7/LWIP/Target/ethernetif.c ****     p->tot_len += Length;
 1979              		.loc 1 939 5 is_stmt 1 view .LVU532
 1980              		.loc 1 939 6 is_stmt 0 view .LVU533
 1981 0026 0889     		ldrh	r0, [r1, #8]
 1982              		.loc 1 939 16 view .LVU534
 1983 0028 1844     		add	r0, r0, r3
 1984 002a 0881     		strh	r0, [r1, #8]	@ movhi
 937:../../CM7/LWIP/Target/ethernetif.c ****   {
 1985              		.loc 1 937 35 is_stmt 1 discriminator 3 view .LVU535
 1986 002c 0968     		ldr	r1, [r1]
 1987              	.LVL167:
 1988              	.L134:
 937:../../CM7/LWIP/Target/ethernetif.c ****   {
 1989              		.loc 1 937 24 discriminator 1 view .LVU536
 1990 002e 0029     		cmp	r1, #0
 1991 0030 F9D1     		bne	.L135
 940:../../CM7/LWIP/Target/ethernetif.c ****   }
 941:../../CM7/LWIP/Target/ethernetif.c **** 
 942:../../CM7/LWIP/Target/ethernetif.c ****   /* Invalidate data cache because Rx DMA's writing to physical memory makes it stale. */
 943:../../CM7/LWIP/Target/ethernetif.c ****   SCB_InvalidateDCache_by_Addr((uint32_t *)buff, Length);
 1992              		.loc 1 943 3 view .LVU537
 1993              	.LVL168:
 1994              	.LBB33:
 1995              	.LBI33:
 1996              		.file 3 "../../Drivers/CMSIS/Include/core_cm7.h"
   1:../../Drivers/CMSIS/Include/core_cm7.h **** /**************************************************************************//**
   2:../../Drivers/CMSIS/Include/core_cm7.h ****  * @file     core_cm7.h
   3:../../Drivers/CMSIS/Include/core_cm7.h ****  * @brief    CMSIS Cortex-M7 Core Peripheral Access Layer Header File
   4:../../Drivers/CMSIS/Include/core_cm7.h ****  * @version  V5.1.1
   5:../../Drivers/CMSIS/Include/core_cm7.h ****  * @date     28. March 2019
   6:../../Drivers/CMSIS/Include/core_cm7.h ****  ******************************************************************************/
ARM GAS  /var/folders/2r/mdtt8xvd351gdc398t28_m2m0000gn/T//cc7M34vh.s 			page 77


   7:../../Drivers/CMSIS/Include/core_cm7.h **** /*
   8:../../Drivers/CMSIS/Include/core_cm7.h ****  * Copyright (c) 2009-2019 Arm Limited. All rights reserved.
   9:../../Drivers/CMSIS/Include/core_cm7.h ****  *
  10:../../Drivers/CMSIS/Include/core_cm7.h ****  * SPDX-License-Identifier: Apache-2.0
  11:../../Drivers/CMSIS/Include/core_cm7.h ****  *
  12:../../Drivers/CMSIS/Include/core_cm7.h ****  * Licensed under the Apache License, Version 2.0 (the License); you may
  13:../../Drivers/CMSIS/Include/core_cm7.h ****  * not use this file except in compliance with the License.
  14:../../Drivers/CMSIS/Include/core_cm7.h ****  * You may obtain a copy of the License at
  15:../../Drivers/CMSIS/Include/core_cm7.h ****  *
  16:../../Drivers/CMSIS/Include/core_cm7.h ****  * www.apache.org/licenses/LICENSE-2.0
  17:../../Drivers/CMSIS/Include/core_cm7.h ****  *
  18:../../Drivers/CMSIS/Include/core_cm7.h ****  * Unless required by applicable law or agreed to in writing, software
  19:../../Drivers/CMSIS/Include/core_cm7.h ****  * distributed under the License is distributed on an AS IS BASIS, WITHOUT
  20:../../Drivers/CMSIS/Include/core_cm7.h ****  * WARRANTIES OR CONDITIONS OF ANY KIND, either express or implied.
  21:../../Drivers/CMSIS/Include/core_cm7.h ****  * See the License for the specific language governing permissions and
  22:../../Drivers/CMSIS/Include/core_cm7.h ****  * limitations under the License.
  23:../../Drivers/CMSIS/Include/core_cm7.h ****  */
  24:../../Drivers/CMSIS/Include/core_cm7.h **** 
  25:../../Drivers/CMSIS/Include/core_cm7.h **** #if   defined ( __ICCARM__ )
  26:../../Drivers/CMSIS/Include/core_cm7.h ****   #pragma system_include         /* treat file as system include file for MISRA check */
  27:../../Drivers/CMSIS/Include/core_cm7.h **** #elif defined (__clang__)
  28:../../Drivers/CMSIS/Include/core_cm7.h ****   #pragma clang system_header   /* treat file as system include file */
  29:../../Drivers/CMSIS/Include/core_cm7.h **** #endif
  30:../../Drivers/CMSIS/Include/core_cm7.h **** 
  31:../../Drivers/CMSIS/Include/core_cm7.h **** #ifndef __CORE_CM7_H_GENERIC
  32:../../Drivers/CMSIS/Include/core_cm7.h **** #define __CORE_CM7_H_GENERIC
  33:../../Drivers/CMSIS/Include/core_cm7.h **** 
  34:../../Drivers/CMSIS/Include/core_cm7.h **** #include <stdint.h>
  35:../../Drivers/CMSIS/Include/core_cm7.h **** 
  36:../../Drivers/CMSIS/Include/core_cm7.h **** #ifdef __cplusplus
  37:../../Drivers/CMSIS/Include/core_cm7.h ****  extern "C" {
  38:../../Drivers/CMSIS/Include/core_cm7.h **** #endif
  39:../../Drivers/CMSIS/Include/core_cm7.h **** 
  40:../../Drivers/CMSIS/Include/core_cm7.h **** /**
  41:../../Drivers/CMSIS/Include/core_cm7.h ****   \page CMSIS_MISRA_Exceptions  MISRA-C:2004 Compliance Exceptions
  42:../../Drivers/CMSIS/Include/core_cm7.h ****   CMSIS violates the following MISRA-C:2004 rules:
  43:../../Drivers/CMSIS/Include/core_cm7.h **** 
  44:../../Drivers/CMSIS/Include/core_cm7.h ****    \li Required Rule 8.5, object/function definition in header file.<br>
  45:../../Drivers/CMSIS/Include/core_cm7.h ****      Function definitions in header files are used to allow 'inlining'.
  46:../../Drivers/CMSIS/Include/core_cm7.h **** 
  47:../../Drivers/CMSIS/Include/core_cm7.h ****    \li Required Rule 18.4, declaration of union type or object of union type: '{...}'.<br>
  48:../../Drivers/CMSIS/Include/core_cm7.h ****      Unions are used for effective representation of core registers.
  49:../../Drivers/CMSIS/Include/core_cm7.h **** 
  50:../../Drivers/CMSIS/Include/core_cm7.h ****    \li Advisory Rule 19.7, Function-like macro defined.<br>
  51:../../Drivers/CMSIS/Include/core_cm7.h ****      Function-like macros are used to allow more efficient code.
  52:../../Drivers/CMSIS/Include/core_cm7.h ****  */
  53:../../Drivers/CMSIS/Include/core_cm7.h **** 
  54:../../Drivers/CMSIS/Include/core_cm7.h **** 
  55:../../Drivers/CMSIS/Include/core_cm7.h **** /*******************************************************************************
  56:../../Drivers/CMSIS/Include/core_cm7.h ****  *                 CMSIS definitions
  57:../../Drivers/CMSIS/Include/core_cm7.h ****  ******************************************************************************/
  58:../../Drivers/CMSIS/Include/core_cm7.h **** /**
  59:../../Drivers/CMSIS/Include/core_cm7.h ****   \ingroup Cortex_M7
  60:../../Drivers/CMSIS/Include/core_cm7.h ****   @{
  61:../../Drivers/CMSIS/Include/core_cm7.h ****  */
  62:../../Drivers/CMSIS/Include/core_cm7.h **** 
  63:../../Drivers/CMSIS/Include/core_cm7.h **** #include "cmsis_version.h"
ARM GAS  /var/folders/2r/mdtt8xvd351gdc398t28_m2m0000gn/T//cc7M34vh.s 			page 78


  64:../../Drivers/CMSIS/Include/core_cm7.h **** 
  65:../../Drivers/CMSIS/Include/core_cm7.h **** /* CMSIS CM7 definitions */
  66:../../Drivers/CMSIS/Include/core_cm7.h **** #define __CM7_CMSIS_VERSION_MAIN  (__CM_CMSIS_VERSION_MAIN)                  /*!< \deprecated [31:1
  67:../../Drivers/CMSIS/Include/core_cm7.h **** #define __CM7_CMSIS_VERSION_SUB   ( __CM_CMSIS_VERSION_SUB)                  /*!< \deprecated [15:0
  68:../../Drivers/CMSIS/Include/core_cm7.h **** #define __CM7_CMSIS_VERSION       ((__CM7_CMSIS_VERSION_MAIN << 16U) | \
  69:../../Drivers/CMSIS/Include/core_cm7.h ****                                     __CM7_CMSIS_VERSION_SUB           )      /*!< \deprecated CMSIS
  70:../../Drivers/CMSIS/Include/core_cm7.h **** 
  71:../../Drivers/CMSIS/Include/core_cm7.h **** #define __CORTEX_M                (7U)                                       /*!< Cortex-M Core */
  72:../../Drivers/CMSIS/Include/core_cm7.h **** 
  73:../../Drivers/CMSIS/Include/core_cm7.h **** /** __FPU_USED indicates whether an FPU is used or not.
  74:../../Drivers/CMSIS/Include/core_cm7.h ****     For this, __FPU_PRESENT has to be checked prior to making use of FPU specific registers and fun
  75:../../Drivers/CMSIS/Include/core_cm7.h **** */
  76:../../Drivers/CMSIS/Include/core_cm7.h **** #if defined ( __CC_ARM )
  77:../../Drivers/CMSIS/Include/core_cm7.h ****   #if defined __TARGET_FPU_VFP
  78:../../Drivers/CMSIS/Include/core_cm7.h ****     #if defined (__FPU_PRESENT) && (__FPU_PRESENT == 1U)
  79:../../Drivers/CMSIS/Include/core_cm7.h ****       #define __FPU_USED       1U
  80:../../Drivers/CMSIS/Include/core_cm7.h ****     #else
  81:../../Drivers/CMSIS/Include/core_cm7.h ****       #error "Compiler generates FPU instructions for a device without an FPU (check __FPU_PRESENT)
  82:../../Drivers/CMSIS/Include/core_cm7.h ****       #define __FPU_USED       0U
  83:../../Drivers/CMSIS/Include/core_cm7.h ****     #endif
  84:../../Drivers/CMSIS/Include/core_cm7.h ****   #else
  85:../../Drivers/CMSIS/Include/core_cm7.h ****     #define __FPU_USED         0U
  86:../../Drivers/CMSIS/Include/core_cm7.h ****   #endif
  87:../../Drivers/CMSIS/Include/core_cm7.h **** 
  88:../../Drivers/CMSIS/Include/core_cm7.h **** #elif defined (__ARMCC_VERSION) && (__ARMCC_VERSION >= 6010050)
  89:../../Drivers/CMSIS/Include/core_cm7.h ****   #if defined __ARM_FP
  90:../../Drivers/CMSIS/Include/core_cm7.h ****     #if defined (__FPU_PRESENT) && (__FPU_PRESENT == 1U)
  91:../../Drivers/CMSIS/Include/core_cm7.h ****       #define __FPU_USED       1U
  92:../../Drivers/CMSIS/Include/core_cm7.h ****     #else
  93:../../Drivers/CMSIS/Include/core_cm7.h ****       #warning "Compiler generates FPU instructions for a device without an FPU (check __FPU_PRESEN
  94:../../Drivers/CMSIS/Include/core_cm7.h ****       #define __FPU_USED       0U
  95:../../Drivers/CMSIS/Include/core_cm7.h ****     #endif
  96:../../Drivers/CMSIS/Include/core_cm7.h ****   #else
  97:../../Drivers/CMSIS/Include/core_cm7.h ****     #define __FPU_USED         0U
  98:../../Drivers/CMSIS/Include/core_cm7.h ****   #endif
  99:../../Drivers/CMSIS/Include/core_cm7.h **** 
 100:../../Drivers/CMSIS/Include/core_cm7.h **** #elif defined ( __GNUC__ )
 101:../../Drivers/CMSIS/Include/core_cm7.h ****   #if defined (__VFP_FP__) && !defined(__SOFTFP__)
 102:../../Drivers/CMSIS/Include/core_cm7.h ****     #if defined (__FPU_PRESENT) && (__FPU_PRESENT == 1U)
 103:../../Drivers/CMSIS/Include/core_cm7.h ****       #define __FPU_USED       1U
 104:../../Drivers/CMSIS/Include/core_cm7.h ****     #else
 105:../../Drivers/CMSIS/Include/core_cm7.h ****       #error "Compiler generates FPU instructions for a device without an FPU (check __FPU_PRESENT)
 106:../../Drivers/CMSIS/Include/core_cm7.h ****       #define __FPU_USED       0U
 107:../../Drivers/CMSIS/Include/core_cm7.h ****     #endif
 108:../../Drivers/CMSIS/Include/core_cm7.h ****   #else
 109:../../Drivers/CMSIS/Include/core_cm7.h ****     #define __FPU_USED         0U
 110:../../Drivers/CMSIS/Include/core_cm7.h ****   #endif
 111:../../Drivers/CMSIS/Include/core_cm7.h **** 
 112:../../Drivers/CMSIS/Include/core_cm7.h **** #elif defined ( __ICCARM__ )
 113:../../Drivers/CMSIS/Include/core_cm7.h ****   #if defined __ARMVFP__
 114:../../Drivers/CMSIS/Include/core_cm7.h ****     #if defined (__FPU_PRESENT) && (__FPU_PRESENT == 1U)
 115:../../Drivers/CMSIS/Include/core_cm7.h ****       #define __FPU_USED       1U
 116:../../Drivers/CMSIS/Include/core_cm7.h ****     #else
 117:../../Drivers/CMSIS/Include/core_cm7.h ****       #error "Compiler generates FPU instructions for a device without an FPU (check __FPU_PRESENT)
 118:../../Drivers/CMSIS/Include/core_cm7.h ****       #define __FPU_USED       0U
 119:../../Drivers/CMSIS/Include/core_cm7.h ****     #endif
 120:../../Drivers/CMSIS/Include/core_cm7.h ****   #else
ARM GAS  /var/folders/2r/mdtt8xvd351gdc398t28_m2m0000gn/T//cc7M34vh.s 			page 79


 121:../../Drivers/CMSIS/Include/core_cm7.h ****     #define __FPU_USED         0U
 122:../../Drivers/CMSIS/Include/core_cm7.h ****   #endif
 123:../../Drivers/CMSIS/Include/core_cm7.h **** 
 124:../../Drivers/CMSIS/Include/core_cm7.h **** #elif defined ( __TI_ARM__ )
 125:../../Drivers/CMSIS/Include/core_cm7.h ****   #if defined __TI_VFP_SUPPORT__
 126:../../Drivers/CMSIS/Include/core_cm7.h ****     #if defined (__FPU_PRESENT) && (__FPU_PRESENT == 1U)
 127:../../Drivers/CMSIS/Include/core_cm7.h ****       #define __FPU_USED       1U
 128:../../Drivers/CMSIS/Include/core_cm7.h ****     #else
 129:../../Drivers/CMSIS/Include/core_cm7.h ****       #error "Compiler generates FPU instructions for a device without an FPU (check __FPU_PRESENT)
 130:../../Drivers/CMSIS/Include/core_cm7.h ****       #define __FPU_USED       0U
 131:../../Drivers/CMSIS/Include/core_cm7.h ****     #endif
 132:../../Drivers/CMSIS/Include/core_cm7.h ****   #else
 133:../../Drivers/CMSIS/Include/core_cm7.h ****     #define __FPU_USED         0U
 134:../../Drivers/CMSIS/Include/core_cm7.h ****   #endif
 135:../../Drivers/CMSIS/Include/core_cm7.h **** 
 136:../../Drivers/CMSIS/Include/core_cm7.h **** #elif defined ( __TASKING__ )
 137:../../Drivers/CMSIS/Include/core_cm7.h ****   #if defined __FPU_VFP__
 138:../../Drivers/CMSIS/Include/core_cm7.h ****     #if defined (__FPU_PRESENT) && (__FPU_PRESENT == 1U)
 139:../../Drivers/CMSIS/Include/core_cm7.h ****       #define __FPU_USED       1U
 140:../../Drivers/CMSIS/Include/core_cm7.h ****     #else
 141:../../Drivers/CMSIS/Include/core_cm7.h ****       #error "Compiler generates FPU instructions for a device without an FPU (check __FPU_PRESENT)
 142:../../Drivers/CMSIS/Include/core_cm7.h ****       #define __FPU_USED       0U
 143:../../Drivers/CMSIS/Include/core_cm7.h ****     #endif
 144:../../Drivers/CMSIS/Include/core_cm7.h ****   #else
 145:../../Drivers/CMSIS/Include/core_cm7.h ****     #define __FPU_USED         0U
 146:../../Drivers/CMSIS/Include/core_cm7.h ****   #endif
 147:../../Drivers/CMSIS/Include/core_cm7.h **** 
 148:../../Drivers/CMSIS/Include/core_cm7.h **** #elif defined ( __CSMC__ )
 149:../../Drivers/CMSIS/Include/core_cm7.h ****   #if ( __CSMC__ & 0x400U)
 150:../../Drivers/CMSIS/Include/core_cm7.h ****     #if defined (__FPU_PRESENT) && (__FPU_PRESENT == 1U)
 151:../../Drivers/CMSIS/Include/core_cm7.h ****       #define __FPU_USED       1U
 152:../../Drivers/CMSIS/Include/core_cm7.h ****     #else
 153:../../Drivers/CMSIS/Include/core_cm7.h ****       #error "Compiler generates FPU instructions for a device without an FPU (check __FPU_PRESENT)
 154:../../Drivers/CMSIS/Include/core_cm7.h ****       #define __FPU_USED       0U
 155:../../Drivers/CMSIS/Include/core_cm7.h ****     #endif
 156:../../Drivers/CMSIS/Include/core_cm7.h ****   #else
 157:../../Drivers/CMSIS/Include/core_cm7.h ****     #define __FPU_USED         0U
 158:../../Drivers/CMSIS/Include/core_cm7.h ****   #endif
 159:../../Drivers/CMSIS/Include/core_cm7.h **** 
 160:../../Drivers/CMSIS/Include/core_cm7.h **** #endif
 161:../../Drivers/CMSIS/Include/core_cm7.h **** 
 162:../../Drivers/CMSIS/Include/core_cm7.h **** #include "cmsis_compiler.h"               /* CMSIS compiler specific defines */
 163:../../Drivers/CMSIS/Include/core_cm7.h **** 
 164:../../Drivers/CMSIS/Include/core_cm7.h **** 
 165:../../Drivers/CMSIS/Include/core_cm7.h **** #ifdef __cplusplus
 166:../../Drivers/CMSIS/Include/core_cm7.h **** }
 167:../../Drivers/CMSIS/Include/core_cm7.h **** #endif
 168:../../Drivers/CMSIS/Include/core_cm7.h **** 
 169:../../Drivers/CMSIS/Include/core_cm7.h **** #endif /* __CORE_CM7_H_GENERIC */
 170:../../Drivers/CMSIS/Include/core_cm7.h **** 
 171:../../Drivers/CMSIS/Include/core_cm7.h **** #ifndef __CMSIS_GENERIC
 172:../../Drivers/CMSIS/Include/core_cm7.h **** 
 173:../../Drivers/CMSIS/Include/core_cm7.h **** #ifndef __CORE_CM7_H_DEPENDANT
 174:../../Drivers/CMSIS/Include/core_cm7.h **** #define __CORE_CM7_H_DEPENDANT
 175:../../Drivers/CMSIS/Include/core_cm7.h **** 
 176:../../Drivers/CMSIS/Include/core_cm7.h **** #ifdef __cplusplus
 177:../../Drivers/CMSIS/Include/core_cm7.h ****  extern "C" {
ARM GAS  /var/folders/2r/mdtt8xvd351gdc398t28_m2m0000gn/T//cc7M34vh.s 			page 80


 178:../../Drivers/CMSIS/Include/core_cm7.h **** #endif
 179:../../Drivers/CMSIS/Include/core_cm7.h **** 
 180:../../Drivers/CMSIS/Include/core_cm7.h **** /* check device defines and use defaults */
 181:../../Drivers/CMSIS/Include/core_cm7.h **** #if defined __CHECK_DEVICE_DEFINES
 182:../../Drivers/CMSIS/Include/core_cm7.h ****   #ifndef __CM7_REV
 183:../../Drivers/CMSIS/Include/core_cm7.h ****     #define __CM7_REV               0x0000U
 184:../../Drivers/CMSIS/Include/core_cm7.h ****     #warning "__CM7_REV not defined in device header file; using default!"
 185:../../Drivers/CMSIS/Include/core_cm7.h ****   #endif
 186:../../Drivers/CMSIS/Include/core_cm7.h **** 
 187:../../Drivers/CMSIS/Include/core_cm7.h ****   #ifndef __FPU_PRESENT
 188:../../Drivers/CMSIS/Include/core_cm7.h ****     #define __FPU_PRESENT             0U
 189:../../Drivers/CMSIS/Include/core_cm7.h ****     #warning "__FPU_PRESENT not defined in device header file; using default!"
 190:../../Drivers/CMSIS/Include/core_cm7.h ****   #endif
 191:../../Drivers/CMSIS/Include/core_cm7.h **** 
 192:../../Drivers/CMSIS/Include/core_cm7.h ****   #ifndef __MPU_PRESENT
 193:../../Drivers/CMSIS/Include/core_cm7.h ****     #define __MPU_PRESENT             0U
 194:../../Drivers/CMSIS/Include/core_cm7.h ****     #warning "__MPU_PRESENT not defined in device header file; using default!"
 195:../../Drivers/CMSIS/Include/core_cm7.h ****   #endif
 196:../../Drivers/CMSIS/Include/core_cm7.h **** 
 197:../../Drivers/CMSIS/Include/core_cm7.h ****   #ifndef __ICACHE_PRESENT
 198:../../Drivers/CMSIS/Include/core_cm7.h ****     #define __ICACHE_PRESENT          0U
 199:../../Drivers/CMSIS/Include/core_cm7.h ****     #warning "__ICACHE_PRESENT not defined in device header file; using default!"
 200:../../Drivers/CMSIS/Include/core_cm7.h ****   #endif
 201:../../Drivers/CMSIS/Include/core_cm7.h **** 
 202:../../Drivers/CMSIS/Include/core_cm7.h ****   #ifndef __DCACHE_PRESENT
 203:../../Drivers/CMSIS/Include/core_cm7.h ****     #define __DCACHE_PRESENT          0U
 204:../../Drivers/CMSIS/Include/core_cm7.h ****     #warning "__DCACHE_PRESENT not defined in device header file; using default!"
 205:../../Drivers/CMSIS/Include/core_cm7.h ****   #endif
 206:../../Drivers/CMSIS/Include/core_cm7.h **** 
 207:../../Drivers/CMSIS/Include/core_cm7.h ****   #ifndef __DTCM_PRESENT
 208:../../Drivers/CMSIS/Include/core_cm7.h ****     #define __DTCM_PRESENT            0U
 209:../../Drivers/CMSIS/Include/core_cm7.h ****     #warning "__DTCM_PRESENT        not defined in device header file; using default!"
 210:../../Drivers/CMSIS/Include/core_cm7.h ****   #endif
 211:../../Drivers/CMSIS/Include/core_cm7.h **** 
 212:../../Drivers/CMSIS/Include/core_cm7.h ****   #ifndef __NVIC_PRIO_BITS
 213:../../Drivers/CMSIS/Include/core_cm7.h ****     #define __NVIC_PRIO_BITS          3U
 214:../../Drivers/CMSIS/Include/core_cm7.h ****     #warning "__NVIC_PRIO_BITS not defined in device header file; using default!"
 215:../../Drivers/CMSIS/Include/core_cm7.h ****   #endif
 216:../../Drivers/CMSIS/Include/core_cm7.h **** 
 217:../../Drivers/CMSIS/Include/core_cm7.h ****   #ifndef __Vendor_SysTickConfig
 218:../../Drivers/CMSIS/Include/core_cm7.h ****     #define __Vendor_SysTickConfig    0U
 219:../../Drivers/CMSIS/Include/core_cm7.h ****     #warning "__Vendor_SysTickConfig not defined in device header file; using default!"
 220:../../Drivers/CMSIS/Include/core_cm7.h ****   #endif
 221:../../Drivers/CMSIS/Include/core_cm7.h **** #endif
 222:../../Drivers/CMSIS/Include/core_cm7.h **** 
 223:../../Drivers/CMSIS/Include/core_cm7.h **** /* IO definitions (access restrictions to peripheral registers) */
 224:../../Drivers/CMSIS/Include/core_cm7.h **** /**
 225:../../Drivers/CMSIS/Include/core_cm7.h ****     \defgroup CMSIS_glob_defs CMSIS Global Defines
 226:../../Drivers/CMSIS/Include/core_cm7.h **** 
 227:../../Drivers/CMSIS/Include/core_cm7.h ****     <strong>IO Type Qualifiers</strong> are used
 228:../../Drivers/CMSIS/Include/core_cm7.h ****     \li to specify the access to peripheral variables.
 229:../../Drivers/CMSIS/Include/core_cm7.h ****     \li for automatic generation of peripheral register debug information.
 230:../../Drivers/CMSIS/Include/core_cm7.h **** */
 231:../../Drivers/CMSIS/Include/core_cm7.h **** #ifdef __cplusplus
 232:../../Drivers/CMSIS/Include/core_cm7.h ****   #define   __I     volatile             /*!< Defines 'read only' permissions */
 233:../../Drivers/CMSIS/Include/core_cm7.h **** #else
 234:../../Drivers/CMSIS/Include/core_cm7.h ****   #define   __I     volatile const       /*!< Defines 'read only' permissions */
ARM GAS  /var/folders/2r/mdtt8xvd351gdc398t28_m2m0000gn/T//cc7M34vh.s 			page 81


 235:../../Drivers/CMSIS/Include/core_cm7.h **** #endif
 236:../../Drivers/CMSIS/Include/core_cm7.h **** #define     __O     volatile             /*!< Defines 'write only' permissions */
 237:../../Drivers/CMSIS/Include/core_cm7.h **** #define     __IO    volatile             /*!< Defines 'read / write' permissions */
 238:../../Drivers/CMSIS/Include/core_cm7.h **** 
 239:../../Drivers/CMSIS/Include/core_cm7.h **** /* following defines should be used for structure members */
 240:../../Drivers/CMSIS/Include/core_cm7.h **** #define     __IM     volatile const      /*! Defines 'read only' structure member permissions */
 241:../../Drivers/CMSIS/Include/core_cm7.h **** #define     __OM     volatile            /*! Defines 'write only' structure member permissions */
 242:../../Drivers/CMSIS/Include/core_cm7.h **** #define     __IOM    volatile            /*! Defines 'read / write' structure member permissions */
 243:../../Drivers/CMSIS/Include/core_cm7.h **** 
 244:../../Drivers/CMSIS/Include/core_cm7.h **** /*@} end of group Cortex_M7 */
 245:../../Drivers/CMSIS/Include/core_cm7.h **** 
 246:../../Drivers/CMSIS/Include/core_cm7.h **** 
 247:../../Drivers/CMSIS/Include/core_cm7.h **** 
 248:../../Drivers/CMSIS/Include/core_cm7.h **** /*******************************************************************************
 249:../../Drivers/CMSIS/Include/core_cm7.h ****  *                 Register Abstraction
 250:../../Drivers/CMSIS/Include/core_cm7.h ****   Core Register contain:
 251:../../Drivers/CMSIS/Include/core_cm7.h ****   - Core Register
 252:../../Drivers/CMSIS/Include/core_cm7.h ****   - Core NVIC Register
 253:../../Drivers/CMSIS/Include/core_cm7.h ****   - Core SCB Register
 254:../../Drivers/CMSIS/Include/core_cm7.h ****   - Core SysTick Register
 255:../../Drivers/CMSIS/Include/core_cm7.h ****   - Core Debug Register
 256:../../Drivers/CMSIS/Include/core_cm7.h ****   - Core MPU Register
 257:../../Drivers/CMSIS/Include/core_cm7.h ****   - Core FPU Register
 258:../../Drivers/CMSIS/Include/core_cm7.h ****  ******************************************************************************/
 259:../../Drivers/CMSIS/Include/core_cm7.h **** /**
 260:../../Drivers/CMSIS/Include/core_cm7.h ****   \defgroup CMSIS_core_register Defines and Type Definitions
 261:../../Drivers/CMSIS/Include/core_cm7.h ****   \brief Type definitions and defines for Cortex-M processor based devices.
 262:../../Drivers/CMSIS/Include/core_cm7.h **** */
 263:../../Drivers/CMSIS/Include/core_cm7.h **** 
 264:../../Drivers/CMSIS/Include/core_cm7.h **** /**
 265:../../Drivers/CMSIS/Include/core_cm7.h ****   \ingroup    CMSIS_core_register
 266:../../Drivers/CMSIS/Include/core_cm7.h ****   \defgroup   CMSIS_CORE  Status and Control Registers
 267:../../Drivers/CMSIS/Include/core_cm7.h ****   \brief      Core Register type definitions.
 268:../../Drivers/CMSIS/Include/core_cm7.h ****   @{
 269:../../Drivers/CMSIS/Include/core_cm7.h ****  */
 270:../../Drivers/CMSIS/Include/core_cm7.h **** 
 271:../../Drivers/CMSIS/Include/core_cm7.h **** /**
 272:../../Drivers/CMSIS/Include/core_cm7.h ****   \brief  Union type to access the Application Program Status Register (APSR).
 273:../../Drivers/CMSIS/Include/core_cm7.h ****  */
 274:../../Drivers/CMSIS/Include/core_cm7.h **** typedef union
 275:../../Drivers/CMSIS/Include/core_cm7.h **** {
 276:../../Drivers/CMSIS/Include/core_cm7.h ****   struct
 277:../../Drivers/CMSIS/Include/core_cm7.h ****   {
 278:../../Drivers/CMSIS/Include/core_cm7.h ****     uint32_t _reserved0:16;              /*!< bit:  0..15  Reserved */
 279:../../Drivers/CMSIS/Include/core_cm7.h ****     uint32_t GE:4;                       /*!< bit: 16..19  Greater than or Equal flags */
 280:../../Drivers/CMSIS/Include/core_cm7.h ****     uint32_t _reserved1:7;               /*!< bit: 20..26  Reserved */
 281:../../Drivers/CMSIS/Include/core_cm7.h ****     uint32_t Q:1;                        /*!< bit:     27  Saturation condition flag */
 282:../../Drivers/CMSIS/Include/core_cm7.h ****     uint32_t V:1;                        /*!< bit:     28  Overflow condition code flag */
 283:../../Drivers/CMSIS/Include/core_cm7.h ****     uint32_t C:1;                        /*!< bit:     29  Carry condition code flag */
 284:../../Drivers/CMSIS/Include/core_cm7.h ****     uint32_t Z:1;                        /*!< bit:     30  Zero condition code flag */
 285:../../Drivers/CMSIS/Include/core_cm7.h ****     uint32_t N:1;                        /*!< bit:     31  Negative condition code flag */
 286:../../Drivers/CMSIS/Include/core_cm7.h ****   } b;                                   /*!< Structure used for bit  access */
 287:../../Drivers/CMSIS/Include/core_cm7.h ****   uint32_t w;                            /*!< Type      used for word access */
 288:../../Drivers/CMSIS/Include/core_cm7.h **** } APSR_Type;
 289:../../Drivers/CMSIS/Include/core_cm7.h **** 
 290:../../Drivers/CMSIS/Include/core_cm7.h **** /* APSR Register Definitions */
 291:../../Drivers/CMSIS/Include/core_cm7.h **** #define APSR_N_Pos                         31U                                            /*!< APSR
ARM GAS  /var/folders/2r/mdtt8xvd351gdc398t28_m2m0000gn/T//cc7M34vh.s 			page 82


 292:../../Drivers/CMSIS/Include/core_cm7.h **** #define APSR_N_Msk                         (1UL << APSR_N_Pos)                            /*!< APSR
 293:../../Drivers/CMSIS/Include/core_cm7.h **** 
 294:../../Drivers/CMSIS/Include/core_cm7.h **** #define APSR_Z_Pos                         30U                                            /*!< APSR
 295:../../Drivers/CMSIS/Include/core_cm7.h **** #define APSR_Z_Msk                         (1UL << APSR_Z_Pos)                            /*!< APSR
 296:../../Drivers/CMSIS/Include/core_cm7.h **** 
 297:../../Drivers/CMSIS/Include/core_cm7.h **** #define APSR_C_Pos                         29U                                            /*!< APSR
 298:../../Drivers/CMSIS/Include/core_cm7.h **** #define APSR_C_Msk                         (1UL << APSR_C_Pos)                            /*!< APSR
 299:../../Drivers/CMSIS/Include/core_cm7.h **** 
 300:../../Drivers/CMSIS/Include/core_cm7.h **** #define APSR_V_Pos                         28U                                            /*!< APSR
 301:../../Drivers/CMSIS/Include/core_cm7.h **** #define APSR_V_Msk                         (1UL << APSR_V_Pos)                            /*!< APSR
 302:../../Drivers/CMSIS/Include/core_cm7.h **** 
 303:../../Drivers/CMSIS/Include/core_cm7.h **** #define APSR_Q_Pos                         27U                                            /*!< APSR
 304:../../Drivers/CMSIS/Include/core_cm7.h **** #define APSR_Q_Msk                         (1UL << APSR_Q_Pos)                            /*!< APSR
 305:../../Drivers/CMSIS/Include/core_cm7.h **** 
 306:../../Drivers/CMSIS/Include/core_cm7.h **** #define APSR_GE_Pos                        16U                                            /*!< APSR
 307:../../Drivers/CMSIS/Include/core_cm7.h **** #define APSR_GE_Msk                        (0xFUL << APSR_GE_Pos)                         /*!< APSR
 308:../../Drivers/CMSIS/Include/core_cm7.h **** 
 309:../../Drivers/CMSIS/Include/core_cm7.h **** 
 310:../../Drivers/CMSIS/Include/core_cm7.h **** /**
 311:../../Drivers/CMSIS/Include/core_cm7.h ****   \brief  Union type to access the Interrupt Program Status Register (IPSR).
 312:../../Drivers/CMSIS/Include/core_cm7.h ****  */
 313:../../Drivers/CMSIS/Include/core_cm7.h **** typedef union
 314:../../Drivers/CMSIS/Include/core_cm7.h **** {
 315:../../Drivers/CMSIS/Include/core_cm7.h ****   struct
 316:../../Drivers/CMSIS/Include/core_cm7.h ****   {
 317:../../Drivers/CMSIS/Include/core_cm7.h ****     uint32_t ISR:9;                      /*!< bit:  0.. 8  Exception number */
 318:../../Drivers/CMSIS/Include/core_cm7.h ****     uint32_t _reserved0:23;              /*!< bit:  9..31  Reserved */
 319:../../Drivers/CMSIS/Include/core_cm7.h ****   } b;                                   /*!< Structure used for bit  access */
 320:../../Drivers/CMSIS/Include/core_cm7.h ****   uint32_t w;                            /*!< Type      used for word access */
 321:../../Drivers/CMSIS/Include/core_cm7.h **** } IPSR_Type;
 322:../../Drivers/CMSIS/Include/core_cm7.h **** 
 323:../../Drivers/CMSIS/Include/core_cm7.h **** /* IPSR Register Definitions */
 324:../../Drivers/CMSIS/Include/core_cm7.h **** #define IPSR_ISR_Pos                        0U                                            /*!< IPSR
 325:../../Drivers/CMSIS/Include/core_cm7.h **** #define IPSR_ISR_Msk                       (0x1FFUL /*<< IPSR_ISR_Pos*/)                  /*!< IPSR
 326:../../Drivers/CMSIS/Include/core_cm7.h **** 
 327:../../Drivers/CMSIS/Include/core_cm7.h **** 
 328:../../Drivers/CMSIS/Include/core_cm7.h **** /**
 329:../../Drivers/CMSIS/Include/core_cm7.h ****   \brief  Union type to access the Special-Purpose Program Status Registers (xPSR).
 330:../../Drivers/CMSIS/Include/core_cm7.h ****  */
 331:../../Drivers/CMSIS/Include/core_cm7.h **** typedef union
 332:../../Drivers/CMSIS/Include/core_cm7.h **** {
 333:../../Drivers/CMSIS/Include/core_cm7.h ****   struct
 334:../../Drivers/CMSIS/Include/core_cm7.h ****   {
 335:../../Drivers/CMSIS/Include/core_cm7.h ****     uint32_t ISR:9;                      /*!< bit:  0.. 8  Exception number */
 336:../../Drivers/CMSIS/Include/core_cm7.h ****     uint32_t _reserved0:1;               /*!< bit:      9  Reserved */
 337:../../Drivers/CMSIS/Include/core_cm7.h ****     uint32_t ICI_IT_1:6;                 /*!< bit: 10..15  ICI/IT part 1 */
 338:../../Drivers/CMSIS/Include/core_cm7.h ****     uint32_t GE:4;                       /*!< bit: 16..19  Greater than or Equal flags */
 339:../../Drivers/CMSIS/Include/core_cm7.h ****     uint32_t _reserved1:4;               /*!< bit: 20..23  Reserved */
 340:../../Drivers/CMSIS/Include/core_cm7.h ****     uint32_t T:1;                        /*!< bit:     24  Thumb bit */
 341:../../Drivers/CMSIS/Include/core_cm7.h ****     uint32_t ICI_IT_2:2;                 /*!< bit: 25..26  ICI/IT part 2 */
 342:../../Drivers/CMSIS/Include/core_cm7.h ****     uint32_t Q:1;                        /*!< bit:     27  Saturation condition flag */
 343:../../Drivers/CMSIS/Include/core_cm7.h ****     uint32_t V:1;                        /*!< bit:     28  Overflow condition code flag */
 344:../../Drivers/CMSIS/Include/core_cm7.h ****     uint32_t C:1;                        /*!< bit:     29  Carry condition code flag */
 345:../../Drivers/CMSIS/Include/core_cm7.h ****     uint32_t Z:1;                        /*!< bit:     30  Zero condition code flag */
 346:../../Drivers/CMSIS/Include/core_cm7.h ****     uint32_t N:1;                        /*!< bit:     31  Negative condition code flag */
 347:../../Drivers/CMSIS/Include/core_cm7.h ****   } b;                                   /*!< Structure used for bit  access */
 348:../../Drivers/CMSIS/Include/core_cm7.h ****   uint32_t w;                            /*!< Type      used for word access */
ARM GAS  /var/folders/2r/mdtt8xvd351gdc398t28_m2m0000gn/T//cc7M34vh.s 			page 83


 349:../../Drivers/CMSIS/Include/core_cm7.h **** } xPSR_Type;
 350:../../Drivers/CMSIS/Include/core_cm7.h **** 
 351:../../Drivers/CMSIS/Include/core_cm7.h **** /* xPSR Register Definitions */
 352:../../Drivers/CMSIS/Include/core_cm7.h **** #define xPSR_N_Pos                         31U                                            /*!< xPSR
 353:../../Drivers/CMSIS/Include/core_cm7.h **** #define xPSR_N_Msk                         (1UL << xPSR_N_Pos)                            /*!< xPSR
 354:../../Drivers/CMSIS/Include/core_cm7.h **** 
 355:../../Drivers/CMSIS/Include/core_cm7.h **** #define xPSR_Z_Pos                         30U                                            /*!< xPSR
 356:../../Drivers/CMSIS/Include/core_cm7.h **** #define xPSR_Z_Msk                         (1UL << xPSR_Z_Pos)                            /*!< xPSR
 357:../../Drivers/CMSIS/Include/core_cm7.h **** 
 358:../../Drivers/CMSIS/Include/core_cm7.h **** #define xPSR_C_Pos                         29U                                            /*!< xPSR
 359:../../Drivers/CMSIS/Include/core_cm7.h **** #define xPSR_C_Msk                         (1UL << xPSR_C_Pos)                            /*!< xPSR
 360:../../Drivers/CMSIS/Include/core_cm7.h **** 
 361:../../Drivers/CMSIS/Include/core_cm7.h **** #define xPSR_V_Pos                         28U                                            /*!< xPSR
 362:../../Drivers/CMSIS/Include/core_cm7.h **** #define xPSR_V_Msk                         (1UL << xPSR_V_Pos)                            /*!< xPSR
 363:../../Drivers/CMSIS/Include/core_cm7.h **** 
 364:../../Drivers/CMSIS/Include/core_cm7.h **** #define xPSR_Q_Pos                         27U                                            /*!< xPSR
 365:../../Drivers/CMSIS/Include/core_cm7.h **** #define xPSR_Q_Msk                         (1UL << xPSR_Q_Pos)                            /*!< xPSR
 366:../../Drivers/CMSIS/Include/core_cm7.h **** 
 367:../../Drivers/CMSIS/Include/core_cm7.h **** #define xPSR_ICI_IT_2_Pos                  25U                                            /*!< xPSR
 368:../../Drivers/CMSIS/Include/core_cm7.h **** #define xPSR_ICI_IT_2_Msk                  (3UL << xPSR_ICI_IT_2_Pos)                     /*!< xPSR
 369:../../Drivers/CMSIS/Include/core_cm7.h **** 
 370:../../Drivers/CMSIS/Include/core_cm7.h **** #define xPSR_T_Pos                         24U                                            /*!< xPSR
 371:../../Drivers/CMSIS/Include/core_cm7.h **** #define xPSR_T_Msk                         (1UL << xPSR_T_Pos)                            /*!< xPSR
 372:../../Drivers/CMSIS/Include/core_cm7.h **** 
 373:../../Drivers/CMSIS/Include/core_cm7.h **** #define xPSR_GE_Pos                        16U                                            /*!< xPSR
 374:../../Drivers/CMSIS/Include/core_cm7.h **** #define xPSR_GE_Msk                        (0xFUL << xPSR_GE_Pos)                         /*!< xPSR
 375:../../Drivers/CMSIS/Include/core_cm7.h **** 
 376:../../Drivers/CMSIS/Include/core_cm7.h **** #define xPSR_ICI_IT_1_Pos                  10U                                            /*!< xPSR
 377:../../Drivers/CMSIS/Include/core_cm7.h **** #define xPSR_ICI_IT_1_Msk                  (0x3FUL << xPSR_ICI_IT_1_Pos)                  /*!< xPSR
 378:../../Drivers/CMSIS/Include/core_cm7.h **** 
 379:../../Drivers/CMSIS/Include/core_cm7.h **** #define xPSR_ISR_Pos                        0U                                            /*!< xPSR
 380:../../Drivers/CMSIS/Include/core_cm7.h **** #define xPSR_ISR_Msk                       (0x1FFUL /*<< xPSR_ISR_Pos*/)                  /*!< xPSR
 381:../../Drivers/CMSIS/Include/core_cm7.h **** 
 382:../../Drivers/CMSIS/Include/core_cm7.h **** 
 383:../../Drivers/CMSIS/Include/core_cm7.h **** /**
 384:../../Drivers/CMSIS/Include/core_cm7.h ****   \brief  Union type to access the Control Registers (CONTROL).
 385:../../Drivers/CMSIS/Include/core_cm7.h ****  */
 386:../../Drivers/CMSIS/Include/core_cm7.h **** typedef union
 387:../../Drivers/CMSIS/Include/core_cm7.h **** {
 388:../../Drivers/CMSIS/Include/core_cm7.h ****   struct
 389:../../Drivers/CMSIS/Include/core_cm7.h ****   {
 390:../../Drivers/CMSIS/Include/core_cm7.h ****     uint32_t nPRIV:1;                    /*!< bit:      0  Execution privilege in Thread mode */
 391:../../Drivers/CMSIS/Include/core_cm7.h ****     uint32_t SPSEL:1;                    /*!< bit:      1  Stack to be used */
 392:../../Drivers/CMSIS/Include/core_cm7.h ****     uint32_t FPCA:1;                     /*!< bit:      2  FP extension active flag */
 393:../../Drivers/CMSIS/Include/core_cm7.h ****     uint32_t _reserved0:29;              /*!< bit:  3..31  Reserved */
 394:../../Drivers/CMSIS/Include/core_cm7.h ****   } b;                                   /*!< Structure used for bit  access */
 395:../../Drivers/CMSIS/Include/core_cm7.h ****   uint32_t w;                            /*!< Type      used for word access */
 396:../../Drivers/CMSIS/Include/core_cm7.h **** } CONTROL_Type;
 397:../../Drivers/CMSIS/Include/core_cm7.h **** 
 398:../../Drivers/CMSIS/Include/core_cm7.h **** /* CONTROL Register Definitions */
 399:../../Drivers/CMSIS/Include/core_cm7.h **** #define CONTROL_FPCA_Pos                    2U                                            /*!< CONT
 400:../../Drivers/CMSIS/Include/core_cm7.h **** #define CONTROL_FPCA_Msk                   (1UL << CONTROL_FPCA_Pos)                      /*!< CONT
 401:../../Drivers/CMSIS/Include/core_cm7.h **** 
 402:../../Drivers/CMSIS/Include/core_cm7.h **** #define CONTROL_SPSEL_Pos                   1U                                            /*!< CONT
 403:../../Drivers/CMSIS/Include/core_cm7.h **** #define CONTROL_SPSEL_Msk                  (1UL << CONTROL_SPSEL_Pos)                     /*!< CONT
 404:../../Drivers/CMSIS/Include/core_cm7.h **** 
 405:../../Drivers/CMSIS/Include/core_cm7.h **** #define CONTROL_nPRIV_Pos                   0U                                            /*!< CONT
ARM GAS  /var/folders/2r/mdtt8xvd351gdc398t28_m2m0000gn/T//cc7M34vh.s 			page 84


 406:../../Drivers/CMSIS/Include/core_cm7.h **** #define CONTROL_nPRIV_Msk                  (1UL /*<< CONTROL_nPRIV_Pos*/)                 /*!< CONT
 407:../../Drivers/CMSIS/Include/core_cm7.h **** 
 408:../../Drivers/CMSIS/Include/core_cm7.h **** /*@} end of group CMSIS_CORE */
 409:../../Drivers/CMSIS/Include/core_cm7.h **** 
 410:../../Drivers/CMSIS/Include/core_cm7.h **** 
 411:../../Drivers/CMSIS/Include/core_cm7.h **** /**
 412:../../Drivers/CMSIS/Include/core_cm7.h ****   \ingroup    CMSIS_core_register
 413:../../Drivers/CMSIS/Include/core_cm7.h ****   \defgroup   CMSIS_NVIC  Nested Vectored Interrupt Controller (NVIC)
 414:../../Drivers/CMSIS/Include/core_cm7.h ****   \brief      Type definitions for the NVIC Registers
 415:../../Drivers/CMSIS/Include/core_cm7.h ****   @{
 416:../../Drivers/CMSIS/Include/core_cm7.h ****  */
 417:../../Drivers/CMSIS/Include/core_cm7.h **** 
 418:../../Drivers/CMSIS/Include/core_cm7.h **** /**
 419:../../Drivers/CMSIS/Include/core_cm7.h ****   \brief  Structure type to access the Nested Vectored Interrupt Controller (NVIC).
 420:../../Drivers/CMSIS/Include/core_cm7.h ****  */
 421:../../Drivers/CMSIS/Include/core_cm7.h **** typedef struct
 422:../../Drivers/CMSIS/Include/core_cm7.h **** {
 423:../../Drivers/CMSIS/Include/core_cm7.h ****   __IOM uint32_t ISER[8U];               /*!< Offset: 0x000 (R/W)  Interrupt Set Enable Register */
 424:../../Drivers/CMSIS/Include/core_cm7.h ****         uint32_t RESERVED0[24U];
 425:../../Drivers/CMSIS/Include/core_cm7.h ****   __IOM uint32_t ICER[8U];               /*!< Offset: 0x080 (R/W)  Interrupt Clear Enable Register 
 426:../../Drivers/CMSIS/Include/core_cm7.h ****         uint32_t RESERVED1[24U];
 427:../../Drivers/CMSIS/Include/core_cm7.h ****   __IOM uint32_t ISPR[8U];               /*!< Offset: 0x100 (R/W)  Interrupt Set Pending Register *
 428:../../Drivers/CMSIS/Include/core_cm7.h ****         uint32_t RESERVED2[24U];
 429:../../Drivers/CMSIS/Include/core_cm7.h ****   __IOM uint32_t ICPR[8U];               /*!< Offset: 0x180 (R/W)  Interrupt Clear Pending Register
 430:../../Drivers/CMSIS/Include/core_cm7.h ****         uint32_t RESERVED3[24U];
 431:../../Drivers/CMSIS/Include/core_cm7.h ****   __IOM uint32_t IABR[8U];               /*!< Offset: 0x200 (R/W)  Interrupt Active bit Register */
 432:../../Drivers/CMSIS/Include/core_cm7.h ****         uint32_t RESERVED4[56U];
 433:../../Drivers/CMSIS/Include/core_cm7.h ****   __IOM uint8_t  IP[240U];               /*!< Offset: 0x300 (R/W)  Interrupt Priority Register (8Bi
 434:../../Drivers/CMSIS/Include/core_cm7.h ****         uint32_t RESERVED5[644U];
 435:../../Drivers/CMSIS/Include/core_cm7.h ****   __OM  uint32_t STIR;                   /*!< Offset: 0xE00 ( /W)  Software Trigger Interrupt Regis
 436:../../Drivers/CMSIS/Include/core_cm7.h **** }  NVIC_Type;
 437:../../Drivers/CMSIS/Include/core_cm7.h **** 
 438:../../Drivers/CMSIS/Include/core_cm7.h **** /* Software Triggered Interrupt Register Definitions */
 439:../../Drivers/CMSIS/Include/core_cm7.h **** #define NVIC_STIR_INTID_Pos                 0U                                         /*!< STIR: I
 440:../../Drivers/CMSIS/Include/core_cm7.h **** #define NVIC_STIR_INTID_Msk                (0x1FFUL /*<< NVIC_STIR_INTID_Pos*/)        /*!< STIR: I
 441:../../Drivers/CMSIS/Include/core_cm7.h **** 
 442:../../Drivers/CMSIS/Include/core_cm7.h **** /*@} end of group CMSIS_NVIC */
 443:../../Drivers/CMSIS/Include/core_cm7.h **** 
 444:../../Drivers/CMSIS/Include/core_cm7.h **** 
 445:../../Drivers/CMSIS/Include/core_cm7.h **** /**
 446:../../Drivers/CMSIS/Include/core_cm7.h ****   \ingroup  CMSIS_core_register
 447:../../Drivers/CMSIS/Include/core_cm7.h ****   \defgroup CMSIS_SCB     System Control Block (SCB)
 448:../../Drivers/CMSIS/Include/core_cm7.h ****   \brief    Type definitions for the System Control Block Registers
 449:../../Drivers/CMSIS/Include/core_cm7.h ****   @{
 450:../../Drivers/CMSIS/Include/core_cm7.h ****  */
 451:../../Drivers/CMSIS/Include/core_cm7.h **** 
 452:../../Drivers/CMSIS/Include/core_cm7.h **** /**
 453:../../Drivers/CMSIS/Include/core_cm7.h ****   \brief  Structure type to access the System Control Block (SCB).
 454:../../Drivers/CMSIS/Include/core_cm7.h ****  */
 455:../../Drivers/CMSIS/Include/core_cm7.h **** typedef struct
 456:../../Drivers/CMSIS/Include/core_cm7.h **** {
 457:../../Drivers/CMSIS/Include/core_cm7.h ****   __IM  uint32_t CPUID;                  /*!< Offset: 0x000 (R/ )  CPUID Base Register */
 458:../../Drivers/CMSIS/Include/core_cm7.h ****   __IOM uint32_t ICSR;                   /*!< Offset: 0x004 (R/W)  Interrupt Control and State Regi
 459:../../Drivers/CMSIS/Include/core_cm7.h ****   __IOM uint32_t VTOR;                   /*!< Offset: 0x008 (R/W)  Vector Table Offset Register */
 460:../../Drivers/CMSIS/Include/core_cm7.h ****   __IOM uint32_t AIRCR;                  /*!< Offset: 0x00C (R/W)  Application Interrupt and Reset 
 461:../../Drivers/CMSIS/Include/core_cm7.h ****   __IOM uint32_t SCR;                    /*!< Offset: 0x010 (R/W)  System Control Register */
 462:../../Drivers/CMSIS/Include/core_cm7.h ****   __IOM uint32_t CCR;                    /*!< Offset: 0x014 (R/W)  Configuration Control Register *
ARM GAS  /var/folders/2r/mdtt8xvd351gdc398t28_m2m0000gn/T//cc7M34vh.s 			page 85


 463:../../Drivers/CMSIS/Include/core_cm7.h ****   __IOM uint8_t  SHPR[12U];              /*!< Offset: 0x018 (R/W)  System Handlers Priority Registe
 464:../../Drivers/CMSIS/Include/core_cm7.h ****   __IOM uint32_t SHCSR;                  /*!< Offset: 0x024 (R/W)  System Handler Control and State
 465:../../Drivers/CMSIS/Include/core_cm7.h ****   __IOM uint32_t CFSR;                   /*!< Offset: 0x028 (R/W)  Configurable Fault Status Regist
 466:../../Drivers/CMSIS/Include/core_cm7.h ****   __IOM uint32_t HFSR;                   /*!< Offset: 0x02C (R/W)  HardFault Status Register */
 467:../../Drivers/CMSIS/Include/core_cm7.h ****   __IOM uint32_t DFSR;                   /*!< Offset: 0x030 (R/W)  Debug Fault Status Register */
 468:../../Drivers/CMSIS/Include/core_cm7.h ****   __IOM uint32_t MMFAR;                  /*!< Offset: 0x034 (R/W)  MemManage Fault Address Register
 469:../../Drivers/CMSIS/Include/core_cm7.h ****   __IOM uint32_t BFAR;                   /*!< Offset: 0x038 (R/W)  BusFault Address Register */
 470:../../Drivers/CMSIS/Include/core_cm7.h ****   __IOM uint32_t AFSR;                   /*!< Offset: 0x03C (R/W)  Auxiliary Fault Status Register 
 471:../../Drivers/CMSIS/Include/core_cm7.h ****   __IM  uint32_t ID_PFR[2U];             /*!< Offset: 0x040 (R/ )  Processor Feature Register */
 472:../../Drivers/CMSIS/Include/core_cm7.h ****   __IM  uint32_t ID_DFR;                 /*!< Offset: 0x048 (R/ )  Debug Feature Register */
 473:../../Drivers/CMSIS/Include/core_cm7.h ****   __IM  uint32_t ID_AFR;                 /*!< Offset: 0x04C (R/ )  Auxiliary Feature Register */
 474:../../Drivers/CMSIS/Include/core_cm7.h ****   __IM  uint32_t ID_MFR[4U];             /*!< Offset: 0x050 (R/ )  Memory Model Feature Register */
 475:../../Drivers/CMSIS/Include/core_cm7.h ****   __IM  uint32_t ID_ISAR[5U];            /*!< Offset: 0x060 (R/ )  Instruction Set Attributes Regis
 476:../../Drivers/CMSIS/Include/core_cm7.h ****         uint32_t RESERVED0[1U];
 477:../../Drivers/CMSIS/Include/core_cm7.h ****   __IM  uint32_t CLIDR;                  /*!< Offset: 0x078 (R/ )  Cache Level ID register */
 478:../../Drivers/CMSIS/Include/core_cm7.h ****   __IM  uint32_t CTR;                    /*!< Offset: 0x07C (R/ )  Cache Type register */
 479:../../Drivers/CMSIS/Include/core_cm7.h ****   __IM  uint32_t CCSIDR;                 /*!< Offset: 0x080 (R/ )  Cache Size ID Register */
 480:../../Drivers/CMSIS/Include/core_cm7.h ****   __IOM uint32_t CSSELR;                 /*!< Offset: 0x084 (R/W)  Cache Size Selection Register */
 481:../../Drivers/CMSIS/Include/core_cm7.h ****   __IOM uint32_t CPACR;                  /*!< Offset: 0x088 (R/W)  Coprocessor Access Control Regis
 482:../../Drivers/CMSIS/Include/core_cm7.h ****         uint32_t RESERVED3[93U];
 483:../../Drivers/CMSIS/Include/core_cm7.h ****   __OM  uint32_t STIR;                   /*!< Offset: 0x200 ( /W)  Software Triggered Interrupt Reg
 484:../../Drivers/CMSIS/Include/core_cm7.h ****         uint32_t RESERVED4[15U];
 485:../../Drivers/CMSIS/Include/core_cm7.h ****   __IM  uint32_t MVFR0;                  /*!< Offset: 0x240 (R/ )  Media and VFP Feature Register 0
 486:../../Drivers/CMSIS/Include/core_cm7.h ****   __IM  uint32_t MVFR1;                  /*!< Offset: 0x244 (R/ )  Media and VFP Feature Register 1
 487:../../Drivers/CMSIS/Include/core_cm7.h ****   __IM  uint32_t MVFR2;                  /*!< Offset: 0x248 (R/ )  Media and VFP Feature Register 2
 488:../../Drivers/CMSIS/Include/core_cm7.h ****         uint32_t RESERVED5[1U];
 489:../../Drivers/CMSIS/Include/core_cm7.h ****   __OM  uint32_t ICIALLU;                /*!< Offset: 0x250 ( /W)  I-Cache Invalidate All to PoU */
 490:../../Drivers/CMSIS/Include/core_cm7.h ****         uint32_t RESERVED6[1U];
 491:../../Drivers/CMSIS/Include/core_cm7.h ****   __OM  uint32_t ICIMVAU;                /*!< Offset: 0x258 ( /W)  I-Cache Invalidate by MVA to PoU
 492:../../Drivers/CMSIS/Include/core_cm7.h ****   __OM  uint32_t DCIMVAC;                /*!< Offset: 0x25C ( /W)  D-Cache Invalidate by MVA to PoC
 493:../../Drivers/CMSIS/Include/core_cm7.h ****   __OM  uint32_t DCISW;                  /*!< Offset: 0x260 ( /W)  D-Cache Invalidate by Set-way */
 494:../../Drivers/CMSIS/Include/core_cm7.h ****   __OM  uint32_t DCCMVAU;                /*!< Offset: 0x264 ( /W)  D-Cache Clean by MVA to PoU */
 495:../../Drivers/CMSIS/Include/core_cm7.h ****   __OM  uint32_t DCCMVAC;                /*!< Offset: 0x268 ( /W)  D-Cache Clean by MVA to PoC */
 496:../../Drivers/CMSIS/Include/core_cm7.h ****   __OM  uint32_t DCCSW;                  /*!< Offset: 0x26C ( /W)  D-Cache Clean by Set-way */
 497:../../Drivers/CMSIS/Include/core_cm7.h ****   __OM  uint32_t DCCIMVAC;               /*!< Offset: 0x270 ( /W)  D-Cache Clean and Invalidate by 
 498:../../Drivers/CMSIS/Include/core_cm7.h ****   __OM  uint32_t DCCISW;                 /*!< Offset: 0x274 ( /W)  D-Cache Clean and Invalidate by 
 499:../../Drivers/CMSIS/Include/core_cm7.h ****         uint32_t RESERVED7[6U];
 500:../../Drivers/CMSIS/Include/core_cm7.h ****   __IOM uint32_t ITCMCR;                 /*!< Offset: 0x290 (R/W)  Instruction Tightly-Coupled Memo
 501:../../Drivers/CMSIS/Include/core_cm7.h ****   __IOM uint32_t DTCMCR;                 /*!< Offset: 0x294 (R/W)  Data Tightly-Coupled Memory Cont
 502:../../Drivers/CMSIS/Include/core_cm7.h ****   __IOM uint32_t AHBPCR;                 /*!< Offset: 0x298 (R/W)  AHBP Control Register */
 503:../../Drivers/CMSIS/Include/core_cm7.h ****   __IOM uint32_t CACR;                   /*!< Offset: 0x29C (R/W)  L1 Cache Control Register */
 504:../../Drivers/CMSIS/Include/core_cm7.h ****   __IOM uint32_t AHBSCR;                 /*!< Offset: 0x2A0 (R/W)  AHB Slave Control Register */
 505:../../Drivers/CMSIS/Include/core_cm7.h ****         uint32_t RESERVED8[1U];
 506:../../Drivers/CMSIS/Include/core_cm7.h ****   __IOM uint32_t ABFSR;                  /*!< Offset: 0x2A8 (R/W)  Auxiliary Bus Fault Status Regis
 507:../../Drivers/CMSIS/Include/core_cm7.h **** } SCB_Type;
 508:../../Drivers/CMSIS/Include/core_cm7.h **** 
 509:../../Drivers/CMSIS/Include/core_cm7.h **** /* SCB CPUID Register Definitions */
 510:../../Drivers/CMSIS/Include/core_cm7.h **** #define SCB_CPUID_IMPLEMENTER_Pos          24U                                            /*!< SCB 
 511:../../Drivers/CMSIS/Include/core_cm7.h **** #define SCB_CPUID_IMPLEMENTER_Msk          (0xFFUL << SCB_CPUID_IMPLEMENTER_Pos)          /*!< SCB 
 512:../../Drivers/CMSIS/Include/core_cm7.h **** 
 513:../../Drivers/CMSIS/Include/core_cm7.h **** #define SCB_CPUID_VARIANT_Pos              20U                                            /*!< SCB 
 514:../../Drivers/CMSIS/Include/core_cm7.h **** #define SCB_CPUID_VARIANT_Msk              (0xFUL << SCB_CPUID_VARIANT_Pos)               /*!< SCB 
 515:../../Drivers/CMSIS/Include/core_cm7.h **** 
 516:../../Drivers/CMSIS/Include/core_cm7.h **** #define SCB_CPUID_ARCHITECTURE_Pos         16U                                            /*!< SCB 
 517:../../Drivers/CMSIS/Include/core_cm7.h **** #define SCB_CPUID_ARCHITECTURE_Msk         (0xFUL << SCB_CPUID_ARCHITECTURE_Pos)          /*!< SCB 
 518:../../Drivers/CMSIS/Include/core_cm7.h **** 
 519:../../Drivers/CMSIS/Include/core_cm7.h **** #define SCB_CPUID_PARTNO_Pos                4U                                            /*!< SCB 
ARM GAS  /var/folders/2r/mdtt8xvd351gdc398t28_m2m0000gn/T//cc7M34vh.s 			page 86


 520:../../Drivers/CMSIS/Include/core_cm7.h **** #define SCB_CPUID_PARTNO_Msk               (0xFFFUL << SCB_CPUID_PARTNO_Pos)              /*!< SCB 
 521:../../Drivers/CMSIS/Include/core_cm7.h **** 
 522:../../Drivers/CMSIS/Include/core_cm7.h **** #define SCB_CPUID_REVISION_Pos              0U                                            /*!< SCB 
 523:../../Drivers/CMSIS/Include/core_cm7.h **** #define SCB_CPUID_REVISION_Msk             (0xFUL /*<< SCB_CPUID_REVISION_Pos*/)          /*!< SCB 
 524:../../Drivers/CMSIS/Include/core_cm7.h **** 
 525:../../Drivers/CMSIS/Include/core_cm7.h **** /* SCB Interrupt Control State Register Definitions */
 526:../../Drivers/CMSIS/Include/core_cm7.h **** #define SCB_ICSR_NMIPENDSET_Pos            31U                                            /*!< SCB 
 527:../../Drivers/CMSIS/Include/core_cm7.h **** #define SCB_ICSR_NMIPENDSET_Msk            (1UL << SCB_ICSR_NMIPENDSET_Pos)               /*!< SCB 
 528:../../Drivers/CMSIS/Include/core_cm7.h **** 
 529:../../Drivers/CMSIS/Include/core_cm7.h **** #define SCB_ICSR_PENDSVSET_Pos             28U                                            /*!< SCB 
 530:../../Drivers/CMSIS/Include/core_cm7.h **** #define SCB_ICSR_PENDSVSET_Msk             (1UL << SCB_ICSR_PENDSVSET_Pos)                /*!< SCB 
 531:../../Drivers/CMSIS/Include/core_cm7.h **** 
 532:../../Drivers/CMSIS/Include/core_cm7.h **** #define SCB_ICSR_PENDSVCLR_Pos             27U                                            /*!< SCB 
 533:../../Drivers/CMSIS/Include/core_cm7.h **** #define SCB_ICSR_PENDSVCLR_Msk             (1UL << SCB_ICSR_PENDSVCLR_Pos)                /*!< SCB 
 534:../../Drivers/CMSIS/Include/core_cm7.h **** 
 535:../../Drivers/CMSIS/Include/core_cm7.h **** #define SCB_ICSR_PENDSTSET_Pos             26U                                            /*!< SCB 
 536:../../Drivers/CMSIS/Include/core_cm7.h **** #define SCB_ICSR_PENDSTSET_Msk             (1UL << SCB_ICSR_PENDSTSET_Pos)                /*!< SCB 
 537:../../Drivers/CMSIS/Include/core_cm7.h **** 
 538:../../Drivers/CMSIS/Include/core_cm7.h **** #define SCB_ICSR_PENDSTCLR_Pos             25U                                            /*!< SCB 
 539:../../Drivers/CMSIS/Include/core_cm7.h **** #define SCB_ICSR_PENDSTCLR_Msk             (1UL << SCB_ICSR_PENDSTCLR_Pos)                /*!< SCB 
 540:../../Drivers/CMSIS/Include/core_cm7.h **** 
 541:../../Drivers/CMSIS/Include/core_cm7.h **** #define SCB_ICSR_ISRPREEMPT_Pos            23U                                            /*!< SCB 
 542:../../Drivers/CMSIS/Include/core_cm7.h **** #define SCB_ICSR_ISRPREEMPT_Msk            (1UL << SCB_ICSR_ISRPREEMPT_Pos)               /*!< SCB 
 543:../../Drivers/CMSIS/Include/core_cm7.h **** 
 544:../../Drivers/CMSIS/Include/core_cm7.h **** #define SCB_ICSR_ISRPENDING_Pos            22U                                            /*!< SCB 
 545:../../Drivers/CMSIS/Include/core_cm7.h **** #define SCB_ICSR_ISRPENDING_Msk            (1UL << SCB_ICSR_ISRPENDING_Pos)               /*!< SCB 
 546:../../Drivers/CMSIS/Include/core_cm7.h **** 
 547:../../Drivers/CMSIS/Include/core_cm7.h **** #define SCB_ICSR_VECTPENDING_Pos           12U                                            /*!< SCB 
 548:../../Drivers/CMSIS/Include/core_cm7.h **** #define SCB_ICSR_VECTPENDING_Msk           (0x1FFUL << SCB_ICSR_VECTPENDING_Pos)          /*!< SCB 
 549:../../Drivers/CMSIS/Include/core_cm7.h **** 
 550:../../Drivers/CMSIS/Include/core_cm7.h **** #define SCB_ICSR_RETTOBASE_Pos             11U                                            /*!< SCB 
 551:../../Drivers/CMSIS/Include/core_cm7.h **** #define SCB_ICSR_RETTOBASE_Msk             (1UL << SCB_ICSR_RETTOBASE_Pos)                /*!< SCB 
 552:../../Drivers/CMSIS/Include/core_cm7.h **** 
 553:../../Drivers/CMSIS/Include/core_cm7.h **** #define SCB_ICSR_VECTACTIVE_Pos             0U                                            /*!< SCB 
 554:../../Drivers/CMSIS/Include/core_cm7.h **** #define SCB_ICSR_VECTACTIVE_Msk            (0x1FFUL /*<< SCB_ICSR_VECTACTIVE_Pos*/)       /*!< SCB 
 555:../../Drivers/CMSIS/Include/core_cm7.h **** 
 556:../../Drivers/CMSIS/Include/core_cm7.h **** /* SCB Vector Table Offset Register Definitions */
 557:../../Drivers/CMSIS/Include/core_cm7.h **** #define SCB_VTOR_TBLOFF_Pos                 7U                                            /*!< SCB 
 558:../../Drivers/CMSIS/Include/core_cm7.h **** #define SCB_VTOR_TBLOFF_Msk                (0x1FFFFFFUL << SCB_VTOR_TBLOFF_Pos)           /*!< SCB 
 559:../../Drivers/CMSIS/Include/core_cm7.h **** 
 560:../../Drivers/CMSIS/Include/core_cm7.h **** /* SCB Application Interrupt and Reset Control Register Definitions */
 561:../../Drivers/CMSIS/Include/core_cm7.h **** #define SCB_AIRCR_VECTKEY_Pos              16U                                            /*!< SCB 
 562:../../Drivers/CMSIS/Include/core_cm7.h **** #define SCB_AIRCR_VECTKEY_Msk              (0xFFFFUL << SCB_AIRCR_VECTKEY_Pos)            /*!< SCB 
 563:../../Drivers/CMSIS/Include/core_cm7.h **** 
 564:../../Drivers/CMSIS/Include/core_cm7.h **** #define SCB_AIRCR_VECTKEYSTAT_Pos          16U                                            /*!< SCB 
 565:../../Drivers/CMSIS/Include/core_cm7.h **** #define SCB_AIRCR_VECTKEYSTAT_Msk          (0xFFFFUL << SCB_AIRCR_VECTKEYSTAT_Pos)        /*!< SCB 
 566:../../Drivers/CMSIS/Include/core_cm7.h **** 
 567:../../Drivers/CMSIS/Include/core_cm7.h **** #define SCB_AIRCR_ENDIANESS_Pos            15U                                            /*!< SCB 
 568:../../Drivers/CMSIS/Include/core_cm7.h **** #define SCB_AIRCR_ENDIANESS_Msk            (1UL << SCB_AIRCR_ENDIANESS_Pos)               /*!< SCB 
 569:../../Drivers/CMSIS/Include/core_cm7.h **** 
 570:../../Drivers/CMSIS/Include/core_cm7.h **** #define SCB_AIRCR_PRIGROUP_Pos              8U                                            /*!< SCB 
 571:../../Drivers/CMSIS/Include/core_cm7.h **** #define SCB_AIRCR_PRIGROUP_Msk             (7UL << SCB_AIRCR_PRIGROUP_Pos)                /*!< SCB 
 572:../../Drivers/CMSIS/Include/core_cm7.h **** 
 573:../../Drivers/CMSIS/Include/core_cm7.h **** #define SCB_AIRCR_SYSRESETREQ_Pos           2U                                            /*!< SCB 
 574:../../Drivers/CMSIS/Include/core_cm7.h **** #define SCB_AIRCR_SYSRESETREQ_Msk          (1UL << SCB_AIRCR_SYSRESETREQ_Pos)             /*!< SCB 
 575:../../Drivers/CMSIS/Include/core_cm7.h **** 
 576:../../Drivers/CMSIS/Include/core_cm7.h **** #define SCB_AIRCR_VECTCLRACTIVE_Pos         1U                                            /*!< SCB 
ARM GAS  /var/folders/2r/mdtt8xvd351gdc398t28_m2m0000gn/T//cc7M34vh.s 			page 87


 577:../../Drivers/CMSIS/Include/core_cm7.h **** #define SCB_AIRCR_VECTCLRACTIVE_Msk        (1UL << SCB_AIRCR_VECTCLRACTIVE_Pos)           /*!< SCB 
 578:../../Drivers/CMSIS/Include/core_cm7.h **** 
 579:../../Drivers/CMSIS/Include/core_cm7.h **** #define SCB_AIRCR_VECTRESET_Pos             0U                                            /*!< SCB 
 580:../../Drivers/CMSIS/Include/core_cm7.h **** #define SCB_AIRCR_VECTRESET_Msk            (1UL /*<< SCB_AIRCR_VECTRESET_Pos*/)           /*!< SCB 
 581:../../Drivers/CMSIS/Include/core_cm7.h **** 
 582:../../Drivers/CMSIS/Include/core_cm7.h **** /* SCB System Control Register Definitions */
 583:../../Drivers/CMSIS/Include/core_cm7.h **** #define SCB_SCR_SEVONPEND_Pos               4U                                            /*!< SCB 
 584:../../Drivers/CMSIS/Include/core_cm7.h **** #define SCB_SCR_SEVONPEND_Msk              (1UL << SCB_SCR_SEVONPEND_Pos)                 /*!< SCB 
 585:../../Drivers/CMSIS/Include/core_cm7.h **** 
 586:../../Drivers/CMSIS/Include/core_cm7.h **** #define SCB_SCR_SLEEPDEEP_Pos               2U                                            /*!< SCB 
 587:../../Drivers/CMSIS/Include/core_cm7.h **** #define SCB_SCR_SLEEPDEEP_Msk              (1UL << SCB_SCR_SLEEPDEEP_Pos)                 /*!< SCB 
 588:../../Drivers/CMSIS/Include/core_cm7.h **** 
 589:../../Drivers/CMSIS/Include/core_cm7.h **** #define SCB_SCR_SLEEPONEXIT_Pos             1U                                            /*!< SCB 
 590:../../Drivers/CMSIS/Include/core_cm7.h **** #define SCB_SCR_SLEEPONEXIT_Msk            (1UL << SCB_SCR_SLEEPONEXIT_Pos)               /*!< SCB 
 591:../../Drivers/CMSIS/Include/core_cm7.h **** 
 592:../../Drivers/CMSIS/Include/core_cm7.h **** /* SCB Configuration Control Register Definitions */
 593:../../Drivers/CMSIS/Include/core_cm7.h **** #define SCB_CCR_BP_Pos                      18U                                           /*!< SCB 
 594:../../Drivers/CMSIS/Include/core_cm7.h **** #define SCB_CCR_BP_Msk                     (1UL << SCB_CCR_BP_Pos)                        /*!< SCB 
 595:../../Drivers/CMSIS/Include/core_cm7.h **** 
 596:../../Drivers/CMSIS/Include/core_cm7.h **** #define SCB_CCR_IC_Pos                      17U                                           /*!< SCB 
 597:../../Drivers/CMSIS/Include/core_cm7.h **** #define SCB_CCR_IC_Msk                     (1UL << SCB_CCR_IC_Pos)                        /*!< SCB 
 598:../../Drivers/CMSIS/Include/core_cm7.h **** 
 599:../../Drivers/CMSIS/Include/core_cm7.h **** #define SCB_CCR_DC_Pos                      16U                                           /*!< SCB 
 600:../../Drivers/CMSIS/Include/core_cm7.h **** #define SCB_CCR_DC_Msk                     (1UL << SCB_CCR_DC_Pos)                        /*!< SCB 
 601:../../Drivers/CMSIS/Include/core_cm7.h **** 
 602:../../Drivers/CMSIS/Include/core_cm7.h **** #define SCB_CCR_STKALIGN_Pos                9U                                            /*!< SCB 
 603:../../Drivers/CMSIS/Include/core_cm7.h **** #define SCB_CCR_STKALIGN_Msk               (1UL << SCB_CCR_STKALIGN_Pos)                  /*!< SCB 
 604:../../Drivers/CMSIS/Include/core_cm7.h **** 
 605:../../Drivers/CMSIS/Include/core_cm7.h **** #define SCB_CCR_BFHFNMIGN_Pos               8U                                            /*!< SCB 
 606:../../Drivers/CMSIS/Include/core_cm7.h **** #define SCB_CCR_BFHFNMIGN_Msk              (1UL << SCB_CCR_BFHFNMIGN_Pos)                 /*!< SCB 
 607:../../Drivers/CMSIS/Include/core_cm7.h **** 
 608:../../Drivers/CMSIS/Include/core_cm7.h **** #define SCB_CCR_DIV_0_TRP_Pos               4U                                            /*!< SCB 
 609:../../Drivers/CMSIS/Include/core_cm7.h **** #define SCB_CCR_DIV_0_TRP_Msk              (1UL << SCB_CCR_DIV_0_TRP_Pos)                 /*!< SCB 
 610:../../Drivers/CMSIS/Include/core_cm7.h **** 
 611:../../Drivers/CMSIS/Include/core_cm7.h **** #define SCB_CCR_UNALIGN_TRP_Pos             3U                                            /*!< SCB 
 612:../../Drivers/CMSIS/Include/core_cm7.h **** #define SCB_CCR_UNALIGN_TRP_Msk            (1UL << SCB_CCR_UNALIGN_TRP_Pos)               /*!< SCB 
 613:../../Drivers/CMSIS/Include/core_cm7.h **** 
 614:../../Drivers/CMSIS/Include/core_cm7.h **** #define SCB_CCR_USERSETMPEND_Pos            1U                                            /*!< SCB 
 615:../../Drivers/CMSIS/Include/core_cm7.h **** #define SCB_CCR_USERSETMPEND_Msk           (1UL << SCB_CCR_USERSETMPEND_Pos)              /*!< SCB 
 616:../../Drivers/CMSIS/Include/core_cm7.h **** 
 617:../../Drivers/CMSIS/Include/core_cm7.h **** #define SCB_CCR_NONBASETHRDENA_Pos          0U                                            /*!< SCB 
 618:../../Drivers/CMSIS/Include/core_cm7.h **** #define SCB_CCR_NONBASETHRDENA_Msk         (1UL /*<< SCB_CCR_NONBASETHRDENA_Pos*/)        /*!< SCB 
 619:../../Drivers/CMSIS/Include/core_cm7.h **** 
 620:../../Drivers/CMSIS/Include/core_cm7.h **** /* SCB System Handler Control and State Register Definitions */
 621:../../Drivers/CMSIS/Include/core_cm7.h **** #define SCB_SHCSR_USGFAULTENA_Pos          18U                                            /*!< SCB 
 622:../../Drivers/CMSIS/Include/core_cm7.h **** #define SCB_SHCSR_USGFAULTENA_Msk          (1UL << SCB_SHCSR_USGFAULTENA_Pos)             /*!< SCB 
 623:../../Drivers/CMSIS/Include/core_cm7.h **** 
 624:../../Drivers/CMSIS/Include/core_cm7.h **** #define SCB_SHCSR_BUSFAULTENA_Pos          17U                                            /*!< SCB 
 625:../../Drivers/CMSIS/Include/core_cm7.h **** #define SCB_SHCSR_BUSFAULTENA_Msk          (1UL << SCB_SHCSR_BUSFAULTENA_Pos)             /*!< SCB 
 626:../../Drivers/CMSIS/Include/core_cm7.h **** 
 627:../../Drivers/CMSIS/Include/core_cm7.h **** #define SCB_SHCSR_MEMFAULTENA_Pos          16U                                            /*!< SCB 
 628:../../Drivers/CMSIS/Include/core_cm7.h **** #define SCB_SHCSR_MEMFAULTENA_Msk          (1UL << SCB_SHCSR_MEMFAULTENA_Pos)             /*!< SCB 
 629:../../Drivers/CMSIS/Include/core_cm7.h **** 
 630:../../Drivers/CMSIS/Include/core_cm7.h **** #define SCB_SHCSR_SVCALLPENDED_Pos         15U                                            /*!< SCB 
 631:../../Drivers/CMSIS/Include/core_cm7.h **** #define SCB_SHCSR_SVCALLPENDED_Msk         (1UL << SCB_SHCSR_SVCALLPENDED_Pos)            /*!< SCB 
 632:../../Drivers/CMSIS/Include/core_cm7.h **** 
 633:../../Drivers/CMSIS/Include/core_cm7.h **** #define SCB_SHCSR_BUSFAULTPENDED_Pos       14U                                            /*!< SCB 
ARM GAS  /var/folders/2r/mdtt8xvd351gdc398t28_m2m0000gn/T//cc7M34vh.s 			page 88


 634:../../Drivers/CMSIS/Include/core_cm7.h **** #define SCB_SHCSR_BUSFAULTPENDED_Msk       (1UL << SCB_SHCSR_BUSFAULTPENDED_Pos)          /*!< SCB 
 635:../../Drivers/CMSIS/Include/core_cm7.h **** 
 636:../../Drivers/CMSIS/Include/core_cm7.h **** #define SCB_SHCSR_MEMFAULTPENDED_Pos       13U                                            /*!< SCB 
 637:../../Drivers/CMSIS/Include/core_cm7.h **** #define SCB_SHCSR_MEMFAULTPENDED_Msk       (1UL << SCB_SHCSR_MEMFAULTPENDED_Pos)          /*!< SCB 
 638:../../Drivers/CMSIS/Include/core_cm7.h **** 
 639:../../Drivers/CMSIS/Include/core_cm7.h **** #define SCB_SHCSR_USGFAULTPENDED_Pos       12U                                            /*!< SCB 
 640:../../Drivers/CMSIS/Include/core_cm7.h **** #define SCB_SHCSR_USGFAULTPENDED_Msk       (1UL << SCB_SHCSR_USGFAULTPENDED_Pos)          /*!< SCB 
 641:../../Drivers/CMSIS/Include/core_cm7.h **** 
 642:../../Drivers/CMSIS/Include/core_cm7.h **** #define SCB_SHCSR_SYSTICKACT_Pos           11U                                            /*!< SCB 
 643:../../Drivers/CMSIS/Include/core_cm7.h **** #define SCB_SHCSR_SYSTICKACT_Msk           (1UL << SCB_SHCSR_SYSTICKACT_Pos)              /*!< SCB 
 644:../../Drivers/CMSIS/Include/core_cm7.h **** 
 645:../../Drivers/CMSIS/Include/core_cm7.h **** #define SCB_SHCSR_PENDSVACT_Pos            10U                                            /*!< SCB 
 646:../../Drivers/CMSIS/Include/core_cm7.h **** #define SCB_SHCSR_PENDSVACT_Msk            (1UL << SCB_SHCSR_PENDSVACT_Pos)               /*!< SCB 
 647:../../Drivers/CMSIS/Include/core_cm7.h **** 
 648:../../Drivers/CMSIS/Include/core_cm7.h **** #define SCB_SHCSR_MONITORACT_Pos            8U                                            /*!< SCB 
 649:../../Drivers/CMSIS/Include/core_cm7.h **** #define SCB_SHCSR_MONITORACT_Msk           (1UL << SCB_SHCSR_MONITORACT_Pos)              /*!< SCB 
 650:../../Drivers/CMSIS/Include/core_cm7.h **** 
 651:../../Drivers/CMSIS/Include/core_cm7.h **** #define SCB_SHCSR_SVCALLACT_Pos             7U                                            /*!< SCB 
 652:../../Drivers/CMSIS/Include/core_cm7.h **** #define SCB_SHCSR_SVCALLACT_Msk            (1UL << SCB_SHCSR_SVCALLACT_Pos)               /*!< SCB 
 653:../../Drivers/CMSIS/Include/core_cm7.h **** 
 654:../../Drivers/CMSIS/Include/core_cm7.h **** #define SCB_SHCSR_USGFAULTACT_Pos           3U                                            /*!< SCB 
 655:../../Drivers/CMSIS/Include/core_cm7.h **** #define SCB_SHCSR_USGFAULTACT_Msk          (1UL << SCB_SHCSR_USGFAULTACT_Pos)             /*!< SCB 
 656:../../Drivers/CMSIS/Include/core_cm7.h **** 
 657:../../Drivers/CMSIS/Include/core_cm7.h **** #define SCB_SHCSR_BUSFAULTACT_Pos           1U                                            /*!< SCB 
 658:../../Drivers/CMSIS/Include/core_cm7.h **** #define SCB_SHCSR_BUSFAULTACT_Msk          (1UL << SCB_SHCSR_BUSFAULTACT_Pos)             /*!< SCB 
 659:../../Drivers/CMSIS/Include/core_cm7.h **** 
 660:../../Drivers/CMSIS/Include/core_cm7.h **** #define SCB_SHCSR_MEMFAULTACT_Pos           0U                                            /*!< SCB 
 661:../../Drivers/CMSIS/Include/core_cm7.h **** #define SCB_SHCSR_MEMFAULTACT_Msk          (1UL /*<< SCB_SHCSR_MEMFAULTACT_Pos*/)         /*!< SCB 
 662:../../Drivers/CMSIS/Include/core_cm7.h **** 
 663:../../Drivers/CMSIS/Include/core_cm7.h **** /* SCB Configurable Fault Status Register Definitions */
 664:../../Drivers/CMSIS/Include/core_cm7.h **** #define SCB_CFSR_USGFAULTSR_Pos            16U                                            /*!< SCB 
 665:../../Drivers/CMSIS/Include/core_cm7.h **** #define SCB_CFSR_USGFAULTSR_Msk            (0xFFFFUL << SCB_CFSR_USGFAULTSR_Pos)          /*!< SCB 
 666:../../Drivers/CMSIS/Include/core_cm7.h **** 
 667:../../Drivers/CMSIS/Include/core_cm7.h **** #define SCB_CFSR_BUSFAULTSR_Pos             8U                                            /*!< SCB 
 668:../../Drivers/CMSIS/Include/core_cm7.h **** #define SCB_CFSR_BUSFAULTSR_Msk            (0xFFUL << SCB_CFSR_BUSFAULTSR_Pos)            /*!< SCB 
 669:../../Drivers/CMSIS/Include/core_cm7.h **** 
 670:../../Drivers/CMSIS/Include/core_cm7.h **** #define SCB_CFSR_MEMFAULTSR_Pos             0U                                            /*!< SCB 
 671:../../Drivers/CMSIS/Include/core_cm7.h **** #define SCB_CFSR_MEMFAULTSR_Msk            (0xFFUL /*<< SCB_CFSR_MEMFAULTSR_Pos*/)        /*!< SCB 
 672:../../Drivers/CMSIS/Include/core_cm7.h **** 
 673:../../Drivers/CMSIS/Include/core_cm7.h **** /* MemManage Fault Status Register (part of SCB Configurable Fault Status Register) */
 674:../../Drivers/CMSIS/Include/core_cm7.h **** #define SCB_CFSR_MMARVALID_Pos             (SCB_SHCSR_MEMFAULTACT_Pos + 7U)               /*!< SCB 
 675:../../Drivers/CMSIS/Include/core_cm7.h **** #define SCB_CFSR_MMARVALID_Msk             (1UL << SCB_CFSR_MMARVALID_Pos)                /*!< SCB 
 676:../../Drivers/CMSIS/Include/core_cm7.h **** 
 677:../../Drivers/CMSIS/Include/core_cm7.h **** #define SCB_CFSR_MLSPERR_Pos               (SCB_SHCSR_MEMFAULTACT_Pos + 5U)               /*!< SCB 
 678:../../Drivers/CMSIS/Include/core_cm7.h **** #define SCB_CFSR_MLSPERR_Msk               (1UL << SCB_CFSR_MLSPERR_Pos)                  /*!< SCB 
 679:../../Drivers/CMSIS/Include/core_cm7.h **** 
 680:../../Drivers/CMSIS/Include/core_cm7.h **** #define SCB_CFSR_MSTKERR_Pos               (SCB_SHCSR_MEMFAULTACT_Pos + 4U)               /*!< SCB 
 681:../../Drivers/CMSIS/Include/core_cm7.h **** #define SCB_CFSR_MSTKERR_Msk               (1UL << SCB_CFSR_MSTKERR_Pos)                  /*!< SCB 
 682:../../Drivers/CMSIS/Include/core_cm7.h **** 
 683:../../Drivers/CMSIS/Include/core_cm7.h **** #define SCB_CFSR_MUNSTKERR_Pos             (SCB_SHCSR_MEMFAULTACT_Pos + 3U)               /*!< SCB 
 684:../../Drivers/CMSIS/Include/core_cm7.h **** #define SCB_CFSR_MUNSTKERR_Msk             (1UL << SCB_CFSR_MUNSTKERR_Pos)                /*!< SCB 
 685:../../Drivers/CMSIS/Include/core_cm7.h **** 
 686:../../Drivers/CMSIS/Include/core_cm7.h **** #define SCB_CFSR_DACCVIOL_Pos              (SCB_SHCSR_MEMFAULTACT_Pos + 1U)               /*!< SCB 
 687:../../Drivers/CMSIS/Include/core_cm7.h **** #define SCB_CFSR_DACCVIOL_Msk              (1UL << SCB_CFSR_DACCVIOL_Pos)                 /*!< SCB 
 688:../../Drivers/CMSIS/Include/core_cm7.h **** 
 689:../../Drivers/CMSIS/Include/core_cm7.h **** #define SCB_CFSR_IACCVIOL_Pos              (SCB_SHCSR_MEMFAULTACT_Pos + 0U)               /*!< SCB 
 690:../../Drivers/CMSIS/Include/core_cm7.h **** #define SCB_CFSR_IACCVIOL_Msk              (1UL /*<< SCB_CFSR_IACCVIOL_Pos*/)             /*!< SCB 
ARM GAS  /var/folders/2r/mdtt8xvd351gdc398t28_m2m0000gn/T//cc7M34vh.s 			page 89


 691:../../Drivers/CMSIS/Include/core_cm7.h **** 
 692:../../Drivers/CMSIS/Include/core_cm7.h **** /* BusFault Status Register (part of SCB Configurable Fault Status Register) */
 693:../../Drivers/CMSIS/Include/core_cm7.h **** #define SCB_CFSR_BFARVALID_Pos            (SCB_CFSR_BUSFAULTSR_Pos + 7U)                  /*!< SCB 
 694:../../Drivers/CMSIS/Include/core_cm7.h **** #define SCB_CFSR_BFARVALID_Msk            (1UL << SCB_CFSR_BFARVALID_Pos)                 /*!< SCB 
 695:../../Drivers/CMSIS/Include/core_cm7.h **** 
 696:../../Drivers/CMSIS/Include/core_cm7.h **** #define SCB_CFSR_LSPERR_Pos               (SCB_CFSR_BUSFAULTSR_Pos + 5U)                  /*!< SCB 
 697:../../Drivers/CMSIS/Include/core_cm7.h **** #define SCB_CFSR_LSPERR_Msk               (1UL << SCB_CFSR_LSPERR_Pos)                    /*!< SCB 
 698:../../Drivers/CMSIS/Include/core_cm7.h **** 
 699:../../Drivers/CMSIS/Include/core_cm7.h **** #define SCB_CFSR_STKERR_Pos               (SCB_CFSR_BUSFAULTSR_Pos + 4U)                  /*!< SCB 
 700:../../Drivers/CMSIS/Include/core_cm7.h **** #define SCB_CFSR_STKERR_Msk               (1UL << SCB_CFSR_STKERR_Pos)                    /*!< SCB 
 701:../../Drivers/CMSIS/Include/core_cm7.h **** 
 702:../../Drivers/CMSIS/Include/core_cm7.h **** #define SCB_CFSR_UNSTKERR_Pos             (SCB_CFSR_BUSFAULTSR_Pos + 3U)                  /*!< SCB 
 703:../../Drivers/CMSIS/Include/core_cm7.h **** #define SCB_CFSR_UNSTKERR_Msk             (1UL << SCB_CFSR_UNSTKERR_Pos)                  /*!< SCB 
 704:../../Drivers/CMSIS/Include/core_cm7.h **** 
 705:../../Drivers/CMSIS/Include/core_cm7.h **** #define SCB_CFSR_IMPRECISERR_Pos          (SCB_CFSR_BUSFAULTSR_Pos + 2U)                  /*!< SCB 
 706:../../Drivers/CMSIS/Include/core_cm7.h **** #define SCB_CFSR_IMPRECISERR_Msk          (1UL << SCB_CFSR_IMPRECISERR_Pos)               /*!< SCB 
 707:../../Drivers/CMSIS/Include/core_cm7.h **** 
 708:../../Drivers/CMSIS/Include/core_cm7.h **** #define SCB_CFSR_PRECISERR_Pos            (SCB_CFSR_BUSFAULTSR_Pos + 1U)                  /*!< SCB 
 709:../../Drivers/CMSIS/Include/core_cm7.h **** #define SCB_CFSR_PRECISERR_Msk            (1UL << SCB_CFSR_PRECISERR_Pos)                 /*!< SCB 
 710:../../Drivers/CMSIS/Include/core_cm7.h **** 
 711:../../Drivers/CMSIS/Include/core_cm7.h **** #define SCB_CFSR_IBUSERR_Pos              (SCB_CFSR_BUSFAULTSR_Pos + 0U)                  /*!< SCB 
 712:../../Drivers/CMSIS/Include/core_cm7.h **** #define SCB_CFSR_IBUSERR_Msk              (1UL << SCB_CFSR_IBUSERR_Pos)                   /*!< SCB 
 713:../../Drivers/CMSIS/Include/core_cm7.h **** 
 714:../../Drivers/CMSIS/Include/core_cm7.h **** /* UsageFault Status Register (part of SCB Configurable Fault Status Register) */
 715:../../Drivers/CMSIS/Include/core_cm7.h **** #define SCB_CFSR_DIVBYZERO_Pos            (SCB_CFSR_USGFAULTSR_Pos + 9U)                  /*!< SCB 
 716:../../Drivers/CMSIS/Include/core_cm7.h **** #define SCB_CFSR_DIVBYZERO_Msk            (1UL << SCB_CFSR_DIVBYZERO_Pos)                 /*!< SCB 
 717:../../Drivers/CMSIS/Include/core_cm7.h **** 
 718:../../Drivers/CMSIS/Include/core_cm7.h **** #define SCB_CFSR_UNALIGNED_Pos            (SCB_CFSR_USGFAULTSR_Pos + 8U)                  /*!< SCB 
 719:../../Drivers/CMSIS/Include/core_cm7.h **** #define SCB_CFSR_UNALIGNED_Msk            (1UL << SCB_CFSR_UNALIGNED_Pos)                 /*!< SCB 
 720:../../Drivers/CMSIS/Include/core_cm7.h **** 
 721:../../Drivers/CMSIS/Include/core_cm7.h **** #define SCB_CFSR_NOCP_Pos                 (SCB_CFSR_USGFAULTSR_Pos + 3U)                  /*!< SCB 
 722:../../Drivers/CMSIS/Include/core_cm7.h **** #define SCB_CFSR_NOCP_Msk                 (1UL << SCB_CFSR_NOCP_Pos)                      /*!< SCB 
 723:../../Drivers/CMSIS/Include/core_cm7.h **** 
 724:../../Drivers/CMSIS/Include/core_cm7.h **** #define SCB_CFSR_INVPC_Pos                (SCB_CFSR_USGFAULTSR_Pos + 2U)                  /*!< SCB 
 725:../../Drivers/CMSIS/Include/core_cm7.h **** #define SCB_CFSR_INVPC_Msk                (1UL << SCB_CFSR_INVPC_Pos)                     /*!< SCB 
 726:../../Drivers/CMSIS/Include/core_cm7.h **** 
 727:../../Drivers/CMSIS/Include/core_cm7.h **** #define SCB_CFSR_INVSTATE_Pos             (SCB_CFSR_USGFAULTSR_Pos + 1U)                  /*!< SCB 
 728:../../Drivers/CMSIS/Include/core_cm7.h **** #define SCB_CFSR_INVSTATE_Msk             (1UL << SCB_CFSR_INVSTATE_Pos)                  /*!< SCB 
 729:../../Drivers/CMSIS/Include/core_cm7.h **** 
 730:../../Drivers/CMSIS/Include/core_cm7.h **** #define SCB_CFSR_UNDEFINSTR_Pos           (SCB_CFSR_USGFAULTSR_Pos + 0U)                  /*!< SCB 
 731:../../Drivers/CMSIS/Include/core_cm7.h **** #define SCB_CFSR_UNDEFINSTR_Msk           (1UL << SCB_CFSR_UNDEFINSTR_Pos)                /*!< SCB 
 732:../../Drivers/CMSIS/Include/core_cm7.h **** 
 733:../../Drivers/CMSIS/Include/core_cm7.h **** /* SCB Hard Fault Status Register Definitions */
 734:../../Drivers/CMSIS/Include/core_cm7.h **** #define SCB_HFSR_DEBUGEVT_Pos              31U                                            /*!< SCB 
 735:../../Drivers/CMSIS/Include/core_cm7.h **** #define SCB_HFSR_DEBUGEVT_Msk              (1UL << SCB_HFSR_DEBUGEVT_Pos)                 /*!< SCB 
 736:../../Drivers/CMSIS/Include/core_cm7.h **** 
 737:../../Drivers/CMSIS/Include/core_cm7.h **** #define SCB_HFSR_FORCED_Pos                30U                                            /*!< SCB 
 738:../../Drivers/CMSIS/Include/core_cm7.h **** #define SCB_HFSR_FORCED_Msk                (1UL << SCB_HFSR_FORCED_Pos)                   /*!< SCB 
 739:../../Drivers/CMSIS/Include/core_cm7.h **** 
 740:../../Drivers/CMSIS/Include/core_cm7.h **** #define SCB_HFSR_VECTTBL_Pos                1U                                            /*!< SCB 
 741:../../Drivers/CMSIS/Include/core_cm7.h **** #define SCB_HFSR_VECTTBL_Msk               (1UL << SCB_HFSR_VECTTBL_Pos)                  /*!< SCB 
 742:../../Drivers/CMSIS/Include/core_cm7.h **** 
 743:../../Drivers/CMSIS/Include/core_cm7.h **** /* SCB Debug Fault Status Register Definitions */
 744:../../Drivers/CMSIS/Include/core_cm7.h **** #define SCB_DFSR_EXTERNAL_Pos               4U                                            /*!< SCB 
 745:../../Drivers/CMSIS/Include/core_cm7.h **** #define SCB_DFSR_EXTERNAL_Msk              (1UL << SCB_DFSR_EXTERNAL_Pos)                 /*!< SCB 
 746:../../Drivers/CMSIS/Include/core_cm7.h **** 
 747:../../Drivers/CMSIS/Include/core_cm7.h **** #define SCB_DFSR_VCATCH_Pos                 3U                                            /*!< SCB 
ARM GAS  /var/folders/2r/mdtt8xvd351gdc398t28_m2m0000gn/T//cc7M34vh.s 			page 90


 748:../../Drivers/CMSIS/Include/core_cm7.h **** #define SCB_DFSR_VCATCH_Msk                (1UL << SCB_DFSR_VCATCH_Pos)                   /*!< SCB 
 749:../../Drivers/CMSIS/Include/core_cm7.h **** 
 750:../../Drivers/CMSIS/Include/core_cm7.h **** #define SCB_DFSR_DWTTRAP_Pos                2U                                            /*!< SCB 
 751:../../Drivers/CMSIS/Include/core_cm7.h **** #define SCB_DFSR_DWTTRAP_Msk               (1UL << SCB_DFSR_DWTTRAP_Pos)                  /*!< SCB 
 752:../../Drivers/CMSIS/Include/core_cm7.h **** 
 753:../../Drivers/CMSIS/Include/core_cm7.h **** #define SCB_DFSR_BKPT_Pos                   1U                                            /*!< SCB 
 754:../../Drivers/CMSIS/Include/core_cm7.h **** #define SCB_DFSR_BKPT_Msk                  (1UL << SCB_DFSR_BKPT_Pos)                     /*!< SCB 
 755:../../Drivers/CMSIS/Include/core_cm7.h **** 
 756:../../Drivers/CMSIS/Include/core_cm7.h **** #define SCB_DFSR_HALTED_Pos                 0U                                            /*!< SCB 
 757:../../Drivers/CMSIS/Include/core_cm7.h **** #define SCB_DFSR_HALTED_Msk                (1UL /*<< SCB_DFSR_HALTED_Pos*/)               /*!< SCB 
 758:../../Drivers/CMSIS/Include/core_cm7.h **** 
 759:../../Drivers/CMSIS/Include/core_cm7.h **** /* SCB Cache Level ID Register Definitions */
 760:../../Drivers/CMSIS/Include/core_cm7.h **** #define SCB_CLIDR_LOUU_Pos                 27U                                            /*!< SCB 
 761:../../Drivers/CMSIS/Include/core_cm7.h **** #define SCB_CLIDR_LOUU_Msk                 (7UL << SCB_CLIDR_LOUU_Pos)                    /*!< SCB 
 762:../../Drivers/CMSIS/Include/core_cm7.h **** 
 763:../../Drivers/CMSIS/Include/core_cm7.h **** #define SCB_CLIDR_LOC_Pos                  24U                                            /*!< SCB 
 764:../../Drivers/CMSIS/Include/core_cm7.h **** #define SCB_CLIDR_LOC_Msk                  (7UL << SCB_CLIDR_LOC_Pos)                     /*!< SCB 
 765:../../Drivers/CMSIS/Include/core_cm7.h **** 
 766:../../Drivers/CMSIS/Include/core_cm7.h **** /* SCB Cache Type Register Definitions */
 767:../../Drivers/CMSIS/Include/core_cm7.h **** #define SCB_CTR_FORMAT_Pos                 29U                                            /*!< SCB 
 768:../../Drivers/CMSIS/Include/core_cm7.h **** #define SCB_CTR_FORMAT_Msk                 (7UL << SCB_CTR_FORMAT_Pos)                    /*!< SCB 
 769:../../Drivers/CMSIS/Include/core_cm7.h **** 
 770:../../Drivers/CMSIS/Include/core_cm7.h **** #define SCB_CTR_CWG_Pos                    24U                                            /*!< SCB 
 771:../../Drivers/CMSIS/Include/core_cm7.h **** #define SCB_CTR_CWG_Msk                    (0xFUL << SCB_CTR_CWG_Pos)                     /*!< SCB 
 772:../../Drivers/CMSIS/Include/core_cm7.h **** 
 773:../../Drivers/CMSIS/Include/core_cm7.h **** #define SCB_CTR_ERG_Pos                    20U                                            /*!< SCB 
 774:../../Drivers/CMSIS/Include/core_cm7.h **** #define SCB_CTR_ERG_Msk                    (0xFUL << SCB_CTR_ERG_Pos)                     /*!< SCB 
 775:../../Drivers/CMSIS/Include/core_cm7.h **** 
 776:../../Drivers/CMSIS/Include/core_cm7.h **** #define SCB_CTR_DMINLINE_Pos               16U                                            /*!< SCB 
 777:../../Drivers/CMSIS/Include/core_cm7.h **** #define SCB_CTR_DMINLINE_Msk               (0xFUL << SCB_CTR_DMINLINE_Pos)                /*!< SCB 
 778:../../Drivers/CMSIS/Include/core_cm7.h **** 
 779:../../Drivers/CMSIS/Include/core_cm7.h **** #define SCB_CTR_IMINLINE_Pos                0U                                            /*!< SCB 
 780:../../Drivers/CMSIS/Include/core_cm7.h **** #define SCB_CTR_IMINLINE_Msk               (0xFUL /*<< SCB_CTR_IMINLINE_Pos*/)            /*!< SCB 
 781:../../Drivers/CMSIS/Include/core_cm7.h **** 
 782:../../Drivers/CMSIS/Include/core_cm7.h **** /* SCB Cache Size ID Register Definitions */
 783:../../Drivers/CMSIS/Include/core_cm7.h **** #define SCB_CCSIDR_WT_Pos                  31U                                            /*!< SCB 
 784:../../Drivers/CMSIS/Include/core_cm7.h **** #define SCB_CCSIDR_WT_Msk                  (1UL << SCB_CCSIDR_WT_Pos)                     /*!< SCB 
 785:../../Drivers/CMSIS/Include/core_cm7.h **** 
 786:../../Drivers/CMSIS/Include/core_cm7.h **** #define SCB_CCSIDR_WB_Pos                  30U                                            /*!< SCB 
 787:../../Drivers/CMSIS/Include/core_cm7.h **** #define SCB_CCSIDR_WB_Msk                  (1UL << SCB_CCSIDR_WB_Pos)                     /*!< SCB 
 788:../../Drivers/CMSIS/Include/core_cm7.h **** 
 789:../../Drivers/CMSIS/Include/core_cm7.h **** #define SCB_CCSIDR_RA_Pos                  29U                                            /*!< SCB 
 790:../../Drivers/CMSIS/Include/core_cm7.h **** #define SCB_CCSIDR_RA_Msk                  (1UL << SCB_CCSIDR_RA_Pos)                     /*!< SCB 
 791:../../Drivers/CMSIS/Include/core_cm7.h **** 
 792:../../Drivers/CMSIS/Include/core_cm7.h **** #define SCB_CCSIDR_WA_Pos                  28U                                            /*!< SCB 
 793:../../Drivers/CMSIS/Include/core_cm7.h **** #define SCB_CCSIDR_WA_Msk                  (1UL << SCB_CCSIDR_WA_Pos)                     /*!< SCB 
 794:../../Drivers/CMSIS/Include/core_cm7.h **** 
 795:../../Drivers/CMSIS/Include/core_cm7.h **** #define SCB_CCSIDR_NUMSETS_Pos             13U                                            /*!< SCB 
 796:../../Drivers/CMSIS/Include/core_cm7.h **** #define SCB_CCSIDR_NUMSETS_Msk             (0x7FFFUL << SCB_CCSIDR_NUMSETS_Pos)           /*!< SCB 
 797:../../Drivers/CMSIS/Include/core_cm7.h **** 
 798:../../Drivers/CMSIS/Include/core_cm7.h **** #define SCB_CCSIDR_ASSOCIATIVITY_Pos        3U                                            /*!< SCB 
 799:../../Drivers/CMSIS/Include/core_cm7.h **** #define SCB_CCSIDR_ASSOCIATIVITY_Msk       (0x3FFUL << SCB_CCSIDR_ASSOCIATIVITY_Pos)      /*!< SCB 
 800:../../Drivers/CMSIS/Include/core_cm7.h **** 
 801:../../Drivers/CMSIS/Include/core_cm7.h **** #define SCB_CCSIDR_LINESIZE_Pos             0U                                            /*!< SCB 
 802:../../Drivers/CMSIS/Include/core_cm7.h **** #define SCB_CCSIDR_LINESIZE_Msk            (7UL /*<< SCB_CCSIDR_LINESIZE_Pos*/)           /*!< SCB 
 803:../../Drivers/CMSIS/Include/core_cm7.h **** 
 804:../../Drivers/CMSIS/Include/core_cm7.h **** /* SCB Cache Size Selection Register Definitions */
ARM GAS  /var/folders/2r/mdtt8xvd351gdc398t28_m2m0000gn/T//cc7M34vh.s 			page 91


 805:../../Drivers/CMSIS/Include/core_cm7.h **** #define SCB_CSSELR_LEVEL_Pos                1U                                            /*!< SCB 
 806:../../Drivers/CMSIS/Include/core_cm7.h **** #define SCB_CSSELR_LEVEL_Msk               (7UL << SCB_CSSELR_LEVEL_Pos)                  /*!< SCB 
 807:../../Drivers/CMSIS/Include/core_cm7.h **** 
 808:../../Drivers/CMSIS/Include/core_cm7.h **** #define SCB_CSSELR_IND_Pos                  0U                                            /*!< SCB 
 809:../../Drivers/CMSIS/Include/core_cm7.h **** #define SCB_CSSELR_IND_Msk                 (1UL /*<< SCB_CSSELR_IND_Pos*/)                /*!< SCB 
 810:../../Drivers/CMSIS/Include/core_cm7.h **** 
 811:../../Drivers/CMSIS/Include/core_cm7.h **** /* SCB Software Triggered Interrupt Register Definitions */
 812:../../Drivers/CMSIS/Include/core_cm7.h **** #define SCB_STIR_INTID_Pos                  0U                                            /*!< SCB 
 813:../../Drivers/CMSIS/Include/core_cm7.h **** #define SCB_STIR_INTID_Msk                 (0x1FFUL /*<< SCB_STIR_INTID_Pos*/)            /*!< SCB 
 814:../../Drivers/CMSIS/Include/core_cm7.h **** 
 815:../../Drivers/CMSIS/Include/core_cm7.h **** /* SCB D-Cache Invalidate by Set-way Register Definitions */
 816:../../Drivers/CMSIS/Include/core_cm7.h **** #define SCB_DCISW_WAY_Pos                  30U                                            /*!< SCB 
 817:../../Drivers/CMSIS/Include/core_cm7.h **** #define SCB_DCISW_WAY_Msk                  (3UL << SCB_DCISW_WAY_Pos)                     /*!< SCB 
 818:../../Drivers/CMSIS/Include/core_cm7.h **** 
 819:../../Drivers/CMSIS/Include/core_cm7.h **** #define SCB_DCISW_SET_Pos                   5U                                            /*!< SCB 
 820:../../Drivers/CMSIS/Include/core_cm7.h **** #define SCB_DCISW_SET_Msk                  (0x1FFUL << SCB_DCISW_SET_Pos)                 /*!< SCB 
 821:../../Drivers/CMSIS/Include/core_cm7.h **** 
 822:../../Drivers/CMSIS/Include/core_cm7.h **** /* SCB D-Cache Clean by Set-way Register Definitions */
 823:../../Drivers/CMSIS/Include/core_cm7.h **** #define SCB_DCCSW_WAY_Pos                  30U                                            /*!< SCB 
 824:../../Drivers/CMSIS/Include/core_cm7.h **** #define SCB_DCCSW_WAY_Msk                  (3UL << SCB_DCCSW_WAY_Pos)                     /*!< SCB 
 825:../../Drivers/CMSIS/Include/core_cm7.h **** 
 826:../../Drivers/CMSIS/Include/core_cm7.h **** #define SCB_DCCSW_SET_Pos                   5U                                            /*!< SCB 
 827:../../Drivers/CMSIS/Include/core_cm7.h **** #define SCB_DCCSW_SET_Msk                  (0x1FFUL << SCB_DCCSW_SET_Pos)                 /*!< SCB 
 828:../../Drivers/CMSIS/Include/core_cm7.h **** 
 829:../../Drivers/CMSIS/Include/core_cm7.h **** /* SCB D-Cache Clean and Invalidate by Set-way Register Definitions */
 830:../../Drivers/CMSIS/Include/core_cm7.h **** #define SCB_DCCISW_WAY_Pos                 30U                                            /*!< SCB 
 831:../../Drivers/CMSIS/Include/core_cm7.h **** #define SCB_DCCISW_WAY_Msk                 (3UL << SCB_DCCISW_WAY_Pos)                    /*!< SCB 
 832:../../Drivers/CMSIS/Include/core_cm7.h **** 
 833:../../Drivers/CMSIS/Include/core_cm7.h **** #define SCB_DCCISW_SET_Pos                  5U                                            /*!< SCB 
 834:../../Drivers/CMSIS/Include/core_cm7.h **** #define SCB_DCCISW_SET_Msk                 (0x1FFUL << SCB_DCCISW_SET_Pos)                /*!< SCB 
 835:../../Drivers/CMSIS/Include/core_cm7.h **** 
 836:../../Drivers/CMSIS/Include/core_cm7.h **** /* Instruction Tightly-Coupled Memory Control Register Definitions */
 837:../../Drivers/CMSIS/Include/core_cm7.h **** #define SCB_ITCMCR_SZ_Pos                   3U                                            /*!< SCB 
 838:../../Drivers/CMSIS/Include/core_cm7.h **** #define SCB_ITCMCR_SZ_Msk                  (0xFUL << SCB_ITCMCR_SZ_Pos)                   /*!< SCB 
 839:../../Drivers/CMSIS/Include/core_cm7.h **** 
 840:../../Drivers/CMSIS/Include/core_cm7.h **** #define SCB_ITCMCR_RETEN_Pos                2U                                            /*!< SCB 
 841:../../Drivers/CMSIS/Include/core_cm7.h **** #define SCB_ITCMCR_RETEN_Msk               (1UL << SCB_ITCMCR_RETEN_Pos)                  /*!< SCB 
 842:../../Drivers/CMSIS/Include/core_cm7.h **** 
 843:../../Drivers/CMSIS/Include/core_cm7.h **** #define SCB_ITCMCR_RMW_Pos                  1U                                            /*!< SCB 
 844:../../Drivers/CMSIS/Include/core_cm7.h **** #define SCB_ITCMCR_RMW_Msk                 (1UL << SCB_ITCMCR_RMW_Pos)                    /*!< SCB 
 845:../../Drivers/CMSIS/Include/core_cm7.h **** 
 846:../../Drivers/CMSIS/Include/core_cm7.h **** #define SCB_ITCMCR_EN_Pos                   0U                                            /*!< SCB 
 847:../../Drivers/CMSIS/Include/core_cm7.h **** #define SCB_ITCMCR_EN_Msk                  (1UL /*<< SCB_ITCMCR_EN_Pos*/)                 /*!< SCB 
 848:../../Drivers/CMSIS/Include/core_cm7.h **** 
 849:../../Drivers/CMSIS/Include/core_cm7.h **** /* Data Tightly-Coupled Memory Control Register Definitions */
 850:../../Drivers/CMSIS/Include/core_cm7.h **** #define SCB_DTCMCR_SZ_Pos                   3U                                            /*!< SCB 
 851:../../Drivers/CMSIS/Include/core_cm7.h **** #define SCB_DTCMCR_SZ_Msk                  (0xFUL << SCB_DTCMCR_SZ_Pos)                   /*!< SCB 
 852:../../Drivers/CMSIS/Include/core_cm7.h **** 
 853:../../Drivers/CMSIS/Include/core_cm7.h **** #define SCB_DTCMCR_RETEN_Pos                2U                                            /*!< SCB 
 854:../../Drivers/CMSIS/Include/core_cm7.h **** #define SCB_DTCMCR_RETEN_Msk               (1UL << SCB_DTCMCR_RETEN_Pos)                   /*!< SCB
 855:../../Drivers/CMSIS/Include/core_cm7.h **** 
 856:../../Drivers/CMSIS/Include/core_cm7.h **** #define SCB_DTCMCR_RMW_Pos                  1U                                            /*!< SCB 
 857:../../Drivers/CMSIS/Include/core_cm7.h **** #define SCB_DTCMCR_RMW_Msk                 (1UL << SCB_DTCMCR_RMW_Pos)                    /*!< SCB 
 858:../../Drivers/CMSIS/Include/core_cm7.h **** 
 859:../../Drivers/CMSIS/Include/core_cm7.h **** #define SCB_DTCMCR_EN_Pos                   0U                                            /*!< SCB 
 860:../../Drivers/CMSIS/Include/core_cm7.h **** #define SCB_DTCMCR_EN_Msk                  (1UL /*<< SCB_DTCMCR_EN_Pos*/)                 /*!< SCB 
 861:../../Drivers/CMSIS/Include/core_cm7.h **** 
ARM GAS  /var/folders/2r/mdtt8xvd351gdc398t28_m2m0000gn/T//cc7M34vh.s 			page 92


 862:../../Drivers/CMSIS/Include/core_cm7.h **** /* AHBP Control Register Definitions */
 863:../../Drivers/CMSIS/Include/core_cm7.h **** #define SCB_AHBPCR_SZ_Pos                   1U                                            /*!< SCB 
 864:../../Drivers/CMSIS/Include/core_cm7.h **** #define SCB_AHBPCR_SZ_Msk                  (7UL << SCB_AHBPCR_SZ_Pos)                     /*!< SCB 
 865:../../Drivers/CMSIS/Include/core_cm7.h **** 
 866:../../Drivers/CMSIS/Include/core_cm7.h **** #define SCB_AHBPCR_EN_Pos                   0U                                            /*!< SCB 
 867:../../Drivers/CMSIS/Include/core_cm7.h **** #define SCB_AHBPCR_EN_Msk                  (1UL /*<< SCB_AHBPCR_EN_Pos*/)                 /*!< SCB 
 868:../../Drivers/CMSIS/Include/core_cm7.h **** 
 869:../../Drivers/CMSIS/Include/core_cm7.h **** /* L1 Cache Control Register Definitions */
 870:../../Drivers/CMSIS/Include/core_cm7.h **** #define SCB_CACR_FORCEWT_Pos                2U                                            /*!< SCB 
 871:../../Drivers/CMSIS/Include/core_cm7.h **** #define SCB_CACR_FORCEWT_Msk               (1UL << SCB_CACR_FORCEWT_Pos)                  /*!< SCB 
 872:../../Drivers/CMSIS/Include/core_cm7.h **** 
 873:../../Drivers/CMSIS/Include/core_cm7.h **** #define SCB_CACR_ECCEN_Pos                  1U                                            /*!< SCB 
 874:../../Drivers/CMSIS/Include/core_cm7.h **** #define SCB_CACR_ECCEN_Msk                 (1UL << SCB_CACR_ECCEN_Pos)                    /*!< SCB 
 875:../../Drivers/CMSIS/Include/core_cm7.h **** 
 876:../../Drivers/CMSIS/Include/core_cm7.h **** #define SCB_CACR_SIWT_Pos                   0U                                            /*!< SCB 
 877:../../Drivers/CMSIS/Include/core_cm7.h **** #define SCB_CACR_SIWT_Msk                  (1UL /*<< SCB_CACR_SIWT_Pos*/)                 /*!< SCB 
 878:../../Drivers/CMSIS/Include/core_cm7.h **** 
 879:../../Drivers/CMSIS/Include/core_cm7.h **** /* AHBS Control Register Definitions */
 880:../../Drivers/CMSIS/Include/core_cm7.h **** #define SCB_AHBSCR_INITCOUNT_Pos           11U                                            /*!< SCB 
 881:../../Drivers/CMSIS/Include/core_cm7.h **** #define SCB_AHBSCR_INITCOUNT_Msk           (0x1FUL << SCB_AHBPCR_INITCOUNT_Pos)           /*!< SCB 
 882:../../Drivers/CMSIS/Include/core_cm7.h **** 
 883:../../Drivers/CMSIS/Include/core_cm7.h **** #define SCB_AHBSCR_TPRI_Pos                 2U                                            /*!< SCB 
 884:../../Drivers/CMSIS/Include/core_cm7.h **** #define SCB_AHBSCR_TPRI_Msk                (0x1FFUL << SCB_AHBPCR_TPRI_Pos)               /*!< SCB 
 885:../../Drivers/CMSIS/Include/core_cm7.h **** 
 886:../../Drivers/CMSIS/Include/core_cm7.h **** #define SCB_AHBSCR_CTL_Pos                  0U                                            /*!< SCB 
 887:../../Drivers/CMSIS/Include/core_cm7.h **** #define SCB_AHBSCR_CTL_Msk                 (3UL /*<< SCB_AHBPCR_CTL_Pos*/)                /*!< SCB 
 888:../../Drivers/CMSIS/Include/core_cm7.h **** 
 889:../../Drivers/CMSIS/Include/core_cm7.h **** /* Auxiliary Bus Fault Status Register Definitions */
 890:../../Drivers/CMSIS/Include/core_cm7.h **** #define SCB_ABFSR_AXIMTYPE_Pos              8U                                            /*!< SCB 
 891:../../Drivers/CMSIS/Include/core_cm7.h **** #define SCB_ABFSR_AXIMTYPE_Msk             (3UL << SCB_ABFSR_AXIMTYPE_Pos)                /*!< SCB 
 892:../../Drivers/CMSIS/Include/core_cm7.h **** 
 893:../../Drivers/CMSIS/Include/core_cm7.h **** #define SCB_ABFSR_EPPB_Pos                  4U                                            /*!< SCB 
 894:../../Drivers/CMSIS/Include/core_cm7.h **** #define SCB_ABFSR_EPPB_Msk                 (1UL << SCB_ABFSR_EPPB_Pos)                    /*!< SCB 
 895:../../Drivers/CMSIS/Include/core_cm7.h **** 
 896:../../Drivers/CMSIS/Include/core_cm7.h **** #define SCB_ABFSR_AXIM_Pos                  3U                                            /*!< SCB 
 897:../../Drivers/CMSIS/Include/core_cm7.h **** #define SCB_ABFSR_AXIM_Msk                 (1UL << SCB_ABFSR_AXIM_Pos)                    /*!< SCB 
 898:../../Drivers/CMSIS/Include/core_cm7.h **** 
 899:../../Drivers/CMSIS/Include/core_cm7.h **** #define SCB_ABFSR_AHBP_Pos                  2U                                            /*!< SCB 
 900:../../Drivers/CMSIS/Include/core_cm7.h **** #define SCB_ABFSR_AHBP_Msk                 (1UL << SCB_ABFSR_AHBP_Pos)                    /*!< SCB 
 901:../../Drivers/CMSIS/Include/core_cm7.h **** 
 902:../../Drivers/CMSIS/Include/core_cm7.h **** #define SCB_ABFSR_DTCM_Pos                  1U                                            /*!< SCB 
 903:../../Drivers/CMSIS/Include/core_cm7.h **** #define SCB_ABFSR_DTCM_Msk                 (1UL << SCB_ABFSR_DTCM_Pos)                    /*!< SCB 
 904:../../Drivers/CMSIS/Include/core_cm7.h **** 
 905:../../Drivers/CMSIS/Include/core_cm7.h **** #define SCB_ABFSR_ITCM_Pos                  0U                                            /*!< SCB 
 906:../../Drivers/CMSIS/Include/core_cm7.h **** #define SCB_ABFSR_ITCM_Msk                 (1UL /*<< SCB_ABFSR_ITCM_Pos*/)                /*!< SCB 
 907:../../Drivers/CMSIS/Include/core_cm7.h **** 
 908:../../Drivers/CMSIS/Include/core_cm7.h **** /*@} end of group CMSIS_SCB */
 909:../../Drivers/CMSIS/Include/core_cm7.h **** 
 910:../../Drivers/CMSIS/Include/core_cm7.h **** 
 911:../../Drivers/CMSIS/Include/core_cm7.h **** /**
 912:../../Drivers/CMSIS/Include/core_cm7.h ****   \ingroup  CMSIS_core_register
 913:../../Drivers/CMSIS/Include/core_cm7.h ****   \defgroup CMSIS_SCnSCB System Controls not in SCB (SCnSCB)
 914:../../Drivers/CMSIS/Include/core_cm7.h ****   \brief    Type definitions for the System Control and ID Register not in the SCB
 915:../../Drivers/CMSIS/Include/core_cm7.h ****   @{
 916:../../Drivers/CMSIS/Include/core_cm7.h ****  */
 917:../../Drivers/CMSIS/Include/core_cm7.h **** 
 918:../../Drivers/CMSIS/Include/core_cm7.h **** /**
ARM GAS  /var/folders/2r/mdtt8xvd351gdc398t28_m2m0000gn/T//cc7M34vh.s 			page 93


 919:../../Drivers/CMSIS/Include/core_cm7.h ****   \brief  Structure type to access the System Control and ID Register not in the SCB.
 920:../../Drivers/CMSIS/Include/core_cm7.h ****  */
 921:../../Drivers/CMSIS/Include/core_cm7.h **** typedef struct
 922:../../Drivers/CMSIS/Include/core_cm7.h **** {
 923:../../Drivers/CMSIS/Include/core_cm7.h ****         uint32_t RESERVED0[1U];
 924:../../Drivers/CMSIS/Include/core_cm7.h ****   __IM  uint32_t ICTR;                   /*!< Offset: 0x004 (R/ )  Interrupt Controller Type Regist
 925:../../Drivers/CMSIS/Include/core_cm7.h ****   __IOM uint32_t ACTLR;                  /*!< Offset: 0x008 (R/W)  Auxiliary Control Register */
 926:../../Drivers/CMSIS/Include/core_cm7.h **** } SCnSCB_Type;
 927:../../Drivers/CMSIS/Include/core_cm7.h **** 
 928:../../Drivers/CMSIS/Include/core_cm7.h **** /* Interrupt Controller Type Register Definitions */
 929:../../Drivers/CMSIS/Include/core_cm7.h **** #define SCnSCB_ICTR_INTLINESNUM_Pos         0U                                         /*!< ICTR: I
 930:../../Drivers/CMSIS/Include/core_cm7.h **** #define SCnSCB_ICTR_INTLINESNUM_Msk        (0xFUL /*<< SCnSCB_ICTR_INTLINESNUM_Pos*/)  /*!< ICTR: I
 931:../../Drivers/CMSIS/Include/core_cm7.h **** 
 932:../../Drivers/CMSIS/Include/core_cm7.h **** /* Auxiliary Control Register Definitions */
 933:../../Drivers/CMSIS/Include/core_cm7.h **** #define SCnSCB_ACTLR_DISDYNADD_Pos         26U                                         /*!< ACTLR: 
 934:../../Drivers/CMSIS/Include/core_cm7.h **** #define SCnSCB_ACTLR_DISDYNADD_Msk         (1UL << SCnSCB_ACTLR_DISDYNADD_Pos)         /*!< ACTLR: 
 935:../../Drivers/CMSIS/Include/core_cm7.h **** 
 936:../../Drivers/CMSIS/Include/core_cm7.h **** #define SCnSCB_ACTLR_DISISSCH1_Pos         21U                                         /*!< ACTLR: 
 937:../../Drivers/CMSIS/Include/core_cm7.h **** #define SCnSCB_ACTLR_DISISSCH1_Msk         (0x1FUL << SCnSCB_ACTLR_DISISSCH1_Pos)      /*!< ACTLR: 
 938:../../Drivers/CMSIS/Include/core_cm7.h **** 
 939:../../Drivers/CMSIS/Include/core_cm7.h **** #define SCnSCB_ACTLR_DISDI_Pos             16U                                         /*!< ACTLR: 
 940:../../Drivers/CMSIS/Include/core_cm7.h **** #define SCnSCB_ACTLR_DISDI_Msk             (0x1FUL << SCnSCB_ACTLR_DISDI_Pos)          /*!< ACTLR: 
 941:../../Drivers/CMSIS/Include/core_cm7.h **** 
 942:../../Drivers/CMSIS/Include/core_cm7.h **** #define SCnSCB_ACTLR_DISCRITAXIRUR_Pos     15U                                         /*!< ACTLR: 
 943:../../Drivers/CMSIS/Include/core_cm7.h **** #define SCnSCB_ACTLR_DISCRITAXIRUR_Msk     (1UL << SCnSCB_ACTLR_DISCRITAXIRUR_Pos)     /*!< ACTLR: 
 944:../../Drivers/CMSIS/Include/core_cm7.h **** 
 945:../../Drivers/CMSIS/Include/core_cm7.h **** #define SCnSCB_ACTLR_DISBTACALLOC_Pos      14U                                         /*!< ACTLR: 
 946:../../Drivers/CMSIS/Include/core_cm7.h **** #define SCnSCB_ACTLR_DISBTACALLOC_Msk      (1UL << SCnSCB_ACTLR_DISBTACALLOC_Pos)      /*!< ACTLR: 
 947:../../Drivers/CMSIS/Include/core_cm7.h **** 
 948:../../Drivers/CMSIS/Include/core_cm7.h **** #define SCnSCB_ACTLR_DISBTACREAD_Pos       13U                                         /*!< ACTLR: 
 949:../../Drivers/CMSIS/Include/core_cm7.h **** #define SCnSCB_ACTLR_DISBTACREAD_Msk       (1UL << SCnSCB_ACTLR_DISBTACREAD_Pos)       /*!< ACTLR: 
 950:../../Drivers/CMSIS/Include/core_cm7.h **** 
 951:../../Drivers/CMSIS/Include/core_cm7.h **** #define SCnSCB_ACTLR_DISITMATBFLUSH_Pos    12U                                         /*!< ACTLR: 
 952:../../Drivers/CMSIS/Include/core_cm7.h **** #define SCnSCB_ACTLR_DISITMATBFLUSH_Msk    (1UL << SCnSCB_ACTLR_DISITMATBFLUSH_Pos)    /*!< ACTLR: 
 953:../../Drivers/CMSIS/Include/core_cm7.h **** 
 954:../../Drivers/CMSIS/Include/core_cm7.h **** #define SCnSCB_ACTLR_DISRAMODE_Pos         11U                                         /*!< ACTLR: 
 955:../../Drivers/CMSIS/Include/core_cm7.h **** #define SCnSCB_ACTLR_DISRAMODE_Msk         (1UL << SCnSCB_ACTLR_DISRAMODE_Pos)         /*!< ACTLR: 
 956:../../Drivers/CMSIS/Include/core_cm7.h **** 
 957:../../Drivers/CMSIS/Include/core_cm7.h **** #define SCnSCB_ACTLR_FPEXCODIS_Pos         10U                                         /*!< ACTLR: 
 958:../../Drivers/CMSIS/Include/core_cm7.h **** #define SCnSCB_ACTLR_FPEXCODIS_Msk         (1UL << SCnSCB_ACTLR_FPEXCODIS_Pos)         /*!< ACTLR: 
 959:../../Drivers/CMSIS/Include/core_cm7.h **** 
 960:../../Drivers/CMSIS/Include/core_cm7.h **** #define SCnSCB_ACTLR_DISFOLD_Pos            2U                                         /*!< ACTLR: 
 961:../../Drivers/CMSIS/Include/core_cm7.h **** #define SCnSCB_ACTLR_DISFOLD_Msk           (1UL << SCnSCB_ACTLR_DISFOLD_Pos)           /*!< ACTLR: 
 962:../../Drivers/CMSIS/Include/core_cm7.h **** 
 963:../../Drivers/CMSIS/Include/core_cm7.h **** #define SCnSCB_ACTLR_DISMCYCINT_Pos         0U                                         /*!< ACTLR: 
 964:../../Drivers/CMSIS/Include/core_cm7.h **** #define SCnSCB_ACTLR_DISMCYCINT_Msk        (1UL /*<< SCnSCB_ACTLR_DISMCYCINT_Pos*/)    /*!< ACTLR: 
 965:../../Drivers/CMSIS/Include/core_cm7.h **** 
 966:../../Drivers/CMSIS/Include/core_cm7.h **** /*@} end of group CMSIS_SCnotSCB */
 967:../../Drivers/CMSIS/Include/core_cm7.h **** 
 968:../../Drivers/CMSIS/Include/core_cm7.h **** 
 969:../../Drivers/CMSIS/Include/core_cm7.h **** /**
 970:../../Drivers/CMSIS/Include/core_cm7.h ****   \ingroup  CMSIS_core_register
 971:../../Drivers/CMSIS/Include/core_cm7.h ****   \defgroup CMSIS_SysTick     System Tick Timer (SysTick)
 972:../../Drivers/CMSIS/Include/core_cm7.h ****   \brief    Type definitions for the System Timer Registers.
 973:../../Drivers/CMSIS/Include/core_cm7.h ****   @{
 974:../../Drivers/CMSIS/Include/core_cm7.h ****  */
 975:../../Drivers/CMSIS/Include/core_cm7.h **** 
ARM GAS  /var/folders/2r/mdtt8xvd351gdc398t28_m2m0000gn/T//cc7M34vh.s 			page 94


 976:../../Drivers/CMSIS/Include/core_cm7.h **** /**
 977:../../Drivers/CMSIS/Include/core_cm7.h ****   \brief  Structure type to access the System Timer (SysTick).
 978:../../Drivers/CMSIS/Include/core_cm7.h ****  */
 979:../../Drivers/CMSIS/Include/core_cm7.h **** typedef struct
 980:../../Drivers/CMSIS/Include/core_cm7.h **** {
 981:../../Drivers/CMSIS/Include/core_cm7.h ****   __IOM uint32_t CTRL;                   /*!< Offset: 0x000 (R/W)  SysTick Control and Status Regis
 982:../../Drivers/CMSIS/Include/core_cm7.h ****   __IOM uint32_t LOAD;                   /*!< Offset: 0x004 (R/W)  SysTick Reload Value Register */
 983:../../Drivers/CMSIS/Include/core_cm7.h ****   __IOM uint32_t VAL;                    /*!< Offset: 0x008 (R/W)  SysTick Current Value Register *
 984:../../Drivers/CMSIS/Include/core_cm7.h ****   __IM  uint32_t CALIB;                  /*!< Offset: 0x00C (R/ )  SysTick Calibration Register */
 985:../../Drivers/CMSIS/Include/core_cm7.h **** } SysTick_Type;
 986:../../Drivers/CMSIS/Include/core_cm7.h **** 
 987:../../Drivers/CMSIS/Include/core_cm7.h **** /* SysTick Control / Status Register Definitions */
 988:../../Drivers/CMSIS/Include/core_cm7.h **** #define SysTick_CTRL_COUNTFLAG_Pos         16U                                            /*!< SysT
 989:../../Drivers/CMSIS/Include/core_cm7.h **** #define SysTick_CTRL_COUNTFLAG_Msk         (1UL << SysTick_CTRL_COUNTFLAG_Pos)            /*!< SysT
 990:../../Drivers/CMSIS/Include/core_cm7.h **** 
 991:../../Drivers/CMSIS/Include/core_cm7.h **** #define SysTick_CTRL_CLKSOURCE_Pos          2U                                            /*!< SysT
 992:../../Drivers/CMSIS/Include/core_cm7.h **** #define SysTick_CTRL_CLKSOURCE_Msk         (1UL << SysTick_CTRL_CLKSOURCE_Pos)            /*!< SysT
 993:../../Drivers/CMSIS/Include/core_cm7.h **** 
 994:../../Drivers/CMSIS/Include/core_cm7.h **** #define SysTick_CTRL_TICKINT_Pos            1U                                            /*!< SysT
 995:../../Drivers/CMSIS/Include/core_cm7.h **** #define SysTick_CTRL_TICKINT_Msk           (1UL << SysTick_CTRL_TICKINT_Pos)              /*!< SysT
 996:../../Drivers/CMSIS/Include/core_cm7.h **** 
 997:../../Drivers/CMSIS/Include/core_cm7.h **** #define SysTick_CTRL_ENABLE_Pos             0U                                            /*!< SysT
 998:../../Drivers/CMSIS/Include/core_cm7.h **** #define SysTick_CTRL_ENABLE_Msk            (1UL /*<< SysTick_CTRL_ENABLE_Pos*/)           /*!< SysT
 999:../../Drivers/CMSIS/Include/core_cm7.h **** 
1000:../../Drivers/CMSIS/Include/core_cm7.h **** /* SysTick Reload Register Definitions */
1001:../../Drivers/CMSIS/Include/core_cm7.h **** #define SysTick_LOAD_RELOAD_Pos             0U                                            /*!< SysT
1002:../../Drivers/CMSIS/Include/core_cm7.h **** #define SysTick_LOAD_RELOAD_Msk            (0xFFFFFFUL /*<< SysTick_LOAD_RELOAD_Pos*/)    /*!< SysT
1003:../../Drivers/CMSIS/Include/core_cm7.h **** 
1004:../../Drivers/CMSIS/Include/core_cm7.h **** /* SysTick Current Register Definitions */
1005:../../Drivers/CMSIS/Include/core_cm7.h **** #define SysTick_VAL_CURRENT_Pos             0U                                            /*!< SysT
1006:../../Drivers/CMSIS/Include/core_cm7.h **** #define SysTick_VAL_CURRENT_Msk            (0xFFFFFFUL /*<< SysTick_VAL_CURRENT_Pos*/)    /*!< SysT
1007:../../Drivers/CMSIS/Include/core_cm7.h **** 
1008:../../Drivers/CMSIS/Include/core_cm7.h **** /* SysTick Calibration Register Definitions */
1009:../../Drivers/CMSIS/Include/core_cm7.h **** #define SysTick_CALIB_NOREF_Pos            31U                                            /*!< SysT
1010:../../Drivers/CMSIS/Include/core_cm7.h **** #define SysTick_CALIB_NOREF_Msk            (1UL << SysTick_CALIB_NOREF_Pos)               /*!< SysT
1011:../../Drivers/CMSIS/Include/core_cm7.h **** 
1012:../../Drivers/CMSIS/Include/core_cm7.h **** #define SysTick_CALIB_SKEW_Pos             30U                                            /*!< SysT
1013:../../Drivers/CMSIS/Include/core_cm7.h **** #define SysTick_CALIB_SKEW_Msk             (1UL << SysTick_CALIB_SKEW_Pos)                /*!< SysT
1014:../../Drivers/CMSIS/Include/core_cm7.h **** 
1015:../../Drivers/CMSIS/Include/core_cm7.h **** #define SysTick_CALIB_TENMS_Pos             0U                                            /*!< SysT
1016:../../Drivers/CMSIS/Include/core_cm7.h **** #define SysTick_CALIB_TENMS_Msk            (0xFFFFFFUL /*<< SysTick_CALIB_TENMS_Pos*/)    /*!< SysT
1017:../../Drivers/CMSIS/Include/core_cm7.h **** 
1018:../../Drivers/CMSIS/Include/core_cm7.h **** /*@} end of group CMSIS_SysTick */
1019:../../Drivers/CMSIS/Include/core_cm7.h **** 
1020:../../Drivers/CMSIS/Include/core_cm7.h **** 
1021:../../Drivers/CMSIS/Include/core_cm7.h **** /**
1022:../../Drivers/CMSIS/Include/core_cm7.h ****   \ingroup  CMSIS_core_register
1023:../../Drivers/CMSIS/Include/core_cm7.h ****   \defgroup CMSIS_ITM     Instrumentation Trace Macrocell (ITM)
1024:../../Drivers/CMSIS/Include/core_cm7.h ****   \brief    Type definitions for the Instrumentation Trace Macrocell (ITM)
1025:../../Drivers/CMSIS/Include/core_cm7.h ****   @{
1026:../../Drivers/CMSIS/Include/core_cm7.h ****  */
1027:../../Drivers/CMSIS/Include/core_cm7.h **** 
1028:../../Drivers/CMSIS/Include/core_cm7.h **** /**
1029:../../Drivers/CMSIS/Include/core_cm7.h ****   \brief  Structure type to access the Instrumentation Trace Macrocell Register (ITM).
1030:../../Drivers/CMSIS/Include/core_cm7.h ****  */
1031:../../Drivers/CMSIS/Include/core_cm7.h **** typedef struct
1032:../../Drivers/CMSIS/Include/core_cm7.h **** {
ARM GAS  /var/folders/2r/mdtt8xvd351gdc398t28_m2m0000gn/T//cc7M34vh.s 			page 95


1033:../../Drivers/CMSIS/Include/core_cm7.h ****   __OM  union
1034:../../Drivers/CMSIS/Include/core_cm7.h ****   {
1035:../../Drivers/CMSIS/Include/core_cm7.h ****     __OM  uint8_t    u8;                 /*!< Offset: 0x000 ( /W)  ITM Stimulus Port 8-bit */
1036:../../Drivers/CMSIS/Include/core_cm7.h ****     __OM  uint16_t   u16;                /*!< Offset: 0x000 ( /W)  ITM Stimulus Port 16-bit */
1037:../../Drivers/CMSIS/Include/core_cm7.h ****     __OM  uint32_t   u32;                /*!< Offset: 0x000 ( /W)  ITM Stimulus Port 32-bit */
1038:../../Drivers/CMSIS/Include/core_cm7.h ****   }  PORT [32U];                         /*!< Offset: 0x000 ( /W)  ITM Stimulus Port Registers */
1039:../../Drivers/CMSIS/Include/core_cm7.h ****         uint32_t RESERVED0[864U];
1040:../../Drivers/CMSIS/Include/core_cm7.h ****   __IOM uint32_t TER;                    /*!< Offset: 0xE00 (R/W)  ITM Trace Enable Register */
1041:../../Drivers/CMSIS/Include/core_cm7.h ****         uint32_t RESERVED1[15U];
1042:../../Drivers/CMSIS/Include/core_cm7.h ****   __IOM uint32_t TPR;                    /*!< Offset: 0xE40 (R/W)  ITM Trace Privilege Register */
1043:../../Drivers/CMSIS/Include/core_cm7.h ****         uint32_t RESERVED2[15U];
1044:../../Drivers/CMSIS/Include/core_cm7.h ****   __IOM uint32_t TCR;                    /*!< Offset: 0xE80 (R/W)  ITM Trace Control Register */
1045:../../Drivers/CMSIS/Include/core_cm7.h ****         uint32_t RESERVED3[32U];
1046:../../Drivers/CMSIS/Include/core_cm7.h ****         uint32_t RESERVED4[43U];
1047:../../Drivers/CMSIS/Include/core_cm7.h ****   __OM  uint32_t LAR;                    /*!< Offset: 0xFB0 ( /W)  ITM Lock Access Register */
1048:../../Drivers/CMSIS/Include/core_cm7.h ****   __IM  uint32_t LSR;                    /*!< Offset: 0xFB4 (R/ )  ITM Lock Status Register */
1049:../../Drivers/CMSIS/Include/core_cm7.h ****         uint32_t RESERVED5[6U];
1050:../../Drivers/CMSIS/Include/core_cm7.h ****   __IM  uint32_t PID4;                   /*!< Offset: 0xFD0 (R/ )  ITM Peripheral Identification Re
1051:../../Drivers/CMSIS/Include/core_cm7.h ****   __IM  uint32_t PID5;                   /*!< Offset: 0xFD4 (R/ )  ITM Peripheral Identification Re
1052:../../Drivers/CMSIS/Include/core_cm7.h ****   __IM  uint32_t PID6;                   /*!< Offset: 0xFD8 (R/ )  ITM Peripheral Identification Re
1053:../../Drivers/CMSIS/Include/core_cm7.h ****   __IM  uint32_t PID7;                   /*!< Offset: 0xFDC (R/ )  ITM Peripheral Identification Re
1054:../../Drivers/CMSIS/Include/core_cm7.h ****   __IM  uint32_t PID0;                   /*!< Offset: 0xFE0 (R/ )  ITM Peripheral Identification Re
1055:../../Drivers/CMSIS/Include/core_cm7.h ****   __IM  uint32_t PID1;                   /*!< Offset: 0xFE4 (R/ )  ITM Peripheral Identification Re
1056:../../Drivers/CMSIS/Include/core_cm7.h ****   __IM  uint32_t PID2;                   /*!< Offset: 0xFE8 (R/ )  ITM Peripheral Identification Re
1057:../../Drivers/CMSIS/Include/core_cm7.h ****   __IM  uint32_t PID3;                   /*!< Offset: 0xFEC (R/ )  ITM Peripheral Identification Re
1058:../../Drivers/CMSIS/Include/core_cm7.h ****   __IM  uint32_t CID0;                   /*!< Offset: 0xFF0 (R/ )  ITM Component  Identification Re
1059:../../Drivers/CMSIS/Include/core_cm7.h ****   __IM  uint32_t CID1;                   /*!< Offset: 0xFF4 (R/ )  ITM Component  Identification Re
1060:../../Drivers/CMSIS/Include/core_cm7.h ****   __IM  uint32_t CID2;                   /*!< Offset: 0xFF8 (R/ )  ITM Component  Identification Re
1061:../../Drivers/CMSIS/Include/core_cm7.h ****   __IM  uint32_t CID3;                   /*!< Offset: 0xFFC (R/ )  ITM Component  Identification Re
1062:../../Drivers/CMSIS/Include/core_cm7.h **** } ITM_Type;
1063:../../Drivers/CMSIS/Include/core_cm7.h **** 
1064:../../Drivers/CMSIS/Include/core_cm7.h **** /* ITM Trace Privilege Register Definitions */
1065:../../Drivers/CMSIS/Include/core_cm7.h **** #define ITM_TPR_PRIVMASK_Pos                0U                                            /*!< ITM 
1066:../../Drivers/CMSIS/Include/core_cm7.h **** #define ITM_TPR_PRIVMASK_Msk               (0xFFFFFFFFUL /*<< ITM_TPR_PRIVMASK_Pos*/)     /*!< ITM 
1067:../../Drivers/CMSIS/Include/core_cm7.h **** 
1068:../../Drivers/CMSIS/Include/core_cm7.h **** /* ITM Trace Control Register Definitions */
1069:../../Drivers/CMSIS/Include/core_cm7.h **** #define ITM_TCR_BUSY_Pos                   23U                                            /*!< ITM 
1070:../../Drivers/CMSIS/Include/core_cm7.h **** #define ITM_TCR_BUSY_Msk                   (1UL << ITM_TCR_BUSY_Pos)                      /*!< ITM 
1071:../../Drivers/CMSIS/Include/core_cm7.h **** 
1072:../../Drivers/CMSIS/Include/core_cm7.h **** #define ITM_TCR_TraceBusID_Pos             16U                                            /*!< ITM 
1073:../../Drivers/CMSIS/Include/core_cm7.h **** #define ITM_TCR_TraceBusID_Msk             (0x7FUL << ITM_TCR_TraceBusID_Pos)             /*!< ITM 
1074:../../Drivers/CMSIS/Include/core_cm7.h **** 
1075:../../Drivers/CMSIS/Include/core_cm7.h **** #define ITM_TCR_GTSFREQ_Pos                10U                                            /*!< ITM 
1076:../../Drivers/CMSIS/Include/core_cm7.h **** #define ITM_TCR_GTSFREQ_Msk                (3UL << ITM_TCR_GTSFREQ_Pos)                   /*!< ITM 
1077:../../Drivers/CMSIS/Include/core_cm7.h **** 
1078:../../Drivers/CMSIS/Include/core_cm7.h **** #define ITM_TCR_TSPrescale_Pos              8U                                            /*!< ITM 
1079:../../Drivers/CMSIS/Include/core_cm7.h **** #define ITM_TCR_TSPrescale_Msk             (3UL << ITM_TCR_TSPrescale_Pos)                /*!< ITM 
1080:../../Drivers/CMSIS/Include/core_cm7.h **** 
1081:../../Drivers/CMSIS/Include/core_cm7.h **** #define ITM_TCR_SWOENA_Pos                  4U                                            /*!< ITM 
1082:../../Drivers/CMSIS/Include/core_cm7.h **** #define ITM_TCR_SWOENA_Msk                 (1UL << ITM_TCR_SWOENA_Pos)                    /*!< ITM 
1083:../../Drivers/CMSIS/Include/core_cm7.h **** 
1084:../../Drivers/CMSIS/Include/core_cm7.h **** #define ITM_TCR_DWTENA_Pos                  3U                                            /*!< ITM 
1085:../../Drivers/CMSIS/Include/core_cm7.h **** #define ITM_TCR_DWTENA_Msk                 (1UL << ITM_TCR_DWTENA_Pos)                    /*!< ITM 
1086:../../Drivers/CMSIS/Include/core_cm7.h **** 
1087:../../Drivers/CMSIS/Include/core_cm7.h **** #define ITM_TCR_SYNCENA_Pos                 2U                                            /*!< ITM 
1088:../../Drivers/CMSIS/Include/core_cm7.h **** #define ITM_TCR_SYNCENA_Msk                (1UL << ITM_TCR_SYNCENA_Pos)                   /*!< ITM 
1089:../../Drivers/CMSIS/Include/core_cm7.h **** 
ARM GAS  /var/folders/2r/mdtt8xvd351gdc398t28_m2m0000gn/T//cc7M34vh.s 			page 96


1090:../../Drivers/CMSIS/Include/core_cm7.h **** #define ITM_TCR_TSENA_Pos                   1U                                            /*!< ITM 
1091:../../Drivers/CMSIS/Include/core_cm7.h **** #define ITM_TCR_TSENA_Msk                  (1UL << ITM_TCR_TSENA_Pos)                     /*!< ITM 
1092:../../Drivers/CMSIS/Include/core_cm7.h **** 
1093:../../Drivers/CMSIS/Include/core_cm7.h **** #define ITM_TCR_ITMENA_Pos                  0U                                            /*!< ITM 
1094:../../Drivers/CMSIS/Include/core_cm7.h **** #define ITM_TCR_ITMENA_Msk                 (1UL /*<< ITM_TCR_ITMENA_Pos*/)                /*!< ITM 
1095:../../Drivers/CMSIS/Include/core_cm7.h **** 
1096:../../Drivers/CMSIS/Include/core_cm7.h **** /* ITM Lock Status Register Definitions */
1097:../../Drivers/CMSIS/Include/core_cm7.h **** #define ITM_LSR_ByteAcc_Pos                 2U                                            /*!< ITM 
1098:../../Drivers/CMSIS/Include/core_cm7.h **** #define ITM_LSR_ByteAcc_Msk                (1UL << ITM_LSR_ByteAcc_Pos)                   /*!< ITM 
1099:../../Drivers/CMSIS/Include/core_cm7.h **** 
1100:../../Drivers/CMSIS/Include/core_cm7.h **** #define ITM_LSR_Access_Pos                  1U                                            /*!< ITM 
1101:../../Drivers/CMSIS/Include/core_cm7.h **** #define ITM_LSR_Access_Msk                 (1UL << ITM_LSR_Access_Pos)                    /*!< ITM 
1102:../../Drivers/CMSIS/Include/core_cm7.h **** 
1103:../../Drivers/CMSIS/Include/core_cm7.h **** #define ITM_LSR_Present_Pos                 0U                                            /*!< ITM 
1104:../../Drivers/CMSIS/Include/core_cm7.h **** #define ITM_LSR_Present_Msk                (1UL /*<< ITM_LSR_Present_Pos*/)               /*!< ITM 
1105:../../Drivers/CMSIS/Include/core_cm7.h **** 
1106:../../Drivers/CMSIS/Include/core_cm7.h **** /*@}*/ /* end of group CMSIS_ITM */
1107:../../Drivers/CMSIS/Include/core_cm7.h **** 
1108:../../Drivers/CMSIS/Include/core_cm7.h **** 
1109:../../Drivers/CMSIS/Include/core_cm7.h **** /**
1110:../../Drivers/CMSIS/Include/core_cm7.h ****   \ingroup  CMSIS_core_register
1111:../../Drivers/CMSIS/Include/core_cm7.h ****   \defgroup CMSIS_DWT     Data Watchpoint and Trace (DWT)
1112:../../Drivers/CMSIS/Include/core_cm7.h ****   \brief    Type definitions for the Data Watchpoint and Trace (DWT)
1113:../../Drivers/CMSIS/Include/core_cm7.h ****   @{
1114:../../Drivers/CMSIS/Include/core_cm7.h ****  */
1115:../../Drivers/CMSIS/Include/core_cm7.h **** 
1116:../../Drivers/CMSIS/Include/core_cm7.h **** /**
1117:../../Drivers/CMSIS/Include/core_cm7.h ****   \brief  Structure type to access the Data Watchpoint and Trace Register (DWT).
1118:../../Drivers/CMSIS/Include/core_cm7.h ****  */
1119:../../Drivers/CMSIS/Include/core_cm7.h **** typedef struct
1120:../../Drivers/CMSIS/Include/core_cm7.h **** {
1121:../../Drivers/CMSIS/Include/core_cm7.h ****   __IOM uint32_t CTRL;                   /*!< Offset: 0x000 (R/W)  Control Register */
1122:../../Drivers/CMSIS/Include/core_cm7.h ****   __IOM uint32_t CYCCNT;                 /*!< Offset: 0x004 (R/W)  Cycle Count Register */
1123:../../Drivers/CMSIS/Include/core_cm7.h ****   __IOM uint32_t CPICNT;                 /*!< Offset: 0x008 (R/W)  CPI Count Register */
1124:../../Drivers/CMSIS/Include/core_cm7.h ****   __IOM uint32_t EXCCNT;                 /*!< Offset: 0x00C (R/W)  Exception Overhead Count Registe
1125:../../Drivers/CMSIS/Include/core_cm7.h ****   __IOM uint32_t SLEEPCNT;               /*!< Offset: 0x010 (R/W)  Sleep Count Register */
1126:../../Drivers/CMSIS/Include/core_cm7.h ****   __IOM uint32_t LSUCNT;                 /*!< Offset: 0x014 (R/W)  LSU Count Register */
1127:../../Drivers/CMSIS/Include/core_cm7.h ****   __IOM uint32_t FOLDCNT;                /*!< Offset: 0x018 (R/W)  Folded-instruction Count Registe
1128:../../Drivers/CMSIS/Include/core_cm7.h ****   __IM  uint32_t PCSR;                   /*!< Offset: 0x01C (R/ )  Program Counter Sample Register 
1129:../../Drivers/CMSIS/Include/core_cm7.h ****   __IOM uint32_t COMP0;                  /*!< Offset: 0x020 (R/W)  Comparator Register 0 */
1130:../../Drivers/CMSIS/Include/core_cm7.h ****   __IOM uint32_t MASK0;                  /*!< Offset: 0x024 (R/W)  Mask Register 0 */
1131:../../Drivers/CMSIS/Include/core_cm7.h ****   __IOM uint32_t FUNCTION0;              /*!< Offset: 0x028 (R/W)  Function Register 0 */
1132:../../Drivers/CMSIS/Include/core_cm7.h ****         uint32_t RESERVED0[1U];
1133:../../Drivers/CMSIS/Include/core_cm7.h ****   __IOM uint32_t COMP1;                  /*!< Offset: 0x030 (R/W)  Comparator Register 1 */
1134:../../Drivers/CMSIS/Include/core_cm7.h ****   __IOM uint32_t MASK1;                  /*!< Offset: 0x034 (R/W)  Mask Register 1 */
1135:../../Drivers/CMSIS/Include/core_cm7.h ****   __IOM uint32_t FUNCTION1;              /*!< Offset: 0x038 (R/W)  Function Register 1 */
1136:../../Drivers/CMSIS/Include/core_cm7.h ****         uint32_t RESERVED1[1U];
1137:../../Drivers/CMSIS/Include/core_cm7.h ****   __IOM uint32_t COMP2;                  /*!< Offset: 0x040 (R/W)  Comparator Register 2 */
1138:../../Drivers/CMSIS/Include/core_cm7.h ****   __IOM uint32_t MASK2;                  /*!< Offset: 0x044 (R/W)  Mask Register 2 */
1139:../../Drivers/CMSIS/Include/core_cm7.h ****   __IOM uint32_t FUNCTION2;              /*!< Offset: 0x048 (R/W)  Function Register 2 */
1140:../../Drivers/CMSIS/Include/core_cm7.h ****         uint32_t RESERVED2[1U];
1141:../../Drivers/CMSIS/Include/core_cm7.h ****   __IOM uint32_t COMP3;                  /*!< Offset: 0x050 (R/W)  Comparator Register 3 */
1142:../../Drivers/CMSIS/Include/core_cm7.h ****   __IOM uint32_t MASK3;                  /*!< Offset: 0x054 (R/W)  Mask Register 3 */
1143:../../Drivers/CMSIS/Include/core_cm7.h ****   __IOM uint32_t FUNCTION3;              /*!< Offset: 0x058 (R/W)  Function Register 3 */
1144:../../Drivers/CMSIS/Include/core_cm7.h ****         uint32_t RESERVED3[981U];
1145:../../Drivers/CMSIS/Include/core_cm7.h ****   __OM  uint32_t LAR;                    /*!< Offset: 0xFB0 (  W)  Lock Access Register */
1146:../../Drivers/CMSIS/Include/core_cm7.h ****   __IM  uint32_t LSR;                    /*!< Offset: 0xFB4 (R  )  Lock Status Register */
ARM GAS  /var/folders/2r/mdtt8xvd351gdc398t28_m2m0000gn/T//cc7M34vh.s 			page 97


1147:../../Drivers/CMSIS/Include/core_cm7.h **** } DWT_Type;
1148:../../Drivers/CMSIS/Include/core_cm7.h **** 
1149:../../Drivers/CMSIS/Include/core_cm7.h **** /* DWT Control Register Definitions */
1150:../../Drivers/CMSIS/Include/core_cm7.h **** #define DWT_CTRL_NUMCOMP_Pos               28U                                         /*!< DWT CTR
1151:../../Drivers/CMSIS/Include/core_cm7.h **** #define DWT_CTRL_NUMCOMP_Msk               (0xFUL << DWT_CTRL_NUMCOMP_Pos)             /*!< DWT CTR
1152:../../Drivers/CMSIS/Include/core_cm7.h **** 
1153:../../Drivers/CMSIS/Include/core_cm7.h **** #define DWT_CTRL_NOTRCPKT_Pos              27U                                         /*!< DWT CTR
1154:../../Drivers/CMSIS/Include/core_cm7.h **** #define DWT_CTRL_NOTRCPKT_Msk              (0x1UL << DWT_CTRL_NOTRCPKT_Pos)            /*!< DWT CTR
1155:../../Drivers/CMSIS/Include/core_cm7.h **** 
1156:../../Drivers/CMSIS/Include/core_cm7.h **** #define DWT_CTRL_NOEXTTRIG_Pos             26U                                         /*!< DWT CTR
1157:../../Drivers/CMSIS/Include/core_cm7.h **** #define DWT_CTRL_NOEXTTRIG_Msk             (0x1UL << DWT_CTRL_NOEXTTRIG_Pos)           /*!< DWT CTR
1158:../../Drivers/CMSIS/Include/core_cm7.h **** 
1159:../../Drivers/CMSIS/Include/core_cm7.h **** #define DWT_CTRL_NOCYCCNT_Pos              25U                                         /*!< DWT CTR
1160:../../Drivers/CMSIS/Include/core_cm7.h **** #define DWT_CTRL_NOCYCCNT_Msk              (0x1UL << DWT_CTRL_NOCYCCNT_Pos)            /*!< DWT CTR
1161:../../Drivers/CMSIS/Include/core_cm7.h **** 
1162:../../Drivers/CMSIS/Include/core_cm7.h **** #define DWT_CTRL_NOPRFCNT_Pos              24U                                         /*!< DWT CTR
1163:../../Drivers/CMSIS/Include/core_cm7.h **** #define DWT_CTRL_NOPRFCNT_Msk              (0x1UL << DWT_CTRL_NOPRFCNT_Pos)            /*!< DWT CTR
1164:../../Drivers/CMSIS/Include/core_cm7.h **** 
1165:../../Drivers/CMSIS/Include/core_cm7.h **** #define DWT_CTRL_CYCEVTENA_Pos             22U                                         /*!< DWT CTR
1166:../../Drivers/CMSIS/Include/core_cm7.h **** #define DWT_CTRL_CYCEVTENA_Msk             (0x1UL << DWT_CTRL_CYCEVTENA_Pos)           /*!< DWT CTR
1167:../../Drivers/CMSIS/Include/core_cm7.h **** 
1168:../../Drivers/CMSIS/Include/core_cm7.h **** #define DWT_CTRL_FOLDEVTENA_Pos            21U                                         /*!< DWT CTR
1169:../../Drivers/CMSIS/Include/core_cm7.h **** #define DWT_CTRL_FOLDEVTENA_Msk            (0x1UL << DWT_CTRL_FOLDEVTENA_Pos)          /*!< DWT CTR
1170:../../Drivers/CMSIS/Include/core_cm7.h **** 
1171:../../Drivers/CMSIS/Include/core_cm7.h **** #define DWT_CTRL_LSUEVTENA_Pos             20U                                         /*!< DWT CTR
1172:../../Drivers/CMSIS/Include/core_cm7.h **** #define DWT_CTRL_LSUEVTENA_Msk             (0x1UL << DWT_CTRL_LSUEVTENA_Pos)           /*!< DWT CTR
1173:../../Drivers/CMSIS/Include/core_cm7.h **** 
1174:../../Drivers/CMSIS/Include/core_cm7.h **** #define DWT_CTRL_SLEEPEVTENA_Pos           19U                                         /*!< DWT CTR
1175:../../Drivers/CMSIS/Include/core_cm7.h **** #define DWT_CTRL_SLEEPEVTENA_Msk           (0x1UL << DWT_CTRL_SLEEPEVTENA_Pos)         /*!< DWT CTR
1176:../../Drivers/CMSIS/Include/core_cm7.h **** 
1177:../../Drivers/CMSIS/Include/core_cm7.h **** #define DWT_CTRL_EXCEVTENA_Pos             18U                                         /*!< DWT CTR
1178:../../Drivers/CMSIS/Include/core_cm7.h **** #define DWT_CTRL_EXCEVTENA_Msk             (0x1UL << DWT_CTRL_EXCEVTENA_Pos)           /*!< DWT CTR
1179:../../Drivers/CMSIS/Include/core_cm7.h **** 
1180:../../Drivers/CMSIS/Include/core_cm7.h **** #define DWT_CTRL_CPIEVTENA_Pos             17U                                         /*!< DWT CTR
1181:../../Drivers/CMSIS/Include/core_cm7.h **** #define DWT_CTRL_CPIEVTENA_Msk             (0x1UL << DWT_CTRL_CPIEVTENA_Pos)           /*!< DWT CTR
1182:../../Drivers/CMSIS/Include/core_cm7.h **** 
1183:../../Drivers/CMSIS/Include/core_cm7.h **** #define DWT_CTRL_EXCTRCENA_Pos             16U                                         /*!< DWT CTR
1184:../../Drivers/CMSIS/Include/core_cm7.h **** #define DWT_CTRL_EXCTRCENA_Msk             (0x1UL << DWT_CTRL_EXCTRCENA_Pos)           /*!< DWT CTR
1185:../../Drivers/CMSIS/Include/core_cm7.h **** 
1186:../../Drivers/CMSIS/Include/core_cm7.h **** #define DWT_CTRL_PCSAMPLENA_Pos            12U                                         /*!< DWT CTR
1187:../../Drivers/CMSIS/Include/core_cm7.h **** #define DWT_CTRL_PCSAMPLENA_Msk            (0x1UL << DWT_CTRL_PCSAMPLENA_Pos)          /*!< DWT CTR
1188:../../Drivers/CMSIS/Include/core_cm7.h **** 
1189:../../Drivers/CMSIS/Include/core_cm7.h **** #define DWT_CTRL_SYNCTAP_Pos               10U                                         /*!< DWT CTR
1190:../../Drivers/CMSIS/Include/core_cm7.h **** #define DWT_CTRL_SYNCTAP_Msk               (0x3UL << DWT_CTRL_SYNCTAP_Pos)             /*!< DWT CTR
1191:../../Drivers/CMSIS/Include/core_cm7.h **** 
1192:../../Drivers/CMSIS/Include/core_cm7.h **** #define DWT_CTRL_CYCTAP_Pos                 9U                                         /*!< DWT CTR
1193:../../Drivers/CMSIS/Include/core_cm7.h **** #define DWT_CTRL_CYCTAP_Msk                (0x1UL << DWT_CTRL_CYCTAP_Pos)              /*!< DWT CTR
1194:../../Drivers/CMSIS/Include/core_cm7.h **** 
1195:../../Drivers/CMSIS/Include/core_cm7.h **** #define DWT_CTRL_POSTINIT_Pos               5U                                         /*!< DWT CTR
1196:../../Drivers/CMSIS/Include/core_cm7.h **** #define DWT_CTRL_POSTINIT_Msk              (0xFUL << DWT_CTRL_POSTINIT_Pos)            /*!< DWT CTR
1197:../../Drivers/CMSIS/Include/core_cm7.h **** 
1198:../../Drivers/CMSIS/Include/core_cm7.h **** #define DWT_CTRL_POSTPRESET_Pos             1U                                         /*!< DWT CTR
1199:../../Drivers/CMSIS/Include/core_cm7.h **** #define DWT_CTRL_POSTPRESET_Msk            (0xFUL << DWT_CTRL_POSTPRESET_Pos)          /*!< DWT CTR
1200:../../Drivers/CMSIS/Include/core_cm7.h **** 
1201:../../Drivers/CMSIS/Include/core_cm7.h **** #define DWT_CTRL_CYCCNTENA_Pos              0U                                         /*!< DWT CTR
1202:../../Drivers/CMSIS/Include/core_cm7.h **** #define DWT_CTRL_CYCCNTENA_Msk             (0x1UL /*<< DWT_CTRL_CYCCNTENA_Pos*/)       /*!< DWT CTR
1203:../../Drivers/CMSIS/Include/core_cm7.h **** 
ARM GAS  /var/folders/2r/mdtt8xvd351gdc398t28_m2m0000gn/T//cc7M34vh.s 			page 98


1204:../../Drivers/CMSIS/Include/core_cm7.h **** /* DWT CPI Count Register Definitions */
1205:../../Drivers/CMSIS/Include/core_cm7.h **** #define DWT_CPICNT_CPICNT_Pos               0U                                         /*!< DWT CPI
1206:../../Drivers/CMSIS/Include/core_cm7.h **** #define DWT_CPICNT_CPICNT_Msk              (0xFFUL /*<< DWT_CPICNT_CPICNT_Pos*/)       /*!< DWT CPI
1207:../../Drivers/CMSIS/Include/core_cm7.h **** 
1208:../../Drivers/CMSIS/Include/core_cm7.h **** /* DWT Exception Overhead Count Register Definitions */
1209:../../Drivers/CMSIS/Include/core_cm7.h **** #define DWT_EXCCNT_EXCCNT_Pos               0U                                         /*!< DWT EXC
1210:../../Drivers/CMSIS/Include/core_cm7.h **** #define DWT_EXCCNT_EXCCNT_Msk              (0xFFUL /*<< DWT_EXCCNT_EXCCNT_Pos*/)       /*!< DWT EXC
1211:../../Drivers/CMSIS/Include/core_cm7.h **** 
1212:../../Drivers/CMSIS/Include/core_cm7.h **** /* DWT Sleep Count Register Definitions */
1213:../../Drivers/CMSIS/Include/core_cm7.h **** #define DWT_SLEEPCNT_SLEEPCNT_Pos           0U                                         /*!< DWT SLE
1214:../../Drivers/CMSIS/Include/core_cm7.h **** #define DWT_SLEEPCNT_SLEEPCNT_Msk          (0xFFUL /*<< DWT_SLEEPCNT_SLEEPCNT_Pos*/)   /*!< DWT SLE
1215:../../Drivers/CMSIS/Include/core_cm7.h **** 
1216:../../Drivers/CMSIS/Include/core_cm7.h **** /* DWT LSU Count Register Definitions */
1217:../../Drivers/CMSIS/Include/core_cm7.h **** #define DWT_LSUCNT_LSUCNT_Pos               0U                                         /*!< DWT LSU
1218:../../Drivers/CMSIS/Include/core_cm7.h **** #define DWT_LSUCNT_LSUCNT_Msk              (0xFFUL /*<< DWT_LSUCNT_LSUCNT_Pos*/)       /*!< DWT LSU
1219:../../Drivers/CMSIS/Include/core_cm7.h **** 
1220:../../Drivers/CMSIS/Include/core_cm7.h **** /* DWT Folded-instruction Count Register Definitions */
1221:../../Drivers/CMSIS/Include/core_cm7.h **** #define DWT_FOLDCNT_FOLDCNT_Pos             0U                                         /*!< DWT FOL
1222:../../Drivers/CMSIS/Include/core_cm7.h **** #define DWT_FOLDCNT_FOLDCNT_Msk            (0xFFUL /*<< DWT_FOLDCNT_FOLDCNT_Pos*/)     /*!< DWT FOL
1223:../../Drivers/CMSIS/Include/core_cm7.h **** 
1224:../../Drivers/CMSIS/Include/core_cm7.h **** /* DWT Comparator Mask Register Definitions */
1225:../../Drivers/CMSIS/Include/core_cm7.h **** #define DWT_MASK_MASK_Pos                   0U                                         /*!< DWT MAS
1226:../../Drivers/CMSIS/Include/core_cm7.h **** #define DWT_MASK_MASK_Msk                  (0x1FUL /*<< DWT_MASK_MASK_Pos*/)           /*!< DWT MAS
1227:../../Drivers/CMSIS/Include/core_cm7.h **** 
1228:../../Drivers/CMSIS/Include/core_cm7.h **** /* DWT Comparator Function Register Definitions */
1229:../../Drivers/CMSIS/Include/core_cm7.h **** #define DWT_FUNCTION_MATCHED_Pos           24U                                         /*!< DWT FUN
1230:../../Drivers/CMSIS/Include/core_cm7.h **** #define DWT_FUNCTION_MATCHED_Msk           (0x1UL << DWT_FUNCTION_MATCHED_Pos)         /*!< DWT FUN
1231:../../Drivers/CMSIS/Include/core_cm7.h **** 
1232:../../Drivers/CMSIS/Include/core_cm7.h **** #define DWT_FUNCTION_DATAVADDR1_Pos        16U                                         /*!< DWT FUN
1233:../../Drivers/CMSIS/Include/core_cm7.h **** #define DWT_FUNCTION_DATAVADDR1_Msk        (0xFUL << DWT_FUNCTION_DATAVADDR1_Pos)      /*!< DWT FUN
1234:../../Drivers/CMSIS/Include/core_cm7.h **** 
1235:../../Drivers/CMSIS/Include/core_cm7.h **** #define DWT_FUNCTION_DATAVADDR0_Pos        12U                                         /*!< DWT FUN
1236:../../Drivers/CMSIS/Include/core_cm7.h **** #define DWT_FUNCTION_DATAVADDR0_Msk        (0xFUL << DWT_FUNCTION_DATAVADDR0_Pos)      /*!< DWT FUN
1237:../../Drivers/CMSIS/Include/core_cm7.h **** 
1238:../../Drivers/CMSIS/Include/core_cm7.h **** #define DWT_FUNCTION_DATAVSIZE_Pos         10U                                         /*!< DWT FUN
1239:../../Drivers/CMSIS/Include/core_cm7.h **** #define DWT_FUNCTION_DATAVSIZE_Msk         (0x3UL << DWT_FUNCTION_DATAVSIZE_Pos)       /*!< DWT FUN
1240:../../Drivers/CMSIS/Include/core_cm7.h **** 
1241:../../Drivers/CMSIS/Include/core_cm7.h **** #define DWT_FUNCTION_LNK1ENA_Pos            9U                                         /*!< DWT FUN
1242:../../Drivers/CMSIS/Include/core_cm7.h **** #define DWT_FUNCTION_LNK1ENA_Msk           (0x1UL << DWT_FUNCTION_LNK1ENA_Pos)         /*!< DWT FUN
1243:../../Drivers/CMSIS/Include/core_cm7.h **** 
1244:../../Drivers/CMSIS/Include/core_cm7.h **** #define DWT_FUNCTION_DATAVMATCH_Pos         8U                                         /*!< DWT FUN
1245:../../Drivers/CMSIS/Include/core_cm7.h **** #define DWT_FUNCTION_DATAVMATCH_Msk        (0x1UL << DWT_FUNCTION_DATAVMATCH_Pos)      /*!< DWT FUN
1246:../../Drivers/CMSIS/Include/core_cm7.h **** 
1247:../../Drivers/CMSIS/Include/core_cm7.h **** #define DWT_FUNCTION_CYCMATCH_Pos           7U                                         /*!< DWT FUN
1248:../../Drivers/CMSIS/Include/core_cm7.h **** #define DWT_FUNCTION_CYCMATCH_Msk          (0x1UL << DWT_FUNCTION_CYCMATCH_Pos)        /*!< DWT FUN
1249:../../Drivers/CMSIS/Include/core_cm7.h **** 
1250:../../Drivers/CMSIS/Include/core_cm7.h **** #define DWT_FUNCTION_EMITRANGE_Pos          5U                                         /*!< DWT FUN
1251:../../Drivers/CMSIS/Include/core_cm7.h **** #define DWT_FUNCTION_EMITRANGE_Msk         (0x1UL << DWT_FUNCTION_EMITRANGE_Pos)       /*!< DWT FUN
1252:../../Drivers/CMSIS/Include/core_cm7.h **** 
1253:../../Drivers/CMSIS/Include/core_cm7.h **** #define DWT_FUNCTION_FUNCTION_Pos           0U                                         /*!< DWT FUN
1254:../../Drivers/CMSIS/Include/core_cm7.h **** #define DWT_FUNCTION_FUNCTION_Msk          (0xFUL /*<< DWT_FUNCTION_FUNCTION_Pos*/)    /*!< DWT FUN
1255:../../Drivers/CMSIS/Include/core_cm7.h **** 
1256:../../Drivers/CMSIS/Include/core_cm7.h **** /*@}*/ /* end of group CMSIS_DWT */
1257:../../Drivers/CMSIS/Include/core_cm7.h **** 
1258:../../Drivers/CMSIS/Include/core_cm7.h **** 
1259:../../Drivers/CMSIS/Include/core_cm7.h **** /**
1260:../../Drivers/CMSIS/Include/core_cm7.h ****   \ingroup  CMSIS_core_register
ARM GAS  /var/folders/2r/mdtt8xvd351gdc398t28_m2m0000gn/T//cc7M34vh.s 			page 99


1261:../../Drivers/CMSIS/Include/core_cm7.h ****   \defgroup CMSIS_TPI     Trace Port Interface (TPI)
1262:../../Drivers/CMSIS/Include/core_cm7.h ****   \brief    Type definitions for the Trace Port Interface (TPI)
1263:../../Drivers/CMSIS/Include/core_cm7.h ****   @{
1264:../../Drivers/CMSIS/Include/core_cm7.h ****  */
1265:../../Drivers/CMSIS/Include/core_cm7.h **** 
1266:../../Drivers/CMSIS/Include/core_cm7.h **** /**
1267:../../Drivers/CMSIS/Include/core_cm7.h ****   \brief  Structure type to access the Trace Port Interface Register (TPI).
1268:../../Drivers/CMSIS/Include/core_cm7.h ****  */
1269:../../Drivers/CMSIS/Include/core_cm7.h **** typedef struct
1270:../../Drivers/CMSIS/Include/core_cm7.h **** {
1271:../../Drivers/CMSIS/Include/core_cm7.h ****   __IM  uint32_t SSPSR;                  /*!< Offset: 0x000 (R/ )  Supported Parallel Port Size Reg
1272:../../Drivers/CMSIS/Include/core_cm7.h ****   __IOM uint32_t CSPSR;                  /*!< Offset: 0x004 (R/W)  Current Parallel Port Size Regis
1273:../../Drivers/CMSIS/Include/core_cm7.h ****         uint32_t RESERVED0[2U];
1274:../../Drivers/CMSIS/Include/core_cm7.h ****   __IOM uint32_t ACPR;                   /*!< Offset: 0x010 (R/W)  Asynchronous Clock Prescaler Reg
1275:../../Drivers/CMSIS/Include/core_cm7.h ****         uint32_t RESERVED1[55U];
1276:../../Drivers/CMSIS/Include/core_cm7.h ****   __IOM uint32_t SPPR;                   /*!< Offset: 0x0F0 (R/W)  Selected Pin Protocol Register *
1277:../../Drivers/CMSIS/Include/core_cm7.h ****         uint32_t RESERVED2[131U];
1278:../../Drivers/CMSIS/Include/core_cm7.h ****   __IM  uint32_t FFSR;                   /*!< Offset: 0x300 (R/ )  Formatter and Flush Status Regis
1279:../../Drivers/CMSIS/Include/core_cm7.h ****   __IOM uint32_t FFCR;                   /*!< Offset: 0x304 (R/W)  Formatter and Flush Control Regi
1280:../../Drivers/CMSIS/Include/core_cm7.h ****   __IM  uint32_t FSCR;                   /*!< Offset: 0x308 (R/ )  Formatter Synchronization Counte
1281:../../Drivers/CMSIS/Include/core_cm7.h ****         uint32_t RESERVED3[759U];
1282:../../Drivers/CMSIS/Include/core_cm7.h ****   __IM  uint32_t TRIGGER;                /*!< Offset: 0xEE8 (R/ )  TRIGGER Register */
1283:../../Drivers/CMSIS/Include/core_cm7.h ****   __IM  uint32_t FIFO0;                  /*!< Offset: 0xEEC (R/ )  Integration ETM Data */
1284:../../Drivers/CMSIS/Include/core_cm7.h ****   __IM  uint32_t ITATBCTR2;              /*!< Offset: 0xEF0 (R/ )  ITATBCTR2 */
1285:../../Drivers/CMSIS/Include/core_cm7.h ****         uint32_t RESERVED4[1U];
1286:../../Drivers/CMSIS/Include/core_cm7.h ****   __IM  uint32_t ITATBCTR0;              /*!< Offset: 0xEF8 (R/ )  ITATBCTR0 */
1287:../../Drivers/CMSIS/Include/core_cm7.h ****   __IM  uint32_t FIFO1;                  /*!< Offset: 0xEFC (R/ )  Integration ITM Data */
1288:../../Drivers/CMSIS/Include/core_cm7.h ****   __IOM uint32_t ITCTRL;                 /*!< Offset: 0xF00 (R/W)  Integration Mode Control */
1289:../../Drivers/CMSIS/Include/core_cm7.h ****         uint32_t RESERVED5[39U];
1290:../../Drivers/CMSIS/Include/core_cm7.h ****   __IOM uint32_t CLAIMSET;               /*!< Offset: 0xFA0 (R/W)  Claim tag set */
1291:../../Drivers/CMSIS/Include/core_cm7.h ****   __IOM uint32_t CLAIMCLR;               /*!< Offset: 0xFA4 (R/W)  Claim tag clear */
1292:../../Drivers/CMSIS/Include/core_cm7.h ****         uint32_t RESERVED7[8U];
1293:../../Drivers/CMSIS/Include/core_cm7.h ****   __IM  uint32_t DEVID;                  /*!< Offset: 0xFC8 (R/ )  TPIU_DEVID */
1294:../../Drivers/CMSIS/Include/core_cm7.h ****   __IM  uint32_t DEVTYPE;                /*!< Offset: 0xFCC (R/ )  TPIU_DEVTYPE */
1295:../../Drivers/CMSIS/Include/core_cm7.h **** } TPI_Type;
1296:../../Drivers/CMSIS/Include/core_cm7.h **** 
1297:../../Drivers/CMSIS/Include/core_cm7.h **** /* TPI Asynchronous Clock Prescaler Register Definitions */
1298:../../Drivers/CMSIS/Include/core_cm7.h **** #define TPI_ACPR_PRESCALER_Pos              0U                                         /*!< TPI ACP
1299:../../Drivers/CMSIS/Include/core_cm7.h **** #define TPI_ACPR_PRESCALER_Msk             (0x1FFFUL /*<< TPI_ACPR_PRESCALER_Pos*/)    /*!< TPI ACP
1300:../../Drivers/CMSIS/Include/core_cm7.h **** 
1301:../../Drivers/CMSIS/Include/core_cm7.h **** /* TPI Selected Pin Protocol Register Definitions */
1302:../../Drivers/CMSIS/Include/core_cm7.h **** #define TPI_SPPR_TXMODE_Pos                 0U                                         /*!< TPI SPP
1303:../../Drivers/CMSIS/Include/core_cm7.h **** #define TPI_SPPR_TXMODE_Msk                (0x3UL /*<< TPI_SPPR_TXMODE_Pos*/)          /*!< TPI SPP
1304:../../Drivers/CMSIS/Include/core_cm7.h **** 
1305:../../Drivers/CMSIS/Include/core_cm7.h **** /* TPI Formatter and Flush Status Register Definitions */
1306:../../Drivers/CMSIS/Include/core_cm7.h **** #define TPI_FFSR_FtNonStop_Pos              3U                                         /*!< TPI FFS
1307:../../Drivers/CMSIS/Include/core_cm7.h **** #define TPI_FFSR_FtNonStop_Msk             (0x1UL << TPI_FFSR_FtNonStop_Pos)           /*!< TPI FFS
1308:../../Drivers/CMSIS/Include/core_cm7.h **** 
1309:../../Drivers/CMSIS/Include/core_cm7.h **** #define TPI_FFSR_TCPresent_Pos              2U                                         /*!< TPI FFS
1310:../../Drivers/CMSIS/Include/core_cm7.h **** #define TPI_FFSR_TCPresent_Msk             (0x1UL << TPI_FFSR_TCPresent_Pos)           /*!< TPI FFS
1311:../../Drivers/CMSIS/Include/core_cm7.h **** 
1312:../../Drivers/CMSIS/Include/core_cm7.h **** #define TPI_FFSR_FtStopped_Pos              1U                                         /*!< TPI FFS
1313:../../Drivers/CMSIS/Include/core_cm7.h **** #define TPI_FFSR_FtStopped_Msk             (0x1UL << TPI_FFSR_FtStopped_Pos)           /*!< TPI FFS
1314:../../Drivers/CMSIS/Include/core_cm7.h **** 
1315:../../Drivers/CMSIS/Include/core_cm7.h **** #define TPI_FFSR_FlInProg_Pos               0U                                         /*!< TPI FFS
1316:../../Drivers/CMSIS/Include/core_cm7.h **** #define TPI_FFSR_FlInProg_Msk              (0x1UL /*<< TPI_FFSR_FlInProg_Pos*/)        /*!< TPI FFS
1317:../../Drivers/CMSIS/Include/core_cm7.h **** 
ARM GAS  /var/folders/2r/mdtt8xvd351gdc398t28_m2m0000gn/T//cc7M34vh.s 			page 100


1318:../../Drivers/CMSIS/Include/core_cm7.h **** /* TPI Formatter and Flush Control Register Definitions */
1319:../../Drivers/CMSIS/Include/core_cm7.h **** #define TPI_FFCR_TrigIn_Pos                 8U                                         /*!< TPI FFC
1320:../../Drivers/CMSIS/Include/core_cm7.h **** #define TPI_FFCR_TrigIn_Msk                (0x1UL << TPI_FFCR_TrigIn_Pos)              /*!< TPI FFC
1321:../../Drivers/CMSIS/Include/core_cm7.h **** 
1322:../../Drivers/CMSIS/Include/core_cm7.h **** #define TPI_FFCR_EnFCont_Pos                1U                                         /*!< TPI FFC
1323:../../Drivers/CMSIS/Include/core_cm7.h **** #define TPI_FFCR_EnFCont_Msk               (0x1UL << TPI_FFCR_EnFCont_Pos)             /*!< TPI FFC
1324:../../Drivers/CMSIS/Include/core_cm7.h **** 
1325:../../Drivers/CMSIS/Include/core_cm7.h **** /* TPI TRIGGER Register Definitions */
1326:../../Drivers/CMSIS/Include/core_cm7.h **** #define TPI_TRIGGER_TRIGGER_Pos             0U                                         /*!< TPI TRI
1327:../../Drivers/CMSIS/Include/core_cm7.h **** #define TPI_TRIGGER_TRIGGER_Msk            (0x1UL /*<< TPI_TRIGGER_TRIGGER_Pos*/)      /*!< TPI TRI
1328:../../Drivers/CMSIS/Include/core_cm7.h **** 
1329:../../Drivers/CMSIS/Include/core_cm7.h **** /* TPI Integration ETM Data Register Definitions (FIFO0) */
1330:../../Drivers/CMSIS/Include/core_cm7.h **** #define TPI_FIFO0_ITM_ATVALID_Pos          29U                                         /*!< TPI FIF
1331:../../Drivers/CMSIS/Include/core_cm7.h **** #define TPI_FIFO0_ITM_ATVALID_Msk          (0x1UL << TPI_FIFO0_ITM_ATVALID_Pos)        /*!< TPI FIF
1332:../../Drivers/CMSIS/Include/core_cm7.h **** 
1333:../../Drivers/CMSIS/Include/core_cm7.h **** #define TPI_FIFO0_ITM_bytecount_Pos        27U                                         /*!< TPI FIF
1334:../../Drivers/CMSIS/Include/core_cm7.h **** #define TPI_FIFO0_ITM_bytecount_Msk        (0x3UL << TPI_FIFO0_ITM_bytecount_Pos)      /*!< TPI FIF
1335:../../Drivers/CMSIS/Include/core_cm7.h **** 
1336:../../Drivers/CMSIS/Include/core_cm7.h **** #define TPI_FIFO0_ETM_ATVALID_Pos          26U                                         /*!< TPI FIF
1337:../../Drivers/CMSIS/Include/core_cm7.h **** #define TPI_FIFO0_ETM_ATVALID_Msk          (0x1UL << TPI_FIFO0_ETM_ATVALID_Pos)        /*!< TPI FIF
1338:../../Drivers/CMSIS/Include/core_cm7.h **** 
1339:../../Drivers/CMSIS/Include/core_cm7.h **** #define TPI_FIFO0_ETM_bytecount_Pos        24U                                         /*!< TPI FIF
1340:../../Drivers/CMSIS/Include/core_cm7.h **** #define TPI_FIFO0_ETM_bytecount_Msk        (0x3UL << TPI_FIFO0_ETM_bytecount_Pos)      /*!< TPI FIF
1341:../../Drivers/CMSIS/Include/core_cm7.h **** 
1342:../../Drivers/CMSIS/Include/core_cm7.h **** #define TPI_FIFO0_ETM2_Pos                 16U                                         /*!< TPI FIF
1343:../../Drivers/CMSIS/Include/core_cm7.h **** #define TPI_FIFO0_ETM2_Msk                 (0xFFUL << TPI_FIFO0_ETM2_Pos)              /*!< TPI FIF
1344:../../Drivers/CMSIS/Include/core_cm7.h **** 
1345:../../Drivers/CMSIS/Include/core_cm7.h **** #define TPI_FIFO0_ETM1_Pos                  8U                                         /*!< TPI FIF
1346:../../Drivers/CMSIS/Include/core_cm7.h **** #define TPI_FIFO0_ETM1_Msk                 (0xFFUL << TPI_FIFO0_ETM1_Pos)              /*!< TPI FIF
1347:../../Drivers/CMSIS/Include/core_cm7.h **** 
1348:../../Drivers/CMSIS/Include/core_cm7.h **** #define TPI_FIFO0_ETM0_Pos                  0U                                         /*!< TPI FIF
1349:../../Drivers/CMSIS/Include/core_cm7.h **** #define TPI_FIFO0_ETM0_Msk                 (0xFFUL /*<< TPI_FIFO0_ETM0_Pos*/)          /*!< TPI FIF
1350:../../Drivers/CMSIS/Include/core_cm7.h **** 
1351:../../Drivers/CMSIS/Include/core_cm7.h **** /* TPI ITATBCTR2 Register Definitions */
1352:../../Drivers/CMSIS/Include/core_cm7.h **** #define TPI_ITATBCTR2_ATREADY2_Pos          0U                                         /*!< TPI ITA
1353:../../Drivers/CMSIS/Include/core_cm7.h **** #define TPI_ITATBCTR2_ATREADY2_Msk         (0x1UL /*<< TPI_ITATBCTR2_ATREADY2_Pos*/)   /*!< TPI ITA
1354:../../Drivers/CMSIS/Include/core_cm7.h **** 
1355:../../Drivers/CMSIS/Include/core_cm7.h **** #define TPI_ITATBCTR2_ATREADY1_Pos          0U                                         /*!< TPI ITA
1356:../../Drivers/CMSIS/Include/core_cm7.h **** #define TPI_ITATBCTR2_ATREADY1_Msk         (0x1UL /*<< TPI_ITATBCTR2_ATREADY1_Pos*/)   /*!< TPI ITA
1357:../../Drivers/CMSIS/Include/core_cm7.h **** 
1358:../../Drivers/CMSIS/Include/core_cm7.h **** /* TPI Integration ITM Data Register Definitions (FIFO1) */
1359:../../Drivers/CMSIS/Include/core_cm7.h **** #define TPI_FIFO1_ITM_ATVALID_Pos          29U                                         /*!< TPI FIF
1360:../../Drivers/CMSIS/Include/core_cm7.h **** #define TPI_FIFO1_ITM_ATVALID_Msk          (0x1UL << TPI_FIFO1_ITM_ATVALID_Pos)        /*!< TPI FIF
1361:../../Drivers/CMSIS/Include/core_cm7.h **** 
1362:../../Drivers/CMSIS/Include/core_cm7.h **** #define TPI_FIFO1_ITM_bytecount_Pos        27U                                         /*!< TPI FIF
1363:../../Drivers/CMSIS/Include/core_cm7.h **** #define TPI_FIFO1_ITM_bytecount_Msk        (0x3UL << TPI_FIFO1_ITM_bytecount_Pos)      /*!< TPI FIF
1364:../../Drivers/CMSIS/Include/core_cm7.h **** 
1365:../../Drivers/CMSIS/Include/core_cm7.h **** #define TPI_FIFO1_ETM_ATVALID_Pos          26U                                         /*!< TPI FIF
1366:../../Drivers/CMSIS/Include/core_cm7.h **** #define TPI_FIFO1_ETM_ATVALID_Msk          (0x1UL << TPI_FIFO1_ETM_ATVALID_Pos)        /*!< TPI FIF
1367:../../Drivers/CMSIS/Include/core_cm7.h **** 
1368:../../Drivers/CMSIS/Include/core_cm7.h **** #define TPI_FIFO1_ETM_bytecount_Pos        24U                                         /*!< TPI FIF
1369:../../Drivers/CMSIS/Include/core_cm7.h **** #define TPI_FIFO1_ETM_bytecount_Msk        (0x3UL << TPI_FIFO1_ETM_bytecount_Pos)      /*!< TPI FIF
1370:../../Drivers/CMSIS/Include/core_cm7.h **** 
1371:../../Drivers/CMSIS/Include/core_cm7.h **** #define TPI_FIFO1_ITM2_Pos                 16U                                         /*!< TPI FIF
1372:../../Drivers/CMSIS/Include/core_cm7.h **** #define TPI_FIFO1_ITM2_Msk                 (0xFFUL << TPI_FIFO1_ITM2_Pos)              /*!< TPI FIF
1373:../../Drivers/CMSIS/Include/core_cm7.h **** 
1374:../../Drivers/CMSIS/Include/core_cm7.h **** #define TPI_FIFO1_ITM1_Pos                  8U                                         /*!< TPI FIF
ARM GAS  /var/folders/2r/mdtt8xvd351gdc398t28_m2m0000gn/T//cc7M34vh.s 			page 101


1375:../../Drivers/CMSIS/Include/core_cm7.h **** #define TPI_FIFO1_ITM1_Msk                 (0xFFUL << TPI_FIFO1_ITM1_Pos)              /*!< TPI FIF
1376:../../Drivers/CMSIS/Include/core_cm7.h **** 
1377:../../Drivers/CMSIS/Include/core_cm7.h **** #define TPI_FIFO1_ITM0_Pos                  0U                                         /*!< TPI FIF
1378:../../Drivers/CMSIS/Include/core_cm7.h **** #define TPI_FIFO1_ITM0_Msk                 (0xFFUL /*<< TPI_FIFO1_ITM0_Pos*/)          /*!< TPI FIF
1379:../../Drivers/CMSIS/Include/core_cm7.h **** 
1380:../../Drivers/CMSIS/Include/core_cm7.h **** /* TPI ITATBCTR0 Register Definitions */
1381:../../Drivers/CMSIS/Include/core_cm7.h **** #define TPI_ITATBCTR0_ATREADY2_Pos          0U                                         /*!< TPI ITA
1382:../../Drivers/CMSIS/Include/core_cm7.h **** #define TPI_ITATBCTR0_ATREADY2_Msk         (0x1UL /*<< TPI_ITATBCTR0_ATREADY2_Pos*/)   /*!< TPI ITA
1383:../../Drivers/CMSIS/Include/core_cm7.h **** 
1384:../../Drivers/CMSIS/Include/core_cm7.h **** #define TPI_ITATBCTR0_ATREADY1_Pos          0U                                         /*!< TPI ITA
1385:../../Drivers/CMSIS/Include/core_cm7.h **** #define TPI_ITATBCTR0_ATREADY1_Msk         (0x1UL /*<< TPI_ITATBCTR0_ATREADY1_Pos*/)   /*!< TPI ITA
1386:../../Drivers/CMSIS/Include/core_cm7.h **** 
1387:../../Drivers/CMSIS/Include/core_cm7.h **** /* TPI Integration Mode Control Register Definitions */
1388:../../Drivers/CMSIS/Include/core_cm7.h **** #define TPI_ITCTRL_Mode_Pos                 0U                                         /*!< TPI ITC
1389:../../Drivers/CMSIS/Include/core_cm7.h **** #define TPI_ITCTRL_Mode_Msk                (0x3UL /*<< TPI_ITCTRL_Mode_Pos*/)          /*!< TPI ITC
1390:../../Drivers/CMSIS/Include/core_cm7.h **** 
1391:../../Drivers/CMSIS/Include/core_cm7.h **** /* TPI DEVID Register Definitions */
1392:../../Drivers/CMSIS/Include/core_cm7.h **** #define TPI_DEVID_NRZVALID_Pos             11U                                         /*!< TPI DEV
1393:../../Drivers/CMSIS/Include/core_cm7.h **** #define TPI_DEVID_NRZVALID_Msk             (0x1UL << TPI_DEVID_NRZVALID_Pos)           /*!< TPI DEV
1394:../../Drivers/CMSIS/Include/core_cm7.h **** 
1395:../../Drivers/CMSIS/Include/core_cm7.h **** #define TPI_DEVID_MANCVALID_Pos            10U                                         /*!< TPI DEV
1396:../../Drivers/CMSIS/Include/core_cm7.h **** #define TPI_DEVID_MANCVALID_Msk            (0x1UL << TPI_DEVID_MANCVALID_Pos)          /*!< TPI DEV
1397:../../Drivers/CMSIS/Include/core_cm7.h **** 
1398:../../Drivers/CMSIS/Include/core_cm7.h **** #define TPI_DEVID_PTINVALID_Pos             9U                                         /*!< TPI DEV
1399:../../Drivers/CMSIS/Include/core_cm7.h **** #define TPI_DEVID_PTINVALID_Msk            (0x1UL << TPI_DEVID_PTINVALID_Pos)          /*!< TPI DEV
1400:../../Drivers/CMSIS/Include/core_cm7.h **** 
1401:../../Drivers/CMSIS/Include/core_cm7.h **** #define TPI_DEVID_MinBufSz_Pos              6U                                         /*!< TPI DEV
1402:../../Drivers/CMSIS/Include/core_cm7.h **** #define TPI_DEVID_MinBufSz_Msk             (0x7UL << TPI_DEVID_MinBufSz_Pos)           /*!< TPI DEV
1403:../../Drivers/CMSIS/Include/core_cm7.h **** 
1404:../../Drivers/CMSIS/Include/core_cm7.h **** #define TPI_DEVID_AsynClkIn_Pos             5U                                         /*!< TPI DEV
1405:../../Drivers/CMSIS/Include/core_cm7.h **** #define TPI_DEVID_AsynClkIn_Msk            (0x1UL << TPI_DEVID_AsynClkIn_Pos)          /*!< TPI DEV
1406:../../Drivers/CMSIS/Include/core_cm7.h **** 
1407:../../Drivers/CMSIS/Include/core_cm7.h **** #define TPI_DEVID_NrTraceInput_Pos          0U                                         /*!< TPI DEV
1408:../../Drivers/CMSIS/Include/core_cm7.h **** #define TPI_DEVID_NrTraceInput_Msk         (0x1FUL /*<< TPI_DEVID_NrTraceInput_Pos*/)  /*!< TPI DEV
1409:../../Drivers/CMSIS/Include/core_cm7.h **** 
1410:../../Drivers/CMSIS/Include/core_cm7.h **** /* TPI DEVTYPE Register Definitions */
1411:../../Drivers/CMSIS/Include/core_cm7.h **** #define TPI_DEVTYPE_SubType_Pos             4U                                         /*!< TPI DEV
1412:../../Drivers/CMSIS/Include/core_cm7.h **** #define TPI_DEVTYPE_SubType_Msk            (0xFUL /*<< TPI_DEVTYPE_SubType_Pos*/)      /*!< TPI DEV
1413:../../Drivers/CMSIS/Include/core_cm7.h **** 
1414:../../Drivers/CMSIS/Include/core_cm7.h **** #define TPI_DEVTYPE_MajorType_Pos           0U                                         /*!< TPI DEV
1415:../../Drivers/CMSIS/Include/core_cm7.h **** #define TPI_DEVTYPE_MajorType_Msk          (0xFUL << TPI_DEVTYPE_MajorType_Pos)        /*!< TPI DEV
1416:../../Drivers/CMSIS/Include/core_cm7.h **** 
1417:../../Drivers/CMSIS/Include/core_cm7.h **** /*@}*/ /* end of group CMSIS_TPI */
1418:../../Drivers/CMSIS/Include/core_cm7.h **** 
1419:../../Drivers/CMSIS/Include/core_cm7.h **** 
1420:../../Drivers/CMSIS/Include/core_cm7.h **** #if defined (__MPU_PRESENT) && (__MPU_PRESENT == 1U)
1421:../../Drivers/CMSIS/Include/core_cm7.h **** /**
1422:../../Drivers/CMSIS/Include/core_cm7.h ****   \ingroup  CMSIS_core_register
1423:../../Drivers/CMSIS/Include/core_cm7.h ****   \defgroup CMSIS_MPU     Memory Protection Unit (MPU)
1424:../../Drivers/CMSIS/Include/core_cm7.h ****   \brief    Type definitions for the Memory Protection Unit (MPU)
1425:../../Drivers/CMSIS/Include/core_cm7.h ****   @{
1426:../../Drivers/CMSIS/Include/core_cm7.h ****  */
1427:../../Drivers/CMSIS/Include/core_cm7.h **** 
1428:../../Drivers/CMSIS/Include/core_cm7.h **** /**
1429:../../Drivers/CMSIS/Include/core_cm7.h ****   \brief  Structure type to access the Memory Protection Unit (MPU).
1430:../../Drivers/CMSIS/Include/core_cm7.h ****  */
1431:../../Drivers/CMSIS/Include/core_cm7.h **** typedef struct
ARM GAS  /var/folders/2r/mdtt8xvd351gdc398t28_m2m0000gn/T//cc7M34vh.s 			page 102


1432:../../Drivers/CMSIS/Include/core_cm7.h **** {
1433:../../Drivers/CMSIS/Include/core_cm7.h ****   __IM  uint32_t TYPE;                   /*!< Offset: 0x000 (R/ )  MPU Type Register */
1434:../../Drivers/CMSIS/Include/core_cm7.h ****   __IOM uint32_t CTRL;                   /*!< Offset: 0x004 (R/W)  MPU Control Register */
1435:../../Drivers/CMSIS/Include/core_cm7.h ****   __IOM uint32_t RNR;                    /*!< Offset: 0x008 (R/W)  MPU Region RNRber Register */
1436:../../Drivers/CMSIS/Include/core_cm7.h ****   __IOM uint32_t RBAR;                   /*!< Offset: 0x00C (R/W)  MPU Region Base Address Register
1437:../../Drivers/CMSIS/Include/core_cm7.h ****   __IOM uint32_t RASR;                   /*!< Offset: 0x010 (R/W)  MPU Region Attribute and Size Re
1438:../../Drivers/CMSIS/Include/core_cm7.h ****   __IOM uint32_t RBAR_A1;                /*!< Offset: 0x014 (R/W)  MPU Alias 1 Region Base Address 
1439:../../Drivers/CMSIS/Include/core_cm7.h ****   __IOM uint32_t RASR_A1;                /*!< Offset: 0x018 (R/W)  MPU Alias 1 Region Attribute and
1440:../../Drivers/CMSIS/Include/core_cm7.h ****   __IOM uint32_t RBAR_A2;                /*!< Offset: 0x01C (R/W)  MPU Alias 2 Region Base Address 
1441:../../Drivers/CMSIS/Include/core_cm7.h ****   __IOM uint32_t RASR_A2;                /*!< Offset: 0x020 (R/W)  MPU Alias 2 Region Attribute and
1442:../../Drivers/CMSIS/Include/core_cm7.h ****   __IOM uint32_t RBAR_A3;                /*!< Offset: 0x024 (R/W)  MPU Alias 3 Region Base Address 
1443:../../Drivers/CMSIS/Include/core_cm7.h ****   __IOM uint32_t RASR_A3;                /*!< Offset: 0x028 (R/W)  MPU Alias 3 Region Attribute and
1444:../../Drivers/CMSIS/Include/core_cm7.h **** } MPU_Type;
1445:../../Drivers/CMSIS/Include/core_cm7.h **** 
1446:../../Drivers/CMSIS/Include/core_cm7.h **** #define MPU_TYPE_RALIASES                  4U
1447:../../Drivers/CMSIS/Include/core_cm7.h **** 
1448:../../Drivers/CMSIS/Include/core_cm7.h **** /* MPU Type Register Definitions */
1449:../../Drivers/CMSIS/Include/core_cm7.h **** #define MPU_TYPE_IREGION_Pos               16U                                            /*!< MPU 
1450:../../Drivers/CMSIS/Include/core_cm7.h **** #define MPU_TYPE_IREGION_Msk               (0xFFUL << MPU_TYPE_IREGION_Pos)               /*!< MPU 
1451:../../Drivers/CMSIS/Include/core_cm7.h **** 
1452:../../Drivers/CMSIS/Include/core_cm7.h **** #define MPU_TYPE_DREGION_Pos                8U                                            /*!< MPU 
1453:../../Drivers/CMSIS/Include/core_cm7.h **** #define MPU_TYPE_DREGION_Msk               (0xFFUL << MPU_TYPE_DREGION_Pos)               /*!< MPU 
1454:../../Drivers/CMSIS/Include/core_cm7.h **** 
1455:../../Drivers/CMSIS/Include/core_cm7.h **** #define MPU_TYPE_SEPARATE_Pos               0U                                            /*!< MPU 
1456:../../Drivers/CMSIS/Include/core_cm7.h **** #define MPU_TYPE_SEPARATE_Msk              (1UL /*<< MPU_TYPE_SEPARATE_Pos*/)             /*!< MPU 
1457:../../Drivers/CMSIS/Include/core_cm7.h **** 
1458:../../Drivers/CMSIS/Include/core_cm7.h **** /* MPU Control Register Definitions */
1459:../../Drivers/CMSIS/Include/core_cm7.h **** #define MPU_CTRL_PRIVDEFENA_Pos             2U                                            /*!< MPU 
1460:../../Drivers/CMSIS/Include/core_cm7.h **** #define MPU_CTRL_PRIVDEFENA_Msk            (1UL << MPU_CTRL_PRIVDEFENA_Pos)               /*!< MPU 
1461:../../Drivers/CMSIS/Include/core_cm7.h **** 
1462:../../Drivers/CMSIS/Include/core_cm7.h **** #define MPU_CTRL_HFNMIENA_Pos               1U                                            /*!< MPU 
1463:../../Drivers/CMSIS/Include/core_cm7.h **** #define MPU_CTRL_HFNMIENA_Msk              (1UL << MPU_CTRL_HFNMIENA_Pos)                 /*!< MPU 
1464:../../Drivers/CMSIS/Include/core_cm7.h **** 
1465:../../Drivers/CMSIS/Include/core_cm7.h **** #define MPU_CTRL_ENABLE_Pos                 0U                                            /*!< MPU 
1466:../../Drivers/CMSIS/Include/core_cm7.h **** #define MPU_CTRL_ENABLE_Msk                (1UL /*<< MPU_CTRL_ENABLE_Pos*/)               /*!< MPU 
1467:../../Drivers/CMSIS/Include/core_cm7.h **** 
1468:../../Drivers/CMSIS/Include/core_cm7.h **** /* MPU Region Number Register Definitions */
1469:../../Drivers/CMSIS/Include/core_cm7.h **** #define MPU_RNR_REGION_Pos                  0U                                            /*!< MPU 
1470:../../Drivers/CMSIS/Include/core_cm7.h **** #define MPU_RNR_REGION_Msk                 (0xFFUL /*<< MPU_RNR_REGION_Pos*/)             /*!< MPU 
1471:../../Drivers/CMSIS/Include/core_cm7.h **** 
1472:../../Drivers/CMSIS/Include/core_cm7.h **** /* MPU Region Base Address Register Definitions */
1473:../../Drivers/CMSIS/Include/core_cm7.h **** #define MPU_RBAR_ADDR_Pos                   5U                                            /*!< MPU 
1474:../../Drivers/CMSIS/Include/core_cm7.h **** #define MPU_RBAR_ADDR_Msk                  (0x7FFFFFFUL << MPU_RBAR_ADDR_Pos)             /*!< MPU 
1475:../../Drivers/CMSIS/Include/core_cm7.h **** 
1476:../../Drivers/CMSIS/Include/core_cm7.h **** #define MPU_RBAR_VALID_Pos                  4U                                            /*!< MPU 
1477:../../Drivers/CMSIS/Include/core_cm7.h **** #define MPU_RBAR_VALID_Msk                 (1UL << MPU_RBAR_VALID_Pos)                    /*!< MPU 
1478:../../Drivers/CMSIS/Include/core_cm7.h **** 
1479:../../Drivers/CMSIS/Include/core_cm7.h **** #define MPU_RBAR_REGION_Pos                 0U                                            /*!< MPU 
1480:../../Drivers/CMSIS/Include/core_cm7.h **** #define MPU_RBAR_REGION_Msk                (0xFUL /*<< MPU_RBAR_REGION_Pos*/)             /*!< MPU 
1481:../../Drivers/CMSIS/Include/core_cm7.h **** 
1482:../../Drivers/CMSIS/Include/core_cm7.h **** /* MPU Region Attribute and Size Register Definitions */
1483:../../Drivers/CMSIS/Include/core_cm7.h **** #define MPU_RASR_ATTRS_Pos                 16U                                            /*!< MPU 
1484:../../Drivers/CMSIS/Include/core_cm7.h **** #define MPU_RASR_ATTRS_Msk                 (0xFFFFUL << MPU_RASR_ATTRS_Pos)               /*!< MPU 
1485:../../Drivers/CMSIS/Include/core_cm7.h **** 
1486:../../Drivers/CMSIS/Include/core_cm7.h **** #define MPU_RASR_XN_Pos                    28U                                            /*!< MPU 
1487:../../Drivers/CMSIS/Include/core_cm7.h **** #define MPU_RASR_XN_Msk                    (1UL << MPU_RASR_XN_Pos)                       /*!< MPU 
1488:../../Drivers/CMSIS/Include/core_cm7.h **** 
ARM GAS  /var/folders/2r/mdtt8xvd351gdc398t28_m2m0000gn/T//cc7M34vh.s 			page 103


1489:../../Drivers/CMSIS/Include/core_cm7.h **** #define MPU_RASR_AP_Pos                    24U                                            /*!< MPU 
1490:../../Drivers/CMSIS/Include/core_cm7.h **** #define MPU_RASR_AP_Msk                    (0x7UL << MPU_RASR_AP_Pos)                     /*!< MPU 
1491:../../Drivers/CMSIS/Include/core_cm7.h **** 
1492:../../Drivers/CMSIS/Include/core_cm7.h **** #define MPU_RASR_TEX_Pos                   19U                                            /*!< MPU 
1493:../../Drivers/CMSIS/Include/core_cm7.h **** #define MPU_RASR_TEX_Msk                   (0x7UL << MPU_RASR_TEX_Pos)                    /*!< MPU 
1494:../../Drivers/CMSIS/Include/core_cm7.h **** 
1495:../../Drivers/CMSIS/Include/core_cm7.h **** #define MPU_RASR_S_Pos                     18U                                            /*!< MPU 
1496:../../Drivers/CMSIS/Include/core_cm7.h **** #define MPU_RASR_S_Msk                     (1UL << MPU_RASR_S_Pos)                        /*!< MPU 
1497:../../Drivers/CMSIS/Include/core_cm7.h **** 
1498:../../Drivers/CMSIS/Include/core_cm7.h **** #define MPU_RASR_C_Pos                     17U                                            /*!< MPU 
1499:../../Drivers/CMSIS/Include/core_cm7.h **** #define MPU_RASR_C_Msk                     (1UL << MPU_RASR_C_Pos)                        /*!< MPU 
1500:../../Drivers/CMSIS/Include/core_cm7.h **** 
1501:../../Drivers/CMSIS/Include/core_cm7.h **** #define MPU_RASR_B_Pos                     16U                                            /*!< MPU 
1502:../../Drivers/CMSIS/Include/core_cm7.h **** #define MPU_RASR_B_Msk                     (1UL << MPU_RASR_B_Pos)                        /*!< MPU 
1503:../../Drivers/CMSIS/Include/core_cm7.h **** 
1504:../../Drivers/CMSIS/Include/core_cm7.h **** #define MPU_RASR_SRD_Pos                    8U                                            /*!< MPU 
1505:../../Drivers/CMSIS/Include/core_cm7.h **** #define MPU_RASR_SRD_Msk                   (0xFFUL << MPU_RASR_SRD_Pos)                   /*!< MPU 
1506:../../Drivers/CMSIS/Include/core_cm7.h **** 
1507:../../Drivers/CMSIS/Include/core_cm7.h **** #define MPU_RASR_SIZE_Pos                   1U                                            /*!< MPU 
1508:../../Drivers/CMSIS/Include/core_cm7.h **** #define MPU_RASR_SIZE_Msk                  (0x1FUL << MPU_RASR_SIZE_Pos)                  /*!< MPU 
1509:../../Drivers/CMSIS/Include/core_cm7.h **** 
1510:../../Drivers/CMSIS/Include/core_cm7.h **** #define MPU_RASR_ENABLE_Pos                 0U                                            /*!< MPU 
1511:../../Drivers/CMSIS/Include/core_cm7.h **** #define MPU_RASR_ENABLE_Msk                (1UL /*<< MPU_RASR_ENABLE_Pos*/)               /*!< MPU 
1512:../../Drivers/CMSIS/Include/core_cm7.h **** 
1513:../../Drivers/CMSIS/Include/core_cm7.h **** /*@} end of group CMSIS_MPU */
1514:../../Drivers/CMSIS/Include/core_cm7.h **** #endif /* defined (__MPU_PRESENT) && (__MPU_PRESENT == 1U) */
1515:../../Drivers/CMSIS/Include/core_cm7.h **** 
1516:../../Drivers/CMSIS/Include/core_cm7.h **** 
1517:../../Drivers/CMSIS/Include/core_cm7.h **** /**
1518:../../Drivers/CMSIS/Include/core_cm7.h ****   \ingroup  CMSIS_core_register
1519:../../Drivers/CMSIS/Include/core_cm7.h ****   \defgroup CMSIS_FPU     Floating Point Unit (FPU)
1520:../../Drivers/CMSIS/Include/core_cm7.h ****   \brief    Type definitions for the Floating Point Unit (FPU)
1521:../../Drivers/CMSIS/Include/core_cm7.h ****   @{
1522:../../Drivers/CMSIS/Include/core_cm7.h ****  */
1523:../../Drivers/CMSIS/Include/core_cm7.h **** 
1524:../../Drivers/CMSIS/Include/core_cm7.h **** /**
1525:../../Drivers/CMSIS/Include/core_cm7.h ****   \brief  Structure type to access the Floating Point Unit (FPU).
1526:../../Drivers/CMSIS/Include/core_cm7.h ****  */
1527:../../Drivers/CMSIS/Include/core_cm7.h **** typedef struct
1528:../../Drivers/CMSIS/Include/core_cm7.h **** {
1529:../../Drivers/CMSIS/Include/core_cm7.h ****         uint32_t RESERVED0[1U];
1530:../../Drivers/CMSIS/Include/core_cm7.h ****   __IOM uint32_t FPCCR;                  /*!< Offset: 0x004 (R/W)  Floating-Point Context Control R
1531:../../Drivers/CMSIS/Include/core_cm7.h ****   __IOM uint32_t FPCAR;                  /*!< Offset: 0x008 (R/W)  Floating-Point Context Address R
1532:../../Drivers/CMSIS/Include/core_cm7.h ****   __IOM uint32_t FPDSCR;                 /*!< Offset: 0x00C (R/W)  Floating-Point Default Status Co
1533:../../Drivers/CMSIS/Include/core_cm7.h ****   __IM  uint32_t MVFR0;                  /*!< Offset: 0x010 (R/ )  Media and FP Feature Register 0 
1534:../../Drivers/CMSIS/Include/core_cm7.h ****   __IM  uint32_t MVFR1;                  /*!< Offset: 0x014 (R/ )  Media and FP Feature Register 1 
1535:../../Drivers/CMSIS/Include/core_cm7.h ****   __IM  uint32_t MVFR2;                  /*!< Offset: 0x018 (R/ )  Media and FP Feature Register 2 
1536:../../Drivers/CMSIS/Include/core_cm7.h **** } FPU_Type;
1537:../../Drivers/CMSIS/Include/core_cm7.h **** 
1538:../../Drivers/CMSIS/Include/core_cm7.h **** /* Floating-Point Context Control Register Definitions */
1539:../../Drivers/CMSIS/Include/core_cm7.h **** #define FPU_FPCCR_ASPEN_Pos                31U                                            /*!< FPCC
1540:../../Drivers/CMSIS/Include/core_cm7.h **** #define FPU_FPCCR_ASPEN_Msk                (1UL << FPU_FPCCR_ASPEN_Pos)                   /*!< FPCC
1541:../../Drivers/CMSIS/Include/core_cm7.h **** 
1542:../../Drivers/CMSIS/Include/core_cm7.h **** #define FPU_FPCCR_LSPEN_Pos                30U                                            /*!< FPCC
1543:../../Drivers/CMSIS/Include/core_cm7.h **** #define FPU_FPCCR_LSPEN_Msk                (1UL << FPU_FPCCR_LSPEN_Pos)                   /*!< FPCC
1544:../../Drivers/CMSIS/Include/core_cm7.h **** 
1545:../../Drivers/CMSIS/Include/core_cm7.h **** #define FPU_FPCCR_MONRDY_Pos                8U                                            /*!< FPCC
ARM GAS  /var/folders/2r/mdtt8xvd351gdc398t28_m2m0000gn/T//cc7M34vh.s 			page 104


1546:../../Drivers/CMSIS/Include/core_cm7.h **** #define FPU_FPCCR_MONRDY_Msk               (1UL << FPU_FPCCR_MONRDY_Pos)                  /*!< FPCC
1547:../../Drivers/CMSIS/Include/core_cm7.h **** 
1548:../../Drivers/CMSIS/Include/core_cm7.h **** #define FPU_FPCCR_BFRDY_Pos                 6U                                            /*!< FPCC
1549:../../Drivers/CMSIS/Include/core_cm7.h **** #define FPU_FPCCR_BFRDY_Msk                (1UL << FPU_FPCCR_BFRDY_Pos)                   /*!< FPCC
1550:../../Drivers/CMSIS/Include/core_cm7.h **** 
1551:../../Drivers/CMSIS/Include/core_cm7.h **** #define FPU_FPCCR_MMRDY_Pos                 5U                                            /*!< FPCC
1552:../../Drivers/CMSIS/Include/core_cm7.h **** #define FPU_FPCCR_MMRDY_Msk                (1UL << FPU_FPCCR_MMRDY_Pos)                   /*!< FPCC
1553:../../Drivers/CMSIS/Include/core_cm7.h **** 
1554:../../Drivers/CMSIS/Include/core_cm7.h **** #define FPU_FPCCR_HFRDY_Pos                 4U                                            /*!< FPCC
1555:../../Drivers/CMSIS/Include/core_cm7.h **** #define FPU_FPCCR_HFRDY_Msk                (1UL << FPU_FPCCR_HFRDY_Pos)                   /*!< FPCC
1556:../../Drivers/CMSIS/Include/core_cm7.h **** 
1557:../../Drivers/CMSIS/Include/core_cm7.h **** #define FPU_FPCCR_THREAD_Pos                3U                                            /*!< FPCC
1558:../../Drivers/CMSIS/Include/core_cm7.h **** #define FPU_FPCCR_THREAD_Msk               (1UL << FPU_FPCCR_THREAD_Pos)                  /*!< FPCC
1559:../../Drivers/CMSIS/Include/core_cm7.h **** 
1560:../../Drivers/CMSIS/Include/core_cm7.h **** #define FPU_FPCCR_USER_Pos                  1U                                            /*!< FPCC
1561:../../Drivers/CMSIS/Include/core_cm7.h **** #define FPU_FPCCR_USER_Msk                 (1UL << FPU_FPCCR_USER_Pos)                    /*!< FPCC
1562:../../Drivers/CMSIS/Include/core_cm7.h **** 
1563:../../Drivers/CMSIS/Include/core_cm7.h **** #define FPU_FPCCR_LSPACT_Pos                0U                                            /*!< FPCC
1564:../../Drivers/CMSIS/Include/core_cm7.h **** #define FPU_FPCCR_LSPACT_Msk               (1UL /*<< FPU_FPCCR_LSPACT_Pos*/)              /*!< FPCC
1565:../../Drivers/CMSIS/Include/core_cm7.h **** 
1566:../../Drivers/CMSIS/Include/core_cm7.h **** /* Floating-Point Context Address Register Definitions */
1567:../../Drivers/CMSIS/Include/core_cm7.h **** #define FPU_FPCAR_ADDRESS_Pos               3U                                            /*!< FPCA
1568:../../Drivers/CMSIS/Include/core_cm7.h **** #define FPU_FPCAR_ADDRESS_Msk              (0x1FFFFFFFUL << FPU_FPCAR_ADDRESS_Pos)        /*!< FPCA
1569:../../Drivers/CMSIS/Include/core_cm7.h **** 
1570:../../Drivers/CMSIS/Include/core_cm7.h **** /* Floating-Point Default Status Control Register Definitions */
1571:../../Drivers/CMSIS/Include/core_cm7.h **** #define FPU_FPDSCR_AHP_Pos                 26U                                            /*!< FPDS
1572:../../Drivers/CMSIS/Include/core_cm7.h **** #define FPU_FPDSCR_AHP_Msk                 (1UL << FPU_FPDSCR_AHP_Pos)                    /*!< FPDS
1573:../../Drivers/CMSIS/Include/core_cm7.h **** 
1574:../../Drivers/CMSIS/Include/core_cm7.h **** #define FPU_FPDSCR_DN_Pos                  25U                                            /*!< FPDS
1575:../../Drivers/CMSIS/Include/core_cm7.h **** #define FPU_FPDSCR_DN_Msk                  (1UL << FPU_FPDSCR_DN_Pos)                     /*!< FPDS
1576:../../Drivers/CMSIS/Include/core_cm7.h **** 
1577:../../Drivers/CMSIS/Include/core_cm7.h **** #define FPU_FPDSCR_FZ_Pos                  24U                                            /*!< FPDS
1578:../../Drivers/CMSIS/Include/core_cm7.h **** #define FPU_FPDSCR_FZ_Msk                  (1UL << FPU_FPDSCR_FZ_Pos)                     /*!< FPDS
1579:../../Drivers/CMSIS/Include/core_cm7.h **** 
1580:../../Drivers/CMSIS/Include/core_cm7.h **** #define FPU_FPDSCR_RMode_Pos               22U                                            /*!< FPDS
1581:../../Drivers/CMSIS/Include/core_cm7.h **** #define FPU_FPDSCR_RMode_Msk               (3UL << FPU_FPDSCR_RMode_Pos)                  /*!< FPDS
1582:../../Drivers/CMSIS/Include/core_cm7.h **** 
1583:../../Drivers/CMSIS/Include/core_cm7.h **** /* Media and FP Feature Register 0 Definitions */
1584:../../Drivers/CMSIS/Include/core_cm7.h **** #define FPU_MVFR0_FP_rounding_modes_Pos    28U                                            /*!< MVFR
1585:../../Drivers/CMSIS/Include/core_cm7.h **** #define FPU_MVFR0_FP_rounding_modes_Msk    (0xFUL << FPU_MVFR0_FP_rounding_modes_Pos)     /*!< MVFR
1586:../../Drivers/CMSIS/Include/core_cm7.h **** 
1587:../../Drivers/CMSIS/Include/core_cm7.h **** #define FPU_MVFR0_Short_vectors_Pos        24U                                            /*!< MVFR
1588:../../Drivers/CMSIS/Include/core_cm7.h **** #define FPU_MVFR0_Short_vectors_Msk        (0xFUL << FPU_MVFR0_Short_vectors_Pos)         /*!< MVFR
1589:../../Drivers/CMSIS/Include/core_cm7.h **** 
1590:../../Drivers/CMSIS/Include/core_cm7.h **** #define FPU_MVFR0_Square_root_Pos          20U                                            /*!< MVFR
1591:../../Drivers/CMSIS/Include/core_cm7.h **** #define FPU_MVFR0_Square_root_Msk          (0xFUL << FPU_MVFR0_Square_root_Pos)           /*!< MVFR
1592:../../Drivers/CMSIS/Include/core_cm7.h **** 
1593:../../Drivers/CMSIS/Include/core_cm7.h **** #define FPU_MVFR0_Divide_Pos               16U                                            /*!< MVFR
1594:../../Drivers/CMSIS/Include/core_cm7.h **** #define FPU_MVFR0_Divide_Msk               (0xFUL << FPU_MVFR0_Divide_Pos)                /*!< MVFR
1595:../../Drivers/CMSIS/Include/core_cm7.h **** 
1596:../../Drivers/CMSIS/Include/core_cm7.h **** #define FPU_MVFR0_FP_excep_trapping_Pos    12U                                            /*!< MVFR
1597:../../Drivers/CMSIS/Include/core_cm7.h **** #define FPU_MVFR0_FP_excep_trapping_Msk    (0xFUL << FPU_MVFR0_FP_excep_trapping_Pos)     /*!< MVFR
1598:../../Drivers/CMSIS/Include/core_cm7.h **** 
1599:../../Drivers/CMSIS/Include/core_cm7.h **** #define FPU_MVFR0_Double_precision_Pos      8U                                            /*!< MVFR
1600:../../Drivers/CMSIS/Include/core_cm7.h **** #define FPU_MVFR0_Double_precision_Msk     (0xFUL << FPU_MVFR0_Double_precision_Pos)      /*!< MVFR
1601:../../Drivers/CMSIS/Include/core_cm7.h **** 
1602:../../Drivers/CMSIS/Include/core_cm7.h **** #define FPU_MVFR0_Single_precision_Pos      4U                                            /*!< MVFR
ARM GAS  /var/folders/2r/mdtt8xvd351gdc398t28_m2m0000gn/T//cc7M34vh.s 			page 105


1603:../../Drivers/CMSIS/Include/core_cm7.h **** #define FPU_MVFR0_Single_precision_Msk     (0xFUL << FPU_MVFR0_Single_precision_Pos)      /*!< MVFR
1604:../../Drivers/CMSIS/Include/core_cm7.h **** 
1605:../../Drivers/CMSIS/Include/core_cm7.h **** #define FPU_MVFR0_A_SIMD_registers_Pos      0U                                            /*!< MVFR
1606:../../Drivers/CMSIS/Include/core_cm7.h **** #define FPU_MVFR0_A_SIMD_registers_Msk     (0xFUL /*<< FPU_MVFR0_A_SIMD_registers_Pos*/)  /*!< MVFR
1607:../../Drivers/CMSIS/Include/core_cm7.h **** 
1608:../../Drivers/CMSIS/Include/core_cm7.h **** /* Media and FP Feature Register 1 Definitions */
1609:../../Drivers/CMSIS/Include/core_cm7.h **** #define FPU_MVFR1_FP_fused_MAC_Pos         28U                                            /*!< MVFR
1610:../../Drivers/CMSIS/Include/core_cm7.h **** #define FPU_MVFR1_FP_fused_MAC_Msk         (0xFUL << FPU_MVFR1_FP_fused_MAC_Pos)          /*!< MVFR
1611:../../Drivers/CMSIS/Include/core_cm7.h **** 
1612:../../Drivers/CMSIS/Include/core_cm7.h **** #define FPU_MVFR1_FP_HPFP_Pos              24U                                            /*!< MVFR
1613:../../Drivers/CMSIS/Include/core_cm7.h **** #define FPU_MVFR1_FP_HPFP_Msk              (0xFUL << FPU_MVFR1_FP_HPFP_Pos)               /*!< MVFR
1614:../../Drivers/CMSIS/Include/core_cm7.h **** 
1615:../../Drivers/CMSIS/Include/core_cm7.h **** #define FPU_MVFR1_D_NaN_mode_Pos            4U                                            /*!< MVFR
1616:../../Drivers/CMSIS/Include/core_cm7.h **** #define FPU_MVFR1_D_NaN_mode_Msk           (0xFUL << FPU_MVFR1_D_NaN_mode_Pos)            /*!< MVFR
1617:../../Drivers/CMSIS/Include/core_cm7.h **** 
1618:../../Drivers/CMSIS/Include/core_cm7.h **** #define FPU_MVFR1_FtZ_mode_Pos              0U                                            /*!< MVFR
1619:../../Drivers/CMSIS/Include/core_cm7.h **** #define FPU_MVFR1_FtZ_mode_Msk             (0xFUL /*<< FPU_MVFR1_FtZ_mode_Pos*/)          /*!< MVFR
1620:../../Drivers/CMSIS/Include/core_cm7.h **** 
1621:../../Drivers/CMSIS/Include/core_cm7.h **** /* Media and FP Feature Register 2 Definitions */
1622:../../Drivers/CMSIS/Include/core_cm7.h **** 
1623:../../Drivers/CMSIS/Include/core_cm7.h **** #define FPU_MVFR2_VFP_Misc_Pos              4U                                            /*!< MVFR
1624:../../Drivers/CMSIS/Include/core_cm7.h **** #define FPU_MVFR2_VFP_Misc_Msk             (0xFUL << FPU_MVFR2_VFP_Misc_Pos)              /*!< MVFR
1625:../../Drivers/CMSIS/Include/core_cm7.h **** 
1626:../../Drivers/CMSIS/Include/core_cm7.h **** /*@} end of group CMSIS_FPU */
1627:../../Drivers/CMSIS/Include/core_cm7.h **** 
1628:../../Drivers/CMSIS/Include/core_cm7.h **** 
1629:../../Drivers/CMSIS/Include/core_cm7.h **** /**
1630:../../Drivers/CMSIS/Include/core_cm7.h ****   \ingroup  CMSIS_core_register
1631:../../Drivers/CMSIS/Include/core_cm7.h ****   \defgroup CMSIS_CoreDebug       Core Debug Registers (CoreDebug)
1632:../../Drivers/CMSIS/Include/core_cm7.h ****   \brief    Type definitions for the Core Debug Registers
1633:../../Drivers/CMSIS/Include/core_cm7.h ****   @{
1634:../../Drivers/CMSIS/Include/core_cm7.h ****  */
1635:../../Drivers/CMSIS/Include/core_cm7.h **** 
1636:../../Drivers/CMSIS/Include/core_cm7.h **** /**
1637:../../Drivers/CMSIS/Include/core_cm7.h ****   \brief  Structure type to access the Core Debug Register (CoreDebug).
1638:../../Drivers/CMSIS/Include/core_cm7.h ****  */
1639:../../Drivers/CMSIS/Include/core_cm7.h **** typedef struct
1640:../../Drivers/CMSIS/Include/core_cm7.h **** {
1641:../../Drivers/CMSIS/Include/core_cm7.h ****   __IOM uint32_t DHCSR;                  /*!< Offset: 0x000 (R/W)  Debug Halting Control and Status
1642:../../Drivers/CMSIS/Include/core_cm7.h ****   __OM  uint32_t DCRSR;                  /*!< Offset: 0x004 ( /W)  Debug Core Register Selector Reg
1643:../../Drivers/CMSIS/Include/core_cm7.h ****   __IOM uint32_t DCRDR;                  /*!< Offset: 0x008 (R/W)  Debug Core Register Data Registe
1644:../../Drivers/CMSIS/Include/core_cm7.h ****   __IOM uint32_t DEMCR;                  /*!< Offset: 0x00C (R/W)  Debug Exception and Monitor Cont
1645:../../Drivers/CMSIS/Include/core_cm7.h **** } CoreDebug_Type;
1646:../../Drivers/CMSIS/Include/core_cm7.h **** 
1647:../../Drivers/CMSIS/Include/core_cm7.h **** /* Debug Halting Control and Status Register Definitions */
1648:../../Drivers/CMSIS/Include/core_cm7.h **** #define CoreDebug_DHCSR_DBGKEY_Pos         16U                                            /*!< Core
1649:../../Drivers/CMSIS/Include/core_cm7.h **** #define CoreDebug_DHCSR_DBGKEY_Msk         (0xFFFFUL << CoreDebug_DHCSR_DBGKEY_Pos)       /*!< Core
1650:../../Drivers/CMSIS/Include/core_cm7.h **** 
1651:../../Drivers/CMSIS/Include/core_cm7.h **** #define CoreDebug_DHCSR_S_RESET_ST_Pos     25U                                            /*!< Core
1652:../../Drivers/CMSIS/Include/core_cm7.h **** #define CoreDebug_DHCSR_S_RESET_ST_Msk     (1UL << CoreDebug_DHCSR_S_RESET_ST_Pos)        /*!< Core
1653:../../Drivers/CMSIS/Include/core_cm7.h **** 
1654:../../Drivers/CMSIS/Include/core_cm7.h **** #define CoreDebug_DHCSR_S_RETIRE_ST_Pos    24U                                            /*!< Core
1655:../../Drivers/CMSIS/Include/core_cm7.h **** #define CoreDebug_DHCSR_S_RETIRE_ST_Msk    (1UL << CoreDebug_DHCSR_S_RETIRE_ST_Pos)       /*!< Core
1656:../../Drivers/CMSIS/Include/core_cm7.h **** 
1657:../../Drivers/CMSIS/Include/core_cm7.h **** #define CoreDebug_DHCSR_S_LOCKUP_Pos       19U                                            /*!< Core
1658:../../Drivers/CMSIS/Include/core_cm7.h **** #define CoreDebug_DHCSR_S_LOCKUP_Msk       (1UL << CoreDebug_DHCSR_S_LOCKUP_Pos)          /*!< Core
1659:../../Drivers/CMSIS/Include/core_cm7.h **** 
ARM GAS  /var/folders/2r/mdtt8xvd351gdc398t28_m2m0000gn/T//cc7M34vh.s 			page 106


1660:../../Drivers/CMSIS/Include/core_cm7.h **** #define CoreDebug_DHCSR_S_SLEEP_Pos        18U                                            /*!< Core
1661:../../Drivers/CMSIS/Include/core_cm7.h **** #define CoreDebug_DHCSR_S_SLEEP_Msk        (1UL << CoreDebug_DHCSR_S_SLEEP_Pos)           /*!< Core
1662:../../Drivers/CMSIS/Include/core_cm7.h **** 
1663:../../Drivers/CMSIS/Include/core_cm7.h **** #define CoreDebug_DHCSR_S_HALT_Pos         17U                                            /*!< Core
1664:../../Drivers/CMSIS/Include/core_cm7.h **** #define CoreDebug_DHCSR_S_HALT_Msk         (1UL << CoreDebug_DHCSR_S_HALT_Pos)            /*!< Core
1665:../../Drivers/CMSIS/Include/core_cm7.h **** 
1666:../../Drivers/CMSIS/Include/core_cm7.h **** #define CoreDebug_DHCSR_S_REGRDY_Pos       16U                                            /*!< Core
1667:../../Drivers/CMSIS/Include/core_cm7.h **** #define CoreDebug_DHCSR_S_REGRDY_Msk       (1UL << CoreDebug_DHCSR_S_REGRDY_Pos)          /*!< Core
1668:../../Drivers/CMSIS/Include/core_cm7.h **** 
1669:../../Drivers/CMSIS/Include/core_cm7.h **** #define CoreDebug_DHCSR_C_SNAPSTALL_Pos     5U                                            /*!< Core
1670:../../Drivers/CMSIS/Include/core_cm7.h **** #define CoreDebug_DHCSR_C_SNAPSTALL_Msk    (1UL << CoreDebug_DHCSR_C_SNAPSTALL_Pos)       /*!< Core
1671:../../Drivers/CMSIS/Include/core_cm7.h **** 
1672:../../Drivers/CMSIS/Include/core_cm7.h **** #define CoreDebug_DHCSR_C_MASKINTS_Pos      3U                                            /*!< Core
1673:../../Drivers/CMSIS/Include/core_cm7.h **** #define CoreDebug_DHCSR_C_MASKINTS_Msk     (1UL << CoreDebug_DHCSR_C_MASKINTS_Pos)        /*!< Core
1674:../../Drivers/CMSIS/Include/core_cm7.h **** 
1675:../../Drivers/CMSIS/Include/core_cm7.h **** #define CoreDebug_DHCSR_C_STEP_Pos          2U                                            /*!< Core
1676:../../Drivers/CMSIS/Include/core_cm7.h **** #define CoreDebug_DHCSR_C_STEP_Msk         (1UL << CoreDebug_DHCSR_C_STEP_Pos)            /*!< Core
1677:../../Drivers/CMSIS/Include/core_cm7.h **** 
1678:../../Drivers/CMSIS/Include/core_cm7.h **** #define CoreDebug_DHCSR_C_HALT_Pos          1U                                            /*!< Core
1679:../../Drivers/CMSIS/Include/core_cm7.h **** #define CoreDebug_DHCSR_C_HALT_Msk         (1UL << CoreDebug_DHCSR_C_HALT_Pos)            /*!< Core
1680:../../Drivers/CMSIS/Include/core_cm7.h **** 
1681:../../Drivers/CMSIS/Include/core_cm7.h **** #define CoreDebug_DHCSR_C_DEBUGEN_Pos       0U                                            /*!< Core
1682:../../Drivers/CMSIS/Include/core_cm7.h **** #define CoreDebug_DHCSR_C_DEBUGEN_Msk      (1UL /*<< CoreDebug_DHCSR_C_DEBUGEN_Pos*/)     /*!< Core
1683:../../Drivers/CMSIS/Include/core_cm7.h **** 
1684:../../Drivers/CMSIS/Include/core_cm7.h **** /* Debug Core Register Selector Register Definitions */
1685:../../Drivers/CMSIS/Include/core_cm7.h **** #define CoreDebug_DCRSR_REGWnR_Pos         16U                                            /*!< Core
1686:../../Drivers/CMSIS/Include/core_cm7.h **** #define CoreDebug_DCRSR_REGWnR_Msk         (1UL << CoreDebug_DCRSR_REGWnR_Pos)            /*!< Core
1687:../../Drivers/CMSIS/Include/core_cm7.h **** 
1688:../../Drivers/CMSIS/Include/core_cm7.h **** #define CoreDebug_DCRSR_REGSEL_Pos          0U                                            /*!< Core
1689:../../Drivers/CMSIS/Include/core_cm7.h **** #define CoreDebug_DCRSR_REGSEL_Msk         (0x1FUL /*<< CoreDebug_DCRSR_REGSEL_Pos*/)     /*!< Core
1690:../../Drivers/CMSIS/Include/core_cm7.h **** 
1691:../../Drivers/CMSIS/Include/core_cm7.h **** /* Debug Exception and Monitor Control Register Definitions */
1692:../../Drivers/CMSIS/Include/core_cm7.h **** #define CoreDebug_DEMCR_TRCENA_Pos         24U                                            /*!< Core
1693:../../Drivers/CMSIS/Include/core_cm7.h **** #define CoreDebug_DEMCR_TRCENA_Msk         (1UL << CoreDebug_DEMCR_TRCENA_Pos)            /*!< Core
1694:../../Drivers/CMSIS/Include/core_cm7.h **** 
1695:../../Drivers/CMSIS/Include/core_cm7.h **** #define CoreDebug_DEMCR_MON_REQ_Pos        19U                                            /*!< Core
1696:../../Drivers/CMSIS/Include/core_cm7.h **** #define CoreDebug_DEMCR_MON_REQ_Msk        (1UL << CoreDebug_DEMCR_MON_REQ_Pos)           /*!< Core
1697:../../Drivers/CMSIS/Include/core_cm7.h **** 
1698:../../Drivers/CMSIS/Include/core_cm7.h **** #define CoreDebug_DEMCR_MON_STEP_Pos       18U                                            /*!< Core
1699:../../Drivers/CMSIS/Include/core_cm7.h **** #define CoreDebug_DEMCR_MON_STEP_Msk       (1UL << CoreDebug_DEMCR_MON_STEP_Pos)          /*!< Core
1700:../../Drivers/CMSIS/Include/core_cm7.h **** 
1701:../../Drivers/CMSIS/Include/core_cm7.h **** #define CoreDebug_DEMCR_MON_PEND_Pos       17U                                            /*!< Core
1702:../../Drivers/CMSIS/Include/core_cm7.h **** #define CoreDebug_DEMCR_MON_PEND_Msk       (1UL << CoreDebug_DEMCR_MON_PEND_Pos)          /*!< Core
1703:../../Drivers/CMSIS/Include/core_cm7.h **** 
1704:../../Drivers/CMSIS/Include/core_cm7.h **** #define CoreDebug_DEMCR_MON_EN_Pos         16U                                            /*!< Core
1705:../../Drivers/CMSIS/Include/core_cm7.h **** #define CoreDebug_DEMCR_MON_EN_Msk         (1UL << CoreDebug_DEMCR_MON_EN_Pos)            /*!< Core
1706:../../Drivers/CMSIS/Include/core_cm7.h **** 
1707:../../Drivers/CMSIS/Include/core_cm7.h **** #define CoreDebug_DEMCR_VC_HARDERR_Pos     10U                                            /*!< Core
1708:../../Drivers/CMSIS/Include/core_cm7.h **** #define CoreDebug_DEMCR_VC_HARDERR_Msk     (1UL << CoreDebug_DEMCR_VC_HARDERR_Pos)        /*!< Core
1709:../../Drivers/CMSIS/Include/core_cm7.h **** 
1710:../../Drivers/CMSIS/Include/core_cm7.h **** #define CoreDebug_DEMCR_VC_INTERR_Pos       9U                                            /*!< Core
1711:../../Drivers/CMSIS/Include/core_cm7.h **** #define CoreDebug_DEMCR_VC_INTERR_Msk      (1UL << CoreDebug_DEMCR_VC_INTERR_Pos)         /*!< Core
1712:../../Drivers/CMSIS/Include/core_cm7.h **** 
1713:../../Drivers/CMSIS/Include/core_cm7.h **** #define CoreDebug_DEMCR_VC_BUSERR_Pos       8U                                            /*!< Core
1714:../../Drivers/CMSIS/Include/core_cm7.h **** #define CoreDebug_DEMCR_VC_BUSERR_Msk      (1UL << CoreDebug_DEMCR_VC_BUSERR_Pos)         /*!< Core
1715:../../Drivers/CMSIS/Include/core_cm7.h **** 
1716:../../Drivers/CMSIS/Include/core_cm7.h **** #define CoreDebug_DEMCR_VC_STATERR_Pos      7U                                            /*!< Core
ARM GAS  /var/folders/2r/mdtt8xvd351gdc398t28_m2m0000gn/T//cc7M34vh.s 			page 107


1717:../../Drivers/CMSIS/Include/core_cm7.h **** #define CoreDebug_DEMCR_VC_STATERR_Msk     (1UL << CoreDebug_DEMCR_VC_STATERR_Pos)        /*!< Core
1718:../../Drivers/CMSIS/Include/core_cm7.h **** 
1719:../../Drivers/CMSIS/Include/core_cm7.h **** #define CoreDebug_DEMCR_VC_CHKERR_Pos       6U                                            /*!< Core
1720:../../Drivers/CMSIS/Include/core_cm7.h **** #define CoreDebug_DEMCR_VC_CHKERR_Msk      (1UL << CoreDebug_DEMCR_VC_CHKERR_Pos)         /*!< Core
1721:../../Drivers/CMSIS/Include/core_cm7.h **** 
1722:../../Drivers/CMSIS/Include/core_cm7.h **** #define CoreDebug_DEMCR_VC_NOCPERR_Pos      5U                                            /*!< Core
1723:../../Drivers/CMSIS/Include/core_cm7.h **** #define CoreDebug_DEMCR_VC_NOCPERR_Msk     (1UL << CoreDebug_DEMCR_VC_NOCPERR_Pos)        /*!< Core
1724:../../Drivers/CMSIS/Include/core_cm7.h **** 
1725:../../Drivers/CMSIS/Include/core_cm7.h **** #define CoreDebug_DEMCR_VC_MMERR_Pos        4U                                            /*!< Core
1726:../../Drivers/CMSIS/Include/core_cm7.h **** #define CoreDebug_DEMCR_VC_MMERR_Msk       (1UL << CoreDebug_DEMCR_VC_MMERR_Pos)          /*!< Core
1727:../../Drivers/CMSIS/Include/core_cm7.h **** 
1728:../../Drivers/CMSIS/Include/core_cm7.h **** #define CoreDebug_DEMCR_VC_CORERESET_Pos    0U                                            /*!< Core
1729:../../Drivers/CMSIS/Include/core_cm7.h **** #define CoreDebug_DEMCR_VC_CORERESET_Msk   (1UL /*<< CoreDebug_DEMCR_VC_CORERESET_Pos*/)  /*!< Core
1730:../../Drivers/CMSIS/Include/core_cm7.h **** 
1731:../../Drivers/CMSIS/Include/core_cm7.h **** /*@} end of group CMSIS_CoreDebug */
1732:../../Drivers/CMSIS/Include/core_cm7.h **** 
1733:../../Drivers/CMSIS/Include/core_cm7.h **** 
1734:../../Drivers/CMSIS/Include/core_cm7.h **** /**
1735:../../Drivers/CMSIS/Include/core_cm7.h ****   \ingroup    CMSIS_core_register
1736:../../Drivers/CMSIS/Include/core_cm7.h ****   \defgroup   CMSIS_core_bitfield     Core register bit field macros
1737:../../Drivers/CMSIS/Include/core_cm7.h ****   \brief      Macros for use with bit field definitions (xxx_Pos, xxx_Msk).
1738:../../Drivers/CMSIS/Include/core_cm7.h ****   @{
1739:../../Drivers/CMSIS/Include/core_cm7.h ****  */
1740:../../Drivers/CMSIS/Include/core_cm7.h **** 
1741:../../Drivers/CMSIS/Include/core_cm7.h **** /**
1742:../../Drivers/CMSIS/Include/core_cm7.h ****   \brief   Mask and shift a bit field value for use in a register bit range.
1743:../../Drivers/CMSIS/Include/core_cm7.h ****   \param[in] field  Name of the register bit field.
1744:../../Drivers/CMSIS/Include/core_cm7.h ****   \param[in] value  Value of the bit field. This parameter is interpreted as an uint32_t type.
1745:../../Drivers/CMSIS/Include/core_cm7.h ****   \return           Masked and shifted value.
1746:../../Drivers/CMSIS/Include/core_cm7.h **** */
1747:../../Drivers/CMSIS/Include/core_cm7.h **** #define _VAL2FLD(field, value)    (((uint32_t)(value) << field ## _Pos) & field ## _Msk)
1748:../../Drivers/CMSIS/Include/core_cm7.h **** 
1749:../../Drivers/CMSIS/Include/core_cm7.h **** /**
1750:../../Drivers/CMSIS/Include/core_cm7.h ****   \brief     Mask and shift a register value to extract a bit filed value.
1751:../../Drivers/CMSIS/Include/core_cm7.h ****   \param[in] field  Name of the register bit field.
1752:../../Drivers/CMSIS/Include/core_cm7.h ****   \param[in] value  Value of register. This parameter is interpreted as an uint32_t type.
1753:../../Drivers/CMSIS/Include/core_cm7.h ****   \return           Masked and shifted bit field value.
1754:../../Drivers/CMSIS/Include/core_cm7.h **** */
1755:../../Drivers/CMSIS/Include/core_cm7.h **** #define _FLD2VAL(field, value)    (((uint32_t)(value) & field ## _Msk) >> field ## _Pos)
1756:../../Drivers/CMSIS/Include/core_cm7.h **** 
1757:../../Drivers/CMSIS/Include/core_cm7.h **** /*@} end of group CMSIS_core_bitfield */
1758:../../Drivers/CMSIS/Include/core_cm7.h **** 
1759:../../Drivers/CMSIS/Include/core_cm7.h **** 
1760:../../Drivers/CMSIS/Include/core_cm7.h **** /**
1761:../../Drivers/CMSIS/Include/core_cm7.h ****   \ingroup    CMSIS_core_register
1762:../../Drivers/CMSIS/Include/core_cm7.h ****   \defgroup   CMSIS_core_base     Core Definitions
1763:../../Drivers/CMSIS/Include/core_cm7.h ****   \brief      Definitions for base addresses, unions, and structures.
1764:../../Drivers/CMSIS/Include/core_cm7.h ****   @{
1765:../../Drivers/CMSIS/Include/core_cm7.h ****  */
1766:../../Drivers/CMSIS/Include/core_cm7.h **** 
1767:../../Drivers/CMSIS/Include/core_cm7.h **** /* Memory mapping of Core Hardware */
1768:../../Drivers/CMSIS/Include/core_cm7.h **** #define SCS_BASE            (0xE000E000UL)                            /*!< System Control Space Bas
1769:../../Drivers/CMSIS/Include/core_cm7.h **** #define ITM_BASE            (0xE0000000UL)                            /*!< ITM Base Address */
1770:../../Drivers/CMSIS/Include/core_cm7.h **** #define DWT_BASE            (0xE0001000UL)                            /*!< DWT Base Address */
1771:../../Drivers/CMSIS/Include/core_cm7.h **** #define TPI_BASE            (0xE0040000UL)                            /*!< TPI Base Address */
1772:../../Drivers/CMSIS/Include/core_cm7.h **** #define CoreDebug_BASE      (0xE000EDF0UL)                            /*!< Core Debug Base Address 
1773:../../Drivers/CMSIS/Include/core_cm7.h **** #define SysTick_BASE        (SCS_BASE +  0x0010UL)                    /*!< SysTick Base Address */
ARM GAS  /var/folders/2r/mdtt8xvd351gdc398t28_m2m0000gn/T//cc7M34vh.s 			page 108


1774:../../Drivers/CMSIS/Include/core_cm7.h **** #define NVIC_BASE           (SCS_BASE +  0x0100UL)                    /*!< NVIC Base Address */
1775:../../Drivers/CMSIS/Include/core_cm7.h **** #define SCB_BASE            (SCS_BASE +  0x0D00UL)                    /*!< System Control Block Bas
1776:../../Drivers/CMSIS/Include/core_cm7.h **** 
1777:../../Drivers/CMSIS/Include/core_cm7.h **** #define SCnSCB              ((SCnSCB_Type    *)     SCS_BASE      )   /*!< System control Register 
1778:../../Drivers/CMSIS/Include/core_cm7.h **** #define SCB                 ((SCB_Type       *)     SCB_BASE      )   /*!< SCB configuration struct
1779:../../Drivers/CMSIS/Include/core_cm7.h **** #define SysTick             ((SysTick_Type   *)     SysTick_BASE  )   /*!< SysTick configuration st
1780:../../Drivers/CMSIS/Include/core_cm7.h **** #define NVIC                ((NVIC_Type      *)     NVIC_BASE     )   /*!< NVIC configuration struc
1781:../../Drivers/CMSIS/Include/core_cm7.h **** #define ITM                 ((ITM_Type       *)     ITM_BASE      )   /*!< ITM configuration struct
1782:../../Drivers/CMSIS/Include/core_cm7.h **** #define DWT                 ((DWT_Type       *)     DWT_BASE      )   /*!< DWT configuration struct
1783:../../Drivers/CMSIS/Include/core_cm7.h **** #define TPI                 ((TPI_Type       *)     TPI_BASE      )   /*!< TPI configuration struct
1784:../../Drivers/CMSIS/Include/core_cm7.h **** #define CoreDebug           ((CoreDebug_Type *)     CoreDebug_BASE)   /*!< Core Debug configuration
1785:../../Drivers/CMSIS/Include/core_cm7.h **** 
1786:../../Drivers/CMSIS/Include/core_cm7.h **** #if defined (__MPU_PRESENT) && (__MPU_PRESENT == 1U)
1787:../../Drivers/CMSIS/Include/core_cm7.h ****   #define MPU_BASE          (SCS_BASE +  0x0D90UL)                    /*!< Memory Protection Unit *
1788:../../Drivers/CMSIS/Include/core_cm7.h ****   #define MPU               ((MPU_Type       *)     MPU_BASE      )   /*!< Memory Protection Unit *
1789:../../Drivers/CMSIS/Include/core_cm7.h **** #endif
1790:../../Drivers/CMSIS/Include/core_cm7.h **** 
1791:../../Drivers/CMSIS/Include/core_cm7.h **** #define FPU_BASE            (SCS_BASE +  0x0F30UL)                    /*!< Floating Point Unit */
1792:../../Drivers/CMSIS/Include/core_cm7.h **** #define FPU                 ((FPU_Type       *)     FPU_BASE      )   /*!< Floating Point Unit */
1793:../../Drivers/CMSIS/Include/core_cm7.h **** 
1794:../../Drivers/CMSIS/Include/core_cm7.h **** /*@} */
1795:../../Drivers/CMSIS/Include/core_cm7.h **** 
1796:../../Drivers/CMSIS/Include/core_cm7.h **** 
1797:../../Drivers/CMSIS/Include/core_cm7.h **** 
1798:../../Drivers/CMSIS/Include/core_cm7.h **** /*******************************************************************************
1799:../../Drivers/CMSIS/Include/core_cm7.h ****  *                Hardware Abstraction Layer
1800:../../Drivers/CMSIS/Include/core_cm7.h ****   Core Function Interface contains:
1801:../../Drivers/CMSIS/Include/core_cm7.h ****   - Core NVIC Functions
1802:../../Drivers/CMSIS/Include/core_cm7.h ****   - Core SysTick Functions
1803:../../Drivers/CMSIS/Include/core_cm7.h ****   - Core Debug Functions
1804:../../Drivers/CMSIS/Include/core_cm7.h ****   - Core Register Access Functions
1805:../../Drivers/CMSIS/Include/core_cm7.h ****  ******************************************************************************/
1806:../../Drivers/CMSIS/Include/core_cm7.h **** /**
1807:../../Drivers/CMSIS/Include/core_cm7.h ****   \defgroup CMSIS_Core_FunctionInterface Functions and Instructions Reference
1808:../../Drivers/CMSIS/Include/core_cm7.h **** */
1809:../../Drivers/CMSIS/Include/core_cm7.h **** 
1810:../../Drivers/CMSIS/Include/core_cm7.h **** 
1811:../../Drivers/CMSIS/Include/core_cm7.h **** 
1812:../../Drivers/CMSIS/Include/core_cm7.h **** /* ##########################   NVIC functions  #################################### */
1813:../../Drivers/CMSIS/Include/core_cm7.h **** /**
1814:../../Drivers/CMSIS/Include/core_cm7.h ****   \ingroup  CMSIS_Core_FunctionInterface
1815:../../Drivers/CMSIS/Include/core_cm7.h ****   \defgroup CMSIS_Core_NVICFunctions NVIC Functions
1816:../../Drivers/CMSIS/Include/core_cm7.h ****   \brief    Functions that manage interrupts and exceptions via the NVIC.
1817:../../Drivers/CMSIS/Include/core_cm7.h ****   @{
1818:../../Drivers/CMSIS/Include/core_cm7.h ****  */
1819:../../Drivers/CMSIS/Include/core_cm7.h **** 
1820:../../Drivers/CMSIS/Include/core_cm7.h **** #ifdef CMSIS_NVIC_VIRTUAL
1821:../../Drivers/CMSIS/Include/core_cm7.h ****   #ifndef CMSIS_NVIC_VIRTUAL_HEADER_FILE
1822:../../Drivers/CMSIS/Include/core_cm7.h ****     #define CMSIS_NVIC_VIRTUAL_HEADER_FILE "cmsis_nvic_virtual.h"
1823:../../Drivers/CMSIS/Include/core_cm7.h ****   #endif
1824:../../Drivers/CMSIS/Include/core_cm7.h ****   #include CMSIS_NVIC_VIRTUAL_HEADER_FILE
1825:../../Drivers/CMSIS/Include/core_cm7.h **** #else
1826:../../Drivers/CMSIS/Include/core_cm7.h ****   #define NVIC_SetPriorityGrouping    __NVIC_SetPriorityGrouping
1827:../../Drivers/CMSIS/Include/core_cm7.h ****   #define NVIC_GetPriorityGrouping    __NVIC_GetPriorityGrouping
1828:../../Drivers/CMSIS/Include/core_cm7.h ****   #define NVIC_EnableIRQ              __NVIC_EnableIRQ
1829:../../Drivers/CMSIS/Include/core_cm7.h ****   #define NVIC_GetEnableIRQ           __NVIC_GetEnableIRQ
1830:../../Drivers/CMSIS/Include/core_cm7.h ****   #define NVIC_DisableIRQ             __NVIC_DisableIRQ
ARM GAS  /var/folders/2r/mdtt8xvd351gdc398t28_m2m0000gn/T//cc7M34vh.s 			page 109


1831:../../Drivers/CMSIS/Include/core_cm7.h ****   #define NVIC_GetPendingIRQ          __NVIC_GetPendingIRQ
1832:../../Drivers/CMSIS/Include/core_cm7.h ****   #define NVIC_SetPendingIRQ          __NVIC_SetPendingIRQ
1833:../../Drivers/CMSIS/Include/core_cm7.h ****   #define NVIC_ClearPendingIRQ        __NVIC_ClearPendingIRQ
1834:../../Drivers/CMSIS/Include/core_cm7.h ****   #define NVIC_GetActive              __NVIC_GetActive
1835:../../Drivers/CMSIS/Include/core_cm7.h ****   #define NVIC_SetPriority            __NVIC_SetPriority
1836:../../Drivers/CMSIS/Include/core_cm7.h ****   #define NVIC_GetPriority            __NVIC_GetPriority
1837:../../Drivers/CMSIS/Include/core_cm7.h ****   #define NVIC_SystemReset            __NVIC_SystemReset
1838:../../Drivers/CMSIS/Include/core_cm7.h **** #endif /* CMSIS_NVIC_VIRTUAL */
1839:../../Drivers/CMSIS/Include/core_cm7.h **** 
1840:../../Drivers/CMSIS/Include/core_cm7.h **** #ifdef CMSIS_VECTAB_VIRTUAL
1841:../../Drivers/CMSIS/Include/core_cm7.h ****   #ifndef CMSIS_VECTAB_VIRTUAL_HEADER_FILE
1842:../../Drivers/CMSIS/Include/core_cm7.h ****     #define CMSIS_VECTAB_VIRTUAL_HEADER_FILE "cmsis_vectab_virtual.h"
1843:../../Drivers/CMSIS/Include/core_cm7.h ****   #endif
1844:../../Drivers/CMSIS/Include/core_cm7.h ****   #include CMSIS_VECTAB_VIRTUAL_HEADER_FILE
1845:../../Drivers/CMSIS/Include/core_cm7.h **** #else
1846:../../Drivers/CMSIS/Include/core_cm7.h ****   #define NVIC_SetVector              __NVIC_SetVector
1847:../../Drivers/CMSIS/Include/core_cm7.h ****   #define NVIC_GetVector              __NVIC_GetVector
1848:../../Drivers/CMSIS/Include/core_cm7.h **** #endif  /* (CMSIS_VECTAB_VIRTUAL) */
1849:../../Drivers/CMSIS/Include/core_cm7.h **** 
1850:../../Drivers/CMSIS/Include/core_cm7.h **** #define NVIC_USER_IRQ_OFFSET          16
1851:../../Drivers/CMSIS/Include/core_cm7.h **** 
1852:../../Drivers/CMSIS/Include/core_cm7.h **** 
1853:../../Drivers/CMSIS/Include/core_cm7.h **** /* The following EXC_RETURN values are saved the LR on exception entry */
1854:../../Drivers/CMSIS/Include/core_cm7.h **** #define EXC_RETURN_HANDLER         (0xFFFFFFF1UL)     /* return to Handler mode, uses MSP after ret
1855:../../Drivers/CMSIS/Include/core_cm7.h **** #define EXC_RETURN_THREAD_MSP      (0xFFFFFFF9UL)     /* return to Thread mode, uses MSP after retu
1856:../../Drivers/CMSIS/Include/core_cm7.h **** #define EXC_RETURN_THREAD_PSP      (0xFFFFFFFDUL)     /* return to Thread mode, uses PSP after retu
1857:../../Drivers/CMSIS/Include/core_cm7.h **** #define EXC_RETURN_HANDLER_FPU     (0xFFFFFFE1UL)     /* return to Handler mode, uses MSP after ret
1858:../../Drivers/CMSIS/Include/core_cm7.h **** #define EXC_RETURN_THREAD_MSP_FPU  (0xFFFFFFE9UL)     /* return to Thread mode, uses MSP after retu
1859:../../Drivers/CMSIS/Include/core_cm7.h **** #define EXC_RETURN_THREAD_PSP_FPU  (0xFFFFFFEDUL)     /* return to Thread mode, uses PSP after retu
1860:../../Drivers/CMSIS/Include/core_cm7.h **** 
1861:../../Drivers/CMSIS/Include/core_cm7.h **** 
1862:../../Drivers/CMSIS/Include/core_cm7.h **** /**
1863:../../Drivers/CMSIS/Include/core_cm7.h ****   \brief   Set Priority Grouping
1864:../../Drivers/CMSIS/Include/core_cm7.h ****   \details Sets the priority grouping field using the required unlock sequence.
1865:../../Drivers/CMSIS/Include/core_cm7.h ****            The parameter PriorityGroup is assigned to the field SCB->AIRCR [10:8] PRIGROUP field.
1866:../../Drivers/CMSIS/Include/core_cm7.h ****            Only values from 0..7 are used.
1867:../../Drivers/CMSIS/Include/core_cm7.h ****            In case of a conflict between priority grouping and available
1868:../../Drivers/CMSIS/Include/core_cm7.h ****            priority bits (__NVIC_PRIO_BITS), the smallest possible priority group is set.
1869:../../Drivers/CMSIS/Include/core_cm7.h ****   \param [in]      PriorityGroup  Priority grouping field.
1870:../../Drivers/CMSIS/Include/core_cm7.h ****  */
1871:../../Drivers/CMSIS/Include/core_cm7.h **** __STATIC_INLINE void __NVIC_SetPriorityGrouping(uint32_t PriorityGroup)
1872:../../Drivers/CMSIS/Include/core_cm7.h **** {
1873:../../Drivers/CMSIS/Include/core_cm7.h ****   uint32_t reg_value;
1874:../../Drivers/CMSIS/Include/core_cm7.h ****   uint32_t PriorityGroupTmp = (PriorityGroup & (uint32_t)0x07UL);             /* only values 0..7 a
1875:../../Drivers/CMSIS/Include/core_cm7.h **** 
1876:../../Drivers/CMSIS/Include/core_cm7.h ****   reg_value  =  SCB->AIRCR;                                                   /* read old register 
1877:../../Drivers/CMSIS/Include/core_cm7.h ****   reg_value &= ~((uint32_t)(SCB_AIRCR_VECTKEY_Msk | SCB_AIRCR_PRIGROUP_Msk)); /* clear bits to chan
1878:../../Drivers/CMSIS/Include/core_cm7.h ****   reg_value  =  (reg_value                                   |
1879:../../Drivers/CMSIS/Include/core_cm7.h ****                 ((uint32_t)0x5FAUL << SCB_AIRCR_VECTKEY_Pos) |
1880:../../Drivers/CMSIS/Include/core_cm7.h ****                 (PriorityGroupTmp << SCB_AIRCR_PRIGROUP_Pos)  );              /* Insert write key a
1881:../../Drivers/CMSIS/Include/core_cm7.h ****   SCB->AIRCR =  reg_value;
1882:../../Drivers/CMSIS/Include/core_cm7.h **** }
1883:../../Drivers/CMSIS/Include/core_cm7.h **** 
1884:../../Drivers/CMSIS/Include/core_cm7.h **** 
1885:../../Drivers/CMSIS/Include/core_cm7.h **** /**
1886:../../Drivers/CMSIS/Include/core_cm7.h ****   \brief   Get Priority Grouping
1887:../../Drivers/CMSIS/Include/core_cm7.h ****   \details Reads the priority grouping field from the NVIC Interrupt Controller.
ARM GAS  /var/folders/2r/mdtt8xvd351gdc398t28_m2m0000gn/T//cc7M34vh.s 			page 110


1888:../../Drivers/CMSIS/Include/core_cm7.h ****   \return                Priority grouping field (SCB->AIRCR [10:8] PRIGROUP field).
1889:../../Drivers/CMSIS/Include/core_cm7.h ****  */
1890:../../Drivers/CMSIS/Include/core_cm7.h **** __STATIC_INLINE uint32_t __NVIC_GetPriorityGrouping(void)
1891:../../Drivers/CMSIS/Include/core_cm7.h **** {
1892:../../Drivers/CMSIS/Include/core_cm7.h ****   return ((uint32_t)((SCB->AIRCR & SCB_AIRCR_PRIGROUP_Msk) >> SCB_AIRCR_PRIGROUP_Pos));
1893:../../Drivers/CMSIS/Include/core_cm7.h **** }
1894:../../Drivers/CMSIS/Include/core_cm7.h **** 
1895:../../Drivers/CMSIS/Include/core_cm7.h **** 
1896:../../Drivers/CMSIS/Include/core_cm7.h **** /**
1897:../../Drivers/CMSIS/Include/core_cm7.h ****   \brief   Enable Interrupt
1898:../../Drivers/CMSIS/Include/core_cm7.h ****   \details Enables a device specific interrupt in the NVIC interrupt controller.
1899:../../Drivers/CMSIS/Include/core_cm7.h ****   \param [in]      IRQn  Device specific interrupt number.
1900:../../Drivers/CMSIS/Include/core_cm7.h ****   \note    IRQn must not be negative.
1901:../../Drivers/CMSIS/Include/core_cm7.h ****  */
1902:../../Drivers/CMSIS/Include/core_cm7.h **** __STATIC_INLINE void __NVIC_EnableIRQ(IRQn_Type IRQn)
1903:../../Drivers/CMSIS/Include/core_cm7.h **** {
1904:../../Drivers/CMSIS/Include/core_cm7.h ****   if ((int32_t)(IRQn) >= 0)
1905:../../Drivers/CMSIS/Include/core_cm7.h ****   {
1906:../../Drivers/CMSIS/Include/core_cm7.h ****     __COMPILER_BARRIER();
1907:../../Drivers/CMSIS/Include/core_cm7.h ****     NVIC->ISER[(((uint32_t)IRQn) >> 5UL)] = (uint32_t)(1UL << (((uint32_t)IRQn) & 0x1FUL));
1908:../../Drivers/CMSIS/Include/core_cm7.h ****     __COMPILER_BARRIER();
1909:../../Drivers/CMSIS/Include/core_cm7.h ****   }
1910:../../Drivers/CMSIS/Include/core_cm7.h **** }
1911:../../Drivers/CMSIS/Include/core_cm7.h **** 
1912:../../Drivers/CMSIS/Include/core_cm7.h **** 
1913:../../Drivers/CMSIS/Include/core_cm7.h **** /**
1914:../../Drivers/CMSIS/Include/core_cm7.h ****   \brief   Get Interrupt Enable status
1915:../../Drivers/CMSIS/Include/core_cm7.h ****   \details Returns a device specific interrupt enable status from the NVIC interrupt controller.
1916:../../Drivers/CMSIS/Include/core_cm7.h ****   \param [in]      IRQn  Device specific interrupt number.
1917:../../Drivers/CMSIS/Include/core_cm7.h ****   \return             0  Interrupt is not enabled.
1918:../../Drivers/CMSIS/Include/core_cm7.h ****   \return             1  Interrupt is enabled.
1919:../../Drivers/CMSIS/Include/core_cm7.h ****   \note    IRQn must not be negative.
1920:../../Drivers/CMSIS/Include/core_cm7.h ****  */
1921:../../Drivers/CMSIS/Include/core_cm7.h **** __STATIC_INLINE uint32_t __NVIC_GetEnableIRQ(IRQn_Type IRQn)
1922:../../Drivers/CMSIS/Include/core_cm7.h **** {
1923:../../Drivers/CMSIS/Include/core_cm7.h ****   if ((int32_t)(IRQn) >= 0)
1924:../../Drivers/CMSIS/Include/core_cm7.h ****   {
1925:../../Drivers/CMSIS/Include/core_cm7.h ****     return((uint32_t)(((NVIC->ISER[(((uint32_t)IRQn) >> 5UL)] & (1UL << (((uint32_t)IRQn) & 0x1FUL)
1926:../../Drivers/CMSIS/Include/core_cm7.h ****   }
1927:../../Drivers/CMSIS/Include/core_cm7.h ****   else
1928:../../Drivers/CMSIS/Include/core_cm7.h ****   {
1929:../../Drivers/CMSIS/Include/core_cm7.h ****     return(0U);
1930:../../Drivers/CMSIS/Include/core_cm7.h ****   }
1931:../../Drivers/CMSIS/Include/core_cm7.h **** }
1932:../../Drivers/CMSIS/Include/core_cm7.h **** 
1933:../../Drivers/CMSIS/Include/core_cm7.h **** 
1934:../../Drivers/CMSIS/Include/core_cm7.h **** /**
1935:../../Drivers/CMSIS/Include/core_cm7.h ****   \brief   Disable Interrupt
1936:../../Drivers/CMSIS/Include/core_cm7.h ****   \details Disables a device specific interrupt in the NVIC interrupt controller.
1937:../../Drivers/CMSIS/Include/core_cm7.h ****   \param [in]      IRQn  Device specific interrupt number.
1938:../../Drivers/CMSIS/Include/core_cm7.h ****   \note    IRQn must not be negative.
1939:../../Drivers/CMSIS/Include/core_cm7.h ****  */
1940:../../Drivers/CMSIS/Include/core_cm7.h **** __STATIC_INLINE void __NVIC_DisableIRQ(IRQn_Type IRQn)
1941:../../Drivers/CMSIS/Include/core_cm7.h **** {
1942:../../Drivers/CMSIS/Include/core_cm7.h ****   if ((int32_t)(IRQn) >= 0)
1943:../../Drivers/CMSIS/Include/core_cm7.h ****   {
1944:../../Drivers/CMSIS/Include/core_cm7.h ****     NVIC->ICER[(((uint32_t)IRQn) >> 5UL)] = (uint32_t)(1UL << (((uint32_t)IRQn) & 0x1FUL));
ARM GAS  /var/folders/2r/mdtt8xvd351gdc398t28_m2m0000gn/T//cc7M34vh.s 			page 111


1945:../../Drivers/CMSIS/Include/core_cm7.h ****     __DSB();
1946:../../Drivers/CMSIS/Include/core_cm7.h ****     __ISB();
1947:../../Drivers/CMSIS/Include/core_cm7.h ****   }
1948:../../Drivers/CMSIS/Include/core_cm7.h **** }
1949:../../Drivers/CMSIS/Include/core_cm7.h **** 
1950:../../Drivers/CMSIS/Include/core_cm7.h **** 
1951:../../Drivers/CMSIS/Include/core_cm7.h **** /**
1952:../../Drivers/CMSIS/Include/core_cm7.h ****   \brief   Get Pending Interrupt
1953:../../Drivers/CMSIS/Include/core_cm7.h ****   \details Reads the NVIC pending register and returns the pending bit for the specified device spe
1954:../../Drivers/CMSIS/Include/core_cm7.h ****   \param [in]      IRQn  Device specific interrupt number.
1955:../../Drivers/CMSIS/Include/core_cm7.h ****   \return             0  Interrupt status is not pending.
1956:../../Drivers/CMSIS/Include/core_cm7.h ****   \return             1  Interrupt status is pending.
1957:../../Drivers/CMSIS/Include/core_cm7.h ****   \note    IRQn must not be negative.
1958:../../Drivers/CMSIS/Include/core_cm7.h ****  */
1959:../../Drivers/CMSIS/Include/core_cm7.h **** __STATIC_INLINE uint32_t __NVIC_GetPendingIRQ(IRQn_Type IRQn)
1960:../../Drivers/CMSIS/Include/core_cm7.h **** {
1961:../../Drivers/CMSIS/Include/core_cm7.h ****   if ((int32_t)(IRQn) >= 0)
1962:../../Drivers/CMSIS/Include/core_cm7.h ****   {
1963:../../Drivers/CMSIS/Include/core_cm7.h ****     return((uint32_t)(((NVIC->ISPR[(((uint32_t)IRQn) >> 5UL)] & (1UL << (((uint32_t)IRQn) & 0x1FUL)
1964:../../Drivers/CMSIS/Include/core_cm7.h ****   }
1965:../../Drivers/CMSIS/Include/core_cm7.h ****   else
1966:../../Drivers/CMSIS/Include/core_cm7.h ****   {
1967:../../Drivers/CMSIS/Include/core_cm7.h ****     return(0U);
1968:../../Drivers/CMSIS/Include/core_cm7.h ****   }
1969:../../Drivers/CMSIS/Include/core_cm7.h **** }
1970:../../Drivers/CMSIS/Include/core_cm7.h **** 
1971:../../Drivers/CMSIS/Include/core_cm7.h **** 
1972:../../Drivers/CMSIS/Include/core_cm7.h **** /**
1973:../../Drivers/CMSIS/Include/core_cm7.h ****   \brief   Set Pending Interrupt
1974:../../Drivers/CMSIS/Include/core_cm7.h ****   \details Sets the pending bit of a device specific interrupt in the NVIC pending register.
1975:../../Drivers/CMSIS/Include/core_cm7.h ****   \param [in]      IRQn  Device specific interrupt number.
1976:../../Drivers/CMSIS/Include/core_cm7.h ****   \note    IRQn must not be negative.
1977:../../Drivers/CMSIS/Include/core_cm7.h ****  */
1978:../../Drivers/CMSIS/Include/core_cm7.h **** __STATIC_INLINE void __NVIC_SetPendingIRQ(IRQn_Type IRQn)
1979:../../Drivers/CMSIS/Include/core_cm7.h **** {
1980:../../Drivers/CMSIS/Include/core_cm7.h ****   if ((int32_t)(IRQn) >= 0)
1981:../../Drivers/CMSIS/Include/core_cm7.h ****   {
1982:../../Drivers/CMSIS/Include/core_cm7.h ****     NVIC->ISPR[(((uint32_t)IRQn) >> 5UL)] = (uint32_t)(1UL << (((uint32_t)IRQn) & 0x1FUL));
1983:../../Drivers/CMSIS/Include/core_cm7.h ****   }
1984:../../Drivers/CMSIS/Include/core_cm7.h **** }
1985:../../Drivers/CMSIS/Include/core_cm7.h **** 
1986:../../Drivers/CMSIS/Include/core_cm7.h **** 
1987:../../Drivers/CMSIS/Include/core_cm7.h **** /**
1988:../../Drivers/CMSIS/Include/core_cm7.h ****   \brief   Clear Pending Interrupt
1989:../../Drivers/CMSIS/Include/core_cm7.h ****   \details Clears the pending bit of a device specific interrupt in the NVIC pending register.
1990:../../Drivers/CMSIS/Include/core_cm7.h ****   \param [in]      IRQn  Device specific interrupt number.
1991:../../Drivers/CMSIS/Include/core_cm7.h ****   \note    IRQn must not be negative.
1992:../../Drivers/CMSIS/Include/core_cm7.h ****  */
1993:../../Drivers/CMSIS/Include/core_cm7.h **** __STATIC_INLINE void __NVIC_ClearPendingIRQ(IRQn_Type IRQn)
1994:../../Drivers/CMSIS/Include/core_cm7.h **** {
1995:../../Drivers/CMSIS/Include/core_cm7.h ****   if ((int32_t)(IRQn) >= 0)
1996:../../Drivers/CMSIS/Include/core_cm7.h ****   {
1997:../../Drivers/CMSIS/Include/core_cm7.h ****     NVIC->ICPR[(((uint32_t)IRQn) >> 5UL)] = (uint32_t)(1UL << (((uint32_t)IRQn) & 0x1FUL));
1998:../../Drivers/CMSIS/Include/core_cm7.h ****   }
1999:../../Drivers/CMSIS/Include/core_cm7.h **** }
2000:../../Drivers/CMSIS/Include/core_cm7.h **** 
2001:../../Drivers/CMSIS/Include/core_cm7.h **** 
ARM GAS  /var/folders/2r/mdtt8xvd351gdc398t28_m2m0000gn/T//cc7M34vh.s 			page 112


2002:../../Drivers/CMSIS/Include/core_cm7.h **** /**
2003:../../Drivers/CMSIS/Include/core_cm7.h ****   \brief   Get Active Interrupt
2004:../../Drivers/CMSIS/Include/core_cm7.h ****   \details Reads the active register in the NVIC and returns the active bit for the device specific
2005:../../Drivers/CMSIS/Include/core_cm7.h ****   \param [in]      IRQn  Device specific interrupt number.
2006:../../Drivers/CMSIS/Include/core_cm7.h ****   \return             0  Interrupt status is not active.
2007:../../Drivers/CMSIS/Include/core_cm7.h ****   \return             1  Interrupt status is active.
2008:../../Drivers/CMSIS/Include/core_cm7.h ****   \note    IRQn must not be negative.
2009:../../Drivers/CMSIS/Include/core_cm7.h ****  */
2010:../../Drivers/CMSIS/Include/core_cm7.h **** __STATIC_INLINE uint32_t __NVIC_GetActive(IRQn_Type IRQn)
2011:../../Drivers/CMSIS/Include/core_cm7.h **** {
2012:../../Drivers/CMSIS/Include/core_cm7.h ****   if ((int32_t)(IRQn) >= 0)
2013:../../Drivers/CMSIS/Include/core_cm7.h ****   {
2014:../../Drivers/CMSIS/Include/core_cm7.h ****     return((uint32_t)(((NVIC->IABR[(((uint32_t)IRQn) >> 5UL)] & (1UL << (((uint32_t)IRQn) & 0x1FUL)
2015:../../Drivers/CMSIS/Include/core_cm7.h ****   }
2016:../../Drivers/CMSIS/Include/core_cm7.h ****   else
2017:../../Drivers/CMSIS/Include/core_cm7.h ****   {
2018:../../Drivers/CMSIS/Include/core_cm7.h ****     return(0U);
2019:../../Drivers/CMSIS/Include/core_cm7.h ****   }
2020:../../Drivers/CMSIS/Include/core_cm7.h **** }
2021:../../Drivers/CMSIS/Include/core_cm7.h **** 
2022:../../Drivers/CMSIS/Include/core_cm7.h **** 
2023:../../Drivers/CMSIS/Include/core_cm7.h **** /**
2024:../../Drivers/CMSIS/Include/core_cm7.h ****   \brief   Set Interrupt Priority
2025:../../Drivers/CMSIS/Include/core_cm7.h ****   \details Sets the priority of a device specific interrupt or a processor exception.
2026:../../Drivers/CMSIS/Include/core_cm7.h ****            The interrupt number can be positive to specify a device specific interrupt,
2027:../../Drivers/CMSIS/Include/core_cm7.h ****            or negative to specify a processor exception.
2028:../../Drivers/CMSIS/Include/core_cm7.h ****   \param [in]      IRQn  Interrupt number.
2029:../../Drivers/CMSIS/Include/core_cm7.h ****   \param [in]  priority  Priority to set.
2030:../../Drivers/CMSIS/Include/core_cm7.h ****   \note    The priority cannot be set for every processor exception.
2031:../../Drivers/CMSIS/Include/core_cm7.h ****  */
2032:../../Drivers/CMSIS/Include/core_cm7.h **** __STATIC_INLINE void __NVIC_SetPriority(IRQn_Type IRQn, uint32_t priority)
2033:../../Drivers/CMSIS/Include/core_cm7.h **** {
2034:../../Drivers/CMSIS/Include/core_cm7.h ****   if ((int32_t)(IRQn) >= 0)
2035:../../Drivers/CMSIS/Include/core_cm7.h ****   {
2036:../../Drivers/CMSIS/Include/core_cm7.h ****     NVIC->IP[((uint32_t)IRQn)]                = (uint8_t)((priority << (8U - __NVIC_PRIO_BITS)) & (
2037:../../Drivers/CMSIS/Include/core_cm7.h ****   }
2038:../../Drivers/CMSIS/Include/core_cm7.h ****   else
2039:../../Drivers/CMSIS/Include/core_cm7.h ****   {
2040:../../Drivers/CMSIS/Include/core_cm7.h ****     SCB->SHPR[(((uint32_t)IRQn) & 0xFUL)-4UL] = (uint8_t)((priority << (8U - __NVIC_PRIO_BITS)) & (
2041:../../Drivers/CMSIS/Include/core_cm7.h ****   }
2042:../../Drivers/CMSIS/Include/core_cm7.h **** }
2043:../../Drivers/CMSIS/Include/core_cm7.h **** 
2044:../../Drivers/CMSIS/Include/core_cm7.h **** 
2045:../../Drivers/CMSIS/Include/core_cm7.h **** /**
2046:../../Drivers/CMSIS/Include/core_cm7.h ****   \brief   Get Interrupt Priority
2047:../../Drivers/CMSIS/Include/core_cm7.h ****   \details Reads the priority of a device specific interrupt or a processor exception.
2048:../../Drivers/CMSIS/Include/core_cm7.h ****            The interrupt number can be positive to specify a device specific interrupt,
2049:../../Drivers/CMSIS/Include/core_cm7.h ****            or negative to specify a processor exception.
2050:../../Drivers/CMSIS/Include/core_cm7.h ****   \param [in]   IRQn  Interrupt number.
2051:../../Drivers/CMSIS/Include/core_cm7.h ****   \return             Interrupt Priority.
2052:../../Drivers/CMSIS/Include/core_cm7.h ****                       Value is aligned automatically to the implemented priority bits of the microc
2053:../../Drivers/CMSIS/Include/core_cm7.h ****  */
2054:../../Drivers/CMSIS/Include/core_cm7.h **** __STATIC_INLINE uint32_t __NVIC_GetPriority(IRQn_Type IRQn)
2055:../../Drivers/CMSIS/Include/core_cm7.h **** {
2056:../../Drivers/CMSIS/Include/core_cm7.h **** 
2057:../../Drivers/CMSIS/Include/core_cm7.h ****   if ((int32_t)(IRQn) >= 0)
2058:../../Drivers/CMSIS/Include/core_cm7.h ****   {
ARM GAS  /var/folders/2r/mdtt8xvd351gdc398t28_m2m0000gn/T//cc7M34vh.s 			page 113


2059:../../Drivers/CMSIS/Include/core_cm7.h ****     return(((uint32_t)NVIC->IP[((uint32_t)IRQn)]                >> (8U - __NVIC_PRIO_BITS)));
2060:../../Drivers/CMSIS/Include/core_cm7.h ****   }
2061:../../Drivers/CMSIS/Include/core_cm7.h ****   else
2062:../../Drivers/CMSIS/Include/core_cm7.h ****   {
2063:../../Drivers/CMSIS/Include/core_cm7.h ****     return(((uint32_t)SCB->SHPR[(((uint32_t)IRQn) & 0xFUL)-4UL] >> (8U - __NVIC_PRIO_BITS)));
2064:../../Drivers/CMSIS/Include/core_cm7.h ****   }
2065:../../Drivers/CMSIS/Include/core_cm7.h **** }
2066:../../Drivers/CMSIS/Include/core_cm7.h **** 
2067:../../Drivers/CMSIS/Include/core_cm7.h **** 
2068:../../Drivers/CMSIS/Include/core_cm7.h **** /**
2069:../../Drivers/CMSIS/Include/core_cm7.h ****   \brief   Encode Priority
2070:../../Drivers/CMSIS/Include/core_cm7.h ****   \details Encodes the priority for an interrupt with the given priority group,
2071:../../Drivers/CMSIS/Include/core_cm7.h ****            preemptive priority value, and subpriority value.
2072:../../Drivers/CMSIS/Include/core_cm7.h ****            In case of a conflict between priority grouping and available
2073:../../Drivers/CMSIS/Include/core_cm7.h ****            priority bits (__NVIC_PRIO_BITS), the smallest possible priority group is set.
2074:../../Drivers/CMSIS/Include/core_cm7.h ****   \param [in]     PriorityGroup  Used priority group.
2075:../../Drivers/CMSIS/Include/core_cm7.h ****   \param [in]   PreemptPriority  Preemptive priority value (starting from 0).
2076:../../Drivers/CMSIS/Include/core_cm7.h ****   \param [in]       SubPriority  Subpriority value (starting from 0).
2077:../../Drivers/CMSIS/Include/core_cm7.h ****   \return                        Encoded priority. Value can be used in the function \ref NVIC_SetP
2078:../../Drivers/CMSIS/Include/core_cm7.h ****  */
2079:../../Drivers/CMSIS/Include/core_cm7.h **** __STATIC_INLINE uint32_t NVIC_EncodePriority (uint32_t PriorityGroup, uint32_t PreemptPriority, uin
2080:../../Drivers/CMSIS/Include/core_cm7.h **** {
2081:../../Drivers/CMSIS/Include/core_cm7.h ****   uint32_t PriorityGroupTmp = (PriorityGroup & (uint32_t)0x07UL);   /* only values 0..7 are used   
2082:../../Drivers/CMSIS/Include/core_cm7.h ****   uint32_t PreemptPriorityBits;
2083:../../Drivers/CMSIS/Include/core_cm7.h ****   uint32_t SubPriorityBits;
2084:../../Drivers/CMSIS/Include/core_cm7.h **** 
2085:../../Drivers/CMSIS/Include/core_cm7.h ****   PreemptPriorityBits = ((7UL - PriorityGroupTmp) > (uint32_t)(__NVIC_PRIO_BITS)) ? (uint32_t)(__NV
2086:../../Drivers/CMSIS/Include/core_cm7.h ****   SubPriorityBits     = ((PriorityGroupTmp + (uint32_t)(__NVIC_PRIO_BITS)) < (uint32_t)7UL) ? (uint
2087:../../Drivers/CMSIS/Include/core_cm7.h **** 
2088:../../Drivers/CMSIS/Include/core_cm7.h ****   return (
2089:../../Drivers/CMSIS/Include/core_cm7.h ****            ((PreemptPriority & (uint32_t)((1UL << (PreemptPriorityBits)) - 1UL)) << SubPriorityBits
2090:../../Drivers/CMSIS/Include/core_cm7.h ****            ((SubPriority     & (uint32_t)((1UL << (SubPriorityBits    )) - 1UL)))
2091:../../Drivers/CMSIS/Include/core_cm7.h ****          );
2092:../../Drivers/CMSIS/Include/core_cm7.h **** }
2093:../../Drivers/CMSIS/Include/core_cm7.h **** 
2094:../../Drivers/CMSIS/Include/core_cm7.h **** 
2095:../../Drivers/CMSIS/Include/core_cm7.h **** /**
2096:../../Drivers/CMSIS/Include/core_cm7.h ****   \brief   Decode Priority
2097:../../Drivers/CMSIS/Include/core_cm7.h ****   \details Decodes an interrupt priority value with a given priority group to
2098:../../Drivers/CMSIS/Include/core_cm7.h ****            preemptive priority value and subpriority value.
2099:../../Drivers/CMSIS/Include/core_cm7.h ****            In case of a conflict between priority grouping and available
2100:../../Drivers/CMSIS/Include/core_cm7.h ****            priority bits (__NVIC_PRIO_BITS) the smallest possible priority group is set.
2101:../../Drivers/CMSIS/Include/core_cm7.h ****   \param [in]         Priority   Priority value, which can be retrieved with the function \ref NVIC
2102:../../Drivers/CMSIS/Include/core_cm7.h ****   \param [in]     PriorityGroup  Used priority group.
2103:../../Drivers/CMSIS/Include/core_cm7.h ****   \param [out] pPreemptPriority  Preemptive priority value (starting from 0).
2104:../../Drivers/CMSIS/Include/core_cm7.h ****   \param [out]     pSubPriority  Subpriority value (starting from 0).
2105:../../Drivers/CMSIS/Include/core_cm7.h ****  */
2106:../../Drivers/CMSIS/Include/core_cm7.h **** __STATIC_INLINE void NVIC_DecodePriority (uint32_t Priority, uint32_t PriorityGroup, uint32_t* cons
2107:../../Drivers/CMSIS/Include/core_cm7.h **** {
2108:../../Drivers/CMSIS/Include/core_cm7.h ****   uint32_t PriorityGroupTmp = (PriorityGroup & (uint32_t)0x07UL);   /* only values 0..7 are used   
2109:../../Drivers/CMSIS/Include/core_cm7.h ****   uint32_t PreemptPriorityBits;
2110:../../Drivers/CMSIS/Include/core_cm7.h ****   uint32_t SubPriorityBits;
2111:../../Drivers/CMSIS/Include/core_cm7.h **** 
2112:../../Drivers/CMSIS/Include/core_cm7.h ****   PreemptPriorityBits = ((7UL - PriorityGroupTmp) > (uint32_t)(__NVIC_PRIO_BITS)) ? (uint32_t)(__NV
2113:../../Drivers/CMSIS/Include/core_cm7.h ****   SubPriorityBits     = ((PriorityGroupTmp + (uint32_t)(__NVIC_PRIO_BITS)) < (uint32_t)7UL) ? (uint
2114:../../Drivers/CMSIS/Include/core_cm7.h **** 
2115:../../Drivers/CMSIS/Include/core_cm7.h ****   *pPreemptPriority = (Priority >> SubPriorityBits) & (uint32_t)((1UL << (PreemptPriorityBits)) - 1
ARM GAS  /var/folders/2r/mdtt8xvd351gdc398t28_m2m0000gn/T//cc7M34vh.s 			page 114


2116:../../Drivers/CMSIS/Include/core_cm7.h ****   *pSubPriority     = (Priority                   ) & (uint32_t)((1UL << (SubPriorityBits    )) - 1
2117:../../Drivers/CMSIS/Include/core_cm7.h **** }
2118:../../Drivers/CMSIS/Include/core_cm7.h **** 
2119:../../Drivers/CMSIS/Include/core_cm7.h **** 
2120:../../Drivers/CMSIS/Include/core_cm7.h **** /**
2121:../../Drivers/CMSIS/Include/core_cm7.h ****   \brief   Set Interrupt Vector
2122:../../Drivers/CMSIS/Include/core_cm7.h ****   \details Sets an interrupt vector in SRAM based interrupt vector table.
2123:../../Drivers/CMSIS/Include/core_cm7.h ****            The interrupt number can be positive to specify a device specific interrupt,
2124:../../Drivers/CMSIS/Include/core_cm7.h ****            or negative to specify a processor exception.
2125:../../Drivers/CMSIS/Include/core_cm7.h ****            VTOR must been relocated to SRAM before.
2126:../../Drivers/CMSIS/Include/core_cm7.h ****   \param [in]   IRQn      Interrupt number
2127:../../Drivers/CMSIS/Include/core_cm7.h ****   \param [in]   vector    Address of interrupt handler function
2128:../../Drivers/CMSIS/Include/core_cm7.h ****  */
2129:../../Drivers/CMSIS/Include/core_cm7.h **** __STATIC_INLINE void __NVIC_SetVector(IRQn_Type IRQn, uint32_t vector)
2130:../../Drivers/CMSIS/Include/core_cm7.h **** {
2131:../../Drivers/CMSIS/Include/core_cm7.h ****   uint32_t vectors = (uint32_t )SCB->VTOR;
2132:../../Drivers/CMSIS/Include/core_cm7.h ****   (* (int *) (vectors + ((int32_t)IRQn + NVIC_USER_IRQ_OFFSET) * 4)) = vector;
2133:../../Drivers/CMSIS/Include/core_cm7.h ****   __DSB();
2134:../../Drivers/CMSIS/Include/core_cm7.h **** }
2135:../../Drivers/CMSIS/Include/core_cm7.h **** 
2136:../../Drivers/CMSIS/Include/core_cm7.h **** 
2137:../../Drivers/CMSIS/Include/core_cm7.h **** /**
2138:../../Drivers/CMSIS/Include/core_cm7.h ****   \brief   Get Interrupt Vector
2139:../../Drivers/CMSIS/Include/core_cm7.h ****   \details Reads an interrupt vector from interrupt vector table.
2140:../../Drivers/CMSIS/Include/core_cm7.h ****            The interrupt number can be positive to specify a device specific interrupt,
2141:../../Drivers/CMSIS/Include/core_cm7.h ****            or negative to specify a processor exception.
2142:../../Drivers/CMSIS/Include/core_cm7.h ****   \param [in]   IRQn      Interrupt number.
2143:../../Drivers/CMSIS/Include/core_cm7.h ****   \return                 Address of interrupt handler function
2144:../../Drivers/CMSIS/Include/core_cm7.h ****  */
2145:../../Drivers/CMSIS/Include/core_cm7.h **** __STATIC_INLINE uint32_t __NVIC_GetVector(IRQn_Type IRQn)
2146:../../Drivers/CMSIS/Include/core_cm7.h **** {
2147:../../Drivers/CMSIS/Include/core_cm7.h ****   uint32_t vectors = (uint32_t )SCB->VTOR;
2148:../../Drivers/CMSIS/Include/core_cm7.h ****   return (uint32_t)(* (int *) (vectors + ((int32_t)IRQn + NVIC_USER_IRQ_OFFSET) * 4));
2149:../../Drivers/CMSIS/Include/core_cm7.h **** }
2150:../../Drivers/CMSIS/Include/core_cm7.h **** 
2151:../../Drivers/CMSIS/Include/core_cm7.h **** 
2152:../../Drivers/CMSIS/Include/core_cm7.h **** /**
2153:../../Drivers/CMSIS/Include/core_cm7.h ****   \brief   System Reset
2154:../../Drivers/CMSIS/Include/core_cm7.h ****   \details Initiates a system reset request to reset the MCU.
2155:../../Drivers/CMSIS/Include/core_cm7.h ****  */
2156:../../Drivers/CMSIS/Include/core_cm7.h **** __NO_RETURN __STATIC_INLINE void __NVIC_SystemReset(void)
2157:../../Drivers/CMSIS/Include/core_cm7.h **** {
2158:../../Drivers/CMSIS/Include/core_cm7.h ****   __DSB();                                                          /* Ensure all outstanding memor
2159:../../Drivers/CMSIS/Include/core_cm7.h ****                                                                        buffered write are completed
2160:../../Drivers/CMSIS/Include/core_cm7.h ****   SCB->AIRCR  = (uint32_t)((0x5FAUL << SCB_AIRCR_VECTKEY_Pos)    |
2161:../../Drivers/CMSIS/Include/core_cm7.h ****                            (SCB->AIRCR & SCB_AIRCR_PRIGROUP_Msk) |
2162:../../Drivers/CMSIS/Include/core_cm7.h ****                             SCB_AIRCR_SYSRESETREQ_Msk    );         /* Keep priority group unchange
2163:../../Drivers/CMSIS/Include/core_cm7.h ****   __DSB();                                                          /* Ensure completion of memory 
2164:../../Drivers/CMSIS/Include/core_cm7.h **** 
2165:../../Drivers/CMSIS/Include/core_cm7.h ****   for(;;)                                                           /* wait until reset */
2166:../../Drivers/CMSIS/Include/core_cm7.h ****   {
2167:../../Drivers/CMSIS/Include/core_cm7.h ****     __NOP();
2168:../../Drivers/CMSIS/Include/core_cm7.h ****   }
2169:../../Drivers/CMSIS/Include/core_cm7.h **** }
2170:../../Drivers/CMSIS/Include/core_cm7.h **** 
2171:../../Drivers/CMSIS/Include/core_cm7.h **** /*@} end of CMSIS_Core_NVICFunctions */
2172:../../Drivers/CMSIS/Include/core_cm7.h **** 
ARM GAS  /var/folders/2r/mdtt8xvd351gdc398t28_m2m0000gn/T//cc7M34vh.s 			page 115


2173:../../Drivers/CMSIS/Include/core_cm7.h **** 
2174:../../Drivers/CMSIS/Include/core_cm7.h **** /* ##########################  MPU functions  #################################### */
2175:../../Drivers/CMSIS/Include/core_cm7.h **** 
2176:../../Drivers/CMSIS/Include/core_cm7.h **** #if defined (__MPU_PRESENT) && (__MPU_PRESENT == 1U)
2177:../../Drivers/CMSIS/Include/core_cm7.h **** 
2178:../../Drivers/CMSIS/Include/core_cm7.h **** #include "mpu_armv7.h"
2179:../../Drivers/CMSIS/Include/core_cm7.h **** 
2180:../../Drivers/CMSIS/Include/core_cm7.h **** #endif
2181:../../Drivers/CMSIS/Include/core_cm7.h **** 
2182:../../Drivers/CMSIS/Include/core_cm7.h **** 
2183:../../Drivers/CMSIS/Include/core_cm7.h **** /* ##########################  FPU functions  #################################### */
2184:../../Drivers/CMSIS/Include/core_cm7.h **** /**
2185:../../Drivers/CMSIS/Include/core_cm7.h ****   \ingroup  CMSIS_Core_FunctionInterface
2186:../../Drivers/CMSIS/Include/core_cm7.h ****   \defgroup CMSIS_Core_FpuFunctions FPU Functions
2187:../../Drivers/CMSIS/Include/core_cm7.h ****   \brief    Function that provides FPU type.
2188:../../Drivers/CMSIS/Include/core_cm7.h ****   @{
2189:../../Drivers/CMSIS/Include/core_cm7.h ****  */
2190:../../Drivers/CMSIS/Include/core_cm7.h **** 
2191:../../Drivers/CMSIS/Include/core_cm7.h **** /**
2192:../../Drivers/CMSIS/Include/core_cm7.h ****   \brief   get FPU type
2193:../../Drivers/CMSIS/Include/core_cm7.h ****   \details returns the FPU type
2194:../../Drivers/CMSIS/Include/core_cm7.h ****   \returns
2195:../../Drivers/CMSIS/Include/core_cm7.h ****    - \b  0: No FPU
2196:../../Drivers/CMSIS/Include/core_cm7.h ****    - \b  1: Single precision FPU
2197:../../Drivers/CMSIS/Include/core_cm7.h ****    - \b  2: Double + Single precision FPU
2198:../../Drivers/CMSIS/Include/core_cm7.h ****  */
2199:../../Drivers/CMSIS/Include/core_cm7.h **** __STATIC_INLINE uint32_t SCB_GetFPUType(void)
2200:../../Drivers/CMSIS/Include/core_cm7.h **** {
2201:../../Drivers/CMSIS/Include/core_cm7.h ****   uint32_t mvfr0;
2202:../../Drivers/CMSIS/Include/core_cm7.h **** 
2203:../../Drivers/CMSIS/Include/core_cm7.h ****   mvfr0 = SCB->MVFR0;
2204:../../Drivers/CMSIS/Include/core_cm7.h ****   if      ((mvfr0 & (FPU_MVFR0_Single_precision_Msk | FPU_MVFR0_Double_precision_Msk)) == 0x220U)
2205:../../Drivers/CMSIS/Include/core_cm7.h ****   {
2206:../../Drivers/CMSIS/Include/core_cm7.h ****     return 2U;           /* Double + Single precision FPU */
2207:../../Drivers/CMSIS/Include/core_cm7.h ****   }
2208:../../Drivers/CMSIS/Include/core_cm7.h ****   else if ((mvfr0 & (FPU_MVFR0_Single_precision_Msk | FPU_MVFR0_Double_precision_Msk)) == 0x020U)
2209:../../Drivers/CMSIS/Include/core_cm7.h ****   {
2210:../../Drivers/CMSIS/Include/core_cm7.h ****     return 1U;           /* Single precision FPU */
2211:../../Drivers/CMSIS/Include/core_cm7.h ****   }
2212:../../Drivers/CMSIS/Include/core_cm7.h ****   else
2213:../../Drivers/CMSIS/Include/core_cm7.h ****   {
2214:../../Drivers/CMSIS/Include/core_cm7.h ****     return 0U;           /* No FPU */
2215:../../Drivers/CMSIS/Include/core_cm7.h ****   }
2216:../../Drivers/CMSIS/Include/core_cm7.h **** }
2217:../../Drivers/CMSIS/Include/core_cm7.h **** 
2218:../../Drivers/CMSIS/Include/core_cm7.h **** /*@} end of CMSIS_Core_FpuFunctions */
2219:../../Drivers/CMSIS/Include/core_cm7.h **** 
2220:../../Drivers/CMSIS/Include/core_cm7.h **** 
2221:../../Drivers/CMSIS/Include/core_cm7.h **** 
2222:../../Drivers/CMSIS/Include/core_cm7.h **** /* ##########################  Cache functions  #################################### */
2223:../../Drivers/CMSIS/Include/core_cm7.h **** /**
2224:../../Drivers/CMSIS/Include/core_cm7.h ****   \ingroup  CMSIS_Core_FunctionInterface
2225:../../Drivers/CMSIS/Include/core_cm7.h ****   \defgroup CMSIS_Core_CacheFunctions Cache Functions
2226:../../Drivers/CMSIS/Include/core_cm7.h ****   \brief    Functions that configure Instruction and Data cache.
2227:../../Drivers/CMSIS/Include/core_cm7.h ****   @{
2228:../../Drivers/CMSIS/Include/core_cm7.h ****  */
2229:../../Drivers/CMSIS/Include/core_cm7.h **** 
ARM GAS  /var/folders/2r/mdtt8xvd351gdc398t28_m2m0000gn/T//cc7M34vh.s 			page 116


2230:../../Drivers/CMSIS/Include/core_cm7.h **** /* Cache Size ID Register Macros */
2231:../../Drivers/CMSIS/Include/core_cm7.h **** #define CCSIDR_WAYS(x)         (((x) & SCB_CCSIDR_ASSOCIATIVITY_Msk) >> SCB_CCSIDR_ASSOCIATIVITY_Po
2232:../../Drivers/CMSIS/Include/core_cm7.h **** #define CCSIDR_SETS(x)         (((x) & SCB_CCSIDR_NUMSETS_Msk      ) >> SCB_CCSIDR_NUMSETS_Pos     
2233:../../Drivers/CMSIS/Include/core_cm7.h **** 
2234:../../Drivers/CMSIS/Include/core_cm7.h **** #define __SCB_DCACHE_LINE_SIZE  32U /*!< Cortex-M7 cache line size is fixed to 32 bytes (8 words). 
2235:../../Drivers/CMSIS/Include/core_cm7.h **** #define __SCB_ICACHE_LINE_SIZE  32U /*!< Cortex-M7 cache line size is fixed to 32 bytes (8 words). 
2236:../../Drivers/CMSIS/Include/core_cm7.h **** 
2237:../../Drivers/CMSIS/Include/core_cm7.h **** /**
2238:../../Drivers/CMSIS/Include/core_cm7.h ****   \brief   Enable I-Cache
2239:../../Drivers/CMSIS/Include/core_cm7.h ****   \details Turns on I-Cache
2240:../../Drivers/CMSIS/Include/core_cm7.h ****   */
2241:../../Drivers/CMSIS/Include/core_cm7.h **** __STATIC_FORCEINLINE void SCB_EnableICache (void)
2242:../../Drivers/CMSIS/Include/core_cm7.h **** {
2243:../../Drivers/CMSIS/Include/core_cm7.h ****   #if defined (__ICACHE_PRESENT) && (__ICACHE_PRESENT == 1U)
2244:../../Drivers/CMSIS/Include/core_cm7.h ****     if (SCB->CCR & SCB_CCR_IC_Msk) return;  /* return if ICache is already enabled */
2245:../../Drivers/CMSIS/Include/core_cm7.h **** 
2246:../../Drivers/CMSIS/Include/core_cm7.h ****     __DSB();
2247:../../Drivers/CMSIS/Include/core_cm7.h ****     __ISB();
2248:../../Drivers/CMSIS/Include/core_cm7.h ****     SCB->ICIALLU = 0UL;                     /* invalidate I-Cache */
2249:../../Drivers/CMSIS/Include/core_cm7.h ****     __DSB();
2250:../../Drivers/CMSIS/Include/core_cm7.h ****     __ISB();
2251:../../Drivers/CMSIS/Include/core_cm7.h ****     SCB->CCR |=  (uint32_t)SCB_CCR_IC_Msk;  /* enable I-Cache */
2252:../../Drivers/CMSIS/Include/core_cm7.h ****     __DSB();
2253:../../Drivers/CMSIS/Include/core_cm7.h ****     __ISB();
2254:../../Drivers/CMSIS/Include/core_cm7.h ****   #endif
2255:../../Drivers/CMSIS/Include/core_cm7.h **** }
2256:../../Drivers/CMSIS/Include/core_cm7.h **** 
2257:../../Drivers/CMSIS/Include/core_cm7.h **** 
2258:../../Drivers/CMSIS/Include/core_cm7.h **** /**
2259:../../Drivers/CMSIS/Include/core_cm7.h ****   \brief   Disable I-Cache
2260:../../Drivers/CMSIS/Include/core_cm7.h ****   \details Turns off I-Cache
2261:../../Drivers/CMSIS/Include/core_cm7.h ****   */
2262:../../Drivers/CMSIS/Include/core_cm7.h **** __STATIC_FORCEINLINE void SCB_DisableICache (void)
2263:../../Drivers/CMSIS/Include/core_cm7.h **** {
2264:../../Drivers/CMSIS/Include/core_cm7.h ****   #if defined (__ICACHE_PRESENT) && (__ICACHE_PRESENT == 1U)
2265:../../Drivers/CMSIS/Include/core_cm7.h ****     __DSB();
2266:../../Drivers/CMSIS/Include/core_cm7.h ****     __ISB();
2267:../../Drivers/CMSIS/Include/core_cm7.h ****     SCB->CCR &= ~(uint32_t)SCB_CCR_IC_Msk;  /* disable I-Cache */
2268:../../Drivers/CMSIS/Include/core_cm7.h ****     SCB->ICIALLU = 0UL;                     /* invalidate I-Cache */
2269:../../Drivers/CMSIS/Include/core_cm7.h ****     __DSB();
2270:../../Drivers/CMSIS/Include/core_cm7.h ****     __ISB();
2271:../../Drivers/CMSIS/Include/core_cm7.h ****   #endif
2272:../../Drivers/CMSIS/Include/core_cm7.h **** }
2273:../../Drivers/CMSIS/Include/core_cm7.h **** 
2274:../../Drivers/CMSIS/Include/core_cm7.h **** 
2275:../../Drivers/CMSIS/Include/core_cm7.h **** /**
2276:../../Drivers/CMSIS/Include/core_cm7.h ****   \brief   Invalidate I-Cache
2277:../../Drivers/CMSIS/Include/core_cm7.h ****   \details Invalidates I-Cache
2278:../../Drivers/CMSIS/Include/core_cm7.h ****   */
2279:../../Drivers/CMSIS/Include/core_cm7.h **** __STATIC_FORCEINLINE void SCB_InvalidateICache (void)
2280:../../Drivers/CMSIS/Include/core_cm7.h **** {
2281:../../Drivers/CMSIS/Include/core_cm7.h ****   #if defined (__ICACHE_PRESENT) && (__ICACHE_PRESENT == 1U)
2282:../../Drivers/CMSIS/Include/core_cm7.h ****     __DSB();
2283:../../Drivers/CMSIS/Include/core_cm7.h ****     __ISB();
2284:../../Drivers/CMSIS/Include/core_cm7.h ****     SCB->ICIALLU = 0UL;
2285:../../Drivers/CMSIS/Include/core_cm7.h ****     __DSB();
2286:../../Drivers/CMSIS/Include/core_cm7.h ****     __ISB();
ARM GAS  /var/folders/2r/mdtt8xvd351gdc398t28_m2m0000gn/T//cc7M34vh.s 			page 117


2287:../../Drivers/CMSIS/Include/core_cm7.h ****   #endif
2288:../../Drivers/CMSIS/Include/core_cm7.h **** }
2289:../../Drivers/CMSIS/Include/core_cm7.h **** 
2290:../../Drivers/CMSIS/Include/core_cm7.h **** 
2291:../../Drivers/CMSIS/Include/core_cm7.h **** /**
2292:../../Drivers/CMSIS/Include/core_cm7.h ****   \brief   I-Cache Invalidate by address
2293:../../Drivers/CMSIS/Include/core_cm7.h ****   \details Invalidates I-Cache for the given address.
2294:../../Drivers/CMSIS/Include/core_cm7.h ****            I-Cache is invalidated starting from a 32 byte aligned address in 32 byte granularity.
2295:../../Drivers/CMSIS/Include/core_cm7.h ****            I-Cache memory blocks which are part of given address + given size are invalidated.
2296:../../Drivers/CMSIS/Include/core_cm7.h ****   \param[in]   addr    address
2297:../../Drivers/CMSIS/Include/core_cm7.h ****   \param[in]   isize   size of memory block (in number of bytes)
2298:../../Drivers/CMSIS/Include/core_cm7.h **** */
2299:../../Drivers/CMSIS/Include/core_cm7.h **** __STATIC_FORCEINLINE void SCB_InvalidateICache_by_Addr (void *addr, int32_t isize)
2300:../../Drivers/CMSIS/Include/core_cm7.h **** {
2301:../../Drivers/CMSIS/Include/core_cm7.h ****   #if defined (__ICACHE_PRESENT) && (__ICACHE_PRESENT == 1U)
2302:../../Drivers/CMSIS/Include/core_cm7.h ****     if ( isize > 0 ) {
2303:../../Drivers/CMSIS/Include/core_cm7.h ****        int32_t op_size = isize + (((uint32_t)addr) & (__SCB_ICACHE_LINE_SIZE - 1U));
2304:../../Drivers/CMSIS/Include/core_cm7.h ****       uint32_t op_addr = (uint32_t)addr /* & ~(__SCB_ICACHE_LINE_SIZE - 1U) */;
2305:../../Drivers/CMSIS/Include/core_cm7.h **** 
2306:../../Drivers/CMSIS/Include/core_cm7.h ****       __DSB();
2307:../../Drivers/CMSIS/Include/core_cm7.h **** 
2308:../../Drivers/CMSIS/Include/core_cm7.h ****       do {
2309:../../Drivers/CMSIS/Include/core_cm7.h ****         SCB->ICIMVAU = op_addr;             /* register accepts only 32byte aligned values, only bi
2310:../../Drivers/CMSIS/Include/core_cm7.h ****         op_addr += __SCB_ICACHE_LINE_SIZE;
2311:../../Drivers/CMSIS/Include/core_cm7.h ****         op_size -= __SCB_ICACHE_LINE_SIZE;
2312:../../Drivers/CMSIS/Include/core_cm7.h ****       } while ( op_size > 0 );
2313:../../Drivers/CMSIS/Include/core_cm7.h **** 
2314:../../Drivers/CMSIS/Include/core_cm7.h ****       __DSB();
2315:../../Drivers/CMSIS/Include/core_cm7.h ****       __ISB();
2316:../../Drivers/CMSIS/Include/core_cm7.h ****     }
2317:../../Drivers/CMSIS/Include/core_cm7.h ****   #endif
2318:../../Drivers/CMSIS/Include/core_cm7.h **** }
2319:../../Drivers/CMSIS/Include/core_cm7.h **** 
2320:../../Drivers/CMSIS/Include/core_cm7.h **** 
2321:../../Drivers/CMSIS/Include/core_cm7.h **** /**
2322:../../Drivers/CMSIS/Include/core_cm7.h ****   \brief   Enable D-Cache
2323:../../Drivers/CMSIS/Include/core_cm7.h ****   \details Turns on D-Cache
2324:../../Drivers/CMSIS/Include/core_cm7.h ****   */
2325:../../Drivers/CMSIS/Include/core_cm7.h **** __STATIC_FORCEINLINE void SCB_EnableDCache (void)
2326:../../Drivers/CMSIS/Include/core_cm7.h **** {
2327:../../Drivers/CMSIS/Include/core_cm7.h ****   #if defined (__DCACHE_PRESENT) && (__DCACHE_PRESENT == 1U)
2328:../../Drivers/CMSIS/Include/core_cm7.h ****     uint32_t ccsidr;
2329:../../Drivers/CMSIS/Include/core_cm7.h ****     uint32_t sets;
2330:../../Drivers/CMSIS/Include/core_cm7.h ****     uint32_t ways;
2331:../../Drivers/CMSIS/Include/core_cm7.h **** 
2332:../../Drivers/CMSIS/Include/core_cm7.h ****     if (SCB->CCR & SCB_CCR_DC_Msk) return;  /* return if DCache is already enabled */
2333:../../Drivers/CMSIS/Include/core_cm7.h **** 
2334:../../Drivers/CMSIS/Include/core_cm7.h ****     SCB->CSSELR = 0U;                       /* select Level 1 data cache */
2335:../../Drivers/CMSIS/Include/core_cm7.h ****     __DSB();
2336:../../Drivers/CMSIS/Include/core_cm7.h **** 
2337:../../Drivers/CMSIS/Include/core_cm7.h ****     ccsidr = SCB->CCSIDR;
2338:../../Drivers/CMSIS/Include/core_cm7.h **** 
2339:../../Drivers/CMSIS/Include/core_cm7.h ****                                             /* invalidate D-Cache */
2340:../../Drivers/CMSIS/Include/core_cm7.h ****     sets = (uint32_t)(CCSIDR_SETS(ccsidr));
2341:../../Drivers/CMSIS/Include/core_cm7.h ****     do {
2342:../../Drivers/CMSIS/Include/core_cm7.h ****       ways = (uint32_t)(CCSIDR_WAYS(ccsidr));
2343:../../Drivers/CMSIS/Include/core_cm7.h ****       do {
ARM GAS  /var/folders/2r/mdtt8xvd351gdc398t28_m2m0000gn/T//cc7M34vh.s 			page 118


2344:../../Drivers/CMSIS/Include/core_cm7.h ****         SCB->DCISW = (((sets << SCB_DCISW_SET_Pos) & SCB_DCISW_SET_Msk) |
2345:../../Drivers/CMSIS/Include/core_cm7.h ****                       ((ways << SCB_DCISW_WAY_Pos) & SCB_DCISW_WAY_Msk)  );
2346:../../Drivers/CMSIS/Include/core_cm7.h ****         #if defined ( __CC_ARM )
2347:../../Drivers/CMSIS/Include/core_cm7.h ****           __schedule_barrier();
2348:../../Drivers/CMSIS/Include/core_cm7.h ****         #endif
2349:../../Drivers/CMSIS/Include/core_cm7.h ****       } while (ways-- != 0U);
2350:../../Drivers/CMSIS/Include/core_cm7.h ****     } while(sets-- != 0U);
2351:../../Drivers/CMSIS/Include/core_cm7.h ****     __DSB();
2352:../../Drivers/CMSIS/Include/core_cm7.h **** 
2353:../../Drivers/CMSIS/Include/core_cm7.h ****     SCB->CCR |=  (uint32_t)SCB_CCR_DC_Msk;  /* enable D-Cache */
2354:../../Drivers/CMSIS/Include/core_cm7.h **** 
2355:../../Drivers/CMSIS/Include/core_cm7.h ****     __DSB();
2356:../../Drivers/CMSIS/Include/core_cm7.h ****     __ISB();
2357:../../Drivers/CMSIS/Include/core_cm7.h ****   #endif
2358:../../Drivers/CMSIS/Include/core_cm7.h **** }
2359:../../Drivers/CMSIS/Include/core_cm7.h **** 
2360:../../Drivers/CMSIS/Include/core_cm7.h **** 
2361:../../Drivers/CMSIS/Include/core_cm7.h **** /**
2362:../../Drivers/CMSIS/Include/core_cm7.h ****   \brief   Disable D-Cache
2363:../../Drivers/CMSIS/Include/core_cm7.h ****   \details Turns off D-Cache
2364:../../Drivers/CMSIS/Include/core_cm7.h ****   */
2365:../../Drivers/CMSIS/Include/core_cm7.h **** __STATIC_FORCEINLINE void SCB_DisableDCache (void)
2366:../../Drivers/CMSIS/Include/core_cm7.h **** {
2367:../../Drivers/CMSIS/Include/core_cm7.h ****   #if defined (__DCACHE_PRESENT) && (__DCACHE_PRESENT == 1U)
2368:../../Drivers/CMSIS/Include/core_cm7.h ****     uint32_t ccsidr;
2369:../../Drivers/CMSIS/Include/core_cm7.h ****     uint32_t sets;
2370:../../Drivers/CMSIS/Include/core_cm7.h ****     uint32_t ways;
2371:../../Drivers/CMSIS/Include/core_cm7.h **** 
2372:../../Drivers/CMSIS/Include/core_cm7.h ****     SCB->CSSELR = 0U;                       /* select Level 1 data cache */
2373:../../Drivers/CMSIS/Include/core_cm7.h ****     __DSB();
2374:../../Drivers/CMSIS/Include/core_cm7.h **** 
2375:../../Drivers/CMSIS/Include/core_cm7.h ****     SCB->CCR &= ~(uint32_t)SCB_CCR_DC_Msk;  /* disable D-Cache */
2376:../../Drivers/CMSIS/Include/core_cm7.h ****     __DSB();
2377:../../Drivers/CMSIS/Include/core_cm7.h **** 
2378:../../Drivers/CMSIS/Include/core_cm7.h ****     ccsidr = SCB->CCSIDR;
2379:../../Drivers/CMSIS/Include/core_cm7.h **** 
2380:../../Drivers/CMSIS/Include/core_cm7.h ****                                             /* clean & invalidate D-Cache */
2381:../../Drivers/CMSIS/Include/core_cm7.h ****     sets = (uint32_t)(CCSIDR_SETS(ccsidr));
2382:../../Drivers/CMSIS/Include/core_cm7.h ****     do {
2383:../../Drivers/CMSIS/Include/core_cm7.h ****       ways = (uint32_t)(CCSIDR_WAYS(ccsidr));
2384:../../Drivers/CMSIS/Include/core_cm7.h ****       do {
2385:../../Drivers/CMSIS/Include/core_cm7.h ****         SCB->DCCISW = (((sets << SCB_DCCISW_SET_Pos) & SCB_DCCISW_SET_Msk) |
2386:../../Drivers/CMSIS/Include/core_cm7.h ****                        ((ways << SCB_DCCISW_WAY_Pos) & SCB_DCCISW_WAY_Msk)  );
2387:../../Drivers/CMSIS/Include/core_cm7.h ****         #if defined ( __CC_ARM )
2388:../../Drivers/CMSIS/Include/core_cm7.h ****           __schedule_barrier();
2389:../../Drivers/CMSIS/Include/core_cm7.h ****         #endif
2390:../../Drivers/CMSIS/Include/core_cm7.h ****       } while (ways-- != 0U);
2391:../../Drivers/CMSIS/Include/core_cm7.h ****     } while(sets-- != 0U);
2392:../../Drivers/CMSIS/Include/core_cm7.h **** 
2393:../../Drivers/CMSIS/Include/core_cm7.h ****     __DSB();
2394:../../Drivers/CMSIS/Include/core_cm7.h ****     __ISB();
2395:../../Drivers/CMSIS/Include/core_cm7.h ****   #endif
2396:../../Drivers/CMSIS/Include/core_cm7.h **** }
2397:../../Drivers/CMSIS/Include/core_cm7.h **** 
2398:../../Drivers/CMSIS/Include/core_cm7.h **** 
2399:../../Drivers/CMSIS/Include/core_cm7.h **** /**
2400:../../Drivers/CMSIS/Include/core_cm7.h ****   \brief   Invalidate D-Cache
ARM GAS  /var/folders/2r/mdtt8xvd351gdc398t28_m2m0000gn/T//cc7M34vh.s 			page 119


2401:../../Drivers/CMSIS/Include/core_cm7.h ****   \details Invalidates D-Cache
2402:../../Drivers/CMSIS/Include/core_cm7.h ****   */
2403:../../Drivers/CMSIS/Include/core_cm7.h **** __STATIC_FORCEINLINE void SCB_InvalidateDCache (void)
2404:../../Drivers/CMSIS/Include/core_cm7.h **** {
2405:../../Drivers/CMSIS/Include/core_cm7.h ****   #if defined (__DCACHE_PRESENT) && (__DCACHE_PRESENT == 1U)
2406:../../Drivers/CMSIS/Include/core_cm7.h ****     uint32_t ccsidr;
2407:../../Drivers/CMSIS/Include/core_cm7.h ****     uint32_t sets;
2408:../../Drivers/CMSIS/Include/core_cm7.h ****     uint32_t ways;
2409:../../Drivers/CMSIS/Include/core_cm7.h **** 
2410:../../Drivers/CMSIS/Include/core_cm7.h ****     SCB->CSSELR = 0U;                       /* select Level 1 data cache */
2411:../../Drivers/CMSIS/Include/core_cm7.h ****     __DSB();
2412:../../Drivers/CMSIS/Include/core_cm7.h **** 
2413:../../Drivers/CMSIS/Include/core_cm7.h ****     ccsidr = SCB->CCSIDR;
2414:../../Drivers/CMSIS/Include/core_cm7.h **** 
2415:../../Drivers/CMSIS/Include/core_cm7.h ****                                             /* invalidate D-Cache */
2416:../../Drivers/CMSIS/Include/core_cm7.h ****     sets = (uint32_t)(CCSIDR_SETS(ccsidr));
2417:../../Drivers/CMSIS/Include/core_cm7.h ****     do {
2418:../../Drivers/CMSIS/Include/core_cm7.h ****       ways = (uint32_t)(CCSIDR_WAYS(ccsidr));
2419:../../Drivers/CMSIS/Include/core_cm7.h ****       do {
2420:../../Drivers/CMSIS/Include/core_cm7.h ****         SCB->DCISW = (((sets << SCB_DCISW_SET_Pos) & SCB_DCISW_SET_Msk) |
2421:../../Drivers/CMSIS/Include/core_cm7.h ****                       ((ways << SCB_DCISW_WAY_Pos) & SCB_DCISW_WAY_Msk)  );
2422:../../Drivers/CMSIS/Include/core_cm7.h ****         #if defined ( __CC_ARM )
2423:../../Drivers/CMSIS/Include/core_cm7.h ****           __schedule_barrier();
2424:../../Drivers/CMSIS/Include/core_cm7.h ****         #endif
2425:../../Drivers/CMSIS/Include/core_cm7.h ****       } while (ways-- != 0U);
2426:../../Drivers/CMSIS/Include/core_cm7.h ****     } while(sets-- != 0U);
2427:../../Drivers/CMSIS/Include/core_cm7.h **** 
2428:../../Drivers/CMSIS/Include/core_cm7.h ****     __DSB();
2429:../../Drivers/CMSIS/Include/core_cm7.h ****     __ISB();
2430:../../Drivers/CMSIS/Include/core_cm7.h ****   #endif
2431:../../Drivers/CMSIS/Include/core_cm7.h **** }
2432:../../Drivers/CMSIS/Include/core_cm7.h **** 
2433:../../Drivers/CMSIS/Include/core_cm7.h **** 
2434:../../Drivers/CMSIS/Include/core_cm7.h **** /**
2435:../../Drivers/CMSIS/Include/core_cm7.h ****   \brief   Clean D-Cache
2436:../../Drivers/CMSIS/Include/core_cm7.h ****   \details Cleans D-Cache
2437:../../Drivers/CMSIS/Include/core_cm7.h ****   */
2438:../../Drivers/CMSIS/Include/core_cm7.h **** __STATIC_FORCEINLINE void SCB_CleanDCache (void)
2439:../../Drivers/CMSIS/Include/core_cm7.h **** {
2440:../../Drivers/CMSIS/Include/core_cm7.h ****   #if defined (__DCACHE_PRESENT) && (__DCACHE_PRESENT == 1U)
2441:../../Drivers/CMSIS/Include/core_cm7.h ****     uint32_t ccsidr;
2442:../../Drivers/CMSIS/Include/core_cm7.h ****     uint32_t sets;
2443:../../Drivers/CMSIS/Include/core_cm7.h ****     uint32_t ways;
2444:../../Drivers/CMSIS/Include/core_cm7.h **** 
2445:../../Drivers/CMSIS/Include/core_cm7.h ****     SCB->CSSELR = 0U;                       /* select Level 1 data cache */
2446:../../Drivers/CMSIS/Include/core_cm7.h ****     __DSB();
2447:../../Drivers/CMSIS/Include/core_cm7.h **** 
2448:../../Drivers/CMSIS/Include/core_cm7.h ****     ccsidr = SCB->CCSIDR;
2449:../../Drivers/CMSIS/Include/core_cm7.h **** 
2450:../../Drivers/CMSIS/Include/core_cm7.h ****                                             /* clean D-Cache */
2451:../../Drivers/CMSIS/Include/core_cm7.h ****     sets = (uint32_t)(CCSIDR_SETS(ccsidr));
2452:../../Drivers/CMSIS/Include/core_cm7.h ****     do {
2453:../../Drivers/CMSIS/Include/core_cm7.h ****       ways = (uint32_t)(CCSIDR_WAYS(ccsidr));
2454:../../Drivers/CMSIS/Include/core_cm7.h ****       do {
2455:../../Drivers/CMSIS/Include/core_cm7.h ****         SCB->DCCSW = (((sets << SCB_DCCSW_SET_Pos) & SCB_DCCSW_SET_Msk) |
2456:../../Drivers/CMSIS/Include/core_cm7.h ****                       ((ways << SCB_DCCSW_WAY_Pos) & SCB_DCCSW_WAY_Msk)  );
2457:../../Drivers/CMSIS/Include/core_cm7.h ****         #if defined ( __CC_ARM )
ARM GAS  /var/folders/2r/mdtt8xvd351gdc398t28_m2m0000gn/T//cc7M34vh.s 			page 120


2458:../../Drivers/CMSIS/Include/core_cm7.h ****           __schedule_barrier();
2459:../../Drivers/CMSIS/Include/core_cm7.h ****         #endif
2460:../../Drivers/CMSIS/Include/core_cm7.h ****       } while (ways-- != 0U);
2461:../../Drivers/CMSIS/Include/core_cm7.h ****     } while(sets-- != 0U);
2462:../../Drivers/CMSIS/Include/core_cm7.h **** 
2463:../../Drivers/CMSIS/Include/core_cm7.h ****     __DSB();
2464:../../Drivers/CMSIS/Include/core_cm7.h ****     __ISB();
2465:../../Drivers/CMSIS/Include/core_cm7.h ****   #endif
2466:../../Drivers/CMSIS/Include/core_cm7.h **** }
2467:../../Drivers/CMSIS/Include/core_cm7.h **** 
2468:../../Drivers/CMSIS/Include/core_cm7.h **** 
2469:../../Drivers/CMSIS/Include/core_cm7.h **** /**
2470:../../Drivers/CMSIS/Include/core_cm7.h ****   \brief   Clean & Invalidate D-Cache
2471:../../Drivers/CMSIS/Include/core_cm7.h ****   \details Cleans and Invalidates D-Cache
2472:../../Drivers/CMSIS/Include/core_cm7.h ****   */
2473:../../Drivers/CMSIS/Include/core_cm7.h **** __STATIC_FORCEINLINE void SCB_CleanInvalidateDCache (void)
2474:../../Drivers/CMSIS/Include/core_cm7.h **** {
2475:../../Drivers/CMSIS/Include/core_cm7.h ****   #if defined (__DCACHE_PRESENT) && (__DCACHE_PRESENT == 1U)
2476:../../Drivers/CMSIS/Include/core_cm7.h ****     uint32_t ccsidr;
2477:../../Drivers/CMSIS/Include/core_cm7.h ****     uint32_t sets;
2478:../../Drivers/CMSIS/Include/core_cm7.h ****     uint32_t ways;
2479:../../Drivers/CMSIS/Include/core_cm7.h **** 
2480:../../Drivers/CMSIS/Include/core_cm7.h ****     SCB->CSSELR = 0U;                       /* select Level 1 data cache */
2481:../../Drivers/CMSIS/Include/core_cm7.h ****     __DSB();
2482:../../Drivers/CMSIS/Include/core_cm7.h **** 
2483:../../Drivers/CMSIS/Include/core_cm7.h ****     ccsidr = SCB->CCSIDR;
2484:../../Drivers/CMSIS/Include/core_cm7.h **** 
2485:../../Drivers/CMSIS/Include/core_cm7.h ****                                             /* clean & invalidate D-Cache */
2486:../../Drivers/CMSIS/Include/core_cm7.h ****     sets = (uint32_t)(CCSIDR_SETS(ccsidr));
2487:../../Drivers/CMSIS/Include/core_cm7.h ****     do {
2488:../../Drivers/CMSIS/Include/core_cm7.h ****       ways = (uint32_t)(CCSIDR_WAYS(ccsidr));
2489:../../Drivers/CMSIS/Include/core_cm7.h ****       do {
2490:../../Drivers/CMSIS/Include/core_cm7.h ****         SCB->DCCISW = (((sets << SCB_DCCISW_SET_Pos) & SCB_DCCISW_SET_Msk) |
2491:../../Drivers/CMSIS/Include/core_cm7.h ****                        ((ways << SCB_DCCISW_WAY_Pos) & SCB_DCCISW_WAY_Msk)  );
2492:../../Drivers/CMSIS/Include/core_cm7.h ****         #if defined ( __CC_ARM )
2493:../../Drivers/CMSIS/Include/core_cm7.h ****           __schedule_barrier();
2494:../../Drivers/CMSIS/Include/core_cm7.h ****         #endif
2495:../../Drivers/CMSIS/Include/core_cm7.h ****       } while (ways-- != 0U);
2496:../../Drivers/CMSIS/Include/core_cm7.h ****     } while(sets-- != 0U);
2497:../../Drivers/CMSIS/Include/core_cm7.h **** 
2498:../../Drivers/CMSIS/Include/core_cm7.h ****     __DSB();
2499:../../Drivers/CMSIS/Include/core_cm7.h ****     __ISB();
2500:../../Drivers/CMSIS/Include/core_cm7.h ****   #endif
2501:../../Drivers/CMSIS/Include/core_cm7.h **** }
2502:../../Drivers/CMSIS/Include/core_cm7.h **** 
2503:../../Drivers/CMSIS/Include/core_cm7.h **** 
2504:../../Drivers/CMSIS/Include/core_cm7.h **** /**
2505:../../Drivers/CMSIS/Include/core_cm7.h ****   \brief   D-Cache Invalidate by address
2506:../../Drivers/CMSIS/Include/core_cm7.h ****   \details Invalidates D-Cache for the given address.
2507:../../Drivers/CMSIS/Include/core_cm7.h ****            D-Cache is invalidated starting from a 32 byte aligned address in 32 byte granularity.
2508:../../Drivers/CMSIS/Include/core_cm7.h ****            D-Cache memory blocks which are part of given address + given size are invalidated.
2509:../../Drivers/CMSIS/Include/core_cm7.h ****   \param[in]   addr    address
2510:../../Drivers/CMSIS/Include/core_cm7.h ****   \param[in]   dsize   size of memory block (in number of bytes)
2511:../../Drivers/CMSIS/Include/core_cm7.h **** */
2512:../../Drivers/CMSIS/Include/core_cm7.h **** __STATIC_FORCEINLINE void SCB_InvalidateDCache_by_Addr (void *addr, int32_t dsize)
 1997              		.loc 3 2512 27 view .LVU538
 1998              	.LBB34:
ARM GAS  /var/folders/2r/mdtt8xvd351gdc398t28_m2m0000gn/T//cc7M34vh.s 			page 121


2513:../../Drivers/CMSIS/Include/core_cm7.h **** {
2514:../../Drivers/CMSIS/Include/core_cm7.h ****   #if defined (__DCACHE_PRESENT) && (__DCACHE_PRESENT == 1U)
2515:../../Drivers/CMSIS/Include/core_cm7.h ****     if ( dsize > 0 ) { 
 1999              		.loc 3 2515 5 view .LVU539
 2000              		.loc 3 2515 8 is_stmt 0 view .LVU540
 2001 0032 83B1     		cbz	r3, .L131
 2002              	.LBB35:
2516:../../Drivers/CMSIS/Include/core_cm7.h ****        int32_t op_size = dsize + (((uint32_t)addr) & (__SCB_DCACHE_LINE_SIZE - 1U));
 2003              		.loc 3 2516 8 is_stmt 1 view .LVU541
 2004              		.loc 3 2516 36 is_stmt 0 view .LVU542
 2005 0034 1146     		mov	r1, r2
 2006              	.LVL169:
 2007              		.loc 3 2516 52 view .LVU543
 2008 0036 02F01F02 		and	r2, r2, #31
 2009              	.LVL170:
 2010              		.loc 3 2516 32 view .LVU544
 2011 003a 1344     		add	r3, r3, r2
 2012              	.LVL171:
2517:../../Drivers/CMSIS/Include/core_cm7.h ****       uint32_t op_addr = (uint32_t)addr /* & ~(__SCB_DCACHE_LINE_SIZE - 1U) */;
 2013              		.loc 3 2517 7 is_stmt 1 view .LVU545
2518:../../Drivers/CMSIS/Include/core_cm7.h ****     
2519:../../Drivers/CMSIS/Include/core_cm7.h ****       __DSB();
 2014              		.loc 3 2519 7 view .LVU546
 2015              	.LBB36:
 2016              	.LBI36:
 944:../../Drivers/CMSIS/Include/cmsis_gcc.h **** {
 2017              		.loc 2 944 27 view .LVU547
 2018              	.LBB37:
 946:../../Drivers/CMSIS/Include/cmsis_gcc.h **** }
 2019              		.loc 2 946 3 view .LVU548
 2020              		.syntax unified
 2021              	@ 946 "../../Drivers/CMSIS/Include/cmsis_gcc.h" 1
 2022 003c BFF34F8F 		dsb 0xF
 2023              	@ 0 "" 2
 2024              	.LVL172:
 2025              		.thumb
 2026              		.syntax unified
 2027              	.L137:
 946:../../Drivers/CMSIS/Include/cmsis_gcc.h **** }
 2028              		.loc 2 946 3 is_stmt 0 view .LVU549
 2029              	.LBE37:
 2030              	.LBE36:
2520:../../Drivers/CMSIS/Include/core_cm7.h **** 
2521:../../Drivers/CMSIS/Include/core_cm7.h ****       do {
 2031              		.loc 3 2521 7 is_stmt 1 view .LVU550
2522:../../Drivers/CMSIS/Include/core_cm7.h ****         SCB->DCIMVAC = op_addr;             /* register accepts only 32byte aligned values, only bi
 2032              		.loc 3 2522 9 view .LVU551
 2033              		.loc 3 2522 22 is_stmt 0 view .LVU552
 2034 0040 064A     		ldr	r2, .L140
 2035 0042 C2F85C12 		str	r1, [r2, #604]
2523:../../Drivers/CMSIS/Include/core_cm7.h ****         op_addr += __SCB_DCACHE_LINE_SIZE;
 2036              		.loc 3 2523 9 is_stmt 1 view .LVU553
 2037              		.loc 3 2523 17 is_stmt 0 view .LVU554
 2038 0046 2031     		adds	r1, r1, #32
 2039              	.LVL173:
2524:../../Drivers/CMSIS/Include/core_cm7.h ****         op_size -= __SCB_DCACHE_LINE_SIZE;
 2040              		.loc 3 2524 9 is_stmt 1 view .LVU555
ARM GAS  /var/folders/2r/mdtt8xvd351gdc398t28_m2m0000gn/T//cc7M34vh.s 			page 122


 2041              		.loc 3 2524 17 is_stmt 0 view .LVU556
 2042 0048 203B     		subs	r3, r3, #32
 2043              	.LVL174:
2525:../../Drivers/CMSIS/Include/core_cm7.h ****       } while ( op_size > 0 );
 2044              		.loc 3 2525 25 is_stmt 1 discriminator 1 view .LVU557
 2045 004a 002B     		cmp	r3, #0
 2046 004c F8DC     		bgt	.L137
2526:../../Drivers/CMSIS/Include/core_cm7.h **** 
2527:../../Drivers/CMSIS/Include/core_cm7.h ****       __DSB();
 2047              		.loc 3 2527 7 view .LVU558
 2048              	.LBB38:
 2049              	.LBI38:
 944:../../Drivers/CMSIS/Include/cmsis_gcc.h **** {
 2050              		.loc 2 944 27 view .LVU559
 2051              	.LBB39:
 946:../../Drivers/CMSIS/Include/cmsis_gcc.h **** }
 2052              		.loc 2 946 3 view .LVU560
 2053              		.syntax unified
 2054              	@ 946 "../../Drivers/CMSIS/Include/cmsis_gcc.h" 1
 2055 004e BFF34F8F 		dsb 0xF
 2056              	@ 0 "" 2
 2057              		.thumb
 2058              		.syntax unified
 2059              	.LBE39:
 2060              	.LBE38:
2528:../../Drivers/CMSIS/Include/core_cm7.h ****       __ISB();
 2061              		.loc 3 2528 7 view .LVU561
 2062              	.LBB40:
 2063              	.LBI40:
 933:../../Drivers/CMSIS/Include/cmsis_gcc.h **** {
 2064              		.loc 2 933 27 view .LVU562
 2065              	.LBB41:
 935:../../Drivers/CMSIS/Include/cmsis_gcc.h **** }
 2066              		.loc 2 935 3 view .LVU563
 2067              		.syntax unified
 2068              	@ 935 "../../Drivers/CMSIS/Include/cmsis_gcc.h" 1
 2069 0052 BFF36F8F 		isb 0xF
 2070              	@ 0 "" 2
 2071              	.LVL175:
 2072              		.thumb
 2073              		.syntax unified
 2074              	.L131:
 935:../../Drivers/CMSIS/Include/cmsis_gcc.h **** }
 2075              		.loc 2 935 3 is_stmt 0 view .LVU564
 2076              	.LBE41:
 2077              	.LBE40:
 2078              	.LBE35:
 2079              	.LBE34:
 2080              	.LBE33:
 944:../../CM7/LWIP/Target/ethernetif.c **** 
 945:../../CM7/LWIP/Target/ethernetif.c **** /* USER CODE END HAL ETH RxLinkCallback */
 946:../../CM7/LWIP/Target/ethernetif.c **** }
 2081              		.loc 1 946 1 view .LVU565
 2082 0056 30BC     		pop	{r4, r5}
 2083              	.LCFI34:
 2084              		.cfi_restore 5
 2085              		.cfi_restore 4
ARM GAS  /var/folders/2r/mdtt8xvd351gdc398t28_m2m0000gn/T//cc7M34vh.s 			page 123


 2086              		.cfi_def_cfa_offset 0
 2087              	.LVL176:
 2088              		.loc 1 946 1 view .LVU566
 2089 0058 7047     		bx	lr
 2090              	.L141:
 2091 005a 00BF     		.align	2
 2092              	.L140:
 2093 005c 00ED00E0 		.word	-536810240
 2094              		.cfi_endproc
 2095              	.LFE194:
 2097              		.section	.text.HAL_ETH_TxFreeCallback,"ax",%progbits
 2098              		.align	1
 2099              		.global	HAL_ETH_TxFreeCallback
 2100              		.syntax unified
 2101              		.thumb
 2102              		.thumb_func
 2104              	HAL_ETH_TxFreeCallback:
 2105              	.LVL177:
 2106              	.LFB195:
 947:../../CM7/LWIP/Target/ethernetif.c **** 
 948:../../CM7/LWIP/Target/ethernetif.c **** void HAL_ETH_TxFreeCallback(uint32_t * buff)
 949:../../CM7/LWIP/Target/ethernetif.c **** {
 2107              		.loc 1 949 1 is_stmt 1 view -0
 2108              		.cfi_startproc
 2109              		@ args = 0, pretend = 0, frame = 0
 2110              		@ frame_needed = 0, uses_anonymous_args = 0
 2111              		.loc 1 949 1 is_stmt 0 view .LVU568
 2112 0000 08B5     		push	{r3, lr}
 2113              	.LCFI35:
 2114              		.cfi_def_cfa_offset 8
 2115              		.cfi_offset 3, -8
 2116              		.cfi_offset 14, -4
 950:../../CM7/LWIP/Target/ethernetif.c **** /* USER CODE BEGIN HAL ETH TxFreeCallback */
 951:../../CM7/LWIP/Target/ethernetif.c **** 
 952:../../CM7/LWIP/Target/ethernetif.c ****   pbuf_free((struct pbuf *)buff);
 2117              		.loc 1 952 3 is_stmt 1 view .LVU569
 2118 0002 FFF7FEFF 		bl	pbuf_free
 2119              	.LVL178:
 953:../../CM7/LWIP/Target/ethernetif.c **** 
 954:../../CM7/LWIP/Target/ethernetif.c **** /* USER CODE END HAL ETH TxFreeCallback */
 955:../../CM7/LWIP/Target/ethernetif.c **** }
 2120              		.loc 1 955 1 is_stmt 0 view .LVU570
 2121 0006 08BD     		pop	{r3, pc}
 2122              		.cfi_endproc
 2123              	.LFE195:
 2125              		.global	LAN8742_IOCtx
 2126              		.section	.data.LAN8742_IOCtx,"aw"
 2127              		.align	2
 2130              	LAN8742_IOCtx:
 2131 0000 00000000 		.word	ETH_PHY_IO_Init
 2132 0004 00000000 		.word	ETH_PHY_IO_DeInit
 2133 0008 00000000 		.word	ETH_PHY_IO_WriteReg
 2134 000c 00000000 		.word	ETH_PHY_IO_ReadReg
 2135 0010 00000000 		.word	ETH_PHY_IO_GetTick
 2136              		.global	LAN8742
 2137              		.section	.bss.LAN8742,"aw",%nobits
 2138              		.align	2
ARM GAS  /var/folders/2r/mdtt8xvd351gdc398t28_m2m0000gn/T//cc7M34vh.s 			page 124


 2141              	LAN8742:
 2142 0000 00000000 		.space	32
 2142      00000000 
 2142      00000000 
 2142      00000000 
 2142      00000000 
 2143              		.global	TxConfig
 2144              		.section	.bss.TxConfig,"aw",%nobits
 2145              		.align	2
 2148              	TxConfig:
 2149 0000 00000000 		.space	56
 2149      00000000 
 2149      00000000 
 2149      00000000 
 2149      00000000 
 2150              		.global	heth
 2151              		.section	.bss.heth,"aw",%nobits
 2152              		.align	2
 2155              	heth:
 2156 0000 00000000 		.space	176
 2156      00000000 
 2156      00000000 
 2156      00000000 
 2156      00000000 
 2157              		.global	TxPktSemaphore
 2158              		.section	.bss.TxPktSemaphore,"aw",%nobits
 2159              		.align	2
 2162              	TxPktSemaphore:
 2163 0000 00000000 		.space	4
 2164              		.global	RxPktSemaphore
 2165              		.section	.bss.RxPktSemaphore,"aw",%nobits
 2166              		.align	2
 2169              	RxPktSemaphore:
 2170 0000 00000000 		.space	4
 2171              		.global	DMATxDscrTab
 2172              		.section	.TxDecripSection,"aw"
 2173              		.align	2
 2176              	DMATxDscrTab:
 2177 0000 00000000 		.space	96
 2177      00000000 
 2177      00000000 
 2177      00000000 
 2177      00000000 
 2178              		.global	DMARxDscrTab
 2179              		.section	.RxDecripSection,"aw"
 2180              		.align	2
 2183              	DMARxDscrTab:
 2184 0000 00000000 		.space	96
 2184      00000000 
 2184      00000000 
 2184      00000000 
 2184      00000000 
 2185              		.section	.bss.RxAllocStatus,"aw",%nobits
 2188              	RxAllocStatus:
 2189 0000 00       		.space	1
 2190              		.global	memp_RX_POOL
 2191              		.section	.rodata.memp_RX_POOL,"a"
ARM GAS  /var/folders/2r/mdtt8xvd351gdc398t28_m2m0000gn/T//cc7M34vh.s 			page 125


 2192              		.align	2
 2195              	memp_RX_POOL:
 2196 0000 2006     		.short	1568
 2197 0002 0C00     		.short	12
 2198 0004 00000000 		.word	memp_memory_RX_POOL_base
 2199 0008 00000000 		.word	memp_tab_RX_POOL
 2200              		.section	.bss.memp_tab_RX_POOL,"aw",%nobits
 2201              		.align	2
 2204              	memp_tab_RX_POOL:
 2205 0000 00000000 		.space	4
 2206              		.global	memp_memory_RX_POOL_base
 2207              		.section	.Rx_PoolSection,"aw"
 2208              		.align	2
 2211              	memp_memory_RX_POOL_base:
 2212 0000 00000000 		.space	18819
 2212      00000000 
 2212      00000000 
 2212      00000000 
 2212      00000000 
 2213              		.text
 2214              	.Letext0:
 2215              		.file 4 "../../Drivers/CMSIS/Device/ST/STM32H7xx/Include/stm32h755xx.h"
 2216              		.file 5 "/Applications/ArmGNUToolchain/14.3.rel1/arm-none-eabi/arm-none-eabi/include/machine/_defa
 2217              		.file 6 "/Applications/ArmGNUToolchain/14.3.rel1/arm-none-eabi/arm-none-eabi/include/sys/_stdint.h
 2218              		.file 7 "../../Drivers/CMSIS/Device/ST/STM32H7xx/Include/stm32h7xx.h"
 2219              		.file 8 "../../Drivers/STM32H7xx_HAL_Driver/Inc/stm32h7xx_hal_def.h"
 2220              		.file 9 "../../Drivers/STM32H7xx_HAL_Driver/Inc/stm32h7xx_hal_gpio.h"
 2221              		.file 10 "../../Drivers/STM32H7xx_HAL_Driver/Inc/stm32h7xx_hal_eth.h"
 2222              		.file 11 "../../Middlewares/Third_Party/LwIP/src/include/lwip/arch.h"
 2223              		.file 12 "../../Middlewares/Third_Party/LwIP/src/include/lwip/err.h"
 2224              		.file 13 "../../Middlewares/Third_Party/FreeRTOS/Source/portable/GCC/ARM_CM4F/portmacro.h"
 2225              		.file 14 "../../Middlewares/Third_Party/FreeRTOS/Source/CMSIS_RTOS_V2/cmsis_os2.h"
 2226              		.file 15 "../../Middlewares/Third_Party/LwIP/src/include/lwip/pbuf.h"
 2227              		.file 16 "../../Middlewares/Third_Party/LwIP/src/include/lwip/ip4_addr.h"
 2228              		.file 17 "../../Middlewares/Third_Party/LwIP/src/include/lwip/ip_addr.h"
 2229              		.file 18 "../../Middlewares/Third_Party/LwIP/src/include/lwip/memp.h"
 2230              		.file 19 "../../Middlewares/Third_Party/LwIP/src/include/lwip/priv/memp_priv.h"
 2231              		.file 20 "../../Middlewares/Third_Party/LwIP/src/include/lwip/netif.h"
 2232              		.file 21 "../../Drivers/BSP/Components/lan8742/lan8742.h"
 2233              		.file 22 "../../Drivers/STM32H7xx_HAL_Driver/Inc/stm32h7xx_hal_cortex.h"
 2234              		.file 23 "/Applications/ArmGNUToolchain/14.3.rel1/arm-none-eabi/arm-none-eabi/include/string.h"
 2235              		.file 24 "../../Middlewares/Third_Party/LwIP/src/include/lwip/etharp.h"
 2236              		.file 25 "/Applications/ArmGNUToolchain/14.3.rel1/arm-none-eabi/arm-none-eabi/include/stdio.h"
 2237              		.file 26 "../../Drivers/STM32H7xx_HAL_Driver/Inc/stm32h7xx_hal.h"
 2238              		.file 27 "../../CM7/LWIP/Target/ethernetif.h"
 2239              		.file 28 "<built-in>"
ARM GAS  /var/folders/2r/mdtt8xvd351gdc398t28_m2m0000gn/T//cc7M34vh.s 			page 126


DEFINED SYMBOLS
                            *ABS*:00000000 ethernetif.c
/var/folders/2r/mdtt8xvd351gdc398t28_m2m0000gn/T//cc7M34vh.s:19     .text.ETH_PHY_IO_DeInit:00000000 $t
/var/folders/2r/mdtt8xvd351gdc398t28_m2m0000gn/T//cc7M34vh.s:25     .text.ETH_PHY_IO_DeInit:00000000 ETH_PHY_IO_DeInit
/var/folders/2r/mdtt8xvd351gdc398t28_m2m0000gn/T//cc7M34vh.s:40     .text.low_level_input:00000000 $t
/var/folders/2r/mdtt8xvd351gdc398t28_m2m0000gn/T//cc7M34vh.s:45     .text.low_level_input:00000000 low_level_input
/var/folders/2r/mdtt8xvd351gdc398t28_m2m0000gn/T//cc7M34vh.s:96     .text.low_level_input:00000020 $d
/var/folders/2r/mdtt8xvd351gdc398t28_m2m0000gn/T//cc7M34vh.s:2188   .bss.RxAllocStatus:00000000 RxAllocStatus
/var/folders/2r/mdtt8xvd351gdc398t28_m2m0000gn/T//cc7M34vh.s:2155   .bss.heth:00000000 heth
/var/folders/2r/mdtt8xvd351gdc398t28_m2m0000gn/T//cc7M34vh.s:102    .text.ethernetif_input:00000000 $t
/var/folders/2r/mdtt8xvd351gdc398t28_m2m0000gn/T//cc7M34vh.s:108    .text.ethernetif_input:00000000 ethernetif_input
/var/folders/2r/mdtt8xvd351gdc398t28_m2m0000gn/T//cc7M34vh.s:176    .text.ethernetif_input:00000038 $d
/var/folders/2r/mdtt8xvd351gdc398t28_m2m0000gn/T//cc7M34vh.s:2169   .bss.RxPktSemaphore:00000000 RxPktSemaphore
/var/folders/2r/mdtt8xvd351gdc398t28_m2m0000gn/T//cc7M34vh.s:181    .rodata.low_level_init.str1.4:00000000 $d
/var/folders/2r/mdtt8xvd351gdc398t28_m2m0000gn/T//cc7M34vh.s:185    .text.low_level_init:00000000 $t
/var/folders/2r/mdtt8xvd351gdc398t28_m2m0000gn/T//cc7M34vh.s:190    .text.low_level_init:00000000 low_level_init
/var/folders/2r/mdtt8xvd351gdc398t28_m2m0000gn/T//cc7M34vh.s:525    .text.low_level_init:00000198 $d
/var/folders/2r/mdtt8xvd351gdc398t28_m2m0000gn/T//cc7M34vh.s:2176   .TxDecripSection:00000000 DMATxDscrTab
/var/folders/2r/mdtt8xvd351gdc398t28_m2m0000gn/T//cc7M34vh.s:2183   .RxDecripSection:00000000 DMARxDscrTab
/var/folders/2r/mdtt8xvd351gdc398t28_m2m0000gn/T//cc7M34vh.s:2195   .rodata.memp_RX_POOL:00000000 memp_RX_POOL
/var/folders/2r/mdtt8xvd351gdc398t28_m2m0000gn/T//cc7M34vh.s:2162   .bss.TxPktSemaphore:00000000 TxPktSemaphore
/var/folders/2r/mdtt8xvd351gdc398t28_m2m0000gn/T//cc7M34vh.s:2141   .bss.LAN8742:00000000 LAN8742
/var/folders/2r/mdtt8xvd351gdc398t28_m2m0000gn/T//cc7M34vh.s:2130   .data.LAN8742_IOCtx:00000000 LAN8742_IOCtx
/var/folders/2r/mdtt8xvd351gdc398t28_m2m0000gn/T//cc7M34vh.s:2148   .bss.TxConfig:00000000 TxConfig
/var/folders/2r/mdtt8xvd351gdc398t28_m2m0000gn/T//cc7M34vh.s:541    .text.pbuf_free_custom:00000000 $t
/var/folders/2r/mdtt8xvd351gdc398t28_m2m0000gn/T//cc7M34vh.s:547    .text.pbuf_free_custom:00000000 pbuf_free_custom
/var/folders/2r/mdtt8xvd351gdc398t28_m2m0000gn/T//cc7M34vh.s:595    .text.pbuf_free_custom:00000024 $d
/var/folders/2r/mdtt8xvd351gdc398t28_m2m0000gn/T//cc7M34vh.s:602    .text.ETH_PHY_IO_GetTick:00000000 $t
/var/folders/2r/mdtt8xvd351gdc398t28_m2m0000gn/T//cc7M34vh.s:608    .text.ETH_PHY_IO_GetTick:00000000 ETH_PHY_IO_GetTick
/var/folders/2r/mdtt8xvd351gdc398t28_m2m0000gn/T//cc7M34vh.s:629    .text.ETH_PHY_IO_Init:00000000 $t
/var/folders/2r/mdtt8xvd351gdc398t28_m2m0000gn/T//cc7M34vh.s:635    .text.ETH_PHY_IO_Init:00000000 ETH_PHY_IO_Init
/var/folders/2r/mdtt8xvd351gdc398t28_m2m0000gn/T//cc7M34vh.s:657    .text.ETH_PHY_IO_Init:0000000c $d
/var/folders/2r/mdtt8xvd351gdc398t28_m2m0000gn/T//cc7M34vh.s:662    .text.ETH_PHY_IO_ReadReg:00000000 $t
/var/folders/2r/mdtt8xvd351gdc398t28_m2m0000gn/T//cc7M34vh.s:668    .text.ETH_PHY_IO_ReadReg:00000000 ETH_PHY_IO_ReadReg
/var/folders/2r/mdtt8xvd351gdc398t28_m2m0000gn/T//cc7M34vh.s:707    .text.ETH_PHY_IO_ReadReg:00000018 $d
/var/folders/2r/mdtt8xvd351gdc398t28_m2m0000gn/T//cc7M34vh.s:712    .text.ETH_PHY_IO_WriteReg:00000000 $t
/var/folders/2r/mdtt8xvd351gdc398t28_m2m0000gn/T//cc7M34vh.s:718    .text.ETH_PHY_IO_WriteReg:00000000 ETH_PHY_IO_WriteReg
/var/folders/2r/mdtt8xvd351gdc398t28_m2m0000gn/T//cc7M34vh.s:757    .text.ETH_PHY_IO_WriteReg:00000018 $d
/var/folders/2r/mdtt8xvd351gdc398t28_m2m0000gn/T//cc7M34vh.s:762    .text.HAL_ETH_Transmit_IT_Safe:00000000 $t
/var/folders/2r/mdtt8xvd351gdc398t28_m2m0000gn/T//cc7M34vh.s:768    .text.HAL_ETH_Transmit_IT_Safe:00000000 HAL_ETH_Transmit_IT_Safe
/var/folders/2r/mdtt8xvd351gdc398t28_m2m0000gn/T//cc7M34vh.s:820    .text.low_level_output:00000000 $t
/var/folders/2r/mdtt8xvd351gdc398t28_m2m0000gn/T//cc7M34vh.s:825    .text.low_level_output:00000000 low_level_output
/var/folders/2r/mdtt8xvd351gdc398t28_m2m0000gn/T//cc7M34vh.s:1023   .text.low_level_output:000000d8 $d
/var/folders/2r/mdtt8xvd351gdc398t28_m2m0000gn/T//cc7M34vh.s:1030   .text.HAL_ETH_RxCpltCallback:00000000 $t
/var/folders/2r/mdtt8xvd351gdc398t28_m2m0000gn/T//cc7M34vh.s:1036   .text.HAL_ETH_RxCpltCallback:00000000 HAL_ETH_RxCpltCallback
/var/folders/2r/mdtt8xvd351gdc398t28_m2m0000gn/T//cc7M34vh.s:1061   .text.HAL_ETH_RxCpltCallback:0000000c $d
/var/folders/2r/mdtt8xvd351gdc398t28_m2m0000gn/T//cc7M34vh.s:1066   .text.HAL_ETH_TxCpltCallback:00000000 $t
/var/folders/2r/mdtt8xvd351gdc398t28_m2m0000gn/T//cc7M34vh.s:1072   .text.HAL_ETH_TxCpltCallback:00000000 HAL_ETH_TxCpltCallback
/var/folders/2r/mdtt8xvd351gdc398t28_m2m0000gn/T//cc7M34vh.s:1097   .text.HAL_ETH_TxCpltCallback:0000000c $d
/var/folders/2r/mdtt8xvd351gdc398t28_m2m0000gn/T//cc7M34vh.s:1102   .text.HAL_ETH_ErrorCallback:00000000 $t
/var/folders/2r/mdtt8xvd351gdc398t28_m2m0000gn/T//cc7M34vh.s:1108   .text.HAL_ETH_ErrorCallback:00000000 HAL_ETH_ErrorCallback
/var/folders/2r/mdtt8xvd351gdc398t28_m2m0000gn/T//cc7M34vh.s:1142   .text.HAL_ETH_ErrorCallback:00000018 $d
/var/folders/2r/mdtt8xvd351gdc398t28_m2m0000gn/T//cc7M34vh.s:1147   .rodata.ethernetif_init.str1.4:00000000 $d
/var/folders/2r/mdtt8xvd351gdc398t28_m2m0000gn/T//cc7M34vh.s:1157   .text.ethernetif_init:00000000 $t
/var/folders/2r/mdtt8xvd351gdc398t28_m2m0000gn/T//cc7M34vh.s:1163   .text.ethernetif_init:00000000 ethernetif_init
/var/folders/2r/mdtt8xvd351gdc398t28_m2m0000gn/T//cc7M34vh.s:1224   .text.ethernetif_init:00000034 $d
/var/folders/2r/mdtt8xvd351gdc398t28_m2m0000gn/T//cc7M34vh.s:1233   .text.sys_now:00000000 $t
ARM GAS  /var/folders/2r/mdtt8xvd351gdc398t28_m2m0000gn/T//cc7M34vh.s 			page 127


/var/folders/2r/mdtt8xvd351gdc398t28_m2m0000gn/T//cc7M34vh.s:1239   .text.sys_now:00000000 sys_now
/var/folders/2r/mdtt8xvd351gdc398t28_m2m0000gn/T//cc7M34vh.s:1260   .text.HAL_ETH_MspInit:00000000 $t
/var/folders/2r/mdtt8xvd351gdc398t28_m2m0000gn/T//cc7M34vh.s:1266   .text.HAL_ETH_MspInit:00000000 HAL_ETH_MspInit
/var/folders/2r/mdtt8xvd351gdc398t28_m2m0000gn/T//cc7M34vh.s:1520   .text.HAL_ETH_MspInit:00000130 $d
/var/folders/2r/mdtt8xvd351gdc398t28_m2m0000gn/T//cc7M34vh.s:1530   .text.HAL_ETH_MspDeInit:00000000 $t
/var/folders/2r/mdtt8xvd351gdc398t28_m2m0000gn/T//cc7M34vh.s:1536   .text.HAL_ETH_MspDeInit:00000000 HAL_ETH_MspDeInit
/var/folders/2r/mdtt8xvd351gdc398t28_m2m0000gn/T//cc7M34vh.s:1606   .text.HAL_ETH_MspDeInit:00000060 $d
/var/folders/2r/mdtt8xvd351gdc398t28_m2m0000gn/T//cc7M34vh.s:1616   .text.ethernet_link_thread:00000000 $t
/var/folders/2r/mdtt8xvd351gdc398t28_m2m0000gn/T//cc7M34vh.s:1622   .text.ethernet_link_thread:00000000 ethernet_link_thread
/var/folders/2r/mdtt8xvd351gdc398t28_m2m0000gn/T//cc7M34vh.s:1764   .text.ethernet_link_thread:00000098 $d
/var/folders/2r/mdtt8xvd351gdc398t28_m2m0000gn/T//cc7M34vh.s:1768   .text.ethernet_link_thread:000000a8 $t
/var/folders/2r/mdtt8xvd351gdc398t28_m2m0000gn/T//cc7M34vh.s:1819   .text.ethernet_link_thread:000000cc $d
/var/folders/2r/mdtt8xvd351gdc398t28_m2m0000gn/T//cc7M34vh.s:1825   .text.HAL_ETH_RxAllocateCallback:00000000 $t
/var/folders/2r/mdtt8xvd351gdc398t28_m2m0000gn/T//cc7M34vh.s:1831   .text.HAL_ETH_RxAllocateCallback:00000000 HAL_ETH_RxAllocateCallback
/var/folders/2r/mdtt8xvd351gdc398t28_m2m0000gn/T//cc7M34vh.s:1906   .text.HAL_ETH_RxAllocateCallback:00000040 $d
/var/folders/2r/mdtt8xvd351gdc398t28_m2m0000gn/T//cc7M34vh.s:1913   .text.HAL_ETH_RxLinkCallback:00000000 $t
/var/folders/2r/mdtt8xvd351gdc398t28_m2m0000gn/T//cc7M34vh.s:1919   .text.HAL_ETH_RxLinkCallback:00000000 HAL_ETH_RxLinkCallback
/var/folders/2r/mdtt8xvd351gdc398t28_m2m0000gn/T//cc7M34vh.s:2093   .text.HAL_ETH_RxLinkCallback:0000005c $d
/var/folders/2r/mdtt8xvd351gdc398t28_m2m0000gn/T//cc7M34vh.s:2098   .text.HAL_ETH_TxFreeCallback:00000000 $t
/var/folders/2r/mdtt8xvd351gdc398t28_m2m0000gn/T//cc7M34vh.s:2104   .text.HAL_ETH_TxFreeCallback:00000000 HAL_ETH_TxFreeCallback
/var/folders/2r/mdtt8xvd351gdc398t28_m2m0000gn/T//cc7M34vh.s:2127   .data.LAN8742_IOCtx:00000000 $d
/var/folders/2r/mdtt8xvd351gdc398t28_m2m0000gn/T//cc7M34vh.s:2138   .bss.LAN8742:00000000 $d
/var/folders/2r/mdtt8xvd351gdc398t28_m2m0000gn/T//cc7M34vh.s:2145   .bss.TxConfig:00000000 $d
/var/folders/2r/mdtt8xvd351gdc398t28_m2m0000gn/T//cc7M34vh.s:2152   .bss.heth:00000000 $d
/var/folders/2r/mdtt8xvd351gdc398t28_m2m0000gn/T//cc7M34vh.s:2159   .bss.TxPktSemaphore:00000000 $d
/var/folders/2r/mdtt8xvd351gdc398t28_m2m0000gn/T//cc7M34vh.s:2166   .bss.RxPktSemaphore:00000000 $d
/var/folders/2r/mdtt8xvd351gdc398t28_m2m0000gn/T//cc7M34vh.s:2173   .TxDecripSection:00000000 $d
/var/folders/2r/mdtt8xvd351gdc398t28_m2m0000gn/T//cc7M34vh.s:2180   .RxDecripSection:00000000 $d
/var/folders/2r/mdtt8xvd351gdc398t28_m2m0000gn/T//cc7M34vh.s:2189   .bss.RxAllocStatus:00000000 $d
/var/folders/2r/mdtt8xvd351gdc398t28_m2m0000gn/T//cc7M34vh.s:2192   .rodata.memp_RX_POOL:00000000 $d
/var/folders/2r/mdtt8xvd351gdc398t28_m2m0000gn/T//cc7M34vh.s:2211   .Rx_PoolSection:00000000 memp_memory_RX_POOL_base
/var/folders/2r/mdtt8xvd351gdc398t28_m2m0000gn/T//cc7M34vh.s:2204   .bss.memp_tab_RX_POOL:00000000 memp_tab_RX_POOL
/var/folders/2r/mdtt8xvd351gdc398t28_m2m0000gn/T//cc7M34vh.s:2201   .bss.memp_tab_RX_POOL:00000000 $d
/var/folders/2r/mdtt8xvd351gdc398t28_m2m0000gn/T//cc7M34vh.s:2208   .Rx_PoolSection:00000000 $d

UNDEFINED SYMBOLS
HAL_ETH_ReadData
osSemaphoreAcquire
pbuf_free
memset
HAL_ETH_Init
memp_init_pool
osSemaphoreNew
osThreadNew
LAN8742_RegisterBusIO
LAN8742_Init
LAN8742_GetLinkState
HAL_ETH_GetMACConfig
HAL_ETH_SetMACConfig
HAL_ETH_Start_IT
netif_set_up
netif_set_link_up
netif_set_link_down
netif_set_down
Error_Handler
memp_free_pool
osSemaphoreRelease
ARM GAS  /var/folders/2r/mdtt8xvd351gdc398t28_m2m0000gn/T//cc7M34vh.s 			page 128


HAL_GetTick
HAL_ETH_SetMDIOClockRange
HAL_ETH_ReadPHYRegister
HAL_ETH_WritePHYRegister
HAL_ETH_Transmit_IT
pbuf_ref
HAL_ETH_GetError
HAL_ETH_ReleaseTxPacket
HAL_ETH_GetDMAError
printf
etharp_output
HAL_GPIO_Init
HAL_NVIC_SetPriority
HAL_NVIC_EnableIRQ
HAL_GPIO_DeInit
HAL_NVIC_DisableIRQ
HAL_ETH_Stop_IT
osDelay
memp_malloc_pool
pbuf_alloced_custom
