:020000040800F2
:100000000000022005B70008311100083311000874
:1000100035110008371100083911000800000000F0
:100020000000000000000000000000004162000825
:100030003B11000800000000E1620008FB580008C6
:1000400059B7000859B7000859B7000859B7000850
:1000500059B7000859B7000859B7000859B7000840
:1000600059B7000859B7000859B7000859B7000830
:1000700059B7000859B7000859B7000859B7000820
:1000800059B7000859B7000859B7000859B7000810
:1000900059B7000859B7000859B7000859B7000800
:1000A00059B700083D11000859B7000859B70008B2
:1000B00059B7000859B7000859B7000859B70008E0
:1000C00059B7000859B7000859B7000859B70008D0
:1000D00059B7000859B7000859B7000859B70008C0
:1000E0004D11000859B700080000000059B700087A
:1000F00059B7000859B7000859B7000859B70008A0
:1001000059B7000859B7000859B7000859B700088F
:1001100059B7000859B7000859B7000859B700087F
:1001200059B7000859B7000859B7000859B700086F
:1001300059B700085911000859B7000859B7000805
:1001400059B7000859B7000800000000000000007F
:1001500059B7000859B7000859B7000859B700083F
:1001600059B7000859B7000859B7000859B700082F
:1001700059B7000859B7000859B7000859B700081F
:1001800059B7000859B7000859B7000859B700080F
:1001900059B7000859B7000859B7000859B70008FF
:1001A00059B7000859B7000859B7000859B70008EF
:1001B00059B7000859B7000859B7000859B70008DF
:1001C00059B7000859B7000859B7000859B70008CF
:1001D00059B7000859B7000859B7000859B70008BF
:1001E00059B7000859B7000859B7000859B70008AF
:1001F00059B7000859B7000859B7000859B700089F
:1002000059B7000859B7000859B7000859B700088E
:1002100059B7000859B7000859B7000859B700087E
:1002200059B7000859B7000859B700080000000086
:1002300059B7000859B7000859B7000859B700085E
:1002400059B7000859B7000859B7000859B700084E
:1002500059B7000859B7000859B7000859B700083E
:1002600059B7000859B7000859B7000859B700082E
:1002700059B7000859B7000859B7000859B700081E
:1002800059B7000859B7000859B700080000000026
:0802900059B7000859B7000836
:1002A000034613F8012B002AFBD1181A01387047B6
:1002B00001F0FF01102A2BDB10F0070F08D010F817
:1002C000013B013A8B422DD010F0070F42B3F6D11B
:1002D000F0B441EA012141EA014122F007047FF034
:1002E00000070023F0E80256083C85EA010586EA8B
:1002F000010685FA47F5A3FA87F586FA47F6A5FAC7
:1003000087F68EB9EED1F0BC01F0FF0102F00702D2
:1003100032B110F8013B013A83EA010313B1F8D17D
:100320000020704701387047002D06BF354603385E
:10033000073815F0010F07D1013015F4807F02BF97
:10034000013015F4C03F0130F0BC0138704700BFE8
:100350007BB972B90029BEBF00204FF0004106E012
:1003600008BF00281CBF6FF000414FF0FF3000F0C5
:100370003FB8ADF1080C6DE904CE002909DB002B74
:100380001ADB15F04BF8DDF804E0DDE9022304B0D8
:100390007047404261EB4101002B1BDB15F03EF83A
:1003A000DDF804E0DDE9022304B0404261EB4101E5
:1003B000524263EB43037047524263EB430315F031
:1003C0002DF8DDF804E0DDE9022304B0404261EBE2
:1003D00041017047524263EB430315F01FF8DDF80B
:1003E00004E0DDE9022304B0524263EB43037047AB
:1003F000704700BF10F8012B11F8013B012A28BFFC
:100400009A42F7D0D01A70470348044B834202D077
:10041000034B03B118477047300100203001002022
:10042000000000000548064B1B1AD90F01EBA30181
:10043000491002D0034B03B1184770473001002028
:10044000300100200000000010B5064C237843B9AD
:10045000FFF7DAFF044B13B10448AFF30080012328
:10046000237010BD784B002000000000E05C010804
:1004700008B5054B1BB105490548AFF30080BDE841
:100480000840FFF7CFBF00BF000000007C4B0020FA
:10049000E05C010870470000F0B585B0424FC02114
:1004A0003970A8227A700024BC700323FB703F4E81
:1004B000FF2333707370B370F023F3703C4D2970D9
:1004C0006A70AC700823EB702146204606F0F4FEFB
:1004D0003A787B781B0443EA0263BA7843EA022342
:1004E000F9780B431A0202F47F0242EA0162190A08
:1004F00001F47F410A4342EA13632E490B603278CC
:1005000073781B0443EA0263B27843EA0223F0786B
:1005100003431A0202F47F0242EA0062180A00F45E
:100520007F40024342EA1363234A136028786B78C2
:100530001B0443EA0063A87843EA0023ED782B43C9
:10054000180200F47F0040EA05601D0A05F47F45AB
:10055000284340EA1360194B1860194D194802905E
:10056000194801900094284608F016FC284608F027
:10057000A5FC284608F0A8FC1449284608F024FDEC
:10058000134E2422214630460BF0DBFA114B336028
:100590004FF4806373611023B361324629460E48DD
:1005A00005F0F0F905B0F0BDC04B0020BC4B0020B9
:1005B000B84B0020CC4B0020C84B0020C44B00207F
:1005C000D04B0020757200080D0A00089504000841
:1005D000944B0020045D0108A50B00080020704723
:1005E00000B583B000230193054B1B781BB1019824
:1005F00003B05DF804FB01A9024801F071FDF6E7C4
:10060000144D00205C4C002038B505464FF0FF31FA
:100610000B4B186805F020FB0028F7D101E0002CF7
:10062000F4D02846FFF7DCFF04460028F7D02B69FA
:10063000294698470028F2D0204608F0DBFDEEE777
:10064000104D002008B503F089F908BD08B5134620
:100650000A460146034801F0B6FE00B908BD4FF056
:10066000FF30FBE75C4C002008B513460A46014604
:10067000034801F0D9FE00B908BD4FF0FF30FBE799
:100680005C4C00202DE9F043A7B004466422002111
:1006900004A80BF056FA754E754B336000258DF8A3
:1006A000085080238DF80930E1238DF80A308DF849
:1006B0000B508DF80C508DF80D5002AB7360012774
:1006C00037726C4BF3606C4B33614FF4C0637361F2
:1006D000304602F013F88046DFF8BC9138222946F4
:1006E00048460BF02EFA2123C9F800304FF440336E
:1006F000C9F81430614807F0BFFA062384F82C309B
:1007000073681A7884F826205A7884F827209A7813
:1007100084F82820DA7884F829201A7984F82A20A5
:100720005B7984F82B3040F2DC53A38494F82D30AD
:1007300043F00A0384F82D302A462946384605F04E
:100740002FFA4F4B18602A462946384605F028FAFA
:100750004C4B18601DAF2422294638460BF0F1F9A6
:10076000494B1D934FF4AF732293302323933A46A2
:100770002146464805F006F9019503F0EFF80746D3
:1007800001AB2A462946304601F01DFED8B1404D46
:100790004049284600F04AFD284600F066FD78BB37
:1007A000B8F1000F5CD13A4800F08EFD01282EDD33
:1007B000042833D0052835D003284CD14FF4804786
:1007C0004FF0000830E0019B43F4004301932A46B8
:1007D0002946304601F028FE01AB0022114623488D
:1007E00001F0F1FD03F0BAF8C31BB3F5FA7F03D8AB
:1007F000019B13F4004FEFD1322005F01DF9C6E73D
:10080000204608F0C3FB204608F07CFB2AE0204687
:1008100008F0BCFB204608F075FB23E000274FF4EE
:10082000005801E00027B84604AE104D3146284676
:1008300001F02EFECDF8288009973146284601F0B8
:100840001AFF284601F080FB204608F03DFB2046B9
:1008500008F078FB06E04FF480474FF40058E3E7D8
:1008600000F09CFA27B0BDE8F08300BF5C4C00208C
:10087000008002403001002090010020987A010899
:10088000104D00200C4D00200C5D010809060008E9
:10089000044C002000000020244C002008B5014634
:1008A000074807F03DFA074B1B78012B00D008BD25
:1008B000044B00221A70044B186805F001FAF6E7A1
:1008C000987A0108144D0020104D002008B5024808
:1008D00001F0E0FE002008BD5C4C002008B5BFF32D
:1008E0005F8FBFF34F8F01F0C7FB08BD70B58CB0B1
:1008F0000C4630263246002168460BF022F932467B
:10090000002168460BF01DF92246002303E0116820
:10091000F9B1013312682AB3032B4FD8516803EBA6
:10092000430C0CA800EB8C0C4CF8301C51894CF893
:100930002C1C002BEBD003F1FF3C03EB43000DEB31
:1009400080010CEB4C0C0CA800EB8C0C4CF8281C18
:10095000DDE703EB43010CA800EB8101002041F827
:10096000280CD6E72289174B5A60C3F808D05C637D
:10097000204608F0AFFD13E0134801F075FF10F0BA
:10098000020F15D04FF4FA61104B186805F064F9A6
:100990000D4801F023FC6FF0010010F1020F0FD1A0
:1009A00008490948FFF79AFF0028E5D10020F4E73D
:1009B000204608F01FFC6FF00B00EEE76FF00B0015
:1009C0000CB070BD244C00205C4C00200C4D00206D
:1009D00008B5024B186805F073F908BD104D0020EA
:1009E00008B5024B186805F06BF908BD0C4D0020E6
:1009F00008B501F03CFF10F0800F00D108BD024B9C
:100A0000186805F05DF9F9E7104D002010B50446AF
:100A100070B1732384F82E30742384F82F30084B80
:100A20006361084BA3612046FFF72CFE002010BD38
:100A3000054B40F24122054905480BF047F8E8E72D
:100A4000D9A00008ED080008145D0108385D010810
:100A5000485D010808B502F081FF08BDF0B58DB012
:100A600000230793089309930A930B930268474B5B
:100A70009A4201D00DB0F0BD454BD3F8D82042F4D6
:100A80000042C3F8D820D3F8D82002F400420092E4
:100A9000009AD3F8D82042F48032C3F8D820D3F893
:100AA000D82002F480320192019AD3F8D82042F47F
:100AB0000032C3F8D820D3F8D82002F400320292D2
:100AC000029AD3F8E02042F00402C3F8E020D3F801
:100AD000E02002F004020392039AD3F8E02042F0EF
:100AE0000102C3F8E020D3F8E02002F001020492F2
:100AF000049AD3F8E02042F00202C3F8E020D3F8D1
:100B0000E02002F002020592059AD3F8E02042F0BC
:100B10004002C3F8E020D3F8E03003F0400306932E
:100B2000069B32230793022708970B260B9607ADE7
:100B30002946184802F09AFC862307930897002458
:100B400009940A940B962946134802F08FFC4FF43F
:100B500000530793089709940A940B9629460F4867
:100B600002F084FC4FF420530793089709940A94E9
:100B70000B9629460A4802F079FC224605213D20C1
:100B800002F048FE3D2002F055FE73E7008002406F
:100B9000004402580008025800000258000402589D
:100BA000001802582DE9F0439BB00446642200214E
:100BB00001A80AF0C6FF00252E462F4628E02C4843
:100BC00001F00EFA204608F09DF9204608F0DEF903
:100BD0001BE04FF400554FF4804601270DF1040946
:100BE000DFF88C804946404601F052FC0795069696
:100BF0004946404601F03FFD404601F0A5F9204638
:100C000008F062F9204608F09DF9642004F014FF12
:100C1000184800F059FB94F82D3013F0040F01D060
:100C20000128CCDD13F0040FEFD10128EDDD0238EF
:100C3000032815D801A353F820F000BFD30B0008F8
:100C4000570C00084D0C0008670C00084FF40055C5
:100C500000260127C2E700254FF480460127BDE7A3
:100C6000002FD2D0BAE700252E460127B6E700BFF5
:100C70005C4C0020044C002010B582B004460E48A5
:100C800007F01EF888B1034600F1200222600B4AEB
:100C900002614FF4C0620192226800924122002159
:100CA000084608F03DFA02B010BD054B01221A704B
:100CB00000232360F7E700BF987A01089D08000829
:100CC000144D002030B4A2F12004002542F8205C2D
:100CD00022F8185C22F8163C056825B10D682C60D6
:100CE0000C60016805E00460FAE70889184408818F
:100CF00009680029F9D183B1114602F01F0213449B
:100D0000BFF34F8F064AC2F85C122031203B002B04
:100D1000F8DCBFF34F8FBFF36F8F30BC704700BF5D
:100D200000ED00E008B508F065FA08BD30B585B003
:100D30000024009401940294039402F07FFD0123A7
:100D40008DF800308DF801404FF040520192112291
:100D50008DF808208DF809408DF80A4003228DF89F
:100D60000B208DF80C308DF80D408DF80E408DF86D
:100D70000F40684602F080FD042002F06DFD05B0D2
:100D800030BD000008B50268034B9A4200D008BD90
:100D900002F0D8FDFBE700BF0000014072B6FEE79D
:100DA00000B59DB04C22002109A80AF0CAFE2022FD
:100DB000002101A80AF0C5FE042002F08FFC0023E8
:100DC0000093284BDA6A22F00102DA62DB6A03F050
:100DD00001030093244A936923F4404343F40043FE
:100DE0009361936903F440430093009B1E4B9B69FE
:100DF00013F4005FFAD00223099301220C924022DF
:100E00000D92129300221392042114911C2115912A
:100E100016930521179118930C2319931A924FF4E6
:100E200080631B9309A801F025FDB0B93F2301930E
:100E30000323029300230393049340230593069313
:100E40004FF480620792089304210DEB010002F039
:100E500065F920B91DB05DF804FBFFF79FFFFFF7B0
:100E60009DFF00BF000400580048025810B582B032
:100E7000364B0022C3F88420BFF34F8F5A6922F407
:100E800080325A61BFF34F8FD3F88040C4F34E30A5
:100E900000E01846C4F3C90243F6E07303EA4013C6
:100EA00043EA82732949C1F874321346013A002B90
:100EB000F2D1431E0028ECD1BFF34F8FBFF36F8FE9
:100EC000FFF734FF4FF6FF7300E01346204A126825
:100ED00012F4004F03D05A1E002BF6DC1346002BF1
:100EE0001ADB02F001FDFFF75BFF194BD3F8E0209E
:100EF00042F00072C3F8E020D3F8E03003F0007352
:100F00000193019B002002F0D1FB0021084602F072
:100F1000DDFB4FF6FF7302E0FFF740FF13460C4A7C
:100F2000126812F4004F03D15A1E002BF6DC134650
:100F3000002B08DB00F00EF804F0ECFC00F0E8F801
:100F400004F0FAFCFEE7FFF729FF00BF00ED00E028
:100F50000044025800B58BB005A9002305934B60EF
:100F60008B60CB600B611F4BD3F8E02042F0040292
:100F7000C3F8E020D3F8E02002F004020192019AC5
:100F8000D3F8E02042F00102C3F8E020D3F8E020DB
:100F900002F001020292029AD3F8E02042F002022B
:100FA000C3F8E020D3F8E02002F002020392039A93
:100FB000D3F8E02042F04002C3F8E020D3F8E0305C
:100FC00003F040030493049B4FF4C853059302239A
:100FD00006930A230993044802F048FA0BB05DF81F
:100FE00004FB00BF004402580000025810B5A4B032
:100FF000FFF752FA40F6B83004F01EFD384B01936B
:10100000384B0093384B394A002108460BF00CFF4F
:101010001FAC20460BF08EFE354B1F93354B2093B3
:10102000354B2193354B229320460BF091FE40B96E
:101030004FF48041324802F02FFB642004F0FCFCA6
:10104000F6E702AC20460BF0A1FE0DF12C0EA446F3
:10105000BCE80F00AEE80F00DCF80030CEF800303E
:101060000BAB0022114610A80BF096FD40B14FF4D7
:101070008041234802F010FB642004F0DDFCF6E719
:1010800009AC10AB1F4A204920460BF0CFFD0CF0F5
:1010900065FB02461D4B21461EA80BF009FE0023EE
:1010A0001D930BE001224FF48041154802F0EEFA47
:1010B0001D9B01331D93642004F0BEFC01211048E8
:1010C00002F0EAFA00221DA91EA80BF041FD00283B
:1010D000E8D100224FF48041094802F0D7FAE7E74F
:1010E00081B5000855B5000835B50008C9B4000839
:1010F000F5B5000819B6000825B6000889B600083D
:1011000000040258B0720108705D0108805D01089A
:1011100008B5044A0021044804F034FC034B18606D
:1011200008BD00BFA47A0108ED0F00081C4D002087
:10113000FEE7FEE7FEE7FEE7FEE7704708B5024878
:1011400000F094F908BD00BF204D002008B5002034
:1011500000F01CF908BD000008B5024801F071F864
:1011600008BD00BF5C4C002000B583B00A4BD3F82B
:10117000F42042F00202C3F8F420D3F8F43003F074
:1011800002030193019B00220F216FF0010002F086
:1011900041FB03B05DF804FB004402580F2801D95D
:1011A0000120704710B58AB004460022014619207C
:1011B00002F030FB192002F03DFB174B1C60174B6F
:1011C000D3F8F02042F00102C3F8F020D3F8F03059
:1011D00003F001030093009B01A902A802F01CF98F
:1011E00002F008F943000E4AA2FB03239B0C013BCB
:1011F0000C480D4A026040F2E732C26043600023AF
:101200000361836000F072FA10B101200AB010BDD2
:10121000044800F0DFF8F9E7180000200044025805
:1012200083DE1B43204D00200000014088B1CA68C6
:1012300092B18A689AB10A69A2B10A6882604A6862
:10124000C260CA6842618A6802610A6982610020DC
:1012500070474FF0FF3070474FF0FF3070474FF04E
:10126000FF3070474FF0FF30704770B582B00023F9
:10127000019344680CBB0546836803B1984720235B
:101280002B60002602E06FF0040601341F2C0DD8FD
:101290006B6901AA1221204698470028F3DB019BC5
:1012A00003F01F03A342F0D12C6000262B681F2BF4
:1012B00007D81EB901236B6000E00026304602B05B
:1012C00070BD6FF00206F9E710B582B00446002346
:1012D0000193436901AA012100689847002839DB7E
:1012E000636901AA012120689847002835DB019B2A
:1012F00013F0040F34D0636901AA002120689847D5
:10130000002830DB019B13F4805F0CD103F40452FE
:10131000B2F5045F2AD013F4005F29D113F4807F63
:1013200028D004201DE0636901AA1F212068984786
:10133000002821DB019B13F4805F20D003F01C0305
:10134000182B1ED0082B1ED0142B01D0052008E02E
:10135000042006E06FF0040003E06FF0040000E0FA
:10136000012002B010BD6FF00400FAE70220F8E798
:101370000320F6E70520F4E76FF00400F1E706200C
:10138000EFE70220EDE70320EBE7000008B5034B91
:1013900003EBC00002F0F8FA08BD00BF044E0020C5
:1013A00010B582B00190084B18784FF47A7301227F
:1013B00001A94FF0940C054C0CFB004002F083FB9C
:1013C000019802B010BD00BF6C4D0020704D002090
:1013D0007047000090F83D30012B3AD1022380F88D
:1013E0003D300268D36843F00103D36003681B4AB1
:1013F000B3F1804F18BF93421DD0A2F57C429342B7
:1014000019D002F58062934215D002F580629342B2
:1014100011D002F5784293420DD0A2F56C4293426E
:1014200009D002F59432934205D01A6842F00102C5
:101430001A60002070479968094A0A40062A18BFB6
:10144000B2F5803F07D01A6842F001021A6000200E
:101450007047012070470020704700BF0000014026
:1014600007000100704770477047704770B5044629
:101470000368DE681D6915F0020F10D016F0020F28
:101480000DD06FF002021A610123037703689B6994
:1014900013F0030F64D0FFF7E6FF0023237715F066
:1014A000040F12D016F0040F0FD023686FF004025F
:1014B0001A610223237723689B6913F4407F55D078
:1014C0002046FFF7D0FF0023237715F0080F12D036
:1014D00016F0080F0FD023686FF008021A6104237A
:1014E00023772368DB6913F0030F46D02046FFF70C
:1014F000BAFF0023237715F0100F12D016F0100F4B
:101500000FD023686FF010021A6108232377236835
:10151000DB6913F4407F37D02046FFF7A4FF002398
:10152000237715F0010F02D016F0010F33D115F417
:10153000025F02D016F0800F35D115F4807F02D003
:1015400016F0800F37D115F0400F02D016F0400F83
:1015500039D115F0200F02D016F0200F3BD170BD0D
:10156000FFF780FF2046FFF77FFF96E72046FFF753
:1015700079FF2046FFF778FFA5E72046FFF772FFC7
:101580002046FFF771FFB4E72046FFF76BFF2046C8
:10159000FFF76AFFC3E723686FF001021A61204674
:1015A000FFF7F0FBC3E723686FF402521A6120468D
:1015B00000F0CDF8C1E723686FF480721A6120460D
:1015C00000F0C6F8BFE723686FF040021A612046BA
:1015D000FFF74BFFBDE723686FF020021A6120463A
:1015E00000F0B4F8BBE7000070B40368394A9042D9
:1015F00014BF00220122B0F1804F14BF144642F004
:101600000104ACB9344DA84214BF00250125334E66
:10161000B0420DD065B905F1804505F58235A84287
:1016200014BF0025012506F50066B04200D01DB1AB
:1016300023F070034D682B4314BB274CA04214BF0A
:1016400000240124254DA8421AD0CCB904F18044CD
:1016500004F58234A04214BF0024012405F500657E
:10166000A8420DD064B91E4CA04214BF002401242E
:1016700005F59A35A84203D014B91A4CA04203D1FB
:1016800023F44073CC68234323F080034C69234345
:101690008C68C4620C688462134CA04208BF42F09C
:1016A000010262B90E4A904214BF0022012204F5E1
:1016B0007054A04203D012B90A4A904201D10A697B
:1016C0000263026842F00402026001224261036088
:1016D00070BC70470000014000080040000400405A
:1016E00000440140004801400004014060B310B5CF
:1016F000044690F83D3013B3022384F83D30214670
:1017000051F8040BFFF770FF012384F8483084F888
:101710003E3084F83F3084F8403084F8413084F81B
:10172000423084F8433084F8443084F8453084F8FB
:10173000463084F8473084F83D30002010BD80F8F2
:101740003C30FFF745FED7E70120704770477047F0
:1017500070472DE9F04182B0074600230193D0F88D
:10176000688008F1120350F82340C56E012613E08B
:1017700001A8FFF781FA019B13B12361236010E0F8
:1017800000260EE04FF00143E36012E003F1120285
:1017900057F82240013D984695B18EB12369002B40
:1017A000E6D0002EF8D0BB6D002BEBD04FF04143BC
:1017B000E36008F10103032BE8D9A8F10303E5E78F
:1017C000FB6EAB4212D008F1030303F00303BFF337
:1017D0005F8F3A6903EB430302EBC3023B6803F5F7
:1017E0008053C3F82821C7F86880FD6602B0BDE8C1
:1017F000F081000030B48B680A6813430A7943EA29
:10180000C2630A7B43EAC2534A7B43EA82538A7B20
:1018100043EA4253CA7B43EA02530A7C002A40F05F
:10182000B0804FF4002213434A7C002A40F0AB8082
:101830004FF4003213438A7C43EA02434A6913435C
:101840008A6913430A7F43EA02334A7F43EAC22389
:101850008A7F002A40F099804FF480621343CA7F48
:1018600043EA422391F82020002A40F090804FF470
:10187000807213434A6A134391F8282043EA021303
:10188000CA6A13430468226822F07F4222F47B0272
:1018900022F4FE4222F07C0213432360CA6B91F8CB
:1018A00038301B0643EA426391F8302043EA824312
:1018B00091F8312043EA424391F83220002A68D15E
:1018C0004FF4803213434A6B13430468626822F07A
:1018D0007C5222F4EF2222F4FF6222F0070213432B
:1018E000636091F840204B6C43EA02220468E5688B
:1018F0002B4B2B401343E36091F854200B6D43EACC
:10190000420391F84C20002A45D1802213438A6C6F
:1019100043EA02430468226F22F0F2021204120C1E
:101920001343236791F8562091F8553042EA430259
:101930000468D4F8903023F003031343C4F89030C4
:101940000268D2F8003D23F072038C6D2343C2F885
:10195000003DCB6D91F86020FAB94022134391F815
:10196000612043EA021391F8622043EAC20301684E
:10197000D1F8302D22F07B021343C1F8303D30BC4A
:10198000704700224FE7002254E7002266E700225A
:101990006FE7002296E70022B8E70022DEE700BFEB
:1019A000F0FEFFFF10B4026802F580521468234B6A
:1019B00023400C68234313600A798B6843EA02339F
:1019C0000A7B43EAC232036803F5805CDCF804401A
:1019D0001B4B23401343CCF804304A7B0B6A43EA89
:1019E000024C026802F58052D2F80041154B2340A8
:1019F00043EA0C03C2F800310B690A7D43EA021383
:101A00004A7F43EA0232036803F5805CDCF8044154
:101A10000D4B23401343CCF804310B7F896941EA15
:101A2000C371026802F58052D2F80801074B0340E7
:101A30000B43C2F808315DF8044B7047FD87FFFF88
:101A4000FE2FFFFF00C0FEFFEFEFC0FFFFFFC07FD4
:101A500070B5A2B0064601258DF8335000241294CB
:101A60008DF841408DF843408DF828508DF8565040
:101A70008DF832508DF84C408DF884504FF400535F
:101A80000F938DF85C4018948DF885408DF8864052
:101A90004FF4C36316938DF830400B948DF8355096
:101AA0008DF836408DF840401D941B9414948DF8A9
:101AB00064408DF87A408DF84250202320938DF8B1
:101AC00044508DF855404FF0405309934FF48043F4
:101AD0000E938DF8314002231F938DF878408DF8D6
:101AE00079408DF854408DF834501A948DF8705028
:101AF00009A9FFF77FFE8DF80450029500948DF838
:101B00001C408DF80D408DF80C404FF400130693E7
:101B10008DF8144004938DF81D404FF4067308931C
:101B200069463046FFF73EFF22B070BD10B4002278
:101B300010E0C46802EB42034FEAC30C04EBC3039A
:101B4000002144F80C1059609960D960911D40F84B
:101B500021300132032AECD900238362036803F5A4
:101B600080530322C3F82C21C268036803F5805315
:101B7000C3F81421C268036803F58053C3F8202119
:101B80005DF8044B704710B4002113E0046901EBC9
:101B900041034FEAC30C04EBC303002244F80C20BA
:101BA0005A609A60DA601A615A6101F1120240F8D3
:101BB000223001310329E9D90023C3650366836616
:101BC000C3668365036803F580530322C3F830219D
:101BD0000269036803F58053C3F81C21036903F10C
:101BE0004802036803F58053C3F828215DF8044BCD
:101BF000704700002DE9F0419046846A00EB8403B1
:101C00009B69D1F808C0DA68002AC0F29281221DCF
:101C100000EB8202D269002A40F08D810A6812F03E
:101C2000040F2CD0DA686FF30F024D6A2A43DA6092
:101C3000DA6842F48032DA6005682A6E42F4801273
:101C40002A660A6812F0080F19D09A6892B2CD6A13
:101C500042EA05429A60DA6842F40032DA60DA68F1
:101C600022F440220D6B2A43DA6005686A6E42F462
:101C700080126A6605682A6D42F080622A650A68E9
:101C800012F0100F09D09A686FF30D028D692A4384
:101C90009A60DA6842F08062DA600A6812F0140230
:101CA00020D0DA6842F08042DA60BFF35F8FDA68F2
:101CB00042F00042DA60661C032E00D9E61E00EBFB
:101CC00086039B69DA68002A01DB01220BE000EB46
:101CD0008404A269BFF35F8FD36823F00043D3600D
:101CE000022029E1264602F1010EDCF800201A60EC
:101CF0009A686FF30D02DCF804502A439A60DCF80E
:101D00000820002A48D015685D609D68DFF82CC265
:101D100005EA0C0C55684CEA05459D600D6815F008
:101D2000100F41D0DD6825F4F00C0D6A4CEAC54572
:101D3000DD60DD68DFF808C205EA0C0CCD694CEA0D
:101D40000505DD60DD6845F48025DD600D6815F072
:101D5000040F06D09D6825F4404C8D6A4CEA0505B9
:101D60009D60DD6845F00055DD60DD6825F080454B
:101D7000DD60BFF35F8FDD6845F00045DD600D6815
:101D800015F0020F06D0DD6825F0607CCD684CEAC6
:101D90000505DD60002564E000225A609A686FF353
:101DA0001D429A606246B9E7DD68DFF898C105EA2E
:101DB0000C0C4D684CEA0505DD600D6815F0010F4F
:101DC00006D0DD6825F4403C4D694CEA0505DD6030
:101DD0000D6815F0200FB9D0DD6825F0406C0D6955
:101DE0004CEA0505DD60B1E700EB84039969002248
:101DF00004E000EB8301896901321C4672450AD276
:101E0000BFF35F8FCB6823F00043CB60631C032BD1
:101E1000EFD9E31EEDE702208EE000225A609A68B7
:101E20006FF31D429A603A4651E0DE686FF30E068A
:101E30004F683E43DE600E6816F0010F05D0DE6885
:101E400026F440364F693E43DE600135BFF35F8FB5
:101E5000DE6846F00046DE60DE6826F08046DE6022
:101E600066469768002F41D0DF6827F08057DF6013
:101E700006F1010CBCF1030F01D9A6F1030C00EB34
:101E80008C039B69DE6826F00056DE60DE68002E5B
:101E9000AADB0CF1040600EB8606F669002EA3D13E
:101EA0000EF1010E97683A681A609E686FF30D068E
:101EB0007A6832439A60BA68002AAED016685E60CB
:101EC0009E686FF31D46576846EA07469E600E6897
:101ED00016F0100FA9D0DE686FF31106CF693E43EC
:101EE000DE60DE6846F48026DE60AEE7B8F1000F03
:101EF0001AD09A6842F000429A60DA6842F0805242
:101F0000DA60C26B331D00EB8303DA618662EFF3A4
:101F10001082012383F31088036C2B440133036484
:101F200082F31088002007E09A6822F000429A604D
:101F3000E3E7022000E00220BDE8F081FFFF00C0DF
:101F40000000FCFF0080FFFFD0F88430102B01D090
:101F50000120704710B504462023C0F884300123C7
:101F600083650423C366FFF7F4FB236803F58053FE
:101F7000D3F8042142F00102C3F80421236803F5D9
:101F80008053D3F8082142F00102C3F808212368E6
:101F900003F58053D3F8602142F48172C3F86021C5
:101FA0002268D2F8003D43F00103C2F8003D2268E8
:101FB000136843F0020313602268136843F00103BF
:101FC0001360236803F58053D3F834114DF2C10236
:101FD0000A43C3F834214023C4F88430002010BDE4
:101FE000D0F88430402B01D0012070472023C0F866
:101FF0008430036803F58053D3F834111D4A0A4036
:10200000C3F83421036803F58053D3F8042122F088
:102010000102C3F80421036803F58053D3F80821B3
:1020200022F00102C3F808210268136823F00103BB
:1020300013600268D2F8003D43F00103C2F8003D8E
:102040000268136823F002031360002308E003F121
:10205000120250F82210CA6822F08042CA6001338E
:10206000032BF4D9002383651022C0F8842018467E
:10207000704700BF3E2FFFFF10B5044629B1D4F8CA
:102080008430402B09D0012010BDD0F8883043F0B7
:102090000103C0F888300120F6E74B6BE3630122AF
:1020A0002046FFF7A7FD38B1D4F8883043F002038B
:1020B000C4F888300120E7E7BFF34F8FA36A5A1CAA
:1020C000A262032A01D9033BA362A26A23680632F3
:1020D00054F8222003F58053C3F820210020D3E7D1
:1020E0002DE9F84F044689B18B46D0F88430402B57
:1020F00071D1D0F85C8008F1120350F82350C36E00
:10210000C3F1040A4FF000094F4637E0D0F8883099
:1021100043F00103C0F8883001205DE0EB6813F064
:10212000005F02D0002323666366EE68C6F30E06E6
:10213000636EF61AEB6813F0805F03D0EB682367D9
:102140004FF00109B3B22A6904F1800104F17C0067
:10215000FEF7B8FD236E01332366636E3344636676
:1021600000232B6108F10103032B01D9A8F103031C
:1021700003F1120254F8225001379846EB68002B05
:1021800014DB89F00103574510D27BB1EB6813F0E3
:10219000804F03D06B68A3672B686367EB6813F00D
:1021A000005FBBD1E36F002BB8D1DBE7E36E3B44AC
:1021B000E36633B9C4F85C80B9F1000F05D10120A2
:1021C0000AE02046FFF7C5FAF4E7E36FCBF80030EA
:1021D0000020E06700E00120BDE8F88FF8B5064672
:1021E000056C446C012712E0631C032B22D9033CCD
:1021F0000DE0FEF797FD231D06EB83030022DA6155
:10220000631C032B00D9E31E356473641C469DB127
:1022100097B1013D231D06EB8303D8690028E3D065
:10222000F36804EB440203EBC203DB68002BE0DA43
:102230000027ECE71C46EAE70020F8BD704770472E
:1022400070472DE9F84304460368D3F8B06003F5FE
:102250008052D2F86051D2F834714FF0B042D2F8C7
:10226000A880D2F8E89015F0400F02D017F0400F88
:102270003FD115F0010F02D017F0010F42D115F434
:10228000804F24D017F4804F21D0D4F8883043F009
:102290000803C4F8883015F4805F3ED0236803F546
:1022A0008053D3F8602122F46F6222F00D02D20431
:1022B000D20CC4F88C20D3F8342122F44042C3F865
:1022C0003421E023C4F884302046FEF791FB16F455
:1022D000C04F30D116F0100F42D116F0200F4DD163
:1022E00001F0F6FA032857D019F4800F61D1BDE848
:1022F000F88303F5805348F24002C3F86021FEF7EB
:1023000067FBB6E7236803F5805348F20102C3F880
:1023100060212046FEF764FBB1E7236803F5805394
:10232000D3F8602102F4CD42C4F88C204FF4CD42A2
:10233000C3F86021C8E7D4F8883043F01003C4F82C
:1023400088302368D3F8B830C4F89030E023C4F85C
:1023500084302046FEF74CFB0023C4F89030B9E7E8
:102360002368D3F8C03003F06003C4F894302046EB
:10237000FFF764FF0023C4F89430AEE72368D3F876
:10238000D03003F00F03C4F898302046FFF757FF12
:102390000023C4F89830A3E718F4800FA7D04FF0BB
:1023A000B0434FF48002C3F8A8202046FFF748FF4F
:1023B0009DE74FF0B0434FF48002C3F8E820204679
:1023C000FFF73EFF93E770B504461D460068D0F85E
:1023D000003213F0010F01D0012070BDD0F800329F
:1023E00023F0787343EA415121F4F81343EA02429F
:1023F00042F00D02C0F8002201F0B0FA0646226851
:10240000D2F8001211F0010F07D001F0A7FA821BD9
:10241000B2F57A7FF3D90120DFE7D2F804329BB21C
:102420002B600020D9E7000038B504460068D0F8DA
:10243000005215F0010F01D0012038BDD0F8000284
:1024400020F0787040EA415121F4F81141EA02424B
:1024500022F00C0242F005029BB20C49C1F8043292
:10246000C1F8002201F07AFA05462368D3F8003259
:1024700013F0010F07D001F071FA431BB3F57A7F17
:10248000F3D90120D9E70020D7E700BF0080024040
:10249000002900F0EE800268126802F00C02CA62A5
:1024A00002681268C2F3001281F8282002681268DC
:1024B00002F060024A620268126802F48072B2FAA4
:1024C00082F2520981F8202002681268C2F3402289
:1024D000CA770268126802F48062B2FA82F2520984
:1024E0008A7702681268C2F3C0224A7702681268CB
:1024F000C2F300320A770268126802F400528A615D
:102500000268126802F480424A6102681268C2F3EB
:1025100000428A740268126802F40032B2FA82F24F
:1025200052094A740268126802F40022B2FA82F276
:1025300052090A7402681268C2F30052CA73026830
:102540001268C2F340528A7302681268C2F3805262
:102550004A7302681268C2F3C0520A7302681268B2
:1025600002F0E0628A6002681268C2F3C0620A7117
:102570000268126802F0E0420A6002685268C2F320
:102580000D024A630268526802F48032B2FA82F2A3
:10259000520981F8322002685268C2F3404281F841
:1025A000312002685268C2F3804281F8302002680C
:1025B0005268C2F3006281F8382002685268C2F3A0
:1025C0004462CA630268D268C2F3002281F84020E4
:1025D0000268D26802F00F024A640268126FC2F306
:1025E000400281F854200268126F02F08002B2FAB1
:1025F00082F2520981F84C200268126F02F07002D8
:102600000A650268126F120C8A640268D2F8902080
:1026100002F0010281F856200268D2F89020C2F33D
:10262000400281F855200268D2F8002D02F07202B3
:102630008A650268D2F8302D02F02302CA6502686A
:10264000D2F8302DC2F3C00281F862200268D2F8BD
:10265000302DC2F3001281F861200268D2F8302DCB
:1026600002F04002B2FA82F2520981F860200020A2
:1026700070470120704751B108B5D0F88430102B55
:1026800001D0012008BDFFF7B5F80020FAE70120CE
:102690007047000038B505460368D3F8004224F4BB
:1026A000706400F085FE104B984205D844F4007425
:1026B0002B68C3F8004238BD0C4B984202D244F458
:1026C0004074F5E70A4B9842F2D90A4B984202D877
:1026D00044F48074ECE7084B984202D844F48064D8
:1026E000E6E744F4A064E3E7BF0E16020087930315
:1026F000FFE0F5057FD1F0087FB2E60E002800F07C
:10270000A78030B583B00446D0F884309BB3514BDA
:10271000D3F8F42042F00202C3F8F420D3F8F430E6
:1027200003F002030193019B237A53BB002001F0C5
:1027300021F9494B5B68236803F580531A6842F01E
:1027400001021A6001F00AF90546236803F5805377
:102750001B6813F0010F19D001F000F9401BB0F510
:10276000FA7FF2D90423C4F88830E023C4F8843017
:10277000012003B030BD2023C0F88430FEF76EF98D
:10278000C5E74FF4000001F0F5F8D2E72046FFF767
:1027900081FF00F00DFE314BA3FB00239B0C226850
:1027A000013BC2F8DC302046FFF752F9226802F5FF
:1027B0008052D2F8003123F4E01343F40023C2F82E
:1027C0000031626912F0030F06D00120C4F88800BE
:1027D000E023C4F88430CCE7216801F58051D1F8BA
:1027E00008316FF34E0343EA4203C1F80831204633
:1027F000FFF79CF92046FFF7C6F9636859791B7902
:10280000226843EA0123C2F800336268D1789378E2
:102810001B0443EA0163517843EA012311782268DB
:102820000B43C2F804332268D2F80C170C4B0B434D
:10283000C2F80C372268D2F810170A4B0B43C2F8C3
:1028400010370020C4F888001023C4F8843090E7C3
:1028500001207047004402580004005883DE1B43E7
:102860006000020C00C0200CD0F888007047D0F83F
:102870008C007047002800F0398338B5044603689F
:1028800013F0010F25D0944A136903F03803926ABC
:10289000102B15D0182B0FD06368B3F5803F3FD0B5
:1028A000002B53D18C4B1A6822F480321A601A68BC
:1028B00022F480221A6038E002F00302022AEBD1EF
:1028C000854B1B6813F4003F03D06368002B00F0B6
:1028D0000F83236813F0020F00F0A1807E4A136972
:1028E000926A13F038035AD0182B55D0E368002BA6
:1028F00000F0DE8078490A6822F0190213430B6069
:1029000001F02CF80546744B1B6813F0040F40F0DF
:10291000AD8001F023F8401B0228F4D90320EEE239
:102920006D4A136843F48033136063682BB301F07E
:1029300015F80546684B1B6813F4003FC9D101F038
:102940000DF8401B6428F5D90320D8E2B3F5A02F79
:1029500009D0614B1A6822F480321A601A6822F496
:1029600080221A60E1E75C4B1A6842F480221A6008
:102970001A6842F480321A60D7E700F0EFFF05468C
:10298000554B1B6813F4003FA3D000F0E7FF401B3A
:102990006428F5D90320B2E212F0030FA6D14E4B02
:1029A0001B6813F0040F03D0E368002B00F0A28231
:1029B000494A136823F01903E1680B43136000F0E0
:1029C000CDFF0546444B1B6813F0040F06D100F001
:1029D000C5FF401B0228F5D9032090E200F0C4FF98
:1029E00041F20303984212D82269402A07D03A499B
:1029F0004B6823F47C3343EA02334B600FE0364AE2
:102A0000536823F47C3343F40033536007E0324AC5
:102A1000536823F0FE43216943EA0163536023684E
:102A200013F0100F00F088802B4A136903F038036D
:102A3000926A082B56D0182B50D0E369002B00F077
:102A4000B880254A136843F08003136000F086FFC6
:102A50000546214B1B6813F4807F40F0888000F00E
:102A60007DFF401B0228F4D9032048E200F07CFFE0
:102A700041F20303984212D82269402A07D016492E
:102A80004B6823F47C3343EA02334B60C7E7124AB6
:102A9000536823F47C3343F400335360BFE70E4A9A
:102AA000536823F0FE43216943EA01635360B6E7AC
:102AB000094A136823F00103136000F04FFF054635
:102AC000054B1B6813F0040FA9D000F047FF401B13
:102AD0000228F5D9032012E20044025802F0030252
:102AE000012AAAD1A14B1B6813F4807F03D0E369AC
:102AF000802B40F0018200F037FF41F2030398423F
:102B000012D8226A202A07D098494B6823F0F8434C
:102B100043EA82634B600FE0944A536823F0F84322
:102B200043F08043536007E0904AD36823F07C531E
:102B3000216A43EA0163D360236813F0080F60D071
:102B40006369002B49D0894A536F43F001035367EF
:102B500000F004FF0546854B5B6F13F0020F50D168
:102B600000F0FCFE401B0228F5D90320C7E100F06D
:102B7000FBFE41F20303984212D8226A202A07D0B2
:102B80007A494B6823F0F84343EA82634B60D3E70A
:102B9000764A536823F0F84343F080435360CBE711
:102BA000724AD36823F07C53216A43EA0163D360FD
:102BB000C2E76E4A136823F08003136000F0CEFE74
:102BC00005466A4B1B6813F4807FB5D000F0C6FE43
:102BD000401B0228F5D9032091E1644A536F23F08A
:102BE0000103536700F0BAFE0546604B5B6F13F0BC
:102BF000020F06D000F0B2FE401B0228F5D90320D8
:102C00007DE1236813F0200F29D0A3699BB1574AB7
:102C1000136843F48053136000F0A0FE0546534B45
:102C20001B6813F4005F1AD100F098FE401B0228C5
:102C3000F5D9032063E14D4A136823F480531360F0
:102C400000F08CFE0546494B1B6813F4005F06D06C
:102C500000F084FE401B0228F5D903204FE12368D1
:102C600013F0040F21D1636A002B00F047813F4A23
:102C7000126902F03802182A00F0EE80022B79D097
:102C80003A4A136823F08073136000F067FE04462D
:102C9000364B1B6813F0007F00F0DC8000F05EFE16
:102CA000001B0228F4D9032029E1314A136843F4B8
:102CB0008073136000F052FE05462D4B1B6813F421
:102CC000807F06D100F04AFE401B6428F5D903201E
:102CD00015E1A368012B0AD00BBB244B1A6F22F01D
:102CE00001021A671A6F22F004021A6704E01F4AF1
:102CF000136F43F001031367A36833B300F02EFE94
:102D000005461A4B1B6F13F0020FACD100F026FEE4
:102D1000401B41F288339842F3D90320EFE0052BA2
:102D200009D0124B1A6F22F001021A671A6F22F0B3
:102D300004021A67E0E70D4B1A6F42F004021A67AB
:102D40001A6F42F001021A67D6E700F007FE054647
:102D5000064B1B6F13F0020F85D000F0FFFD401BE8
:102D600041F288339842F3D90320C8E00044025866
:102D700000480258694A136823F08073136000F01A
:102D8000EDFD0546654B1B6813F0007F06D000F093
:102D9000E5FD401B0228F5D90320B0E05F4B996A9E
:102DA0005F4A0A40A16AE06A41EA00110A439A6256
:102DB000226B013AC2F30802616B0139490289B200
:102DC0000A43A16B0139090401F4FE010A43E16BD6
:102DD0000139090601F0FE410A431A63DA6A22F05A
:102DE0000102DA625A6B6FF3CF02A16C42EAC102B0
:102DF0005A63DA6A22F00C02216C0A43DA62DA6A58
:102E000022F00202616C0A43DA62DA6A42F480322A
:102E1000DA62DA6A42F40032DA62DA6A42F4802272
:102E2000DA62DA6A42F00102DA621A6842F080720B
:102E30001A6000F093FD0446384B1B6813F0007FC6
:102E400006D100F08BFD001B0228F5D9032056E0C7
:102E5000002054E0002052E0304A916A106B012BB0
:102E60004ED001F00303A26A93424BD1C1F3051186
:102E7000E36A994248D1C0F30802236B013B9A42AE
:102E800044D1C0F34622636B013B9A4240D1C0F368
:102E90000642A36B013B9A423CD1C0F30660E36B50
:102EA000013B984238D11D4B5B6BC3F3CC03A26C42
:102EB0009A4201D1002022E0184AD36A23F001038C
:102EC000D36200F04BFD054600F048FDA842FBD060
:102ED000124A536B6FF3CF03A16C43EAC1035363F0
:102EE000D36A43F00103D362002008E00120704759
:102EF000012004E0012002E0012000E0002038BDB4
:102F00000120FCE70120FAE70120F8E70120F6E7BD
:102F10000120F4E70120F2E70120F0E70044025825
:102F20000CFCFFFF754B1B6903F03803102B00F0FE
:102F3000DE80182B0FD0002B40F0DB806F4B1B681E
:102F400013F0200F00F0D7806C4B1B68C3F3C10354
:102F50006B48D840704710B4684B9A6A02F003027D
:102F60009C6AC4F30510D96A01F001015B6BC3F3DD
:102F7000CC0301FB03F307EE903AF8EE677A14F402
:102F80007C7F77D0012A4AD0022A76D0002A40F0EE
:102F900091805A4B1B6813F0200F23D057490A68C1
:102FA000C2F3C102564BD34007EE103AF8EE476A1F
:102FB00007EE100AB8EE476A86EE867A0B6BC3F30B
:102FC000080306EE903AF8EE666A9FED4E6A67EEE9
:102FD000867A76EEA77AF7EE006A77EEA67A27EE83
:102FE000277A38E007EE100AF8EE476A9FED466A46
:102FF00086EE267A414B1B6BC3F3080306EE903A2C
:10300000F8EE666A9FED3F6A67EE867A76EEA77AFB
:10301000F7EE006A77EEA67A27EE277A1BE007EE36
:10302000100AF8EE476A9FED396A86EE267A334B2E
:103030001B6BC3F3080306EE903AF8EE666A9FED49
:10304000316A67EE867A76EEA77AF7EE006A77EE57
:10305000A67A27EE277A294B1B6BC3F3462301334D
:1030600007EE903AF8EE677AC7EE276AFCEEE67A4A
:1030700017EE900A5DF8044B704707EE100AF8EE61
:10308000476A9FED236A86EE267A1C4B1B6BC3F3BF
:10309000080306EE903AF8EE666A9FED1A6A67EE4C
:1030A000867A76EEA77AF7EE006A77EEA67A27EEB2
:1030B000277AD0E707EE100AF8EE476A9FED136A09
:1030C00086EE267A0D4B1B6BC3F3080306EE903A8F
:1030D000F8EE666A9FED0B6A67EE867A76EEA77A5F
:1030E000F7EE006A77EEA67A27EE277AB3E709486B
:1030F0007047094870470248704700BF00440258B3
:103100000090D003000000390024744C0024744A5D
:1031100020BCBE4B40787D0100093D00002800F036
:10312000328170B50D4604469B4B1B6803F00F03BC
:103130008B420BD2984A136823F00F030B431360A2
:10314000136803F00F038B4240F01F81236813F0D4
:10315000040F0CD02269914B9B6903F070039A42D3
:1031600005D98E498B6923F070031A438A6123685D
:1031700013F0080F0CD06269884BDB6903F0700311
:103180009A4205D98549CB6923F070031A43CA6175
:10319000236813F0100F0CD0A269804BDB6903F495
:1031A000E0639A4205D97D49CB6923F4E0631A4371
:1031B000CA61236813F0200F0CD0E269774B1B6AB9
:1031C00003F070039A4205D974490B6A23F0700327
:1031D0001A430A62236813F0020F0CD0E2686F4BA7
:1031E0009B6903F00F039A4205D96C498B6923F060
:1031F0000F031A438A61236813F0010F41D0674A15
:10320000936923F47063A1680B4393616368022B95
:103210000AD0032B27D0012B2CD0604A126812F061
:10322000040F06D10120ADE0126812F4003F00F057
:10323000AE805A490A6922F0070213430B6100F07D
:103240008DFB0646554B1B6903F038036268B3EBF0
:10325000C20F16D000F082FB801B41F288339842E7
:10326000F0D903208EE04D4A126812F0007FE0D1C1
:10327000012087E0494A126812F4807FD9D10120E9
:1032800080E0236813F0020F0CD0E268434B9B6987
:1032900003F00F039A4205D240498B6923F00F03D4
:1032A0001A438A613C4B1B6803F00F03AB420AD9F7
:1032B000394A136823F00F032B431360136803F09C
:1032C0000F03AB4265D1236813F0040F0CD02269C1
:1032D000324B9B6903F070039A4205D22F498B69E8
:1032E00023F070031A438A61236813F0080F0CD08F
:1032F00062692A4BDB6903F070039A4205D22749C1
:10330000CB6923F070031A43CA61236813F0100FCE
:103310000CD0A269214BDB6903F4E0639A4205D229
:103320001E49CB6923F4E0631A43CA61236813F092
:10333000200F0CD0E269194B1B6A03F070039A420C
:1033400005D216490B6A23F070031A430A62FFF78D
:10335000E9FD12498B69C3F30323114AD35C03F0DF
:103360001F03D8408B6903F00F03D35C03F01F03E6
:1033700020FA03F30B4A13600B4B18600B4B1868D1
:10338000FDF70CFF70BD012070470120FAE7012016
:10339000F8E70120F6E700BF002000520044025881
:1033A000C87A01081C00002020000020180000201E
:1033B00008B5FFF7B7FD0B4A9369C3F303230A4926
:1033C000CB5C03F01F0320FA03F3926902F00F02B3
:1033D000885C00F01F0023FA00F0044A1060044AE1
:1033E000136008BD00440258C87A01081C00002080
:1033F0002000002008B5FFF7DBFF054BDB69C3F3B6
:103400000223044AD35C03F01F03D84008BD00BF69
:1034100000440258C87A01083F230360114B1A691F
:1034200002F0070242609A6902F4706282609A694F
:1034300002F00F02C2609A6902F070020261DA695A
:1034400002F070024261DA6902F4E06282611B6A92
:1034500003F07003C361044B1B6803F00F030B60A0
:10346000704700BF0044025800200052F0B583B0FE
:1034700000236BE085685E000324B44025EA040560
:10348000CC68B4402C438460456825EA0C054C6840
:10349000C4F300149C402C43446069E0DD08083507
:1034A00050F8254003F0070C4FEA8C0C4FF00F0E3C
:1034B0000EFA0CFE24EA0E0E0C6904FA0CF444EA2F
:1034C0000E0440F825406BE0092400E0002404FAD3
:1034D0000EF42C430CF1020C694D45F82C404FF0D2
:1034E000B0442568D44325EA02064F6817F4801FCC
:1034F00001D042EA05064FF0B0452E606D6804EA3F
:1035000005064F6817F4001F01D042EA05064FF088
:10351000B0456E60D5F8845004EA05064F6817F48C
:10352000003F01D042EA05064FF0B045C5F884607F
:10353000D5F880502C404E6816F4803F01D042EA06
:1035400005044FF0B042C2F8804001330A6832FAF5
:1035500003F400F092804FF0010C0CFA03FC1CEA1B
:103560000202F2D04C6804F00304013C012C81D922
:103570004C6804F00304032C0CD0C4685D004FF0C9
:10358000030C0CFA05FC24EA0C0C8C68AC4044EAF1
:103590000C04C4604C6804F00304022C3FF47EAFBA
:1035A00004684FEA430E4FF0030C0CFA0EFC24EAB9
:1035B0000C0C4C6804F0030404FA0EF444EA0C0406
:1035C00004604C6814F4403FBFD02E4CD4F8F45043
:1035D00045F00205C4F8F450D4F8F44004F00204B5
:1035E0000194019C4FEA930C0CF10205244C54F811
:1035F000255003F0030E4FEA8E0E0F2404FA0EF44A
:1036000025EA0405204CA0423FF460AF04F5806435
:10361000A04222D004F58064A04220D004F580644A
:10362000A0421ED004F58064A0421CD004F5806442
:10363000A0421AD004F58064A04218D004F580643A
:10364000A04216D004F58064A04214D004F5806432
:10365000A0423FF439AF0A2439E7012437E70224B6
:1036600035E7032433E7042431E705242FE7062454
:103670002DE707242BE7082429E703B0F0BD00BF9E
:103680000004005800440258000002580AB1816149
:103690007047090481617047436901EA030221EA26
:1036A000030141EA02418161704700002030054B6F
:1036B00053F82020044B9A4201D00120704700208B
:1036C000704700BF006402580003008041F440715D
:1036D000014B43F8201070470064025838B5044687
:1036E000224BDB6803F00703062B07D01F4BDB6878
:1036F00003F03F03834236D0012038BD1B4AD36814
:1037000023F03F030343D36000F028F90546174B2D
:103710005B6813F4005F07D100F020F9431BB3F599
:103720007A7FF4D90120E8E72E2C18BF1E2C08D090
:103730002D2C14BF002301231D2C02D00BB9002017
:10374000DBE700F00BF90446084BDB6813F4803F1D
:1037500007D100F003F9001BB0F57A7FF4D90120FE
:10376000CBE70020C9E70020C7E700BF00480258A8
:10377000002807DB00F01F02400901239340024AA2
:1037800042F82030704700BF00E100E0002804DB71
:103790000901C9B2044B1954704700F00F00090128
:1037A000C9B2024B1954704700E400E014ED00E088
:1037B00000B500F00700C0F1070CBCF1040F28BFF2
:1037C0004FF0040C031D062B0FD9C31E4FF0FF3E14
:1037D0000EFA0CF021EA000199400EFA03FE22EAEB
:1037E0000E0241EA02005DF804FB0023EEE7000050
:1037F0000649CB6823F4E0631B041B0C000200F4B1
:10380000E0600343024A1A43CA60704700ED00E0DB
:103810000000FA0510B50446054BD868C0F3022035
:10382000FFF7C6FF01462046FFF7B0FF10BD00BFFF
:1038300000ED00E008B5FFF79BFF08BDBFF35F8F09
:10384000044B5A6A22F480325A620022C3F8942050
:10385000704700BF00ED00E040F00100054BC3F8E9
:1038600094005A6A42F480325A62BFF34F8FBFF31A
:103870006F8F704700ED00E04378144AC2F898302B
:10388000D2F8A03023F00103C2F8A0304368C2F898
:103890009C30017BC37A1B0643EA0173817A43EAB9
:1038A000C143417B43EA8143817B43EA4143C17B7E
:1038B00043EA0143417A43EA0123017A43EA41039F
:1038C00001780B43C2F8A030704700BF00ED00E064
:1038D000044B1B6803F0F003702B01D001207047EC
:1038E0000320704700ED00E010B50320FFF780FFD4
:1038F000FFF718FB0F498B69C3F303230E4AD35C10
:1039000003F01F03D8408B6903F00F03D35C03F06F
:103910001F0320FA03F3094A1360094B18600F20B4
:10392000FDF73CFC10B10124204610BD0446FDF714
:103930001BFCF9E700440258C87A01081C0000206B
:1039400020000020034B1B78034A11680B441360CE
:10395000704700BF140000200C4E0020014B186877
:10396000704700BF0C4E0020014B1868000C7047D8
:103970000010005C034A536823F460030343536060
:10398000704700BF0004005870B504460368C3F3D5
:10399000014503F01F0301269E40FFF799FF03280E
:1039A0000AD0074B03EB05131A68324203D01E609E
:1039B000636803B1984770BD024B03EB0513F3E74F
:1039C000C800005888000058026852E8003F23F4FD
:1039D000907342E800310029F6D1026802F1080331
:1039E00053E8001F0D4B0B40083242E8003100291C
:1039F000F3D1C36E012B06D02023C0F88C300023F6
:103A0000C36643677047026852E8003F23F0100323
:103A100042E800310029F6D1EEE700BFFEFFFFEFDC
:103A20002DE9F84305460E4617469946DDF82080F5
:103A30002B68DC6936EA04040CBF01240024BC4274
:103A40003AD1B8F1FF3FF3D0FFF788FFA0EB0900B0
:103A5000404534D8B8F1000F33D02B681A6812F003
:103A6000040FE5D0B6F1400218BF0122802EDFD04E
:103A7000002ADDD0DA6912F0080F11D1DA6912F4E8
:103A8000006FD5D04FF400621A622846FFF79CFF02
:103A90002023C5F89030002385F8843003200CE003
:103AA00008241C622846FFF78FFFC5F890400023CA
:103AB00085F88430012000E00020BDE8F883032071
:103AC000FBE70320F9E72DE9F04182B01E46D0F86C
:103AD0008830202B5BD104460D469046002A18BF43
:103AE000002901D1012053E00023C0F890302123A8
:103AF000C0F88830FFF732FF0746A4F85480A4F8D6
:103B00005680A368B3F5805F02D04FF0000816E03E
:103B1000236943B34FF0000811E02023C4F8883034
:103B2000032035E038F8023B2268C3F308039362B0
:103B3000B4F8562092B2013A92B2A4F85620B4F8E2
:103B400056309BB293B100963B460022802120461E
:103B5000FFF766FF0028E0D1002DE3D015F8012B18
:103B600023689A62E4E7A8460025E8E700963B460A
:103B7000002240212046FFF753FF18B92023C4F844
:103B8000883005E02023C4F88830032000E00220BC
:103B900002B0BDE8F0810000374BD3F8882042F432
:103BA0007002C3F888201A6942F010021A61334B80
:103BB0001B6803F00F03062B06D8304A136823F066
:103BC0000F0343F0070313602D4B1A6842F0010204
:103BD0001A6000221A6119682A4A0A401A60274BA3
:103BE0001B6813F0080F06D0244A136823F00F0354
:103BF00043F007031360224B00229A61DA611A62D4
:103C0000214999622149D962214919635A6399630B
:103C1000DA6319645A64196821F4802119601A66FC
:103C20004FF0B042D2F8E43043F48043C2F8E430BD
:103C3000184B1B686FF30F03B3F1005F03D2164BF1
:103C40000122C3F808210E4BD3F8D43013F4805F5F
:103C500010D10B4BD3F8D42042F48052C3F8D420B7
:103C60000E4A43F2D2011160D3F8D42022F48052DC
:103C7000C3F8D420704700BF00ED00E000200052E0
:103C8000004402587FEDF6EA000202020000FF0144
:103C9000800201010010005C0080005100400052D1
:103CA000054AD36823F00203D360034B5B6813F427
:103CB000005FFAD0704700BF0048025800F10803C7
:103CC00043604FF0FF328260C360036100230360F2
:103CD000704700230361704743684B609A688A60AD
:103CE000516099600861036801330360704730B424
:103CF0000D68B5F1FF3F11D000F108031C465B6869
:103D00001A68AA42FAD963684B6099608C60616056
:103D1000086103680133036030BC70470469F2E74F
:103D20000369416882688A60416851605A688242CA
:103D300006D0002202611A68013A1A6018687047BA
:103D400082685A60F5E70346406A18B11B6B186831
:103D5000C0F13800704710B5044602F083FAA26B38
:103D6000E36B9A4204D0002402F09EFA204610BD74
:103D70000124F9E710B5044602F074FAA36B23B9E5
:103D8000012402F091FA204610BD0024F9E770B535
:103D900004461546866B026C5AB903681BB10020B5
:103DA0000136A66370BD806801F0D2FA0023A360DB
:103DB000F6E76DB9406807F00CFF6368226C1344A6
:103DC0006360A268934219D3236863602846E7E7DB
:103DD000C06807F0FEFEE368226C51429B1AE36064
:103DE0002268934202D2A3680B44E360022D01D003
:103DF0000020D5E726B1013E0020D1E72846CFE7D5
:103E00000020CDE70346026C6AB110B50846D968B8
:103E10001144D9609C68A14201D31968D960D9685E
:103E200007F0D7FE10BD704738B5054602F01AFA04
:103E300095F8454064B201E0013C64B2002C0ADD13
:103E40006B6A43B105F1240001F084F90028F3D036
:103E500001F016FAF0E7FF2385F8453002F024FA66
:103E600002F000FA95F8444064B201E0013C64B20B
:103E7000002C0ADD2B6943B105F1100001F06AF94D
:103E80000028F3D001F0FCF9F0E7FF2385F8443077
:103E900002F00AFA38BD38B5E0B10D46044602F02A
:103EA000E1F92368E26B216C01FB0230A060002085
:103EB000A0636360013A02FB0133E360FF2384F8EF
:103EC000443084F84530FDB9236963B902F0ECF958
:103ED000012038BD4FF0500383F31188BFF36F8F7B
:103EE000BFF34F8FFEE704F1100001F033F9002813
:103EF000ECD04FF0E0234FF08052C3F8042DBFF315
:103F00004F8FBFF36F8FE1E704F11000FFF7D6FE8C
:103F100004F12400FFF7D2FED8E738B51D46049C13
:103F20000B4649B92460E063236401212046FFF772
:103F3000B2FF84F84C5038BD2260F4E740B94FF02E
:103F4000500383F31188BFF36F8FBFF34F8FFEE7EA
:103F500010B584B01C4683B10B1E18BF0123002A84
:103F600008BF43F001038BB94FF0500383F311886E
:103F7000BFF36F8FBFF34F8FFEE74FF0500383F314
:103F80001188BFF36F8FBFF34F8FFEE7B1FA81F354
:103F90005B09002A18BF43F0010343B94FF05003F7
:103FA00083F31188BFF36F8FBFF34F8FFEE750236A
:103FB0000393039B502B08D04FF0500383F31188D9
:103FC000BFF36F8FBFF34F8FFEE7039B012384F88E
:103FD000463000949DF81830FFF79FFF204604B04C
:103FE00010BD40B94FF0500383F31188BFF36F8FBA
:103FF000BFF34F8FFEE7F0B583B00D46144606467B
:1040000001FB00F0503002F005F8074650B10023E4
:1040100080F846300090234600F150022946304691
:10402000FFF77BFF384603B0F0BD40B94FF05003B7
:1040300083F31188BFF36F8FBFF34F8FFEE710B587
:1040400082B00C46884208D24FF0500383F31188A7
:10405000BFF36F8FBFF34F8FFEE70223009313462A
:1040600000221146FFF76AFF00B1846302B010BD61
:1040700040B94FF0500383F31188BFF36F8FBFF344
:104080004F8FFEE710B50C46884208D24FF0500320
:1040900083F31188BFF36F8FBFF34F8FFEE70222C8
:1040A0000021FFF79EFF00B1846310BDF0B585B01D
:1040B000019288B10F461D460446B1B1022D20D1B0
:1040C000E36B012B1DD04FF0500383F31188BFF336
:1040D0006F8FBFF34F8FFEE74FF0500383F31188CC
:1040E000BFF36F8FBFF34F8FFEE7036C002BE5D05C
:1040F0004FF0500383F31188BFF36F8FBFF34F8FDF
:10410000FEE701F0C9F8064658B9019B002B48D0DC
:104110004FF0500383F31188BFF36F8FBFF34F8FBE
:10412000FEE700263DE02A4639462046FFF72FFEEF
:10413000636A7BB948B14FF0E0234FF08052C3F877
:10414000042DBFF34F8FBFF36F8F02F0ADF8012046
:1041500005B0F0BD04F1240000F0FCFF0028F4D00D
:104160004FF0E0234FF08052C3F8042DBFF34F8F80
:10417000BFF36F8FE9E702F097F80020E8E702A8A5
:1041800001F02EF8012619E0002384F8443021E0E4
:10419000002384F8453023E02046FFF745FE00F079
:1041A000B7FE02F05FF8A26BE36B9A42BBD3022D1D
:1041B000B9D0019B002BDED0002EE0D002F074F8C5
:1041C00000F004FE02F04EF894F8442052B2B2F12E
:1041D000FF3FD9D094F8452052B2B2F1FF3FD7D07B
:1041E00002F062F801A902A801F006F8D8B9204649
:1041F000FFF7B1FD0028CFD0019904F1100000F0C5
:1042000075FF2046FFF710FE00F082FE0028C8D19F
:104210004FF0E0234FF08052C3F8042DBFF34F8FCF
:10422000BFF36F8FBDE72046FFF7FEFD00F070FE85
:1042300000208DE748B108B5002181600160C160B0
:104240000B460A46FFF732FF08BD704710B502461D
:1042500000210120FFF7C5FE0446FFF7EBFF2046D3
:1042600010BD10B582B00B4600900022114601200F
:10427000FFF764FE0446FFF7DDFF204602B010BDE5
:1042800038B538B10446856801F000F885420AD097
:10429000002038BD4FF0500383F31188BFF36F8FB8
:1042A000BFF34F8FFEE7E368013BE3600BB10120F2
:1042B000EFE71A4619462046FFF7F8FE0120E8E727
:1042C0002DE9F84390B10F4616461C460546B1B19C
:1042D000022C20D1EB6B012B1DD04FF0500383F348
:1042E0001188BFF36F8FBFF34F8FFEE74FF050037E
:1042F00083F31188BFF36F8FBFF34F8FFEE7036C1B
:10430000002BE5D04FF0500383F31188BFF36F8F7C
:10431000BFF34F8FFEE702F0CBF8EFF311884FF0B9
:10432000500383F31188BFF36F8FBFF34F8FAA6BD6
:10433000EB6B9A4206D3022C04D0002088F311883C
:10434000BDE8F88395F845904FFA89F9AB6B2246A2
:1043500039462846FFF71BFDB9F1FF3F06D009F1AA
:1043600001035BB285F845300120E7E76B6A0BB9C2
:104370000120E3E705F1240000F0ECFE18B126B1BE
:1043800001203060DAE70120D8E70120D6E768B1E4
:1043900070B50C460546036C8BB14FF0500383F3A8
:1043A0001188BFF36F8FBFF34F8FFEE74FF05003BD
:1043B00083F31188BFF36F8FBFF34F8FFEE703685E
:1043C000EBB102F075F8EFF311864FF0500383F371
:1043D0001188BFF36F8FBFF34F8FAA6BEB6B9342C4
:1043E00026D995F845305BB20132AA63B3F1FF3F9D
:1043F00011D001335BB285F84530012019E08368A4
:10440000002BDED04FF0500383F31188BFF36F8F82
:10441000BFF34F8FFEE76B6A0BB9012009E005F18E
:10442000240000F097FE38B144B10120206000E084
:10443000002086F3118870BD0120FAE70120F8E71B
:10444000F0B585B0019290B10F460446C1B100F0BD
:1044500023FF064600BB019B002B5ED04FF05003AC
:1044600083F31188BFF36F8FBFF34F8FFEE74FF0D9
:10447000500383F31188BFF36F8FBFF34F8FFEE7B5
:10448000036C002BE3D04FF0500383F31188BFF38C
:104490006F8FBFF34F8FFEE700263EE03946204680
:1044A000FFF7B0FC013DA563236923B901F0FCFED1
:1044B000012005B0F0BD04F1100000F04BFE002813
:1044C000F4D04FF0E0234FF08052C3F8042DBFF337
:1044D0004F8FBFF36F8FE9E701F0E6FE0020E8E7BA
:1044E00002A800F07DFE012621E0002384F844307C
:1044F00029E0002384F845302BE02046FFF794FCA8
:1045000000F006FD09E02046FFF78EFC00F000FDFC
:104510002046FFF72FFC00283FD101F0A3FEA56B3A
:10452000002DBBD1019B002BD6D0002ED8D001F09E
:10453000BBFE00F04BFC01F095FE94F844305BB2FA
:10454000B3F1FF3FD1D094F845305BB2B3F1FF3FF8
:10455000CFD001F0A9FE01A902A800F04DFE00286D
:10456000D1D12046FFF706FC0028C6D0019904F1FE
:10457000240000F0BBFD2046FFF756FC00F0C8FC0D
:104580000028CAD14FF0E0234FF08052C3F8042D29
:10459000BFF34F8FBFF36F8FBFE7002089E770B580
:1045A00084B0019158B10446036C8BB14FF05003B5
:1045B00083F31188BFF36F8FBFF34F8FFEE74FF088
:1045C000500383F31188BFF36F8FBFF34F8FFEE764
:1045D00000F062FE054650B9019B5BB14FF05003FD
:1045E00083F31188BFF36F8FBFF34F8FFEE7002671
:1045F000354655E0064653E0013BA36323683BB1D3
:1046000023694BB901F050FE0126304604B070BD5D
:1046100000F036FFA060F3E704F1100000F09AFD0F
:104620000028EFD04FF0E0234FF08052C3F8042D64
:10463000BFF34F8FBFF36F8FE4E746B14FF05003E6
:1046400083F31188BFF36F8FBFF34F8FFEE701F045
:104650002BFEDAE702A800F0C3FD01252AE00023C3
:1046600084F8443032E0002384F8453034E001F02F
:10467000F9FDA06800F020FE064601F015FE3BE0C3
:104680002046FFF7D1FB00F043FC09E02046FFF78E
:10469000CBFB00F03DFC2046FFF76CFB002842D12D
:1046A00001F0E0FDA36B002BA6D1019B002BC4D031
:1046B000002DCFD001F0F8FD00F088FB01F0D2FD15
:1046C00094F844305BB2B3F1FF3FC8D094F8453062
:1046D0005BB2B3F1FF3FC6D001F0E6FD01A902A82D
:1046E00000F08AFD0028D1D12046FFF743FB0028C7
:1046F000C6D02368002BBAD0019904F1240000F041
:10470000F5FC2046FFF790FB00F002FC0028C7D123
:104710004FF0E0234FF08052C3F8042DBFF34F8FCA
:10472000BFF36F8FBCE70EB900266EE701F09AFD6C
:104730002046FFF708FB0146A06800F051FE01F09B
:10474000B3FDF1E780B170B50C460546866800F010
:104750009DFD864211D021462846FFF720FF80B1FB
:10476000EB680133EB600CE04FF0500383F31188EA
:10477000BFF36F8FBFF34F8FFEE7EB680133EB6042
:10478000012070BD2DE9F843B0B10D4690460446B6
:10479000D9B101F08DFEEFF311874FF0500383F391
:1047A0001188BFF36F8FBFF34F8FA66BCEB9002078
:1047B00087F31188BDE8F8834FF0500383F3118825
:1047C000BFF36F8FBFF34F8FFEE7036C002BE0D07A
:1047D0004FF0500383F31188BFF36F8FBFF34F8FF8
:1047E000FEE794F844904FFA89F929462046FFF7EE
:1047F00009FB731EA363B9F1FF3F06D009F1010362
:104800005BB284F844300120D2E723690BB9012060
:10481000CEE704F1100000F09DFC30B1B8F1000FBC
:1048200005D00120C8F80000C2E70120C0E7012040
:10483000BEE740B110B5044601F014FDA46B01F0D1
:1048400033FD204610BD4FF0500383F31188BFF3B2
:104850006F8FBFF34F8FFEE708B1806B70474FF04B
:10486000500383F31188BFF36F8FBFF34F8FFEE7C1
:104870000023072B0CD8074A52F833200AB1013322
:10488000F7E7044A42F8331002EBC3025060704766
:10489000704700BF104E00200023072B0FD8084A96
:1048A00002EBC3025268824201D00133F5E7044AA9
:1048B000002142F8331002EBC30251607047704789
:1048C000104E002038B110B50446FFF7E5FF94F80C
:1048D00046304BB110BD4FF0500383F31188BFF346
:1048E0006F8FBFF34F8FFEE7204601F015FCF1E715
:1048F00070B504460D46164601F0B4FC94F84430F9
:104900005BB2B3F1FF3F0DD094F845305BB2B3F129
:10491000FF3F0BD001F0C8FCA36B5BB12046FFF753
:1049200083FA70BD002384F84430EDE7002384F857
:104930004530EFE73246294604F1240000F0EEFB53
:10494000ECE70000084B1B681B6823B9074B4FF0CE
:10495000FF321A607047044B1B68DB68DB685A68DB
:10496000024B1A60704700BFC04E0020584E002016
:104970002DE9F04780460D4617469946089EDDF81A
:1049800024A00A9C9200A521206B07F0DAF8236B83
:104990006FF040423A4403EB820727F00707A5B3C4
:1049A0004FF0000CBCF10F0F09D815F80C3004EBD8
:1049B0000C0282F8343013B10CF1010CF2E7002341
:1049C00084F84330372E00D93726E662E6640025A6
:1049D0002565201DFFF77DF904F11800FFF779F92F
:1049E0002461C6F13806A6616462656584F8585092
:1049F0004A464146384601F00BFC2060BAF1000FF0
:104A000001D0CAF80040BDE8F087002384F83430B4
:104A1000D8E7000038B5002407E004EB84029300D7
:104A20000E481844FFF74AF90134372CF5D90C4DDC
:104A30002846FFF743F90B4C2046FFF73FF90A4899
:104A4000FFF73CF90948FFF739F90948FFF736F94C
:104A5000084B1D60084B1C6038BD00BFEC4E0020A9
:104A6000D84E0020C44E0020A84E0020944E0020B6
:104A70007C4E0020C04E0020BC4E002010B50446E5
:104A800001F0F0FB224A136801331360214B1B68CD
:104A90005BB1214B1B686BB91E4B1B68DA6AE36A7A
:104AA0009A4207D81B4B1C6004E01A4B1C60136829
:104AB000012B29D0194A1368013313606364E06A3B
:104AC000174B1B68984201D9154B186000EB80000A
:104AD000211D144B03EB8000FFF7FEF801F0E4FB0F
:104AE0000D4B1B687BB10B4B1B68DA6AE36A9A4279
:104AF00009D24FF0E0234FF08052C3F8042DBFF3EA
:104B00004F8FBFF36F8F10BDFFF784FFD2E700BF59
:104B1000784E00204C5300206C4E00205C4E00204C
:104B2000704E0020EC4E002010B5044690F859302D
:104B300063B1012B11D0022B0ED04FF0500383F341
:104B40001188BFF36F8FBFF34F8FFEE7006B01F04B
:104B5000E3FA204601F0E0FA10BD01F0DDFAFBE7D0
:104B60000F4B1B68D3B110B501F07CFB0D4BDB681C
:104B7000DC68201DFFF7D4F80B4A1368013B136073
:104B8000074A1368013B136001F08EFB2046FFF7D4
:104B9000CBFF034B1B68002BE6D110BD704700BF55
:104BA000904E0020944E0020784E002008B5FFF76C
:104BB000D7FF074B1B68012BF9D94FF0E0234FF0CB
:104BC0008052C3F8042DBFF34F8FBFF36F8FEEE712
:104BD000EC4E002070B504460D46194B1E68194B6B
:104BE00018680430FFF79CF8B4F1FF3F14BF0023AE
:104BF0000123002D08BF00236BB93444114B1B68FF
:104C00005C60A6420ED9104B18680E4B196804312F
:104C1000FFF76DF870BD0B4B196804310B48FFF7B7
:104C20005BF8F7E70A4B1868064B19680431FFF781
:104C30005EF8084B1B68A342ECD9064B1C60E9E701
:104C4000744E00204C530020BC4E00207C4E0020AF
:104C5000C04E0020584E002030B587B00B9C7CB170
:104C60000C9DB5B15C250495049D5C2D1AD04FF0C8
:104C7000500383F31188BFF36F8FBFF34F8FFEE7AD
:104C80004FF0500383F31188BFF36F8FBFF34F8F43
:104C9000FEE74FF0500383F31188BFF36F8FBFF32C
:104CA0004F8FFEE7049D0C9D2C63022485F859402C
:104CB00000240394029505AC01940A9C0094FFF72C
:104CC00057FE0C98FFF7DAFE059807B030BD2DE9C6
:104CD000F04385B00746884614461E46900001F012
:104CE00099F908B381465C2001F094F90546A8B112
:104CF000C0F83090002380F85930039302900D9B48
:104D000001930C9B00933346224641463846FFF7F9
:104D10002FFE2846FFF7B2FE012007E0484601F0CB
:104D2000FBF94FF0FF3001E04FF0FF3005B0BDE878
:104D3000F083000010B588B000240594069407AAFB
:104D400006A905A801F0EAF8059B0293069B0193CA
:104D500000942346079A17491748FFF77DFF174B22
:104D60001860C0B100F00AFC012815D14FF05003C3
:104D700083F31188BFF36F8FBFF34F8F104B4FF04A
:104D8000FF321A600F4B01221A600F4B00221A608B
:104D900001F002FB03E00020B0F1FF3F01D008B0BA
:104DA00010BD4FF0500383F31188BFF36F8FBFF333
:104DB0004F8FFEE79C5D0108AD4B0008544E00206C
:104DC000584E00206C4E0020744E0020024A13689A
:104DD00001331360704700BF504E0020014B18682C
:104DE000704700BF744E002008B501F061FB014B15
:104DF000186808BD744E0020F8B53A4B1B68002BAC
:104E000069D1394B1D6801351D60C5B9374B1B6829
:104E10001B6843B14FF0500383F31188BFF36F8FCA
:104E2000BFF34F8FFEE7314A1168314B18681060AD
:104E30001960304A136801331360FFF783FD2E4B6E
:104E40001B68AB423DD900272C4B1B68DB6A03EB88
:104E500083039A002A4B9B58012B00D90127294B29
:104E60001B68002B3CD001273AE001271F4B1B6831
:104E70001B6843B31D4B1B68DB68DC6863689D429D
:104E800026D3261D3046FEF74BFFA36A1BB104F163
:104E90001800FEF745FFE36A1B4A1268934201D9E6
:104EA000194A136003EB83039A00314614481044F7
:104EB000FEF712FFE26A114B1B68DB6A9A42D4D2FA
:104EC000D4E70027D2E70C4B4FF0FF321A60BBE764
:104ED000094A1360B8E70D4A1368013313600027CD
:104EE0003846F8BD504E0020744E0020C04E0020C1
:104EF000BC4E0020604E0020584E00204C53002035
:104F0000EC4E0020644E0020704E0020684E0020C1
:104F100038B5354B1B6843B94FF0500383F3118804
:104F2000BFF36F8FBFF34F8FFEE701F09BF92E4B5E
:104F30001A68013A1A601B68002B4FD12B4B1B6873
:104F40000BB900244BE00024294B1B681BB3284BF2
:104F5000DB68DC6804F11800FEF7E2FE251D284638
:104F6000FEF7DEFEE06A234B1B68984201D9214B15
:104F7000186000EB800029461F4B03EB8000FEF712
:104F8000ABFEE26A1D4B1B68DB6A9A42DCD31C4B0A
:104F900001221A60D8E70CB1FFF7D4FC194B1C684A
:104FA00084B9174B1C68D4B14FF0E0234FF0805206
:104FB000C3F8042DBFF34F8FBFF36F8F01240EE0B2
:104FC000013C07D0FFF718FF0028F9D00C4B012255
:104FD0001A60F5E70B4B00221A60E2E7002401F0AB
:104FE00063F9204638BD00BF504E0020784E0020A7
:104FF000A84E0020704E0020EC4E00204C530020A4
:10500000644E0020684E002010B5A8B10446104B35
:105010001B6843B14FF0500383F31188BFF36F8FC8
:10502000BFF34F8FFEE7FFF7D1FE00212046FFF7C9
:10503000D1FDFFF76DFF48B94FF0E0234FF08052EC
:10504000C3F8042DBFF34F8FBFF36F8F10BD00BFA8
:10505000504E0020204B1B681BB1204B01221A60D0
:1050600070471E4B00221A601D4B1B6803EB830127
:105070008A001C498A585AB90BB1013BF6E74FF038
:10508000500383F31188BFF36F8FBFF34F8FFEE799
:10509000084603EB83018A00024451684968516065
:1050A00003EB830C4FEA8C020832024491420BD08E
:1050B00003EB830291000B4A0A445268D1680A4A02
:1050C0001160074A13607047486862469100054ABC
:1050D0000A445060ECE700BF504E0020644E0020B0
:1050E000704E0020EC4E00204C53002058B110B5FB
:1050F0000C46094A11681831FEF7F9FD01212046D6
:10510000FFF768FD10BD4FF0500383F31188BFF324
:105110006F8FBFF34F8FFEE74C53002038B570B14F
:105120000D4614460A4A11681831FEF7D5FD0CB138
:105130004FF0FF3521462846FFF74CFD38BD4FF0B4
:10514000500383F31188BFF36F8FBFF34F8FFEE7D8
:105150004C53002038B5C368DC6824B304F118054B
:105160002846FEF7DDFD184B1B682BBB251D284686
:10517000FEF7D6FDE06A154B1B68984201D9134B28
:10518000186000EB80002946114B03EB8000FEF70E
:10519000A3FDE26A0F4B1B68DB6A9A4211D901201A
:1051A0000D4B186038BD4FF0500383F31188BFF3E7
:1051B0006F8FBFF34F8FFEE729460848FEF78CFD3F
:1051C000E7E70020EEE700BF504E0020704E0020C1
:1051D000EC4E00204C530020644E0020A84E0020CE
:1051E000034B1B680360034B1B684360704700BFA1
:1051F000604E0020744E0020E0B170B50C460546AC
:1052000009B301F02FF81C4B19686B68C81A2268A3
:10521000B2F1FF3F28D0DFF864C0DCF800C02E6890
:10522000664501D08B4224D9824215D800232360E1
:1052300001241AE04FF0500383F31188BFF36F8FFE
:10524000BFF34F8FFEE74FF0500383F31188BFF396
:105250006F8FBFF34F8FFEE75B1A1344236028461E
:10526000FFF7BEFF002400E0002401F01DF82046F7
:1052700070BD0124F9E700BF744E0020604E00208D
:10528000014B01221A607047644E0020014B1868E0
:10529000704700BF4C530020054B1B6833B1054BD2
:1052A0001B680BB100207047022070470120704737
:1052B0006C4E0020504E002000283ED038B50446E9
:1052C000C36A204A1268D26A93422ED28269002AA7
:1052D00005DB1C4A1268D26AC2F138028261616938
:1052E00003EB8303184A02EB8303994205D0154B65
:1052F0001B68DB6AE362012038BD251D2846FEF7E6
:105300000FFD104B1B68D86AE062104B1B68984277
:1053100001D90E4B186000EB800029460A4B03EBC5
:105320008000FEF7D9FC0120E6E7C26C054B1B6844
:10533000DB6A9A4203D30020DEE700207047012099
:10534000DAE700BF4C530020EC4E0020704E0020E6
:1053500000283BD038B504461E4B1B68834208D05A
:105360004FF0500383F31188BFF36F8FBFF34F8F5C
:10537000FEE7036D43B94FF0500383F31188BFF389
:105380006F8FBFF34F8FFEE7013B0365C16AC26CAD
:1053900091421DD00BB1002038BD051D2846FEF7F7
:1053A000BFFCE06CE062C0F13803A3610A4B1B68EC
:1053B000984201D9084B186000EB80002946074B42
:1053C00003EB8000FEF788FC0120E5E70020704732
:1053D0000020E1E74C530020704E0020EC4E0020EE
:1053E000002846D038B50446036D43B94FF050034A
:1053F00083F31188BFF36F8FBFF34F8FFEE7C26C4B
:105400008A4200D20A46E16A914201D0012B00D0C3
:1054100038BD184B1B68A34222D0E262A369002B5F
:1054200002DBC2F13802A261626901EB8101124B19
:1054300003EB81039A42EBD1251D2846FEF770FC51
:10544000E06A0E4B1B68984201D90C4B186000EBC8
:1054500080002946084B03EB8000FEF73DFCD7E7B0
:105460004FF0500383F31188BFF36F8FBFF34F8F5B
:10547000FEE770474C530020EC4E0020704E002099
:10548000054B1B6823B1044B1A68136D0133136578
:10549000014B1868704700BF4C530020064B1A6838
:1054A00013682BB90123036023B9D36818687047C8
:1054B0000023F8E7002070475054002008B54160F1
:1054C000006191420CD8D21A83699A4201D301201B
:1054D00008BD011D0B4B1868FEF709FC0020F7E71B
:1054E0009A422CBF00220122994238BF00220AB101
:1054F0000120EDE7011D044B1868FEF7F8FB0020C2
:10550000E6E700BF4C5400205054002030B583B073
:1055100000F0A8FE114B1B681BB100F0C5FE03B0E4
:1055200030BD0F4D2846FEF7C9FB0E4C2046FEF756
:10553000C5FB0D4B1D600D4B1C60002300930C4BF5
:105540000C4A10210A20FEF7F9FC044B18600028D1
:10555000E3D00949FFF78CF9DFE700BF485400208A
:105560006854002054540020505400204C54002013
:1055700050530020A0530020A45D010810B588B04E
:10558000FFF7C4FF124B1B68CBB1002405940694AF
:1055900007AA06A905A800F0CDFC059B0293069B6F
:1055A0000193022300932346079A0A490A48FFF70A
:1055B00053FB0A4B186010B1012008B010BD4FF02A
:1055C000500383F31188BFF36F8FBFF34F8FFEE754
:1055D00048540020AC5D0108E55800084454002000
:1055E000B8B19C4603461848006858B300B585B06A
:1055F00000910192029305291CDCFFF74DFE022861
:1056000010D000231A4669460F480068FEF74EFD89
:1056100015E04FF0500383F31188BFF36F8FBFF392
:105620004F8FFEE70023069A694607480068FEF799
:105630003DFD04E0002362466946FEF741FE05B0E9
:105640005DF804FB002070474854002070B582B01C
:105650001B4B1B681A6862B3DB681E68DC68251D7B
:105660002846FEF75DFB236A2046984794F82830C9
:1056700013F0040FECD0A36933449E4207D2636059
:10568000246129460E4B1868FEF731FBE0E7002144
:1056900000910B4632462046FFF7A2FF0028D7D1E3
:1056A0004FF0500383F31188BFF36F8FBFF34F8F19
:1056B000FEE7044A106802490860136002B070BD3A
:1056C000505400204C54002038B50546FFF786FBA7
:1056D0000446074B1B68834205D800232B60044B0C
:1056E0001C60204638BDFFF7B1FF01232B60F6E7B1
:1056F0004054002070B582B006460D46174909682F
:10570000C968CC68201DFEF70BFB94F828C01CF07C
:10571000040F08D12CF0010C84F828C0236A20461D
:10572000984702B070BDA16933462A4631442046ED
:10573000FFF7C4FE0028F1D0002100910B4632464D
:105740002046FFF74DFF0028E8D14FF0500383F3C8
:105750001188BFF36F8FBFF34F8FFEE750540020C7
:1057600070B582B006460C46FFF730FB01A8FFF784
:10577000ABFF019B3BBB0546B04228BF002C19D0B4
:1057800024B1134A12681268DAB901242246711B47
:10579000104B1868FFF7ACF8FFF7BAFBA8B94FF049
:1057A000E0234FF08052C3F8042DBFF34F8FBFF3B7
:1057B0006F8F0AE0FFF7ACFB29463046FFF79AFFF0
:1057C00003E01C46E2E7FFF7A3FB02B070BD00BF99
:1057D0004C5400204854002010B588B002E0049BCF
:1057E000002B0FDA002204A93D4B1868FEF728FEB3
:1057F000002872D0049B002BF1DA07990698059BCC
:105800009847ECE7069C636913B1201DFEF788FA00
:1058100003A8FFF759FF0246049B092BE2D8DFE8F3
:1058200003F00505052F364E05052F3694F8283070
:1058300043F0010384F82830059BA16919442046F0
:10584000FFF73CFE0028CDD0236A2046984794F805
:10585000283013F0040FC5D0A269002100910B4637
:10586000059802442046FFF7BBFE0028BAD14FF04E
:10587000500383F31188BFF36F8FBFF34F8FFEE7A1
:1058800094F8283023F0010384F82830AAE794F82C
:10589000283043F0010384F828300599A16129B12B
:1058A000034601442046FFF709FE9BE74FF05003F3
:1058B00083F31188BFF36F8FBFF34F8FFEE794F828
:1058C000283013F0020F04D023F0010384F82830AD
:1058D00088E7204600F020FC84E708B010BD00BF38
:1058E0004854002000B583B001A8FFF7D7FD019907
:1058F000FFF736FFFFF770FFF6E708B54FF0E0233C
:105900001B69FFF7C9FC012800D108BD00F01AFD92
:10591000FBE70000EFF305832BB9064B186828B9A5
:1059200001221A6070476FF0050070474FF0FF309A
:10593000704700BF345B0020EFF3058373B90A4B57
:105940001B68012B0DD110B50024084BDC77064BEA
:1059500002221A60FFF7EEF9204610BD6FF0050035
:1059600070474FF0FF307047345B002000ED00E0DF
:1059700008B5EFF3058313B1FFF736FA08BDFFF75B
:105980002DFAFBE7F0B587B000240594EFF305840A
:1059900004BBF8B1002A34D0156893692BB11E46B8
:1059A000013B372B02D9002015E01826536813F06D
:1059B000010F3FD1546984B14FEA940C93682BB125
:1059C000D7685B2F02D9176907B184B943B14FF08B
:1059D000FF330BB3059807B0F0BD4FF0800CEDE737
:1059E000D368A3B91369ABB14FF0FF33F1E702936A
:1059F000019700960B4662462946FFF72DF9059060
:105A0000E8E71546002318264FF0800CE1E74FF039
:105A1000FF33DEE70023DCE705AB019300960B467E
:105A20001FFA8CF22946FFF752F90128D2D0002341
:105A30000593CFE70020CEE708B5EFF3058333B930
:105A400008B9002008BDFFF7DFFA0020FAE76FF081
:105A50000500F7E770B5EFF30585002D45D1044645
:105A600030B3436813F0010500D0012513F0080F8F
:105A70003ED17CB3A16811B1E3684F2B1FD8C9B1E7
:105A80004FF0FF337BBB4DB30420FEF7DFFB064630
:105A90002EB104B1246821463046FEF7E9FE002EFF
:105AA0000CBF002505F0010505B346F001061DE019
:105AB0002B46DBE7E3687BB14FF0FF33E2E725B12C
:105AC0000420FEF7CEFB0646E2E70120FEF7C9FB05
:105AD0000646DDE70023D5E70023D3E70120FEF7E4
:105AE000B5FB0646D4E70026D9E70026304670BD50
:105AF0000026FBE7EFF30582DAB910B503460C4642
:105B000020F0010003F00101012B15D941B121461C
:105B1000FEF718FE012812D09CB16FF001000FE0D3
:105B20002146FEF73CFD01280ED07CB16FF001004C
:105B300006E06FF0050070476FF0030000E0002002
:105B400010BD6FF00200FBE70020F9E76FF00200E4
:105B5000F6E7EFF30582BAB908B5034620F0010075
:105B600003F00101012B12D929B1FEF789FB0128AD
:105B700010D1002008BD00231A461946FEF796FAF8
:105B800001280AD10020F5E76FF0050070476FF09B
:105B90000300EFE76FF00200ECE76FF00200E9E7C7
:105BA00070B582B0EFF30583002B4DD10E4614463D
:105BB000884234BF00230123002849D0002B47D05E
:105BC0004AB1956815B1D3684F2B14D8002D41D137
:105BD000E3680BB139E0002301280ED073BB3146D6
:105BE000FEF746FA054685B304B1246821462846E7
:105BF000FEF73EFE29E00123EEE7B3B903220021C0
:105C00000120FEF7EEF90546002D18BF002EEAD060
:105C100000231A4619462846FEF748FA0128E2D022
:105C20002846FEF74FFE00250FE0A36803220092EE
:105C300000221146FEF782F90546E5E7A2683146E3
:105C4000FEF7F3F90546CEE70025284602B070BD01
:105C50000025FAE70025F8E720B310B582B00C461E
:105C6000EFF30583B3B101BB0021019101AAFEF757
:105C700089FD01281CD1019850B14FF0E0234FF06D
:105C80008052C3F8042DBFF34F8FBFF36F8F0020F6
:105C900002B010BDFEF783FC01280CD06CB16FF090
:105CA0000100F5E76FF0030070476FF00300EFE7C6
:105CB0006FF00200ECE70020EAE76FF00200E7E790
:105CC00020B300B583B0EFF30583A3B100230193A4
:105CD00001A9FEF75CFB01281BD1019898B14FF098
:105CE000E0234FF08052C3F8042DBFF34F8FBFF372
:105CF0006F8F002007E000231A461946FEF7D6F9F9
:105D0000012809D1002003B05DF804FB6FF0030007
:105D100070476FF00200F6E76FF00200F3E7EFF371
:105D200005834BB910B5044648B1FEF7B5FD2046D2
:105D3000FEF7C8FD002010BD6FF0050070476FF042
:105D40000300F8E770B582B0EFF30583002B3DD177
:105D500014460B1E18BF012300283BD0002B39D05E
:105D60006AB393684BB1D2684F2A06D9226922B12F
:105D700001FB00F56669AE421BD273B14FF0FF33F1
:105D800053BB0022FEF72DF9054605B304B1246884
:105D900021462846FEF76CFD19E0E3688BB92369BC
:105DA00013B14FF0FF33EBE763696BB14FF0FF3393
:105DB000E6E700250095FEF7C1F80546E5E7002374
:105DC000DEE74FF0FF33DBE70023D9E70025284665
:105DD00002B070BD0025FAE70025F8E710B582B0E3
:105DE0001C46EFF30583D3B1002918BF002824D047
:105DF00034BB0023019301AAFEF762FA012822D1E5
:105E0000019850B14FF0E0234FF08052C3F8042DB9
:105E1000BFF34F8FBFF36F8F002002B010BD00297A
:105E200018BF002812D000232246FEF73FF90128B0
:105E30000FD084B16FF00100EFE76FF00300ECE7E3
:105E40006FF00300E9E76FF00200E6E76FF0030090
:105E5000E3E70020E1E76FF00200DEE710B582B073
:105E60001C46EFF30583D3B1002918BF002823D0C7
:105E70002CBB0023019301AAFEF784FC012821D149
:105E8000019850B14FF0E0234FF08052C3F8042D39
:105E9000BFF34F8FBFF36F8F002002B010BD0029FA
:105EA00018BF002811D02246FEF7CAFA01280FD0E9
:105EB00084B16FF00100F0E76FF00300EDE76FF0E1
:105EC0000300EAE76FF00200E7E76FF00300E4E7A2
:105ED0000020E2E76FF00200DFE748B108B5EFF31A
:105EE000058212B1FEF7B8FC08BDFEF7A2FCFBE785
:105EF00000207047EFF305834BB910B5044648B155
:105F0000FEF7CAFC2046FEF7DDFC002010BD6FF056
:105F1000050070476FF00300F8E70000034B0360D3
:105F2000034B0B6080231360704700BFD85A0020DA
:105F3000D8580020034B0360034B0B604FF4807371
:105F4000136070477C5800207C540020124A12F0E5
:105F5000070F1ED0D11D21F00701C1F57053134466
:105F60000A460E480260002141601344083B23F0BA
:105F700007030B48036059601960991A5160136058
:105F8000084B1960084B1960084B4FF000421A602B
:105F900070474FF47053E4E7585B0020505B0020DB
:105FA0004C5B0020445B0020485B0020385B0020F5
:105FB000164B1A461B688342FBD3516802EB010C57
:105FC000844509D0416800EB010C634509D00360AA
:105FD000904219D0106070474068014451601046EB
:105FE000F0E710B40A4C2468A3420BD05B68194454
:105FF000416013681B680360904200D010605DF838
:10600000044B70470460F7E7704700BF505B002007
:106010004C5B002038B50446FEF7D8FE384B1B68B1
:10602000B3B1384B1B681C4250D1002C50D004F146
:10603000080214F0070F02D022F007020832002AEB
:1060400055D0314B1B68934253D330490C6804E060
:10605000FFF77CFFE5E721461C466368934202D2C6
:106060002368002BF7D1264B1B68A34243D00D6851
:10607000083523680B6063689B1A102B10D9A01891
:1060800010F0070F08D04FF0500383F31188BFF3CF
:106090006F8FBFF34F8FFEE743606260FFF788FFAB
:1060A000626819490B689B1A0B60194909688B4291
:1060B00001D217490B60134B1B6813436360002325
:1060C0002360144A13680133136002E0002500E0E6
:1060D0000025FEF71DFF15F0070F0ED04FF05003FF
:1060E00083F31188BFF36F8FBFF34F8FFEE7002557
:1060F000EFE70025EDE70025EBE7284638BD00BFB8
:106100004C5B0020385B0020485B0020505B002087
:10611000445B0020405B0020002834D038B50446A2
:10612000A0F1080550F8043C174A1268134208D140
:106130004FF0500383F31188BFF36F8FBFF34F8F7E
:10614000FEE750F8081C41B14FF0500383F311886B
:10615000BFF36F8FBFF34F8FFEE723EA020340F8D0
:10616000043CFEF733FE54F8041C084A13680B4441
:1061700013602846FFF71CFF054A136801331360BC
:10618000FEF7C6FE38BD7047385B0020485B002034
:106190003C5B002082B0002301930D4B1B68B3F1E0
:1061A000FF3F08D04FF0500383F31188BFF36F8F88
:1061B000BFF34F8FFEE74FF0500383F31188BFF317
:1061C0006F8FBFF34F8F019B002BFCD002B0704745
:1061D0002400002008480068006880F308884FF019
:1061E000000080F3148862B661B6BFF34F8FBFF32F
:1061F0006F8F00DF00BF000008ED00E0DFF80C004B
:10620000016841F4700101607047000088ED00E012
:106210004FF0807340F8043C21F0010140F8081C65
:10622000054B40F80C3C40F8202C6FF0020340F87E
:10623000243C4438704700BF95610008000000000E
:10624000074B19680868B0E8F04F80F30988BFF37E
:106250006F8F4FF0000080F311887047AFF300801C
:106260004C5300204FF0500383F31188BFF36F8F1E
:10627000BFF34F8F0B4A136801331360012B00D01B
:1062800070474FF0E023D3F8043D13F0FF0FF7D031
:106290004FF0500383F31188BFF36F8FBFF34F8F1D
:1062A000FEE700BF24000020094B1B6843B94FF0F4
:1062B000500383F31188BFF36F8FBFF34F8FFEE757
:1062C000013B034A13600BB983F31188704700BF89
:1062D000240000200000000000000000000000007A
:1062E000EFF30980BFF36F8F154B1A681EF0100F84
:1062F00008BF20ED108A20E9F04F106009B44FF07C
:10630000500080F31188BFF34F8FBFF36F8FFEF7FC
:10631000A1FE4FF0000080F3118809BC19680868DD
:10632000B0E8F04F1EF0100F08BFB0EC108A80F3F9
:106330000988BFF36F8F7047AFF30080AFF3008021
:106340004C53002008B54FF0500383F31188BFF37E
:106350006F8FBFF34F8FFEF74FFD28B14FF0E02353
:106360004FF08052C3F8042D002383F3118808BD39
:106370004FF0E022002313619361054B1B68054930
:10638000A1FB03139B09013B536107231361704772
:1063900020000020D34D62104FF0E023D3F8002DF1
:1063A0003D4B9A421CD04FF0E023D3F8002D3B4BDD
:1063B0009A421ED030B583B0394B1A78D2B20192CE
:1063C000FF221A701B78DBB28DF803309DF8033082
:1063D00003F05003334A1370334B07221A601BE05B
:1063E0004FF0500383F31188BFF36F8FBFF34F8FCC
:1063F000FEE74FF0500383F31188BFF36F8FBFF3B5
:106400004F8FFEE7284A1368013B13609DF8033065
:106410005B00DBB28DF803309DF8033013F0800F82
:10642000F0D1214B1B68032B08D04FF0500383F3AE
:106430001188BFF36F8FBFF34F8FFEE71B021A4A1D
:10644000136003F4E0631360019BDBB2144A137022
:106450004FF0E024D4F8203D43F47003C4F8203D0D
:10646000D4F8203D43F07043C4F8203DFFF780FF8F
:1064700000250E4B1D60FFF7C1FED4F8343F43F0FA
:106480004043C4F8343FFFF7A5FEFEF7E3FDFFF7F6
:1064900081FE284603B030BD71C20F4170C20F416A
:1064A00000E400E05C9700205897002024000020C2
:1064B000EFF305830F2B0ED9114A9A5C114B1B7811
:1064C0009A4208D24FF0500383F31188BFF36F8FC5
:1064D000BFF34F8FFEE74FF0E023D3F80C3D03F4FA
:1064E000E063094A1268934208D94FF0500383F3DE
:1064F0001188BFF36F8FBFF34F8FFEE7704700BF68
:10650000F0E300E05C9700205897002070B5044647
:1065100043890E2B1CD90D46C37B1BB991F8303033
:106520000133C37360688689037813F0010F0AD0C2
:10653000012B12D006221E4905F0DAFA18B9637B46
:1065400043F008036373082E12D0B6F5C16F1FD055
:10655000204602F04FFE002070BD4378002BF2D1A0
:1065600083785E2BEFD1637B43F010036373EAE71C
:1065700095F82D3013F0080FEAD00E21204602F0D6
:10658000F3FD0028E4D12946204603F0EDFFE2E7C1
:1065900095F82D3013F0080FDAD00E21204602F0C6
:1065A000E3FD0028D4D12946204603F0B5FBD2E70D
:1065B000E07A01082DE9F04105460C4616461F46D3
:1065C000BDF8180001F040FF80460E21204602F081
:1065D000C6FDE8B96168A1F80C803B680B60BB8818
:1065E0008B803368C1F80630B3884B8195F82C3026
:1065F000062B05D1AB69214628469847BDE8F081B6
:10660000054B4FF499720549054805F05FFAF1E72B
:106610006FF00100F2E700BFB45D0108EC5D010816
:10662000485D0108032803D8024B03EB00107047B4
:10663000002070476497002008B5FFF7F3FF08BDFE
:1066400008B5FFF7F9FF034608B102680AB118461A
:1066500008BD1346FBE7000008B5FFF7F1FF00B1E6
:1066600008BD024B09221A60FAE700BF8CC4002063
:1066700041681960002343600168116003600120D4
:10668000704730B5039D4FF0000C02E0F5B90CF1F6
:10669000010C8469644515D9446904EBCC0E54F8A7
:1066A0003C408C42F3D122B1BEF9044014F0010FFA
:1066B0000AD1002BEAD0BEF9044014F0020FE5D055
:1066C000012000E0002030BD0120FCE70120FAE7B6
:1066D00008280DD020280BD0042809D008B5054B78
:1066E00040F639320449054805F0F0F9002008BDAC
:1066F000704700BF205E0108585E0108485D010830
:10670000F8B506460D460024032C31DC04F06AFE81
:106710002301194AD3581BB104F070FE0134F3E78A
:10672000230102EB0417D65004F068FE00237B60BF
:10673000BB7B8BB9104B03EB041300221A81337817
:1067400003F0F003102B0FD001250B4B03EB0413C8
:106750005D8100229A810DE0084B40F20E2208492B
:10676000084805F0B3F9E5E7002DEED00125ECE788
:106770004FF0FF342046F8BD64970020205E0108EA
:10678000705E0108485D0108F0B585B016461C46EC
:106790000A9D0F46D1B10CB345B310238DF80030DC
:1067A00002238DF80130304601F04EFEADF80200B4
:1067B0003B6801930023029303932A689DF80030FD
:1067C0009A421BD323D92B60002618E0114B40F2CC
:1067D00007421149114805F079F9DCE70D4B4FF4F8
:1067E00081620F490D4805F071F9D5E7094B40F278
:1067F00009420C49094805F069F9CEE701262A68E3
:106800006946204605F0E5F9304605B0F0BD0026A2
:10681000F5E700BF205E0108905E0108485D0108B1
:10682000A45E0108B45E010810B503460C4610686A
:1068300010B133B102F0DEFC14B1204600F0F6FDD9
:1068400010BD01F081F9F7E770B582B005460C463E
:1068500004F0C8FD06466B4601AA21462846FFF70C
:1068600007FF0546304604F0C9FD0DB902B070BD02
:106870006A4601992046FFF7D7FFF7E72DE9F04F69
:1068800085B08146884616469A4693686BB118F0E3
:10689000080F17D00422D9F804300393A3B1039B47
:1068A0001B681F890025AB462EE0D368002BEEDD68
:1068B000324B40F249423249324805F007F96FF055
:1068C0000F0045E00022E6E703A9D9F8000000F038
:1068D00033FF00283CD1039B1BB1039BC9F8043054
:1068E000DDE7264B40F25E422749264805F0EEF8E8
:1068F000F3E75B46224609580398006802F0DEFE83
:106900005C441FFA84FB0135F368AB420DDDBB45E7
:106910000BD2A7EB0B04A4B2B168E80001EBC503EE
:106920005B68A342E5D89CB2E3E733680BB17268B9
:106930008AB90023B36133690BB10023736118F086
:10694000010F12D0BAF1000F16D0AAF80070002083
:1069500005B0BDE8F08F03998A89301D0090083199
:10696000D9F80000FFF710FFE3E70023C9F804306F
:10697000039801F0E9F8E5E70020E9E7205E010867
:10698000C45E0108485D0108F05E01082DE9F04190
:1069900082B005460E4690461F462E4B1C683EE0D0
:1069A00096B1A2688AB12B46002D0ADB5B1152F822
:1069B000233005F01F02D34013F0010F05D0012052
:1069C00003E005F11F03F1E73046B8F1000F0FD0E7
:1069D00070B9E26862B12B46002D31DB5B1152F8D1
:1069E000233005F01F02D34013F0010F00D0012027
:1069F0001FB368B9226902B32B46002D23DB5B115C
:106A000052F8233005F01F02D34013F0010F14D0C9
:106A10000123E36104F1200004F094FC2468ACB18C
:106A2000E0690028FAD16369002BB9D0009743468A
:106A3000324629462046FFF724FE0028EED0E7E73D
:106A400005F11F03CAE705F11F03D8E702B0BDE84F
:106A5000F08100BF6097002000286DD02DE9F04143
:106A60000C4605464669002E0EDB3046FFF7F4FD66
:106A7000054668B304F0B6FC0746042C38D8DFE8B6
:106A800004F0111C2931340004F0ACFC6E69002EB6
:106A900002DB04F0B3FCE8E70CB9013E6E6104F0E0
:106AA000ADFC15E0B5F9083001331BB22B81012B89
:106AB00001DD002306E0012304E0B5F90830013BC5
:106AC0002B810023AA7B02B1DBB9384604F096FC87
:106AD000BDE8F0816B891BB9012301226A81F1E7CE
:106AE0000023FAE700236B81ECE70123AB81E9E7A0
:106AF000124B4FF41F621249124804F0E7FF0123C2
:106B0000E0E7B5F90840002CD4BF00240124B5F813
:106B10000A80B8F1000818BF4FF00108AD89003DA8
:106B200018BF0125384604F069FC2B464246214631
:106B30003046FFF72BFFCBE7704700BF205E010810
:106B4000FC5E0108485D0108F8B50C4615461E4676
:106B5000FFF776FD002800F098800746002C7AD0D9
:106B600040F6FF739C4240F0928041F20A039D423E
:106B700049D005DC082D24D0202D22D05C2087E0D0
:106B800041F20B039D421AD1069B052B40F29180E6
:106B90000368002B00F08F803378002B4ED100214A
:106BA0003A68137803F0F003202B4FD04A4B40F69D
:106BB0007D524A494A4804F089FF002068E05C2081
:106BC00066E0202D05D13B681B7803F0F003202BF5
:106BD0005FD12846FFF77CFD0346069A032A5AD95F
:106BE0003A68002A59D05268002A58D0306820B13B
:106BF000517A0B43537200204AE0517ADB435BB277
:106C00000B40537244E0069B032B4AD90368002BC8
:106C100049D05A68002A48D01B7803F0F003202B93
:106C200045D1306828B1137C43F001031374002070
:106C30002EE0137C03F0FE03137429E0304602F0CB
:106C4000D9F901460028ABD1132021E0506801F0AA
:106C500021FF00201CE0012D0CD0022D2DD1069B20
:106C6000032B2CD9036863B35B6863B33278DA72A1
:106C700020460DE0069B032B27D903683BB35B68D6
:106C80003BB332789A72204602E0092000E05C2093
:106C9000F8BD5C20FCE71620FAE71620F8E716207E
:106CA000F6E71620F4E71620F2E71620F0E75C205E
:106CB000EEE71620ECE71620EAE75C20E8E716206E
:106CC000E6E71620E4E71620E2E71620E0E71620C4
:106CD000DEE71620DCE700BF205E01080C5F01083C
:106CE000485D010838B5FFF7B7FC40B305460368B7
:106CF00083B11C7804F0F004102C14BF002401248C
:106D0000286800F083FB90B921462846FFF79CFDD8
:106D1000002038BD436843B10A4B4FF445720A491D
:106D20000A4804F0D3FE0024EAE70024E8E700F074
:106D300005FB08B1064A10604FF0FF30E9E74FF05D
:106D4000FF30E6E7205E0108385F0108485D010872
:106D50008CC4002070B582B00C461546FFF77CFC51
:106D6000002834D006466378A3B1102D16D1022B2B
:106D700014D114F0030F11D163680193608801F0FE
:106D800063FB024601A9306800F060FBB8B900203F
:106D900002B070BD006800F07FFBF7E70D4B40F2DA
:106DA00047320D490D4804F091FE6FF00F0000F0DE
:106DB000C5FA08B10A4A10604FF0FF30E8E700F06A
:106DC000BDFA08B1064A10604FF0FF30E0E74FF01F
:106DD000FF30DDE7205E0108505F0108485D0108D3
:106DE0008CC400202DE9F0418CB00746884614463B
:106DF0001E46139DFFF730FC002833D00022ADF86B
:106E00000A20CDF80C80049409920A920B9203ABED
:106E1000079301230893129B0593CDB12B6806932A
:106E200000970DF10A0305AA3146FFF727FD88B93F
:106E3000BDF80A00A04228BF20466FF000439842E8
:106E400000D318460DB1069B2B600CB0BDE8F08155
:106E50000023E4E700F072FA08B1044A10604FF032
:106E6000FF30F2E74FF0FF30EFE700BF8CC40020A7
:106E700010B582B0002401940094FFF7B3FF02B074
:106E800010BD00002DE9F04385B00E4614460C9D60
:106E9000DDF83490FFF7E0FB00286BD0074603686D
:106EA0001B7803F0F003102B3AD0B4F5803F41D2A9
:106EB0001FFA84F8B9F1000F08BF002D0FD0B5FA02
:106EC00085F35B09B9F1100F18BF43F00103002BE4
:106ED00036D16B78022B33D115F0030F30D100235C
:106EE00001930093002D3CD06B680293688801F0F9
:106EF000ABFAADF80C0042463146684600F04CFE55
:106F0000054688B3684600F02FFE284600F016FAC2
:106F100008B11B4A106085BBA0B205B0BDE8F08384
:106F20006FF00F0000F00AFA08B1154A10604FF038
:106F3000FF30F2E7124B5A221A604FF0FF30ECE7B5
:106F4000104B40F252621049104804F0BFFD6FF040
:106F50000F0000F0F3F908B1094A10604FF0FF305C
:106F6000DBE700200290C4E76946386800F0B2FA17
:106F70000546C7E74FF0FF30CFE74FF0FF30CCE7D3
:106F80008CC40020205E0108705F0108485D010884
:106F9000F0B585B007460D4616461C46FFF75CFB6C
:106FA00068B3024603681B7803F0F003102B1AD174
:106FB00014F0100F21D00323641004F00404002106
:106FC0000391106803AA009223433246294600F039
:106FD0001BFB044600F0B2F908B10C4A10608CB9F2
:106FE000039805B0F0BD0023019300932346324679
:106FF00029463846FFF746FFF3E70123DCE74FF069
:10700000FF30EEE74FF0FF30EBE700BF8CC400200D
:1070100038B5134602291BD0032907D0012922D0F5
:107020001B4B16221A604FF0FF340FE0194AD9B2F9
:10703000402000F09DF90546E5B100212846FFF704
:107040005FFB0446B0F1FF3F1AD06861204638BDAF
:10705000882A06D020200F4A002100F089F9054631
:10706000EAE72120F7E70B4A0021102000F080F921
:107070000546E1E7064B69221A604FF0FF34E5E769
:10708000284600F0D3F9024B17221A60DEE700BF52
:107090008CC40020596A00082DE9F04182B00546F1
:1070A000884616461C46FFF7D7FA00B3A4B1114F25
:1070B000384604F071F9089B009323463246414656
:1070C0002846FFF741FD0446384604F06CF94CB9F8
:1070D000204602B0BDE8F081074B0E221A604FF047
:1070E000FF34F5E7044B1C604FF0FF34F0E74FF03E
:1070F000FF34EDE7A49700208CC40020F8B50646C5
:107100000F460EE0144C204604F04DF9002239469B
:10711000304604F0CDF8204604F03EF9F8BD02F008
:10712000C1FB02F0DFFB0446B0F1FF3FEAD00028CC
:10713000F5D0094D284604F036F922463946304646
:1071400004F0B6F80446284604F026F9B4F1FF3FEF
:10715000E4D102F0A7FBE4E7A497002010B50446B1
:107160000378012B10D0022B16D0CBB9C3688168ED
:107170004068984720B92146062000F0EDFD10BD7B
:10718000606802F037F8F6E7436880689847214660
:10719000052000F0E1FDF2E7436880689847EEE7DC
:1071A000034BCF220349044804F090FCE7E700BFFB
:1071B000905F0108C45F0108485D010800B583B015
:1071C0000C4804F0E9F80C4B1B684BB10B4A1068F3
:1071D000984705E00A4B91220A490B4804F076FCD7
:1071E00001A90A48FFF78AFF01980028F2D0FFF7AB
:1071F000B5FFF5E7A4970020B0970020AC970020DA
:10720000905F0108C45F0108485D0108A89700204D
:10721000F8B507460E461546124804F075F878B1E1
:10722000062000F063FD0446C0B1002303704760F0
:107230008660C56001460B4804F02AF838B9F8BDED
:10724000094BFC2209490A4804F040FCE8E72146C2
:10725000062000F081FD4FF0FF30F0E74FF0FF30E7
:10726000EDE700BFA8970020905F0108E45F0108E8
:10727000485D010808B591F82D3013F0180F03D0C0
:10728000034AFFF7C5FF08BD024AFFF7C1FFFAE74F
:107290000D65000869A5000870B504460D46054E49
:1072A000304604F079F82846A047304604F07BF8D1
:1072B000002070BDA497002030B583B005460C4671
:1072C00000F0BDFD134B1D60134B1C6006211348DD
:1072D00003F0C7FF70B9124804F052F890B91823B0
:1072E00000934FF4806300220E490F4804F060F8C9
:1072F00003B030BD0D4B40F261220D490D4804F042
:10730000E5FBE8E7094B40F265220B49094804F028
:10731000DDFBE4E7B0970020AC970020A8970020A1
:10732000A4970020BD7100083C600108905F01082F
:10733000F45F0108485D01081860010800F11003BE
:10734000DBB2102B04D84042024B53F820007047A8
:1073500005207047E87A010810B50C460A680C321F
:10736000FFF79AFF00B110BD94F90400FBE700009D
:1073700070B588B00C46114600F0B4FA054638B135
:107380008DF80840009069461A48FFF7E5FF10B9EC
:10739000284608B070BD6B682BB1174BA322174964
:1073A000174804F093FB05F11004204603F0ACFFEE
:1073B00088B105F10C06304603F0CEFF90B130469F
:1073C00003F0C5FF204603F05AFF2946042000F0D1
:1073D000C3FC0025DCE7084BA4220A49084804F056
:1073E00075FBE6E7044BA9220749054804F06EFB4C
:1073F000E5E700BFCF7800084C600108A0600108F5
:10740000485D0108C4600108DC60010848B100B5AE
:1074100089B0009069460448FFF79EFF09B05DF807
:1074200004FB0020704700BFBD79000838B550B19B
:107430000546FFF7EBFF044608B1204638BD284655
:1074400000F08EFAF9E70024F7E7000000B589B0F4
:1074500060B10346A1B100930291ADF80C206946DA
:107460000848FFF779FF09B05DF804FB064B4FF4BD
:10747000BF720649064804F029FB6FF00F00F2E7DF
:107480000449E8E77D7A00084C600108F8600108CB
:10749000485D0108DC7B010800B589B038B1009077
:1074A00069460848FFF758FF09B05DF804FB064B32
:1074B0004FF4CF720549064804F008FB6FF00F0047
:1074C000F2E700BFC57A00084C60010818610108A6
:1074D000485D010800B589B040B10090029169464D
:1074E0000748FFF739FF09B05DF804FB054B40F290
:1074F000B2320549054804F0E9FA6FF00F00F2E7EF
:10750000E77A00084C6001083C610108485D010809
:10751000F0B589B00E9E78B18446007800F0F00096
:10752000102813D19CF8180010F0020F18D113F096
:10753000040F27D0012014E02D4B40F2EE322D49EC
:107540002D4804F0C3FA6FF00F0548E0284B40F2D5
:10755000EF322A49284804F0B9FA6FF005053EE0F9
:107560000120C7B2002E14BF002000F0010088BB2C
:107570000446824208DD01EBC0056D6864192CD217
:107580000130F6E70020ECE764B3002C02DA5EB3CA
:107590006FF00044CDF800C00291ADF80C2000223D
:1075A00004928DF81C300594069269461448FFF742
:1075B000D3FE054698B90EB1069B33607FB9069B92
:1075C000A3420CD00A4B4FF486620E490A4804F0DD
:1075D0007DFA04E06FF0050501E06FF0050528462F
:1075E00009B0F0BD0025FAE76FF00505F7E700BF29
:1075F0004C60010858610108485D01087461010888
:10760000337B00089861010800B585B002910392B0
:10761000069A0092012202A9FFF77AFF05B05DF8F1
:1076200004FB38B550B1044603F0DCFE94F9085071
:107630000023237203F0E2FE284638BD0025FBE755
:10764000F0B583B000230193002932D004461746D9
:107650000E4600230B60002835D000F110052846A7
:1076600003F052FE002838D0237E13F0020F09D118
:1076700017F0040F06D113F0010F03D194F908306D
:10768000002B3ED001A9284603F033FEB0F1FF3FA6
:107690002BD0019B002B3AD0019B1B681A89E36910
:1076A00013B1012120469847019B3360002003B0AD
:1076B000F0BD1C4B4FF412721B491C4804F006FA33
:1076C0006FF00F00F3E7174B40F24A2218491748B2
:1076D00004F0FCF96FF00F00E9E72046FFF7A1FF87
:1076E0000028E4D16FF00A00E1E72046FFF799FF98
:1076F0000028DCD1237E13F0010F10D06FF00A00B8
:10770000D5E7002201A9284603F0D2FDC1E7054BC9
:1077100040F291220749054804F0D8F9BCE76FF020
:107720000600C4E74C600108BC610108485D01081F
:10773000DC610108F05E010808B538B1037803F098
:10774000F003102B02D0FFF77BFF08BD044B4FF472
:1077500053720449044804F0B9F96FF00F00F4E7DC
:107760004C600108F8610108485D010838B504461D
:1077700003685B6833B1144B40F265221349144827
:1077800004F0A4F925682B7803F0F003202B02D035
:10779000FA23237138BD002001F02EFA68602368B7
:1077A0005A683AB11B78222B0BD0226809495068DD
:1077B00001F0D6F923685B68002BEBD1FF2323711E
:1077C000E8E701231374F0E7246201085C62010812
:1077D000485D0108D97700082DE9F04104461546B7
:1077E00098460E4669B3002C32D06368B34205D088
:1077F000244BEE222449254804F068F904F11007CF
:10780000384603F081FD68B3032000F06FFA0646A6
:1078100068B305604560B8F1000F2CD0D8F800308F
:10782000B360BDF81830B3812D893146384603F076
:107830002FFD10BBE369C3B12A46002120469847BB
:1078400013E0104BE5221249104804F03FF9CAE753
:107850000C4BE6220F490D4804F038F9284601F098
:10786000C9FC02E0284601F0C5FCBDE8F0812846CD
:1078700001F0C0FCF9E70023D2E7304600F064F9DC
:10788000F3E700BF24620108C0620108485D0108F7
:107890007C620108A062010810B582B000F11004FA
:1078A000204603F031FD20B902B010BD019800F070
:1078B0004BF901A9204603F01CFDB0F1FF3FF5D1C3
:1078C000204603F0DCFC204603F024FDECE708B57D
:1078D0000023037103685B6803B108BDFFF746FF2F
:1078E000FBE7000070B505460E46042000F0FEF9E7
:1078F000044640B3002303720570436005F0F005B1
:10790000202D14D100F110050621284603F0A9FC12
:10791000A0B9002104F10C0003F0FFFCA8B900237A
:1079200063704FF0FF326261E66123760BE0094B32
:1079300040F2E5220849094804F0C8F8214604202D
:1079400000F00AFA0024204670BD284603F097FC98
:10795000F4E700BF24620108E0620108485D010805
:1079600038B50446436833B1104B4FF447721049A1
:10797000104804F0ABF804F1100003F0C5FC60B946
:1079800004F10C05284603F0E2FC284603F0EAFC6B
:107990002146042000F0E0F938BD044B40F22332C8
:1079A0000549044804F092F8EAE700BF24620108A0
:1079B00008630108485D01083863010838B50446CA
:1079C00003685D7825B11B7803F0F003102B0CD110
:1079D000002D18BF022D15D0032D0ED0FB232371CF
:1079E00020680C3003F0B8FC38BD204B40F25E42FA
:1079F0001F49204804F06AF8EAE723681B7E13F069
:107A0000040FEBD0032D1DD0002323712068FFF756
:107A100043FF23685A683AB11B7803F0F003202B28
:107A20001DD0236800225A602068C36913B1002268
:107A3000114698472068C369002BD1D0002202214B
:107A40009847CDE723681B7E13F0040FDCD1074B6A
:107A500040F27A420849074804F038F8D4E7002396
:107A6000D3612368586801F08FF8DAE724620108CF
:107A700074630108485D01088863010810B5044675
:107A800003685868A0B11B7803F0F003202B0AD0DC
:107A9000094B40F27D520949094804F017F86FF08C
:107AA0000500207110BDA289A16800F0FDFFF8E774
:107AB0006FF00E00F5E700BF24620108A86301081B
:107AC000485D010810B504460268137803F0F0031E
:107AD000202B02D0FA23037110BD506801F026F864
:107AE00000232371F8E710B504460068FFF799FDFD
:107AF000034648B923685868C0B11B7803F0F00307
:107B0000202B03D06FF00A03237110BDA1688B688E
:107B100023B9096800F09AFF0346F5E78B8901F164
:107B20000802096800F04CFF0346EDE76FF00A0316
:107B3000EAE710B504460068FFF773FD034608B98D
:107B40006FF00503237110BD68B110B504460068DD
:107B500020B101F04FFB0023636023602146032026
:107B600000F0FAF810BD704710B540B10446006847
:107B700008B101F03FFB00236360236010BD034B9D
:107B800081220349034803F0A1FFF7E7C06301081E
:107B900034640108485D010870B5B0B10E46154661
:107BA0000446006808B101F025FB4122002136207F
:107BB00001F088FB206088B1466023681D8123683E
:107BC0005D8123686360002070BD074B99220749DF
:107BD000074803F07BFF6FF00F00F5E700236360B9
:107BE0004FF0FF30F0E700BFC063010850640108A8
:107BF000485D010838B5044603F0F4FB0546A36868
:107C00001C688CB122681A6014F0030F04D1284656
:107C100003F0F4FB204638BD054B4FF48C72054948
:107C2000054803F053FFF2E703F0E8FBF2E700BF7B
:107C3000686401089C640108485D010838B5054680
:107C40000C4611F0030F09D103F0CCFBAB681B68A5
:107C50002360AB681C6003F0D1FB38BD034B4FF4CD
:107C6000B6720349034803F031FFEDE76864010889
:107C7000C0640108485D0108836800221A604368F7
:107C8000033323F0030307E0816809681960816802
:107C90000B6001880B44013241889142F4DC70474B
:107CA00010B5002406E0054B53F82400FFF7E4FF6D
:107CB0000134A4B2092CF6D910BD00BF2C7B0108F9
:107CC00010B5044610B1FFF795FF10BD044B4FF4FB
:107CD0009E720449044803F0F9FE2046F5E700BF10
:107CE00068640108E0640108485D010808B50928D6
:107CF00005D8074B53F82000FFF77CFF08BD054B64
:107D000040F257120449054803F0E0FE0020F5E771
:107D10002C7B010868640108F4640108485D0108CF
:107D200038B50C46054620B1002C18BF002D08D1EF
:107D300038BD064B40F295120549064803F0C6FED1
:107D4000F2E721462846FFF779FFF1E7686401086A
:107D5000E0640108485D010808B5092806D821B18A
:107D6000064B53F82000FFF769FF08BD044B4FF4A2
:107D7000D5720449044803F0A9FEF6E72C7B0108FC
:107D80006864010814650108485D010810B44FF0EB
:107D9000000C00F001046145D4BF002300F0010392
:107DA00023B110F8013B63F31F2C0139002303E0DA
:107DB00030F8022B134402390129F9DC002902DDD5
:107DC000027862F3070C9C441FFA8CF303EB1C430C
:107DD00098B200EB134024B103029BB2C0F307201A
:107DE000184380B25DF8044B704708B5FFF7CEFF2B
:107DF000C04380B208BDF8B5054600273C4600E008
:107E00002D689DB16E8931466868FFF7BFFF031981
:107E10009CB204EB134416F0010FF1D087F0010778
:107E200023029BB2C4F307241C43E9E727B12302D2
:107E30009BB2C4F307241C43E04380B2F8BD08B5ED
:107E400003F094FA00F0C4F8FFF72AFF00F06CFF8B
:107E500000F082FB01F012FD08BD0000014B1B6821
:107E60001844704770C30020024B1B68C01A80B2D0
:107E7000704700BF70C30020F8B50446FFF7F4FF59
:107E8000074625882846FFF7E9FF0646648820460E
:107E9000FFF7E4FFB5F5C86F10D8B4F5C86F0FD879
:107EA000BC4202D00388BB420CD1094B1B68B342D1
:107EB0000AD07388BB4209D1012000E00020F8BD40
:107EC0000020FCE70020FAE70120F8E70020F6E7B1
:107ED0006CC3002038B50446344B1B6883423ED83F
:107EE000334B1B68A34242D92379002B47D1238807
:107EF000B3F5C86F4BD82088FFF7B0FF844215D088
:107F000003799BB92A4B1B6883420FD0294B1B680E
:107F1000834244D000882080B0F5C86F06D0FFF7B8
:107F20009DFF05462046FFF79FFF68806088FFF7AA
:107F300095FF0546844211D003797BB91D4B1B6820
:107F4000A3422FD020882880B0F5C86F06D0FFF755
:107F500085FF04462846FFF787FF608038BD164B33
:107F600040F2DF121549164803F0B0FDB8E7124B96
:107F70004FF4F0721349124803F0A8FDB4E70E4B1A
:107F800040F2E11210490E4803F0A0FDAFE70A4BA2
:107F90004FF4F2720D490A4803F098FDABE7054B28
:107FA0001C60B7E7034B1860CCE700BF70C300202C
:107FB0006CC3002064C300203065010864650108BB
:107FC000485D01087C65010898650108B4650108F1
:107FD00038B5114D114B2B604FF4C8641C80002242
:107FE0005A801A712046FFF739FF0D4B18600123A4
:107FF0000371048044802A680A4B1A600A4803F01F
:10800000BFF900B938BD094B40F21F2208490948A1
:1080100003F05CFDF6E700BF70C3002000400030B5
:108020006CC3002064C3002068C3002030650108D1
:10803000E0650108485D0108002860D038B50446B5
:1080400010F0030F17D1A0F108052D4B1B68AB42B0
:1080500005D800F10C032B4A1268934217D92A4B1A
:1080600040F27F2229492A4803F030FD03F0BAF993
:1080700003F0C4F938BD244B40F27322254924484B
:1080800003F024FD03F0AEF903F0B8F9F2E722485B
:1080900003F082F914F8043C9BB12846FFF7ECFE8C
:1080A000F0B1002304F8043C1C4B1B68AB4201D91F
:1080B0001A4B1D602846FFF70DFF174803F073F9B0
:1080C000D8E7114B4FF423721549114803F0FEFC19
:1080D000114803F068F903F085F903F08FF9C9E757
:1080E000094B40F295220F49094803F0EFFC0A487A
:1080F00003F059F903F076F903F080F9BAE7704715
:1081000070C300206CC300203065010820660108A0
:10811000485D0108FC65010868C3002064C30020B5
:108120003C660108646601082DE9F8430446CB1C4F
:108130009BB223F003039DB20B2B00D80C258D427C
:108140002CBF00210121B5F5C86F88BF41F00101A6
:10815000002940F0A280544B1B68A34203D8534B24
:108160001B68A34206D8524B40F2D12251495248D3
:1081700003F0ACFC4C4B1B68A34245D84B4B1B682F
:10818000A34241D9A4F10800FFF76EFE064634F879
:10819000088CA8EB00081FFA88F8A8F108081FFA55
:1081A00088F8454537D8454579D87AD0434803F013
:1081B000F3F834F8087C3846FFF750FE814603791F
:1081C000002B3ED1B7F5C86F2DD0B9F800703544FB
:1081D000ADB20835ADB23A4B1B684B452BD02846A3
:1081E000FFF73CFE002303710780468024F8085CFB
:1081F0000088B0F5C86F02D0FFF730FE45802F48E9
:1082000003F0D1F8204604E003F0ECF803F0F6F8B0
:108210002046BDE8F883264B4FF439722949264899
:1082200003F054FCBFE7224B40F2F52226492248D6
:1082300003F04CFCC9E72846FFF710FE204B1860FE
:10824000CDE705F114034345D9D83544ADB208351F
:10825000ADB2B7F5C86F18D02846FFF7FFFD184B31
:108260001B68834201D9164B18600023037134F850
:10827000083C0380468024F8085C0088B0F5C86F8D
:10828000BDD0FFF7EBFD4580B9E7094B40F2163250
:108290000D49094803F01AFCDEE70020B9E7002089
:1082A000B7E72046B5E700BF70C300206CC30020CD
:1082B0003065010898660108485D010868C3002020
:1082C00064C30020B0660108D0660108002800F0F1
:1082D000A380F8B50346C21C92B222F0030296B204
:1082E0000B2A00D80C269E422CBF00230123B6F592
:1082F000C86F88BF43F00103002B40F08F804848CF
:1083000003F04AF8474B1868FFF7AEFD05464FE00B
:10831000454B40F287324549454803F0D7FB63E0BF
:10832000012303713F4B1868A04212D03C4803F070
:108330003AF8274408373F4B1B689F421FD814F078
:10834000030524D15DBB04F1080064E00088FFF759
:1083500085FD03791BB1374A12688242F6D1314A52
:108360001060344A12688242E0D0002BDED02E4BDF
:1083700040F2B53230492E4803F0A8FBD6E72A4B2D
:1083800040F2B9322D492A4803F0A0FBD7E7264B2B
:1083900040F2BB322A49264803F098FBD2E7224B31
:1083A00040F2BD322749224803F090FBCBE72588F5
:1083B0003746C6F5C8639D4229D22846FFF74EFDD1
:1083C00004460379002BF2D103885B1B083BB342C0
:1083D000EDD306F114029342A2D32E44B6B208366E
:1083E000B6B2B6F5C86F93D03046FFF737FD00231D
:1083F0000371238803804580268001232371008830
:10840000B0F5C86F8ED0FFF729FD46808AE7044893
:1084100002F0C9FF0020F8BD002070470020FAE7F5
:1084200068C3002064C3002030650108D0660108DD
:10843000485D01086CC30020E4660108006701087C
:108440003067010860670108030243EA102080B228
:108450007047030203F47F0343EA0063020A02F455
:108460007F42134343EA1060704700000020104A27
:108470001388591C11804FF6FF72934209D00D4B9F
:108480001B6893B1598A0A4A1288914206D0DB6868
:10849000F7E7074B4FF440421A80F0E7013080B213
:1084A000B0F5804FE3D300207047014B1888704728
:1084B0002800002074C30020F8B50E461546074674
:1084C000C8B1FEB13C7A3CB11E4B5B6893F83030CA
:1084D0000133DBB29C4225D1DDB12FB33B682BB316
:1084E000184A5269B2F1FF3F22D0B16853400B42A3
:1084F00020D0002017E0144B87221449144803F0C1
:10850000E5FADEE7104B88221249114803F0DEFA43
:10851000D8E78FB13B688BB10A4A526993420FD0BA
:10852000284600E00020F8BD0120FCE70120FAE722
:108530000120F8E70120F6E70120F4E70120F2E747
:108540000120F0E74CC3002084670108B8670108E8
:10855000485D0108DC67010808B503F031F9024BFA
:108560000343024A138008BD00C0FFFF280000201B
:108570002DE9F04F83B00F468146D0B107B3B9F86B
:108580000A30072B23D9D9F80440534B196858698E
:1085900002F08AFD80462088FFF756FF82466088F9
:1085A000FFF752FF05464D4B1C684FF0000B5E462F
:1085B00019E04B4BCF224B494B4803F087FADDE7DC
:1085C000474BD0224949484803F080FAD7E748464C
:1085D00000F010FE03B0BDE8F08FA346A38A534518
:1085E00026D02646E468002C30D0638AAB42F8D10E
:1085F000424639462046FFF75FFF0028F1D0237C32
:1086000013F0040FEAD1BBF1000FE6D0B8F1000F70
:10861000E4D0314B5B69B3F1FF3FDFD1DBF80020E1
:108620007B689A42DAD022689342D7D1A346D5E735
:1086300063681BB1284A12699342D2D136B1E3680C
:10864000F360264B1A68E2601C6011E07CB10821DF
:10865000484600F089FDB0B924B3A569F5B1E069D9
:10866000CDF800A0224B4A462146A847B2E75C4617
:10867000002CECD17A68184B5B699A42E7D04846E7
:1086800000F0B8FDA6E7164B4FF4B872194916482A
:1086900003F01CFA484600F0ADFD9BE7484600F0A9
:1086A000A9FD97E7B8F1000F05D10B4B5B6903F00B
:1086B000F003E02B03D1484600F09CFD8AE7064B0F
:1086C0009989083109B2484600F08EFD03214846D9
:1086D00001F0CAFEEFE700BF4CC3002074C30020C6
:1086E0008467010804680108485D01081C680108E6
:1086F0005CC300203868010870B504460D4621B1FE
:108700002CB1254B1B6819460CE0244DF8E7244B8F
:1087100040F2B7322349244803F0D8F96FF00F0034
:1087200015E0C96819B1A142FBD1012600E000267D
:108730007AB9FFF79BFE0246F8B1E5B12B682360DA
:10874000628236BB144B1A68E2601C60002070BD68
:10875000DB68002BF1D0A342FAD0598A9142F7D1BD
:108760001868296888420BD069B17BB10028EFD125
:108770006FF00700EBE70023E1E76FF00700E6E7A3
:108780006FF00700E3E76FF00700E0E76FF0070026
:10879000DDE70020DBE700BF74C30020DC7B0108BD
:1087A0008467010854680108485D01082DE9F04F0D
:1087B00085B0DDF838B0DDF83CA0002845D00C4687
:1087C000904699460646002949D0002A51D0BAF170
:1087D000000F58D0BBF1000F5FD0428A002A66D04C
:1087E00022894FF6F7739A427FD80821204600F07D
:1087F000B6FC002862D125466B89072B6DD96F68BE
:10880000708AFFF721FE38804846FFF71DFE78800A
:108810000023BB71FB712889FFF716FEB880CDF8E5
:1088200008B011230193B37A0093F37A424651467C
:10883000284601F05FFF0746A54202D0284600F017
:10884000D9FC384605B0BDE8F08F2B4B40F2D12261
:108850002A492B4803F03AF96FF00F07F1E7264B4E
:1088600040F2D2222749264803F030F96FF00F0773
:10887000E7E7214B40F2D3222349214803F026F9B0
:108880006FF00F07DDE71C4B4FF435721F491C4892
:1088900003F01CF96FF00F07D3E7174B40F2D52216
:1088A0001B49174803F012F96FF00F07C9E701469B
:1088B000FFF722FF0746002892D0C2E74FF420724C
:1088C0000821222000F0FEFC054688B12389002BF8
:1088D00092D0214600F056FE8EE7074B40F20D3253
:1088E0000C49074803F0F2F889E74FF0FF37A8E793
:1088F0004FF0FF37A5E700BF846701086C680108E7
:10890000485D01088C680108AC680108D06801085E
:10891000F468010818690108F0B583B0089D90B1AA
:108920000446D1B11AB365B3002834D0066896B3B3
:1089300006F0F00CBCF1E00F2DD06F68BE422BD0DA
:108940006FF003002DE0184B4FF4207217491848C0
:1089500003F0BCF86FF00F0023E0134B40F28122CC
:108960001449134803F0B2F86FF00F0019E00E4BF2
:1089700040F2822210490E4803F0A8F86FF00F0071
:108980000FE0094B40F283220C49094803F09EF89E
:108990006FF00F0005E0281D019000952046FFF7BD
:1089A00005FF03B0F0BD00BF8467010848690108F6
:1089B000485D01086469010880690108A06901082F
:1089C000F0B583B098B10D4614461E460746C1B1B6
:1089D0000AB3007A48B300F0FBFA50B30090334674
:1089E000224629463846FFF797FF03B0F0BD124BE9
:1089F0004FF406721149124803F068F86FF00F0047
:108A0000F3E70D4B40F219220E490D4803F05EF8D2
:108A10006FF00F00E9E7084B40F21A220A490848B4
:108A200003F054F86FF00F00DFE7104601F042FD4D
:108A3000D3E76FF00300D8E784670108C069010835
:108A4000485D0108D8690108F469010808B528B132
:108A500071B1838A021DFFF7B3FF08BD094B40F2D5
:108A6000D5120949094803F031F86FF00F00F4E717
:108A7000044B4FF4EB720649044803F027F86FF0FB
:108A80000F00EAE784670108106A0108485D0108E1
:108A9000286A010821B191F8303001330372704720
:108AA000002303727047000070B5A0B10D46164652
:108AB0000446D1B1428A12B32B686360A682237C3C
:108AC00043F004032374144B1A681346EBB1A3421A
:108AD00020D0DB68FAE7114B40F2354210491148CB
:108AE00002F0F4FF6FF00F0013E00C4B40F236423F
:108AF0000D490C4802F0EAFF6FF00F0009E0014653
:108B0000FFF7FAFD0028D7D003E0E260024B1C60BB
:108B1000002070BD0020FCE774C3002084670108BA
:108B2000406A0108485D01085C6A010808B540B167
:108B30000022426082820272027C02F0FB02027416
:108B400008BD044B40F26A420349044802F0BEFFEC
:108B5000F6E700BF84670108786A0108485D0108EC
:108B600008B510B18161C26108BD044B40F28A4270
:108B70000349044802F0AAFFF6E700BF8467010832
:108B8000946A0108485D010808B550B101460F4BD1
:108B90001A68824211D1D2681A600020FFF7DCF80F
:108BA00008BD0B4B40F2A1420A490B4802F08EFF70
:108BB000F6E7CB68D360F0E71A46002AEDD0D36819
:108BC000002BF9D08B42F4D01A46F6E774C300208C
:108BD00084670108AC6A0108485D010810B50020EF
:108BE000FFF784F8044628B12022002102F0A9FFF3
:108BF000FF23E372204610BD08B5FFF7EFFF08BD65
:108C0000B8B102460368A3B199B10B688BB1094BA7
:108C10001B686BB110B401E0DB6833B110681C68ED
:108C20008442F9D108681860F6E75DF8044B704794
:108C30007047704774C300200B688268934202D06B
:108C4000836001207047002070470B68C268934220
:108C500002D0C36001207047002070476FF00B0006
:108C6000704708B5FFF7CCFF08BD000038B50C46CB
:108C7000054680B195F82D3013F0040F0AD013F09B
:108C8000010F07D014F0010F04D06A6812B113F07D
:108C9000080F08D138BD064B40F26D320549064831
:108CA00002F014FFE6E7291D284601F091F8F1E7EC
:108CB000C46A0108F86A0108485D010870B582B00D
:108CC000044615460E4639B175B1326863689A425A
:108CD00012D1002002B070BD104B40F2CB121049EF
:108CE000104802F0F3FEEFE70C4B4FF4E6720C492C
:108CF0000C4802F0EBFEE8E701922B6001A9284640
:108D0000FFF7AFFF3EB13368636001212046FFF7F4
:108D1000ADFF0120DEE70023F6E700BFC46A0108CB
:108D20001C6B0108485D0108704700002DE9F04107
:108D300082B0044616461D460F46D9B1E6B1EDB1E4
:108D40000FB13B68E3B901AA39462046FFF7B6FFE9
:108D50004FF00108002231462046FFF76DFF002248
:108D600029462046FFF771FFB8F1000F0BD002B083
:108D7000BDE8F081074FE1E7064EE0E7054DDFE78C
:108D80004FF00008E6E701AA39462046FFF796FFB4
:108D9000EDE700BFDC7B010870B5059C064610B30B
:108DA000002C29D0002930D0002A30D0002B30D020
:108DB00000207060B060F060364D7561B08486F858
:108DC0002D00F061049830623348007886F8300056
:108DD000069830613046FFF7A9FF3046A0470028CB
:108DE0003ED0002050E02D4B40F227122C492D4858
:108DF00002F06CFE304647E0284B4FF494722A494B
:108E0000284802F063FE00203EE02849CCE7274ACC
:108E1000CCE7264BCCE7002386F8303024E01F4B0C
:108E200040F28B1222491F4802F050FE09E094F8EC
:108E3000302096F830309A420ED024687CB1B4428B
:108E4000EDD00135FF2DF2DD144B40F28D121949A2
:108E5000144802F03BFEEAE7013386F830303CB1BB
:108E600096F83030FF2BD6D0134B1C680025E5E771
:108E700096F83030FE2B08D00133074A13700E4BA2
:108E80001A6832601E60304670BD034B00221A70B3
:108E9000F5E700BF5D8C000878C30020C46A0108B4
:108EA0002C6B0108485D0108486B0108DC7B010858
:108EB0006C6B0108806B010880C30020014B1860B7
:108EC000704700BF7CC3002008B528B190F82D3052
:108ED00013F0010F08D008BD074B4FF45472074937
:108EE000074802F0F3FDF6E743F0010380F82D3068
:108EF0000321FFF7BBFEEEE7C46A0108B06B01086F
:108F0000485D010808B560B190F82D3013F0010FED
:108F100006D003F0FE0180F82D1013F0080F08D1E1
:108F200008BD054B40F29B320449054802F0CEFDD6
:108F3000F6E700F0D5FEF3E7C46A0108CC6B010840
:108F4000485D010810B530B1044690F82D3013F09B
:108F5000040F08D010BD0A4B4FF4787209490A4833
:108F600002F0B4FDF6E743F0040380F82D3003214E
:108F7000FFF77CFEE369002BECD020469847E9E739
:108F8000C46A0108EC6B0108485D010808B560B1CE
:108F900090F82D3013F0040F06D003F0FB0380F897
:108FA0002D30C36903B1984708BD044B40F2064217
:108FB0000349044802F08AFDF6E700BFC46A0108CD
:108FC000106C0108485D010800B1C16170470000E4
:108FD000024658B1064B186838B190F8303001336A
:108FE000DBB2934203D00068F6E770470020704779
:108FF00080C3002010B50446B0B1023002F0ADFBD2
:10900000C2B20A4B186800E0006868B190F83030CE
:109010009342F9D1217890F82E309942F4D16178B9
:1090200090F82F309942EFD110BD00BF80C30020CF
:1090300010B4002404604160028143819DF8043033
:1090400003739DF80830437301238373C4735DF881
:10905000044B704770B50C4616460546C8B1002D46
:1090600018BFB4F5803F24D22CB3A2B22B8913448D
:109070009BB2934221D395F90C10002911DBF6B174
:1090800069680C1B6C6069890A446A812B81002025
:1090900010E00C4B40F2DF120B490C4802F016FDB9
:1090A000DDE769680C1B05F11001A142EAD9012036
:1090B00000E0012070BD0020FCE70120FAE701205C
:1090C000F8E700BF346C0108686C0108485D0108CE
:1090D000F0B583B006460D461446412A18BF012A52
:1090E0000FD10820FEF702FE074638B10023019396
:1090F00000942B462A463146FFF79AFF384603B0C4
:10910000F0BD044B4FF4A5720349044802F0DEFCA5
:10911000E7E700BF346C0108746C0108485D010882
:1091200010B582B084468E46184604990CF1030CA3
:109130002CF0030C0EEB0C04BDF814309C420CD840
:1091400001B16144044602230193009273467246C2
:10915000FFF76EFF204602B010BD0024FAE708B505
:109160000022FFF777FF08BD38B50C46054698B1D9
:10917000002D18BFB4F5803F1FD204B3A2B26B8993
:10918000934211D36968214469609B1A6B812B89D2
:109190009B1A2B81002038BD0A4B40F24B220A4912
:1091A0000A4802F093FCE3E7064B40F255220849D7
:1091B000064802F08BFC0120EDE70120EBE70020E0
:1091C000E9E700BF346C0108686C0108485D0108DC
:1091D000886C010808B5002902DBFFF73BFF08BDDA
:1091E0004942FFF7C1FFFAE708B50122FFF7F2FF96
:1091F00008BD0000F8B510B10446002617E02B4B5F
:109200004FF437722A492B4802F060FC00263046A2
:10921000F8BD264B40F2F1222749264802F056FCC1
:109220000DE02369204698470136F6B22C46002C03
:10923000EDD002F0D7F80746A37B002BE9D0A57B41
:10924000013DEDB2A573384602F0D8F8002DDED10D
:109250002568237B03F00F03627B12F0020F0AD014
:109260002369002BDDD1114B40F2FF221349114835
:1092700002F02CFCD5E7022B06D0012B09D06BB9EC
:109280002046FEF7D9FECFE721460920FEF764FD10
:10929000CAE721460820FEF75FFDC5E7034B40F211
:1092A0000F320749034802F011FCBDE7346C010896
:1092B000686C0108485D0108A86C0108C06C0108D1
:1092C000E46C01082DE9F04782B00E469046B2F5F5
:1092D000C17F4DD004460DD8012A3FD0412A3DD050
:1092E000484B40F227124849484802F0EFFB4FF044
:1092F000000939E0B2F5207FF2D1C11C01F4FE7102
:10930000F21C93B223F003030B449BB203F1100051
:1093100080B222F0030293426DD382426ED8FEF7F0
:10932000D5FF814600B304F110010144033100234D
:109330000193CDF800803346324621F00301FFF758
:1093400077FED9F8043013F0030F0DD02D4B4FF4F6
:1093500091722F492D4802F0B9FB05E04246314693
:109360000020FFF7B5FE8146484602B0BDE8F08711
:1093700005460027B94618E0B9F1000F02D048466B
:10938000FFF738FFB946EFE71E4B4FF480722149D3
:109390001E4802F09BFBB9F1000F2AD0CAF80070FA
:1093A000341BA6B20025002EDED0BA460920FEF7F7
:1093B0009DFC07460028DFD0EC1C24F00304A4B277
:1093C000C4F51474A4B2B44228BF344605F11001A8
:1093D0000144033100230193CDF800802346324637
:1093E00021F00301FFF724FE7B6813F0030FD2D0B6
:1093F000CAE7B946D4E74FF00009B5E74FF00009D6
:10940000B2E700BF346C0108886D0108485D0108AF
:109410005C6D0108F86C0108F8B50E460446B8B159
:109420002789B7422ED935466389AB4218D2EB1A49
:109430009DB22389F21B134423812468002CF3D1AD
:109440001A4B40F2AF121A491A4802F03FFBEBE701
:10945000164B4FF4CC721849164802F037FBDFE781
:10946000227B12F00F0F05D1AB4203D0637B13F0C8
:10947000020F08D065812581206808B1FFF7BAFE88
:1094800000232360F8BD63681B1BE91889B22046DE
:10949000FEF74AFE04460028ECD1044B40F2BD1210
:1094A0000649044802F012FBE4E700BF346C0108EF
:1094B000BC6D0108485D0108A46D0108D46D010868
:1094C0000346002002E0013080B21B68002BFAD175
:1094D0007047000098B110B5044601F083FFA37BEC
:1094E0000133A37301F08AFFA37B03B110BD044BCA
:1094F00040F242320349044802F0E8FAF6E77047C6
:10950000346C0108F06D0108485D010838B5044667
:109510000D46002918BF00280CD1154B40F25932D6
:109520001449154802F0D2FA19E023892889034426
:10953000238114462268002AF7D1228963899A423E
:109540000ED1236833B10A4B40F263320B490A480B
:1095500002F0BCFA23892A8913442381256038BD8F
:10956000034B40F262320649034802F0AFFAE8E7E3
:10957000346C0108046E0108485D01086C6E010836
:109580003C6E010810B50C46FFF7C0FF2046FFF700
:10959000A1FF10BD2DE9F041002918BF002808D017
:1095A00005460C4602890B899A4202D30027B84629
:1095B0003CE03B4B40F2C9323A493B4802F086FA64
:1095C0006FF00F006AE0364B40F2D9323749364827
:1095D00002F07CFA3EE0324B40F2DA323449324853
:1095E00002F074FA39E02D68B5FA85F35B09002CB6
:1095F00008BF002313B94FF0000836E0284B4FF4A2
:1096000079722C49284802F061FA6FF00F0045E0AA
:1096100023687BB3224B40F2E9322749224802F00B
:1096200055FA6FF0050039E0002C36D06E89A6EBB4
:1096300008066389DB1B9E4200D31E46686861688A
:1096400032463944404402F0C4FAB04437446B898E
:109650004345B8D36389BB42BDD36389BB4201D8BC
:10966000246800276B894345BDD01CB162892389DA
:109670009A42CDD0002DD7D06A892B899A42D3D176
:109680002B68002BD0D0064B40F2EE320A49064838
:1096900002F01CFA6FF0050000E00020BDE8F08148
:1096A000346C01087C6E0108485D0108AC6E01084D
:1096B000C46E0108E06E0108F06E01082DE9F84360
:1096C00030B188469146054669B100273E462AE0FA
:1096D0001D4B40F20A421D491D4802F0F7F90027D0
:1096E0003846BDE8F883184B40F20B421949184838
:1096F00002F0ECF90027F3E76C89E41AA4B2A14563
:1097000000D24C4669682246194408EB060002F074
:1097100060FA2744BFB22644B6B2A9EB04041FFA8C
:1097200084F900232D682A1E18BF0122B9F1000F09
:10973000D6D0002AD4D0002BDED06A899A42DBD85A
:109740009B1A9BB2EEE700BF346C01081C6F010846
:10975000485D01083C6F010838B514460A46218966
:10976000FFF7B0FD054618B12146FFF713FF08B912
:10977000284638BD034B40F224520349034802F007
:10978000A5F9F5E7346C0108606F0108485D010830
:10979000F8B504460F4616460720FEF7A7FA80B133
:1097A0000546002303608760C6604460104B1A685A
:1097B00072B15368E31A002B0FDA02600C4B186089
:1097C000F8BD0C4BBE220C490C4802F07FF9F7E7BC
:1097D0001860F5E72B601560F2E7002AF0D01368F7
:1097E000002BF7D05968611A0029F3DB1A46F4E719
:1097F00088C30020746F0108AC6F0108485D010840
:1098000038B5044643689847F7F724F98446256835
:10981000094B18682844A0EB0C03002B06DA2246FB
:10982000064905EB0C00FFF7B3FF38BD224603499C
:10983000FFF7AEFFF9E700BF84C3002001980008DE
:1098400070B504460D461646B0F1804F07D2F7F7C3
:1098500001F9324629462044FFF79AFF70BD044BB8
:1098600040F229120349044802F030F9EFE700BF43
:10987000746F0108EC6F0108485D010810B5002401
:1098800008E0064B03EBC402054953F83400FFF728
:10989000D7FF0134012CF4D910BD00BFCC7B0108E7
:1098A0000198000870B5F7F7D5F805460B4B196815
:1098B00091B14B68EA1A002A0EDB0868074A10606B
:1098C0008C68CE68064A13600720FEF745FA002C24
:1098D000ECD03046A047E9E770BD00BF88C3002048
:1098E00084C3002010B50D4B1B6883B1F7F7B2F8A5
:1098F0000A4B1B685C68241A0CD4002C0BDA084B4A
:109900004FF4DC720749084802F0E0F803E04FF03A
:10991000FF3400E00024204610BD00BF88C30020B3
:10992000746F010824700108485D010810B50446F1
:1099300000EB4002094B53F8320038B1FFF75AFCF4
:1099400004EB4403DB00054A0021D15004EB44043E
:10995000024B03EBC40300221A7510BD90C3002014
:109960002DE9F04F85B0064617464FF00009CDF8B7
:109970000C90CB464FF00A0A4B465546D046CDF8E0
:1099800008A0019129E0002F00F0AD805A4A02EBB7
:10999000CE029268BA423AD11D467EE004EB440200
:1099A000554850F832204AB104EB440400EBC4029D
:1099B000528A5A450FD393469A460CE004EB44046E
:1099C0004D4A02EBC402528A03998A4203D303929E
:1099D000029300E01D4601331BB2092B26DC1C4616
:1099E00003EB4300444A02EBC002107D0A2D08BF7E
:1099F0000028EFD00028EED04EB103EB430E3E4AD4
:109A000002EBCE0CDCF8042031689142BBD0012877
:109A1000C4D00128DFD904EB4404374A02EBC40266
:109A2000528A4A45D7D391469846D4E7019911F016
:109A3000020F5AD10A2D34D0092D16DDB8F1090FC5
:109A400035DC08EB48032C4A52F83330002B36D073
:109A50002A4B40F26D122A492A4802F037F845464F
:109A60002846FFF763FF092D2DDC2C4605EB450248
:109A7000214B03EBC2031B7D6BBB36B1316804EB9A
:109A800044021D4B03EBC20359601B4B04EB440221
:109A900003EBC202002151829760284605B0BDE861
:109AA000F08F11F0010FC7D14FF0FF35F5E7029BA2
:109AB000092B06DDBAF1090F1ADC5546D0E74546F9
:109AC000CEE7029DCCE70D4B40F283120E490D48C4
:109AD00001F0FCFFC9E7094B4FF4C2720B4909487A
:109AE00001F0F4FFC9E71D46D7E74FF0FF35D4E793
:109AF0004FF0FF35D1E700BF90C300203870010858
:109B000074700108485D01088C700108A07001089C
:109B1000F0B583B005460C4616461F4690F82C203B
:109B2000062A3DD1002C43D02068002840D0294689
:109B300001F0BAFA00283BD1226802F0F002E02AD4
:109B400036D02A4639462046FFF70AFFB0F1000C0E
:109B500031DB1C4B0CEB4C0003EBC00202211175F6
:109B60009560C1000831194434684C60B4880C8198
:109B70000021518253F830700FB3C3000C46114AD4
:109B8000D1504FF400630093334605F12602394665
:109B90002846FCF70FFD3846FFF72CFB20460CE06B
:109BA000094B40F2A9120949094801F08FFFB9E7B2
:109BB0006FF00F0001E04FFA8CF003B0F0BD002011
:109BC000FBE700BF90C3002038700108CC7001088B
:109BD000485D01082DE9F04782B00F4690461D46CA
:109BE000DDF82CA08146002842D04FF420721C21C1
:109BF0000E20FFF767FB0646002851D043891B2B38
:109C00003ED97468BDF83400FEF71EFCE08099F878
:109C10002C30062B3CD12B68A360AB88A381DAF8EB
:109C20000030C4F81230BAF80430E3820A9B1B6893
:109C3000C4F80E300C9B1B68A3610025257001231E
:109C400063700823A370E5700623237104236371F6
:109C500040F60603009343463A4631464846FCF731
:109C6000A9FC3046FFF7C6FA284602B0BDE8F087E7
:109C70000D4B40F257420D490D4801F027FFB4E764
:109C8000094B40F262420B49094801F01FFFB8E757
:109C9000054B40F269420849054801F017FFBAE751
:109CA0004FF0FF30E1E700BF38700108385D010870
:109CB000485D0108F07001082471010830B585B0D5
:109CC00000F12603041D012503950291034901912A
:109CD00000941946FFF77EFF05B030BDD87A010821
:109CE00038B50546002400E00134092C11DC04EBF2
:109CF0004402084B03EBC2031B7D002BF4D0054B41
:109D000003EBC2039B68AB42EED12046FFF70EFE89
:109D1000EAE738BD90C300202DE9F04186B0A9B133
:109D200004460E4645682B88B3F5807F08D12B7911
:109D3000062B05D16B79042B02D16B88082B0DD033
:109D40002046FFF757FA06B0BDE8F0811D4B40F200
:109D50008A221D491D4801F0B9FEF4E7D5F80E30FE
:109D60000593AA694F687FB905F1080802234246A6
:109D700005A93046FFF7CCFEEB88B3F5807F0ED007
:109D80002046FFF737FADEE7974214BF0027012786
:109D900005F108080FB10123E9E70223E7E7002FE7
:109DA000EED006F12601331D0222039205AA02928B
:109DB000CDF8048000930B4642463046FFF70AFF79
:109DC000DEE700BF38700108385D0108485D010812
:109DD00008B5024AFFF772FF08BD00BFE07A01082C
:109DE00010B5002405E0042B1BD92046FFF79EFD8B
:109DF0000134092C35DC04EB4403DA00194B13441D
:109E00001A7D002AF4D004EB4401CB001549194413
:109E10004B8A01339BB24B82B3F5967FE5D2012A80
:109E2000E1D0032A0DD0042A13D0012AE0D104EB9B
:109E30004402D3000B4A1344191D9868FFF7C8FF6A
:109E4000D6E704EB4403DA00064B134404221A75E8
:109E5000CEE704EB4403DA00024B134402221A75E6
:109E6000C6E710BD90C3002070B582B005460E460F
:109E7000144602EB42022E4B03EBC2031B7D012B67
:109E800019D904EB44022A4B03EBC2031B7D022BBE
:109E900019D004EB4403DB000833254A13444FF484
:109EA00000620092043305F1260231462846FCF791
:109EB00081FB02B070BD1F4B40F2EE221E491F48CD
:109EC00001F004FEDDE71A4B03EBC2035B8AB3F536
:109ED0008E7F1BD8B3F5877FDBD304EB4401144B93
:109EE00003EBC10104EB4402D20008321A440432ED
:109EF00004312846FFF7E2FE0028CAD104EB4402F1
:109F00000B4B03EBC20303221A75C2E7084901EBAE
:109F1000C20104312846FFF75BFF0028B9D104EBEA
:109F20004402034B03EBC20303221A75B1E700BFDF
:109F300090C300203870010888710108485D01084D
:109F40002DE9F04383B005468846164600F1260702
:109F50000146D8F8000001F0A7F8002840F0A180E1
:109F6000D8F8003003F0F002E02A00F09D80002BCA
:109F700000F09D802A4601214046FFF7F1FC041EB7
:109F80002DDBA3B27E2B2CD8E4B204EB44024B4B66
:109F900003EBC2031B7D63BB484B03EBC2034FF0D3
:109FA000010983F814909D6004EB4402434B03EBDA
:109FB000C2031B7D03B3002E14BF4B4649F00103BF
:109FC00013BB4FF0FF3004EB44023C4B03EBC203E6
:109FD0001B7D012B1FD8012B2CD1354632E060B2FE
:109FE00028E0374B40F2C1323649374801F06EFD68
:109FF000CAE74FF00009D7E7314B40F2CD32334981
:10A00000314801F063FDD6E741462846FFF7E0FE00
:10A01000002ED8D10EE02E4B1C70D3000833274AF7
:10A0200013444FF40062009204333A463146284606
:10A03000FCF7C0FA03B0BDE8F0832B7B13F0400FB0
:10A0400029D12D6875B16A892B899A42F5D12B687F
:10A05000002BF2D01A4B40F2F1321E491A4801F09F
:10A0600035FDEAE70023C3B132464FF420710E20DC
:10A07000FFF772FB0646EEB104EB44030F4A52F8B9
:10A08000330008B1FFF7B6F804EB44040B4B43F878
:10A0900034600020CEE70123E5E73046FFF71AFAE7
:10A0A000E9E76FF00F00C5E76FF00F00C2E76FF050
:10A0B0000F00BFE74FF0FF30BCE700BF90C30020A8
:10A0C00038700108B8710108485D0108C8710108BD
:10A0D0008CC30020F071010870B584B00E461446A0
:10A0E000054600283DD0002E43D0002C49D02946FB
:10A0F000206800F0D9FF0346002840F084802268E1
:10A1000002F0F001E02944D06968A868514001429A
:10A1100009D092B24FF6A9618A4204D0EA68002AB7
:10A120007DD005F10C043F4A127802EB42003E4913
:10A1300001EBC001097D012943D93B4901EBC00175
:10A140008968A9423DD1206802EB420C364901EBF7
:10A15000CC014968884234D131462846FFF784FE55
:10A160005BE0324B40F21E323149324801F0AEFC26
:10A17000B9E72E4B40F21F322F492E4801F0A6FCC2
:10A18000B3E72A4B4FF448722C492A4801F09EFC51
:10A19000ADE701238DF8083000238DF809305E23E8
:10A1A0008DF80A30637803F07F038DF80B30A378C5
:10A1B0008DF80C30E3788DF80D3002AB24E00133DC
:10A1C000DBB2092B19D803EB430C174800EBCC008A
:10A1D000027D012AF3D98268AA42F0D12068124A8E
:10A1E00002EBCC0252689042E9D10E4A13701A4633
:10A1F00031462846FFF738FE0FE032462146284612
:10A20000FFF79EFE09E00E4B4FF40062009205F14D
:10A21000260231462846FCF7CDF904B070BD6FF038
:10A220000300FAE78CC3002090C3002038700108B7
:10A23000385D0108485D01080C7201086871010869
:10A24000E07A01082DE9F04186B0064688461746B7
:10A250004FF4207224212220FFF734F800283BD04D
:10A2600005464389232B3AD9D6F804C06C6884F894
:10A2700000806770002323716371A371E3716B68C1
:10A280007268166850689168D7689E60D8601961D6
:10A290005F611669506991699E61D8611962DCF845
:10A2A0000C30059305A800F005F9074688B1002693
:10A2B000A670E67069892046FDF797FD60800297D9
:10A2C000012301930096FF2305AA3146284600F09A
:10A2D00091FA2846FEF78EFF06B0BDE8F081044BE8
:10A2E0004FF4B4720349044801F0F0FBBCE700BF2F
:10A2F0001872010850720108485D01082DE9F0410B
:10A3000084B00546524B9E68347804F00F04A400D4
:10A31000132C16D90F464389032B12D943681B7897
:10A32000082B40F086804A4B586900F0F003E02B80
:10A330001ED0474B196800F0B7FEC8B92B89072B10
:10A3400005D82846FEF756FF04B0BDE8F081284640
:10A35000FDF751FD80B904F10E0841462846FEF78D
:10A36000FEFE00283ED02B89191989B28B4207D9ED
:10A370002846FEF73FFFE7E72846FEF73BFFE3E707
:10A380004FF420720E20FEF79DFF80460028EFD08C
:10A39000428904F108039A4213D3224631464068A9
:10A3A00001F017FC21464046FEF7DEFE60B9294663
:10A3B0004046FFF7EFF888B92846FEF71BFF4546F1
:10A3C00015E0FEF717FFD3E7224BB62222492348B8
:10A3D00001F07CFB4046FEF70DFFC9E74046FEF763
:10A3E00009FFC5E741462846FEF7BEFE28BB6E685A
:10A3F00021462846FEF7B3FED8B96968144B5A695E
:10A40000CA601B690B610023337073884FF6F772C3
:10A41000934219D909337380FF230B7200228A7289
:10A42000CA7202970121019100920D49284600F05D
:10A43000E1F92846FEF7DEFE86E7064BC72209490A
:10A44000064801F043FB93E708337380E4E700BF5D
:10A450004CC30020187201087C720108485D010895
:10A4600060C30020B472010808B50A460321FFF753
:10A47000E9FE08BD08B50A460B21FFF7E3FE08BD5B
:10A4800008B590F82D3013F0010F0DD00146436848
:10A4900063B1074A5069834204D000F005FE08B951
:10A4A000002002E0012000E0002008BD0020FCE7C1
:10A4B0004CC3002084462A4B18682FE00068B8B1CE
:10A4C00090F82D3013F0010FF8D013F0040FF5D0F1
:10A4D0004268002AF2D0DCF800104A408468224228
:10A4E00018D013F0020FE9D1C3689942E6D111E008
:10A4F0001C4B1B6873B193F82D2012F0010F09D08B
:10A5000012F0040F06D05A6822B19CF800207F2A6E
:10A5100000D018465DF8044B7047006860B190F8B1
:10A520002D3013F0010FF8D013F0040FF5D042686E
:10A53000002AF2D010B4CEE70A4B1B687BB193F827
:10A540002D2012F0010F0AD012F0040F07D05A6824
:10A550002AB19CF800207F2A01D018467047704726
:10A5600080C300207CC300202DE9F04104464768E9
:10A570003B781A09042A04D0FEF73CFE0020BDE80F
:10A58000F0810E4603F00F039D007888FDF75CFF15
:10A590008046238983421BD86389AB421DD323891C
:10A5A00043451AD3132D18D93B69504A5361F968B2
:10A5B000116103F0F003E02B13D196F82D3013F066
:10A5C000010F28D07368002B62D14FF0000824E0FF
:10A5D00001462046FEF720FFDEE72046FEF70AFE92
:10A5E000CCE73046FFF74CFF002853D13F4B1B7D93
:10A5F0007F2B51D03E4BD3F8008001E0D8F800808B
:10A60000B8F1000F09D0B045F8D04046FFF738FF49
:10A610000028F3D001E04FF000083146334B1869B1
:10A6200000F042FD00283AD1304B1B6903F0F003E3
:10A63000E02B34D0B8F1000F35D0FB8833F0C003E5
:10A6400006D0204600F028FB0446002896D0476834
:10A65000264AC2F80080566097603B7803F00F03EB
:10A660009B00938129462046FEF77EFD7B7A012BD5
:10A670001DD0112B20D131462046FDF779FF1B4B11
:10A6800000221A605A609A609A811A615A6175E7CD
:10A69000B046C2E7B046C0E74FF00008BDE720462D
:10A6A000FEF7A8FD6AE72046FEF7A4FD66E73146FF
:10A6B0002046FFF723FEE2E741460C4B586900F0C5
:10A6C000F3FC28B9094B5B6903F0F003E02B03D1DD
:10A6D0002046FEF78FFDD2E729462046FEF784FD8F
:10A6E00002212046FFF7C0FEF2E700BF4CC3002066
:10A6F00080C300202DE9F04383B004460F46164680
:10A700009946DDF83080827B012A3FD1002E51D05E
:10A7100014212046FEF723FD002859D1656863897E
:10A72000132B3BD985F808909DF82C306B72336859
:10A730002B6145232B709DF828306B702089FDF725
:10A7400083FE68800023AB71EB71DFF8A490B9F849
:10A750000000FDF779FEA880B9F800300133A9F8B0
:10A7600000301FB33B68EB600023AB72EB72B8F8AC
:10A77000243013B12289934224D3D8F814303246BE
:10A7800021464046984703B0BDE8F083134B4FF491
:10A7900055721349134801F099F9B7E70F4B4FF47D
:10A7A000627211490F4801F091F9BBE70F4B1B682A
:10A7B000EB60D9E76389132B0DD963681B6901939B
:10A7C00001AED4E732464146204600F06DFBDAE7A1
:10A7D0006FF00100D7E76FF00100D4E7E8720108DD
:10A7E00020730108485D01082C730108DC7B010817
:10A7F00080C4002010B584B0089C94461AB109B1F9
:10A800000A6802B9211D02949DF81C2001929DF84E
:10A81000182000926246FFF76DFF04B010BD0000E3
:10A8200038B504460C4B1B68834208D00D4651B125
:10A8300023682B6021460120FDF78EFA38BD02689F
:10A84000054B1A60F6E7054B40F2451204490548EE
:10A8500001F03CF9ECE700BF84C400205C73010800
:10A8600098730108485D01082DE9F8438046894640
:10A87000814215D0B9F1000F09D0D9F80030434515
:10A8800005D0314BAD223149314801F01FF9D8F8DC
:10A89000044063689A8852B10026D8F804502BE02F
:10A8A000294BAB222B492A4801F010F9E2E71B683B
:10A8B000C8F804306368D8F80820D8F80C50D8F8E5
:10A8C0001000D8F814101A605D609860D960D8F84C
:10A8D00018201A6101212046FFF7CCFD2046FEF723
:10A8E000EFFD06462046FEF785FCD6E73444A6B2C7
:10A8F0002846FEF77FFC3D4685B16B681F682846F9
:10A90000FEF7DEFD04463318B3F5803FEEDB0E4B59
:10A91000CC2211490E4801F0D9F8E7E749464046F4
:10A92000FFF77EFF0D4B1B88B34206D30B4A1388FB
:10A930009B1B13803046BDE8F883034BD2220849A5
:10A94000034801F0C3F8F1E75C730108C073010824
:10A95000485D0108B4730108D473010882C4002063
:10A96000F4730108F8B505460F4600262EE09A69F3
:10A97000D5F810E0724511D1B3F80CE0AA889645DD
:10A980000CD101E0614618461A6892B19C46134604
:10A990008BB15A69D5F80CE07245E8D00134002833
:10A9A000F0D093F81FE0C27F9645EDD86146184677
:10A9B000EAE76346EAE710B1FFF756FF0644012CC9
:10A9C000D4BF00240124BE4207DA34B1044B1B6813
:10A9D00000242146A4462046DAE73046F8BD00BFF1
:10A9E00084C4002010B5044620B121460220FDF7A2
:10A9F000B3F910BD034B4FF431720349034801F022
:10AA000065F8F2E75C730108686C0108485D0108AD
:10AA100010B5044638B1606908B1FEF7EBFB20467B
:10AA2000FFF7E0FF10BD044B40F2CE22034904487B
:10AA300001F04CF8EFE700BF5C73010818740108DF
:10AA4000485D01082DE9F84380460E4615464C68DE
:10AA50006088FDF7F9FC237803F00F03B0EB830F58
:10AA600003D24FF0FF30BDE8F8839A00801A1FFA36
:10AA700080F9E088FDF7E8FCC0F30C0C4FEACC0C41
:10AA8000776800233B707B70BB70FB70A7F804C035
:10AA900009EB0C001FFA80FEF880E645C0F09280BA
:10AAA000D8F804104FF001091C4621E03960BCB110
:10AAB000E288624500F289809B889E4500F288808A
:10AAC0002660BB889A4201D04FF0000919B3002DCF
:10AAD00043D198F81E3013F0010F3ED12846C2E74B
:10AAE0009B889E4577D8C8F80460EFE719681C4634
:10AAF0000029EBD04B689A886245D7D862456DD063
:10AB0000D98861456DD8002CF0D0E1888A42EDD01B
:10AB10004FF00009EAE79CB1E288BB889A4207D867
:10AB20002660E288BB889A42D1D04FF00009CEE778
:10AB30002D4B4FF4DB722D492D4800F0C7FFEFE796
:10AB4000D8F8043033B1284B4FF4DF722949284834
:10AB500000F0BCFFC8F80460B9E7B9F1000F2ED0CF
:10AB6000D8F8043033B35868838833BB3A6852B19D
:10AB70005368F9889A88914202D11A681F46F6E70D
:10AB80001F464FF00009B9F1000F18D0B84209D0A4
:10AB90003B68A3B1144B4FF4F1721749144800F00D
:10ABA00095FF0CE0104B4FF4F0721449104800F080
:10ABB0008DFFEDE74FF0000901E04FF00009C9F308
:10ABC000000050E74FF0FF304DE74FF0FF304AE70D
:10ABD0004FF0FF3047E74FF0FF3044E74FF0FF30D2
:10ABE00041E74FF0FF303EE75C7301082474010831
:10ABF000485D0108447401088C7401087C740108E4
:10AC000008B50220FDF772F808BD000070B50546D2
:10AC10000E460120FDF76AF80446B0B1202200215B
:10AC2000204600F08EFF0F23E3770F4B1A68226057
:10AC30001C602B686868A968EA68A360E06021610D
:10AC400062612B69A361204670BD31462846FFF73B
:10AC500089FEB04202DA002CE0D1F4E70120FDF7D2
:10AC600045F80446F7E700BF84C4002038B5094B17
:10AC70001868002404E005682146FFF7F5FD284622
:10AC800038B1C37F002BF6D0013BC3770446006880
:10AC9000F6E738BD84C400202DE9F8430646456830
:10ACA0002B7803F00F03052B40F0D180E888FDF7E7
:10ACB000CBFBC0F30C084FEAC8086888FDF7C4FB5B
:10ACC0002B7803F00F039A00B0EB830FC0F0BF8026
:10ACD000801A87B23046FEF7F3FB81466B4B1B8828
:10ACE00003440A2B02DC6A4B1C680DE0014628462F
:10ACF000FFF738FE002800F0AA80644B1B884B4405
:10AD00000A2BF0DDA3E024685CB16269EB689A422B
:10AD1000F9D1A2692B699A42F5D1A289AB889A42EE
:10AD2000F1D174B3E888FDF78FFBC0F30C0080B35A
:10AD3000ED8805F02005002D0CBF0122002208D16E
:10AD400008EB07039BB24FF6EB718B4298BF984517
:10AD50007AD831462046FFF775FEB0F1FF3F73D039
:10AD60004A4B1A889144A3F8009035B9B844A4F826
:10AD70001C80A37F43F00103A37701281BD000268A
:10AD800069E049462846FFF741FF04460028CFD135
:10AD90005DE0E089FDF758FBC0F30C000028C7D048
:10ADA0002B686868A968EA68A360E0602161626155
:10ADB0002B69A361BCE7A08B143063685E683568BB
:10ADC000A368E7682169626933607760B160F26007
:10ADD000A369336180B2FDF737FB70800023B37144
:10ADE000F371B372F372666809E06F681421284644
:10ADF000FEF7BAF929463046FEF788FB3D68002D7C
:10AE0000F3D1234B1968A14205D029B10B68A342A5
:10AE100002D01946F9E729462046FFF701FD3046E2
:10AE2000FEF74EFB0446194B1B88834204D3174A96
:10AE300013881B1B13800EE0164B40F29B22164911
:10AE4000164800F043FEF2E744B1636873B1304640
:10AE5000FEF7D0F900263046BDE8F8830D4B4FF4DD
:10AE60002A720F490D4800F031FEEEE7084B1B68CF
:10AE7000A34206D0074B40F2AB220A49074800F034
:10AE800025FE00212046FFF7CBFCE0E782C400202E
:10AE900084C400205C730108B0740108485D010897
:10AEA000CC740108D87401082DE9F04F8BB0054629
:10AEB000069108928B8C143B21D4C3F3CF030593E6
:10AEC000D5F8048098F8003003F00F03052B40F00C
:10AED000D8806B89132B14D9B8F80600FDF7B4FAA3
:10AEE000C0F30C03049300F4005309932B89143B23
:10AEF0001FFA83FB14270024CDF808B092E0073333
:10AF0000DBE7634B4FF43F726249634800F0DEFDBC
:10AF10006FF0050042E05E4B4FF449725F495E48B6
:10AF200000F0D4FD94E05A4B40F22D325C495A486F
:10AF300000F0CCFD26E0FFF763FE834648B36B6864
:10AF400001943B4400930346412221460020FEF732
:10AF5000E7F8804628B32846FEF7BCFACBF8145031
:10AF6000504BCBF8103041464846FEF7CFFA361B1F
:10AF7000B6B2FEB12D680027E6B16B89DC1BA4B226
:10AF8000BB42D0D3B44228BF3446002CD3D12D6865
:10AF9000F1E74846FEF72EF94FF0FF300BB0BDE861
:10AFA000F08F5846FFF71EFD4846FEF723F94FF095
:10AFB000FF30F3E7DDF81C802744BFB2069B9A8C74
:10AFC000133A049BC3F30C00099B003B18BF0123F9
:10AFD00002998A42D8BF43F001030BB140F40050FC
:10AFE000FDF732FAAAF80600039E06F1140080B2BB
:10AFF000FDF72AFAAAF8020000238AF80A308AF834
:10B000000B3006984369089A494698474846FEF728
:10B01000F1F8029B9B1B9BB20293049B059A13447D
:10B020009BB20493029B53B3059BDB009BB2029A35
:10B03000934228BF134603934FF4207214210E202D
:10B04000FEF740F98146F8B14389132B7FF663AFD1
:10B05000D9F80430D8F80020D8F80460D8F80800EF
:10B06000D8F80C101A605E609860D960D8F810208B
:10B070001A61D9F804A0039ECDF81C807CE700205B
:10B080008CE76FF0050089E74FF0FF3086E700BFDF
:10B090005C730108F8740108485D01081475010823
:10B0A0003475010811AA00080346421E12F1030F6D
:10B0B00012D891F82D0010F0020014D04A689A427C
:10B0C0000CD089685A400A420AD1CA4323EA0103D4
:10B0D0009A4207D000207047012070470020704737
:10B0E000002070470120704730B585B00D460378C9
:10B0F000EC4635E0421C4378582B18BF782B03D11F
:10B1000083780230102133E01046082130E0102906
:10B110001BD112F0440F18D024010A3302F00302AD
:10B12000022A10D041229B1A1C4310F8013F424AC8
:10B13000D25C12F0040FEAD004FB0133A3F1300417
:10B1400010F8013FF3E76122EDE72E2B12D103AB9C
:10B150009C4558D2624642F8044B437894460130ED
:10B16000354AD25C12F0040F4BD0302BC2D00A21EA
:10B170000024DCE713B112F0080F47D06B46ACEBAC
:10B18000030080100130042834D8DFE800F03D0BC4
:10B1900003132100B4F1807F3AD2009BFF2B39D8F2
:10B1A00044EA0364002D45D02046FDF752F928609B
:10B1B000012029E0B4F5803F2ED2009AFF2A2DD835
:10B1C000019BFF2B2CD81B0443EA02631C43E9E7D5
:10B1D000FF2C27D80099FF2926D8019BFF2B25D8C3
:10B1E000029AFF2A24D81B0443EA016343EA02239C
:10B1F0001C43D7E7114BF9221149124800F066FCB5
:10B20000D0E7002000E0002005B030BD0020FBE7C3
:10B210000020F9E70020F7E70020F5E70020F3E73A
:10B220000020F1E70020EFE70020EDE70020EBE74A
:10B230000020E9E70120E7E7C87C01084475010820
:10B2400080750108485D010800B583B001A9FFF7CA
:10B250004BFF20B94FF0FF3003B05DF804FB0198BD
:10B26000FAE710B50446084600220421FAF76AFD01
:10B27000206008B1002010BD4FF0FF30FBE710B593
:10B2800004460068FAF729FE2068FAF733FE10BD7D
:10B2900000B583B0019100231A4601A90068FAF7AE
:10B2A0009DFD10B903B05DF804FB4FF0FF30F9E7E6
:10B2B000F8B506460F461546FAF75AFB04466DB137
:10B2C0002B46002239463068FAF7C8FD10B14FF01E
:10B2D000FF30F8BDFAF74CFB001BFAE74FF0FF33E5
:10B2E000002239463068FAF7B9FDFAF741FB001B36
:10B2F000EFE708B500231A460068FAF7AFFD00B97A
:10B3000008BD4FF0FF30FBE703680BB10120704729
:10B310000020704700230360704738B504460D468F
:10B3200000224FF6FF70FAF73BFC206038B10DB1F8
:10B33000002038BD0021FAF78FFC0020F9E74FF01C
:10B34000FF30F6E708B50068FAF7BAFC08BD08B5A3
:10B350000068FAF7E4FC08BD03680BB101207047F0
:10B3600000207047002303607047000008B50020EC
:10B37000FAF770FB014B186008BD00BF88C40020BD
:10B3800010B504460020FAF765FB206008B10020E4
:10B3900010BD4FF0FF30FBE708B54FF0FF310068FC
:10B3A000FAF7A8FB08BD08B50068FAF7D2FB08BD9C
:10B3B0002DE9F0418AB007460C4615461E460DF1B0
:10B3C000040824220021404600F0BBFB01970696AA
:10B3D000109B0793424629462046FAF7D3FA0AB053
:10B3E000BDE8F08108B54FF0FF31034B1868FAF75C
:10B3F00081FB012008BD00BF88C4002008B5024BB6
:10B400001868FAF7A6FB08BD88C4002010B50346EB
:10B410000C4A0D490D48006840B10C4800680344CF
:10B42000521A934206D8094A136010BD0748084CC7
:10B430000460F2E700F0A0FB0C2303604FF0FF3044
:10B44000F3E700BF000002200004000090C40020C9
:10B45000F01001200120704708B500F08DFB162385
:10B4600003604FF0FF3008BD08B54FF0FF31FFF724
:10B47000F3FFFEE770B50C461646002506E0AFF375
:10B480000080214601F8010B01350C46B542F6DB80
:10B49000304670BD70B50C461646002504E014F821
:10B4A000010BF5F77DFF0135B542F8DB304670BD85
:10B4B0004FF0FF3070474FF400534B60002070474F
:10B4C000012070470020704730B585B000240094FB
:10B4D00001940294039402258DF8015042F2B820A1
:10B4E000FCF7B2FFADF802001048FFF7ADFE019087
:10B4F000224629462846FBF78BFD0D4B1860A042DB
:10B5000011DB10226946FBF725FCA04202DB01207B
:10B5100005B030BD064C2068FBF7E4FB4FF0FF336D
:10B5200023600020F4E70020F2E700BF8C750108DB
:10B530003000002008B5064B1868002801DA012009
:10B5400008BDFBF7CFFB024B4FF0FF321A60F6E766
:10B550003000002010B51C4608480068002805DBB4
:10B560000023FBF715FD002804DB10BD0123237029
:10B570000020FAE7012323700020F6E730000020C6
:10B5800030B587B01546194A1068002824DB0C46F0
:10B59000174981FB0321DA17C2EBA112D1170292DE
:10B5A00003914FF47A7101FB123301FB03F304930F
:10B5B0001023009302AB41F2060240F6FF71FBF745
:10B5C0006BFD00232A46214608480068FBF750FC23
:10B5D000002806DB07B030BD01230A9A1370002053
:10B5E000F8E701230A9A13700020F3E730000020E7
:10B5F000D34D621010B50446FAF70CFD38B1044A79
:10B60000136823441360034A13682344136010BD76
:10B610009CC4002098C4002018B108B5FAF77CFD3E
:10B6200008BD704770B50C46B8B1064621B3084650
:10B63000FAF7F0FC054670B12246314600F0C9FA2F
:10B640003046FAF769FD0E4A1368234413600D4A29
:10B65000136823441360284670BD0846FAF7DAFCE5
:10B6600005460028F7D0064A136823441360054AAC
:10B67000136823441360EEE7FAF74EFD0025EAE76E
:10B680009CC4002098C4002038B501FB00F420467B
:10B69000FAF7C0FC054658B12246002100F051FAE5
:10B6A000044A136823441360034A13682344136055
:10B6B000284638BD9CC4002098C4002010B5B1B104
:10B6C0000C46F9F78BFB03460C49A1FB03029209D8
:10B6D0000020226060604FF47A7C0CFB1233084A31
:10B6E00002FB03F3A1FB03139B09A36010BD00F051
:10B6F00043FA0E2303604FF0FF30F7E7D34D62109B
:10B7000000CA9A3BDFF838D0F8F7CAFAF8F744FADB
:10B710000C480D490D4A002302E0D458C4500433AC
:10B72000C4188C42F9D30A4A0A4C002301E0136082
:10B730000432A242FBD300F025FAF5F797FB7047DD
:10B740000000022000000020744B00202C81010822
:10B75000744B0020F0100120FEE70A22002100F0C7
:10B760008DB9000038B5104B1D682A6B0446B2B97C
:10B77000182000F099FB0246286320B90B4B0C48B7
:10B78000462100F035FA0B490B4BC0E900130B4B77
:10B7900083600B23838100210120C2E9040100237F
:10B7A0001461536138BD00BF40000020E07B0108F8
:10B7B000F77B01080E33CDAB34126DE6ECDE0500ED
:10B7C000164B10B51C68226BB2B9182000F06CFB48
:10B7D0000246206320B9124B1248522100F008FAA9
:10B7E0001149124BC0E90013114B83600B23838175
:10B7F00000210120C2E9040113690E4854690E4971
:10B80000584301FB0400A3FB0131013340EB01006D
:10B81000C2E9043020F0004010BD00BF400000200D
:10B82000E07B0108F77B01080E33CDAB34126DE6E7
:10B83000ECDE05002DF451582D7F954C002310B5FA
:10B840000446C0E90033C0E9043383608181436664
:10B85000C2818361194608225C3000F072F90D4BF9
:10B8600063620D4BA3620D4BE3620D4B23630D4BE3
:10B8700024629C4206D003F16802944202D0D03385
:10B880009C4205D104F15800BDE8104000F09EB97B
:10B8900010BD00BFA1C40008C3C40008FBC4000859
:10B8A00021C50008A0C40020024A0349034800F053
:10B8B000EFB800BF3400002039C400084400002065
:10B8C00041680C4B994210B5044601D000F0B4FD1C
:10B8D000A168094B994202D0204600F0ADFDE16815
:10B8E000064B994204D02046BDE8104000F0A4BDAC
:10B8F00010BD00BFA0C4002008C5002070C50020F6
:10B900000C4B0D4A0D4810B504211A600022FFF7B8
:10B9100095FF0A4B01221C46092103F16800FFF73D
:10B920008DFF04F1D0000222BDE810401221FFF784
:10B9300085BF00BFD8C50020A9B80008A0C400205A
:10B94000014800F044B900BFDEC50020014800F006
:10B950003FB900BFDEC5002010B50446FFF7F0FF79
:10B96000236A1BB1BDE81040FFF7F0BF044B236210
:10B97000044B1B68002BF5D1FFF7C2FFF2E700BFB5
:10B98000C1B80008D8C50020242B2DE9F047864611
:10B99000904601D8012B06D100F0EEF81623036083
:10B9A0000020BDE8F08734480D462A4615F8014BC3
:10B9B000065D16F00806F8D12D2C10D12C78012642
:10B9C000951C33F0100215D1302C0DD12A7802F0DD
:10B9D000DF02582A08D16C78023510230AE02B2C9C
:10B9E00004BF2C78951CECE7002BF6D1302C14BF4B
:10B9F0000A23082306F1004C0CF1FF3C0022BCFB9B
:10BA0000F3F9104603FB19CAA4F13007092F0FD828
:10BA10003C46A3421BDD571C07D0814514D301D1FE
:10BA2000A24511DB00FB0340012215F8014BEBE7B7
:10BA3000A4F14107192F01D8373CEAE7A4F16107C7
:10BA4000192F04D8573CE4E74FF0FF32EDE7531CC1
:10BA500008D12223CEF800306046B8F1000FA0D004
:10BA6000691E06E006B14042B8F1000F99D0002AE5
:10BA7000F6D1C8F8001094E7C87C010813460A46BE
:10BA8000014602480068FFF77FBF00BF400000206A
:10BA90002DE9F8430746884614460026D4E9019567
:10BAA000B9F1010905D52468002CF7D13046BDE86D
:10BAB000F883AB89012B07D9B5F90E30013303D0D8
:10BAC00029463846C04706436835E9E70FB407B54D
:10BAD000064904AB086853F8042B8168019300F011
:10BAE000CFF803B05DF804EB04B0704740000020CD
:10BAF00010B501390244904201D1002005E00378DD
:10BB000011F8014FA34201D0181B10BD0130F2E71C
:10BB1000884210B501EB020402D98442234607D8BB
:10BB2000431EA14207D011F8012B03F8012FF8E7BB
:10BB30000244824200D110BD13F8011D02F8011D1C
:10BB4000F7E702440346934200D1704703F8011B14
:10BB5000F9E710B56AB10139841810F8012B11F812
:10BB6000013F9A4203D1A04201D0002AF5D1D01A58
:10BB700010BD1046FCE70000014B1868704700BF7D
:10BB80004000002070B50D4B0D4D5B1B9C10002636
:10BB9000A64209D10AF0A4F80A4D0B4B5B1B9C107E
:10BBA0000026A64205D170BD55F8043B98470136E2
:10BBB000EEE755F8043B98470136F2E7208101088B
:10BBC0002081010820810108288101087047704701
:10BBD00070470A44914200F1FF3300D1704710B51D
:10BBE00011F8014B03F8014F9142F9D110BD00004B
:10BBF0001FB514461A46094B1B680546D8684CB158
:10BC0000074B0091CDE9013406492B4600F08CFC2E
:10BC100000F004FE044B1C46F3E700BF4000002088
:10BC2000587C0108657C0108937C01089368013BFE
:10BC3000002B10B4936008DA9469A34201DB0A294F
:10BC400003D15DF8044B00F081BC1368581C1060F0
:10BC5000197008465DF8044B7047F8B506460F4664
:10BC60001446D518AC4201D1002007E014F8011B9E
:10BC70003A463046FFF7DAFF431CF3D1F8BD000027
:10BC80002DE9F0470D469CB014461F46064618B1F4
:10BC9000036A0BB9FFF760FE6B6ED90705D4AB8959
:10BCA0009A0502D4A86DFFF792FFAB891B0701D557
:10BCB0002B699BB92946304600F086FC70B16B6E4B
:10BCC000DC0704D54FF0FF301CB0BDE8F087AB892E
:10BCD0009805F7D4A86DFFF77BFFF3E700230993DE
:10BCE00020238DF82930039730236A4F8DF82A30AE
:10BCF0004FF001082346994613F8012B0AB1252A73
:10BD0000F9D1B9EB040A0BD05346224629463046F6
:10BD1000FFF7A3FF013000F0A480099A5244099272
:10BD200099F80030002B00F09C8000234FF0FF3288
:10BD3000CDE9052309F10109049307938DF85330E8
:10BD40001A934C46534814F8011B0522F4F7B0FA35
:10BD5000049BD0B9D90644BF20228DF853201A077E
:10BD600044BF2B228DF8532099F800202A2A13D0A3
:10BD7000079A4C4600204FF00A0C214611F8013B6F
:10BD8000303B092B49D968B913E0C01B08FA00F011
:10BD900018430490A146D4E7039A111D1268039139
:10BDA000002A01DB079204E0524243F002030792AB
:10BDB000049323782E2B0AD163782A2B32D1039B4C
:10BDC0001A1D1B68039243EAE37302340593DFF8FC
:10BDD000D490217803224846F4F76AFA38B1049BDC
:10BDE000A0EB09004022824013430134049314F86D
:10BDF000011B29488DF828100622F4F759FA00286B
:10BE00003ED0264818BB039B073323F007030833B3
:10BE10000393099B034409936CE70CFB02320C4625
:10BE20000120AAE700230134059319464FF00A0CBC
:10BE3000204610F8012B303A092A03D9002BC6D02E
:10BE40000591C4E70CFB012104460123F0E703AB95
:10BE500000932A46124B04A93046AFF30080431CDE
:10BE6000D7D16B6ED90705D4AB899A0502D4A86DDA
:10BE7000FFF7AEFEAB895B063FF524AF099823E7D9
:10BE800003AB00932A46064B04A9304600F02CF978
:10BE9000E5E700BF947C01089E7C010800000000DB
:10BEA0005BBC00089A7C0108024B0146186800F050
:10BEB0002DB800BF40000020024B0146186800F07A
:10BEC000B5BC00BF4000002070B50F4E0C46316875
:10BED000054611B900F05EFC30602146284600F0AE
:10BEE00059FC431C03D14FF0FF34204670BDC41CE5
:10BEF00024F00304A042F8D0211A284600F04AFC9E
:10BF00000130F2D1EFE700BFE0C500202DE9F84392
:10BF1000CD1C25F0030508350C2D38BF0C25002D50
:10BF2000064601DBA94204D90C2333600020BDE89A
:10BF3000F883DFF8D48000F0A7FAD8F800301C4668
:10BF400044BB29463046FFF7BFFF431C044658D187
:10BF5000D8F800402746002F43D1002C4BD023684F
:10BF60003946304604EB030900F014FC814542D108
:10BF700021686D1A29463046FFF7A6FF01303AD0F6
:10BF800023682B442360D8F800305A6862BBC8F895
:10BF900000700FE02268521B20D40B2A17D96119B8
:10BFA000A342256018BF5960636808BFC8F8001035
:10BFB00062514B60304600F06DFA04F10B00231D16
:10BFC00020F00700C21A1CBF1B1AA350AFE762681B
:10BFD000A3420CBFC8F800205A60EBE72346646810
:10BFE000AEE73C467F68B6E71A465B68A342FBD1E2
:10BFF00000235360DEE70C233360304600F04AFA3A
:10C0000094E70560D6E700BFE4C500202DE9F047BE
:10C01000164698468A680B69DDF820909342B8BFAF
:10C020001346336091F8432007460C460AB10133AA
:10C0300033602368990642BF336802333360256852
:10C0400015F0060506D104F1190AE36832689B1A57
:10C05000AB4226DC94F843302268003B18BF012332
:10C0600092062BD404F1430241463846C8470130BA
:10C070001ED02368226903F00603042B02BFE56883
:10C080003368ED1AA3680CBF25EAE57500259342D5
:10C09000C4BF9B1AED1800261A34B5421AD10020ED
:10C0A00008E00123524641463846C847013003D1D3
:10C0B0004FF0FF30BDE8F0870135C6E7E1185A1CA4
:10C0C000302081F84300224494F8451082F8431050
:10C0D0000233C7E70123224641463846C8470130AC
:10C0E000E6D00136D9E700002DE9F0430D7E85B09A
:10C0F000782D90460C9E07460C46994601F1430266
:10C1000007D8622D0AD8002D00F0D780582D00F0F6
:10C11000BC8004F1420684F842503BE0A5F1630381
:10C12000152BF6D801A151F823F000BF85C10008F6
:10C1300099C1000813C1000813C1000813C1000809
:10C1400013C1000899C1000813C1000813C10008F9
:10C1500013C1000813C10008A1C20008C3C1000830
:10C1600053C2000813C1000813C10008C3C200086D
:10C1700013C10008C3C1000813C1000813C100089F
:10C180005BC2000833681A1D1B68326004F1420666
:10C1900084F842300123A1E033682068191D316022
:10C1A000060601D51D6803E04506FBD5B3F900502E
:10C1B000002D03DA2D236D4284F843305B480A23B7
:10C1C00011E021683368080653F8045B02D449067D
:10C1D00048BFADB23360237E54486F2B5CD1082337
:10C1E000002184F843106668A660002E05DB2168F4
:10C1F0002E4321F00401216050D01646B5FBF3F127
:10C2000003FB115C10F80CC006F801CDAC46634589
:10C210000D46F3D9082B0BD12368DB0708D523691A
:10C2200061689942DEBF302306F8013C06F1FF3613
:10C23000921B2261CDF80090434603AA214638465E
:10C24000FFF7E4FE01304ED14FF0FF3005B0BDE8FE
:10C25000F083236843F0200323603548782584F871
:10C2600045502368316813F0800F51F8045B03D107
:10C2700013F0400F18BFADB23160D90744BF43F08F
:10C28000200323601DB11023AAE72848E7E72368AD
:10C2900023F020032360F6E70A23A1E71646B9E757
:10C2A000336825686169181D30602E061B6801D54A
:10C2B000196002E06806FBD5198000232361164649
:10C2C000B8E733681A1D32601E6862680021304684
:10C2D000F3F7EEFF08B1801B606063682361002301
:10C2E00084F84330A6E72369324641463846C847BA
:10C2F0000130A9D023689B0713D4E068039B9842C0
:10C30000B8BF1846A2E70123324641463846C8471F
:10C31000013099D00135E36803995B1AAB42F2DC36
:10C32000EBE7002504F11906F5E700BFA57C01083D
:10C33000B67C0108B1F90C202DE9F041160705463D
:10C340000C4651D44B68002B02DC0B6C002B49DDF2
:10C35000E66A002E46D0002312F480522F682B602C
:10C3600031D0626DA389590705D56368D21A636B12
:10C370000BB1236CD21A0023E66A216A2846B04723
:10C38000421CB4F90C3006D129681D2946D8294A27
:10C39000CA40D60742D500226260D90422692260D1
:10C3A00004D5421C01D12B6803B96065616B2F6015
:10C3B000C1B104F14403994202D0284600F036FA94
:10C3C000002363630EE0216A01232846B04702463A
:10C3D000501CC7D12B68002BC4D01D2B01D0162BAD
:10C3E0001AD12F6000201EE00F69002FFAD09307AA
:10C3F0000E6808BF4B690F6018BF0023A6EB070843
:10C400008B60B8F1000FEDDD216AA66A43463A461B
:10C410002846B047002808DCB4F90C3043F040034C
:10C42000A3814FF0FF30BDE8F0810744A8EB00087E
:10C43000E7E700BF0100402038B50B6905460C4610
:10C4400013B90025284638BD18B1036A0BB9FFF7A8
:10C4500083FAB4F90C30002BF3D0626ED00704D409
:10C46000990502D4A06DFFF7B2FB28462146FFF7DD
:10C4700061FF636EDA070546E4D4A3899B05E1D426
:10C48000A06DFFF7A5FBDDE70148FFF7A0BB00BFEC
:10C49000DDC500200148FFF79BBB00BFDDC50020C4
:10C4A00010B50C46B1F90E1000F062F90028ABBFD0
:10C4B000636DA3891B1823F48053ACBF6365A3810C
:10C4C00010BD2DE9F0411F468B89DB0505460C4662
:10C4D000164605D5B1F90E100223002200F036F9F8
:10C4E000A389B4F90E1023F48053A38132463B464E
:10C4F0002846BDE8F04100F05DB910B50C46B1F931
:10C500000E1000F023F9B4F90C30421C0BBF23F4D9
:10C51000805343F48053A381A38118BF606510BD8D
:10C52000B1F90E1000F058B90EB403B5014603ABD3
:10C53000054853F8042B00680193FFF7A1FB02B0F4
:10C540005DF804EB03B0704740000020F8B50E46DC
:10C550001446054618B1036A0BB9FFF7FDF9A36944
:10C56000A360A3891A0701D5236943B92146284648
:10C5700000F02AF818B14FF0FF373846F8BD2368AD
:10C580002269981A6369F6B28342374605DC214670
:10C590002846FFF751FF0028EDD1A368013BA360B7
:10C5A00023685A1C22601E706269431C9A4204D0A0
:10C5B000A389DB07E1D50A2EDFD121462846FFF704
:10C5C0003BFF0028D9D0D6E738B5284B0546186878
:10C5D0000C4618B1036A0BB9FFF7BEF9B4F90C3079
:10C5E0001A0721D4D80607D409222A6043F0400351
:10C5F000A3814FF0FF3030E0590712D5616B41B194
:10C6000004F14403994202D0284600F00FF90023B8
:10C6100063630022B4F90C3062602269226023F067
:10C62000240343F00803A38122693AB99A0501D58E
:10C63000180603D52146284600F03EF8B4F90C3020
:10C6400013F001020AD00022A26062695242A26184
:10C65000226942B913F08000C8D138BD990758BF8C
:10C660006269A260F4E70020F7E700BF4000002005
:10C6700070B50C46B1F90E10002996B015461E464D
:10C680000ADAA18911F0800113D14FF480620020F1
:10C6900031602A6016B070BD6A4600F0ADF800281F
:10C6A000EFDB019901F47041A1F500535942594162
:10C6B000EBE700214022EAE78B8973B59E07054628
:10C6C0000C4607D504F1470323602361012363610E
:10C6D00002B070BD01AB6A46FFF7CAFF009E284654
:10C6E0003146FFF713FCB4F90C3038B99A05EFD492
:10C6F00023F0030343F00203A381E3E743F0800345
:10C70000A381019B2060C4E90406002BE0D0B4F9AA
:10C710000E10284600F00AF80028D9D0A38923F08B
:10C72000030343F00103A381D2E7000038B5064DAF
:10C730000023044608462B60FEF7C2FE431C02D1CC
:10C740002B6803B1236038BD8CC4002038B5074D79
:10C7500004460846114600222A601A46FEF7B2FE39
:10C76000431C02D12B6803B1236038BD8CC4002068
:10C7700038B5074D04460846114600222A601A467D
:10C78000FEF778FE431C02D12B6803B1236038BD4D
:10C790008CC4002038B5064D0023044608462B60A3
:10C7A000FEF734FE431C02D12B6803B1236038BD71
:10C7B0008CC4002038B5074D0446084611460022B7
:10C7C0002A601A46FEF766FE431C02D12B6803B1AD
:10C7D000236038BD8CC4002038B5064D00230446C4
:10C7E00008462B60FEF764FE431C02D12B6803B1A0
:10C7F000236038BD8CC4002038B5074D00230446A3
:10C80000084611462B60FEF756FE431C02D12B68EA
:10C8100003B1236038BD00BF8CC4002008B50620DA
:10C8200000F0A4F80120FEF71FFE000038B5054611
:10C83000002941D051F8043C0C1F002BB8BFE4186C
:10C84000FFF722FE1D4A136833B96360146028465F
:10C85000BDE83840FFF71EBEA34208D92068211862
:10C860008B4201BF19685B6809182160EDE71A4621
:10C870005B680BB1A342FAD911685018A0420BD1E2
:10C8800020680144501883421160E0D118685B6849
:10C89000536008441060DAE702D90C232B60D6E716
:10C8A000206821188B4204BF19685B68636004BF6D
:10C8B000091821605460CAE738BD00BFE4C50020F4
:10C8C0002DE9F041074614460D4621B9BDE8F04177
:10C8D0001146FFF71BBB2AB9FFF7A8FF25462846DC
:10C8E000BDE8F08100F05EF88442064602D8B4EB61
:10C8F000500FF4D821463846FFF708FB804608B9A8
:10C900004546ECE7B4422246294628BF3246FFF7A7
:10C9100060F929463846FFF789FFF1E71F2938B546
:10C9200005460C4604D9162303604FF0FF3038BD8E
:10C93000C26B12B152F821304BB9284600F030F8E2
:10C94000224601462846BDE8384000F017B8012BC2
:10C950000AD0591C03D1162303600120E7E7002108
:10C9600042F82410204698470020E0E7024B014699
:10C970001868FFF7D3BF00BF4000002038B5074D4F
:10C9800000230446084611462B60FEF765FD431C54
:10C9900002D12B6803B1236038BD00BF8CC40020D6
:10C9A000FEF758BD51F8043C181F002BBCBF0B58B4
:10C9B000C0187047014B1868704700BFC87D010858
:10C9C0002DE9F04788B0109E002E6BD006F1500A7A
:10C9D00005460F4690465046994600F0E5F980F02E
:10C9E0000104E4B2002C5DD1002D5BD02B6823B193
:10C9F0006424204608B0BDE8F087384604F0D4FF30
:10CA0000002854D0B8F1000F4CD0B9FA89F35B0973
:10CA1000B9F1000F46D007AA0793CDE9033306F119
:10CA20005803059293E807008DE807004946384609
:10CA30009AE80C0005F010F800284FD1336DC8209B
:10CA4000316E98472860002850D0384604F0CEFF59
:10CA500006F164034146079A009333462C6800F0C0
:10CA60005DFA2B68C4F8C400D3F8C40070B303F1B6
:10CA7000700100F037FB2B680446D0B996F84820C7
:10CA80003146184683F8B8207022FFF7A2F83A68BA
:10CA9000C0F8C0200798736D316E9847204608B0E3
:10CAA000BDE8F0870B24204608B0BDE8F087C82415
:10CAB0009FE7CBB1D3F8C42042B1384604F096FFCB
:10CAC0002B68D3F8C41000F021FB2B681846726D58
:10CAD000316E0124904700232B60DBE7672807D0E5
:10CAE000692805D00A2801D00124D3E70A24D1E718
:10CAF0006724CFE770B5144D88B00446502213491F
:10CB00002846FFF766F802A800F040F90DF1080C7E
:10CB100005F1500E6E46BCE80F00AEE80F00DCF8E1
:10CB200000303046CEF8003000F07AF905F16403A9
:10CB3000702296E8030083E8030029462046FFF7A9
:10CB400048F8204608B070BDE8C50020D07D010837
:10CB5000F8B1036870B50446B3B11646D3F8C420E3
:10CB600092B1D3F8C0000D4604F04EFB60B12368CB
:10CB7000D3F8C40040B155B13246294600F06EF9F1
:10CB8000003818BF012070BD4FF4967070BD0B20A7
:10CB900070BD4FF4967070472DE9F04186B0BBB37D
:10CBA0000646A8B31C460F46904604F089FC04F1E3
:10CBB0000C05059095E803008DE8030005A894E8AE
:10CBC0000E0004F07FFC0546E0B902AD284604F0F3
:10CBD00011FB334605AA95E8030086E803004146A9
:10CBE000384604F077FB0546B8B9224606F10C0139
:10CBF0000320B46005F020F8054670B905A804F0DC
:10CC0000C7FC08B100F0F4F8284606B0BDE8F08192
:10CC10000B25284606B0BDE8F08100F0E9F805A82C
:10CC200004F0B6FC0028EFD0ECE700BF002B18BFE3
:10CC3000002A2DE9F04316460CBF01220022A1B0C4
:10CC4000002908BF42F0010222BB044610B30DF1D7
:10CC500010081F460D460DF11809404604F052FD1C
:10CC600098E8030084E80300484604F0C5FE404607
:10CC700004F048FDCDF800903B46324698E80300AA
:10CC800084E803002946204604F046FD30B921B06F
:10CC9000BDE8F0830B2021B0BDE8F083039000F0E5
:10CCA000A7F800F0A5F8039821B0BDE8F08300BF15
:10CCB000002B18BF002A2DE9F04116460CBF0122B7
:10CCC0000022A0B0002908BF42F001021ABB0446AE
:10CCD00008B30DF110081F460D46FFF76BFE2060EC
:10CCE0004046FFF707FF50220D494046FEF771FF0F
:10CCF0003B46324629462046CDF80080FFF760FECD
:10CD000010B920B0BDE8F081039000F071F80398ED
:10CD100020B0BDE8F0810B2020B0BDE8F08100BF5D
:10CD2000207E010808F0F6BC08F08EBDFFF7C4B8FD
:10CD3000FFF7BAB810B5054C864684460FCCACE870
:10CD40000F0023687046CCF8003010BD707E0108DB
:10CD5000A0B102689AB1416899B110B4C4685CB1DD
:10CD6000806838B1084B1A600022C3E90110012025
:10CD7000C3E9034210BC70472046FBE770471046EA
:10CD800070470846704700BF9000002010B5054C62
:10CD9000864684460FCCACE80F0023687046CCF87A
:10CDA000003010BD9000002058B1036843B14368C3
:10CDB00033B1C36823B18068003818BF01207047C1
:10CDC00018467047064B1B783BB1064B1A780AB9D8
:10CDD00001221A70044B18787047044B187870477A
:10CDE00058C6002071C6002070C600209466010855
:10CDF00030B40023064A0024002513800548064964
:10CE000003700B70C2E90245044A30BC13707047CE
:10CE100060C6002071C6002070C6002058C60020E1
:10CE2000002202600271704770B4DDE9035662B1FE
:10CE30005BB155B14EB1064C207000206661C4E96B
:10CE40000112C4E9033570BC70470B2070BC7047F9
:10CE500074C60020C96F02F04BBB00BF002853D03E
:10CE600070B50D468EB000294BD00446006800F026
:10CE70005BFC002845D06668002E42D0B469284685
:10CE800023699847F369059013B105A89847059859
:10CE9000D6F880301B69009003F52870726906ABE4
:10CEA000B16F03F02BF9D8B1A36806A928469847BB
:10CEB000336A04460BB106A8984796F87A30012BDE
:10CEC000D6F8803022D01869F16F00F5287002F092
:10CED0000FFB0440E4B284F00100C0B20EB070BD9C
:10CEE000D6F880301869059B029600F528700093EB
:10CEF000094B019306AB7269B16F03F02FF900285B
:10CF0000D2D101200EB070BD01207047186900F524
:10CF1000287001F069FFDEE755CE00082DE9F04FDB
:10CF200087B0002800F0D2800E46002900F0CE80A5
:10CF30000446006815461F4600F0F6FB80F001002D
:10CF4000C0B2002840F0C280002D00F0BF802B78D6
:10CF5000002B00F0BB80002F00F0B8805E48D4F8B2
:10CF6000049005F09BFB002800F0B080846804F179
:10CF70009C0AC4F8884005F0B5FBC4F88400C4F8E6
:10CF80008CA02846F3F78CF9013004F184083C2882
:10CF900000F28F802B46514A3C21504608F01EFC7F
:10CFA0004FF47A7339465022E36704F12800C4F83D
:10CFB0008090FEF70EFE3B7A30464949022BD9F8A5
:10CFC00010300CBFD3F87C33D3F87833A367002339
:10CFD000C4E9073300F0B6FB00286AD04268A261BA
:10CFE000002A66D029463B46484605F009FE6062A5
:10CFF000002862D0D9F810300321062503F58053AC
:10D00000B3F89805421CA3F8982501F0A3FDD4F8C5
:10D010008020D9F810302061D3F88433106900954E
:10D0200000F5287019682269D9F8143001F0ECFC79
:10D030000246D9F81000D0F88C33D0F8841300F0F1
:10D04000F7FAB0B3D9F8103005210DF1100A03F545
:10D050008053B3F89A05421CA3F89A2501F07AFD93
:10D06000D4F88030394660611E695046D9F81030D6
:10D07000D4F824B006F52876D3F8847300F0F4FAD7
:10D0800003959AE8030001903046ADF80810DBF8EC
:10D09000103000933968D4E9043201F0E5FC02460F
:10D0A000D9F81000D0F88C33D0F8841300F0C0FA0F
:10D0B00070B9606A08B100F055FA40464FF00008B8
:10D0C00000F0F8F9404607B0BDE8F08F4FF00008D7
:10D0D000404607B0BDE8F08F6C0F0120CC75010809
:10D0E00098750108034670B1084610B5B1FA81F48D
:10D0F000640931B1596850222831FEF76AFD204693
:10D1000010BD0B2010BD0B20704700BF2DE9F04172
:10D1100028B1044600680D4600F006FB18B901244A
:10D120002046BDE8F0816368002BF8D0B5FA85F49D
:10D130006409002DF3D0286800F0F6FA0028EED03C
:10D140006E68002EEBD0706AD6F8808005F0A8FDDE
:10D15000D6F8803072691869D0F8883300F52870E5
:10D16000196801F09DFBD6F88030074632691869CE
:10D17000D0F8883300F52870196801F091FB3A4621
:10D180000746D8F81000D0F89033D0F8881300F094
:10D190004FFA0646D8F810003A46D0F89033D0F847
:10D1A000881300F045FA26B118B1284600F082F93C
:10D1B000B6E70224F9E700BFE2B12DE9F041057BB3
:10D1C0000646ADB9C82317460C46A846836040F210
:10D1D0000113C0E90055838101352146304605F031
:10D1E0006DFAAF42A46004F1C80404F8BC8CF3D11A
:10D1F000BDE8F081704700BFE2B12DE9F041057B49
:10D200000646ADB9C82317460C46A846836040F2CF
:10D210000113C0E90055838101352146304605F0F0
:10D220004DFAAF42A46004F1C80404F8BC8CF3D1F9
:10D23000BDE8F081704700BFE2B12DE9F041057B08
:10D240000646ADB9D82317460C46A846836040F27F
:10D250000113C0E90055838101352146304605F0B0
:10D260002DFAAF42A46004F1D80404F8CC8CF3D1B9
:10D27000BDE8F081704700BFE2B12DE9F041057BC8
:10D280000646ADB9D82317460C46A846836040F23F
:10D290000113C0E90055838101352146304605F070
:10D2A0000DFAAF42A46004F1D80404F8CC8CF3D199
:10D2B000BDE8F081704700BFE2B12DE9F041057B88
:10D2C0000646ADB9A42317460C46A846836040F233
:10D2D0000113C0E90055838101352146304605F030
:10D2E000EDF9AF42A46004F1A40404F8988CF3D1E2
:10D2F000BDE8F081704700BFEAB12DE9F843057B36
:10D300000646B5B941F2A85840F2011317460C463B
:10D31000A946C0F808808381C0E90055013521463F
:10D32000304605F0CBF9AF42A46084F80C90444439
:10D33000F4D1BDE8F8837047E2B12DE9F041057BF7
:10D340000646ADB91C2317460C46A846836040F23A
:10D350000113C0E90055838101352146304605F0AF
:10D36000ADF9AF42A46004F11C0404F8108CF3D1B1
:10D37000BDE8F081704700BFEAB12DE9F041057BBF
:10D380000646B5B94FF4046317460C46A8468360B9
:10D3900040F20113C0E90055838101352146304632
:10D3A00005F08CF9AF42A46084F80C8004F50464A5
:10D3B000F3D1BDE8F0817047E2B12DE9F041057B82
:10D3C0000646ADB92C2317460C46A846836040F2AA
:10D3D0000113C0E90055838101352146304605F02F
:10D3E0006DF9AF42A46004F12C0404F8208CF3D151
:10D3F000BDE8F081704700BFE2B12DE9F041057B47
:10D400000646ADB91C2317460C46A846836040F279
:10D410000113C0E90055838101352146304605F0EE
:10D420004DF9AF42A46004F11C0404F8108CF3D150
:10D43000BDE8F081704700BFE2B12DE9F041057B06
:10D440000646ADB9202317460C46A846836040F235
:10D450000113C0E90055838101352146304605F0AE
:10D460002DF9AF42A46004F1200404F8148CF3D128
:10D47000BDE8F081704700BF0146014805F01EB9C4
:10D480008C0F012038B50446006828B1074B196895
:10D49000F2F7B0FF40B92060616829B10025044867
:10D4A0000D6105F00BF9656038BD00BF0C7F010808
:10D4B0005C0F012010B50446006828B1064B1968BE
:10D4C000F2F798FF38B92060616821B1034805F090
:10D4D000F5F80023636010BD0C7F01086C0F01207C
:10D4E00010B50446006828B1064B1968F2F782FFB0
:10D4F00038B92060616821B1034805F0DFF80023E6
:10D50000636010BD0C7F0108AC0F012010B504460C
:10D51000006828B1064B1968F2F76CFF38B9206033
:10D52000616821B1034805F0C9F80023636010BDAC
:10D530000C7F01087C0F012010B50446006828B15B
:10D54000064B1968F2F756FF38B92060616821B1BF
:10D55000034805F0B3F80023636010BD0C7F010899
:10D5600090C6002010B504460348214605F0A6F8F1
:10D570000023A36110BD00BFBC0F012082B02B4966
:10D5800030B50D6803AC014684E80C001C46002D44
:10D590004AD02B4600209A685B68D2F81428914242
:10D5A00008BF0130002BF6D19DF80C30022B28D09B
:10D5B00020D8844227D8B4FA84F040091CB3DDB1E6
:10D5C0004FF0FF3C6FF0004401E06D68ADB1AB6817
:10D5D000D3F814289142F8D1D3F8182803F5026340
:10D5E000624553F8043C73EB040EEEDA94461C4695
:10D5F0002846EAE7032BDCD00020BDE8304002B02B
:10D600007047844205D90948BDE8304002B005F0B2
:10D6100045B8B4FA84F04009002CEED10348BDE8C7
:10D62000304002B005F03AB82846BDE79C0F012013
:10D6300010B58C7886B0012CADF80E200CD00124EA
:10D6400019460DF10E020DF11703009400F5287034
:10D6500001F072FF06B010BD00F5287001F0C4FBA8
:10D66000204606B010BD00BF4A7A91F808C0022AD1
:10D6700018BF00220270ACF10202B2FA82F2520923
:10D6800042700A788988A2F102028180B2FA82F29D
:10D6900052098270704700BF00238446084610B5C7
:10D6A0000B7086B0DCF800301446BBB10D4A114651
:10D6B00000910D490392DCF8042001910B4904927A
:10D6C0000591029121460A4A08F088F80028A8BF6F
:10D6D0008442CCBF0120002006B010BD054B014A9A
:10D6E0001946E5E7BC750108D4750108D075010835
:10D6F000C0750108B072010830B5144683B0054604
:10D70000074B084A08460095214608F067F80028AC
:10D71000A8BF8442CCBF0120002003B030BD00BFB1
:10D72000847E0108D875010810B5044640B104F0A4
:10D73000D9FF01462046F2F75DFEB0FA80F04009BD
:10D7400010BD00BF8368184710B504460068F2F7A3
:10D7500051FE00280CBF2046002010BD044B1A6863
:10D760000AB103487047034A014812681A607047BB
:10D77000AC00002028010020024A034B12681A6006
:10D78000704700BF28010020AC00002005F0B6BCA7
:10D7900005F0B8BC044B1A680AB103487047034A45
:10D7A000014812681A607047F40000202C01002024
:10D7B0000421002008B501F003F8043008BD00BFC3
:10D7C00009B100F017BF0846704700BF08B520B187
:10D7D0000846042100F0F4FF043008BD0A4618B1E1
:10D7E0000168104600F06EBE704700BF30B10421E2
:10D7F000002008B500F0E4FF043008BD704700BF0A
:10D80000004870470001002038B50D46012104464C
:10D8100000F08CFF48B1A36801211D70A268236944
:10D820000A4461750B44A2602361A07D80F0010071
:10D8300038BD00BF38B50D460121044600F076FF23
:10D8400060B1A2680121236912F8010B0B44003872
:10D8500018BF01202870A26023616175A07D80F04F
:10D86000010038BD38B50D460121044600F05EFFC9
:10D8700048B1A36801211D70A26823690A4461753B
:10D880000B44A2602361A07D80F0010038BD00BF81
:10D8900038B50D460121044600F048FF50B1A36899
:10D8A00001211B782B70A26823690A4461750B441F
:10D8B000A2602361A07D80F0010038BD2DE9F04118
:10D8C0000B4682B004460221ADF8063000F080FF1E
:10D8D00001462046677D00F0C3FF0221204600F08C
:10D8E00019FF78BBD4E90135AB4226D95E1BA36092
:10D8F00023692046C6F1020833444146236100F003
:10D9000015FF00283BD0237D012B4AD09DF807301E
:10D910002B70002E40D09DF806306B7023690221D9
:10D92000A2680233A07D424461759E1B80F0010015
:10D93000A260266102B0BDE8F0810221204600F01D
:10D94000F5FE90B1237D012BA36814D09DF807103C
:10D950009DF806201970A3685A700221A2682369F5
:10D960000A4461750B44A2602361A07D80F0010030
:10D9700002B0BDE8F081BDF806201A80EDE7A2688C
:10D980002369A07D921B9B1B677580F00100A2603C
:10D99000236102B0BDE8F081A3689DF806201A70EB
:10D9A000BCE728460DF1060532462946FEF711F977
:10D9B0004246A919A068FEF70CF9AFE72DE9F0433C
:10D9C000044683B00D460221ADF8062000F000FFAA
:10D9D0000146204694F8158000F042FF02212046BF
:10D9E00000F098FE70BBD4E90167BE4225D92369D7
:10D9F0002046A660F61B3344C6F10209236149465E
:10DA000000F094FE002839D0012D4AD09DF807304F
:10DA10003B70002E40D09DF806307B7023690221B8
:10DA2000A268A07D02334A4461759B1B80F001000F
:10DA3000A260236103B0BDE8F0830221204600F01C
:10DA400075FE88B1012DA36814D09DF807109DF8CC
:10DA500006201970A3685A700221A26823690A443B
:10DA600061750B44A2602361A07D80F0010003B0CA
:10DA7000BDE8F083BDF806201A80EDE7A2682369AF
:10DA8000A07D921B9B1B84F8158080F00100A26092
:10DA9000236103B0BDE8F083A3689DF806201A70E7
:10DAA000BCE70DF10605324638462946FEF791F8E7
:10DAB0004A46A919A068FEF78CF8AFE72DE9F843AC
:10DAC00004460D46022100F083FE0146204694F8EC
:10DAD000158000F0C5FE0221204600F01BFE60BB51
:10DAE000D4E90167BE4223D923692046A660F61B0C
:10DAF0003344C6F102092361494600F017FE0028AD
:10DB000034D0237D012B42D07B782B70002E3AD06D
:10DB10003B786B7023690221A2680233A07D4A44DE
:10DB200061759B1B80F00100A2602361BDE8F88352
:10DB30000221204600F0FAFD80B1237D012BA3686D
:10DB400011D05B782B70A3681B786B700221A268E0
:10DB500023690A4461750B44A2602361A07D80F0B3
:10DB60000100BDE8F8831B882B80EFE7A2682369DA
:10DB7000921BA07D9B1B84F8158080F00100A260A1
:10DB80002361BDE8F883A3681B786B70C2E7394650
:10DB900032462846FEF71DF84A46A819A168FEF746
:10DBA00018F8B7E72DE9F04704460E46022115465E
:10DBB00000F00EFE0146204694F8158000F050FE5D
:10DBC0000221204600F0A6FD70BBD4E901794F4543
:10DBD00025D923692046A760A7EB09073B44C7F175
:10DBE000020A2361514600F0A1FD002834D0012E25
:10DBF00043D099F801302B70002F3AD099F80030BB
:10DC00006B7023690221A2680233A07D52446175C2
:10DC1000DB1B80F00100A2602361BDE8F0870221D8
:10DC2000204600F083FD78B1012EA36811D05B7807
:10DC30002B70A3681B786B700221A26823690A44C9
:10DC400061750B44A2602361A07D80F00100BDE8F6
:10DC5000F0871B882B80EFE7A2682369D21BA07D89
:10DC6000DB1B84F8158080F00100A2602361BDE811
:10DC7000F087A3681B786B70C3E749463A4628468D
:10DC8000FDF7A7FF5246E819A168FDF7A2FFB8E724
:10DC90002DE9F04182B004460191042100F098FD85
:10DCA00001462046677D00F0DBFD0421204600F0A0
:10DCB00031FD002839D1D4E90135AB4230D95E1BA2
:10DCC000A36023692046C6F104083344414623611A
:10DCD00000F02CFD00284CD0237D012B63D09DF853
:10DCE00007302B70002E51D09DF80630012E6B703E
:10DCF00050D09DF80530022EAB704FD09DF8043007
:10DD0000EB7023690421A2680433A07D424461754D
:10DD10009E1B80F00100A260266102B0BDE8F08188
:10DD20000421204600F002FDD0B1237D012BA36821
:10DD30001CD09DF807009DF806209DF8051018706E
:10DD4000A3685A70A3689DF804209970A368DA70DC
:10DD50000421A26823690A4461750B44A26023610F
:10DD6000A07D80F0010002B0BDE8F081019A1A6048
:10DD7000EEE7A2682369A07D921B9B1B677580F06C
:10DD80000100A260236102B0BDE8F081A3689DF8A4
:10DD900006201A70A3689DF805201A70A3689DF8E4
:10DDA00004201A70ADE7284601AD32462946FDF73A
:10DDB00010FF4246A919A068FDF70BFFA1E700BFBD
:10DDC0002DE9F043044683B00D460421019200F092
:10DDD000FFFC0146204694F8158000F041FD042127
:10DDE000204600F097FC002838D1D4E90176B742EC
:10DDF0002FD923692046A760BF1B3B44C7F1040904
:10DE00002361494600F092FC00284AD0012D63D0DE
:10DE10009DF807303370002F51D09DF80630012F48
:10DE2000737050D09DF80530022FB3704FD09DF81D
:10DE30000430F37023690421A268A07D04334A44AE
:10DE40006175DB1B80F00100A260236103B0BDE8B7
:10DE5000F0830421204600F069FCC8B1012DA368BD
:10DE60001CD09DF807009DF806209DF8051018703D
:10DE7000A3685A70A3689DF804209970A368DA70AB
:10DE80000421A26823690A4461750B44A2602361DE
:10DE9000A07D80F0010003B0BDE8F083019A1A6014
:10DEA000EEE7A2682369A07DD21BDB1B84F81580F6
:10DEB00080F00100A260236103B0BDE8F083A36895
:10DEC0009DF806201A70A3689DF805201A70A368B3
:10DED0009DF804201A70ADE701AD3A463046294658
:10DEE000FDF777FE4A46E919A068FDF772FEA1E743
:10DEF0002DE9F84304460D46042100F069FC014673
:10DF0000204694F8158000F0ABFC0421204600F078
:10DF100001FC002838D1D4E90176B7422FD9236912
:10DF20002046A760BF1B3B44C7F104092361494653
:10DF300000F0FCFB002846D0237D012B5CD0F37859
:10DF40002B70002F4CD0B378012F6B7005F10203BA
:10DF50004AD07378022FAB7005F1030348D03378B1
:10DF6000EB7023690421A2680433A07D4A446175E3
:10DF7000DB1B80F00100A2602361BDE8F88304216F
:10DF8000204600F0D3FBB0B1237D012BA36817D04E
:10DF9000DB782B70A3689B786B70A3685B78AB70A1
:10DFA000A3681B78EB700421A26823690A44617599
:10DFB0000B44A2602361A07D80F00100BDE8F883DE
:10DFC0001B682B60EFE7A2682369D21BA07DDB1BD7
:10DFD00084F8158080F00100A2602361BDE8F88319
:10DFE000A3689B786B70AB1CA268527803F8012B76
:10DFF000A26812781A70B4E731463A462846FDF70F
:10E00000E8FD4A46E819A168FDF7E3FDA9E700BF6E
:10E010002DE9F04704460E460421154600F0D8FBD2
:10E020000146204694F8158000F01AFC0421204691
:10E0300000F070FB00283CD1D4E90137BB4233D952
:10E04000A3EB0709A36023692046C9F1040A4B44E6
:10E050005146236100F06AFB002848D0012E61D0B0
:10E06000FB782B70B9F1000F50D0BB78B9F1010FDC
:10E070006B7005F102034DD07B78B9F1020FAB70E4
:10E0800005F103034AD03B78EB7023690421A268B1
:10E090000433A07D52446175A3EB090380F00100B5
:10E0A000A2602361BDE8F0870421204600F03EFB1A
:10E0B000A8B1012EA36817D0DB782B70A3689B78DA
:10E0C0006B70A3685B78AB70A3681B78EB7004215E
:10E0D000A26823690A4461750B44A2602361A07D94
:10E0E00080F00100BDE8F0871B682B60EFE7A268B5
:10E0F0002369A2EB0902A07DA3EB090384F8158034
:10E1000080F00100A2602361BDE8F087A3689B78DE
:10E110006B70AB1CA268527803F8012BA2681278CE
:10E120001A70B2E739464A462846FDF752FD524674
:10E1300005EB0900A168FDF74CFDA6E72DE9F041CC
:10E14000044682B00821CDE9002300F041FB0146DE
:10E150002046677D00F084FB0821204600F0DAFAB3
:10E1600000284ED1D4E90135AB4245D95E1BA360EE
:10E1700023692046C6F1080833444146236100F074
:10E18000D5FA002874D0237D012B00F09B809DF8E8
:10E1900007302B70002E78D09DF80630012E6B7062
:10E1A00077D09DF80530022EAB7076D09DF8043004
:10E1B000032EEB7075D09DF80330042E2B7174D0B4
:10E1C0009DF80230052E6B7173D09DF80130062E3C
:10E1D000AB7172D09DF80030EB7123690821A26801
:10E1E0000833A07D424461759E1B80F00100A2604F
:10E1F000266102B0BDE8F0810821204600F096FAC1
:10E2000050B3237D012B2DD0A3689DF807009DF806
:10E2100006209DF805101870A3685A70A3689DF831
:10E2200004209DF803009970A368DA70A3689DF834
:10E2300002209DF801101871A3685A71A3689DF817
:10E2400000209971A368DA710821A26823690A4441
:10E2500061750B44A2602361A07D80F0010002B0D3
:10E26000BDE8F0816B46A26803CB10605160EBE71C
:10E27000A2682369A07D921B9B1B677580F001003B
:10E28000A260236102B0BDE8F081A3689DF806207A
:10E290001A70A3689DF805201A70A3689DF80420E1
:10E2A0001A70A3689DF803201A70A3689DF80220D5
:10E2B0001A70A3689DF801201A70A3689DF80020C9
:10E2C0001A708AE728466D4632462946FDF781FCDA
:10E2D0004246A919A068FDF77CFC7EE72DE9F041D4
:10E2E0000B4682B004460221ADF8063000F070FA09
:10E2F00001462046677D00F0B3FA0221204600F077
:10E3000009FA78BBD4E90135AB4226D95E1BA3607C
:10E3100023692046C6F1020833444146236100F0D8
:10E3200005FA00283BD0237D012B4AD09DF8073009
:10E330002B70002E40D09DF806306B7023690221AF
:10E34000A2680233A07D424461759E1B80F00100EB
:10E35000A260266102B0BDE8F0810221204600F0F3
:10E36000E5F990B1237D012BA36814D09DF8071027
:10E370009DF806201970A3685A700221A2682369CB
:10E380000A4461750B44A2602361A07D80F0010006
:10E3900002B0BDE8F081BDF806201A80EDE7A26862
:10E3A0002369A07D921B9B1B677580F00100A26012
:10E3B000236102B0BDE8F081A3689DF806201A70C1
:10E3C000BCE728460DF1060532462946FDF701FC5B
:10E3D0004246A919A068FDF7FCFBAFE72DE9F84319
:10E3E00004460D46022100F0F3F90146204694F858
:10E3F000158000F035FA0221204600F08BF960BB51
:10E40000D4E90167BE4223D923692046A660F61BE2
:10E410003344C6F102092361494600F087F9002818
:10E4200034D0237D012B42D07B782B70002E3AD044
:10E430003B786B7023690221A2680233A07D4A44B5
:10E4400061759B1B80F00100A2602361BDE8F88329
:10E450000221204600F06AF980B1237D012BA368D8
:10E4600011D05B782B70A3681B786B700221A268B7
:10E4700023690A4461750B44A2602361A07D80F08A
:10E480000100BDE8F8831B882B80EFE7A2682369B1
:10E49000921BA07D9B1B84F8158080F00100A26078
:10E4A0002361BDE8F883A3681B786B70C2E7394627
:10E4B00032462846FDF78DFB4A46A819A168FDF7AC
:10E4C00088FBB7E72DE9F04182B0044601910421B1
:10E4D00000F07EF901462046677D00F0C1F9042175
:10E4E000204600F017F9002839D1D4E90135AB42B4
:10E4F00030D95E1BA36023692046C6F1040833446B
:10E500004146236100F012F900284CD0237D012BF5
:10E5100063D09DF807302B70002E51D09DF8063047
:10E52000012E6B7050D09DF80530022EAB704FD08D
:10E530009DF80430EB7023690421A2680433A07DA8
:10E54000424461759E1B80F00100A260266102B00A
:10E55000BDE8F0810421204600F0E8F8D0B1237D29
:10E56000012BA3681CD09DF807009DF806209DF89C
:10E5700005101870A3685A70A3689DF8042099705C
:10E58000A368DA700421A26823690A4461750B4408
:10E59000A2602361A07D80F0010002B0BDE8F0819F
:10E5A000019A1A60EEE7A2682369A07D921B9B1B6B
:10E5B000677580F00100A260236102B0BDE8F081C0
:10E5C000A3689DF806201A70A3689DF805201A70AC
:10E5D000A3689DF804201A70ADE7284601AD3246C5
:10E5E0002946FDF7F6FA4246A919A068FDF7F1FAA7
:10E5F000A1E700BF2DE9F84304460D46042100F0D1
:10E60000E7F80146204694F8158000F029F9042126
:10E61000204600F07FF8002838D1D4E90176B742CF
:10E620002FD923692046A760BF1B3B44C7F10409CB
:10E630002361494600F07AF8002846D0237D012B5B
:10E640005CD0F3782B70002F4CD0B378012F6B7017
:10E6500005F102034AD07378022FAB7005F1030372
:10E6600048D03378EB7023690421A2680433A07D7D
:10E670004A446175DB1B80F00100A2602361BDE8A4
:10E68000F8830421204600F051F8B0B1237D012B1E
:10E69000A36817D0DB782B70A3689B786B70A36896
:10E6A0005B78AB70A3681B78EB700421A2682369C8
:10E6B0000A4461750B44A2602361A07D80F00100D3
:10E6C000BDE8F8831B682B60EFE7A2682369D21BC3
:10E6D000A07DDB1B84F8158080F00100A26023611F
:10E6E000BDE8F883A3689B786B70AB1CA268527876
:10E6F00003F8012BA26812781A70B4E731463A4643
:10E700002846FDF766FA4A46E819A168FDF761FA5E
:10E71000A9E700BF837D3BB9D0E9010319448842D2
:10E7200034BF00200120704700207047837D43B92B
:10E73000D0E9012110B59142044605D201231846C3
:10E7400010BD00231846704782693AB1C1699047ED
:10E7500080F00103A075DBB2184610BD0120A07542
:10E76000FAE700BFC0E90612704700BF10B4019C71
:10E770000A44016042600A191C4482600022C0E918
:10E7800003349DF80830427510BC82750375C0E9EA
:10E790000622704710B582B0049C009401240194B5
:10E7A000FFF7E4FF02B010BD10B5002482B0009462
:10E7B000FFF7F0FF02B010BD0023FFF7F5BF00BF69
:10E7C000B0FBF1F202FB11004B1E081A1840704713
:10E7D000437D8B4209D203694A1EB3FBF1F001FB72
:10E7E0001030091A01EA020070470020704700BF8C
:10E7F00038B504460D46FFF7EBFFA36865751A1898
:10E800002369184463689342206128BF1346A360BC
:10E8100038BD00BF82680068101A7047D0E9012037
:10E82000101A704738B5837DA3B904460D46D0E968
:10E8300001329A4200D331B92046FFF7EFFFA842D8
:10E8400028BF284638BD836933B1C1699847A07590
:10E850000028F1D0002038BD01238375FAE700BFFE
:10E8600038B504460D46FFF755FF78B12369A26815
:10E870002B442A4423610123A260637538BDA2683A
:10E880002D1A236902441844A260206129460122FE
:10E890002046FFF7C7FF0028F1D10123637538BD7B
:10E8A00010B500238EB004460391CDE90132032355
:10E8B0000422009306AB01F06FF818B90446204615
:10E8C0000EB010BD029905AA204601F0A3F9044636
:10E8D00005A906A802F000FB20460EB010BD00BF3F
:10E8E000C2F3074C10B5BCF1010F8CB00446029284
:10E8F0000CBF03F0010200220E3303919DF8381083
:10E900001A4404AB0191012192B20091039901F0E4
:10E9100043F818B9044620460CB010BD02992046B1
:10E920000F9A01F077F904460F9904A802F02EFA25
:10E9300020460CB010BD00BF70B5ADF5167D054684
:10E9400011ACADF8543203239DF86C62CDE902217D
:10E950002372002301228DF814309A9B2271CBB1CF
:10E960008DF81C2008934FF4007215A909A8FFF731
:10E9700023FF05A909A801F0EFFE0D9B009628468C
:10E980000194E3609BB2DDE90221FFF7A9FF0DF5D9
:10E99000167D70BD8DF81C30E5E700BF70B5ADF594
:10E9A000187D05461846059197A99DF8786213AC25
:10E9B000CDE9033202238DF8503000F0EDF89C9B36
:10E9C0004FF4007217A90BA806939D9B0A9303238B
:10E9D0008DF8543001238DF8243000238DF81C303D
:10E9E000FFF7EAFE06A90BA801F0D8FE0F9B284608
:10E9F000009616939BB20194DDE90421FFF770FFA6
:10EA00000DF5187D70BD00BFF0B5ADF28C4D03263D
:10EA100005461846059192A99DF8A0740EAC8DF894
:10EA20003C60CDE9033200F0B7F800234FF40072E8
:10EA300012A906A88DF84C328DF854328DF840603A
:10EA4000FFF7BAFE93A906A801F05CFF0A9B2846CF
:10EA5000009711939BB20194DDE90421FFF740FF79
:10EA60000DF28C4DF0BD00BF2DE9F041ADF5227DDA
:10EA70000646184603271DACBDF8A8520591A1A96A
:10EA80009DF8AC82CDE903320523237100F084F8B0
:10EA90000EA9A898277200F07FF80023ADF8445023
:10EAA000003D9DF8A5228DF8643018BF01258DF832
:10EAB00046308DF84C308DF85430ADF8403001239D
:10EAC0008DF842508DF83A308ABB4FF0230E4FF04C
:10EAD000130C0B25212211210920ADF840309DF89F
:10EAE000A63223B9724661462846ADF840709DF8BB
:10EAF000A432012B25D0032B29D02BB34FF4007265
:10EB000021A906A8FFF758FE0EA906A801F060FF8C
:10EB10000A9BCDF8008030460194E3609BB2DDE9AA
:10EB20000421FFF7DDFE0DF5227DBDE8F0814FF0F9
:10EB3000220E4FF0120C0A25202210210820022755
:10EB4000CDE7ADF84010D9E7ADF84000D6E7ADF815
:10EB50004020D3E782B000238DF8061060F30F0346
:10EB6000BDF8062062F31F43184602B0704700BF8D
:10EB7000437882B0017800201A0903F00F0302EBFA
:10EB800001128DF80630BDF8063062F30F0063F312
:10EB90001F4002B0704700BFC0F3034382B0C0F310
:10EBA0000B1203EB00130A704B7002B0704700BFEA
:10EBB00000B58BB00146042202A8FFF7FDFD0DF160
:10EBC00005030DF1060201A902A801F0ADF99DF8B7
:10EBD00004300D2B03D000200BB05DF804FB9DF832
:10EBE000053013F0020F14BF022001200BB05DF8B6
:10EBF00004FB00BF70B50025ADF5347D0E4604461C
:10EC00004FF42472294610A803950495FCF799FF48
:10EC100003A9304602F04AF9BDF80C302046ADF8A1
:10EC2000403000F0EFFF2B460C2205A9009008A809
:10EC3000FFF7B0FD10A908A802F0ACF9089B2A461E
:10EC40002946204600F088FF08A8FFF7E3FD236F60
:10EC5000024605A9D3E90004A0470DF5347D70BD37
:10EC600070B592B005460E46144600F0CBFF05A9DC
:10EC7000009000230AA81122FFF78CFD1822002320
:10EC80000A2102FB04540AA80522503401F032F98B
:10EC900003A9204604F032FE40BA03A98DF81060A3
:10ECA000ADF80E000AA802F0E7F900220A9B2846F8
:10ECB000114600F051FF0AA8FFF7ACFD2B6F02468A
:10ECC00005A9D3E90004A04712B070BDD0B5002358
:10ECD00000260027044680F8A030C0E91C13C0E9D4
:10ECE0002667C0E91E33C0E92033C0E92233C0E9FA
:10ECF0002433812100F094FE04F10800BDE8D040E7
:10ED000001F014B8C0E92012704700BFC0E9221218
:10ED1000704700BFC0E92912704700BFC0E92B123D
:10ED2000704700BF70B504460D46164682B000F02D
:10ED300069FF29460346324604F1080002B0BDE8E7
:10ED4000704001F039B800BFF0B585B00D461646E9
:10ED500004461F4600F056FF844632463B4629468D
:10ED600004F10800CDF800C001F03AF80346002095
:10ED7000DCB2C3F30721C3F307421B0E64F30700A1
:10ED800061F30F2062F3174063F31F6005B0F0BD1D
:10ED900082B0083002B001F03DB800BF10B50C4C95
:10EDA00084B00830009401F04BF8034600205FFA6D
:10EDB00083FCC3F30721C3F307421B0E6CF3070068
:10EDC00061F30F2062F3174063F31F6004B010BDBE
:10EDD000B1EB000810B5044601F0EEF8D4E9263294
:10EDE000C01A61EB020110BD2DE9F047037E84B02B
:10EDF0000446FBB14FF000090DF1020803AF02AE6B
:10EE00004846012204EB00151146083500F034FF96
:10EE1000844643463A4631462846CDF804C004F0BD
:10EE2000F5FD00283DD109F10109237E5FFA89F043
:10EE30008342E6D894F8483083B34FF000090DF1CF
:10EE4000020803AF02AE484600EB80050122022112
:10EE500004EBC50500F010FF019020350CE0BDF873
:10EE600002209DF80410029B00F076FE236FDDE97E
:10EE70000212D3E9000AD04743463A4631462846B3
:10EE800004F0E4FF03462046002BE8D109F1010914
:10EE900094F848305FFA89F08342D5D804B0BDE8D1
:10EEA000F087029B2046BDF8022009F101099DF878
:10EEB000041000F051FE236F039A5D6818680299F0
:10EEC000A847237E5FFA89F083429AD8B2E700BF51
:10EED0002DE9F0410D46ADF5247D064669462846EC
:10EEE00001F0F6FE044602A928469DF80570FEF7DB
:10EEF000A1FC9DF808300440E4B25BB987A928461C
:10EF0000FEF798FC9DF81C3280464BB90DF5247D28
:10EF1000BDE8F08103A9284601F086FD0440EDE735
:10EF200088A92846FEF7B4FC14EA080FEED00028A2
:10EF3000ECD09DF820320D2BE8D18AA92846FFF7A6
:10EF40004DFA38B1BDF92832002B06DD002F14BF71
:10EF50000120022086F8B500D8E70020FAE700BFBC
:10EF60002DE9F04F044697B00D460127C24E099295
:10EF70000DF12F030CAA0DF12E01284600F0D4FF4D
:10EF8000002800F043819DF82E309DF82620023B9A
:10EF90000D2BEDD801A151F823F000BF03F20008BA
:10EFA00071EF0008F3F1000891F1000887F1000803
:10EFB00071EF000871EF0008DDF000086FF0000845
:10EFC0002FF0000871EF000871EF000871EF0008E2
:10EFD000D5EF000810A9284602F0A2F8D4F89080D6
:10EFE000B8F1000F00F01A8100F0E6FF02460B4670
:10EFF000D4F894000021DDF850E006908C46159876
:10F00000CEFB060CDDF840E0CDE9040C8C461198EF
:10F01000CEFB060CCDE9020CDDE912C0CCFB0601EB
:10F02000CDE900012046C04784F8A070A0E710A9F0
:10F03000284602F061F800219DF8440000F04AFEE5
:10F04000C0F307280F9004F10800414600F030FF9C
:10F0500000288DD0BDF84010BDF8422004F042FCDD
:10F0600042469DF83C102046FFF7FAFD80E710A9C4
:10F07000284602F019F800219DF8440000F02AFE0D
:10F08000C0F307210D9004F1080000F0FBFE80465C
:10F0900000283FF46DAF9DF842300DF1380A9DF81D
:10F0A0004310BDF8402001EB032189B204F076FF44
:10F0B000404604F037FFADF8320005E0236FDDE98C
:10F0C0000E12D3E90009C8470DF132030FAA5146C9
:10F0D000404604F029FF0028F0D149E79DF825308B
:10F0E0000DF1380ABDF8308028468DF8353051468C
:10F0F0009DF82730A8F104089DF82F908DF837303F
:10F100001FFA88F89DF8243009F00E098DF8362092
:10F110008DF8343001F02AFD50460FA90DF132026E
:10F1200000F098FD0F99D4F880B0BDF832A010918E
:10F13000BBF1000F06D0D4F884305246204600932D
:10F140000023D847E26F82B1616F4FF0000C0239A3
:10F1500003E00CF1010C944507D031F8023F534510
:10F16000F7D1A36F002203F80C20BDF832104B46F4
:10F170004246204602910F9901910D99009129462E
:10F1800004F094FFF4E629462046FFF7A1FEEFE6DF
:10F19000002A3ED010A9284601F0DEFE0EA90DAAD5
:10F1A00010A800F057FD0E99D4F880A09DF8449067
:10F1B000BDF834800F91BAF1000F06D0D4F8843036
:10F1C0004246204600934B46D047E26F002A3FF468
:10F1D000CFAE606F0021023803E0013191423FF46D
:10F1E000C7AE30F8023F4345F7D1A36F03F8019053
:10F1F000BEE6002A7FF4BCAE2946204600F06CFC37
:10F20000B6E629462046FFF7F5FCB1E617B0BDE8A3
:10F21000F08F2946204600F06DFCA9E600F0CCFEF8
:10F22000DDF850C0159B4246C646CCFB0632181886
:10F2300042EB0102DDE91213C1FB063EDDE91019C4
:10F240009C464346C1FB06931CEB090C4EEB030E98
:10F25000B0EB0C0362EB0E02002A08DB5B0843EA0A
:10F26000C2735210C4F89830C4F89C20DCE6013315
:10F2700042F10002F2E700BF00CA9A3B0B1E2DE9E3
:10F28000F04FB8BF6FF000439DB08046059300F08B
:10F2900077FE98F8482081468A46002A00F09A8036
:10F2A00000266FF000434FF0FF3B304603930EE023
:10F2B0009A6B0136DB6B5A450399F0B273EB01018F
:10F2C00001DA9346039398F8483083425ED900EB05
:10F2D000800402210122E40000F0CEFC014604F18A
:10F2E000200553464A4609914544284604F0EEFD60
:10F2F00008EB04030028DBD09DF8255014AF9DF8DF
:10F300002430404601354444049300F07BFC05EB77
:10F310008505002311220CA908EBC505009038468D
:10F320000136FFF737FA002305220B21384600F09B
:10F33000E1FD0121688904F077FF2B8902460AA9C3
:10F34000ADF82A303846049BADF828208DF82C30D3
:10F3500001F0BEFE0022149B4046114600F0FCFB6B
:10F360003846FFF757FAD8F8703002460CA9D3E9AF
:10F370000005A8470399F0B2D4E90E235A4573EB70
:10F3800001019EDB98F848308342A0D86FF000431B
:10F39000039A9A4208BFBBF1FF3F1BD0ABEB0903B6
:10F3A000002BDDF81490D8F8700008AA08BF0123DC
:10F3B00007A9846899450068A8BF99464B46A047AD
:10F3C00050B9059BA3EB0903002B05933FF75FAFF3
:10F3D000044612E0059BE3E7DDE907120446002539
:10F3E0000CA8FFF7E9F90DF11A0306AA0CA940468B
:10F3F0008DF8185000F0C6FB18B920461DB0BDE8C6
:10F40000F08F29469DF8180000F064FCC0F3074611
:10F41000BDF81AB0C0F30725012ECDE909004BD085
:10F42000022E0FD0002EE8D13146304600F052FCBB
:10F4300002460CA940460A92FFF792FD20461DB0F5
:10F44000BDE8F08F294608F108009DF8249000F0EF
:10F450002FFD074638B30CA8DDF838A0FFF7DEF91A
:10F4600003460DF11900524659460090384604F003
:10F470003DF9C0B19DF8193093B314AE4FF0020AB4
:10F480000AE08DF8289031468DF8295040468DF8D5
:10F490002AA00A9AFFF764FD04223146384604F098
:10F4A000A7F90028EDD140462A464946FFF7D8FB88
:10F4B00020461DB0BDE8F08F294608F1080000F095
:10F4C000EDFC002899D0594604F086F8002894D025
:10F4D0008DF82A600CA90A9A4046FFF741FD8CE797
:10F4E0008DF82A600CA90A9A4046FFF739FDC4E757
:10F4F0002DE9F04106460D4600F042FD0746304634
:10F5000006F10808FFF770FC002D10DB2C4606E022
:10F51000FFF7B4FE00F034FDC11B6C1A07D440465F
:10F5200000F0D2FC034621463046002BF0D0404686
:10F53000BDE8F04100F0C8BC2DE9F047DDF820A09F
:10F5400005460F4691461E46FFF74EFCBAF1000FE6
:10F5500004D05246FF213046FCF7F3FAC5F87CA0F0
:10F56000741EC5E91D9600F00BFD394680462846FD
:10F57000FFF784FE00F004FDA0EB0801791ABAF150
:10F58000000F29D0A6464FF0000C1EF8013FFF2BBC
:10F5900015D00CF1010CE245F7D80023EB6700E031
:10F5A00058B1234614F8010F02330128A3EB0603D8
:10F5B0008CBF002001209A45F2D8BDE8F08739F8C9
:10F5C0001C300CF1010CD44501D2002BDDD00029F8
:10F5D000E3DD002BCBD1E0E70120C5F87CA0BDE83E
:10F5E000F08700BF2DE9F04F04469DB0FF20029345
:10F5F0006071002B00F0BA80894692464FF0000BF4
:10F60000236F52464946D3E90005A84700F0B8FCED
:10F610004FF47A73054609E000F0B2FC431BC3F5D2
:10F620007A73002B3FDD6279FF2A44D1226F08A94B
:10F630009668106809AAB0470028EDD00CA80026EB
:10F64000DDE90812FFF7B8F80DF11E0307AA0CA9AF
:10F6500020468DF81C6000F095FA0028DCD0314679
:10F660009DF81C0000F036FBC0F30747BDF81E30C4
:10F67000C0F30726012FCDE90A005FD0022F21D069
:10F68000002FC9D13946384600F024FB0CA90246A8
:10F690000B902046FFF764FC00F072FC431BC3F59F
:10F6A0007A73002BBFDC0BF1010B029B62795B4587
:10F6B00001D0FF2AA4D0B2F1FF0018BF01201DB075
:10F6C000BDE8F08F049331469DF8283004F108001E
:10F6D000039300F0EDFB804650B30E9A0CA8059200
:10F6E000FFF79CF8DDE90432194603460DF11D00D1
:10F6F0000090404603F0FAFFD0B19DF81D30002B7A
:10F700003CD0039F0AE04FF002038DF82C708DF877
:10F710002D608DF82E300B9AFFF722FC14A90422DD
:10F72000404604F065F8034614A92046002BEAD1B0
:10F73000324603992046FFF793FA6DE7314604F10C
:10F740000800039300F0AAFB00283FF465AF039B79
:10F75000194603F041FF00283FF45EAF8DF82E708C
:10F760000CA90B9A2046FFF7FBFB55E7236FD3E963
:10F770000004A04701201DB0BDE8F08F8DF82E7069
:10F780000CA90B9A2046FFF7EBFBBAE730B58FB018
:10F7900004460D4600F036FA0023102202A900901C
:10F7A00006A8FEF7F7FF06A9204600F079F9002227
:10F7B000069B2046114600F0CFF906A8FFF72AF86D
:10F7C0002B46024602A92046FFF70CFF18B16079CC
:10F7D000B0FA80F040090FB030BD00BF2DE9F04F06
:10F7E00000F1080B0446ABB0584600F0A9FA2046D9
:10F7F00000F008FA00231C220BA9009012A8FEF7C3
:10F80000C9FF236F12A920461A8A043A92B200F067
:10F810001DF91299204600F08BF912A8FEF7FAFFA5
:10F82000FF23814663710A230393236F4A460BA982
:10F83000D3E90005A84700F0A3FB4FF47A7305460F
:10F8400009E000F09DFB431B6279C3F57A73002B3E
:10F8500038DDFF2A3CD1226F07A99668106808AAF4
:10F86000B0470028EDD01AA80026DDE90712FEF700
:10F87000A3FF0DF11A0306AA1AA920468DF81860F5
:10F8800000F080F90028DCD031469DF8180000F027
:10F8900021FAC0F30746BDF81AA0C0F30727012ECE
:10F8A000CDE9090053D0022E18D0002EC9D131461F
:10F8B000304600F00FFA1AA902460A902046FFF7D8
:10F8C0004FFBBEE7039B013B039301D0FF2AACD063
:10F8D000002A51D000202BB0BDE8F08F9DF82430D5
:10F8E00039465846049300F0E3FA804648B31C9A20
:10F8F0001AA80592FEF792FF03460DF11900059A2A
:10F9000051460090404603F0F1FED0B19DF8193009
:10F91000002B38D0049E0AE04FF002038DF82860D7
:10F920008DF829708DF82A300A9AFFF719FB22A961
:10F930000422404603F05CFF034622A92046002B28
:10F94000EAD13A4604992046FFF78AF979E7394621
:10F95000584600F0A3FA00283FF473AF514603F075
:10F960003BFE00283FF46DAF8DF82A601AA90A9A71
:10F970002046FFF7F5FA64E7584600F0E1F9012068
:10F980002BB0BDE8F08F8DF82A601AA90A9A20469C
:10F99000FFF7E6FABEE700BF2DE9F04782B0044664
:10F9A000104615461E46C1F3072A9DF8287005F13A
:10F9B00004099DF82C80019100F0DCFA9DF80630D6
:10F9C0008144012B1DD0022B16D104F108005146B1
:10F9D00000F058FA044658B14946324604F0C8F8D7
:10F9E00004462CB14346AAB23946304600F082FAAA
:10F9F000204602B0BDE8F0870024204602B0BDE8F2
:10FA0000F08704F10800514600F034FA044600285B
:10FA1000EED04946324603F0D9FF0446E1E700BF85
:10FA20004FEA126CFF23027180F801C0C2F3074C49
:10FA3000C2F30722017080F802C04371C27000B5A2
:10FA40004FF0090EA0F806E05DF804FB30B5002386
:10FA500089B0124D0C4607931946ADF81C200122BF
:10FA60000193C2808DF804202A6803930092AA882B
:10FA70000693ADF80620D0F80120029202782046C5
:10FA80008DF80C201022CDE9043300F033FA6946DA
:10FA9000204601F079F909B030BD00BFF85C0108DB
:10FAA0000C4A02234FF4007C10B50C4682B0118939
:10FAB0000422C3800023ADF8061020460321ADF8D0
:10FAC00004C000F017FA01A9204601F005FA02B0BF
:10FAD00010BD00BFF85C010810B50B4688B00446A5
:10FAE00001A9184601F008FA9DF80430637108B0C6
:10FAF00010BD00BF10B584B00446084602A901F04D
:10FB00002BFAE388022B01D004B010BD0DF10A00DE
:10FB1000FFF72EF89DF808209DF8093003EB02232B
:10FB20009BB2022BF0D19DF80C306371ECE700BF63
:10FB300010B508228AB004460DEB0200FEF73CFE29
:10FB400014F8011B002302A801F0800100941A465A
:10FB500000F0CEFB0AB010BD70B516468AB0082280
:10FB600004460D4619460DEB0200FEF725FE14F87B
:10FB7000011B33462A4602A8009400F0B9FB0AB0E4
:10FB800070BD00BF2DE9F041074684B008460C4621
:10FB900015461E46FEF742FE082803D8002004B092
:10FBA000BDE8F0810DF10C0833462A4620460DF1E0
:10FBB0000B01CDF8008000F0B9FB3A789DF80B30CE
:10FBC0009342EBD11B061BD49DF80C207B789A4204
:10FBD00003D0012080F00100E1E79DF80D20B81C62
:10FBE000BB789A42F5D19DF80E2010F8013F9A4259
:10FBF000EFD19DF80F2043789A42EAD10020E9E73F
:10FC00000120CCE790F90030002BACBF0820042085
:10FC1000704700BF10B582B04FF6F4740191C388ED
:10FC2000A3F10A0189B2A1420FD801339CB2C3F3F8
:10FC3000072CDBB2C480911C019882F800C053707D
:10FC4000FEF7AAFF204602B010BD0A234FF0000CB9
:10FC50001C46EFE770B5044602300D461646FEF727
:10FC600087FFC0F30F4328806B802278637803EB13
:10FC70000223338070BD00BF0129844600B583B0E4
:10FC80001FD002294FF0000E20D0002300206EF379
:10FC900007036CF30F2361F3174362F31F635FFAEB
:10FCA00083FCC3F30721C3F307421B0E6CF3070069
:10FCB00061F30F2062F3174063F31F6003B05DF838
:10FCC00004FB00F1010E5FFA8EFEDEE780F0800E8D
:10FCD000DBE700BF82B030B1030621D4421E4FF0F3
:10FCE000010CD2B201E084460246002360F3070310
:10FCF000002062F30F236CF3174361F31F635FFA75
:10FD000083FCC3F30721C3F307421B0E6CF3070008
:10FD100061F30F2062F3174063F31F6002B0704776
:10FD200080F080024FF0020CDFE700BF0023037475
:10FD300080F8403080F8443080F86030704700BF71
:10FD400070B5037C04464BB10646002530460135AC
:10FD500003F036FE237C1036AB42F7D894F84430DB
:10FD60005BB104F1420600253046013503F030FC5A
:10FD700094F844300236AB42F6D894F840305BB188
:10FD800004F1180600253046013503F0C5FE94F84D
:10FD900040302836AB42F6D894F860305BB104F1BD
:10FDA000480600253046013503F07EFC94F86030AB
:10FDB0001836AB42F6D870BD10B5047C82B004F1A1
:10FDC000010C80F810C000EB041003F0EFFD0122DD
:10FDD0002046114602B0BDE81040FFF74DBF00BFFE
:10FDE00010B584B0844628209DF8184000949CF8F3
:10FDF000404000FB04C004F1010E18308CF840E0D4
:10FE000003F054FE01220221204604B0BDE8104058
:10FE1000FFF732BF10B590F8444082B0621C04F185
:10FE2000210380F8442000EB430003F0CDFB0022C7
:10FE30000121204602B0BDE81040FFF71DBF00BF02
:10FE400010B584B084461820069C00949CF860404D
:10FE500000FB04C004F1010E48308CF860E003F0B0
:10FE6000FDFB00220221204604B0BDE81040FFF750
:10FE700003BF00BF037C8B428CBF00EB011000204E
:10FE8000704700BF90F840308B4204D9282303FB11
:10FE90000100183070470020704700BF90F84430D0
:10FEA0008B4203D9213100EB41007047002070479D
:10FEB00090F860308B4204D9182303FB01004830CE
:10FEC00070470020704700BF90F8403083B170B594
:10FED000064600F11805002400E040B12846013430
:10FEE00004F08CF896F840302835A342F5D870BD60
:10FEF00001207047F8B50E460421044615461F46FA
:10FF0000FEF776FC01233146204647EA03022375BB
:10FF10002B4600F02BFA2046FEF780FCA84234BFA7
:10FF200000200120F8BD00BF2DE9F04104460D4638
:10FF3000042116469846FEF75BFC2046FEF76EFC51
:10FF400003288CBF0127002702D83846BDE8F0817E
:10FF5000334642462046294600F01AFA98F8003007
:10FF6000384603F0010203F0FE0388F800302275E2
:10FF7000BDE8F08110F0030018BFC0F10400704725
:10FF800010B584B001206946FBF798FB08499DE84D
:10FF90001500A0FB0103001901FB0231054A4FF0D7
:10FFA000000341EBE471F0F7D3F904B010BD00BFDA
:10FFB00000CA9A3B40420F0000B585B00120694657
:10FFC000FBF77CFB074A00980299A0FB0203DDF8CF
:10FFD00004C0401802FB0C3343EBE17105B05DF83F
:10FFE00004FB00BF00CA9A3B2DE9F0410C468AB0E1
:10FFF000064691F8C11004F10800FFF743FF0546DB
:020000040801F1
:1000000004F006F868B92046D4E92E31984718B9AB
:1000100001200AB0BDE8F081284603F0F9FF00286E
:10002000F6D029894FF6FC72EB89287B6F68121A8B
:10003000B3FBF1F0B7FBF1F701FB1031D4F8C4309A
:1000400089B207FB01F1043F3A4404311FFA82F8F8
:100050003A46A3EB0803C4F8C4302B6819440023C4
:1000600051F8040C009002A8FEF794FBD4F8C420C9
:1000700002F10803BB4227D9424600230D2102A802
:10008000FFF738FF2989EB896A68B3FBF1F0B2FB0F
:10009000F1F201FB10339BB202FB03F32A68D75045
:1000A0000121E88904F0C0F80499039AE8813046F8
:1000B000521AFEF781FB304622460F49FEF752FBEB
:1000C00000200AB0BDE8F08192B202230D2102A8FF
:1000D000FFF710FF2889EB896968D4F8C420B3FBC7
:1000E000F0F7B1FBF0F100FB173308329BB201FBD4
:1000F00003F32968CA50D3E7E9FF0008F0B587B0D9
:10010000072700251C460646CDE902210C9ACDE9B9
:1001100000750432FFF740FC80F00102D2B2A275F4
:1001200012B1284607B0F0BD05AA02993046FFF784
:1001300071FD05A90546204600F08EFFA669E76916
:100140002046D4E90121521AFEF736FB20463A46F2
:100150003146FEF707FB284607B0F0BD2DE9F04F0A
:1001600091B0054608301E460591C1F3072104925F
:10017000FFF788FE9DF81630012B00F093800446AF
:10018000002800F08F8003F043FF002800F08580F6
:100190002389E7896268B7FBF3F9B2FBF3F203FB4B
:1001A00019792368A2F1040B03921FFA89F902FB63
:1001B00009F909F104099944237B59F8048C434552
:1001C0007CD3ABF1040A5A46494608A8AAEB030AB5
:1001D0001A9BCDF8008008331FFA8AFA0293002395
:1001E000FEF7D8FA029B52460D215B4534BF02232D
:1001F000002308A8FFF77EFE218963683846B7FB15
:10020000F1F2B3FBF1F301FB1272012192B202FB96
:1002100003F3226842F803B004F006F8039B08F1E8
:1002200004010746A3F1080230464944A2EB080244
:10023000FEF7C2FA1A9B0721E7811A1D00233046F8
:10024000B2F5803F28BF1A4692B2FFF753FE07AAC5
:1002500004992846FFF7DEFC044620B307A9304680
:1002600000F0FAFE3046D6E90121521AFEF7A4FA50
:10027000059B029A3046C5F8C0301B9BC5F8C420C8
:100280002A46C5F8B8301C9B1849C5F8BC30FEF7A3
:1002900069FA204611B0BDE8F08F1C9928461B9BD7
:1002A000984720B90024204611B0BDE8F08F2046C1
:1002B00003F0AEFE00287FF46BAFF3E73846012170
:1002C00003F0B2FF228963680746B3FBF2F9B0FB83
:1002D000F2F302FB13039BB203FB09F9236809F154
:1002E00004099944237B59F8048C6AE7E9FF000864
:1002F0002DE9F041174604461E460D46DDF81880EC
:10030000FDF7B0FA39462046FDF7ACFA3246012136
:100310002046FDF753FB2B0601D5BDE8F081414691
:1003200020460422BDE8F04102F054BF2DE9F0411F
:10033000174604461E460D46DDF81880FDF7A8FA5C
:1003400039462046FDF7A4FA324601212046FDF742
:1003500029FC95F90030002B01DABDE8F081414617
:1003600020460422BDE8F04102F098BF70B5164661
:1003700004461D46FDF776FA31462046FDF772FA2F
:100380002A4620460121BDE87040FDF717BB00BF9B
:1003900070B5164604461D46FDF77AFA31462046EA
:1003A000FDF776FA2A4620460121BDE87040FDF7A8
:1003B000F9BB00BF2DE9F84304220E46054602F0C2
:1003C00009FF04460222311D284602F003FF0440C3
:1003D0000222B11DE4B2284602F0FCFE04220440D1
:1003E00006F10801284602F0F5FE00EA0408317B18
:1003F0002846FDF737FA717B08EA00082846FDF722
:1004000003FA737B08EA00083BB9B18B2846FDF775
:1004100055FA08EA0000BDE8F88331692846FDF77F
:1004200037FC3369E3B1C0B137464FF0000900E053
:100430009CB17969284602F0F1FFB9690446284663
:1004400002F0ECFF09F101093369044008379945CE
:10045000E4B2EDD308EA0408D7E74FF00008D4E788
:1004600008EA0008D1E700BF2DE9F84304220C4652
:10047000054602F013FF06460222211D284602F01F
:100480000DFF06400222A11DF6B2284602F006FF2B
:100490000422064004F10801284602F0FFFE00EAAB
:1004A000060704F10C012846FDF7F2F904F10D01ED
:1004B00007402846FDF7BEF9637B07403BB904F1CE
:1004C0001C012846FDF7FAFA3840BDE8F88304F12C
:1004D00010012846FDF70CFD2369012B03D90123E8
:1004E0000027AB75EBE70BB3F0B1A0464FF0000966
:1004F00000E0CEB1D8F8141008F108084FF40072EB
:10050000284602F099FFD8F8101006464FF4007202
:10051000284609F1010902F08FFF23690640994539
:10052000F6B2E6D33740CAE70027C8E70740C6E778
:100530002DE9F84304220F46054602F04BFE8046A3
:100540000222391D284602F045FE00EA0808022270
:10055000B91D5FFA88F8284602F03CFE397A08EAAD
:1005600000082846FDF750F93B7A00EA080813B95D
:100570004046BDE8F883F9682846FDF789FBFB682B
:1005800003B3D0B13E464FF0000900E0ACB1316991
:10059000284602F043FF71690446284602F03EFFF8
:1005A00009F10109FB68044008369945E4B2EDD32E
:1005B00008EA04084046BDE8F8834FF000084046CA
:1005C000BDE8F88308EA0008D2E700BF70B50D4621
:1005D00009780646FDF746F9044630B12B78022B20
:1005E0000CD0032B10D0012B08D0022205F502718C
:1005F000304602F0EFFD2040C0B270BD6968304661
:1006000002F00CFF0446F0E72946304651F8042F6B
:10061000043102F0D7FE0446E7E700BF70B50B785F
:100620000C460546013B0D2B54D8DFE803F030079C
:100630001B1B07070707530C0C0C4E490431BDE880
:100640007040FFF7C3BF0979FDF70CF9E8B12379D2
:10065000012B01D0022B3DD1A1682846BDE8704096
:1006600002F0DCBE0979FDF7FDF8064620B12379DA
:10067000022B39D0032B2FD0022204F50371284618
:1006800002F0A8FD3040C0B270BD002070BD0979F5
:10069000FDF7E8F8064658B12379022B03D0032B67
:1006A00028D0012B04D1A168284602F0B7FE0646E7
:1006B000B4F90C122846FDF711FE3040C0B270BDEF
:1006C0000431BDE87040FFF775BE0431BDE87040ED
:1006D000FFF72EBF012070BDA26804F10C0128466F
:1006E00002F070FE0646C7E7A168284602F096FEB3
:1006F0000646C1E7A26804F10C01284602F062FE3A
:100700000646D5E770B506460D46FDF7C1F8044626
:1007100030B12B78022B0CD0032B12D0012B08D038
:10072000022205F50271304602F0B8FD2040C0B249
:1007300070BD4FF400726968304602F07DFE0446D9
:10074000EEE72B1D4FF4007205F10801304602F070
:100750004BFE0446E4E700BF70B50D460978064637
:10076000FDF752F82B7804464BB9297A3046FDF74D
:100770004BF82B7A0440E4B243B9204670BD696857
:10078000304602F04BFE0440E4B2EEE7E968304642
:1007900002F044FE0440204670BD00BF70B50D4617
:1007A0000646096802F03AFE044629793046FDF70C
:1007B0002BF82B790440E4B243B9297B3046FDF78E
:1007C00023F82B7B04403BB9204670BDA968304616
:1007D00002F024FE0440F0E72969304602F01EFED4
:1007E0000440E4B2204670BD2DE9F0410C46097882
:1007F0000646FDF709F8237805466BB994F82810EA
:100800003046FDF701F894F828300540EDB2002B92
:1008100069D12846BDE8F08161683046FDF738FAB5
:100820006368002B6BD0002867D0A168304602F0C7
:10083000F5FD6368012B53D900285ED0E16830468E
:1008400002F0ECFD6368022B4AD9002855D02169DB
:10085000304602F0E3FD6368032B41D900284CD0F9
:100860006169304602F0DAFD6368042B38D900284C
:1008700043D0A169304602F0D1FD6368052B2FD922
:1008800000283AD0E169304602F0C8FD6368062BC3
:1008900026D990B3216A304602F0C0FD6368072B69
:1008A0001ED950B3616A304602F0B8FD6368082B68
:1008B00016D910B3A16A304602F0B0FD6368092B67
:1008C0000ED9D0B104F12C08092700E0A8B158F8DE
:1008D000041B304602F0A2FD013762689742F5D34F
:1008E0000540EDB28AE7E26A04F13001304602F0D9
:1008F00069FD05402846BDE8F08100257EE72840D7
:10090000C5B27BE770B50D4609780646FCF77CFF5B
:100910002B7804464BB9297A3046FCF775FF2B7AC1
:100920000440E4B243B9204670BD6968304602F025
:1009300075FD0440E4B2EEE705F10C013046FFF727
:1009400053FF0440204670BD70B50D460646098829
:10095000FCF7B4FF0446A9783046FCF755FFAB78A6
:100960000440E4B2B3B9A9793046FCF74DFFAB7946
:10097000044033BB297B3046FCF746FF2B7B044009
:10098000C3B9297D3046FCF73FFF2B7D04403BB9BE
:10099000204670BDA9883046FCF790FF0440E2E78E
:1009A000AA6905F11C01304602F00CFD0440E4B2D6
:1009B000204670BD29693046FDF76AF90440E4B26B
:1009C000DFE7A9683046FDF763F90440E4B2D1E7F8
:1009D000F8B502220D46064602F0FCFB0446A97853
:1009E0003046FCF711FFAB780440E4B20BB9204667
:1009F000F8BD05F108013046FFF7A6FF074695F858
:100A00002C103046FCF700FF95F82C300740FFB261
:100A100013B93C402046F8BDD5E90C233046FDF71C
:100A20008DFB0740F5E700BF70B505460E46FCF7A5
:100A30002FFF68B133780446013B0D2B09D8DFE85E
:100A400003F0410A23230A0A0A0A081010105C5610
:100A50000024204670BD311D2846BDE87040FFF7D8
:100A600051BE311D2846FCF713FF0028F0D0337922
:100A7000012B01D0022BECD1B16828464FF4007253
:100A8000BDE8704002F0D8BC311D2846FCF700FFDD
:100A9000044670B13379022B4CD0032B09D106F1F7
:100AA00008034FF4007206F10C01284602F09CFC8A
:100AB0000446022206F50371284602F0EFFB0440CB
:100AC000E4B2C6E7311D2846FCF7E2FE044630B129
:100AD0003379022B36D0032B3CD0012B32D006F5D4
:100AE00003712846FDF77AFC0440E4B2B1E7311DFA
:100AF0002846BDE87040FFF7B7BC04222846B1186D
:100B000002F0CCFB0446022206F10801284602F05E
:100B1000C5FB0440022206F10A012846E4B202F0B5
:100B2000BDFB034606F10C0128461C40FCF782FE83
:100B300004408EE74FF40072B168284602F07CFC56
:100B40000446B6E74FF40072B168284602F074FC20
:100B50000446C4E706F108034FF4007206F10C01E5
:100B6000284602F041FC0446B9E700BF70B50222F6
:100B700005460E4602F092FB022204462846B118B2
:100B800002F08CFB2040C0B270BD00BF2DE9F047E1
:100B90000E4609788046FCF765FE074638B1337883
:100BA000062B00F081800D2B14D0052B02D0384687
:100BB000BDE8F087B6F908104046FDF78FFB074601
:100BC0004046D6E90423FDF7B9FA0740FFB238469C
:100BD000BDE8F087B6F908104046FDF77FFBF168E5
:100BE00007464046FDF754F8F368002B67D018B36A
:100BF00006F10C09002404EB440506EBC505297C2D
:100C00004046FCF72FFE4FEA440A04EB440100285B
:100C100051D02B7CC900032B54D8DFE803F03321DB
:100C20000F0249444046896802F0F8FB0134F3683A
:100C30009C4244D20028DED10027B8E70831A24404
:100C400010224046494406EBCA0A02F0C3FA0546A0
:100C5000DAF824104046FDF71BF82840C0B2E5E75B
:100C60000831A24404224046494406EBCA0A02F075
:100C7000B1FA0546BAF818104046FCF71FFE2840A6
:100C8000C0B2D3E70831A24402224046494406EBF1
:100C9000CA0A02F09FFA05469AF816104046FCF779
:100CA000E1FD2840C0B2C1E7B6F908104046BDE8F2
:100CB000F047FDF713BB0134F368A342BCD83840BA
:100CC000C7B274E70134F36818359C4297D36EE7D6
:100CD0002DE9F041022206460F4602F0DFFA022219
:100CE00005463046B91802F0D9FA8046391D30461B
:100CF000FCF7CEFD05EA08050446791D30462C4078
:100D0000FCF7C6FD2040C0B2BDE8F081F8B50D4645
:100D100006460978FCF7A6FD044669783046FCF7DC
:100D2000A1FD0440A9783046FCF76EFDAB78E4B233
:100D3000044043B9297A3046FCF766FD2B7A04401B
:100D40003BB92046F8BD6968304602F067FB0440B5
:100D5000F0E769893046FCF7B1FD0746A9893046BE
:100D6000FCF7ACFD0740E9893046FCF7A7FD0346D8
:100D7000FFB2298A1D4630463C40FCF79FFD2C40BF
:100D800004402046F8BD00BFFFF714BBF8B50222AF
:100D900006460D4602F01EFA022204463046A91805
:100DA00002F018FA297907463046FCF75BFD70B16E
:100DB0002B793C40013BE4B20D2B09D8DFE803F06E
:100DC0004C0A23230A0A0A0A08121212453E00247A
:100DD0002046F8BD05F108013046FFF7F7FB044057
:100DE0002046F8BD297A3046FCF73CFD0028EED0BD
:100DF0002B7A012B01D0022BEAD1E968304602F0B0
:100E00000DFB0440E4E7297A3046FCF72BFD07464A
:100E100058B12B7A022B34D0032B06D1EA6805F1A6
:100E20001001304602F0CEFA0746022205F50471A1
:100E3000304602F0CFF938400440C9E705F1080117
:100E40003046FFF7B7FA0440C2E705F10801304623
:100E5000FFF76EFB0440BBE7297A3046FCF702FD42
:100E6000074630B12B7A022B11D0032B15D0012B62
:100E70000DD0B5F910123046FDF730FA3840044075
:100E8000A6E7E968304602F0C9FA0746CDE7E96807
:100E9000304602F0C3FA0746EBE7EA6805F11001B5
:100EA000304602F08FFA0746E3E700BF70B5022232
:100EB00005460E4602F0F2F9022204462846B11811
:100EC00002F0ECF90346311D28461C40FDF710F8EE
:100ED000E4B2204070BD00BF70B5022205460E4648
:100EE00002F078F9022204462846B11802F072F99D
:100EF0002040C0B270BD00BF2DE9F8430E46054644
:100F0000FCF7C6FC0446711C2846FCF7C1FC814670
:100F10000422284604EA0904B11802F0BFF906F1D8
:100F20000801804602222846E4B202F0B7F9022204
:100F3000074606F10A01284604EA080402F0AEF961
:100F400003463C4028461D4606F10C01FCF772FCA6
:100F500025402840BDE8F8832DE9F04102220646ED
:100F60000F4602F09BF9022205463046B91802F0FE
:100F700095F98046391D3046FCF78AFC05EA0805DC
:100F80000446791D30462C40FCF782FC2040C0B25C
:100F9000BDE8F0812DE9F04102220C46054602F041
:100FA00019F9022280462846A11802F013F90746D3
:100FB00021792846FCF756FC08EA070806466179BD
:100FC000284606EA0806FCF74DFC217A064028462A
:100FD000FCF71AFC237AF7B206466BB994F81C1298
:100FE0002846FCF711FC94F81C320640F6B283B98F
:100FF00006EA0700BDE8F081217B2846FCF732FCB9
:1010000088B104F10C012846FFF708FB0640F6B250
:10101000E4E704F508712846FFF7B8FD064006EA44
:101020000700BDE8F0810646D8E700BF70B5022290
:1010300005460E4602F0CEF8022204462846B118B4
:1010400002F0C8F80346311D28461C40FFF75EFE3B
:10105000E4B2204070BD00BF70B5022205460E46C6
:1010600002F0B8F8022204462846B11802F0B2F89D
:101070002040C0B270BD00BF70B50C4605460E469C
:1010800034F8021BFCF71AFC0222214604462846CB
:1010900002F0A0F80346317928461C40FCF7E2FB39
:1010A000E4B2204070BD00BF70B50E460546FCF7A7
:1010B00005FD022204462846B11802F0EFF8034667
:1010C000311D28461C40FCF7E3FBE4B2204070BD14
:1010D00070B50D4606460988FCF7F0FB69880446A2
:1010E0003046FCF7EBFB0346297930461C40FCF701
:1010F000B9FBE4B2204070BD70B50E460546FCF762
:10110000DDFC0446B11C2846FCF7D8FC0346311D23
:1011100028461C40FCF7BCFBE4B2204070BD00BF79
:101120002DE9F0410E460546FDF764FA0746311DEC
:101130002846FCF7DDFE804606F108012846FDF74B
:1011400059FA07EA0807044606F10C0128463C4014
:10115000FCF7CEFE06F1100104402846FDF74AFADE
:101160000346E4B228461D4606F11401FCF7C0FE12
:101170002C402040BDE8F0812DE9F04104460D46A9
:101180000C2202F08BF8032205F10C0107462046E1
:1011900002F084F805F10F0180462046FCF778FB49
:1011A00005F1100106462046FDF724FA07EA080774
:1011B000034620463E4005F114011C46FCF798FE0C
:1011C00034402040C0B2BDE8F08100BF0B280DDCE8
:1011D000002809DB0B2807D8DFE800F00706060720
:1011E000060606060606070701207047CB2818BF2B
:1011F00001207047034A034692E8030083E8030096
:1012000018467047C87E010818B14068003818BFFA
:10121000012070472DE9F8430646002300687360FB
:10122000002849D04769D0F80480D0F8109037B131
:10123000143000F0ADF90746002844D13068036B44
:1012400043B1283001F0AAFC18B1002F3ED0FBF7C3
:10125000CFFD3068036ADBB1D0E9062C012A7CF1AE
:10126000000111DB0024254653F824004946B8B19B
:10127000C04733680134D3E9062C45F100051B6AE9
:10128000944275EB0C01EFDB18464946C0473068C5
:101290004946C04700233846C6E90033BDE8F88315
:1012A000013445F10005944275EB0C01DCDB184676
:1012B0004946C0473068EBE7074600233846C6E991
:1012C0000033BDE8F883FBF793FDB7E7FFF77EFF38
:1012D0000746BCE72DE9F04F041E9BB00D461746AC
:1012E0001E4640F3A180002900F0A180A1F1040E68
:1012F0004FF0000C5EF8040F0CF1010C002800F018
:1013000096806445F6D1002F00F091803B68002B59
:1013100000F08D809C460DF1540EBCE80F00AEE845
:101320000F00DCF8003015A8CEF80030FBF73CFDCC
:1013300080F00100C0B2002879D1002E77D0336848
:10134000002B79D178210120DDE9183298478046B9
:101350003060002800F0A480684601F02DF869464E
:1013600008F128005022FAF734FCD6F800800DF17D
:10137000540CC646BCE80F00AEE80F00DCF80030A5
:10138000384608F11401CEF8003000F02BF907467A
:10139000002845D1D6F800804FEAE479C8F820004B
:1013A000C8F81840C8F81C90002C4CD0002D4AD02A
:1013B00004212046DDE918329847C8F82000D6F805
:1013C0000080D8F82030C3464BB3012C79F10003DC
:1013D00039DB0027A5F10408BA460CE0D8F8001064
:1013E000FAF7F7FB01374AF1000AD14508BFBC42C2
:1013F00027D0D6F800B058F8040FEEF751FF451C7F
:10140000159B19992846DBF820B0984733682A467F
:101410004BF827001B6A53F827000028DED10A2763
:101420003046FFF7F7FE03E000293FF46CAF0B27CF
:1014300038461BB0BDE8F08F642738461BB0BDE8C6
:10144000F08FD6F800801D490B68013323D01A466F
:1014500000240B60D8F814007360436A8261013382
:10146000C4611FD090F830304BB9303000F028F90B
:1014700007460028D4D1D6F80080D8F8140008F127
:101480002801183001F054FA07460028D0D0FFF7A1
:101490009DFE0746C4E701221C460A601346D9E7B1
:1014A0000A27C5E7243003F063FB07460028B7D1BD
:1014B000D6F80080D8F81400D4E700BFDC0F012074
:1014C0000020704784B0F0B597B01DAE86E80E00DE
:1014D000002858D00368054633B16424204617B06D
:1014E000BDE8F04004B070473046FBF75DFC0028D3
:1014F00049D0B44611ACBCE80F000FC4DCF8003092
:101500005020219923601D9B98470446286000289D
:101510003BD00DF1440C8646BCE80F00AEE80F004E
:10152000DCF8003002A8CEF8003000F055FF0DF1D5
:10153000080E04F1180C2F6820ACBEE80F00ACE8D0
:101540000F00BEE80F00ACE80F00BEE80F00ACE8EB
:101550000F009EE803008CE8030094E803008DE888
:10156000030096E80E0007F1180001F0C1F80446E8
:101570000028B3D021991E9B286898472046FFF782
:1015800025FE0446AAE70B24A8E70A24A6E700BF25
:1015900030B587B0F0B103680446DBB19C460DF16D
:1015A000040EBCE80F00AEE80F00DCF8003001A824
:1015B000CEF80030FBF7F8FB60B12068183001F07E
:1015C0006FF9054650B92068029B0599984728464F
:1015D00007B030BD0B25284607B030BDFFF7F6FD3C
:1015E0000546F8E72DE9F04194B000285BD00446A9
:1015F0000068002857D00E46FBF7D6FB002E52D0CD
:1016000080F00100C0B200284DD1336823B16424BA
:10161000204614B0BDE8F08127680FADBC46D7F86E
:101620000080BCE80F000FC5DCF8003050201946E0
:101630002B60C04705463060D0B30DF13C0C8646A8
:10164000BCE80F00AEE80F00DCF800306846CEF8CA
:10165000003000F0C1FEEE4605F1180C2468356834
:10166000BEE80F00ACE80F00BEE80F00ACE80F00CA
:10167000BEE80F00ACE80F009EE803008CE8030012
:1016800004F1180005F1180101F094F8044600284F
:10169000BED0FBF797FBFBF7ABFB3046FFF778FFBD
:1016A00040B10446B4E70B24204614B0BDE8F081F5
:1016B0000A24ADE7204614B0BDE8F041FFF786BD2F
:1016C00010B5002382B00193B8B1044601A90C48BB
:1016D00000F070FB10B1012002B010BD019B13B1EE
:1016E0001A78312A04D002230020237002B010BDE2
:1016F0005B78002BF7D10123F6E70B2002B010BD79
:10170000F0760108034A034692E8030083E80300E9
:1017100018467047D07E01082DE9F04FA9B0044665
:101720000E461546DDF8C88023A81F4603F042FC8C
:10173000B8F1000F00F0F3804046FBF735FB002DB9
:1017400018BF002C80F001000CBF4FF0010C4FF0CF
:10175000000C002E08BF4CF0010C4CEA000C1CF0F1
:10176000FF0940F0DC80D4F804A0BAF1000F40F08B
:10177000FC80002F00F0D3803846FFF745FD8346FC
:10178000002800F0D2805246304622A9CDF888A029
:1017900000F024FF8246002840F0C38022980028F1
:1017A00040F0F1802846EEF77BFD002840F0C08035
:1017B000794D22A90022284600F0F2FE8246002838
:1017C00040F0AF802298002840F0D580D8F8003053
:1017D0007820D8F81010984782466060002800F002
:1017E000CF800022002308A8CAE91A23CAE91C23D3
:1017F00000F002F908A950466822FAF7EAF9616890
:101800004046276000F006F9002858D12846EEF738
:1018100047FD284410F8013CCDE903562F2BD8F89A
:10182000103000930CBF5D4B5D4B02934FF400638F
:101830000193D4F804A098E80F0000F0D3FA2368CD
:10184000CAF87400314618682A466668283001F0E4
:10185000C9FA6368B066986E002832D001F04EFB7A
:10186000824660B3D8F800300820D8F810106668B7
:1018700098476368F066D3F86CB0BBF1000F20D0D6
:1018800006A823AE03F00EFB06A86368C44603C88F
:10189000D3F86CE08BE80300BCE80F000FC6DCF85F
:1018A0000030336028AB13E90F008DE80F0051467C
:1018B0003A467046239B03F0FFFA824628B36368DA
:1018C000F3B1586F28B1D8F80430D8F81010984701
:1018D0006368986E10B101F093FA6368D86E48B1EE
:1018E00003F046FB6368D8F81010D86ED8F80430BF
:1018F000984763681846D8F81010D8F8043098470D
:1019000000234FF0010AC4E90033B9F1000F08D0F9
:10191000D8F804302846D8F81010984701E04FF066
:101920000B0A504629B0BDE8F08F4FF0650AF8E782
:101930002B782F2B3FF43DAF0395D8F81030009350
:10194000184B02934FF40063019398E80F0000F0E6
:1019500049FA0546E0B1002222A9229200F020FEB9
:1019600082460028D4D1D9462CE74FF0640A50466D
:1019700029B0BDE8F08F4FF0CA0A00F023FEC4E79B
:101980004FF00A0AC1E74FF0C90A00F07BFEC8E732
:101990004FF00A0AC5E700BF08770108D8750108AB
:1019A000107701080C77010830B1436823B19B6EB2
:1019B00013B10068FFF728BC0020704720B14068D1
:1019C00010B1806E00B18068704700BF20B14068E0
:1019D00010B1806E00B1C068704700BF28B1406888
:1019E00018B1836E002B08BF0020704710B140680B
:1019F00000B1806E704700BF10B504466822002118
:101A0000FAF79FF82046FBF7C1F90123204623751A
:101A100010BD00BF002818BF88421BD0F8B5B1FA2E
:101A200081F60C46760999B10546878A84468E462A
:101A30000FCDAEE80F002B6850220CF1180104F115
:101A40001800CEF80030A782FAF7C3F83046F8BD88
:101A50000B20F8BD0B20704782B02DE9F04F91B0FC
:101A60001AAC9DF87C8084E80C0000283DD00C4620
:101A70000546FFF7B3FF00283AD02846FFF79EFF40
:101A8000064628460BADFFF7A1FF0DF1680E07468D
:101A9000AC46BEE80F00ACE80F00DEF80030CCF832
:101AA0000030219B0BB38946DDF878A000F010FBD5
:101AB00010AB089013E907008DE80700002108A883
:101AC00095E80C0000F076FB8346A0B1FBF77AF9AD
:101AD000FBF78EF9BBF10A0F18BF4FF0010B584608
:101AE00011B0BDE8F04F02B070474FF00B0BF6E7B6
:101AF0004FF0010BF3E70990079008A803F0CCF929
:101B0000834680B10A2808A818BF4FF0010B00F0E7
:101B100091FB044600285BD151460998C8475146BD
:101B20002046C847DBE709ABEC4605930FCDACE890
:101B30000F002B683A4631462046CCF8003008ABFF
:101B400003F04AF88346D8B9099C024609900AA9CD
:101B5000204600F055FC50BB0A9D002D40D1219B32
:101B600008A81C6000F066FB8346002843D0FBF702
:101B700029F9A8464FF0010B2C46FBF739F90AE08A
:101B8000672814BF4FF0000808F00108079C08A858
:101B900000F050FB50BB51460998C84751462046BB
:101BA000C847B8F1000F18BF4FF0680B97E7FBF775
:101BB00009F9FBF71DF908A800F03CFB98B951465C
:101BC0000998C847514620464FF0010BC84786E7A1
:101BD000DDF81C80FBF7F6F8FBF70AF94446DAE774
:101BE0004FF0670BD3E7D8464FF0010BFBF7EAF84D
:101BF000FBF7FEF8CFE751460998C84751465846CB
:101C0000C8476CE7084600F08BBB00BF084600F0F1
:101C1000ADBB00BF037A10B50C4643B1052100F0FF
:101C200093F802460B460020C4E9002310BD084685
:101C3000BDE8104000F074BBF8B5054610461446E8
:101C40000E46FBF7B1F828B1032D03D8DFE805F005
:101C50001F3059064FF00B0C6046F8BD002CF9D030
:101C6000B6FA86F35B09002EF4D033619C4606F188
:101C70001405324F4FF0030EC6E901330FCC0FC5E8
:101C8000236860462B60F76086F800E0F8BD002E00
:101C9000E0D0002306F1140533709C46C6E90133F9
:101CA000C6E903330FCC0FC5236860462B60F8BD2F
:101CB000002CCFD0B6FA86F56D09002ECAD0A64604
:101CC000357006F1140CBEE80F00C6E90155C6E9EF
:101CD0000355ACE80F00DEF800301020CCF80030DF
:101CE000236821699847306120B300220023AC4665
:101CF0000572C0E90023124A01236046F260337086
:101D0000F8BD002CA6D0B6FA86F35B09002EA1D050
:101D100033619C4606F11405DFF828E00227C6E986
:101D200001330FCC0FC5236860462B60C6F80CE06A
:101D30003770F8BD4FF00A0C8EE700BF0D1C01088C
:101D4000151C0108051C010880EA1041164A174BB2
:101D50004FF0010C81F03D0101EBC10181EA11114D
:101D600002FB01F181EAD131A3FB01231B0903EB43
:101D70004302C3EBC203D0B4C91A0D4C6218D2E8B7
:101D80004F3FC2E846CF002EF9D1DBB2BFF35B8FE5
:101D9000002BF4D1D0E90067BFF35B8F635430466A
:101DA0003946D0BC704700BF2DEBD427C94216B2CC
:101DB000E00F012068B110B50C4629B103F0C6FC54
:101DC00020B12060002010BD034810BD034B2360EC
:101DD00010BD0348704700BF34770108B072010896
:101DE000187701080FB4F0B583B008AC0E9E84E8F4
:101DF0000F0026B308A8FAF7D7FF00B300210FABF6
:101E000032460846CDE9003300F004F9431C05468C
:101E100015D0471C0D9B9F4201D95D1E1F46089B94
:101E200038460C999847044648B132463946019BDA
:101E300000F0F0F8002809DB0023635500E00024DF
:101E4000204603B0BDE8F04004B070472046099B2F
:101E50000C9900249847F3E72DE9F04F89B000264C
:101E600080468A4601900846994604921025EEF76E
:101E700017FA3746B34602901EE00BF1010B029BA6
:101E80005E4504EB030811D22E44D9F80830D9F886
:101E9000102005EB4505B1009847002800F0888028
:101EA000B5F5801F074628BF4FF48015019A07EB50
:101EB0008B03A41A43F8044C5146404603F08DFDB1
:101EC00004463846002CD8D14046EEF7E9F9019B8C
:101ED000A8EB030808EB00040394BBF1000F46D005
:101EE0000498EEF7DDF9029A0646D9F80030821A16
:101EF000D9F810100BFB0242501C079298478246FB
:101F0000002855D03A683D4601990124F9F761FE51
:101F10003B6805970AEB0308CDF818A0DDF804A08C
:101F20004746CDF80490DDF81080DDF80890324681
:101F3000414638463744F9F74CFE55F8042BA34583
:101F40004A440AEB020128D02868821A384617440E
:101F5000F9F73FFE621CA3451446E8D8DDF804906B
:101F6000DDE9057A0023079A0AF802300BE02046E3
:101F7000D9F80030D9F8101001309847824610B1D6
:101F8000019903F040FD3846D9F80430D9F8101013
:101F90009847504609B0BDE8F08FB846039BDDF87E
:101FA00004909A1A4046DDE9057AF9F712FED9E75E
:101FB0004FF0000AE7E700BF0CB430B583B006ABC2
:101FC00053F8042B0193E2B1B0FA80F4B1FA81F531
:101FD00050EA010C4FEA54144FEA551508D084B961
:101FE0007DB903F067FC03B0BDE8304002B0704734
:101FF0006146604603F05EFC03B0BDE8304002B0CD
:102000007047F9F7B9FD162203464FF0FF301A600A
:10201000E9E700BF70B5B2B1B0FA80F4B1FA81F56A
:1020200050EA010C4FEA54144FEA551505D054B943
:102030004DB9BDE8704003F03DBC61466046BDE867
:10204000704003F037BCF9F797FD162303604FF09B
:10205000FF3070BD84B0F8B507AC054684E80E00CB
:10206000A0B1EEF71DF9471C079B06460B993846B1
:102070009847044628B13A462946F9F7AAFD0023B5
:10208000A3552046BDE8F84004B0704704462046FA
:10209000BDE8F84004B0704782B0F8B506AC05461C
:1020A00084E80C0088B14F1C0E460A9938469047C8
:1020B000044628B13A462946F9F78BFD0023A3557B
:1020C0002046BDE8F84002B070470446F8E700BF7C
:1020D0000020014B18607047F80F0120002859D0EC
:1020E0002DE9F0410C460168054629B1CB68A342B1
:1020F00005D91C460029F9D11F20BDE8F0818B6865
:10210000A34243D00E6A94B3B4F1804F40D2A700EB
:10211000D1F81880086832463946C047002837D0C1
:102120002B683246394618605868C047034678B372
:102130002D68AA686860A24224D2296800EB070CC7
:1021400000EB820801EB82009600604503D201EBB0
:10215000070CE04520D3A21A002196003246F9F779
:10216000F0FC324600214046F9F7EBFC0AE04F69EB
:1021700008683146B8472B68314658681C60B84734
:102180002D686C600020AC60BDE8F0810020B4E7F1
:102190000A20B2E70B207047321F13440A44043967
:1021A0000F44002142F8041FBA4243F8041FF9D13A
:1021B000E8E700BF82B070B504AC84E80C0080B3DF
:1021C000066804462EB11E252846BDE8704002B0C0
:1021D000704704A80D46FAF7E7FD10B3049B2420CE
:1021E00008999847206010B30DF1100E00F1100C03
:1021F000C0E90066C0E90266BEE80F00ACE80F0067
:10220000DEF8003029462046CCF80030FFF766FFA4
:1022100005460028D8D0059B089920689847266075
:10222000D2E70B252846BDE8704002B070470A256A
:10223000CAE700BF2DE9F84300283AD004680646F3
:10224000002C33D0A36833B3002522682F4652F800
:102250002500E8B1D4F82090D4F814804946C0474E
:102260004946D4E9003243F8257052F82500C047AA
:10227000E3686268013B42F825700135E360346829
:10228000A3689D4207D2226852F825000028E1D1B8
:1022900001359D42DBD300213046FFF71FFF044686
:1022A00020B930684369016A984734602046BDE828
:1022B000F8830B242046BDE8F88300BF78B32DE9EE
:1022C000F84FD0F800B0BBF1000F1FD0B1FA81F485
:1022D00088466409D1B1DBF80870DBF80060AFB163
:1022E0009146043E56F8045F4FEA840A01342846BA
:1022F00055B1EDF7D5FF0246294640464A4538BF5D
:102300004A46F9F726FC20B1A742EBD10020BDE8F0
:10231000F88FDBF8043053F80A00BDE8F88F7047F7
:1023200000B370B584B0044601206946F9F7C6F9D8
:10233000DDE90031002912DB53EA0102029D01D1DF
:10234000002D0CDB084E0020A3FB06325B1906FBB8
:10235000012242EBE572C4E9003204B070BD0220F4
:1023600004B070BD0B20704700CA9A3B00B370B533
:1023700084B0044600206946F9F7A0F9DDE9003190
:10238000002912DB53EA0102029D01D1002D0CDB72
:10239000084E0020A3FB06325B1906FB012242EB2C
:1023A000E572C4E9003204B070BD022004B070BD13
:1023B0000B20704700CA9A3BD0B50446103000F09D
:1023C0000BF80026002300272046A360A364E364E3
:1023D000C4E90067D0BD00BF10B504463822002113
:1023E000F9F7AFFB04F1100000F006F84FF0FF33EF
:1023F0002046E36010BD00BF0022027042607047BB
:1024000000285DD02DE9F0410D4600295AD0044640
:102410001646EDF745FF50B123782F2B0ED002233F
:102420002B6046B1002318463360BDE8F0810123DC
:102430002B60002EF6D10020BDE8F081431EE25C47
:102440002F2A41D0621EC4F1010E02EB00080EEBF0
:10245000020712F8013F23F02001A3F12F0C4139AC
:1024600019290FD9BCF10A0F0CD9A3F15F03B3FAF4
:1024700083F35B0933B904222A60002EDBD01846AF
:102480003760D2E74245E2D101231A4F04E0984277
:1024900004F1010413461CD9984203F10102F6D05D
:1024A00021782F29F3D161782F291ED0C95D4907E2
:1024B000EDD506222A60002EBDD000203360B4E79F
:1024C0000B2070470B20B0E703222A60002EF4D1C6
:1024D000B1E7F72803D8002318462B60A5E70723A8
:1024E0002B60002EA7D0F623E7E705222A60002EF6
:1024F000E3D1A0E7C87C0108002843D070B514469A
:10250000C2B02AB301290D461E4602D103782F2BF3
:1025100012D001AA6946FFF773FF80B9009A4AB149
:10252000072A07D0531E052B2ED8DFE803F01C1F07
:1025300022252814F52D04D800231846236042B024
:1025400070BD07232360002EF9D0F4233360F6E733
:102550000B2042B070BD06232360002EEFD0019BFC
:10256000336042B070BD01232360F6E7022323608D
:10257000F3E703232360F0E704232360EDE705235B
:102580002360EAE70B20704713464FF48071034A3B
:1025900002A8FFF711FD0120D1E700BF5077010825
:1025A00068B170B50D4616460446EDF779FE334620
:1025B00001462A462046BDE87040FFF79DBF0B202C
:1025C000704700BF072803D8024B53F8200070471C
:1025D00001487047D87E0108A0770108002842D042
:1025E0002DE9F0410D4600293FD004461646EDF78F
:1025F00057FE10B3631EC4F1010103EB0008CF18AE
:1026000013F801EFAEF130022EF0200C092AACF1E4
:10261000410C05D9BCF1190F02D9BEF15F0F14D1DD
:102620009845ECD12278164BD35C13F0040313D1F8
:10263000FF281CD818462B600CE001232B607EB1CC
:10264000002318463360BDE8F08102232B603EB1C1
:1026500000203760BDE8F08103232B60002EEFD10E
:102660000020BDE8F0810B2070470B20F2E7042228
:102670002A60002EF4D0FE2218463260EAE700BF3E
:10268000C87C0108042803D8024B53F82000704787
:1026900001487047F87E0108487901080346406800
:1026A00058B142685A600AB1002111601A6842604C
:1026B00002B1106000220260186070470B680BB115
:1026C0004A685A604A6802B1136003688B424368E3
:1026D00008BF02604B6003B1196000230B604160CA
:1026E000704700BF014B1868704700BF0C7F01089E
:1026F00084B0F0B583B009AD85E80E0030B1044672
:102700002846FAF751FB08B1A6682EB10B2003B09A
:10271000BDE8F04004B070470022002304F1200C13
:102720006F46C4E900231F4B1B68A3600FCDACE8C4
:102730000F002B683846CCF80030E661E660FFF702
:102740005BFE04F11003032297E8030083E8030013
:10275000154816492676FAF72FFE1348FFF79EFF15
:10276000F0B1134A83685168636310785961D16886
:102770001874D961116919625169926859629A6134
:10278000FDF71AFCF8F7EEFFF9F71AF8636B986299
:102790000028F9D0002003B0BDE8F04004B0704735
:1027A0000120B4E70C7F01084C0F0120E8C700208E
:1027B00074C6002070B588B060B10D4651B10446B2
:1027C000806828B1344B1968EDF714FE002857D102
:1027D000AB681BB10B24204608B070BD23462A46C7
:1027E00004F13006D3F800E0103353F80CCC10326B
:1027F00053F8080C53F8041CB34242F810EC42F8AA
:102800000CCC42F8080C42F8041CEBD1196804F116
:10281000200E5B680DF10C0C116053606646BEE83B
:102820000F00ACE80F00DEF800303046CCF8003086
:10283000FAF7BAFA0028CDD008AB13E903008DE807
:10284000030096E80E00E069FFF704FCE861E36925
:1028500003B1F8B11148FFF721FFA8B183686B639A
:1028600003F11005626B002402F1100CBCE80F00AC
:102870000FC59CE8070085E80700204608B070BD3A
:102880000C24204608B070BD049B01240799E86918
:102890009847A0E70A249EE70C7F01084C0F01200F
:1028A00010B58EB0002835D004462030FAF77CFAF7
:1028B00080B3A06820B11C4B1968EDF79BFD88BB65
:1028C0001A4B196851B3626B01E0496831B38B68E8
:1028D0009A42FAD11548FFF7F1FE216B636AE0696D
:1028E00098476846FFF778FDEE46A4460024BEE808
:1028F0000F00ACE80F00BEE80F00ACE80F00BEE828
:102900000F00ACE80F009EE803008CE803002046AF
:102910000EB010BD0B2420460EB010BD0124204681
:102920000EB010BD0C24F2E70C7F01084C0F012003
:102930002DE9F04383B0002800F0D3800E46002933
:1029400000F0CF80436B0546002B00F0CA80784B27
:1029500080681F6828B13946EDF74CFD002840F02B
:10296000CA80744C4FF0000873497448D5E90023BD
:10297000B760C6E90023EB680122B364FAF7BCFC38
:10298000204604226E49FAF7F7FC6C4884F80D8063
:10299000FFF784FE002800F0A9808468686B04F1CA
:1029A0001009D0F824C0017CD0E90623CDF804C07A
:1029B000006A0090484600F0C5FD4FF47A7204F5B5
:1029C000805360496048C4E9E32204F55E72C4E9BB
:1029D000E122C3F894850122C3F89885C3F89C8549
:1029E000C3F8A085C4E9DA78F464FAF765FC052237
:1029F00056495748FAF740FC0A2256495648FAF712
:102A00001BFC012255495648FAF7D6FB01225549CD
:102A10005548FAF7F1FB0F2254495548FAF78CFC58
:102A2000032254495448FAF7C7FC04225349544836
:102A3000FAF7E2FC534954480422FAF7FDFC4246F7
:102A4000696BF06C00F006FB0746002858D16B6BF1
:102A500004F5287504F522719A6A2846FCF736F9C0
:102A600022464A492846FCF751F93A464849284641
:102A7000FCF748F93A4647492846FCF74BF93A46ED
:102A800045492846FCF74AF9B4F89822042304F58E
:102A9000657192002846FCF781F9B4F89822042366
:102AA00004F694319200C4F874032846FCF74CF9FC
:102AB000C4F878032846FCF76BF941F29431C4F866
:102AC000800328462144B4F89822FCF72BF9C4F877
:102AD0007C032846FCF782FEF8B1384603B0BDE817
:102AE000F0830B27384603B0BDE8F0830127384652
:102AF00003B0BDE8F0830C27384603B0BDE8F0838F
:102B0000484600F05DFD21460C48FFF7D7FD3846EA
:102B1000C6F84C8003B0BDE8F083484600F050FD95
:102B200021460648FFF7CAFDF7640127D5E700BF35
:102B30000C7F01089C0F012048D200208C0F01203F
:102B4000F0E700206CC800205C0F0120F008012095
:102B5000AC0F012010C900206C0F012080D1002093
:102B60007C0F0120A0C6002090C60020280D012067
:102B7000BC0F0120E8C700204C0F0120CC0E012023
:102B8000CC0F012068C700203C0F01207D510108B7
:102B90007551010815520108B1520108174BC16C5B
:102BA00070B51C68054634B30026D4E901400269BB
:102BB0008A4218D0002CF8D189B1D1F8883301F5B8
:102BC00028709B78012B14BF0A210021FCF7DEFD41
:102BD000E86CFAF751FCE86C103000F0F1FC0023CF
:102BE0003046EB6470BD183000F00AF9E96C064617
:102BF000002CDAD1E0E72646DEE700BF5C0F0120BB
:102C00002DE9F041054684B022480F461646FFF7ED
:102C100045FD0446002839D02B690221846803F55C
:102C20008053DFF87480B3F89605421CC4E905654B
:102C3000A3F89625FBF78EFF3C22206141463846DB
:102C4000FAF75AFDF0B1154F304664223946FAF7CB
:102C500023FDB8B1286906216B69D0F8842300F5FB
:102C60002870CDF80080CDE9017111682269FBF769
:102C700095FE02462869D0F88C33D0F88413FAF711
:102C8000D7FC18B920460024FAF76CFC204604B0A3
:102C9000BDE8F081BC0F0120FC0F0120381001209D
:102CA00038B58569DDB104462869D0F8883300F568
:102CB000287022691968FBF7F3FD02462869D0F8ED
:102CC0008813D0F89033FAF7B3FC03462046002B64
:102CD00014BF00240224FAF745FC204638BD012425
:102CE000204638BD2DE9F04383B0002B64D0064662
:102CF00038480F4690461D46FFF7D0FC00285BD0B1
:102D00008468EB6C04F12C0904F118052361FFF7CA
:102D1000E9FCC4F82090C4E906043046EDF7C0FA97
:102D2000421C3C2A40D8484604F168093146F8F76D
:102D300050FF3846C4F82490EDF7B2FA421C3C2A02
:102D400032D839464846F8F744FF2369012103F594
:102D50008053B3F894054218A3F89425FBF7FAFEC4
:102D600060613B782F2B2CD17B7853BB33461A4ABA
:102D70003C211A4802F032FD206906211FFA88F32F
:102D8000D0F8842300F5287001911449009111684E
:102D90006269FBF7D1FD02462069D0F88C33D0F888
:102DA0008413FAF745FC18B928460025FAF76AFBA0
:102DB000284603B0BDE8F0830025284603B0BDE8EF
:102DC000F0833B46064A3C210096044802F006FD8B
:102DD000D2E700BF5C0F0120CC7501089C100120D8
:102DE0001077010803460846114638B102782AB127
:102DF00021B10A7812B19A6CFFF774BF00207047B6
:102E0000F8B528B30746006820B1374B1968EDF7CD
:102E1000F1FAE8B97D68DDB1344B1C68002C60D054
:102E20000026D4E90141D1F880309D4213D0002C16
:102E3000F7D12F4B1C68C4B1D4E901410B6A9D4204
:102E4000F9D17C31384600F0A3F801280646F2D1CA
:102E500001263046F8BD84313846FAF757F9012883
:102E60000646F5D0002CDCD1E3E7224B1C686CB1A0
:102E7000D4E901418B6F9D42F9D17C31384600F095
:102E800043F801280646E3D0002CF1D11A4B1C6808
:102E90006CB1D4E901418B6F9D42F9D17C31384648
:102EA00002F050FA01280646D2D0002CF1D1286950
:102EB0006A69D0F8883300F528701968FBF7F0FCD0
:102EC00002462869D0F88813D0F89033FAF7B0FB9F
:102ED00003463846002B08BF0226FAF7D3FA3046DD
:102EE000F8BD2646A5E700BF0C7F01086C0F012046
:102EF000AC0F01207C0F012090C6002043681869A8
:102F000000F55A70704700BF70B528B104460068DC
:102F10000D46FAF709FC10B90124204670BD63681C
:102F2000002BF9D0002DF7D02868FAF7FDFB002818
:102F3000F2D06E68002EEFD0646832692069D0F854
:102F4000883300F52870196801F084F8024620697A
:102F5000D0F89033D0F88813FAF76AFB2069326909
:102F6000D0F8883300F528701968FBF799FC024601
:102F70002069D0F89033D0F88813FAF759FB03464C
:102F80002846002B14BF00240224FAF7BFFAC4E736
:102F90002DE9F04128B1044600680D46FAF7C4FB5C
:102FA00018B901242046BDE8F0816368002BF8D0F1
:102FB000B5FA85F46409002DF3D02868FAF7B4FB5C
:102FC0000028EED06E68002EEBD0376A726938693F
:102FD000D0F8883300F52870196801F03BF80246F4
:102FE0003869D0F89033D0F88813FAF721FBF069EC
:102FF000FFF756FE336A72691869D0F8883300F516
:1030000028701968FBF74CFC336A804632691869EE
:10301000D0F8883300F528701968FBF741FC424668
:1030200080463869D0F89033D0F88813FAF700FB5F
:10303000064638694246D0F89033D0F88813FAF73C
:10304000F7FA26B118B12846FAF74AFAAAE7022495
:10305000F9E700BF08B540B1103049B1496900F047
:103060007BFA80F00100C0B208BD10460029F5D1FE
:10307000034B596800F070FA80F00100C0B208BD3F
:1030800074C60020054B1B6823B1986800F52870B2
:10309000FBF7A0BE00200021704700BF8C0F01206D
:1030A0002DE9F041056804460E462846EDF7A2F9E1
:1030B000C8B1114B1B689D4212D1D4F80480D8F8D6
:1030C00000406CB1D8F808500027043D314655F84F
:1030D000040FEDF78FF9BB0040B10137BC42F5D1C9
:1030E0000020BDE8F0812046BDE8F081D8F810202E
:1030F000BDE8F041D358184728010020003818BF18
:1031000001207047704700BF2DE9F04119461F4666
:1031100005469046FBF7FEFAE0B93E460BE0414417
:10312000A8682246361BF8F754FDAB68286923448B
:103130002044AB602861314601222846FBF772FB30
:10314000B91B04460028EAD10123A87D6B755840BD
:10315000BDE8F0813A464146A868F8F73AFDAA680A
:103160002B693A443B44AA602B61EDE72DE9F0411D
:1031700019461F4605469046FBF7CCFAE8B93E468D
:103180000CE008EB0300A9682246361BF8F721FD86
:10319000AB68286923442044AB6028613146012292
:1031A0002846FBF73FFBBB1B04460028E9D101235F
:1031B000A87D6B755840BDE8F0813A46A968404645
:1031C000F8F707FDAA682B693A443B44AA602B61D3
:1031D000EDE700BF2DE9F041884611461746054648
:1031E000FBF798FAE0B93E460BE04144A868224656
:1031F000361BF8F7EEFCAB68286923442044AB602B
:103200002861314601222846FBF70CFBB91B044616
:103210000028EAD10123A87D6B755840BDE8F081F4
:103220003A464146A868F8F7D4FCAA682B693A44A4
:103230003B44AA602B61EDE72DE9F04119461F469A
:1032400005469046FBF766FAE0B93E460BE041447E
:10325000A8682246361BF8F7BCFCAB6828692344F3
:103260002044AB602861314601222846FBF7DAFA98
:10327000B91B04460028EAD10123A87D6B7558408C
:10328000BDE8F0813A464146A868F8F7A2FCAA6872
:103290002B693A443B44AA602B61EDE72DE9F041EC
:1032A0008846114617460546FBF734FAE8B93E460C
:1032B0000CE008EB0300A9682246361BF8F789FCEE
:1032C000AB68286923442044AB6028613146012261
:1032D0002846FBF7A7FABB1B04460028E9D10123C7
:1032E000A87D6B755840BDE8F0813A46A968404614
:1032F000F8F76FFCAA682B693A443B44AA602B613B
:10330000EDE700BF2DE9F04119461F4605469046FE
:10331000FBF700FAE8B93E460CE008EB0300A968A9
:103320002246361BF8F755FCAB6828692344204435
:10333000AB602861314601222846FBF773FABB1BBC
:1033400004460028E9D10123A87D6B755840BDE8EB
:10335000F0813A46A9684046F8F73BFCAA682B6919
:103360003A443B44AA602B61EDE700BF70B51546B7
:103370000E46017D0446FAF723FD0DB9012070BD0C
:103380002B463246217D2046BDE87040FFF7BCBE8B
:103390002DE9F0411D4616460F461A46017D0446AA
:1033A000FAF736FE2B689E4201D20122A27513B9AC
:1033B0000120BDE8F0813A46217D2046BDE8F0417C
:1033C000FFF7D4BE70B515460E46017D0446FAF7E8
:1033D000F7FC0DB9012070BD2B463246217D2046F9
:1033E000BDE87040FFF728BF2DE9F0411D461646A5
:1033F0000F461A46017D0446FAF70AFE2B689E42E4
:1034000001D20122A27513B90120BDE8F0813A462C
:10341000217D2046BDE8F041FFF774BF38B5054671
:1034200008460C46ECF73CFF02462846214601328E
:10343000BDE83840FFF79ABF00B583B001ABFFF796
:10344000A7FF03B05DF804FB014B1878704700BF7D
:10345000D81001202DE9F04F934689B00022044690
:103460008A4605938DF81E2090F8002222B300F2C0
:1034700002290DF11F0805AF0DF11E064FF400756E
:1034800002E0059B002B0FDDD4F874122346224680
:103490004846CDE90278CDE9005601F0C9F8002888
:1034A000EFD09DF81E30B3B10F4B00209DF81F20C8
:1034B0001A7009B0BDE8F08F0DF11F0201460092AD
:1034C0004FF40072D0F87452A8470028ECD09DF851
:1034D0001E30002BE8D1CBF800000120CAF80040D4
:1034E00009B0BDE8F08F00BFD810012030B590F8CA
:1034F000005287B0144695B90DF11703D0F87052F9
:10350000A8470346181E18BF0120A34218BF002079
:1035100018B90B4B9DF817201A7007B030BD0B4639
:1035200000220DF117010094CDE901210246D0F8E7
:10353000701200F2022000F09DFE0346E2E700BF99
:10354000D810012080F800120199C0E99A23009B4D
:10355000C0E99C31704700BF38B5D0F8683203B37A
:10356000D0F86C220446E2B1D0F87022CAB1D0F88B
:103570007422B2B1C0F88C129847054688B194F80D
:1035800000328BB90B4B28460B490C4AC4F88032E9
:103590004FF40073C4F88422A4F88832C4E99E4131
:1035A00038BD0025284638BD002104F2022000F075
:1035B0005BFEE7E755340108ED34010849340108A2
:1035C000D0F86C32184700BF4FF6FF730380704786
:1035D0004FF6FF730380704738B5044600880D46E8
:1035E00000F02AFE0346C00F002BB8BF258038BD6F
:1035F00070B50C46054608892B68267DD1E9001276
:10360000B2FBF0F2A3EB010CBCFBF2FC0CF1010CE1
:103610001FFA8CF3B3FBF0FC00FB1C339BB202FBE4
:1036200003F3181D084450F8042C16B1002640F886
:10363000046C032A01D8012070BD08332846043ADF
:1036400019442B69FBF7B0F8284622460249FBF7DC
:1036500089F8002070BD00BFF135010810B5C0E940
:1036600000120024029A038102610475C3B10C6048
:103670000189012914D94FF0010C43680CF1010EA6
:10368000BCFBF1F2B3FBF1F301FB12C21FFA8EFC9B
:1036900092B202FB03F30268D45001896145ECD871
:1036A0004FF0FF33C36010BD0189D9B110B54FF0A1
:1036B000000EF446744643680EF1010EBCFBF1F2B5
:1036C000B3FBF1F301FB12C21FFA8EFC92B202FBB4
:1036D00003F30268D45001896145ECD84FF0FF3301
:1036E000C36010BD4FF0FF33C36070472DE9F8434E
:1036F00004460D46018917468089984600F094FDDE
:1037000029460646A08900F097FD00280ADB00261E
:103710002946E08900F090FD002800DAE581304676
:10372000BDE8F8833046294600F086FD0028EEDB30
:1037300023693846984781460121A08900F074FD2D
:10374000B9F1000F08BF85420CBF0126002604D145
:103750000023089AA0811370DAE722896368B5FB19
:10376000F2F0B3FBF2F302FB105080B203FB00F067
:1037700023680430184450F8043C002BC7D1394664
:103780004246F8F726FA21896368B5FBF1F2B3FBEC
:10379000F1F301FB125292B202FB03F3226842F8EA
:1037A00003800123089A1370B9F1000FAFD0A689E6
:1037B0000121304600F038FD218963680646B0FBE0
:1037C000F1F2B3FBF1F301FB1202206892B202FBAB
:1037D00003F30433184450F8043C002B97D02369BA
:1037E0009847022802D00128E2D090E701268FE70F
:1037F0002DE9F04704460F4680890121904600F0EC
:1038000013FD22896668B0FBF2F3B6FBF2F602FB09
:1038100013039BB203FB06F6236804361E4456F8D6
:10382000049CB9F1000F23D0054623693046984720
:10383000824600B3B4F80CA00121504600F0F4FC1D
:103840002189824663682068BAFBF1F2B3FBF1F389
:1038500001FB12A292B202FB03F30433184450F8A6
:10386000043C2BB12369984702281BD00128E3D0E0
:103870000020BDE8F0874A4631463846FAF79CFFFB
:10388000218963680120B5FBF1F2B3FBF1F301FB81
:10389000125292B202FB03F3226842F803A0A58100
:1038A000BDE8F087208906EB08016368A9EB0802F0
:1038B000B5FBF0F6B3FBF0F300FB16550020ADB2FC
:1038C00003FB05F5236858513846FAF775FF38466B
:1038D00022460349FAF746FF0120A4F80CA0C8E7E6
:1038E000F135010838B511460446C089154600F087
:1038F000A3FC0028B8BFE58138BD00BF2DE9F8431F
:10390000038904460F468589DBB12846012604E079
:10391000664506F1010614D2A089B1B200F084FC1C
:10392000B4F808C0B0FBFCF2D4E900130CFB12029F
:10393000B3FBFCF392B202FB03F3CB58002BE7D1AD
:1039400005463D800121E689284600F071FC0146CC
:10395000304600F06DFC064620B34FF000094FF0F2
:1039600001084D461FFA89F1388800F05DFC218975
:10397000626808FA09FC236809F101094CEA050CA0
:10398000B0FBF1FEB2FBF1F20EFB110080B202FBC4
:1039900000F01B580BB91FFA8CF54E45E2D12846B2
:1039A000BDE8F88305462846BDE8F8834FF6FF7C5E
:1039B00001600373A0F80EC0C0E90132704700BF78
:1039C0004FF6FF72037BC28143607047F0B5044637
:1039D00083B040680D461646FCF7CCFA636818447D
:1039E000A368421993422CBF0127002702D2384610
:1039F00003B0F0BD0090002330462168FAF7CAFEFC
:103A0000616838462944616003B0F0BD2DE9F0419A
:103A100004461D464068237B98428CBF0126002641
:103A200002D83046BDE8F0818846E089012117467A
:103A300000F0FAFB2368E08128803046C8F80030A7
:103A400063683B60237B6360BDE8F081F8B5B1F843
:103A500008C00C4603680546267BD1E90012B2FB7C
:103A6000FCF2A3EB010E0369BEFBF2FE0EF1010EA8
:103A70001FFA8EFEBEFBFCF70CFB17EC1FFA8CFC4A
:103A800002FB0CFC51F80C20B444921B0CF1080C06
:103A9000043A6144FAF788FE284622460249FAF7BA
:103AA00061FE0020F8BD00BF4D3A010830B59DF819
:103AB0000C4003810473C0E90012E3B10C60B0F85C
:103AC00008C0BCF1010F16D94FF0010E43680EF18A
:103AD0000105047B0168BEFBFCF2B3FBFCF30CFBAD
:103AE00012E21FFA85FE92B202FB03F3CC50B0F84B
:103AF00008C0F445EAD8074B4FF6FF724FF0FF3489
:103B00006FF00045C0F80E30002342820384C0E904
:103B1000064530BD0000FFFF018930B5B1B14FF05F
:103B2000000EF44643680EF1010E047BBCFBF1F27B
:103B3000B3FBF1F301FB12C21FFA8EFC92B202FB3F
:103B400003F30268D45001896145EBD8074B4FF667
:103B5000FF724FF0FF346FF00045C0F80E300023C5
:103B600042820384C0E9064530BD00BF0000FFFF6C
:103B70002DE9F04F044691B000898B46E689049206
:103B80006568236894F80C90B6FBF0F2B5FBF0F58D
:103B900000FB12622F1F92B205FB0232111DD2F8F8
:103BA00000800391002800F04A814FF0000CE246AB
:103BB00061460CF1010CB1FBF0F200FB12121FFA8E
:103BC0008CF192B205FB02F29A584A4503D10AF1F0
:103BD000010A1FFA8AFA8142EBD340460421CDF84C
:103BE00014A0FAF7EDFD804408EB0B02BA4240F254
:103BF000CA80227B5A44BA4240F2B2804FF6FC722D
:103C0000BBB2A2EB09021A4492B20AFB02F9059276
:103C1000D9450692C0F0B38008F10402BA4280F0A0
:103C2000DA80A3F10409059BA9EB08091FFA89F9B9
:103C3000ABEB090BBBFBF3F203FB12B3002B40F021
:103C4000C48093B2534500F29A80002B00F0F980B3
:103C5000CDF81C804FF0000ADDF814800DF1200B28
:103C600005951D4600E0C1462289584663680AF161
:103C7000010AB6FBF2F1B3FBF2F302FB11613A4623
:103C800089B203FB01F1236804311944002351F880
:103C900004CCCDF800C0FAF77DFD4A4600230D2183
:103CA0005846FCF727F9218963683046B6FBF1F2E4
:103CB000B3FBF1F301FB1262012192B202FB03F3A9
:103CC0002268D75000F0B0FA06461FFA8AF39D42E8
:103CD000C9D8DDF81C80059D20893A466368B6FB8B
:103CE000F0F1B3FBF0F300FB1161584689B201FB20
:103CF00003F3216804331944002351F8047C00972E
:103D0000FAF748FD069F58460223BAB20D21FCF788
:103D1000F1F808F10401039BA5F1080225890B4481
:103D2000A2EB0802B6FBF5F01946636805FB1060CC
:103D3000B3FBF5F380B2256800FB03F3207B04306E
:103D40003844E850049D2846FAF736FD28462246B6
:103D50003D49FAF707FD0120E68111B0BDE8F08F7B
:103D60000121E08900F060FA05462189608A00F0AF
:103D70005BFA0146284600F05FFA002844DD002087
:103D800011B0BDE8F08F2189608A059200F04CFAED
:103D90000146304600F050FA0028059AEFDC2589EC
:103DA000D4E90073B6FBF5F4B3FBF5F305FB14643B
:103DB000A4B204FB03F3DDE90310FA500023CDF8AD
:103DC0000080FAF7E7FC0120DAE70132069393B2AC
:103DD0005345D4D839E730460121079300F024FA3F
:103DE000064620896268B6FBF0F1B2FBF0F200FBF8
:103DF000116189B201FB02F2216804328B1853F879
:103E0000048C0393079B0CE7218963680498B5FB36
:103E1000F1F2B3FBF1F301FB1252216892B202FB03
:103E200003F3227B04335A44194441F8042C237BC6
:103E300000930023FAF7AEFC0120E581A0E782465B
:103E4000CBE60DF1200B47E74D3A0108F8B50446E3
:103E50001D460F46008A0121164600F0E5F928802C
:103E600022896368B0FBF2F1B3FBF2F302FB110CA1
:103E7000E1891FFA8CFC0CFB03FC23680CF1040C99
:103E800063443B6023689C445CF8043C336000F06E
:103E9000D3F9002801DD0020F8BD237B32689A4267
:103EA000F9D9618A208A00F0C3F923898342F2D0CC
:103EB0002888E3892082984201D00120F8BD0121A1
:103EC00000F0B2F903460120E381F8BD70B5018A24
:103ED0000446408A15461E4600F0AEF9002807DB6E
:103EE0004FF0FF326FF000430020C4E9062370BD9D
:103EF00094F8200040B9012384F82030643546F15D
:103F00000006C4E9065670BDD4E90623954276EB57
:103F1000030304DB431C012084F82030EEE700207B
:103F2000ECE700BF408A70472DE9F04190F821701E
:103F300097B180460D4616461C461888012100F0B0
:103F400073F92080B8F8101000F076F9002806DD2B
:103F500000231F4688F821303846BDE8F081B8F8C4
:103F600008202088D8F80410B0FBF2F3B1FBF2FC73
:103F700002FB13039BB203FB0CFCD8F800300CF1DE
:103F8000040C63442B60D8F80030634453F8043CBD
:103F9000336098F80C209A42D0D0DDE7F8B504469B
:103FA0000E461046012100F043F9618A00F040F905
:103FB000C8B1054600270121608A00F035F9238940
:103FC00062680137608294F80CC0BD422168B0FB82
:103FD000F3FEB2FBF3F203FB1E0083B202FB03F31A
:103FE00041F803C0E7D1003E4FF0000318BF01269F
:103FF00084F8203084F82160F8BD00BF018A408A2F
:1040000008B500F019F9B0FA80F0400908BD00BF0A
:104010000189E1B143684FF0000C30B5B3FBF1FE0C
:1040200005686246047B60460CF1010CB2FBF1F3BB
:1040300001FB13231FFA8CF29BB20EFB03F3EB5828
:104040009C4201D1013080B28A42EDD330BD084696
:10405000704700BF10B5002394B004460592019349
:10406000ADF81C308DF81E30CDF82630CDF82A3052
:104070000823CDE90221012200930CAB8DF8242006
:104080001022FBF789FC18B90446204614B010BD75
:10409000059906AA2046FBF7BDFD044606A90CA813
:1040A000FCF7C4FF204614B010BD00BF2DE9F0435B
:1040B00095B0BDF8788013B115B0BDE8F0831D460A
:1040C0001C9B0C461646049307461D9B0CA89DF8A6
:1040D00076900593D1E90121521AFAF76DFB0CA8ED
:1040E000D4E90612FAF73EFBE36993B1B9F1070F81
:1040F0001D753DD0B9F1080F2CD0B9F1060F11D0C4
:1041000001221A7531462046FAF7AAFB15B0BDE820
:10411000F083B9F1070F2BD0B9F1080F1AD0B9F11C
:10412000060FEFD1D7F888508DB10CAB01964246FF
:104130003846009306238DF81630D7F88C3002935A
:10414000DDE90431A8470122E36987F8B420002B98
:10415000D6D1D7E7D7F8A420002AF8D00CA806A912
:10416000109DFDF709F898B9E369002BC8D1C9E79C
:10417000D7F8AC2032B106A90CA8109DFCF7F6FCCC
:1041800048BBE369A2683244A260002BB8D1B9E70A
:10419000109B0CA8ED1ADDE90D213544521AFAF7EF
:1041A0000BFB0CA8ADB2D4E90612FAF7DBFA0CABA4
:1041B00008210195009342468DF8161006ABD7F8FA
:1041C000A81038460291D7F8A4500599A8470123B2
:1041D00087F8B430C8E7DDE90D21109B0CA8521A0E
:1041E000ED1AFAF7E9FA0CA83544D4E90612FAF701
:1041F000B9FA0CAB9DF81810ADB2009342469DF889
:1042000019303846019503EB012307218DF816106C
:104210009BB2D7F8B0100291D7F8AC500599A847D7
:10422000012387F8B430ACE7084480B2704700BF80
:10423000401A80B2704700BF884211D009D388422B
:1042400010D9401AB0F5004FD4BF01204FF0FF3015
:1042500070470B1AB3F5004FF1DA4FF0FF3070479B
:104260000020704701207047002341700370838550
:10427000704700BF2DE9F04F17469B467E224378DA
:1042800083B00E4680F83820A3F17D0204469DF8E5
:104290003410012ADDF8389040F21581A1F17D0239
:1042A00080F839300223012A80F8623053D90C9B00
:1042B00084F83A10D8B20323A0F17D0284F862306A
:1042C000012A5DD9E218013382F838000C9A84F88B
:1042D0006230C2F30721A1F17D02012A62D95A1C82
:1042E0002344D2B283F838100C9B84F86220002B50
:1042F0006AD04FF00008C24616E0292A67D8A018F5
:10430000013280F8381084F8622088EA01017D4B80
:104310000AF1010AC9B233F8112082EA18280C9B6D
:10432000534568D994F862201BF80A10A1F17D006A
:104330000128E2D8501CC0B2292848D8A0184FF054
:104340007D03023281F0200580F8383080F8395042
:1043500084F86220D9E71A46032504230C982244E6
:104360004FF07D0C2544C0B281F0200182F838C0A6
:10437000A0F17D0285F8381084F86230012AA1D8B6
:10438000E2187D2180F02000023382F8381082F894
:1043900039000C9A84F86230C2F30721A1F17D0242
:1043A000012A9CD8581C9A1C7D25234481F02001A9
:1043B00054FA80F083F83850D2B20C9B80F8381051
:1043C00084F86220002B94D1ADF8043019E0002568
:1043D00000E060B105F13801521B4B4638462144DC
:1043E000B04794F8622005449542F2D366D000208D
:1043F00003B0BDE8F08F5FFA88F394F86220ADF85F
:1044000004804FF0000A4FF07D0BD04613E0292ABC
:1044100024D8A118013281F8383084F862200AF1DA
:10442000010ABAF1020F2DD00AF1080394F86220B4
:104430006B4413F8043CA3F17D010129E7D8511C1A
:10444000C9B229290AD8A11883F02003023281F8C1
:10445000393081F838B084F86220E0E7002501E0C7
:104460000028C4D005F13801521B4B463846214480
:10447000B04794F8622005449542F1D3B7D184F84F
:104480006280D1E794F862209AB1002501E000280B
:10449000ADD005F13801521B4B4638462144B04798
:1044A00094F8622005449542F1D3A0D1002384F80A
:1044B00062300C9B98B203B0BDE8F08F4FF0000360
:1044C00084F862302BE77D2283F0200380F83920C6
:1044D000A1F17D0280F83A300323012A80F862308E
:1044E00003D81A460425052338E70C9B80F83B10B7
:1044F000D8B20423A0F17D0284F86230012A3FF68D
:10450000E1AE3DE7107F01082DE9F04F044685B08C
:10451000924689461D460F9EFBF732FD94F82C20EB
:1045200094F82D708046BA4260D018D8013FBA1A6C
:104530000027D2B2B2421BD8D319B34253D8DAB94A
:104540000026FBF71DFD2B68A0EB08083046A3EB07
:10455000080323EAE3732B6005B0BDE8F08F002F5A
:1045600060D0C2F12A02013FD2B2FFB2B242E3D917
:10457000F2B20027002AE3D00E9B5046039200932C
:1045800094F82C102B680231DFF8A0B02144C84702
:1045900094F82C30064603445908ABFB01212A222B
:1045A000890802FB113184F82C100028C8D0039A26
:1045B0009042C6D1002FC4D00E9B02313A465046DD
:1045C000214400930023C84794F82C300644034448
:1045D0005A08ABFB021B2A224FEA9B0B02FB1B3340
:1045E00084F82C30ADE7B61AF7B2A8E70023282EDE
:1045F000A385BDD90E9B2922A11C504600932B6890
:10460000C84794F82C3006462A21034407485A0824
:10461000A0FB0202920801FB123384F82C30002E1A
:104620008ED08EE7C2F12902D2B283E7310CC330BB
:104630002DE9F04F1E4690F82C5090F82D3085B0A3
:10464000044688469D42914600F090812378C54DEE
:10465000C54F072BFDD8DFE813F01D01FC00DA0081
:10466000BB00900051003200080094F82C1094F820
:104670002D30994200F05181E21892787D2A00F0A5
:104680009F8101332A207E2A4FEA5301A5FB01C1F5
:104690004FEA910100FB113384F82D3000F05D8268
:1046A000A38E0020E18E03EB022320709BB299427F
:1046B000A38600F07D81002005B0BDE8F08F94F85E
:1046C0002C0094F82D30984200F03681E218917851
:1046D0007D2900F0958101332A207E294FEA53027B
:1046E000A5FB02C24FEA920200FB123384F82D3080
:1046F00000F023820723A1862370AAE7638EB4F813
:1047000030C09C4534D94FF02A0ECDF80C8021E002
:10471000A5FB0080897880087D290EFB10B000F091
:10472000D6807E2984F82D0000F01F82F154B4F861
:1047300036A0638E8AEA0100B4F830C00133C0B2FB
:104740009BB237F810206345638682EA1A22E2861C
:1047500080F0228194F82D2094F82CA002F1010B16
:10476000A11892454FEA5B00D2D1DDF80C809C4540
:1047700040F01881062323706BE794F82C0094F81E
:104780002D30984200F0C980E21891787D2900F020
:10479000558101332A207E294FEA5302A5FB02C22C
:1047A0004FEA920200FB123384F82D3000F0D581DD
:1047B000238E002003EB01230E9960869BB2E086D6
:1047C0008B42238640F2E580207005B0BDE8F08F73
:1047D00094F82C0094F82D30984200F0AD80E21847
:1047E00091787D2900F06D8101332A207E294FEADE
:1047F0005302A5FB02C24FEA920200FB123384F877
:104800002D3000F09A8104232186237021E794F84B
:104810002C1094F82D20914200F0B780A3189878BE
:104820007D2800F06C8101322A237E284FEA520154
:10483000A5FB01C14FEA910103FB112284F82D2051
:1048400000F08F81637883420CBF03230023237021
:10485000FFE6002394F82C1084F82E3094F82D30C5
:1048600099426DD0E21890787D2800F005810133DF
:104870002A217E2884F82E004FEA5302A5FB02C2AB
:104880004FEA920201FB123384F82D3058D00223F4
:104890002370DEE694F82C102A2094F82D305A1C50
:1048A000994204EB030C4FEA52033FF404AFA5FB1B
:1048B00003E39CF802C09B08BCF17E0F00FB1323AE
:1048C000DBB284F82D30EAD101232370C1E6501CFD
:1048D00002324108A5FB018189080EFB1101601815
:1048E000C9B28A453FF441AF90F802A05008A5FB39
:1048F0000080BAF17E0F8AF020014FEA90000EFB93
:10490000102284F82D207FF411AF9C45DDF80C8037
:104910003FF430AF012323709BE6119B00930123EA
:1049200001934A46109B41462046FFF7EDFD0028C3
:104930003FF4C1AE23788CE6119B00930223EFE78E
:10494000119B4A4641462046009304230193109B45
:10495000FFF7DAFD0028EDD194F82E307E2BE9D058
:10496000A9E600BF310CC330107F0108119B0093F2
:1049700005230193109BFFF7C7FD94F82D2094F8B1
:104980002C309A423FF497AE60E6119B00930323CC
:10499000C6E7052323705CE6DDF80C803FF4EAAE41
:1049A0007E2991D0ACEB0303119A02330092B7E752
:1049B00094F82E300F9A1370208E05B0BDE8F08F5A
:1049C00003F1010C2A204FEA5C02A5FB02E29208E7
:1049D00000FB12C25FFA82FC61459ED00233224482
:1049E00059089278A5FB01C17E2A4FEA910100FB8C
:1049F000113384F82D3000F0B08082F020024FE6B1
:104A0000591C4FF02A0C4A08A5FB02E292080CFB45
:104A10001212D1B288428FD00233224491785A08C0
:104A2000A5FB02027E294FEA92020CFB123384F8A6
:104A30002D3000F0828081F020015BE6591C4FF0A0
:104A40002A0C4A08A5FB02E292080CFB1212D1B212
:104A500088423FF462AF0233224491785A08A5FBA2
:104A600002027E294FEA92020CFB123384F82D30A9
:104A700073D081F020019BE603F1010C2A204FEA5C
:104A80005C02A5FB02E2920800FB12C25FFA82FC04
:104A900061453FF455AF0233224491785A08A5FB93
:104AA00002C27E2984F82E104FEA920200FB1233D4
:104AB00084F82D303FF444AF81F0200184F82E10AB
:104AC000E5E6591C4FF02A0C4A08A5FB02E29208C1
:104AD0000CFB1212D1B288423FF42EAF02332244B3
:104AE00091785A08A5FB02027E294FEA92020CFB3C
:104AF000123384F82D3020D081F0200183E6501C41
:104B00004FF02A0C4308A5FB03E39B080CFB13039F
:104B1000D8B281423FF439AF0232234451089B7826
:104B2000A5FB01017E2B4FEA91010CFB112284F8B9
:104B30002D2016D083F0200084E6119B00930223E1
:104B400001934A46109B41462046FFF7DDFC0028B2
:104B50007FF4F0AE012323707BE5119B00930123CA
:104B6000EEE7119B00930323EAE7DDF80C80ABE648
:104B700030B5002383B00093D0B104466946154890
:104B8000FDF718F9024610B1012003B030BD009BBB
:104B90008BB118780028F8D001A91846019200F0CE
:104BA00005FF054650B1431C0DD000202560ECE701
:104BB0000B2003B030BD184603B030BD019B1B78FD
:104BC000002BF2D0E0E7F6F7D7FF0368222BECD1F9
:104BD000DAE700BF647A01082DE9F04F8DB09846FE
:104BE0001B9B0792002B18BFB8F1000F0CBF0123CD
:104BF0000023002A08BF43F00103002908BF43F047
:104C00000103002B3DD1B0FA80F20446520900287E
:104C100037D00F460BA900F0E9F9054668BB0B9B9E
:104C2000002B37D102460BA93846FDF7D7FC68BBED
:104C30000B9B002B33D12A460BA90798FDF7B0FC3C
:104C400020BB0B9D002D40F0A2807B21204600F070
:104C5000B7FE2378814620BB2F2B22D119AB93E8D6
:104C6000030016AB8DE8030020460ECBFDF7F2F9EA
:104C700000281B9B08BF0A25186028460DB0BDE818
:104C8000F08F0B2528460DB0BDE8F08FFCF79EFA9B
:104C90000546F2E7672528460DB0BDE8F08FC92527
:104CA000EBE77E2B75D0B9F1000F00F0C280002336
:104CB000A2461E46089555460994B2464C46DDF874
:104CC0001CB0002C00F0AE807D21284600F078FE5C
:104CD000A0EB04092146694809F101063246F6F7BE
:104CE00038FF002851D0324621466548F6F731FF9B
:104CF00028B1324621466348F6F72BFF38BBD94628
:104D000018AB93E8070016AB8DE807002046314644
:104D10000CCBFDF7C1F90446002800F0A3804A46F9
:104D2000284616AB2146FDF797F81A990546179BBA
:104D3000204698475046179B1A999847002D6CD0EB
:104D40007B21284600F03CFEAA460446B9E709F15B
:104D5000FF32611C4046FDF7B1FA81460028CFD1F1
:104D60001B9B18AA6925186016AB07CA8DE80700B7
:104D7000314620460CCBFDF78FF91A99179B9847BF
:104D8000179B1A995046984777E7B946B8E7CA255E
:104D900073E7079E3046EBF783FA3B4A3B4B03969B
:104DA000012818BF1346049702931A9B0093631CB3
:104DB00005934FF40063019316AB0FCBFDF712F888
:104DC000064650B3B9F1000F05D07B21B24600F082
:104DD000F7FD81466EE733782F2B1BD0079C2046CA
:104DE000EBF75EFA4FF40063294A01931A9B04968D
:104DF0000093284B0394012818BF1346029316AB67
:104E00000FCBFCF7EFFF0346179A30461A991E4660
:104E1000904716B11B9B1E602FE700231B9A0A25A3
:104E200013602AE753465646DDE90854002BD2D1D9
:104E300023782F2B1ED0079E3046EBF731FA1A9AB3
:104E40004FF4006303960494CDE90023104A114BFC
:104E5000012818BF1346029316AB0FCBFCF7C2FF15
:104E60000646D6E7DDE91A125046179B14600A255C
:104E7000984702E700231E46CCE700BF7C7A010872
:104E8000847A01088C7A0108747A0108C8750108CF
:104E900010770108D875010800280CBF0B200020EE
:104EA000704700BF034A034692E8030083E803000B
:104EB000184670471081010882B02DE9F04186B094
:104EC00004460E4615460DF1300C0DF1040E4CF85B
:104ED000043FBCE80F00AEE80F00DCF8003001A88A
:104EE000CEF80030F7F760FF80F00103DBB23BBB88
:104EF00034B3D4F80480B8F1000F1AD105B32846B2
:104F0000FCF782F9F0B1019B1C20059998470746F0
:104F1000606020B3C6B1066080F8048001AC07F180
:104F2000080C00250FCCACE80F002368CCF800304B
:104F300000E06425284606B0BDE8F04102B07047A5
:104F40000B25F7E76525F5E72868283000F03EFADD
:104F5000386067683E6826B101233B71DEE70A25A9
:104F6000E8E7029B38460599012598476660E1E726
:104F7000F8B5E0B10446406858B10368C66887696F
:104F800053B1057955B93946B047002328466360C7
:104F9000F8BD05462846F8BD1D46F4E7184600F062
:104FA00029FA05466068003D18BF0125EBE70B258F
:104FB0002846F8BDF0B587B006460B4C6846F7F7B3
:104FC000E5FEEE46A44625463446BEE80F00ACE8B2
:104FD0000F000FCDDEF800700FC43046CCF8007023
:104FE000276007B0F0BD00BFDC100120002800F0F2
:104FF00089802DE9F0470E46002900F0858004469F
:105000001746EBF74DF9B0B194F800E0DFF860C156
:105010001CF80E3013F0040339D100F1FF3814F8F6
:1050200008202F2A0FD102223260A7B31846C7F8F2
:105030000080BDE8F0870123336067B30023184682
:105040003B60BDE8F08704F1FF3A1D4619461AF8A7
:10505000012FA2F13009B9F1090F1FD922F020095F
:10506000A9F14109B9F1190F18D95F2A24D02F2AC3
:1050700058D07E2A4AD07B2A5BD07D2A69D1002D68
:105080005CD10523336037B100203960D9E70423B0
:105090003360002FD2D10020BDE8F0871CF8022039
:1050A000520709D500290CBF002205F001021AB1F0
:1050B0004D1E9D4231D0154601318842C7D1002D89
:1050C00042D1284601230CE0BEF17E0F01D1012818
:1050D00047D05A1C8B4200F1010004F10104134631
:1050E0002ED28045F5D022782F2AEDD162781CF897
:1050F00002205207EDD504223260002FCBD00020D1
:105100003B609EE70B2070470B209AE70029D3D025
:1051100006233360002FB7D1BDE709233360002F8A
:10512000B2D1B8E7002DC7D008233360002FABD130
:10513000B1E7002DF8D10B460125BDE70025BBE7FF
:105140000023184633607CE705223260002FD6D159
:10515000A1E7002D14BF082303233360002F93D150
:1051600099E707233360002F95D00123C7E700BFDD
:10517000C87C010882B002B0704700BF234A2DE905
:10518000F041126894B01A9EBDF86C5013911293BE
:10519000002A38D0BDF84C109DF84E0001E052684E
:1051A0008AB39468A38A8B42F9D1A37D8342F6D156
:1051B000482204F130016846F6F70BFD04F128039C
:1051C00020460CCBF8F7DAF90746E0B1D0F80880B2
:1051D0002A46304608F11001FEF760F830B939462A
:1051E0000B4814B0BDE8F041FDF768BAC8F81448A0
:1051F000C8F81058FDF746FF08F50262052342E99A
:10520000020188F8203814B0BDE8F081AC0F01200D
:105210009C0F012024482DE9F041006894B01A9EAB
:10522000BDF86C70139100283BD01D4601E040682A
:10523000B8B38468218B9142F9D1482204F1280146
:105240006846F6F7C6FC04F1200320460CCBF8F7BD
:1052500095F9804628B33046D8F808603A4606F1FA
:105260001001FEF71BF830B94146104814B0BDE8F4
:10527000F041FDF723BA0FCD06F6280CC6F8144806
:10528000C6F81078ACE80F0095E803008CE803003E
:10529000FDF7F8FE06F50262032342E9020186F8F3
:1052A000203814B0BDE8F0817C0F01209C0F012054
:1052B00022482DE9F041006894B01A9EBDF86C7048
:1052C0001391B8B31D4601E0406898B38468218B00
:1052D0009142F9D1482204F128016846F6F779FC99
:1052E00004F1200320460CCBF8F748F9804608B3B8
:1052F0003046D8F808603A4606F11001FDF7CEFFB7
:1053000030B941460E4814B0BDE8F041FDF7D6B9BA
:105310000022C6F81448C6F81078C6F82C28C6F83B
:105320002858FDF7AFFE06F50262042342E90201A8
:1053300086F8203814B0BDE8F08100BF90C6002088
:105340009C0F012070B528B1044600680D46F8F79F
:10535000EBF910B90124204670BD6368002BF9D029
:10536000002DF7D02868F8F7DFF90028F2D06E6832
:10537000002EEFD0646832692069D0F8883300F5D8
:1053800028701968FEF766FE02462069D0F890334F
:10539000D0F88813F8F74CF920693269D0F88833CF
:1053A00000F528701968F9F77BFA02462069D0F8F1
:1053B0009033D0F88813F8F73BF903462846002BC2
:1053C00014BF00240224F8F7B7F8C4E738B505463F
:1053D0000748FDF763F950B184680023E561237441
:1053E000FDF780F9034604F11400C4E9053438BD23
:1053F0003C0F012008B5084B196811B90AE049684B
:1054000041B18B6814339842F9D10348FDF756F93E
:10541000002008BD012008BD3C0F01202DE9F04708
:10542000089D0F4604468C46002B48D18A421646FA
:1054300061D9B2FA82F34BB1C3F1200201FA03FC45
:1054400020FA02F29E4042EA0C0C9C404FEA164EB3
:10545000B7B2BCFBFEF1220C0EFB11CC42EA0C42AF
:1054600001FB07F0904209D9B21801F1FF3C80F02E
:10547000EE80904240F2EB8002393244121AA4B21C
:10548000B2FBFEF00EFB102244EA024400FB07F7D9
:10549000A74209D9341900F1FF3280F0DA80A7421F
:1054A00040F2D7803444023840EA0140E41B002136
:1054B0001DB1DC400023C5E90043BDE8F0878B4205
:1054C00006D90DB1C5E9000100210846BDE8F08705
:1054D000B3FA83F1002948D1BB4202D3824200F2E1
:1054E0000781841A67EB030201209446002DE4D063
:1054F000C5E9004CE1E7002A00F09280B2FA82F39D
:10550000002B40F0A8808A1A4FEA164E1FFA86FC3C
:105510000121200CB2FBFEF70EFB172240EA0242EB
:105520000CFB07F0904207D9B21807F1FF3802D2FE
:10553000904200F2E2804746121AA4B2B2FBFEF09B
:105540000EFB102244EA02440CFB00FCA44507D9E0
:10555000341900F1FF3202D2A44500F2CB8010468C
:10556000A4EB0C0440EA0740A2E7C1F120068B40FF
:1055700022FA06FC4CEA030C07FA01F420FA06F3BF
:10558000F7404FEA1C49234300FA01F81FFA8CFE4A
:10559000B7FBF9F01C0C09FB107744EA074400FB49
:1055A0000EF7A74202FA01F20AD91CEB040400F13B
:1055B000FF3A80F09B80A74240F298800238644412
:1055C000E41B9FB2B4FBF9F309FB134447EA04441C
:1055D00003FB0EFEA64509D91CEB040403F1FF37BB
:1055E00080F08280A6457FD9023B644443EA0040B4
:1055F000A4EB0E04A0FB02E7BC427346B94663D39A
:1056000060D05DB1B8EB030264EB090404FA06F65E
:1056100022FA01F31E43CC40C5E9006400214CE7A7
:105620006208480842EAC1710B0C43EA00438AB29F
:1056300042EA0342B3FBF6F1E407B4463746B64606
:105640001F23B0FBF6F0D21B41EA004161E761463F
:1056500014E7104628E7C3F1200120FA01F29E402A
:1056600027FA01F19F403A434FEA164E1FFA86FC93
:10567000B1FBFEF70EFB1710110C41EA004107FBCE
:105680000CF8884504FA03F43AD9711807F1FF3091
:1056900001D288451FD8A1EB0801B1FBFEF808FB39
:1056A0000CF70EFB181192B242EA0142BA422FD215
:1056B000B21808F1FF31C6D2BA42C4D2A8F1020131
:1056C0003244C0E7F0459CD2BEEB020367EB0C0707
:1056D0000138B94695E7A6EB08084144B81EB1FB6E
:1056E000FEF808FB0CF7DCE73B467FE7504667E730
:1056F0000846FBE63444023832E7023F32441BE7F7
:10570000A1EB08013846B1FBFEF808FB0CF7C8E72F
:10571000414698E7024B0A460146186800F002B875
:105720004000002070B5A1FB025434B92946F6F7B9
:10573000EDFB064628B9304670BD0C2202600026FB
:10574000F9E72A462146F6F7FCF9F4E707B5044BDA
:10575000014601AA186800F005F803B05DF804FBE3
:10576000400000202DE9F84FDFF86CA0064689467E
:10577000174600F051F9DAF8004034B14B4698462C
:1057800013F8012B3AB13D2AF9D1304600F04AF91D
:105790000020BDE8F88FA8EB0908A34654F8040BD5
:1057A0000028F2D042464946F6F7D3F90028F4D152
:1057B00054F8043C03EB080513F808303D2BECD1FA
:1057C000DAF80030ABEB03039B1030463B6000F08F
:1057D00029F9681CDDE700BF2C0000200CB430B5AF
:1057E000184B0C1E1D689DB008DA8B232B604FF000
:1057F000FF301DB0BDE8304002B070474FF4027377
:10580000ADF814304FF000031B9314BF04F1FF33C5
:105810002346049307934FF6FF7302900690ADF86A
:105820001630209A21AB02A92846019300F060F9B6
:10583000431CBCBF8B232B60002CDAD0029B0022C0
:105840001A70D6E740000020024B0A46014618684D
:10585000F7F736B84000002030B51446002C9BB056
:1058600005461A4605DA8B2303604FF0FF301BB064
:1058700030BD4FF40273ADF80C304FF000031993B4
:1058800014BF04F1FF332346029305934FF6FF73D1
:1058900000910491ADF80E3069461E9B00F028F986
:1058A000431CBCBF8B232B60002CE0D0009B00224C
:1058B0001A70DCE707B5009313460A460146034811
:1058C0000068FFF7C9FF03B05DF804FB400000204B
:1058D0002DE9F043344E86460D46284615F8014B17
:1058E000375D17F00807F8D12D2C10D12C7801273F
:1058F000851C33F0100015D1302C0DD1287800F024
:10590000DF00582808D16C78023510230AE02B2CD0
:1059100004BF2C78851CECE7002BF6D1302C14BF8B
:105920000A2308234FF0FF380026B8FBF3F803FBE7
:1059300008F96FEA09093046A4F1300CBCF1090FEF
:1059400010D86446A3421EDDB6F1FF3F07D0804564
:1059500016D301D1A14513DB00FB0340012615F846
:10596000014BE9E7A4F1410CBCF1190F01D8373C18
:10597000E8E7A4F1610CBCF1190F04D8573CE1E74A
:105980004FF0FF36EBE7731C06D12223CEF8003030
:10599000304632B9BDE8F08307B14042002AF9D061
:1059A00006B1691E1160F5E7C87C010813460A4676
:1059B000014602480068FFF78BBF00BF400000208F
:1059C000C9B20346184613F8012B12B18A42F9D125
:1059D0007047002918BF002070470A7870B56AB96F
:1059E00070BD9A4209D10C46054614F8013F002BC0
:1059F000F6D015F8016F9E42F7D001300378002BE6
:105A0000EFD11846ECE7034611F8012B03F8012B00
:105A1000002AF9D1704700000148F6F7D8B800BF56
:105A2000DCC500200148F6F7D3B800BFDCC5002074
:105A30002DE9F0478E681F46BE4282460C469046CE
:105A4000334653D8B1F90C0010F4906F2BD0656930
:105A50002368096905EB4505A3EB010905EBD5753D
:105A60007B1C6D104B44AB422A4684BF1D462A4620
:105A7000430527D511465046F6F748FA064658B36F
:105A800021694A46F6F7A5F8A38923F4906343F009
:105A90008003A381266165614E44A5EB090526605C
:105AA000A5603E463B461F4620683A464146F6F70B
:105AB0002FF8A3689B1BA36023683B44236000204E
:105AC000BDE8F0875046F6F7FBFE06460028E1D118
:105AD00021695046F6F7AAFE0C23CAF80030A389C4
:105AE00043F04003A3814FF0FF30E9E73E46DBE798
:105AF0002DE9F0471F468B891B069CB006460D46D4
:105B0000144610D50B6973B94021F6F7FFF92860E8
:105B1000286130B90C2333604FF0FF301CB0BDE872
:105B2000F08740236B610023099320238DF82930EF
:105B300003973023654F8DF82A304FF00108234634
:105B4000994613F8012B0AB1252AF9D1B9EB040AB9
:105B50000BD05346224629463046FFF769FF0130F5
:105B600000F0A480099A5244099299F80030002B61
:105B700000F09C8000234FF0FF32CDE9052309F1AE
:105B80000109049307938DF853301A934C464F48FC
:105B900014F8011B0522EAF78BFB049BD0B9D80649
:105BA00044BF20228DF85320190744BF2B228DF8C3
:105BB000532099F800202A2A13D0079A4C46002037
:105BC0004FF00A0C214611F8013B303B092B49D913
:105BD00068B913E0C01B08FA00F018430490A1460E
:105BE000D4E7039A111D12680391002A01DB079282
:105BF00004E0524243F002030792049323782E2BD1
:105C00000AD163782A2B32D1039B1A1D1B68039299
:105C100043EAE37302340593DFF8C090217803224E
:105C20004846EAF745FB38B1049BA0EB0900402247
:105C3000824013430134049314F8011B24488DF867
:105C400028100622EAF734FB002835D0214818BB7B
:105C5000039B073323F0070308330393099B034493
:105C600009936CE70CFB02320C460120AAE70023E3
:105C70000134059319464FF00A0C204610F8012B09
:105C8000303A092A03D9002BC6D00591C4E70CFB92
:105C9000012104460123F0E703AB00932A460E4B93
:105CA00004A93046AFF30080421CD7D1AB895B0614
:105CB0003FF532AF099831E703AB00932A46064B14
:105CC00004A93046F6F710FAEEE700BF947C01080D
:105CD0009E7C010800000000315A01089A7C0108EE
:105CE000F8B500BFF8BC08BC9E467047F8B500BFC9
:085CF000F8BC08BC9E46704799
:105CF80058524345010F0000FFFE00004574684CF0
:105D0800696E6B0045746849660000002E2E2F2EC0
:105D18002E2F434D372F4C5749502F5461726765CA
:105D2800742F65746865726E657469662E63000009
:105D38006E6574696620213D204E554C4C0000006C
:105D4800417373657274696F6E2022257322206611
:105D580061696C6564206174206C696E65202564D6
:105D680020696E2025730A0073746D33325F657481
:105D7800685F6E6F646500006574685F7075626C5B
:105D8800697368657200000064656661756C7454B7
:105D980061736B0049444C4500000000546D72511A
:105DA80000000000546D7220537663002E2E2F2EB3
:105DB8002E2F4D6964646C6577617265732F546822
:105DC8006972645F50617274792F4C7749502F73F0
:105DD80072632F6E657469662F65746865726E6587
:105DE800742E63006E657469662D3E68776164641D
:105DF800725F6C656E206D75737420626520362045
:105E0800666F722065746865726E65745F6F75740D
:105E180070757421000000002E2E2F2E2E2F4D6934
:105E280064646C6577617265732F54686972645F26
:105E380050617274792F4C7749502F7372632F61B8
:105E480070692F736F636B6574732E6300000000B5
:105E5800556E6B6E6F776E20736F636B6574206F12
:105E68007074696F6E000000736F636B6574735BA9
:105E7800695D2E73656C6563745F77616974696EBB
:105E880067203D3D2030000066726F6D616464726A
:105E980020213D204E554C4C0000000066726F6D6D
:105EA80020213D204E554C4C0000000066726F6D5D
:105EB8006C656E20213D204E554C4C006C77697006
:105EC8005F7265637666726F6D5F7564705F72612D
:105ED800773A20696E76616C696420617267756DC6
:105EE800656E74730000000062756620213D204EC7
:105EF800554C4C00756E6B6E6F776E206576656ECF
:105F080074000000556E68616E646C6564206E658F
:105F180074636F6E6E207479706520696E20534FBC
:105F28005F42494E44544F4445564943450000009A
:105F3800736F636B2D3E6C61737464617461203D93
:105F48003D204E554C4C00006C7769705F636F6E56
:105F58006E6563743A20696E76616C696420616469
:105F680064726573730000006C7769705F73656EA7
:105F780064746F3A20696E76616C69642061646448
:105F880072657373000000002E2E2F2E2E2F4D6980
:105F980064646C6577617265732F54686972645FB5
:105FA80050617274792F4C7749502F7372632F6147
:105FB80070692F74637069702E6300007463706970
:105FC800705F7468726561643A20696E76616C69A5
:105FD80064206D657373616765000000496E7661C2
:105FE8006C6964206D626F78000000006661696CFE
:105FF800656420746F2063726561746520746370D2
:1060080069705F746872656164206D626F78000002
:106018006661696C656420746F206372656174657C
:10602800206C6F636B5F74637069705F636F726518
:106038000000000074637069705F74687265616461
:10604800000000002E2E2F2E2E2F4D6964646C65E3
:1060580077617265732F54686972645F50617274F6
:10606800792F4C7749502F7372632F6170692F61B4
:1060780070695F6C69622E63000000006E6574636E
:106088006F6E6E5F636C6F73653A20696E76616CD4
:10609800696420636F6E6E0066726565696E67205D
:1060A800636F6E6E20776974686F757420667265A9
:1060B80065696E672070636200000000636F6E6E32
:1060C80020686173206E6F20726563766D626F78E9
:1060D80000000000636F6E6E20686173206E6F2091
:1060E8006F705F636F6D706C6574656400000000AD
:1060F8006E6574636F6E6E5F636F6E6E6563743A20
:1061080020696E76616C696420636F6E6E000000B2
:106118006E6574636F6E6E5F646973636F6E6E65D0
:1061280063743A20696E76616C696420636F6E6E81
:10613800000000006E6574636F6E6E5F73656E6459
:106148003A20696E76616C696420636F6E6E000038
:106158006E6574636F6E6E5F77726974653A2069F5
:106168006E76616C696420636F6E6E006E65746331
:106178006F6E6E5F77726974653A20696E76616CCE
:10618800696420636F6E6E2D3E747970650000003F
:10619800646F5F7772697465206661696C656420F5
:1061A800746F20777269746520616C6C20627974F1
:1061B800657300006E6574636F6E6E5F72656376FB
:1061C8003A20696E76616C696420706F696E7465D7
:1061D800720000006E6574636F6E6E5F7265637641
:1061E8003A20696E76616C696420636F6E6E000098
:1061F8006E6574636F6E6E5F726563765F756470EB
:106208005F7261775F6E65746275663A20696E7653
:10621800616C696420636F6E6E0000002E2E2F2E55
:106228002E2F4D6964646C6577617265732F5468AD
:106238006972645F50617274792F4C7749502F737B
:1062480072632F6170692F6170695F6D73672E6368
:10625800000000007063625F6E65773A20706362C9
:1062680020616C726561647920616C6C6F63617424
:1062780065640000726563765F756470206D757380
:10628800742068617665206120706362206172679E
:10629800756D656E74000000726563765F75647075
:1062A800206D757374206861766520616E20617257
:1062B80067756D656E740000726563765F756470EE
:1062C8003A207265637620666F722077726F6E6708
:1062D80020706362210000006E6574636F6E6E5FEC
:1062E800616C6C6F633A20756E646566696E65648F
:1062F800206E6574636F6E6E5F7479706500000060
:10630800504342206D757374206265206465616C2A
:106318006C6F6361746564206F757473696465205C
:10632800746869732066756E6374696F6E00000027
:10633800726563766D626F78206D7573742062651F
:10634800206465616C6C6F63617465642062656666
:106358006F72652063616C6C696E6720746869731D
:106368002066756E6374696F6E0000006E657463F5
:106378006F6E6E207374617465206572726F72003F
:10638800626C6F636B696E6720636F6E6E656374B2
:1063980020696E2070726F67726573730000000069
:1063A800496E76616C6964206E6574636F6E6E20E9
:1063B80074797065000000002E2E2F2E2E2F4D6947
:1063C80064646C6577617265732F54686972645F81
:1063D80050617274792F4C7749502F7372632F6113
:1063E80070692F6E65746275662E63006E657462DF
:1063F80075665F616C6C6F633A20696E76616C6973
:106408006420627566000000636865636B207468C9
:1064180061742066697273742070627566206361A6
:106428006E20686F6C642073697A65006E657462AB
:1064380075665F667265653A20696E76616C696437
:1064480020627566000000006E65746275665F7292
:1064580065663A20696E76616C69642062756600CB
:106468002E2E2F2E2E2F4D6964646C657761726510
:10647800732F54686972645F50617274792F4C7716
:1064880049502F7372632F636F72652F6D656D703E
:106498002E6300006D656D705F6D616C6C6F633AA3
:1064A800206D656D702070726F7065726C792061F7
:1064B8006C69676E656400006D656D705F66726516
:1064C800653A206D656D2070726F7065726C792009
:1064D800616C69676E656400696E76616C696420D9
:1064E800706F6F6C20646573630000006D656D707C
:1064F8005F6D616C6C6F633A2074797065203C2025
:106508004D454D505F4D4158000000006D656D7060
:106518005F667265653A2074797065203C204D4548
:106528004D505F4D415800002E2E2F2E2E2F4D69B5
:1065380064646C6577617265732F54686972645F0F
:1065480050617274792F4C7749502F7372632F639F
:106558006F72652F6D656D2E63000000706C756736
:106568005F686F6C65733A206D656D203E3D2072E3
:10657800616D0000706C75675F686F6C65733A20B9
:106588006D656D203C2072616D5F656E6400000072
:10659800706C75675F686F6C65733A206D656D2DFB
:1065A8003E75736564203D3D20300000706C756752
:1065B8005F686F6C65733A206D656D2D3E6E65780A
:1065C80074203C3D204D454D5F53495A455F414C31
:1065D80049474E45440000006661696C6564207453
:1065E8006F20637265617465206D656D5F6D75748C
:1065F800657800006D656D5F667265653A20736148
:106608006E69747920636865636B20616C69676E75
:106618006D656E74000000006D656D5F667265657E
:106628003A20696C6C6567616C206D656D6F727975
:10663800000000006D656D5F667265653A20696CE3
:106648006C6567616C206D656D6F72793A20646F57
:1066580075626C6520667265650000006D656D5F2A
:10666800667265653A20696C6C6567616C206D655A
:106678006D6F72793A206E6F6E2D6C696E6B656402
:106688003A20646F75626C6520667265650000006B
:106698006D656D5F7472696D3A206C6567616C2019
:1066A8006D656D6F727900006D656D5F7472696DEF
:1066B8002063616E206F6E6C7920736872696E6BEF
:1066C800206D656D6F727900696E76616C69642002
:1066D8006E65787420707472000000006D656D5FDF
:1066E8006D616C6C6F633A20216C667265652D3E36
:1066F80075736564000000006D656D5F6D616C6C9D
:106708006F633A20616C6C6F6361746564206D65BA
:106718006D6F7279206E6F742061626F766520727A
:10672800616D5F656E642E006D656D5F6D616C6C8B
:106738006F633A20616C6C6F6361746564206D658A
:106748006D6F72792070726F7065726C7920616CF0
:1067580069676E65642E00006D656D5F6D616C6CB8
:106768006F633A2073616E69747920636865636B3F
:1067780020616C69676E6D656E7400002E2E2F2E79
:106788002E2F4D6964646C6577617265732F546848
:106798006972645F50617274792F4C7749502F7316
:1067A80072632F636F72652F7564702E630000002B
:1067B8007564705F696E7075745F6C6F63616C5F30
:1067C8006D617463683A20696E76616C69642070E3
:1067D800636200007564705F696E7075745F6C6FDA
:1067E80063616C5F6D617463683A20696E76616C91
:1067F8006964206E65746966000000007564705FE6
:10680800696E7075743A20696E76616C696420707F
:10681800627566007564705F696E7075743A206998
:106828006E76616C6964206E6574696600000000AC
:10683800706275665F72656D6F76655F68656164C5
:106848006572206661696C65640A00007564705F32
:1068580062696E643A20696E76616C69642070635F
:10686800620000007564705F73656E64746F5F69C1
:10687800665F7372633A20696E76616C6964207032
:10688800636200007564705F73656E64746F5F693E
:10689800665F7372633A20696E76616C6964207012
:1068A800627566007564705F73656E64746F5F69A6
:1068B800665F7372633A20696E76616C69642064FE
:1068C80073745F69700000007564705F73656E644F
:1068D800746F5F69665F7372633A20696E76616C84
:1068E8006964207372635F69700000007564705F8B
:1068F80073656E64746F5F69665F7372633A20696B
:106908006E76616C6964206E6574696600000000CB
:10691800636865636B207468617420666972737458
:1069280020706275662063616E20686F6C642073E6
:106938007472756374207564705F68647200000017
:106948007564705F73656E64746F5F69663A206919
:106958006E76616C69642070636200007564705FB4
:1069680073656E64746F5F69663A20696E76616CF0
:1069780069642070627566007564705F73656E6423
:10698800746F5F69663A20696E76616C6964206429
:1069980073745F69700000007564705F73656E647E
:1069A800746F5F69663A20696E76616C6964206EFF
:1069B80065746966000000007564705F73656E64D5
:1069C800746F3A20696E76616C6964207063620046
:1069D8007564705F73656E64746F3A20696E766172
:1069E8006C69642070627566000000007564705FF1
:1069F80073656E64746F3A20696E76616C696420A1
:106A08006473745F697000007564705F73656E64A9
:106A18003A20696E76616C696420706362000000D8
:106A28007564705F73656E643A20696E76616C692F
:106A380064207062756600007564705F636F6E6EC7
:106A48006563743A20696E76616C6964207063626C
:106A5800000000007564705F636F6E6E6563743A62
:106A680020696E76616C6964206970616464720083
:106A78007564705F646973636F6E6E6563743A20E2
:106A8800696E76616C696420706362007564705F1A
:106A9800726563763A20696E76616C69642070630A
:106AA800620000007564705F72656D6F76653A20EC
:106AB800696E76616C696420706362002E2E2F2ED9
:106AC8002E2F4D6964646C6577617265732F546805
:106AD8006972645F50617274792F4C7749502F73D3
:106AE80072632F636F72652F6E657469662E63001B
:106AF8006E657469665F69737375655F7265706FDB
:106B08007274733A20696E76616C6964206E65747C
:106B180069660000696E76616C696420706F696EE1
:106B2800746572006E657469665F6164643A2069B1
:106B38006E76616C6964206E657469660000000099
:106B48006E657469665F6164643A204E6F20696E91
:106B580069742066756E6374696F6E2067697665FF
:106B68006E0000006E6574696620616C7265616410
:106B78007920616464656400746F6F206D616E795B
:106B8800206E65746966732C206D61782E2073758C
:106B980070706F72746564206E756D6265722069BD
:106BA80073203235350000006E657469665F736561
:106BB800745F75703A20696E76616C6964206E65E1
:106BC800746966006E657469665F7365745F646F87
:106BD800776E3A20696E76616C6964206E657469B7
:106BE800660000006E657469665F7365745F6C6942
:106BF8006E6B5F75703A20696E76616C6964206EA1
:106C080065746966000000006E657469665F736587
:106C1800745F6C696E6B5F646F776E3A20696E762D
:106C2800616C6964206E6574696600002E2E2F2ED3
:106C38002E2F4D6964646C6577617265732F546893
:106C48006972645F50617274792F4C7749502F7361
:106C580072632F636F72652F706275662E63000012
:106C68007020213D204E554C4C000000696E766125
:106C78006C696420706275665F74797065000000E5
:106C8800696E6372656D656E745F6D61676E697458
:106C9800756465203C3D20702D3E6C656E000000DB
:106CA800706275665F667265653A20702D3E726522
:106CB80066203E203000000070632D3E63757374BB
:106CC8006F6D5F667265655F66756E6374696F6E1A
:106CD80020213D204E554C4C00000000696E766125
:106CE8006C696420706275662074797065000000B4
:106CF800706275665F616C6C6F633A20706275666E
:106D080020712D3E7061796C6F61642070726F70B4
:106D180065726C7920616C69676E656400000000BB
:106D2800504255465F504F4F4C5F42554653495A63
:106D380045206D75737420626520626967676572A6
:106D4800207468616E204D454D5F414C49474E4D5A
:106D5800454E5400706275665F616C6C6F633A20D3
:106D6800706275662D3E7061796C6F616420707217
:106D78006F7065726C7920616C69676E656400007C
:106D8800706275665F616C6C6F633A206572726FD2
:106D98006E656F7573207479706500007062756632
:106DA8005F7265616C6C6F633A207020213D204EE4
:106DB800554C4C00706275665F7265616C6C6F63F0
:106DC8003A207120213D204E554C4C006D656D5F79
:106DD8007472696D2072657475726E6564207120B5
:106DE8003D3D204E554C4C007062756620726566BC
:106DF800206F766572666C6F770000002868202126
:106E08003D204E554C4C2920262620287420213D13
:106E1800204E554C4C29202870726F6772616D6D39
:106E280065722076696F6C617465732041504929D9
:106E380000000000702D3E746F745F6C656E203D1D
:106E48003D20702D3E6C656E20286F66206C617346
:106E580074207062756620696E20636861696E29A6
:106E680000000000702D3E6E657874203D3D204E78
:106E7800554C4C00706275665F636F70793A207488
:106E88006172676574206E6F742062696720656E31
:106E98006F75676820746F20686F6C6420736F75F6
:106EA800726365006F66667365745F746F203C3D3E
:106EB80020705F746F2D3E6C656E00006F666673A0
:106EC80065745F66726F6D203C3D20705F66726FFF
:106ED8006D2D3E6C656E0000705F746F20213D2043
:106EE8004E554C4C00000000706275665F636F7011
:106EF80079282920646F6573206E6F7420616C6C2B
:106F08006F77207061636B65742071756575657343
:106F180021000000706275665F636F70795F706151
:106F2800727469616C3A20696E76616C696420627A
:106F380075660000706275665F636F70795F706177
:106F4800727469616C3A20696E76616C6964206458
:106F58006174617074720000706275665F636F704F
:106F680079206661696C6564000000002E2E2F2E62
:106F78002E2F4D6964646C6577617265732F546850
:106F88006972645F50617274792F4C7749502F731E
:106F980072632F636F72652F74696D656F75747393
:106FA8002E6300007379735F74696D656F75743A49
:106FB8002074696D656F757420213D204E554C4CC9
:106FC8002C20706F6F6C204D454D505F5359535FA7
:106FD80054494D454F555420697320656D70747937
:106FE8000000000054696D656F75742074696D65E3
:106FF80020746F6F206C6F6E672C206D617820692C
:1070080073204C5749505F55494E5433325F4D41B8
:10701800582F34206D73656373000000696E7661C4
:107028006C696420736C65657074696D6500000037
:107038002E2E2F2E2E2F4D6964646C657761726534
:10704800732F54686972645F50617274792F4C773A
:1070580049502F7372632F636F72652F697076348E
:107068002F6574686172702E630000006172705F32
:107078007461626C655B695D2E71203D3D204E55E3
:107088004C4C000069203C204152505F5441424C16
:10709800455F53495A4500006172705F7461626CC4
:1070A800655B695D2E7374617465203D3D204554B0
:1070B800484152505F53544154455F454D505459CF
:1070C800000000006E657469662D3E68776164642F
:1070D800725F6C656E203D3D204554485F485741BE
:1070E8004444525F4C454E00636865636B20746886
:1070F80061742066697273742070627566206361BA
:107108006E20686F6C642073747275637420657484
:10711800686172705F686472000000006E6574696F
:10712800662D3E6877616464725F6C656E206D756C
:107138007374206265207468652073616D652061D1
:1071480073204554485F4857414444525F4C454E6C
:1071580020666F72206574686172702100000000FB
:1071680069706164647220213D204E554C4C0000CA
:107178006574685F72657420213D204E554C4C0043
:107188006172705F7461626C655B6172705F696483
:10719800785D2E7374617465203E3D2045544841E6
:1071A80052505F53544154455F535441424C45003B
:1071B80074797065206F766572666C6F7700000071
:1071C8006172705F7461626C655B695D2E73746176
:1071D8007465203D3D2050454E44494E47206F720E
:1071E80020535441424C45006E6F207061636B65BB
:1071F800742071756575657320616C6C6F77656453
:10720800210000007120213D204E554C4C0000000B
:107218002E2E2F2E2E2F4D6964646C657761726552
:10722800732F54686972645F50617274792F4C7758
:1072380049502F7372632F636F72652F69707634AC
:107248002F69636D702E6300636865636B207468D3
:107258006174206669727374207062756620636158
:107268006E20686F6C642069636D70206D65737340
:107278006167650069636D705F696E7075743A2047
:107288006D6F76696E6720722D3E7061796C6F61E3
:107298006420746F2069636D70206865616465722D
:1072A800206661696C65640A0000000069636D709E
:1072B8005F696E7075743A20726573746F72696E67
:1072C80067206F726967696E616C20702D3E70610E
:1072D800796C6F6164206661696C65640A000000FE
:1072E8002E2E2F2E2E2F4D6964646C657761726582
:1072F800732F54686972645F50617274792F4C7788
:1073080049502F7372632F636F72652F69707634DB
:107318002F6970342E630000702D3E726566203D23
:107328003D203100636865636B2074686174206672
:107338006972737420706275662063616E20686F6D
:107348006C64207374727563742069705F6864720A
:10735800000000002E2E2F2E2E2F4D6964646C65C0
:1073680077617265732F54686972645F50617274D3
:10737800792F4C7749502F7372632F636F72652F83
:10738800697076342F6970345F667261672E6300A6
:1073980073616E69747920636865636B206C696ECC
:1073A8006B6564206C697374000000007072657608
:1073B80020213D2069707200707265762D3E6E65E1
:1073C8007874203D3D206970720000007062756617
:1073D800735F6672656564202B20636C656E203C64
:1073E8003D203078666666660000000069705F724E
:1073F800656173735F70627566636F756E74203E46
:107408003D2070627566735F667265656400000092
:1074180070637220213D204E554C4C0063686563B3
:107428006B20667261676D656E747320646F6E277A
:1074380074206F7665726C61700000006E6F20704A
:10744800726576696F757320667261676D656E74B3
:107458002C2074686973206D7573742062652074BC
:10746800686520666972737420667261676D656EFF
:107478007421000073616E69747920636865636BB9
:107488000000000076616C69646174655F64617412
:10749800616772616D3A6E6578745F7062756621B6
:1074A8003D4E554C4C00000069705F726561737306
:1074B8005F70627566636F756E74203E3D20636C05
:1074C800656E000069707220213D204E554C4C00BD
:1074D8006E6F74206669727374616C74686F756717
:1074E80068206A75737420656E71756575656400CA
:1074F8006970345F6672616728293A207062756620
:1075080020746F6F2073686F7274000074686973F9
:10751800206E656564732061207062756620696EEF
:10752800206F6E652070696563652100702D3E6C63
:10753800656E203E3D20706F666600002E2E2F2E51
:107548002E2F4D6964646C6577617265732F54687A
:107558006972645F50617274792F4C7749502F7348
:1075680072632F636F72652F697076342F69703478
:107578005F616464722E6300756E68616E646C6529
:10758800640000003139322E3136382E302E380062
:10759800726F7369646C5F74797065737570706FFE
:1075A80072745F6D6963726F787263656464735F28
:1075B800630000003A3A000025732573257325738C
:1075C80025732573257300005F0000006464730051
:1075D80025732573000000007374645F6D7367730F
:1075E80000000000726F7369646C5F747970657372
:1075F8007570706F72745F696E74726F73706563A3
:1076080074696F6E5F635F5F6765745F6D657373E1
:107618006167655F747970655F737570706F727498
:107628005F68616E646C655F5F7374645F6D7367D8
:10763800735F5F6D73675F5F496E7433320000007C
:10764800726F7369646C5F74797065737570706F4D
:1076580072745F6D6963726F787263656464735F77
:10766800635F5F6765745F6D6573736167655F749A
:107678007970655F737570706F72745F68616E643E
:107688006C655F5F7374645F6D7367735F5F6D7361
:10769800675F5F496E74333200000000726F736970
:1076A800646C5F74797065737570706F72745F69FC
:1076B8006E74726F7370656374696F6E5F630000D8
:1076C8007374645F6D7367735F5F6D736700000049
:1076D80064617461000000007374645F6D736773A4
:1076E8003A3A6D7367000000524F535F4C4F434165
:1076F8004C484F53545F4F4E4C5900002E00000029
:107708002F0000002F25730025732F25730000001C
:10771800617267756D656E7420656E765F6E616DFA
:1077280065206973206E756C6C0000006172677566
:107738006D656E7420656E765F76616C756520691F
:1077480073206E756C6C0000726D775F76616C6982
:10775800646174655F6E616D657370616365282926
:107768003A20756E6B6E6F776E20726D775F7661FB
:107778006C69646174655F66756C6C5F746F706961
:10778800635F6E616D65282920726573756C74205E
:107798002725642700000000756E6B6E6F776E20DA
:1077A800726573756C7420636F646520666F7220F0
:1077B800726D77206E616D657370616365207661A7
:1077C8006C69646174696F6E000000006E616D65BC
:1077D8007370616365206D757374206E6F742062B9
:1077E8006520656D707479006E616D657370616395
:1077F80065206D757374206265206162736F6C75A6
:1078080074652C206974206D757374206C656164CF
:107818002077697468206120272F27006E616D65C5
:107828007370616365206D757374206E6F74206565
:107838006E642077697468206120272F272C2075B3
:107848006E6C657373206F6E6C79206120272F270B
:10785800000000006E616D657370616365206D7571
:107868007374206E6F7420636F6E7461696E206329
:10787800686172616374657273206F7468657220E1
:107888007468616E20616C7068616E756D6572698F
:1078980063732C20275F272C206F7220272F270047
:1078A8006E616D657370616365206D757374206EAC
:1078B8006F7420636F6E7461696E207265706561A4
:1078C80074656420272F27006E616D65737061638E
:1078D80065206D757374206E6F74206861766520FD
:1078E8006120746F6B656E207468617420737461B5
:1078F80072747320776974682061206E756D626593
:10790800720000006E616D65737061636520736855
:107918006F756C64206E6F7420657863656564208C
:1079280027524D575F4E414D4553504143455F4D9A
:1079380041585F4E414D455F4C454E4754482700DE
:10794800756E6B6E6F776E20726573756C742063DD
:107958006F646520666F7220726D77206E6F646544
:10796800206E616D652076616C69646174696F6E03
:10797800000000006E6F6465206E616D65206D7596
:107988007374206E6F7420626520656D7074790061
:107998006E6F6465206E616D65206D757374206E01
:1079A8006F7420636F6E7461696E206368617261C1
:1079B8006374657273206F74686572207468616E91
:1079C80020616C7068616E756D6572696373206F94
:1079D8007220275F270000006E6F6465206E616D5E
:1079E80065206D757374206E6F7420737461727482
:1079F80020776974682061206E756D626572000079
:107A08006E6F6465206E616D65206C656E67746865
:107A18002073686F756C64206E6F74206578636579
:107A28006564202732353527000000006364720042
:107A3800726D775F6D6963726F7872636564647382
:107A480000000000726F7369646C5F74797065730D
:107A58007570706F72745F6300000000524F535F5F
:107A6800444F4D41494E5F494400000025732F257E
:107A7800732573007B6E6F64657D00007B6E737D7C
:107A8800000000007B6E616D6573706163657D0049
:107A980020060C00F0010020184D0020905D010820
:107AA80000000000000000000000000000000000CE
:107AB800E02E000018000000000000000000000098
:107AC800000000000102030401020304060708097C
:107AD8000000000000000000FFFFFFFFFFFF0000A4
:107AE800000000000C000000690000000B0000000E
:107AF8007100000073000000160000000B00000079
:107B080062000000720000006A0000006B000000C4
:107B1800FFFFFFFF67000000680000006B00000027
:107B280005000000C07B0108B47B0108A87B0108A0
:107B38009C7B0108907B0108847B0108787B010805
:107B48006C7B0108607B0108547B0108600210000F
:107B5800B8970020B497002010001000C0BD002086
:107B6800BCBD002010000200C8BE0020C4BE00201A
:107B780010000800F0BE0020ECBE00201000080035
:107B880078BF002074BF00202000040000C000203F
:107B9800FCBF00201000020088C0002084C0002024
:107BA80018000F00B0C00020ACC000202000050065
:107BB80020C200201CC2002020000400C8C20020EF
:107BC800C4C20020E80300006DAC0008E803000010
:107BD800E19D0008000000005245454E54206D61AB
:107BE8006C6C6F6320737563636565646564002FEF
:107BF800566F6C756D65732F646174612F6A656E5D
:107C08006B696E732F776F726B73706163652F4743
:107C18004E552D746F6F6C636861696E2F61726D5C
:107C28002D31342F7372632F6E65776C69622D6303
:107C3800796777696E2F6E65776C69622F6C6962F8
:107C4800632F7374646C69622F72616E642E6300B3
:107C58002C2066756E6374696F6E3A2000617373C9
:107C6800657274696F6E2022257322206661696CC3
:107C780065643A2066696C6520222573222C206C85
:107C8800696E65202564257325730A00232D302B22
:107C98002000686C4C006566674546470030313205
:107CA800333435363738394142434445460030315C
:107CB80032333435363738396162636465660000BB
:107CC8002020202020202020202828282828202084
:107CD800202020202020202020202020202020209C
:107CE8008810101010101010101010101010101014
:107CF80004040404040404040404101010101010F4
:107D080010414141414141010101010101010101CC
:107D18000101010101010101010101101010101000
:107D2800104242424242420202020202020202029D
:107D380002020202020202020202021010101020C5
:107D4800000000000000000000000000000000002B
:107D5800000000000000000000000000000000001B
:107D6800000000000000000000000000000000000B
:107D780000000000000000000000000000000000FB
:107D880000000000000000000000000000000000EB
:107D980000000000000000000000000000000000DB
:107DA80000000000000000000000000000000000CB
:107DB80000000000000000000000000000000000BB
:107DC8000000000000000000010000000A000000A0
:107DD8000102000000000000000000000000000098
:107DE800000000000000000000000000000000008B
:107DF800000000000000000000000000000000007B
:107E0800000000000000000000000000000000006A
:107E18000000000000000000010000000A0000004F
:107E28000102000000000000000000000000000047
:107E3800000000000000000000000000000000003A
:107E4800000000000000000000000000000000002A
:107E5800000000000000000000000000000000001A
:107E6800000000000000000000000000000000000A
:107E78000000000000000000000000007274000014
:107E8800A47601089875010802000000E075010851
:107E9800887E0108A47E0108A4000020EC75010872
:107EA80048760108C87601084076010801000000FC
:107EB80004000000B80000208DD7000891D7000802
:107EC80000000000000000000000000000000000AA
:107ED80000000000D4770108F07701082478010831
:107EE8005C780108A8780108D07801080C790108A5
:107EF800000000007C79010898790108E079010800
:107F0800087A0108387A01080000C1C081C140011F
:107F180001C3C003800241C201C6C006800741C731
:107F28000005C1C581C4400401CCC00C800D41CD01
:107F3800000FC1CF81CE400E000AC1CA81CB400BD1
:107F480001C9C009800841C801D8C018801941D9A1
:107F5800001BC1DB81DA401A001EC1DE81DF401F31
:107F680001DDC01D801C41DC0014C1D481D5401541
:107F780001D7C017801641D601D2C012801341D351
:107F88000011C1D181D0401001F0C030803141F1E1
:107F98000033C1F381F240320036C1F681F7403731
:107FA80001F5C035803441F4003CC1FC81FD403D01
:107FB80001FFC03F803E41FE01FAC03A803B41FBD1
:107FC8000039C1F981F840380028C1E881E9402921
:107FD80001EBC02B802A41EA01EEC02E802F41EF31
:107FE800002DC1ED81EC402C01E4C024802541E541
:107FF8000027C1E781E640260022C1E281E3402351
:1080080001E1C021802041E001A0C060806141A160
:108018000063C1A381A240620066C1A681A7406730
:1080280001A5C065806441A4006CC1AC81AD406D00
:1080380001AFC06F806E41AE01AAC06A806B41ABD0
:108048000069C1A981A840680078C1B881B94079A0
:1080580001BBC07B807A41BA01BEC07E807F41BF30
:10806800007DC1BD81BC407C01B4C074807541B540
:108078000077C1B781B640760072C1B281B3407350
:1080880001B1C071807041B00050C19081914051E0
:108098000193C053805241920196C0568057419730
:1080A8000055C19581944054019CC05C805D419D00
:1080B800005FC19F819E405E005AC19A819B405BD0
:1080C8000199C059805841980188C0488049418920
:1080D800004BC18B818A404A004EC18E818F404F30
:1080E800018DC04D804C418C0044C1848185404540
:1080F8000187C047804641860182C0428043418350
:108108000041C18181804040000000000000000063
:088118008881FE7F01000000D8
:088120007104000879D7000882
:0481280049040008FE
:10812C00CD080008DD050008690600084D060008AA
:10813C004506000801000000100000000090D0036C
:10814C000090D003AAAAAAAA00C0000094C40020E0
:10815C00FFFFFFFF0000000003000000A0C4002090
:10816C004400002000000000A0C4002008C500202E
:10817C0070C500200000000000000000000000009E
:10818C0000000000000000000000000000000000E3
:10819C0000000000000000000000000000000000D3
:1081AC0000000000000000000000000000000000C3
:1081BC0031CD00082DCD000829CD000825CD0008B3
:1081CC000000000095D7000801D80008000000004E
:1081DC00907E0108A1300108D87601080D0000003E
:1081EC000000000000000000000000000000000083
:1081FC000000000000000000000000000000000073
:10820C000000000000000000000000000000000062
:10821C000000000000000000AC7E010849D70008F7
:10822C00987501080C01002049D70008E076010878
:10823C0040760108DDD70008C1D70008EDD700084B
:10824C00CDD70008B1D700084C7A0108A4760108F4
:10825C000000000000000000000000000000000012
:10826C000000000000000000000000000000000002
:10827C0000000000000000000000000000000000F2
:10828C0000000000000000000000000000000000E2
:10829C0000000000000000000000000000000000D2
:1082AC0000000000000000000000000000000000C2
:1082BC0000000000000000000000000000000000B2
:1082CC0000000000000000000000000000000000A2
:1082DC000000000000000000000000000000000092
:1082EC000000000000000000000000000000000082
:1082FC000000000000000000000000000000000072
:10830C000000000000000000000000000000000061
:10831C000000000000000000000000000000000051
:10832C000000000000000000000000000000000041
:10833C000000000000000000000000000000000031
:10834C000000000000000000000000000000000021
:10835C000000000000000000000000000000000011
:10836C000000000000000000000000000000000001
:10837C0000000000000000000000000000000000F1
:10838C0000000000000000000000000000000000E1
:10839C0000000000000000000000000000000000D1
:1083AC0000000000000000000000000000000000C1
:1083BC0000000000000000000000000000000000B1
:1083CC0000000000000000000000000000000000A1
:1083DC000000000000000000000000000000000091
:1083EC000000000000000000000000000000000081
:1083FC000000000000000000000000000000000071
:10840C000000000000000000000000000000000060
:10841C000000000000000000000000000000000050
:10842C000000000000000000000000000000000040
:10843C000000000000000000000000000000000030
:10844C000000000000000000000000000000000020
:10845C000000000000000000000000000000000010
:10846C000000000000000000000000000000000000
:10847C0000000000000000000000000000000000F0
:10848C0000000000000000000000000000000000E0
:10849C0000000000000000000000000000000000D0
:1084AC0000000000000000000000000000000000C0
:1084BC0000000000000000000000000000000000B0
:1084CC0000000000000000000000000000000000A0
:1084DC000000000000000000000000000000000090
:1084EC000000000000000000000000000000000080
:1084FC000000000000000000000000000000000070
:10850C00000000000000000000000000000000005F
:10851C00000000000000000000000000000000004F
:10852C00000000000000000000000000000000003F
:10853C00000000000000000000000000000000002F
:10854C00000000000000000000000000000000001F
:10855C00000000000000000000000000000000000F
:10856C0000000000000000000000000000000000FF
:10857C0000000000000000000000000000000000EF
:10858C0000000000000000000000000000000000DF
:10859C0000000000000000000000000000000000CF
:1085AC0000000000000000000000000000000000BF
:1085BC0000000000000000000000000000000000AF
:1085CC00000000000000000000000000000000009F
:1085DC00000000000000000000000000000000008F
:1085EC00000000000000000000000000000000007F
:1085FC00000000000000000000000000000000006F
:10860C00000000000000000000000000000000005E
:10861C00000000000000000000000000000000004E
:10862C00000000000000000000000000000000003E
:10863C00000000000000000000000000000000002E
:10864C00000000000000000000000000000000001E
:10865C00000000000000000000000000000000000E
:10866C0000000000000000000000000000000000FE
:10867C0000000000000000000000000000000000EE
:10868C0000000000000000000000000000000000DE
:10869C0000000000000000000000000000000000CE
:1086AC0000000000000000000000000000000000BE
:1086BC0000000000000000000000000000000000AE
:1086CC00000000000000000000000000000000009E
:1086DC00000000000000000000000000000000008E
:1086EC00000000000000000000000000000000007E
:1086FC00000000000000000000000000000000006E
:10870C00000000000000000000000000000000005D
:10871C00000000000000000000000000000000004D
:10872C00000000000000000000000000000000003D
:10873C00000000000000000000000000000000002D
:10874C00000000000000000000000000000000001D
:10875C00000000000000000000000000000000000D
:10876C0000000000000000000000000000000000FD
:10877C0000000000000000000000000000000000ED
:10878C0000000000000000000000000000000000DD
:10879C0000000000000000000000000000000000CD
:1087AC0000000000000000000000000000000000BD
:1087BC0000000000000000000000000000000000AD
:1087CC00000000000000000000000000000000009D
:1087DC00000000000000000000000000000000008D
:1087EC00000000000000000000000000000000007D
:1087FC00000000000000000000000000000000006D
:10880C00000000000000000000000000000000005C
:10881C00000000000000000000000000000000004C
:10882C00000000000000000000000000000000003C
:10883C00000000000000000000000000000000002C
:10884C00000000000000000000000000000000001C
:10885C00000000000000000000000000000000000C
:10886C0000000000000000000000000000000000FC
:10887C0000000000000000000000000000000000EC
:10888C0000000000000000000000000000000000DC
:10889C0000000000000000000000000000000000CC
:1088AC0000000000000000000000000000000000BC
:1088BC0000000000000000000000000000000000AC
:1088CC00000000000000000000000000000000009C
:1088DC00000000000000000000000000000000008C
:1088EC00000000000000000000000000000000007C
:1088FC00000000000000000000000000000000006C
:10890C00000000000000000000000000000000005B
:10891C00000000000000000000000000000000004B
:10892C00000000000000000000000000000000003B
:10893C00000000000000000000000000000000002B
:10894C00000000000000000000000000000000001B
:10895C00000000000000000000000000000000000B
:10896C0000000000000000000000000000000000FB
:10897C0000000000000000000000000000000000EB
:10898C0000000000000000000000000000000000DB
:10899C0000000000000000000000000000000000CB
:1089AC0000000000000000000000000000000000BB
:1089BC0000000000000000000000000000000000AB
:1089CC00000000000000000000000000000000009B
:1089DC00000000000000000000000000000000008B
:1089EC00000000000000000000000000000000007B
:1089FC00000000000000000000000000000000006B
:108A0C00000000000000000000000000000000005A
:108A1C00000000000000000000000000000000004A
:108A2C00000000000000000000000000000000003A
:108A3C00000000000000000000000000000000002A
:108A4C00000000000000000000000000000000001A
:108A5C00000000000000000000000000000000000A
:108A6C0000000000000000000000000000000000FA
:108A7C0000000000000000000000000000000000EA
:108A8C0000000000000000000000000000000000DA
:108A9C0000000000000000000000000000000000CA
:108AAC0000000000000000000000000000000000BA
:108ABC0000000000000000000000000000000000AA
:108ACC00000000000000000000000000000000009A
:108ADC00000000000000000000000000000000008A
:108AEC00000000000000000000000000000000007A
:108AFC00000000000000000000000000000000006A
:108B0C000000000000000000000000000000000059
:108B1C000000000000000000000000000000000049
:108B2C000000000000000000000000000000000039
:108B3C000000000000000000000000000000000029
:108B4C000000000000000000000000000000000019
:108B5C000000000000000000000000000000000009
:108B6C0000000000000000000000000000000000F9
:108B7C0000000000000000000000000000000000E9
:108B8C0000000000000000000000000000000000D9
:108B9C0000000000000000000000000000000000C9
:108BAC0000000000000000000000000000000000B9
:108BBC0000000000000000000000000000000000A9
:108BCC000000000000000000000000000000000099
:108BDC000000000000000000000000000000000089
:108BEC000000000000000000000000000000000079
:108BFC000000000000000000000000000000000069
:108C0C000000000000000000000000000000000058
:108C1C000000000000000000000000000000000048
:108C2C000000000000000000000000000000000038
:108C3C000000000000000000000000000000000028
:108C4C000000000000000000000000000000000018
:108C5C000000000000000000000000000000000008
:108C6C0000000000000000000000000000000000F8
:108C7C0000000000000000000000000000000000E8
:108C8C0000000000000000000000000000000000D8
:108C9C0000000000000000000000000000000000C8
:108CAC0000000000000000000000000000000000B8
:108CBC0000000000000000000000000000000000A8
:108CCC000000000000000000000000000000000098
:108CDC000000000000000000000000000000000088
:108CEC000000000000000000000000000000000078
:108CFC000000000000000000000000000000000068
:108D0C000000000000000000000000000000000057
:108D1C000000000000000000000000000000000047
:108D2C000000000000000000000000000000000037
:108D3C000000000000000000000000000000000027
:108D4C000000000000000000000000000000000017
:108D5C000000000000000000000000000000000007
:108D6C0000000000000000000000000000000000F7
:108D7C0000000000000000000000000000000000E7
:108D8C0000000000000000000000000000000000D7
:108D9C0000000000000000000000000000000000C7
:108DAC0000000000000000000000000000000000B7
:108DBC0000000000000000000000000000000000A7
:108DCC000000000000000000000000000000000097
:108DDC000000000000000000000000000000000087
:108DEC000000000000000000000000000000000077
:108DFC000000000000000000000000000000000067
:108E0C000000000000000000000000000000000056
:108E1C000000000000000000000000000000000046
:108E2C000000000000000000000000000000000036
:108E3C000000000000000000000000000000000026
:108E4C000000000000000000000000000000000016
:108E5C000000000000000000000000000000000006
:108E6C0000000000000000000000000000000000F6
:108E7C0000000000000000000000000000000000E6
:108E8C0000000000000000000000000000000000D6
:108E9C0000000000000000000000000000000000C6
:108EAC0000000000000000000000000000000000B6
:108EBC0000000000000000000000000000000000A6
:108ECC000000000000000000000000000000000096
:108EDC000000000000000000000000000000000086
:108EEC000000000000000000000000000000000076
:108EFC000000000000000000000000000000000066
:108F0C000000000000000000000000000000000055
:108F1C000000000000000000000000000000000045
:108F2C000000000000000000000000000000000035
:108F3C000000000000000000000000000000000025
:108F4C000000000000000000000000000000000015
:108F5C000000000000000000000000000000000005
:108F6C0000000000000000000000000000000000F5
:108F7C0000000000000000000000000000000000E5
:108F8C0000000000000000000000000000000000D5
:108F9C0000000000000000000000000000000000C5
:108FAC0000000000000000000000000000000000B5
:108FBC0000000000000000000000000000000000A5
:108FCC000000000000000000000000000000000095
:108FDC000000000000000000000000000000000085
:108FEC000000000000000000000000000000000075
:108FFC000000000000000000000000000000000065
:10900C000000000000000000000000000000000054
:10901C000000000000000000000000000000000044
:10902C000000000000000000000000000000000034
:10903C000000000000000000000000000000000024
:10904C000000000000000000000000000000000014
:10905C000000000000000000000000000000000004
:10906C0000000000000000000000000000000000F4
:10907C0000000000000000000000000000000000E4
:10908C0000000000000000000000000000000000D4
:10909C0000000000000000000000000000000000C4
:1090AC0000000000000000000000000000000000B4
:1090BC0000000000000000000000000000000000A4
:1090CC000000000000000000000000000000000094
:1090DC000000000000000000000000000000000084
:1090EC000000000000000000000000000000000074
:1090FC000000000000000000000000000000000064
:10910C000000000000000000000000000000000053
:10911C000000000000000000000000000000000043
:10912C000000000000000000000000000000000033
:10913C000000000000000000000000000000000023
:10914C000000000000000000000000000000000013
:10915C000000000000000000000000000000000003
:10916C0000000000000000000000000000000000F3
:10917C0000000000000000000000000000000000E3
:10918C0000000000000000000000000000000000D3
:10919C0000000000000000000000000000000000C3
:1091AC0000000000000000000000000000000000B3
:1091BC0000000000000000000000000000000000A3
:1091CC000000000000000000000000000000000093
:1091DC000000000000000000000000000000000083
:1091EC000000000000000000000000000000000073
:1091FC000000000000000000000000000000000063
:10920C000000000000000000000000000000000052
:10921C000000000000000000000000000000000042
:10922C000000000000000000000000000000000032
:10923C000000000000000000000000000000000022
:10924C000000000000000000000000000000000012
:10925C000000000000000000000000000000000002
:10926C0000000000000000000000000000000000F2
:10927C0000000000000000000000000000000000E2
:10928C0000000000000000000000000000000000D2
:10929C0000000000000000000000000000000000C2
:1092AC0000000000000000000000000000000000B2
:1092BC0000000000000000000000000000000000A2
:1092CC000000000000000000000000000000000092
:1092DC000000000000000000000000000000000082
:1092EC000000000000000000000000000000000072
:1092FC000000000000000000000000000000000062
:10930C000000000000000000000000000000000051
:10931C000000000000000000000000000000000041
:10932C000000000000000000000000000000000031
:10933C000000000000000000000000000000000021
:10934C000000000000000000000000000000000011
:10935C000000000000000000000000000000000001
:10936C0000000000000000000000000000000000F1
:10937C0000000000000000000000000000000000E1
:10938C0000000000000000000000000000000000D1
:10939C0000000000000000000000000000000000C1
:1093AC0000000000000000000000000000000000B1
:1093BC0000000000000000000000000000000000A1
:1093CC000000000000000000000000000000000091
:1093DC000000000000000000000000000000000081
:1093EC000000000000000000000000000000000071
:1093FC000000000000000000000000000000000061
:10940C000000000000000000000000000000000050
:10941C000000000000000000000000000000000040
:10942C000000000000000000000000000000000030
:10943C000000000000000000000000000000000020
:10944C000000000000000000000000000000000010
:10945C000000000000000000000000000000000000
:10946C0000000000000000000000000000000000F0
:10947C0000000000000000000000000000000000E0
:10948C0000000000000000000000000000000000D0
:10949C0000000000000000000000000000000000C0
:1094AC0000000000000000000000000000000000B0
:1094BC0000000000000000000000000000000000A0
:1094CC000000000000000000000000000000000090
:1094DC000000000000000000000000000000000080
:1094EC000000000000000000000000000000000070
:1094FC000000000000000000000000000000000060
:10950C00000000000000000000000000000000004F
:10951C00000000000000000000000000000000003F
:10952C00000000000000000000000000000000002F
:10953C00000000000000000000000000000000001F
:10954C00000000000000000000000000000000000F
:10955C0000000000000000000000000000000000FF
:10956C0000000000000000000000000000000000EF
:10957C0000000000000000000000000000000000DF
:10958C0000000000000000000000000000000000CF
:10959C0000000000000000000000000000000000BF
:1095AC0000000000000000000000000000000000AF
:1095BC00000000000000000000000000000000009F
:1095CC00000000000000000000000000000000008F
:1095DC00000000000000000000000000000000007F
:1095EC00000000000000000000000000000000006F
:1095FC00000000000000000000000000000000005F
:10960C00000000000000000000000000000000004E
:10961C00000000000000000000000000000000003E
:10962C00000000000000000000000000000000002E
:10963C00000000000000000000000000000000001E
:10964C00000000000000000000000000000000000E
:10965C0000000000000000000000000000000000FE
:10966C0000000000000000000000000000000000EE
:10967C0000000000000000000000000000000000DE
:10968C0000000000000000000000000000000000CE
:10969C0000000000000000000000000000000000BE
:1096AC0000000000000000000000000000000000AE
:1096BC00000000000000000000000000000000009E
:1096CC00000000000000000000000000000000008E
:1096DC00000000000000000000000000000000007E
:1096EC00000000000000000000000000000000006E
:1096FC00000000000000000000000000000000005E
:10970C00000000000000000000000000000000004D
:10971C00000000000000000000000000000000003D
:10972C00000000000000000000000000000000002D
:10973C00000000000000000000000000000000001D
:10974C00000000000000000000000000000000000D
:10975C0000000000000000000000000000000000FD
:10976C0000000000000000000000000000000000ED
:10977C0000000000000000000000000000000000DD
:10978C0000000000000000000000000000000000CD
:10979C0000000000000000000000000000000000BD
:1097AC0000000000000000000000000000000000AD
:1097BC00000000000000000000000000000000009D
:1097CC00000000000000000000000000000000008D
:1097DC00000000000000000000000000000000007D
:1097EC00000000000000000000000000000000006D
:1097FC00000000000000000000000000000000005D
:10980C00000000000000000000000000000000004C
:10981C00000000000000000000000000000000003C
:10982C00000000000000000000000000000000002C
:10983C00000000000000000000000000000000001C
:10984C00000000000000000000000000000000000C
:10985C0000000000000000000000000000000000FC
:10986C0000000000000000000000000000000000EC
:10987C0000000000000000000000000000000000DC
:10988C0000000000000000000000000000000000CC
:10989C0000000000000000000000000000000000BC
:1098AC0000000000000000000000000000000000AC
:1098BC00000000000000000000000000000000009C
:1098CC00000000000000000000000000000000008C
:1098DC00000000000000000000000000000000007C
:1098EC00000000000000000000000000000000006C
:1098FC00000000000000000000000000000000005C
:10990C00000000000000000000000000000000004B
:10991C00000000000000000000000000000000003B
:10992C00000000000000000000000000000000002B
:10993C00000000000000000000000000000000001B
:10994C00000000000000000000000000000000000B
:10995C0000000000000000000000000000000000FB
:10996C0000000000000000000000000000000000EB
:10997C0000000000000000000000000000000000DB
:10998C0000000000000000000000000000000000CB
:10999C0000000000000000000000000000000000BB
:1099AC0000000000000000000000000000000000AB
:1099BC00000000000000000000000000000000009B
:1099CC00000000000000000000000000000000008B
:1099DC00000000000000000000000000000000007B
:1099EC00000000000000000000000000000000006B
:1099FC00000000000000000000000000000000005B
:109A0C00000000000000000000000000000000004A
:109A1C00000000000000000000000000000000003A
:109A2C00000000000000000000000000000000002A
:109A3C00000000000000000000000000000000001A
:109A4C00000000000000000000000000000000000A
:109A5C0000000000000000000000000000000000FA
:109A6C0000000000000000000000000000000000EA
:109A7C0000000000000000000000000000000000DA
:109A8C0000000000000000000000000000000000CA
:109A9C0000000000000000000000000000000000BA
:109AAC0000000000000000000000000000000000AA
:109ABC00000000000000000000000000000000009A
:109ACC00000000000000000000000000000000008A
:109ADC00000000000000000000000000000000007A
:109AEC00000000000000000000000000000000006A
:109AFC00000000000000000000000000000000005A
:109B0C000000000000000000000000000000000049
:109B1C000000000000000000000000000000000039
:109B2C000000000000000000000000000000000029
:109B3C000000000000000000000000000000000019
:109B4C000000000000000000000000000000000009
:109B5C0000000000000000000000000000000000F9
:109B6C0000000000000000000000000000000000E9
:109B7C0000000000000000000000000000000000D9
:109B8C0000000000000000000000000000000000C9
:109B9C0000000000000000000000000000000000B9
:109BAC0000000000000000000000000000000000A9
:109BBC000000000000000000000000000000000099
:109BCC000000000000000000000000000000000089
:109BDC000000000000000000000000000000000079
:109BEC000000000000000000000000000000000069
:109BFC000000000000000000000000000000000059
:109C0C000000000000000000000000000000000048
:109C1C000000000000000000000000000000000038
:109C2C000000000000000000000000000000000028
:109C3C000000000000000000000000000000000018
:109C4C000000000000000000000000000000000008
:109C5C0000000000000000000000000000000000F8
:109C6C0000000000000000000000000000000000E8
:109C7C0000000000000000000000000000000000D8
:109C8C0000000000000000000000000000000000C8
:109C9C0000000000000000000000000000000000B8
:109CAC0000000000000000000000000000000000A8
:109CBC000000000000000000000000000000000098
:109CCC000000000000000000000000000000000088
:109CDC000000000000000000000000000000000078
:109CEC000000000000000000000000000000000068
:109CFC000000000000000000000000000000000058
:109D0C000000000000000000000000000000000047
:109D1C000000000000000000000000000000000037
:109D2C000000000000000000000000000000000027
:109D3C000000000000000000000000000000000017
:109D4C000000000000000000000000000000000007
:109D5C0000000000000000000000000000000000F7
:109D6C0000000000000000000000000000000000E7
:109D7C0000000000000000000000000000000000D7
:109D8C0000000000000000000000000000000000C7
:109D9C0000000000000000000000000000000000B7
:109DAC0000000000000000000000000000000000A7
:109DBC000000000000000000000000000000000097
:109DCC000000000000000000000000000000000087
:109DDC000000000000000000000000000000000077
:109DEC000000000000000000000000000000000067
:109DFC000000000000000000000000000000000057
:109E0C000000000000000000000000000000000046
:109E1C000000000000000000000000000000000036
:109E2C000000000000000000000000000000000026
:109E3C000000000000000000000000000000000016
:109E4C000000000000000000000000000000000006
:109E5C0000000000000000000000000000000000F6
:109E6C0000000000000000000000000000000000E6
:109E7C0000000000000000000000000000000000D6
:109E8C0000000000000000000000000000000000C6
:109E9C0000000000000000000000000000000000B6
:109EAC0000000000000000000000000000000000A6
:109EBC000000000000000000000000000000000096
:109ECC000000000000000000000000000000000086
:109EDC000000000000000000000000000000000076
:109EEC000000000000000000000000000000000066
:109EFC000000000000000000000000000000000056
:109F0C000000000000000000000000000000000045
:109F1C000000000000000000000000000000000035
:109F2C000000000000000000000000000000000025
:109F3C000000000000000000000000000000000015
:109F4C000000000000000000000000000000000005
:109F5C0000000000000000000000000000000000F5
:109F6C0000000000000000000000000000000000E5
:109F7C0000000000000000000000000000000000D5
:109F8C0000000000000000000000000000000000C5
:109F9C0000000000000000000000000000000000B5
:109FAC0000000000000000000000000000000000A5
:109FBC000000000000000000000000000000000095
:109FCC000000000000000000000000000000000085
:109FDC000000000000000000000000000000000075
:109FEC000000000000000000000000000000000065
:109FFC000000000000000000000000000000000055
:10A00C000000000000000000000000000000000044
:10A01C000000000000000000000000000000000034
:10A02C000000000000000000000000000000000024
:10A03C000000000000000000000000000000000014
:10A04C000000000000000000000000000000000004
:10A05C0000000000000000000000000000000000F4
:10A06C0000000000000000000000000000000000E4
:10A07C0000000000000000000000000000000000D4
:10A08C0000000000000000000000000000000000C4
:10A09C0000000000000000000000000000000000B4
:10A0AC0000000000000000000000000000000000A4
:10A0BC000000000000000000000000000000000094
:10A0CC000000000000000000000000000000000084
:10A0DC000000000000000000000000000000000074
:10A0EC000000000000000000000000000000000064
:10A0FC000000000000000000000000000000000054
:10A10C000000000000000000000000000000000043
:10A11C000000000000000000000000000000000033
:10A12C000000000000000000000000000000000023
:10A13C000000000000000000000000000000000013
:10A14C000000000000000000000000000000000003
:10A15C0000000000000000000000000000000000F3
:10A16C0000000000000000000000000000000000E3
:10A17C0000000000000000000000000000000000D3
:10A18C0000000000000000000000000000000000C3
:10A19C0000000000000000000000000000000000B3
:10A1AC0000000000000000000000000000000000A3
:10A1BC000000000000000000000000000000000093
:10A1CC000000000000000000000000000000000083
:10A1DC000000000000000000000000000000000073
:10A1EC000000000000000000000000000000000063
:10A1FC000000000000000000000000000000000053
:10A20C000000000000000000000000000000000042
:10A21C000000000000000000000000000000000032
:10A22C000000000000000000000000000000000022
:10A23C000000000000000000000000000000000012
:10A24C000000000000000000000000000000000002
:10A25C0000000000000000000000000000000000F2
:10A26C0000000000000000000000000000000000E2
:10A27C0000000000000000000000000000000000D2
:10A28C0000000000000000000000000000000000C2
:10A29C0000000000000000000000000000000000B2
:10A2AC0000000000000000000000000000000000A2
:10A2BC000000000000000000000000000000000092
:10A2CC000000000000000000000000000000000082
:10A2DC000000000000000000000000000000000072
:10A2EC000000000000000000000000000000000062
:10A2FC000000000000000000000000000000000052
:10A30C000000000000000000000000000000000041
:10A31C000000000000000000000000000000000031
:10A32C000000000000000000000000000000000021
:10A33C000000000000000000000000000000000011
:10A34C000000000000000000000000000000000001
:10A35C0000000000000000000000000000000000F1
:10A36C0000000000000000000000000000000000E1
:10A37C0000000000000000000000000000000000D1
:10A38C0000000000000000000000000000000000C1
:10A39C0000000000000000000000000000000000B1
:10A3AC0000000000000000000000000000000000A1
:10A3BC000000000000000000000000000000000091
:10A3CC000000000000000000000000000000000081
:10A3DC000000000000000000000000000000000071
:10A3EC000000000000000000000000000000000061
:10A3FC000000000000000000000000000000000051
:10A40C000000000000000000000000000000000040
:10A41C000000000000000000000000000000000030
:10A42C000000000000000000000000000000000020
:10A43C000000000000000000000000000000000010
:10A44C000000000000000000000000000000000000
:10A45C0000000000000000000000000000000000F0
:10A46C0000000000000000000000000000000000E0
:10A47C0000000000000000000000000000000000D0
:10A48C0000000000000000000000000000000000C0
:10A49C0000000000000000000000000000000000B0
:10A4AC0000000000000000000000000000000000A0
:10A4BC000000000000000000000000000000000090
:10A4CC000000000000000000000000000000000080
:10A4DC000000000000000000000000000000000070
:10A4EC000000000000000000000000000000000060
:10A4FC000000000000000000000000000000000050
:10A50C00000000000000000000000000000000003F
:10A51C00000000000000000000000000000000002F
:10A52C00000000000000000000000000000000001F
:10A53C00000000000000000000000000000000000F
:10A54C0000000000000000000000000000000000FF
:10A55C0000000000000000000000000000000000EF
:10A56C0000000000000000000000000000000000DF
:10A57C0000000000000000000000000000000000CF
:10A58C0000000000000000000000000000000000BF
:10A59C0000000000000000000000000000000000AF
:10A5AC00000000000000000000000000000000009F
:10A5BC00000000000000000000000000000000008F
:10A5CC00000000000000000000000000000000007F
:10A5DC00000000000000000000000000000000006F
:10A5EC00000000000000000000000000000000005F
:10A5FC00000000000000000000000000000000004F
:10A60C00000000000000000000000000000000003E
:10A61C00000000000000000000000000000000002E
:10A62C00000000000000000000000000000000001E
:10A63C00000000000000000000000000000000000E
:10A64C0000000000000000000000000000000000FE
:10A65C0000000000000000000000000000000000EE
:10A66C0000000000000000000000000000000000DE
:10A67C0000000000000000000000000000000000CE
:10A68C0000000000000000000000000000000000BE
:10A69C0000000000000000000000000000000000AE
:10A6AC00000000000000000000000000000000009E
:10A6BC00000000000000000000000000000000008E
:10A6CC00000000000000000000000000000000007E
:10A6DC00000000000000000000000000000000006E
:10A6EC00000000000000000000000000000000005E
:10A6FC00000000000000000000000000000000004E
:10A70C00000000000000000000000000000000003D
:10A71C00000000000000000000000000000000002D
:10A72C00000000000000000000000000000000001D
:10A73C00000000000000000000000000000000000D
:10A74C0000000000000000000000000000000000FD
:10A75C0000000000000000000000000000000000ED
:10A76C0000000000000000000000000000000000DD
:10A77C0000000000000000000000000000000000CD
:10A78C0000000000000000000000000000000000BD
:10A79C0000000000000000000000000000000000AD
:10A7AC00000000000000000000000000000000009D
:10A7BC00000000000000000000000000000000008D
:10A7CC00000000000000000000000000000000007D
:10A7DC00000000000000000000000000000000006D
:10A7EC00000000000000000000000000000000005D
:10A7FC00000000000000000000000000000000004D
:10A80C00000000000000000000000000000000003C
:10A81C00000000000000000000000000000000002C
:10A82C00000000000000000000000000000000001C
:10A83C00000000000000000000000000000000000C
:10A84C0000000000000000000000000000000000FC
:10A85C0000000000000000000000000000000000EC
:10A86C0000000000000000000000000000000000DC
:10A87C0000000000000000000000000000000000CC
:10A88C0000000000000000000000000000000000BC
:10A89C0000000000000000000000000000000000AC
:10A8AC00000000000000000000000000000000009C
:10A8BC00000000000000000000000000000000008C
:10A8CC00000000000000000000000000000000007C
:10A8DC00000000000000000000000000000000006C
:10A8EC00000000000000000000000000000000005C
:10A8FC00000000000000000000000000000000004C
:10A90C00000000000000000000000000000000003B
:10A91C00000000000000000000000000000000002B
:10A92C00000000000000000000000000000000001B
:10A93C00000000000000000000000000000000000B
:10A94C0000000000000000000000000000000000FB
:10A95C0000000000000000000000000000000000EB
:10A96C0000000000000000000000000000000000DB
:10A97C0000000000000000000000000000000000CB
:10A98C0000000000000000000000000000000000BB
:10A99C0000000000000000000000000000000000AB
:10A9AC00000000000000000000000000000000009B
:10A9BC00000000000000000000000000000000008B
:10A9CC00000000000000000000000000000000007B
:10A9DC00000000000000000000000000000000006B
:10A9EC00000000000000000000000000000000005B
:10A9FC00000000000000000000000000000000004B
:10AA0C00000000000000000000000000000000003A
:10AA1C00000000000000000000000000000000002A
:10AA2C00000000000000000000000000000000001A
:10AA3C00000000000000000000000000000000000A
:10AA4C0000000000000000000000000000000000FA
:10AA5C0000000000000000000000000000000000EA
:10AA6C0000000000000000000000000000000000DA
:10AA7C0000000000000000000000000000000000CA
:10AA8C0000000000000000000000000000000000BA
:10AA9C0000000000000000000000000000000000AA
:10AAAC00000000000000000000000000000000009A
:10AABC00000000000000000000000000000000008A
:10AACC00000000000000000000000000000000007A
:10AADC00000000000000000000000000000000006A
:10AAEC00000000000000000000000000000000005A
:10AAFC00000000000000000000000000000000004A
:10AB0C000000000000000000000000000000000039
:10AB1C000000000000000000000000000000000029
:10AB2C000000000000000000000000000000000019
:10AB3C000000000000000000000000000000000009
:10AB4C0000000000000000000000000000000000F9
:10AB5C0000000000000000000000000000000000E9
:10AB6C0000000000000000000000000000000000D9
:10AB7C0000000000000000000000000000000000C9
:10AB8C0000000000000000000000000000000000B9
:10AB9C0000000000000000000000000000000000A9
:10ABAC000000000000000000000000000000000099
:10ABBC000000000000000000000000000000000089
:10ABCC000000000000000000000000000000000079
:10ABDC000000000000000000000000000000000069
:10ABEC000000000000000000000000000000000059
:10ABFC000000000000000000000000000000000049
:10AC0C000000000000000000000000000000000038
:10AC1C000000000000000000000000000000000028
:10AC2C000000000000000000000000000000000018
:10AC3C000000000000000000000000000000000008
:10AC4C0000000000000000000000000000000000F8
:10AC5C0000000000000000000000000000000000E8
:10AC6C0000000000000000000000000000000000D8
:10AC7C0000000000000000000000000000000000C8
:10AC8C0000000000000000000000000000000000B8
:10AC9C0000000000000000000000000000000000A8
:10ACAC000000000000000000000000000000000098
:10ACBC000000000000000000000000000000000088
:10ACCC000000000000000000000000000000000078
:10ACDC000000000000000000000000000000000068
:10ACEC000000000000000000000000000000000058
:10ACFC000000000000000000000000000000000048
:10AD0C000000000000000000000000000000000037
:10AD1C000000000000000000000000000000000027
:10AD2C000000000000000000000000000000000017
:10AD3C000000000000000000000000000000000007
:10AD4C0000000000000000000000000000000000F7
:10AD5C0000000000000000000000000000000000E7
:10AD6C0000000000000000000000000000000000D7
:10AD7C0000000000000000000000000000000000C7
:10AD8C0000000000000000000000000000000000B7
:10AD9C0000000000000000000000000000000000A7
:10ADAC000000000000000000000000000000000097
:10ADBC000000000000000000000000000000000087
:10ADCC000000000000000000000000000000000077
:10ADDC000000000000000000000000000000000067
:10ADEC000000000000000000000000000000000057
:10ADFC000000000000000000000000000000000047
:10AE0C000000000000000000000000000000000036
:10AE1C000000000000000000000000000000000026
:10AE2C000000000000000000000000000000000016
:10AE3C000000000000000000000000000000000006
:10AE4C0000000000000000000000000000000000F6
:10AE5C0000000000000000000000000000000000E6
:10AE6C0000000000000000000000000000000000D6
:10AE7C0000000000000000000000000000000000C6
:10AE8C0000000000000000000000000000000000B6
:10AE9C0000000000000000000000000000000000A6
:10AEAC000000000000000000000000000000000096
:10AEBC000000000000000000000000000000000086
:10AECC000000000000000000000000000000000076
:10AEDC000000000000000000000000000000000066
:10AEEC000000000000000000000000000000000056
:10AEFC000000000000000000000000000000000046
:10AF0C000000000000000000000000000000000035
:10AF1C000000000000000000000000000000000025
:10AF2C000000000000000000000000000000000015
:10AF3C000000000000000000000000000000000005
:10AF4C0000000000000000000000000000000000F5
:10AF5C0000000000000000000000000000000000E5
:10AF6C0000000000000000000000000000000000D5
:10AF7C0000000000000000000000000000000000C5
:10AF8C0000000000000000000000000000000000B5
:10AF9C0000000000000000000000000000000000A5
:10AFAC000000000000000000000000000000000095
:10AFBC000000000000000000000000000000000085
:10AFCC000000000000000000000000000000000075
:10AFDC000000000000000000000000000000000065
:10AFEC000000000000000000000000000000000055
:10AFFC000000000000000000000000000000000045
:10B00C000000000000000000000000000000000034
:10B01C000000000000000000000000000000000024
:10B02C000000000000000000000000000000000014
:10B03C000000000000000000000000000000000004
:10B04C0000000000000000000000000000000000F4
:10B05C0000000000000000000000000000000000E4
:10B06C0000000000000000000000000000000000D4
:10B07C0000000000000000000000000000000000C4
:10B08C0000000000000000000000000000000000B4
:10B09C0000000000000000000000000000000000A4
:10B0AC000000000000000000000000000000000094
:10B0BC000000000000000000000000000000000084
:10B0CC000000000000000000000000000000000074
:10B0DC000000000000000000000000000000000064
:10B0EC000000000000000000000000000000000054
:10B0FC000000000000000000000000000000000044
:10B10C000000000000000000000000000000000033
:10B11C000000000000000000000000000000000023
:10B12C000000000000000000000000000000000013
:10B13C000000000000000000000000000000000003
:10B14C0000000000000000000000000000000000F3
:10B15C0000000000000000000000000000000000E3
:10B16C0000000000000000000000000000000000D3
:10B17C0000000000000000000000000000000000C3
:10B18C0000000000000000000000000000000000B3
:10B19C0000000000000000000000000000000000A3
:10B1AC000000000000000000000000000000000093
:10B1BC000000000000000000000000000000000083
:10B1CC000000000000000000000000000000000073
:10B1DC000000000000000000000000000000000063
:10B1EC000000000000000000000000000000000053
:10B1FC000000000000000000000000000000000043
:10B20C000000000000000000000000000000000032
:10B21C000000000000000000000000000000000022
:10B22C000000000000000000000000000000000012
:10B23C000000000000000000000000000000000002
:10B24C0000000000000000000000000000000000F2
:10B25C0000000000000000000000000000000000E2
:10B26C0000000000000000000000000000000000D2
:10B27C0000000000000000000000000000000000C2
:10B28C0000000000000000000000000000000000B2
:10B29C0000000000000000000000000000000000A2
:10B2AC000000000000000000000000000000000092
:10B2BC000000000000000000000000000000000082
:10B2CC000000000000000000000000000000000072
:10B2DC000000000000000000000000000000000062
:10B2EC000000000000000000000000000000000052
:10B2FC000000000000000000000000000000000042
:10B30C000000000000000000000000000000000031
:10B31C000000000000000000000000000000000021
:10B32C000000000000000000000000000000000011
:10B33C000000000000000000000000000000000001
:10B34C0000000000000000000000000000000000F1
:10B35C0000000000000000000000000000000000E1
:10B36C0000000000000000000000000000000000D1
:10B37C0000000000000000000000000000000000C1
:10B38C0000000000000000000000000000000000B1
:10B39C0000000000000000000000000000000000A1
:10B3AC000000000000000000000000000000000091
:10B3BC000000000000000000000000000000000081
:10B3CC000000000000000000000000000000000071
:10B3DC000000000000000000000000000000000061
:10B3EC000000000000000000000000000000000051
:10B3FC000000000000000000000000000000000041
:10B40C000000000000000000000000000000000030
:10B41C000000000000000000000000000000000020
:10B42C000000000000000000000000000000000010
:10B43C000000000000000000000000000000000000
:10B44C0000000000000000000000000000000000F0
:10B45C0000000000000000000000000000000000E0
:10B46C0000000000000000000000000000000000D0
:10B47C0000000000000000000000000000000000C0
:10B48C0000000000000000000000000000000000B0
:10B49C0000000000000000000000000000000000A0
:10B4AC000000000000000000000000000000000090
:10B4BC000000000000000000000000000000000080
:10B4CC000000000000000000000000000000000070
:10B4DC000000000000000000000000000000000060
:10B4EC000000000000000000000000000000000050
:10B4FC000000000000000000000000000000000040
:10B50C00000000000000000000000000000000002F
:10B51C00000000000000000000000000000000001F
:10B52C00000000000000000000000000000000000F
:10B53C0000000000000000000000000000000000FF
:10B54C0000000000000000000000000000000000EF
:10B55C0000000000000000000000000000000000DF
:10B56C0000000000000000000000000000000000CF
:10B57C0000000000000000000000000000000000BF
:10B58C0000000000000000000000000000000000AF
:10B59C00000000000000000000000000000000009F
:10B5AC00000000000000000000000000000000008F
:10B5BC00000000000000000000000000000000007F
:10B5CC00000000000000000000000000000000006F
:10B5DC00000000000000000000000000000000005F
:10B5EC00000000000000000000000000000000004F
:10B5FC00000000000000000000000000000000003F
:10B60C00000000000000000000000000000000002E
:10B61C00000000000000000000000000000000001E
:10B62C00000000000000000000000000000000000E
:10B63C0000000000000000000000000000000000FE
:10B64C0000000000000000000000000000000000EE
:10B65C0000000000000000000000000000000000DE
:10B66C0000000000000000000000000000000000CE
:10B67C0000000000000000000000000000000000BE
:10B68C0000000000000000000000000000000000AE
:10B69C00000000000000000000000000000000009E
:10B6AC00000000000000000000000000000000008E
:10B6BC00000000000000000000000000000000007E
:10B6CC00000000000000000000000000000000006E
:10B6DC00000000000000000000000000000000005E
:10B6EC00000000000000000000000000000000004E
:10B6FC00000000000000000000000000000000003E
:10B70C00000000000000000000000000000000002D
:10B71C00000000000000000000000000000000001D
:10B72C00000000000000000000000000000000000D
:10B73C0000000000000000000000000000000000FD
:10B74C0000000000000000000000000000000000ED
:10B75C0000000000000000000000000000000000DD
:10B76C0000000000000000000000000000000000CD
:10B77C0000000000000000000000000000000000BD
:10B78C0000000000000000000000000000000000AD
:10B79C00000000000000000000000000000000009D
:10B7AC00000000000000000000000000000000008D
:10B7BC00000000000000000000000000000000007D
:10B7CC00000000000000000000000000000000006D
:10B7DC00000000000000000000000000000000005D
:10B7EC00000000000000000000000000000000004D
:10B7FC00000000000000000000000000000000003D
:10B80C00000000000000000000000000000000002C
:10B81C00000000000000000000000000000000001C
:10B82C00000000000000000000000000000000000C
:10B83C0000000000000000000000000000000000FC
:10B84C0000000000000000000000000000000000EC
:10B85C0000000000000000000000000000000000DC
:10B86C0000000000000000000000000000000000CC
:10B87C0000000000000000000000000000000000BC
:10B88C0000000000000000000000000000000000AC
:10B89C00000000000000000000000000000000009C
:10B8AC00000000000000000000000000000000008C
:10B8BC00000000000000000000000000000000007C
:10B8CC00000000000000000000000000000000006C
:10B8DC00000000000000000000000000000000005C
:10B8EC00000000000000000000000000000000004C
:10B8FC00000000000000000000000000000000003C
:10B90C00000000000000000000000000000000002B
:10B91C00000000000000000000000000000000001B
:10B92C00000000000000000000000000000000000B
:10B93C0000000000000000000000000000000000FB
:10B94C0000000000000000000000000000000000EB
:10B95C0000000000000000000000000000000000DB
:10B96C0000000000000000000000000000000000CB
:10B97C0000000000000000000000000000000000BB
:10B98C0000000000000000000000000000000000AB
:10B99C00000000000000000000000000000000009B
:10B9AC00000000000000000000000000000000008B
:10B9BC00000000000000000000000000000000007B
:10B9CC00000000000000000000000000000000006B
:10B9DC00000000000000000000000000000000005B
:10B9EC00000000000000000000000000000000004B
:10B9FC00000000000000000000000000000000003B
:10BA0C00000000000000000000000000000000002A
:10BA1C00000000000000000000000000000000001A
:10BA2C00000000000000000000000000000000000A
:10BA3C0000000000000000000000000000000000FA
:10BA4C0000000000000000000000000000000000EA
:10BA5C0000000000000000000000000000000000DA
:10BA6C0000000000000000000000000000000000CA
:10BA7C0000000000000000000000000000000000BA
:10BA8C0000000000000000000000000000000000AA
:10BA9C00000000000000000000000000000000009A
:10BAAC00000000000000000000000000000000008A
:10BABC00000000000000000000000000000000007A
:10BACC00000000000000000000000000000000006A
:10BADC00000000000000000000000000000000005A
:10BAEC00000000000000000000000000000000004A
:10BAFC00000000000000000000000000000000003A
:10BB0C000000000000000000000000000000000029
:10BB1C000000000000000000000000000000000019
:10BB2C000000000000000000000000000000000009
:10BB3C0000000000000000000000000000000000F9
:10BB4C0000000000000000000000000000000000E9
:10BB5C0000000000000000000000000000000000D9
:10BB6C0000000000000000000000000000000000C9
:10BB7C0000000000000000000000000000000000B9
:10BB8C0000000000000000000000000000000000A9
:10BB9C000000000000000000000000000000000099
:10BBAC000000000000000000000000000000000089
:10BBBC000000000000000000000000000000000079
:10BBCC000000000000000000000000000000000069
:10BBDC000000000000000000000000000000000059
:10BBEC000000000000000000000000000000000049
:10BBFC000000000000000000000000000000000039
:10BC0C000000000000000000000000000000000028
:10BC1C000000000000000000000000000000000018
:10BC2C000000000000000000000000000000000008
:10BC3C0000000000000000000000000000000000F8
:10BC4C0000000000000000000000000000000000E8
:10BC5C0000000000000000000000000000000000D8
:10BC6C0000000000000000000000000000000000C8
:10BC7C0000000000000000000000000000000000B8
:10BC8C0000000000000000000000000000000000A8
:10BC9C000000000000000000000000000000000098
:10BCAC000000000000000000000000000000000088
:10BCBC000000000000000000000000000000000078
:10BCCC000000000000000000000000000000000068
:10BCDC000000000000000000000000000000000058
:10BCEC000000000000000000000000000000000048
:10BCFC000000000000000000000000000000000038
:10BD0C000000000000000000000000000000000027
:10BD1C000000000000000000000000000000000017
:10BD2C000000000000000000000000000000000007
:10BD3C0000000000000000000000000000000000F7
:10BD4C0000000000000000000000000000000000E7
:10BD5C0000000000000000000000000000000000D7
:10BD6C0000000000000000000000000000000000C7
:10BD7C0000000000000000000000000000000000B7
:10BD8C0000000000000000000000000000000000A7
:10BD9C000000000000000000000000000000000097
:10BDAC000000000000000000000000000000000087
:10BDBC000000000000000000000000000000000077
:10BDCC000000000000000000000000000000000067
:10BDDC000000000000000000000000000000000057
:10BDEC000000000000000000000000000000000047
:10BDFC000000000000000000000000000000000037
:10BE0C000000000000000000000000000000000026
:10BE1C000000000000000000000000000000000016
:10BE2C000000000000000000000000000000000006
:10BE3C0000000000000000000000000000000000F6
:10BE4C0000000000000000000000000000000000E6
:10BE5C0000000000000000000000000000000000D6
:10BE6C0000000000000000000000000000000000C6
:10BE7C0000000000000000000000000000000000B6
:10BE8C0000000000000000000000000000000000A6
:10BE9C000000000000000000000000000000000096
:10BEAC000000000000000000000000000000000086
:10BEBC000000000000000000000000000000000076
:10BECC000000000000000000000000000000000066
:10BEDC000000000000000000000000000000000056
:10BEEC000000000000000000000000000000000046
:10BEFC000000000000000000000000000000000036
:10BF0C000000000000000000000000000000000025
:10BF1C000000000000000000000000000000000015
:10BF2C000000000000000000000000000000000005
:10BF3C0000000000000000000000000000000000F5
:10BF4C0000000000000000000000000000000000E5
:10BF5C0000000000000000000000000000000000D5
:10BF6C0000000000000000000000000000000000C5
:10BF7C0000000000000000000000000000000000B5
:10BF8C0000000000000000000000000000000000A5
:10BF9C000000000000000000000000000000000095
:10BFAC000000000000000000000000000000000085
:10BFBC000000000000000000000000000000000075
:10BFCC000000000000000000000000000000000065
:10BFDC000000000000000000000000000000000055
:10BFEC000000000000000000000000000000000045
:10BFFC000000000000000000000000000000000035
:10C00C000000000000000000000000000000000024
:10C01C000000000000000000000000000000000014
:10C02C000000000000000000000000000000000004
:10C03C0000000000000000000000000000000000F4
:10C04C0000000000000000000000000000000000E4
:10C05C0000000000000000000000000000000000D4
:10C06C0000000000000000000000000000000000C4
:10C07C0000000000000000000000000000000000B4
:10C08C0000000000000000000000000000000000A4
:10C09C000000000000000000000000000000000094
:10C0AC000000000000000000000000000000000084
:10C0BC000000000000000000000000000000000074
:10C0CC000000000000000000000000000000000064
:10C0DC000000000000000000000000000000000054
:10C0EC000000000000000000000000000000000044
:10C0FC000000000000000000000000000000000034
:10C10C000000000000000000000000000000000023
:10C11C000000000000000000000000000000000013
:10C12C000000000000000000000000000000000003
:10C13C0000000000000000000000000000000000F3
:10C14C0000000000000000000000000000000000E3
:10C15C0000000000000000000000000000000000D3
:10C16C0000000000000000000000000000000000C3
:10C17C0000000000000000000000000000000000B3
:10C18C0000000000000000000000000000000000A3
:10C19C000000000000000000000000000000000093
:10C1AC000000000000000000000000000000000083
:10C1BC000000000000000000000000000000000073
:10C1CC000000000000000000000000000000000063
:10C1DC000000000000000000000000000000000053
:10C1EC000000000000000000000000000000000043
:10C1FC000000000000000000000000000000000033
:10C20C000000000000000000000000000000000022
:10C21C000000000000000000000000000000000012
:10C22C000000000000000000000000000000000002
:10C23C0000000000000000000000000000000000F2
:10C24C0000000000000000000000000000000000E2
:10C25C0000000000000000000000000000000000D2
:10C26C0000000000000000000000000000000000C2
:10C27C0000000000000000000000000000000000B2
:10C28C0000000000000000000000000000000000A2
:10C29C000000000000000000000000000000000092
:10C2AC000000000000000000000000000000000082
:10C2BC000000000000000000000000000000000072
:10C2CC000000000000000000000000000000000062
:10C2DC000000000000000000000000000000000052
:10C2EC000000000000000000000000000000000042
:10C2FC000000000000000000000000000000000032
:10C30C000000000000000000000000000000000021
:10C31C000000000000000000000000000000000011
:10C32C000000000000000000000000000000000001
:10C33C0000000000000000000000000000000000F1
:10C34C0000000000000000000000000000000000E1
:10C35C0000000000000000000000000000000000D1
:10C36C0000000000000000000000000000000000C1
:10C37C0000000000000000000000000000000000B1
:10C38C0000000000000000000000000000000000A1
:10C39C000000000000000000000000000000000091
:10C3AC000000000000000000000000000000000081
:10C3BC000000000000000000000000000000000071
:10C3CC000000000000000000000000000000000061
:10C3DC000000000000000000000000000000000051
:10C3EC000000000000000000000000000000000041
:10C3FC000000000000000000000000000000000031
:10C40C000000000000000000000000000000000020
:10C41C000000000000000000000000000000000010
:10C42C000000000000000000000000000000000000
:10C43C0000000000000000000000000000000000F0
:10C44C0000000000000000000000000000000000E0
:10C45C0000000000000000000000000000000000D0
:10C46C0000000000000000000000000000000000C0
:10C47C0000000000000000000000000000000000B0
:10C48C0000000000000000000000000000000000A0
:10C49C000000000000000000000000000000000090
:10C4AC000000000000000000000000000000000080
:10C4BC000000000000000000000000000000000070
:10C4CC000000000000000000000000000000000060
:10C4DC000000000000000000000000000000000050
:10C4EC000000000000000000000000000000000040
:10C4FC000000000000000000000000000000000030
:10C50C00000000000000000000000000000000001F
:10C51C00000000000000000000000000000000000F
:10C52C0000000000000000000000000000000000FF
:10C53C0000000000000000000000000000000000EF
:10C54C0000000000000000000000000000000000DF
:10C55C0000000000000000000000000000000000CF
:10C56C0000000000000000000000000000000000BF
:10C57C0000000000000000000000000000000000AF
:10C58C00000000000000000000000000000000009F
:10C59C00000000000000000000000000000000008F
:10C5AC00000000000000000000000000000000007F
:10C5BC00000000000000000000000000000000006F
:10C5CC00000000000000000000000000000000005F
:10C5DC00000000000000000000000000000000004F
:10C5EC00000000000000000000000000000000003F
:10C5FC00000000000000000000000000000000002F
:10C60C00000000000000000000000000000000001E
:10C61C00000000000000000000000000000000000E
:10C62C0000000000000000000000000000000000FE
:10C63C0000000000000000000000000000000000EE
:10C64C0000000000000000000000000000000000DE
:10C65C0000000000000000000000000000000000CE
:10C66C0000000000000000000000000000000000BE
:10C67C0000000000000000000000000000000000AE
:10C68C00000000000000000000000000000000009E
:10C69C00000000000000000000000000000000008E
:10C6AC00000000000000000000000000000000007E
:10C6BC00000000000000000000000000000000006E
:10C6CC00000000000000000000000000000000005E
:10C6DC00000000000000000000000000000000004E
:10C6EC00000000000000000000000000000000003E
:10C6FC00000000000000000000000000000000002E
:10C70C00000000000000000000000000000000001D
:10C71C00000000000000000000000000000000000D
:10C72C0000000000000000000000000000000000FD
:10C73C0000000000000000000000000000000000ED
:10C74C0000000000000000000000000000000000DD
:10C75C0000000000000000000000000000000000CD
:10C76C0000000000000000000000000000000000BD
:10C77C0000000000000000000000000000000000AD
:10C78C00000000000000000000000000000000009D
:10C79C00000000000000000000000000000000008D
:10C7AC00000000000000000000000000000000007D
:10C7BC00000000000000000000000000000000006D
:10C7CC00000000000000000000000000000000005D
:10C7DC00000000000000000000000000000000004D
:10C7EC00000000000000000000000000000000003D
:10C7FC00000000000000000000000000000000002D
:10C80C00000000000000000000000000000000001C
:10C81C00000000000000000000000000000000000C
:10C82C0000000000000000000000000000000000FC
:10C83C0000000000000000000000000000000000EC
:10C84C0000000000000000000000000000000000DC
:10C85C0000000000000000000000000000000000CC
:10C86C0000000000000000000000000000000000BC
:10C87C0000000000000000000000000000000000AC
:10C88C00000000000000000000000000000000009C
:10C89C00000000000000000000000000000000008C
:10C8AC00000000000000000000000000000000007C
:10C8BC00000000000000000000000000000000006C
:10C8CC00000000000000000000000000000000005C
:10C8DC00000000000000000000000000000000004C
:10C8EC00000000000000000000000000000000003C
:10C8FC00000000000000000000000000000000002C
:10C90C00000000000000000000000000000000001B
:10C91C00000000000000000000000000000000000B
:10C92C0000000000000000000000000000000000FB
:10C93C0000000000000000000000000000000000EB
:10C94C0000000000000000000000000000000000DB
:10C95C0000000000000000000000000000000000CB
:10C96C0000000000000000000000000000000000BB
:10C97C0000000000000000000000000000000000AB
:10C98C00000000000000000000000000000000009B
:10C99C00000000000000000000000000000000008B
:10C9AC00000000000000000000000000000000007B
:10C9BC00000000000000000000000000000000006B
:10C9CC00000000000000000000000000000000005B
:10C9DC00000000000000000000000000000000004B
:10C9EC00000000000000000000000000000000003B
:10C9FC00000000000000000000000000000000002B
:10CA0C00000000000000000000000000000000001A
:10CA1C00000000000000000000000000000000000A
:10CA2C0000000000000000000000000000000000FA
:10CA3C0000000000000000000000000000000000EA
:10CA4C0000000000000000000000000000000000DA
:10CA5C0000000000000000000000000000000000CA
:10CA6C0000000000000000000000000000000000BA
:10CA7C0000000000000000000000000000000000AA
:10CA8C00000000000000000000000000000000009A
:10CA9C00000000000000000000000000000000008A
:10CAAC00000000000000000000000000000000007A
:10CABC00000000000000000000000000000000006A
:10CACC00000000000000000000000000000000005A
:10CADC00000000000000000000000000000000004A
:10CAEC00000000000000000000000000000000003A
:10CAFC00000000000000000000000000000000002A
:10CB0C000000000000000000000000000000000019
:10CB1C000000000000000000000000000000000009
:10CB2C0000000000000000000000000000000000F9
:10CB3C0000000000000000000000000000000000E9
:10CB4C0000000000000000000000000000000000D9
:10CB5C0000000000000000000000000000000000C9
:10CB6C0000000000000000000000000000000000B9
:10CB7C0000000000000000000000000000000000A9
:10CB8C000000000000000000000000000000000099
:10CB9C000000000000000000000000000000000089
:10CBAC000000000000000000000000000000000079
:10CBBC000000000000000000000000000000000069
:10CBCC000000000000000000000000000000000059
:10CBDC000000000000000000000000000000000049
:10CBEC000000000000000000000000000000000039
:10CBFC000000000000000000000000000000000029
:10CC0C000000000000000000000000000000000018
:10CC1C000000000000000000000000000000000008
:10CC2C0000000000000000000000000000000000F8
:10CC3C0000000000000000000000000000000000E8
:10CC4C0000000000000000000000000000000000D8
:10CC5C0000000000000000000000000000000000C8
:10CC6C0000000000000000000000000000000000B8
:10CC7C0000000000000000000000000000000000A8
:10CC8C000000000000000000000000000000000098
:03CC9C0000000095
:040000050800B70533
:00000001FF
