ARM GAS  /var/folders/2r/mdtt8xvd351gdc398t28_m2m0000gn/T//ccW7nwnP.s 			page 1


   1              		.cpu cortex-m7
   2              		.arch armv7e-m
   3              		.fpu fpv5-d16
   4              		.eabi_attribute 20, 1
   5              		.eabi_attribute 21, 1
   6              		.eabi_attribute 23, 3
   7              		.eabi_attribute 24, 1
   8              		.eabi_attribute 25, 1
   9              		.eabi_attribute 26, 1
  10              		.eabi_attribute 30, 1
  11              		.eabi_attribute 34, 1
  12              		.eabi_attribute 18, 4
  13              		.file	"tcpip.c"
  14              		.text
  15              	.Ltext0:
  16              		.cfi_sections	.debug_frame
  17              		.file 1 "../../Middlewares/Third_Party/LwIP/src/api/tcpip.c"
  18              		.section	.text.tcpip_timeouts_mbox_fetch,"ax",%progbits
  19              		.align	1
  20              		.syntax unified
  21              		.thumb
  22              		.thumb_func
  24              	tcpip_timeouts_mbox_fetch:
  25              	.LVL0:
  26              	.LFB174:
   1:../../Middlewares/Third_Party/LwIP/src/api/tcpip.c **** /**
   2:../../Middlewares/Third_Party/LwIP/src/api/tcpip.c ****  * @file
   3:../../Middlewares/Third_Party/LwIP/src/api/tcpip.c ****  * Sequential API Main thread module
   4:../../Middlewares/Third_Party/LwIP/src/api/tcpip.c ****  *
   5:../../Middlewares/Third_Party/LwIP/src/api/tcpip.c ****  */
   6:../../Middlewares/Third_Party/LwIP/src/api/tcpip.c **** 
   7:../../Middlewares/Third_Party/LwIP/src/api/tcpip.c **** /*
   8:../../Middlewares/Third_Party/LwIP/src/api/tcpip.c ****  * Copyright (c) 2001-2004 Swedish Institute of Computer Science.
   9:../../Middlewares/Third_Party/LwIP/src/api/tcpip.c ****  * All rights reserved.
  10:../../Middlewares/Third_Party/LwIP/src/api/tcpip.c ****  *
  11:../../Middlewares/Third_Party/LwIP/src/api/tcpip.c ****  * Redistribution and use in source and binary forms, with or without modification,
  12:../../Middlewares/Third_Party/LwIP/src/api/tcpip.c ****  * are permitted provided that the following conditions are met:
  13:../../Middlewares/Third_Party/LwIP/src/api/tcpip.c ****  *
  14:../../Middlewares/Third_Party/LwIP/src/api/tcpip.c ****  * 1. Redistributions of source code must retain the above copyright notice,
  15:../../Middlewares/Third_Party/LwIP/src/api/tcpip.c ****  *    this list of conditions and the following disclaimer.
  16:../../Middlewares/Third_Party/LwIP/src/api/tcpip.c ****  * 2. Redistributions in binary form must reproduce the above copyright notice,
  17:../../Middlewares/Third_Party/LwIP/src/api/tcpip.c ****  *    this list of conditions and the following disclaimer in the documentation
  18:../../Middlewares/Third_Party/LwIP/src/api/tcpip.c ****  *    and/or other materials provided with the distribution.
  19:../../Middlewares/Third_Party/LwIP/src/api/tcpip.c ****  * 3. The name of the author may not be used to endorse or promote products
  20:../../Middlewares/Third_Party/LwIP/src/api/tcpip.c ****  *    derived from this software without specific prior written permission.
  21:../../Middlewares/Third_Party/LwIP/src/api/tcpip.c ****  *
  22:../../Middlewares/Third_Party/LwIP/src/api/tcpip.c ****  * THIS SOFTWARE IS PROVIDED BY THE AUTHOR ``AS IS'' AND ANY EXPRESS OR IMPLIED
  23:../../Middlewares/Third_Party/LwIP/src/api/tcpip.c ****  * WARRANTIES, INCLUDING, BUT NOT LIMITED TO, THE IMPLIED WARRANTIES OF
  24:../../Middlewares/Third_Party/LwIP/src/api/tcpip.c ****  * MERCHANTABILITY AND FITNESS FOR A PARTICULAR PURPOSE ARE DISCLAIMED. IN NO EVENT
  25:../../Middlewares/Third_Party/LwIP/src/api/tcpip.c ****  * SHALL THE AUTHOR BE LIABLE FOR ANY DIRECT, INDIRECT, INCIDENTAL, SPECIAL,
  26:../../Middlewares/Third_Party/LwIP/src/api/tcpip.c ****  * EXEMPLARY, OR CONSEQUENTIAL DAMAGES (INCLUDING, BUT NOT LIMITED TO, PROCUREMENT
  27:../../Middlewares/Third_Party/LwIP/src/api/tcpip.c ****  * OF SUBSTITUTE GOODS OR SERVICES; LOSS OF USE, DATA, OR PROFITS; OR BUSINESS
  28:../../Middlewares/Third_Party/LwIP/src/api/tcpip.c ****  * INTERRUPTION) HOWEVER CAUSED AND ON ANY THEORY OF LIABILITY, WHETHER IN
  29:../../Middlewares/Third_Party/LwIP/src/api/tcpip.c ****  * CONTRACT, STRICT LIABILITY, OR TORT (INCLUDING NEGLIGENCE OR OTHERWISE) ARISING
  30:../../Middlewares/Third_Party/LwIP/src/api/tcpip.c ****  * IN ANY WAY OUT OF THE USE OF THIS SOFTWARE, EVEN IF ADVISED OF THE POSSIBILITY
  31:../../Middlewares/Third_Party/LwIP/src/api/tcpip.c ****  * OF SUCH DAMAGE.
  32:../../Middlewares/Third_Party/LwIP/src/api/tcpip.c ****  *
ARM GAS  /var/folders/2r/mdtt8xvd351gdc398t28_m2m0000gn/T//ccW7nwnP.s 			page 2


  33:../../Middlewares/Third_Party/LwIP/src/api/tcpip.c ****  * This file is part of the lwIP TCP/IP stack.
  34:../../Middlewares/Third_Party/LwIP/src/api/tcpip.c ****  *
  35:../../Middlewares/Third_Party/LwIP/src/api/tcpip.c ****  * Author: Adam Dunkels <adam@sics.se>
  36:../../Middlewares/Third_Party/LwIP/src/api/tcpip.c ****  *
  37:../../Middlewares/Third_Party/LwIP/src/api/tcpip.c ****  */
  38:../../Middlewares/Third_Party/LwIP/src/api/tcpip.c **** 
  39:../../Middlewares/Third_Party/LwIP/src/api/tcpip.c **** #include "lwip/opt.h"
  40:../../Middlewares/Third_Party/LwIP/src/api/tcpip.c **** 
  41:../../Middlewares/Third_Party/LwIP/src/api/tcpip.c **** #if !NO_SYS /* don't build if not configured for use in lwipopts.h */
  42:../../Middlewares/Third_Party/LwIP/src/api/tcpip.c **** 
  43:../../Middlewares/Third_Party/LwIP/src/api/tcpip.c **** #include "lwip/priv/tcpip_priv.h"
  44:../../Middlewares/Third_Party/LwIP/src/api/tcpip.c **** #include "lwip/sys.h"
  45:../../Middlewares/Third_Party/LwIP/src/api/tcpip.c **** #include "lwip/memp.h"
  46:../../Middlewares/Third_Party/LwIP/src/api/tcpip.c **** #include "lwip/mem.h"
  47:../../Middlewares/Third_Party/LwIP/src/api/tcpip.c **** #include "lwip/init.h"
  48:../../Middlewares/Third_Party/LwIP/src/api/tcpip.c **** #include "lwip/ip.h"
  49:../../Middlewares/Third_Party/LwIP/src/api/tcpip.c **** #include "lwip/pbuf.h"
  50:../../Middlewares/Third_Party/LwIP/src/api/tcpip.c **** #include "lwip/etharp.h"
  51:../../Middlewares/Third_Party/LwIP/src/api/tcpip.c **** #include "netif/ethernet.h"
  52:../../Middlewares/Third_Party/LwIP/src/api/tcpip.c **** 
  53:../../Middlewares/Third_Party/LwIP/src/api/tcpip.c **** #define TCPIP_MSG_VAR_REF(name)     API_VAR_REF(name)
  54:../../Middlewares/Third_Party/LwIP/src/api/tcpip.c **** #define TCPIP_MSG_VAR_DECLARE(name) API_VAR_DECLARE(struct tcpip_msg, name)
  55:../../Middlewares/Third_Party/LwIP/src/api/tcpip.c **** #define TCPIP_MSG_VAR_ALLOC(name)   API_VAR_ALLOC(struct tcpip_msg, MEMP_TCPIP_MSG_API, name, ERR_M
  56:../../Middlewares/Third_Party/LwIP/src/api/tcpip.c **** #define TCPIP_MSG_VAR_FREE(name)    API_VAR_FREE(MEMP_TCPIP_MSG_API, name)
  57:../../Middlewares/Third_Party/LwIP/src/api/tcpip.c **** 
  58:../../Middlewares/Third_Party/LwIP/src/api/tcpip.c **** /* global variables */
  59:../../Middlewares/Third_Party/LwIP/src/api/tcpip.c **** static tcpip_init_done_fn tcpip_init_done;
  60:../../Middlewares/Third_Party/LwIP/src/api/tcpip.c **** static void *tcpip_init_done_arg;
  61:../../Middlewares/Third_Party/LwIP/src/api/tcpip.c **** static sys_mbox_t tcpip_mbox;
  62:../../Middlewares/Third_Party/LwIP/src/api/tcpip.c **** 
  63:../../Middlewares/Third_Party/LwIP/src/api/tcpip.c **** #if LWIP_TCPIP_CORE_LOCKING
  64:../../Middlewares/Third_Party/LwIP/src/api/tcpip.c **** /** The global semaphore to lock the stack. */
  65:../../Middlewares/Third_Party/LwIP/src/api/tcpip.c **** sys_mutex_t lock_tcpip_core;
  66:../../Middlewares/Third_Party/LwIP/src/api/tcpip.c **** #endif /* LWIP_TCPIP_CORE_LOCKING */
  67:../../Middlewares/Third_Party/LwIP/src/api/tcpip.c **** 
  68:../../Middlewares/Third_Party/LwIP/src/api/tcpip.c **** static void tcpip_thread_handle_msg(struct tcpip_msg *msg);
  69:../../Middlewares/Third_Party/LwIP/src/api/tcpip.c **** 
  70:../../Middlewares/Third_Party/LwIP/src/api/tcpip.c **** #if !LWIP_TIMERS
  71:../../Middlewares/Third_Party/LwIP/src/api/tcpip.c **** /* wait for a message with timers disabled (e.g. pass a timer-check trigger into tcpip_thread) */
  72:../../Middlewares/Third_Party/LwIP/src/api/tcpip.c **** #define TCPIP_MBOX_FETCH(mbox, msg) sys_mbox_fetch(mbox, msg)
  73:../../Middlewares/Third_Party/LwIP/src/api/tcpip.c **** #else /* !LWIP_TIMERS */
  74:../../Middlewares/Third_Party/LwIP/src/api/tcpip.c **** /* wait for a message, timeouts are processed while waiting */
  75:../../Middlewares/Third_Party/LwIP/src/api/tcpip.c **** #define TCPIP_MBOX_FETCH(mbox, msg) tcpip_timeouts_mbox_fetch(mbox, msg)
  76:../../Middlewares/Third_Party/LwIP/src/api/tcpip.c **** /**
  77:../../Middlewares/Third_Party/LwIP/src/api/tcpip.c ****  * Wait (forever) for a message to arrive in an mbox.
  78:../../Middlewares/Third_Party/LwIP/src/api/tcpip.c ****  * While waiting, timeouts are processed.
  79:../../Middlewares/Third_Party/LwIP/src/api/tcpip.c ****  *
  80:../../Middlewares/Third_Party/LwIP/src/api/tcpip.c ****  * @param mbox the mbox to fetch the message from
  81:../../Middlewares/Third_Party/LwIP/src/api/tcpip.c ****  * @param msg the place to store the message
  82:../../Middlewares/Third_Party/LwIP/src/api/tcpip.c ****  */
  83:../../Middlewares/Third_Party/LwIP/src/api/tcpip.c **** static void
  84:../../Middlewares/Third_Party/LwIP/src/api/tcpip.c **** tcpip_timeouts_mbox_fetch(sys_mbox_t *mbox, void **msg)
  85:../../Middlewares/Third_Party/LwIP/src/api/tcpip.c **** {
  27              		.loc 1 85 1 view -0
  28              		.cfi_startproc
  29              		@ args = 0, pretend = 0, frame = 0
  30              		@ frame_needed = 0, uses_anonymous_args = 0
ARM GAS  /var/folders/2r/mdtt8xvd351gdc398t28_m2m0000gn/T//ccW7nwnP.s 			page 3


  31              		.loc 1 85 1 is_stmt 0 view .LVU1
  32 0000 F8B5     		push	{r3, r4, r5, r6, r7, lr}
  33              	.LCFI0:
  34              		.cfi_def_cfa_offset 24
  35              		.cfi_offset 3, -24
  36              		.cfi_offset 4, -20
  37              		.cfi_offset 5, -16
  38              		.cfi_offset 6, -12
  39              		.cfi_offset 7, -8
  40              		.cfi_offset 14, -4
  41 0002 0646     		mov	r6, r0
  42 0004 0F46     		mov	r7, r1
  43 0006 0EE0     		b	.L2
  44              	.LVL1:
  45              	.L8:
  86:../../Middlewares/Third_Party/LwIP/src/api/tcpip.c ****   u32_t sleeptime, res;
  87:../../Middlewares/Third_Party/LwIP/src/api/tcpip.c **** 
  88:../../Middlewares/Third_Party/LwIP/src/api/tcpip.c **** again:
  89:../../Middlewares/Third_Party/LwIP/src/api/tcpip.c ****   LWIP_ASSERT_CORE_LOCKED();
  90:../../Middlewares/Third_Party/LwIP/src/api/tcpip.c **** 
  91:../../Middlewares/Third_Party/LwIP/src/api/tcpip.c ****   sleeptime = sys_timeouts_sleeptime();
  92:../../Middlewares/Third_Party/LwIP/src/api/tcpip.c ****   if (sleeptime == SYS_TIMEOUTS_SLEEPTIME_INFINITE) {
  93:../../Middlewares/Third_Party/LwIP/src/api/tcpip.c ****     UNLOCK_TCPIP_CORE();
  46              		.loc 1 93 5 is_stmt 1 view .LVU2
  47 0008 144C     		ldr	r4, .L10
  48 000a 2046     		mov	r0, r4
  49              	.LVL2:
  50              		.loc 1 93 5 is_stmt 0 view .LVU3
  51 000c FFF7FEFF 		bl	sys_mutex_unlock
  52              	.LVL3:
  94:../../Middlewares/Third_Party/LwIP/src/api/tcpip.c ****     sys_arch_mbox_fetch(mbox, msg, 0);
  53              		.loc 1 94 5 is_stmt 1 view .LVU4
  54 0010 0022     		movs	r2, #0
  55 0012 3946     		mov	r1, r7
  56 0014 3046     		mov	r0, r6
  57 0016 FFF7FEFF 		bl	sys_arch_mbox_fetch
  58              	.LVL4:
  95:../../Middlewares/Third_Party/LwIP/src/api/tcpip.c ****     LOCK_TCPIP_CORE();
  59              		.loc 1 95 5 view .LVU5
  60 001a 2046     		mov	r0, r4
  61 001c FFF7FEFF 		bl	sys_mutex_lock
  62              	.LVL5:
  96:../../Middlewares/Third_Party/LwIP/src/api/tcpip.c ****     return;
  63              		.loc 1 96 5 view .LVU6
  64              	.L1:
  97:../../Middlewares/Third_Party/LwIP/src/api/tcpip.c ****   } else if (sleeptime == 0) {
  98:../../Middlewares/Third_Party/LwIP/src/api/tcpip.c ****     sys_check_timeouts();
  99:../../Middlewares/Third_Party/LwIP/src/api/tcpip.c ****     /* We try again to fetch a message from the mbox. */
 100:../../Middlewares/Third_Party/LwIP/src/api/tcpip.c ****     goto again;
 101:../../Middlewares/Third_Party/LwIP/src/api/tcpip.c ****   }
 102:../../Middlewares/Third_Party/LwIP/src/api/tcpip.c **** 
 103:../../Middlewares/Third_Party/LwIP/src/api/tcpip.c ****   UNLOCK_TCPIP_CORE();
 104:../../Middlewares/Third_Party/LwIP/src/api/tcpip.c ****   res = sys_arch_mbox_fetch(mbox, msg, sleeptime);
 105:../../Middlewares/Third_Party/LwIP/src/api/tcpip.c ****   LOCK_TCPIP_CORE();
 106:../../Middlewares/Third_Party/LwIP/src/api/tcpip.c ****   if (res == SYS_ARCH_TIMEOUT) {
 107:../../Middlewares/Third_Party/LwIP/src/api/tcpip.c ****     /* If a SYS_ARCH_TIMEOUT value is returned, a timeout occurred
 108:../../Middlewares/Third_Party/LwIP/src/api/tcpip.c ****        before a message could be fetched. */
ARM GAS  /var/folders/2r/mdtt8xvd351gdc398t28_m2m0000gn/T//ccW7nwnP.s 			page 4


 109:../../Middlewares/Third_Party/LwIP/src/api/tcpip.c ****     sys_check_timeouts();
 110:../../Middlewares/Third_Party/LwIP/src/api/tcpip.c ****     /* We try again to fetch a message from the mbox. */
 111:../../Middlewares/Third_Party/LwIP/src/api/tcpip.c ****     goto again;
 112:../../Middlewares/Third_Party/LwIP/src/api/tcpip.c ****   }
 113:../../Middlewares/Third_Party/LwIP/src/api/tcpip.c **** }
  65              		.loc 1 113 1 is_stmt 0 view .LVU7
  66 0020 F8BD     		pop	{r3, r4, r5, r6, r7, pc}
  67              	.LVL6:
  68              	.L9:
  98:../../Middlewares/Third_Party/LwIP/src/api/tcpip.c ****     /* We try again to fetch a message from the mbox. */
  69              		.loc 1 98 5 is_stmt 1 view .LVU8
  70 0022 FFF7FEFF 		bl	sys_check_timeouts
  71              	.LVL7:
 100:../../Middlewares/Third_Party/LwIP/src/api/tcpip.c ****   }
  72              		.loc 1 100 5 view .LVU9
  73              	.L2:
  86:../../Middlewares/Third_Party/LwIP/src/api/tcpip.c **** 
  74              		.loc 1 86 3 view .LVU10
  89:../../Middlewares/Third_Party/LwIP/src/api/tcpip.c **** 
  75              		.loc 1 89 28 view .LVU11
  91:../../Middlewares/Third_Party/LwIP/src/api/tcpip.c ****   if (sleeptime == SYS_TIMEOUTS_SLEEPTIME_INFINITE) {
  76              		.loc 1 91 3 view .LVU12
  91:../../Middlewares/Third_Party/LwIP/src/api/tcpip.c ****   if (sleeptime == SYS_TIMEOUTS_SLEEPTIME_INFINITE) {
  77              		.loc 1 91 15 is_stmt 0 view .LVU13
  78 0026 FFF7FEFF 		bl	sys_timeouts_sleeptime
  79              	.LVL8:
  80 002a 0446     		mov	r4, r0
  81              	.LVL9:
  92:../../Middlewares/Third_Party/LwIP/src/api/tcpip.c ****     UNLOCK_TCPIP_CORE();
  82              		.loc 1 92 3 is_stmt 1 view .LVU14
  92:../../Middlewares/Third_Party/LwIP/src/api/tcpip.c ****     UNLOCK_TCPIP_CORE();
  83              		.loc 1 92 6 is_stmt 0 view .LVU15
  84 002c B0F1FF3F 		cmp	r0, #-1
  85 0030 EAD0     		beq	.L8
  97:../../Middlewares/Third_Party/LwIP/src/api/tcpip.c ****     sys_check_timeouts();
  86              		.loc 1 97 10 is_stmt 1 view .LVU16
  97:../../Middlewares/Third_Party/LwIP/src/api/tcpip.c ****     sys_check_timeouts();
  87              		.loc 1 97 13 is_stmt 0 view .LVU17
  88 0032 0028     		cmp	r0, #0
  89 0034 F5D0     		beq	.L9
 103:../../Middlewares/Third_Party/LwIP/src/api/tcpip.c ****   res = sys_arch_mbox_fetch(mbox, msg, sleeptime);
  90              		.loc 1 103 3 is_stmt 1 view .LVU18
  91 0036 094D     		ldr	r5, .L10
  92 0038 2846     		mov	r0, r5
  93              	.LVL10:
 103:../../Middlewares/Third_Party/LwIP/src/api/tcpip.c ****   res = sys_arch_mbox_fetch(mbox, msg, sleeptime);
  94              		.loc 1 103 3 is_stmt 0 view .LVU19
  95 003a FFF7FEFF 		bl	sys_mutex_unlock
  96              	.LVL11:
 104:../../Middlewares/Third_Party/LwIP/src/api/tcpip.c ****   LOCK_TCPIP_CORE();
  97              		.loc 1 104 3 is_stmt 1 view .LVU20
 104:../../Middlewares/Third_Party/LwIP/src/api/tcpip.c ****   LOCK_TCPIP_CORE();
  98              		.loc 1 104 9 is_stmt 0 view .LVU21
  99 003e 2246     		mov	r2, r4
 100 0040 3946     		mov	r1, r7
 101 0042 3046     		mov	r0, r6
 102 0044 FFF7FEFF 		bl	sys_arch_mbox_fetch
ARM GAS  /var/folders/2r/mdtt8xvd351gdc398t28_m2m0000gn/T//ccW7nwnP.s 			page 5


 103              	.LVL12:
 104 0048 0446     		mov	r4, r0
 105              	.LVL13:
 105:../../Middlewares/Third_Party/LwIP/src/api/tcpip.c ****   if (res == SYS_ARCH_TIMEOUT) {
 106              		.loc 1 105 3 is_stmt 1 view .LVU22
 107 004a 2846     		mov	r0, r5
 108              	.LVL14:
 105:../../Middlewares/Third_Party/LwIP/src/api/tcpip.c ****   if (res == SYS_ARCH_TIMEOUT) {
 109              		.loc 1 105 3 is_stmt 0 view .LVU23
 110 004c FFF7FEFF 		bl	sys_mutex_lock
 111              	.LVL15:
 106:../../Middlewares/Third_Party/LwIP/src/api/tcpip.c ****     /* If a SYS_ARCH_TIMEOUT value is returned, a timeout occurred
 112              		.loc 1 106 3 is_stmt 1 view .LVU24
 106:../../Middlewares/Third_Party/LwIP/src/api/tcpip.c ****     /* If a SYS_ARCH_TIMEOUT value is returned, a timeout occurred
 113              		.loc 1 106 6 is_stmt 0 view .LVU25
 114 0050 B4F1FF3F 		cmp	r4, #-1
 115 0054 E4D1     		bne	.L1
 109:../../Middlewares/Third_Party/LwIP/src/api/tcpip.c ****     /* We try again to fetch a message from the mbox. */
 116              		.loc 1 109 5 is_stmt 1 view .LVU26
 117 0056 FFF7FEFF 		bl	sys_check_timeouts
 118              	.LVL16:
 111:../../Middlewares/Third_Party/LwIP/src/api/tcpip.c ****   }
 119              		.loc 1 111 5 view .LVU27
 120              	.L3:
 121 005a E4E7     		b	.L2
 122              	.L11:
 123              		.align	2
 124              	.L10:
 125 005c 00000000 		.word	lock_tcpip_core
 126              		.cfi_endproc
 127              	.LFE174:
 129              		.section	.rodata.tcpip_thread_handle_msg.str1.4,"aMS",%progbits,1
 130              		.align	2
 131              	.LC0:
 132 0000 2E2E2F2E 		.ascii	"../../Middlewares/Third_Party/LwIP/src/api/tcpip.c\000"
 132      2E2F4D69 
 132      64646C65 
 132      77617265 
 132      732F5468 
 133 0033 00       		.align	2
 134              	.LC1:
 135 0034 74637069 		.ascii	"tcpip_thread: invalid message\000"
 135      705F7468 
 135      72656164 
 135      3A20696E 
 135      76616C69 
 136 0052 0000     		.align	2
 137              	.LC2:
 138 0054 41737365 		.ascii	"Assertion \"%s\" failed at line %d in %s\012\000"
 138      7274696F 
 138      6E202225 
 138      73222066 
 138      61696C65 
 139              		.section	.text.tcpip_thread_handle_msg,"ax",%progbits
 140              		.align	1
 141              		.syntax unified
 142              		.thumb
ARM GAS  /var/folders/2r/mdtt8xvd351gdc398t28_m2m0000gn/T//ccW7nwnP.s 			page 6


 143              		.thumb_func
 145              	tcpip_thread_handle_msg:
 146              	.LVL17:
 147              	.LFB176:
 114:../../Middlewares/Third_Party/LwIP/src/api/tcpip.c **** #endif /* !LWIP_TIMERS */
 115:../../Middlewares/Third_Party/LwIP/src/api/tcpip.c **** 
 116:../../Middlewares/Third_Party/LwIP/src/api/tcpip.c **** /**
 117:../../Middlewares/Third_Party/LwIP/src/api/tcpip.c ****  * The main lwIP thread. This thread has exclusive access to lwIP core functions
 118:../../Middlewares/Third_Party/LwIP/src/api/tcpip.c ****  * (unless access to them is not locked). Other threads communicate with this
 119:../../Middlewares/Third_Party/LwIP/src/api/tcpip.c ****  * thread using message boxes.
 120:../../Middlewares/Third_Party/LwIP/src/api/tcpip.c ****  *
 121:../../Middlewares/Third_Party/LwIP/src/api/tcpip.c ****  * It also starts all the timers to make sure they are running in the right
 122:../../Middlewares/Third_Party/LwIP/src/api/tcpip.c ****  * thread context.
 123:../../Middlewares/Third_Party/LwIP/src/api/tcpip.c ****  *
 124:../../Middlewares/Third_Party/LwIP/src/api/tcpip.c ****  * @param arg unused argument
 125:../../Middlewares/Third_Party/LwIP/src/api/tcpip.c ****  */
 126:../../Middlewares/Third_Party/LwIP/src/api/tcpip.c **** static void
 127:../../Middlewares/Third_Party/LwIP/src/api/tcpip.c **** tcpip_thread(void *arg)
 128:../../Middlewares/Third_Party/LwIP/src/api/tcpip.c **** {
 129:../../Middlewares/Third_Party/LwIP/src/api/tcpip.c ****   struct tcpip_msg *msg;
 130:../../Middlewares/Third_Party/LwIP/src/api/tcpip.c ****   LWIP_UNUSED_ARG(arg);
 131:../../Middlewares/Third_Party/LwIP/src/api/tcpip.c **** 
 132:../../Middlewares/Third_Party/LwIP/src/api/tcpip.c ****   LWIP_MARK_TCPIP_THREAD();
 133:../../Middlewares/Third_Party/LwIP/src/api/tcpip.c **** 
 134:../../Middlewares/Third_Party/LwIP/src/api/tcpip.c ****   LOCK_TCPIP_CORE();
 135:../../Middlewares/Third_Party/LwIP/src/api/tcpip.c ****   if (tcpip_init_done != NULL) {
 136:../../Middlewares/Third_Party/LwIP/src/api/tcpip.c ****     tcpip_init_done(tcpip_init_done_arg);
 137:../../Middlewares/Third_Party/LwIP/src/api/tcpip.c ****   }
 138:../../Middlewares/Third_Party/LwIP/src/api/tcpip.c **** 
 139:../../Middlewares/Third_Party/LwIP/src/api/tcpip.c ****   while (1) {                          /* MAIN Loop */
 140:../../Middlewares/Third_Party/LwIP/src/api/tcpip.c ****     LWIP_TCPIP_THREAD_ALIVE();
 141:../../Middlewares/Third_Party/LwIP/src/api/tcpip.c ****     /* wait for a message, timeouts are processed while waiting */
 142:../../Middlewares/Third_Party/LwIP/src/api/tcpip.c ****     TCPIP_MBOX_FETCH(&tcpip_mbox, (void **)&msg);
 143:../../Middlewares/Third_Party/LwIP/src/api/tcpip.c ****     if (msg == NULL) {
 144:../../Middlewares/Third_Party/LwIP/src/api/tcpip.c ****       LWIP_DEBUGF(TCPIP_DEBUG, ("tcpip_thread: invalid message: NULL\n"));
 145:../../Middlewares/Third_Party/LwIP/src/api/tcpip.c ****       LWIP_ASSERT("tcpip_thread: invalid message", 0);
 146:../../Middlewares/Third_Party/LwIP/src/api/tcpip.c ****       continue;
 147:../../Middlewares/Third_Party/LwIP/src/api/tcpip.c ****     }
 148:../../Middlewares/Third_Party/LwIP/src/api/tcpip.c ****     tcpip_thread_handle_msg(msg);
 149:../../Middlewares/Third_Party/LwIP/src/api/tcpip.c ****   }
 150:../../Middlewares/Third_Party/LwIP/src/api/tcpip.c **** }
 151:../../Middlewares/Third_Party/LwIP/src/api/tcpip.c **** 
 152:../../Middlewares/Third_Party/LwIP/src/api/tcpip.c **** /* Handle a single tcpip_msg
 153:../../Middlewares/Third_Party/LwIP/src/api/tcpip.c ****  * This is in its own function for access by tests only.
 154:../../Middlewares/Third_Party/LwIP/src/api/tcpip.c ****  */
 155:../../Middlewares/Third_Party/LwIP/src/api/tcpip.c **** static void
 156:../../Middlewares/Third_Party/LwIP/src/api/tcpip.c **** tcpip_thread_handle_msg(struct tcpip_msg *msg)
 157:../../Middlewares/Third_Party/LwIP/src/api/tcpip.c **** {
 148              		.loc 1 157 1 view -0
 149              		.cfi_startproc
 150              		@ args = 0, pretend = 0, frame = 0
 151              		@ frame_needed = 0, uses_anonymous_args = 0
 152              		.loc 1 157 1 is_stmt 0 view .LVU29
 153 0000 10B5     		push	{r4, lr}
 154              	.LCFI1:
 155              		.cfi_def_cfa_offset 8
 156              		.cfi_offset 4, -8
ARM GAS  /var/folders/2r/mdtt8xvd351gdc398t28_m2m0000gn/T//ccW7nwnP.s 			page 7


 157              		.cfi_offset 14, -4
 158 0002 0446     		mov	r4, r0
 158:../../Middlewares/Third_Party/LwIP/src/api/tcpip.c ****   switch (msg->type) {
 159              		.loc 1 158 3 is_stmt 1 view .LVU30
 160              		.loc 1 158 14 is_stmt 0 view .LVU31
 161 0004 0378     		ldrb	r3, [r0]	@ zero_extendqisi2
 162              		.loc 1 158 3 view .LVU32
 163 0006 012B     		cmp	r3, #1
 164 0008 10D0     		beq	.L13
 165 000a 022B     		cmp	r3, #2
 166 000c 16D0     		beq	.L14
 167 000e CBB9     		cbnz	r3, .L15
 159:../../Middlewares/Third_Party/LwIP/src/api/tcpip.c **** #if !LWIP_TCPIP_CORE_LOCKING
 160:../../Middlewares/Third_Party/LwIP/src/api/tcpip.c ****     case TCPIP_MSG_API:
 161:../../Middlewares/Third_Party/LwIP/src/api/tcpip.c ****       LWIP_DEBUGF(TCPIP_DEBUG, ("tcpip_thread: API message %p\n", (void *)msg));
 162:../../Middlewares/Third_Party/LwIP/src/api/tcpip.c ****       msg->msg.api_msg.function(msg->msg.api_msg.msg);
 163:../../Middlewares/Third_Party/LwIP/src/api/tcpip.c ****       break;
 164:../../Middlewares/Third_Party/LwIP/src/api/tcpip.c ****     case TCPIP_MSG_API_CALL:
 165:../../Middlewares/Third_Party/LwIP/src/api/tcpip.c ****       LWIP_DEBUGF(TCPIP_DEBUG, ("tcpip_thread: API CALL message %p\n", (void *)msg));
 166:../../Middlewares/Third_Party/LwIP/src/api/tcpip.c ****       msg->msg.api_call.arg->err = msg->msg.api_call.function(msg->msg.api_call.arg);
 167:../../Middlewares/Third_Party/LwIP/src/api/tcpip.c ****       sys_sem_signal(msg->msg.api_call.sem);
 168:../../Middlewares/Third_Party/LwIP/src/api/tcpip.c ****       break;
 169:../../Middlewares/Third_Party/LwIP/src/api/tcpip.c **** #endif /* !LWIP_TCPIP_CORE_LOCKING */
 170:../../Middlewares/Third_Party/LwIP/src/api/tcpip.c **** 
 171:../../Middlewares/Third_Party/LwIP/src/api/tcpip.c **** #if !LWIP_TCPIP_CORE_LOCKING_INPUT
 172:../../Middlewares/Third_Party/LwIP/src/api/tcpip.c ****     case TCPIP_MSG_INPKT:
 173:../../Middlewares/Third_Party/LwIP/src/api/tcpip.c ****       LWIP_DEBUGF(TCPIP_DEBUG, ("tcpip_thread: PACKET %p\n", (void *)msg));
 168              		.loc 1 173 75 is_stmt 1 view .LVU33
 174:../../Middlewares/Third_Party/LwIP/src/api/tcpip.c ****       if (msg->msg.inp.input_fn(msg->msg.inp.p, msg->msg.inp.netif) != ERR_OK) {
 169              		.loc 1 174 7 view .LVU34
 170              		.loc 1 174 23 is_stmt 0 view .LVU35
 171 0010 C368     		ldr	r3, [r0, #12]
 172              		.loc 1 174 11 view .LVU36
 173 0012 8168     		ldr	r1, [r0, #8]
 174 0014 4068     		ldr	r0, [r0, #4]
 175              	.LVL18:
 176              		.loc 1 174 11 view .LVU37
 177 0016 9847     		blx	r3
 178              	.LVL19:
 179              		.loc 1 174 10 discriminator 1 view .LVU38
 180 0018 20B9     		cbnz	r0, .L19
 181              	.L16:
 175:../../Middlewares/Third_Party/LwIP/src/api/tcpip.c ****         pbuf_free(msg->msg.inp.p);
 176:../../Middlewares/Third_Party/LwIP/src/api/tcpip.c ****       }
 177:../../Middlewares/Third_Party/LwIP/src/api/tcpip.c ****       memp_free(MEMP_TCPIP_MSG_INPKT, msg);
 182              		.loc 1 177 7 is_stmt 1 view .LVU39
 183 001a 2146     		mov	r1, r4
 184 001c 0620     		movs	r0, #6
 185 001e FFF7FEFF 		bl	memp_free
 186              	.LVL20:
 178:../../Middlewares/Third_Party/LwIP/src/api/tcpip.c ****       break;
 187              		.loc 1 178 7 view .LVU40
 188              	.L12:
 179:../../Middlewares/Third_Party/LwIP/src/api/tcpip.c **** #endif /* !LWIP_TCPIP_CORE_LOCKING_INPUT */
 180:../../Middlewares/Third_Party/LwIP/src/api/tcpip.c **** 
 181:../../Middlewares/Third_Party/LwIP/src/api/tcpip.c **** #if LWIP_TCPIP_TIMEOUT && LWIP_TIMERS
 182:../../Middlewares/Third_Party/LwIP/src/api/tcpip.c ****     case TCPIP_MSG_TIMEOUT:
ARM GAS  /var/folders/2r/mdtt8xvd351gdc398t28_m2m0000gn/T//ccW7nwnP.s 			page 8


 183:../../Middlewares/Third_Party/LwIP/src/api/tcpip.c ****       LWIP_DEBUGF(TCPIP_DEBUG, ("tcpip_thread: TIMEOUT %p\n", (void *)msg));
 184:../../Middlewares/Third_Party/LwIP/src/api/tcpip.c ****       sys_timeout(msg->msg.tmo.msecs, msg->msg.tmo.h, msg->msg.tmo.arg);
 185:../../Middlewares/Third_Party/LwIP/src/api/tcpip.c ****       memp_free(MEMP_TCPIP_MSG_API, msg);
 186:../../Middlewares/Third_Party/LwIP/src/api/tcpip.c ****       break;
 187:../../Middlewares/Third_Party/LwIP/src/api/tcpip.c ****     case TCPIP_MSG_UNTIMEOUT:
 188:../../Middlewares/Third_Party/LwIP/src/api/tcpip.c ****       LWIP_DEBUGF(TCPIP_DEBUG, ("tcpip_thread: UNTIMEOUT %p\n", (void *)msg));
 189:../../Middlewares/Third_Party/LwIP/src/api/tcpip.c ****       sys_untimeout(msg->msg.tmo.h, msg->msg.tmo.arg);
 190:../../Middlewares/Third_Party/LwIP/src/api/tcpip.c ****       memp_free(MEMP_TCPIP_MSG_API, msg);
 191:../../Middlewares/Third_Party/LwIP/src/api/tcpip.c ****       break;
 192:../../Middlewares/Third_Party/LwIP/src/api/tcpip.c **** #endif /* LWIP_TCPIP_TIMEOUT && LWIP_TIMERS */
 193:../../Middlewares/Third_Party/LwIP/src/api/tcpip.c **** 
 194:../../Middlewares/Third_Party/LwIP/src/api/tcpip.c ****     case TCPIP_MSG_CALLBACK:
 195:../../Middlewares/Third_Party/LwIP/src/api/tcpip.c ****       LWIP_DEBUGF(TCPIP_DEBUG, ("tcpip_thread: CALLBACK %p\n", (void *)msg));
 196:../../Middlewares/Third_Party/LwIP/src/api/tcpip.c ****       msg->msg.cb.function(msg->msg.cb.ctx);
 197:../../Middlewares/Third_Party/LwIP/src/api/tcpip.c ****       memp_free(MEMP_TCPIP_MSG_API, msg);
 198:../../Middlewares/Third_Party/LwIP/src/api/tcpip.c ****       break;
 199:../../Middlewares/Third_Party/LwIP/src/api/tcpip.c **** 
 200:../../Middlewares/Third_Party/LwIP/src/api/tcpip.c ****     case TCPIP_MSG_CALLBACK_STATIC:
 201:../../Middlewares/Third_Party/LwIP/src/api/tcpip.c ****       LWIP_DEBUGF(TCPIP_DEBUG, ("tcpip_thread: CALLBACK_STATIC %p\n", (void *)msg));
 202:../../Middlewares/Third_Party/LwIP/src/api/tcpip.c ****       msg->msg.cb.function(msg->msg.cb.ctx);
 203:../../Middlewares/Third_Party/LwIP/src/api/tcpip.c ****       break;
 204:../../Middlewares/Third_Party/LwIP/src/api/tcpip.c **** 
 205:../../Middlewares/Third_Party/LwIP/src/api/tcpip.c ****     default:
 206:../../Middlewares/Third_Party/LwIP/src/api/tcpip.c ****       LWIP_DEBUGF(TCPIP_DEBUG, ("tcpip_thread: invalid message: %d\n", msg->type));
 207:../../Middlewares/Third_Party/LwIP/src/api/tcpip.c ****       LWIP_ASSERT("tcpip_thread: invalid message", 0);
 208:../../Middlewares/Third_Party/LwIP/src/api/tcpip.c ****       break;
 209:../../Middlewares/Third_Party/LwIP/src/api/tcpip.c ****   }
 210:../../Middlewares/Third_Party/LwIP/src/api/tcpip.c **** }
 189              		.loc 1 210 1 is_stmt 0 view .LVU41
 190 0022 10BD     		pop	{r4, pc}
 191              	.LVL21:
 192              	.L19:
 175:../../Middlewares/Third_Party/LwIP/src/api/tcpip.c ****       }
 193              		.loc 1 175 9 is_stmt 1 view .LVU42
 194 0024 6068     		ldr	r0, [r4, #4]
 195 0026 FFF7FEFF 		bl	pbuf_free
 196              	.LVL22:
 197 002a F6E7     		b	.L16
 198              	.LVL23:
 199              	.L13:
 195:../../Middlewares/Third_Party/LwIP/src/api/tcpip.c ****       msg->msg.cb.function(msg->msg.cb.ctx);
 200              		.loc 1 195 77 view .LVU43
 196:../../Middlewares/Third_Party/LwIP/src/api/tcpip.c ****       memp_free(MEMP_TCPIP_MSG_API, msg);
 201              		.loc 1 196 7 view .LVU44
 196:../../Middlewares/Third_Party/LwIP/src/api/tcpip.c ****       memp_free(MEMP_TCPIP_MSG_API, msg);
 202              		.loc 1 196 18 is_stmt 0 view .LVU45
 203 002c 4368     		ldr	r3, [r0, #4]
 196:../../Middlewares/Third_Party/LwIP/src/api/tcpip.c ****       memp_free(MEMP_TCPIP_MSG_API, msg);
 204              		.loc 1 196 7 view .LVU46
 205 002e 8068     		ldr	r0, [r0, #8]
 206              	.LVL24:
 196:../../Middlewares/Third_Party/LwIP/src/api/tcpip.c ****       memp_free(MEMP_TCPIP_MSG_API, msg);
 207              		.loc 1 196 7 view .LVU47
 208 0030 9847     		blx	r3
 209              	.LVL25:
 197:../../Middlewares/Third_Party/LwIP/src/api/tcpip.c ****       break;
 210              		.loc 1 197 7 is_stmt 1 view .LVU48
ARM GAS  /var/folders/2r/mdtt8xvd351gdc398t28_m2m0000gn/T//ccW7nwnP.s 			page 9


 211 0032 2146     		mov	r1, r4
 212 0034 0520     		movs	r0, #5
 213 0036 FFF7FEFF 		bl	memp_free
 214              	.LVL26:
 198:../../Middlewares/Third_Party/LwIP/src/api/tcpip.c **** 
 215              		.loc 1 198 7 view .LVU49
 216 003a F2E7     		b	.L12
 217              	.LVL27:
 218              	.L14:
 201:../../Middlewares/Third_Party/LwIP/src/api/tcpip.c ****       msg->msg.cb.function(msg->msg.cb.ctx);
 219              		.loc 1 201 84 view .LVU50
 202:../../Middlewares/Third_Party/LwIP/src/api/tcpip.c ****       break;
 220              		.loc 1 202 7 view .LVU51
 202:../../Middlewares/Third_Party/LwIP/src/api/tcpip.c ****       break;
 221              		.loc 1 202 18 is_stmt 0 view .LVU52
 222 003c 4368     		ldr	r3, [r0, #4]
 202:../../Middlewares/Third_Party/LwIP/src/api/tcpip.c ****       break;
 223              		.loc 1 202 7 view .LVU53
 224 003e 8068     		ldr	r0, [r0, #8]
 225              	.LVL28:
 202:../../Middlewares/Third_Party/LwIP/src/api/tcpip.c ****       break;
 226              		.loc 1 202 7 view .LVU54
 227 0040 9847     		blx	r3
 228              	.LVL29:
 203:../../Middlewares/Third_Party/LwIP/src/api/tcpip.c **** 
 229              		.loc 1 203 7 is_stmt 1 view .LVU55
 230 0042 EEE7     		b	.L12
 231              	.LVL30:
 232              	.L15:
 206:../../Middlewares/Third_Party/LwIP/src/api/tcpip.c ****       LWIP_ASSERT("tcpip_thread: invalid message", 0);
 233              		.loc 1 206 83 view .LVU56
 207:../../Middlewares/Third_Party/LwIP/src/api/tcpip.c ****       break;
 234              		.loc 1 207 7 view .LVU57
 207:../../Middlewares/Third_Party/LwIP/src/api/tcpip.c ****       break;
 235              		.loc 1 207 7 view .LVU58
 207:../../Middlewares/Third_Party/LwIP/src/api/tcpip.c ****       break;
 236              		.loc 1 207 7 discriminator 1 view .LVU59
 207:../../Middlewares/Third_Party/LwIP/src/api/tcpip.c ****       break;
 237              		.loc 1 207 7 discriminator 1 view .LVU60
 238 0044 034B     		ldr	r3, .L20
 239 0046 CF22     		movs	r2, #207
 240 0048 0349     		ldr	r1, .L20+4
 241 004a 0448     		ldr	r0, .L20+8
 242              	.LVL31:
 207:../../Middlewares/Third_Party/LwIP/src/api/tcpip.c ****       break;
 243              		.loc 1 207 7 is_stmt 0 discriminator 1 view .LVU61
 244 004c FFF7FEFF 		bl	printf
 245              	.LVL32:
 207:../../Middlewares/Third_Party/LwIP/src/api/tcpip.c ****       break;
 246              		.loc 1 207 7 is_stmt 1 view .LVU62
 207:../../Middlewares/Third_Party/LwIP/src/api/tcpip.c ****       break;
 247              		.loc 1 207 7 view .LVU63
 208:../../Middlewares/Third_Party/LwIP/src/api/tcpip.c ****   }
 248              		.loc 1 208 7 view .LVU64
 249              		.loc 1 210 1 is_stmt 0 view .LVU65
 250 0050 E7E7     		b	.L12
 251              	.L21:
ARM GAS  /var/folders/2r/mdtt8xvd351gdc398t28_m2m0000gn/T//ccW7nwnP.s 			page 10


 252 0052 00BF     		.align	2
 253              	.L20:
 254 0054 00000000 		.word	.LC0
 255 0058 34000000 		.word	.LC1
 256 005c 54000000 		.word	.LC2
 257              		.cfi_endproc
 258              	.LFE176:
 260              		.section	.text.tcpip_thread,"ax",%progbits
 261              		.align	1
 262              		.syntax unified
 263              		.thumb
 264              		.thumb_func
 266              	tcpip_thread:
 267              	.LVL33:
 268              	.LFB175:
 128:../../Middlewares/Third_Party/LwIP/src/api/tcpip.c ****   struct tcpip_msg *msg;
 269              		.loc 1 128 1 is_stmt 1 view -0
 270              		.cfi_startproc
 271              		@ Volatile: function does not return.
 272              		@ args = 0, pretend = 0, frame = 8
 273              		@ frame_needed = 0, uses_anonymous_args = 0
 128:../../Middlewares/Third_Party/LwIP/src/api/tcpip.c ****   struct tcpip_msg *msg;
 274              		.loc 1 128 1 is_stmt 0 view .LVU67
 275 0000 00B5     		push	{lr}
 276              	.LCFI2:
 277              		.cfi_def_cfa_offset 4
 278              		.cfi_offset 14, -4
 279 0002 83B0     		sub	sp, sp, #12
 280              	.LCFI3:
 281              		.cfi_def_cfa_offset 16
 129:../../Middlewares/Third_Party/LwIP/src/api/tcpip.c ****   LWIP_UNUSED_ARG(arg);
 282              		.loc 1 129 3 is_stmt 1 view .LVU68
 130:../../Middlewares/Third_Party/LwIP/src/api/tcpip.c **** 
 283              		.loc 1 130 3 view .LVU69
 132:../../Middlewares/Third_Party/LwIP/src/api/tcpip.c **** 
 284              		.loc 1 132 27 view .LVU70
 134:../../Middlewares/Third_Party/LwIP/src/api/tcpip.c ****   if (tcpip_init_done != NULL) {
 285              		.loc 1 134 3 view .LVU71
 286 0004 0C48     		ldr	r0, .L29
 287              	.LVL34:
 134:../../Middlewares/Third_Party/LwIP/src/api/tcpip.c ****   if (tcpip_init_done != NULL) {
 288              		.loc 1 134 3 is_stmt 0 view .LVU72
 289 0006 FFF7FEFF 		bl	sys_mutex_lock
 290              	.LVL35:
 135:../../Middlewares/Third_Party/LwIP/src/api/tcpip.c ****     tcpip_init_done(tcpip_init_done_arg);
 291              		.loc 1 135 3 is_stmt 1 view .LVU73
 135:../../Middlewares/Third_Party/LwIP/src/api/tcpip.c ****     tcpip_init_done(tcpip_init_done_arg);
 292              		.loc 1 135 23 is_stmt 0 view .LVU74
 293 000a 0C4B     		ldr	r3, .L29+4
 294 000c 1B68     		ldr	r3, [r3]
 135:../../Middlewares/Third_Party/LwIP/src/api/tcpip.c ****     tcpip_init_done(tcpip_init_done_arg);
 295              		.loc 1 135 6 view .LVU75
 296 000e 4BB1     		cbz	r3, .L24
 136:../../Middlewares/Third_Party/LwIP/src/api/tcpip.c ****   }
 297              		.loc 1 136 5 is_stmt 1 view .LVU76
 298 0010 0B4A     		ldr	r2, .L29+8
 299 0012 1068     		ldr	r0, [r2]
ARM GAS  /var/folders/2r/mdtt8xvd351gdc398t28_m2m0000gn/T//ccW7nwnP.s 			page 11


 300 0014 9847     		blx	r3
 301              	.LVL36:
 302 0016 05E0     		b	.L24
 303              	.L28:
 144:../../Middlewares/Third_Party/LwIP/src/api/tcpip.c ****       LWIP_ASSERT("tcpip_thread: invalid message", 0);
 304              		.loc 1 144 74 view .LVU77
 145:../../Middlewares/Third_Party/LwIP/src/api/tcpip.c ****       continue;
 305              		.loc 1 145 7 view .LVU78
 145:../../Middlewares/Third_Party/LwIP/src/api/tcpip.c ****       continue;
 306              		.loc 1 145 7 view .LVU79
 145:../../Middlewares/Third_Party/LwIP/src/api/tcpip.c ****       continue;
 307              		.loc 1 145 7 discriminator 1 view .LVU80
 145:../../Middlewares/Third_Party/LwIP/src/api/tcpip.c ****       continue;
 308              		.loc 1 145 7 discriminator 1 view .LVU81
 309 0018 0A4B     		ldr	r3, .L29+12
 310 001a 9122     		movs	r2, #145
 311 001c 0A49     		ldr	r1, .L29+16
 312 001e 0B48     		ldr	r0, .L29+20
 313 0020 FFF7FEFF 		bl	printf
 314              	.LVL37:
 145:../../Middlewares/Third_Party/LwIP/src/api/tcpip.c ****       continue;
 315              		.loc 1 145 7 view .LVU82
 145:../../Middlewares/Third_Party/LwIP/src/api/tcpip.c ****       continue;
 316              		.loc 1 145 7 view .LVU83
 146:../../Middlewares/Third_Party/LwIP/src/api/tcpip.c ****     }
 317              		.loc 1 146 7 view .LVU84
 318              	.L24:
 139:../../Middlewares/Third_Party/LwIP/src/api/tcpip.c ****     LWIP_TCPIP_THREAD_ALIVE();
 319              		.loc 1 139 3 view .LVU85
 140:../../Middlewares/Third_Party/LwIP/src/api/tcpip.c ****     /* wait for a message, timeouts are processed while waiting */
 320              		.loc 1 140 30 view .LVU86
 142:../../Middlewares/Third_Party/LwIP/src/api/tcpip.c ****     if (msg == NULL) {
 321              		.loc 1 142 5 view .LVU87
 322 0024 01A9     		add	r1, sp, #4
 323 0026 0A48     		ldr	r0, .L29+24
 324 0028 FFF7FEFF 		bl	tcpip_timeouts_mbox_fetch
 325              	.LVL38:
 143:../../Middlewares/Third_Party/LwIP/src/api/tcpip.c ****       LWIP_DEBUGF(TCPIP_DEBUG, ("tcpip_thread: invalid message: NULL\n"));
 326              		.loc 1 143 5 view .LVU88
 143:../../Middlewares/Third_Party/LwIP/src/api/tcpip.c ****       LWIP_DEBUGF(TCPIP_DEBUG, ("tcpip_thread: invalid message: NULL\n"));
 327              		.loc 1 143 13 is_stmt 0 view .LVU89
 328 002c 0198     		ldr	r0, [sp, #4]
 143:../../Middlewares/Third_Party/LwIP/src/api/tcpip.c ****       LWIP_DEBUGF(TCPIP_DEBUG, ("tcpip_thread: invalid message: NULL\n"));
 329              		.loc 1 143 8 view .LVU90
 330 002e 0028     		cmp	r0, #0
 331 0030 F2D0     		beq	.L28
 148:../../Middlewares/Third_Party/LwIP/src/api/tcpip.c ****   }
 332              		.loc 1 148 5 is_stmt 1 view .LVU91
 333 0032 FFF7FEFF 		bl	tcpip_thread_handle_msg
 334              	.LVL39:
 335 0036 F5E7     		b	.L24
 336              	.L30:
 337              		.align	2
 338              	.L29:
 339 0038 00000000 		.word	lock_tcpip_core
 340 003c 00000000 		.word	tcpip_init_done
 341 0040 00000000 		.word	tcpip_init_done_arg
ARM GAS  /var/folders/2r/mdtt8xvd351gdc398t28_m2m0000gn/T//ccW7nwnP.s 			page 12


 342 0044 00000000 		.word	.LC0
 343 0048 34000000 		.word	.LC1
 344 004c 54000000 		.word	.LC2
 345 0050 00000000 		.word	tcpip_mbox
 346              		.cfi_endproc
 347              	.LFE175:
 349              		.section	.text.pbuf_free_int,"ax",%progbits
 350              		.align	1
 351              		.syntax unified
 352              		.thumb
 353              		.thumb_func
 355              	pbuf_free_int:
 356              	.LVL40:
 357              	.LFB188:
 211:../../Middlewares/Third_Party/LwIP/src/api/tcpip.c **** 
 212:../../Middlewares/Third_Party/LwIP/src/api/tcpip.c **** #ifdef TCPIP_THREAD_TEST
 213:../../Middlewares/Third_Party/LwIP/src/api/tcpip.c **** /** Work on queued items in single-threaded test mode */
 214:../../Middlewares/Third_Party/LwIP/src/api/tcpip.c **** int
 215:../../Middlewares/Third_Party/LwIP/src/api/tcpip.c **** tcpip_thread_poll_one(void)
 216:../../Middlewares/Third_Party/LwIP/src/api/tcpip.c **** {
 217:../../Middlewares/Third_Party/LwIP/src/api/tcpip.c ****   int ret = 0;
 218:../../Middlewares/Third_Party/LwIP/src/api/tcpip.c ****   struct tcpip_msg *msg;
 219:../../Middlewares/Third_Party/LwIP/src/api/tcpip.c **** 
 220:../../Middlewares/Third_Party/LwIP/src/api/tcpip.c ****   if (sys_arch_mbox_tryfetch(&tcpip_mbox, (void **)&msg) != SYS_ARCH_TIMEOUT) {
 221:../../Middlewares/Third_Party/LwIP/src/api/tcpip.c ****     LOCK_TCPIP_CORE();
 222:../../Middlewares/Third_Party/LwIP/src/api/tcpip.c ****     if (msg != NULL) {
 223:../../Middlewares/Third_Party/LwIP/src/api/tcpip.c ****       tcpip_thread_handle_msg(msg);
 224:../../Middlewares/Third_Party/LwIP/src/api/tcpip.c ****       ret = 1;
 225:../../Middlewares/Third_Party/LwIP/src/api/tcpip.c ****     }
 226:../../Middlewares/Third_Party/LwIP/src/api/tcpip.c ****     UNLOCK_TCPIP_CORE();
 227:../../Middlewares/Third_Party/LwIP/src/api/tcpip.c ****   }
 228:../../Middlewares/Third_Party/LwIP/src/api/tcpip.c ****   return ret;
 229:../../Middlewares/Third_Party/LwIP/src/api/tcpip.c **** }
 230:../../Middlewares/Third_Party/LwIP/src/api/tcpip.c **** #endif
 231:../../Middlewares/Third_Party/LwIP/src/api/tcpip.c **** 
 232:../../Middlewares/Third_Party/LwIP/src/api/tcpip.c **** /**
 233:../../Middlewares/Third_Party/LwIP/src/api/tcpip.c ****  * Pass a received packet to tcpip_thread for input processing
 234:../../Middlewares/Third_Party/LwIP/src/api/tcpip.c ****  *
 235:../../Middlewares/Third_Party/LwIP/src/api/tcpip.c ****  * @param p the received packet
 236:../../Middlewares/Third_Party/LwIP/src/api/tcpip.c ****  * @param inp the network interface on which the packet was received
 237:../../Middlewares/Third_Party/LwIP/src/api/tcpip.c ****  * @param input_fn input function to call
 238:../../Middlewares/Third_Party/LwIP/src/api/tcpip.c ****  */
 239:../../Middlewares/Third_Party/LwIP/src/api/tcpip.c **** err_t
 240:../../Middlewares/Third_Party/LwIP/src/api/tcpip.c **** tcpip_inpkt(struct pbuf *p, struct netif *inp, netif_input_fn input_fn)
 241:../../Middlewares/Third_Party/LwIP/src/api/tcpip.c **** {
 242:../../Middlewares/Third_Party/LwIP/src/api/tcpip.c **** #if LWIP_TCPIP_CORE_LOCKING_INPUT
 243:../../Middlewares/Third_Party/LwIP/src/api/tcpip.c ****   err_t ret;
 244:../../Middlewares/Third_Party/LwIP/src/api/tcpip.c ****   LWIP_DEBUGF(TCPIP_DEBUG, ("tcpip_inpkt: PACKET %p/%p\n", (void *)p, (void *)inp));
 245:../../Middlewares/Third_Party/LwIP/src/api/tcpip.c ****   LOCK_TCPIP_CORE();
 246:../../Middlewares/Third_Party/LwIP/src/api/tcpip.c ****   ret = input_fn(p, inp);
 247:../../Middlewares/Third_Party/LwIP/src/api/tcpip.c ****   UNLOCK_TCPIP_CORE();
 248:../../Middlewares/Third_Party/LwIP/src/api/tcpip.c ****   return ret;
 249:../../Middlewares/Third_Party/LwIP/src/api/tcpip.c **** #else /* LWIP_TCPIP_CORE_LOCKING_INPUT */
 250:../../Middlewares/Third_Party/LwIP/src/api/tcpip.c ****   struct tcpip_msg *msg;
 251:../../Middlewares/Third_Party/LwIP/src/api/tcpip.c **** 
 252:../../Middlewares/Third_Party/LwIP/src/api/tcpip.c ****   LWIP_ASSERT("Invalid mbox", sys_mbox_valid_val(tcpip_mbox));
 253:../../Middlewares/Third_Party/LwIP/src/api/tcpip.c **** 
ARM GAS  /var/folders/2r/mdtt8xvd351gdc398t28_m2m0000gn/T//ccW7nwnP.s 			page 13


 254:../../Middlewares/Third_Party/LwIP/src/api/tcpip.c ****   msg = (struct tcpip_msg *)memp_malloc(MEMP_TCPIP_MSG_INPKT);
 255:../../Middlewares/Third_Party/LwIP/src/api/tcpip.c ****   if (msg == NULL) {
 256:../../Middlewares/Third_Party/LwIP/src/api/tcpip.c ****     return ERR_MEM;
 257:../../Middlewares/Third_Party/LwIP/src/api/tcpip.c ****   }
 258:../../Middlewares/Third_Party/LwIP/src/api/tcpip.c **** 
 259:../../Middlewares/Third_Party/LwIP/src/api/tcpip.c ****   msg->type = TCPIP_MSG_INPKT;
 260:../../Middlewares/Third_Party/LwIP/src/api/tcpip.c ****   msg->msg.inp.p = p;
 261:../../Middlewares/Third_Party/LwIP/src/api/tcpip.c ****   msg->msg.inp.netif = inp;
 262:../../Middlewares/Third_Party/LwIP/src/api/tcpip.c ****   msg->msg.inp.input_fn = input_fn;
 263:../../Middlewares/Third_Party/LwIP/src/api/tcpip.c ****   if (sys_mbox_trypost(&tcpip_mbox, msg) != ERR_OK) {
 264:../../Middlewares/Third_Party/LwIP/src/api/tcpip.c ****     memp_free(MEMP_TCPIP_MSG_INPKT, msg);
 265:../../Middlewares/Third_Party/LwIP/src/api/tcpip.c ****     return ERR_MEM;
 266:../../Middlewares/Third_Party/LwIP/src/api/tcpip.c ****   }
 267:../../Middlewares/Third_Party/LwIP/src/api/tcpip.c ****   return ERR_OK;
 268:../../Middlewares/Third_Party/LwIP/src/api/tcpip.c **** #endif /* LWIP_TCPIP_CORE_LOCKING_INPUT */
 269:../../Middlewares/Third_Party/LwIP/src/api/tcpip.c **** }
 270:../../Middlewares/Third_Party/LwIP/src/api/tcpip.c **** 
 271:../../Middlewares/Third_Party/LwIP/src/api/tcpip.c **** /**
 272:../../Middlewares/Third_Party/LwIP/src/api/tcpip.c ****  * @ingroup lwip_os
 273:../../Middlewares/Third_Party/LwIP/src/api/tcpip.c ****  * Pass a received packet to tcpip_thread for input processing with
 274:../../Middlewares/Third_Party/LwIP/src/api/tcpip.c ****  * ethernet_input or ip_input. Don't call directly, pass to netif_add()
 275:../../Middlewares/Third_Party/LwIP/src/api/tcpip.c ****  * and call netif->input().
 276:../../Middlewares/Third_Party/LwIP/src/api/tcpip.c ****  *
 277:../../Middlewares/Third_Party/LwIP/src/api/tcpip.c ****  * @param p the received packet, p->payload pointing to the Ethernet header or
 278:../../Middlewares/Third_Party/LwIP/src/api/tcpip.c ****  *          to an IP header (if inp doesn't have NETIF_FLAG_ETHARP or
 279:../../Middlewares/Third_Party/LwIP/src/api/tcpip.c ****  *          NETIF_FLAG_ETHERNET flags)
 280:../../Middlewares/Third_Party/LwIP/src/api/tcpip.c ****  * @param inp the network interface on which the packet was received
 281:../../Middlewares/Third_Party/LwIP/src/api/tcpip.c ****  */
 282:../../Middlewares/Third_Party/LwIP/src/api/tcpip.c **** err_t
 283:../../Middlewares/Third_Party/LwIP/src/api/tcpip.c **** tcpip_input(struct pbuf *p, struct netif *inp)
 284:../../Middlewares/Third_Party/LwIP/src/api/tcpip.c **** {
 285:../../Middlewares/Third_Party/LwIP/src/api/tcpip.c **** #if LWIP_ETHERNET
 286:../../Middlewares/Third_Party/LwIP/src/api/tcpip.c ****   if (inp->flags & (NETIF_FLAG_ETHARP | NETIF_FLAG_ETHERNET)) {
 287:../../Middlewares/Third_Party/LwIP/src/api/tcpip.c ****     return tcpip_inpkt(p, inp, ethernet_input);
 288:../../Middlewares/Third_Party/LwIP/src/api/tcpip.c ****   } else
 289:../../Middlewares/Third_Party/LwIP/src/api/tcpip.c **** #endif /* LWIP_ETHERNET */
 290:../../Middlewares/Third_Party/LwIP/src/api/tcpip.c ****     return tcpip_inpkt(p, inp, ip_input);
 291:../../Middlewares/Third_Party/LwIP/src/api/tcpip.c **** }
 292:../../Middlewares/Third_Party/LwIP/src/api/tcpip.c **** 
 293:../../Middlewares/Third_Party/LwIP/src/api/tcpip.c **** /**
 294:../../Middlewares/Third_Party/LwIP/src/api/tcpip.c ****  * @ingroup lwip_os
 295:../../Middlewares/Third_Party/LwIP/src/api/tcpip.c ****  * Call a specific function in the thread context of
 296:../../Middlewares/Third_Party/LwIP/src/api/tcpip.c ****  * tcpip_thread for easy access synchronization.
 297:../../Middlewares/Third_Party/LwIP/src/api/tcpip.c ****  * A function called in that way may access lwIP core code
 298:../../Middlewares/Third_Party/LwIP/src/api/tcpip.c ****  * without fearing concurrent access.
 299:../../Middlewares/Third_Party/LwIP/src/api/tcpip.c ****  * Blocks until the request is posted.
 300:../../Middlewares/Third_Party/LwIP/src/api/tcpip.c ****  * Must not be called from interrupt context!
 301:../../Middlewares/Third_Party/LwIP/src/api/tcpip.c ****  *
 302:../../Middlewares/Third_Party/LwIP/src/api/tcpip.c ****  * @param function the function to call
 303:../../Middlewares/Third_Party/LwIP/src/api/tcpip.c ****  * @param ctx parameter passed to f
 304:../../Middlewares/Third_Party/LwIP/src/api/tcpip.c ****  * @return ERR_OK if the function was called, another err_t if not
 305:../../Middlewares/Third_Party/LwIP/src/api/tcpip.c ****  *
 306:../../Middlewares/Third_Party/LwIP/src/api/tcpip.c ****  * @see tcpip_try_callback
 307:../../Middlewares/Third_Party/LwIP/src/api/tcpip.c ****  */
 308:../../Middlewares/Third_Party/LwIP/src/api/tcpip.c **** err_t
 309:../../Middlewares/Third_Party/LwIP/src/api/tcpip.c **** tcpip_callback(tcpip_callback_fn function, void *ctx)
 310:../../Middlewares/Third_Party/LwIP/src/api/tcpip.c **** {
ARM GAS  /var/folders/2r/mdtt8xvd351gdc398t28_m2m0000gn/T//ccW7nwnP.s 			page 14


 311:../../Middlewares/Third_Party/LwIP/src/api/tcpip.c ****   struct tcpip_msg *msg;
 312:../../Middlewares/Third_Party/LwIP/src/api/tcpip.c **** 
 313:../../Middlewares/Third_Party/LwIP/src/api/tcpip.c ****   LWIP_ASSERT("Invalid mbox", sys_mbox_valid_val(tcpip_mbox));
 314:../../Middlewares/Third_Party/LwIP/src/api/tcpip.c **** 
 315:../../Middlewares/Third_Party/LwIP/src/api/tcpip.c ****   msg = (struct tcpip_msg *)memp_malloc(MEMP_TCPIP_MSG_API);
 316:../../Middlewares/Third_Party/LwIP/src/api/tcpip.c ****   if (msg == NULL) {
 317:../../Middlewares/Third_Party/LwIP/src/api/tcpip.c ****     return ERR_MEM;
 318:../../Middlewares/Third_Party/LwIP/src/api/tcpip.c ****   }
 319:../../Middlewares/Third_Party/LwIP/src/api/tcpip.c **** 
 320:../../Middlewares/Third_Party/LwIP/src/api/tcpip.c ****   msg->type = TCPIP_MSG_CALLBACK;
 321:../../Middlewares/Third_Party/LwIP/src/api/tcpip.c ****   msg->msg.cb.function = function;
 322:../../Middlewares/Third_Party/LwIP/src/api/tcpip.c ****   msg->msg.cb.ctx = ctx;
 323:../../Middlewares/Third_Party/LwIP/src/api/tcpip.c **** 
 324:../../Middlewares/Third_Party/LwIP/src/api/tcpip.c ****   sys_mbox_post(&tcpip_mbox, msg);
 325:../../Middlewares/Third_Party/LwIP/src/api/tcpip.c ****   return ERR_OK;
 326:../../Middlewares/Third_Party/LwIP/src/api/tcpip.c **** }
 327:../../Middlewares/Third_Party/LwIP/src/api/tcpip.c **** 
 328:../../Middlewares/Third_Party/LwIP/src/api/tcpip.c **** /**
 329:../../Middlewares/Third_Party/LwIP/src/api/tcpip.c ****  * @ingroup lwip_os
 330:../../Middlewares/Third_Party/LwIP/src/api/tcpip.c ****  * Call a specific function in the thread context of
 331:../../Middlewares/Third_Party/LwIP/src/api/tcpip.c ****  * tcpip_thread for easy access synchronization.
 332:../../Middlewares/Third_Party/LwIP/src/api/tcpip.c ****  * A function called in that way may access lwIP core code
 333:../../Middlewares/Third_Party/LwIP/src/api/tcpip.c ****  * without fearing concurrent access.
 334:../../Middlewares/Third_Party/LwIP/src/api/tcpip.c ****  * Does NOT block when the request cannot be posted because the
 335:../../Middlewares/Third_Party/LwIP/src/api/tcpip.c ****  * tcpip_mbox is full, but returns ERR_MEM instead.
 336:../../Middlewares/Third_Party/LwIP/src/api/tcpip.c ****  * Can be called from interrupt context.
 337:../../Middlewares/Third_Party/LwIP/src/api/tcpip.c ****  *
 338:../../Middlewares/Third_Party/LwIP/src/api/tcpip.c ****  * @param function the function to call
 339:../../Middlewares/Third_Party/LwIP/src/api/tcpip.c ****  * @param ctx parameter passed to f
 340:../../Middlewares/Third_Party/LwIP/src/api/tcpip.c ****  * @return ERR_OK if the function was called, another err_t if not
 341:../../Middlewares/Third_Party/LwIP/src/api/tcpip.c ****  *
 342:../../Middlewares/Third_Party/LwIP/src/api/tcpip.c ****  * @see tcpip_callback
 343:../../Middlewares/Third_Party/LwIP/src/api/tcpip.c ****  */
 344:../../Middlewares/Third_Party/LwIP/src/api/tcpip.c **** err_t
 345:../../Middlewares/Third_Party/LwIP/src/api/tcpip.c **** tcpip_try_callback(tcpip_callback_fn function, void *ctx)
 346:../../Middlewares/Third_Party/LwIP/src/api/tcpip.c **** {
 347:../../Middlewares/Third_Party/LwIP/src/api/tcpip.c ****   struct tcpip_msg *msg;
 348:../../Middlewares/Third_Party/LwIP/src/api/tcpip.c **** 
 349:../../Middlewares/Third_Party/LwIP/src/api/tcpip.c ****   LWIP_ASSERT("Invalid mbox", sys_mbox_valid_val(tcpip_mbox));
 350:../../Middlewares/Third_Party/LwIP/src/api/tcpip.c **** 
 351:../../Middlewares/Third_Party/LwIP/src/api/tcpip.c ****   msg = (struct tcpip_msg *)memp_malloc(MEMP_TCPIP_MSG_API);
 352:../../Middlewares/Third_Party/LwIP/src/api/tcpip.c ****   if (msg == NULL) {
 353:../../Middlewares/Third_Party/LwIP/src/api/tcpip.c ****     return ERR_MEM;
 354:../../Middlewares/Third_Party/LwIP/src/api/tcpip.c ****   }
 355:../../Middlewares/Third_Party/LwIP/src/api/tcpip.c **** 
 356:../../Middlewares/Third_Party/LwIP/src/api/tcpip.c ****   msg->type = TCPIP_MSG_CALLBACK;
 357:../../Middlewares/Third_Party/LwIP/src/api/tcpip.c ****   msg->msg.cb.function = function;
 358:../../Middlewares/Third_Party/LwIP/src/api/tcpip.c ****   msg->msg.cb.ctx = ctx;
 359:../../Middlewares/Third_Party/LwIP/src/api/tcpip.c **** 
 360:../../Middlewares/Third_Party/LwIP/src/api/tcpip.c ****   if (sys_mbox_trypost(&tcpip_mbox, msg) != ERR_OK) {
 361:../../Middlewares/Third_Party/LwIP/src/api/tcpip.c ****     memp_free(MEMP_TCPIP_MSG_API, msg);
 362:../../Middlewares/Third_Party/LwIP/src/api/tcpip.c ****     return ERR_MEM;
 363:../../Middlewares/Third_Party/LwIP/src/api/tcpip.c ****   }
 364:../../Middlewares/Third_Party/LwIP/src/api/tcpip.c ****   return ERR_OK;
 365:../../Middlewares/Third_Party/LwIP/src/api/tcpip.c **** }
 366:../../Middlewares/Third_Party/LwIP/src/api/tcpip.c **** 
 367:../../Middlewares/Third_Party/LwIP/src/api/tcpip.c **** #if LWIP_TCPIP_TIMEOUT && LWIP_TIMERS
ARM GAS  /var/folders/2r/mdtt8xvd351gdc398t28_m2m0000gn/T//ccW7nwnP.s 			page 15


 368:../../Middlewares/Third_Party/LwIP/src/api/tcpip.c **** /**
 369:../../Middlewares/Third_Party/LwIP/src/api/tcpip.c ****  * call sys_timeout in tcpip_thread
 370:../../Middlewares/Third_Party/LwIP/src/api/tcpip.c ****  *
 371:../../Middlewares/Third_Party/LwIP/src/api/tcpip.c ****  * @param msecs time in milliseconds for timeout
 372:../../Middlewares/Third_Party/LwIP/src/api/tcpip.c ****  * @param h function to be called on timeout
 373:../../Middlewares/Third_Party/LwIP/src/api/tcpip.c ****  * @param arg argument to pass to timeout function h
 374:../../Middlewares/Third_Party/LwIP/src/api/tcpip.c ****  * @return ERR_MEM on memory error, ERR_OK otherwise
 375:../../Middlewares/Third_Party/LwIP/src/api/tcpip.c ****  */
 376:../../Middlewares/Third_Party/LwIP/src/api/tcpip.c **** err_t
 377:../../Middlewares/Third_Party/LwIP/src/api/tcpip.c **** tcpip_timeout(u32_t msecs, sys_timeout_handler h, void *arg)
 378:../../Middlewares/Third_Party/LwIP/src/api/tcpip.c **** {
 379:../../Middlewares/Third_Party/LwIP/src/api/tcpip.c ****   struct tcpip_msg *msg;
 380:../../Middlewares/Third_Party/LwIP/src/api/tcpip.c **** 
 381:../../Middlewares/Third_Party/LwIP/src/api/tcpip.c ****   LWIP_ASSERT("Invalid mbox", sys_mbox_valid_val(tcpip_mbox));
 382:../../Middlewares/Third_Party/LwIP/src/api/tcpip.c **** 
 383:../../Middlewares/Third_Party/LwIP/src/api/tcpip.c ****   msg = (struct tcpip_msg *)memp_malloc(MEMP_TCPIP_MSG_API);
 384:../../Middlewares/Third_Party/LwIP/src/api/tcpip.c ****   if (msg == NULL) {
 385:../../Middlewares/Third_Party/LwIP/src/api/tcpip.c ****     return ERR_MEM;
 386:../../Middlewares/Third_Party/LwIP/src/api/tcpip.c ****   }
 387:../../Middlewares/Third_Party/LwIP/src/api/tcpip.c **** 
 388:../../Middlewares/Third_Party/LwIP/src/api/tcpip.c ****   msg->type = TCPIP_MSG_TIMEOUT;
 389:../../Middlewares/Third_Party/LwIP/src/api/tcpip.c ****   msg->msg.tmo.msecs = msecs;
 390:../../Middlewares/Third_Party/LwIP/src/api/tcpip.c ****   msg->msg.tmo.h = h;
 391:../../Middlewares/Third_Party/LwIP/src/api/tcpip.c ****   msg->msg.tmo.arg = arg;
 392:../../Middlewares/Third_Party/LwIP/src/api/tcpip.c ****   sys_mbox_post(&tcpip_mbox, msg);
 393:../../Middlewares/Third_Party/LwIP/src/api/tcpip.c ****   return ERR_OK;
 394:../../Middlewares/Third_Party/LwIP/src/api/tcpip.c **** }
 395:../../Middlewares/Third_Party/LwIP/src/api/tcpip.c **** 
 396:../../Middlewares/Third_Party/LwIP/src/api/tcpip.c **** /**
 397:../../Middlewares/Third_Party/LwIP/src/api/tcpip.c ****  * call sys_untimeout in tcpip_thread
 398:../../Middlewares/Third_Party/LwIP/src/api/tcpip.c ****  *
 399:../../Middlewares/Third_Party/LwIP/src/api/tcpip.c ****  * @param h function to be called on timeout
 400:../../Middlewares/Third_Party/LwIP/src/api/tcpip.c ****  * @param arg argument to pass to timeout function h
 401:../../Middlewares/Third_Party/LwIP/src/api/tcpip.c ****  * @return ERR_MEM on memory error, ERR_OK otherwise
 402:../../Middlewares/Third_Party/LwIP/src/api/tcpip.c ****  */
 403:../../Middlewares/Third_Party/LwIP/src/api/tcpip.c **** err_t
 404:../../Middlewares/Third_Party/LwIP/src/api/tcpip.c **** tcpip_untimeout(sys_timeout_handler h, void *arg)
 405:../../Middlewares/Third_Party/LwIP/src/api/tcpip.c **** {
 406:../../Middlewares/Third_Party/LwIP/src/api/tcpip.c ****   struct tcpip_msg *msg;
 407:../../Middlewares/Third_Party/LwIP/src/api/tcpip.c **** 
 408:../../Middlewares/Third_Party/LwIP/src/api/tcpip.c ****   LWIP_ASSERT("Invalid mbox", sys_mbox_valid_val(tcpip_mbox));
 409:../../Middlewares/Third_Party/LwIP/src/api/tcpip.c **** 
 410:../../Middlewares/Third_Party/LwIP/src/api/tcpip.c ****   msg = (struct tcpip_msg *)memp_malloc(MEMP_TCPIP_MSG_API);
 411:../../Middlewares/Third_Party/LwIP/src/api/tcpip.c ****   if (msg == NULL) {
 412:../../Middlewares/Third_Party/LwIP/src/api/tcpip.c ****     return ERR_MEM;
 413:../../Middlewares/Third_Party/LwIP/src/api/tcpip.c ****   }
 414:../../Middlewares/Third_Party/LwIP/src/api/tcpip.c **** 
 415:../../Middlewares/Third_Party/LwIP/src/api/tcpip.c ****   msg->type = TCPIP_MSG_UNTIMEOUT;
 416:../../Middlewares/Third_Party/LwIP/src/api/tcpip.c ****   msg->msg.tmo.h = h;
 417:../../Middlewares/Third_Party/LwIP/src/api/tcpip.c ****   msg->msg.tmo.arg = arg;
 418:../../Middlewares/Third_Party/LwIP/src/api/tcpip.c ****   sys_mbox_post(&tcpip_mbox, msg);
 419:../../Middlewares/Third_Party/LwIP/src/api/tcpip.c ****   return ERR_OK;
 420:../../Middlewares/Third_Party/LwIP/src/api/tcpip.c **** }
 421:../../Middlewares/Third_Party/LwIP/src/api/tcpip.c **** #endif /* LWIP_TCPIP_TIMEOUT && LWIP_TIMERS */
 422:../../Middlewares/Third_Party/LwIP/src/api/tcpip.c **** 
 423:../../Middlewares/Third_Party/LwIP/src/api/tcpip.c **** 
 424:../../Middlewares/Third_Party/LwIP/src/api/tcpip.c **** /**
ARM GAS  /var/folders/2r/mdtt8xvd351gdc398t28_m2m0000gn/T//ccW7nwnP.s 			page 16


 425:../../Middlewares/Third_Party/LwIP/src/api/tcpip.c ****  * Sends a message to TCPIP thread to call a function. Caller thread blocks on
 426:../../Middlewares/Third_Party/LwIP/src/api/tcpip.c ****  * on a provided semaphore, which ist NOT automatically signalled by TCPIP thread,
 427:../../Middlewares/Third_Party/LwIP/src/api/tcpip.c ****  * this has to be done by the user.
 428:../../Middlewares/Third_Party/LwIP/src/api/tcpip.c ****  * It is recommended to use LWIP_TCPIP_CORE_LOCKING since this is the way
 429:../../Middlewares/Third_Party/LwIP/src/api/tcpip.c ****  * with least runtime overhead.
 430:../../Middlewares/Third_Party/LwIP/src/api/tcpip.c ****  *
 431:../../Middlewares/Third_Party/LwIP/src/api/tcpip.c ****  * @param fn function to be called from TCPIP thread
 432:../../Middlewares/Third_Party/LwIP/src/api/tcpip.c ****  * @param apimsg argument to API function
 433:../../Middlewares/Third_Party/LwIP/src/api/tcpip.c ****  * @param sem semaphore to wait on
 434:../../Middlewares/Third_Party/LwIP/src/api/tcpip.c ****  * @return ERR_OK if the function was called, another err_t if not
 435:../../Middlewares/Third_Party/LwIP/src/api/tcpip.c ****  */
 436:../../Middlewares/Third_Party/LwIP/src/api/tcpip.c **** err_t
 437:../../Middlewares/Third_Party/LwIP/src/api/tcpip.c **** tcpip_send_msg_wait_sem(tcpip_callback_fn fn, void *apimsg, sys_sem_t *sem)
 438:../../Middlewares/Third_Party/LwIP/src/api/tcpip.c **** {
 439:../../Middlewares/Third_Party/LwIP/src/api/tcpip.c **** #if LWIP_TCPIP_CORE_LOCKING
 440:../../Middlewares/Third_Party/LwIP/src/api/tcpip.c ****   LWIP_UNUSED_ARG(sem);
 441:../../Middlewares/Third_Party/LwIP/src/api/tcpip.c ****   LOCK_TCPIP_CORE();
 442:../../Middlewares/Third_Party/LwIP/src/api/tcpip.c ****   fn(apimsg);
 443:../../Middlewares/Third_Party/LwIP/src/api/tcpip.c ****   UNLOCK_TCPIP_CORE();
 444:../../Middlewares/Third_Party/LwIP/src/api/tcpip.c ****   return ERR_OK;
 445:../../Middlewares/Third_Party/LwIP/src/api/tcpip.c **** #else /* LWIP_TCPIP_CORE_LOCKING */
 446:../../Middlewares/Third_Party/LwIP/src/api/tcpip.c ****   TCPIP_MSG_VAR_DECLARE(msg);
 447:../../Middlewares/Third_Party/LwIP/src/api/tcpip.c **** 
 448:../../Middlewares/Third_Party/LwIP/src/api/tcpip.c ****   LWIP_ASSERT("semaphore not initialized", sys_sem_valid(sem));
 449:../../Middlewares/Third_Party/LwIP/src/api/tcpip.c ****   LWIP_ASSERT("Invalid mbox", sys_mbox_valid_val(tcpip_mbox));
 450:../../Middlewares/Third_Party/LwIP/src/api/tcpip.c **** 
 451:../../Middlewares/Third_Party/LwIP/src/api/tcpip.c ****   TCPIP_MSG_VAR_ALLOC(msg);
 452:../../Middlewares/Third_Party/LwIP/src/api/tcpip.c ****   TCPIP_MSG_VAR_REF(msg).type = TCPIP_MSG_API;
 453:../../Middlewares/Third_Party/LwIP/src/api/tcpip.c ****   TCPIP_MSG_VAR_REF(msg).msg.api_msg.function = fn;
 454:../../Middlewares/Third_Party/LwIP/src/api/tcpip.c ****   TCPIP_MSG_VAR_REF(msg).msg.api_msg.msg = apimsg;
 455:../../Middlewares/Third_Party/LwIP/src/api/tcpip.c ****   sys_mbox_post(&tcpip_mbox, &TCPIP_MSG_VAR_REF(msg));
 456:../../Middlewares/Third_Party/LwIP/src/api/tcpip.c ****   sys_arch_sem_wait(sem, 0);
 457:../../Middlewares/Third_Party/LwIP/src/api/tcpip.c ****   TCPIP_MSG_VAR_FREE(msg);
 458:../../Middlewares/Third_Party/LwIP/src/api/tcpip.c ****   return ERR_OK;
 459:../../Middlewares/Third_Party/LwIP/src/api/tcpip.c **** #endif /* LWIP_TCPIP_CORE_LOCKING */
 460:../../Middlewares/Third_Party/LwIP/src/api/tcpip.c **** }
 461:../../Middlewares/Third_Party/LwIP/src/api/tcpip.c **** 
 462:../../Middlewares/Third_Party/LwIP/src/api/tcpip.c **** /**
 463:../../Middlewares/Third_Party/LwIP/src/api/tcpip.c ****  * Synchronously calls function in TCPIP thread and waits for its completion.
 464:../../Middlewares/Third_Party/LwIP/src/api/tcpip.c ****  * It is recommended to use LWIP_TCPIP_CORE_LOCKING (preferred) or
 465:../../Middlewares/Third_Party/LwIP/src/api/tcpip.c ****  * LWIP_NETCONN_SEM_PER_THREAD.
 466:../../Middlewares/Third_Party/LwIP/src/api/tcpip.c ****  * If not, a semaphore is created and destroyed on every call which is usually
 467:../../Middlewares/Third_Party/LwIP/src/api/tcpip.c ****  * an expensive/slow operation.
 468:../../Middlewares/Third_Party/LwIP/src/api/tcpip.c ****  * @param fn Function to call
 469:../../Middlewares/Third_Party/LwIP/src/api/tcpip.c ****  * @param call Call parameters
 470:../../Middlewares/Third_Party/LwIP/src/api/tcpip.c ****  * @return Return value from tcpip_api_call_fn
 471:../../Middlewares/Third_Party/LwIP/src/api/tcpip.c ****  */
 472:../../Middlewares/Third_Party/LwIP/src/api/tcpip.c **** err_t
 473:../../Middlewares/Third_Party/LwIP/src/api/tcpip.c **** tcpip_api_call(tcpip_api_call_fn fn, struct tcpip_api_call_data *call)
 474:../../Middlewares/Third_Party/LwIP/src/api/tcpip.c **** {
 475:../../Middlewares/Third_Party/LwIP/src/api/tcpip.c **** #if LWIP_TCPIP_CORE_LOCKING
 476:../../Middlewares/Third_Party/LwIP/src/api/tcpip.c ****   err_t err;
 477:../../Middlewares/Third_Party/LwIP/src/api/tcpip.c ****   LOCK_TCPIP_CORE();
 478:../../Middlewares/Third_Party/LwIP/src/api/tcpip.c ****   err = fn(call);
 479:../../Middlewares/Third_Party/LwIP/src/api/tcpip.c ****   UNLOCK_TCPIP_CORE();
 480:../../Middlewares/Third_Party/LwIP/src/api/tcpip.c ****   return err;
 481:../../Middlewares/Third_Party/LwIP/src/api/tcpip.c **** #else /* LWIP_TCPIP_CORE_LOCKING */
ARM GAS  /var/folders/2r/mdtt8xvd351gdc398t28_m2m0000gn/T//ccW7nwnP.s 			page 17


 482:../../Middlewares/Third_Party/LwIP/src/api/tcpip.c ****   TCPIP_MSG_VAR_DECLARE(msg);
 483:../../Middlewares/Third_Party/LwIP/src/api/tcpip.c **** 
 484:../../Middlewares/Third_Party/LwIP/src/api/tcpip.c **** #if !LWIP_NETCONN_SEM_PER_THREAD
 485:../../Middlewares/Third_Party/LwIP/src/api/tcpip.c ****   err_t err = sys_sem_new(&call->sem, 0);
 486:../../Middlewares/Third_Party/LwIP/src/api/tcpip.c ****   if (err != ERR_OK) {
 487:../../Middlewares/Third_Party/LwIP/src/api/tcpip.c ****     return err;
 488:../../Middlewares/Third_Party/LwIP/src/api/tcpip.c ****   }
 489:../../Middlewares/Third_Party/LwIP/src/api/tcpip.c **** #endif /* LWIP_NETCONN_SEM_PER_THREAD */
 490:../../Middlewares/Third_Party/LwIP/src/api/tcpip.c **** 
 491:../../Middlewares/Third_Party/LwIP/src/api/tcpip.c ****   LWIP_ASSERT("Invalid mbox", sys_mbox_valid_val(tcpip_mbox));
 492:../../Middlewares/Third_Party/LwIP/src/api/tcpip.c **** 
 493:../../Middlewares/Third_Party/LwIP/src/api/tcpip.c ****   TCPIP_MSG_VAR_ALLOC(msg);
 494:../../Middlewares/Third_Party/LwIP/src/api/tcpip.c ****   TCPIP_MSG_VAR_REF(msg).type = TCPIP_MSG_API_CALL;
 495:../../Middlewares/Third_Party/LwIP/src/api/tcpip.c ****   TCPIP_MSG_VAR_REF(msg).msg.api_call.arg = call;
 496:../../Middlewares/Third_Party/LwIP/src/api/tcpip.c ****   TCPIP_MSG_VAR_REF(msg).msg.api_call.function = fn;
 497:../../Middlewares/Third_Party/LwIP/src/api/tcpip.c **** #if LWIP_NETCONN_SEM_PER_THREAD
 498:../../Middlewares/Third_Party/LwIP/src/api/tcpip.c ****   TCPIP_MSG_VAR_REF(msg).msg.api_call.sem = LWIP_NETCONN_THREAD_SEM_GET();
 499:../../Middlewares/Third_Party/LwIP/src/api/tcpip.c **** #else /* LWIP_NETCONN_SEM_PER_THREAD */
 500:../../Middlewares/Third_Party/LwIP/src/api/tcpip.c ****   TCPIP_MSG_VAR_REF(msg).msg.api_call.sem = &call->sem;
 501:../../Middlewares/Third_Party/LwIP/src/api/tcpip.c **** #endif /* LWIP_NETCONN_SEM_PER_THREAD */
 502:../../Middlewares/Third_Party/LwIP/src/api/tcpip.c ****   sys_mbox_post(&tcpip_mbox, &TCPIP_MSG_VAR_REF(msg));
 503:../../Middlewares/Third_Party/LwIP/src/api/tcpip.c ****   sys_arch_sem_wait(TCPIP_MSG_VAR_REF(msg).msg.api_call.sem, 0);
 504:../../Middlewares/Third_Party/LwIP/src/api/tcpip.c ****   TCPIP_MSG_VAR_FREE(msg);
 505:../../Middlewares/Third_Party/LwIP/src/api/tcpip.c **** 
 506:../../Middlewares/Third_Party/LwIP/src/api/tcpip.c **** #if !LWIP_NETCONN_SEM_PER_THREAD
 507:../../Middlewares/Third_Party/LwIP/src/api/tcpip.c ****   sys_sem_free(&call->sem);
 508:../../Middlewares/Third_Party/LwIP/src/api/tcpip.c **** #endif /* LWIP_NETCONN_SEM_PER_THREAD */
 509:../../Middlewares/Third_Party/LwIP/src/api/tcpip.c **** 
 510:../../Middlewares/Third_Party/LwIP/src/api/tcpip.c ****   return call->err;
 511:../../Middlewares/Third_Party/LwIP/src/api/tcpip.c **** #endif /* LWIP_TCPIP_CORE_LOCKING */
 512:../../Middlewares/Third_Party/LwIP/src/api/tcpip.c **** }
 513:../../Middlewares/Third_Party/LwIP/src/api/tcpip.c **** 
 514:../../Middlewares/Third_Party/LwIP/src/api/tcpip.c **** /**
 515:../../Middlewares/Third_Party/LwIP/src/api/tcpip.c ****  * @ingroup lwip_os
 516:../../Middlewares/Third_Party/LwIP/src/api/tcpip.c ****  * Allocate a structure for a static callback message and initialize it.
 517:../../Middlewares/Third_Party/LwIP/src/api/tcpip.c ****  * The message has a special type such that lwIP never frees it.
 518:../../Middlewares/Third_Party/LwIP/src/api/tcpip.c ****  * This is intended to be used to send "static" messages from interrupt context,
 519:../../Middlewares/Third_Party/LwIP/src/api/tcpip.c ****  * e.g. the message is allocated once and posted several times from an IRQ
 520:../../Middlewares/Third_Party/LwIP/src/api/tcpip.c ****  * using tcpip_callbackmsg_trycallback().
 521:../../Middlewares/Third_Party/LwIP/src/api/tcpip.c ****  * Example usage: Trigger execution of an ethernet IRQ DPC routine in lwIP thread context.
 522:../../Middlewares/Third_Party/LwIP/src/api/tcpip.c ****  * 
 523:../../Middlewares/Third_Party/LwIP/src/api/tcpip.c ****  * @param function the function to call
 524:../../Middlewares/Third_Party/LwIP/src/api/tcpip.c ****  * @param ctx parameter passed to function
 525:../../Middlewares/Third_Party/LwIP/src/api/tcpip.c ****  * @return a struct pointer to pass to tcpip_callbackmsg_trycallback().
 526:../../Middlewares/Third_Party/LwIP/src/api/tcpip.c ****  *
 527:../../Middlewares/Third_Party/LwIP/src/api/tcpip.c ****  * @see tcpip_callbackmsg_trycallback()
 528:../../Middlewares/Third_Party/LwIP/src/api/tcpip.c ****  * @see tcpip_callbackmsg_delete()
 529:../../Middlewares/Third_Party/LwIP/src/api/tcpip.c ****  */
 530:../../Middlewares/Third_Party/LwIP/src/api/tcpip.c **** struct tcpip_callback_msg *
 531:../../Middlewares/Third_Party/LwIP/src/api/tcpip.c **** tcpip_callbackmsg_new(tcpip_callback_fn function, void *ctx)
 532:../../Middlewares/Third_Party/LwIP/src/api/tcpip.c **** {
 533:../../Middlewares/Third_Party/LwIP/src/api/tcpip.c ****   struct tcpip_msg *msg = (struct tcpip_msg *)memp_malloc(MEMP_TCPIP_MSG_API);
 534:../../Middlewares/Third_Party/LwIP/src/api/tcpip.c ****   if (msg == NULL) {
 535:../../Middlewares/Third_Party/LwIP/src/api/tcpip.c ****     return NULL;
 536:../../Middlewares/Third_Party/LwIP/src/api/tcpip.c ****   }
 537:../../Middlewares/Third_Party/LwIP/src/api/tcpip.c ****   msg->type = TCPIP_MSG_CALLBACK_STATIC;
 538:../../Middlewares/Third_Party/LwIP/src/api/tcpip.c ****   msg->msg.cb.function = function;
ARM GAS  /var/folders/2r/mdtt8xvd351gdc398t28_m2m0000gn/T//ccW7nwnP.s 			page 18


 539:../../Middlewares/Third_Party/LwIP/src/api/tcpip.c ****   msg->msg.cb.ctx = ctx;
 540:../../Middlewares/Third_Party/LwIP/src/api/tcpip.c ****   return (struct tcpip_callback_msg *)msg;
 541:../../Middlewares/Third_Party/LwIP/src/api/tcpip.c **** }
 542:../../Middlewares/Third_Party/LwIP/src/api/tcpip.c **** 
 543:../../Middlewares/Third_Party/LwIP/src/api/tcpip.c **** /**
 544:../../Middlewares/Third_Party/LwIP/src/api/tcpip.c ****  * @ingroup lwip_os
 545:../../Middlewares/Third_Party/LwIP/src/api/tcpip.c ****  * Free a callback message allocated by tcpip_callbackmsg_new().
 546:../../Middlewares/Third_Party/LwIP/src/api/tcpip.c ****  *
 547:../../Middlewares/Third_Party/LwIP/src/api/tcpip.c ****  * @param msg the message to free
 548:../../Middlewares/Third_Party/LwIP/src/api/tcpip.c ****  *
 549:../../Middlewares/Third_Party/LwIP/src/api/tcpip.c ****  * @see tcpip_callbackmsg_new()
 550:../../Middlewares/Third_Party/LwIP/src/api/tcpip.c ****  */
 551:../../Middlewares/Third_Party/LwIP/src/api/tcpip.c **** void
 552:../../Middlewares/Third_Party/LwIP/src/api/tcpip.c **** tcpip_callbackmsg_delete(struct tcpip_callback_msg *msg)
 553:../../Middlewares/Third_Party/LwIP/src/api/tcpip.c **** {
 554:../../Middlewares/Third_Party/LwIP/src/api/tcpip.c ****   memp_free(MEMP_TCPIP_MSG_API, msg);
 555:../../Middlewares/Third_Party/LwIP/src/api/tcpip.c **** }
 556:../../Middlewares/Third_Party/LwIP/src/api/tcpip.c **** 
 557:../../Middlewares/Third_Party/LwIP/src/api/tcpip.c **** /**
 558:../../Middlewares/Third_Party/LwIP/src/api/tcpip.c ****  * @ingroup lwip_os
 559:../../Middlewares/Third_Party/LwIP/src/api/tcpip.c ****  * Try to post a callback-message to the tcpip_thread tcpip_mbox.
 560:../../Middlewares/Third_Party/LwIP/src/api/tcpip.c ****  *
 561:../../Middlewares/Third_Party/LwIP/src/api/tcpip.c ****  * @param msg pointer to the message to post
 562:../../Middlewares/Third_Party/LwIP/src/api/tcpip.c ****  * @return sys_mbox_trypost() return code
 563:../../Middlewares/Third_Party/LwIP/src/api/tcpip.c ****  *
 564:../../Middlewares/Third_Party/LwIP/src/api/tcpip.c ****  * @see tcpip_callbackmsg_new()
 565:../../Middlewares/Third_Party/LwIP/src/api/tcpip.c ****  */
 566:../../Middlewares/Third_Party/LwIP/src/api/tcpip.c **** err_t
 567:../../Middlewares/Third_Party/LwIP/src/api/tcpip.c **** tcpip_callbackmsg_trycallback(struct tcpip_callback_msg *msg)
 568:../../Middlewares/Third_Party/LwIP/src/api/tcpip.c **** {
 569:../../Middlewares/Third_Party/LwIP/src/api/tcpip.c ****   LWIP_ASSERT("Invalid mbox", sys_mbox_valid_val(tcpip_mbox));
 570:../../Middlewares/Third_Party/LwIP/src/api/tcpip.c ****   return sys_mbox_trypost(&tcpip_mbox, msg);
 571:../../Middlewares/Third_Party/LwIP/src/api/tcpip.c **** }
 572:../../Middlewares/Third_Party/LwIP/src/api/tcpip.c **** 
 573:../../Middlewares/Third_Party/LwIP/src/api/tcpip.c **** /**
 574:../../Middlewares/Third_Party/LwIP/src/api/tcpip.c ****  * @ingroup lwip_os
 575:../../Middlewares/Third_Party/LwIP/src/api/tcpip.c ****  * Try to post a callback-message to the tcpip_thread mbox.
 576:../../Middlewares/Third_Party/LwIP/src/api/tcpip.c ****  * Same as @ref tcpip_callbackmsg_trycallback but calls sys_mbox_trypost_fromisr(),
 577:../../Middlewares/Third_Party/LwIP/src/api/tcpip.c ****  * mainly to help FreeRTOS, where calls differ between task level and ISR level.
 578:../../Middlewares/Third_Party/LwIP/src/api/tcpip.c ****  *
 579:../../Middlewares/Third_Party/LwIP/src/api/tcpip.c ****  * @param msg pointer to the message to post
 580:../../Middlewares/Third_Party/LwIP/src/api/tcpip.c ****  * @return sys_mbox_trypost_fromisr() return code (without change, so this
 581:../../Middlewares/Third_Party/LwIP/src/api/tcpip.c ****  *         knowledge can be used to e.g. propagate "bool needs_scheduling")
 582:../../Middlewares/Third_Party/LwIP/src/api/tcpip.c ****  *
 583:../../Middlewares/Third_Party/LwIP/src/api/tcpip.c ****  * @see tcpip_callbackmsg_new()
 584:../../Middlewares/Third_Party/LwIP/src/api/tcpip.c ****  */
 585:../../Middlewares/Third_Party/LwIP/src/api/tcpip.c **** err_t
 586:../../Middlewares/Third_Party/LwIP/src/api/tcpip.c **** tcpip_callbackmsg_trycallback_fromisr(struct tcpip_callback_msg *msg)
 587:../../Middlewares/Third_Party/LwIP/src/api/tcpip.c **** {
 588:../../Middlewares/Third_Party/LwIP/src/api/tcpip.c ****   LWIP_ASSERT("Invalid mbox", sys_mbox_valid_val(tcpip_mbox));
 589:../../Middlewares/Third_Party/LwIP/src/api/tcpip.c ****   return sys_mbox_trypost_fromisr(&tcpip_mbox, msg);
 590:../../Middlewares/Third_Party/LwIP/src/api/tcpip.c **** }
 591:../../Middlewares/Third_Party/LwIP/src/api/tcpip.c **** 
 592:../../Middlewares/Third_Party/LwIP/src/api/tcpip.c **** /**
 593:../../Middlewares/Third_Party/LwIP/src/api/tcpip.c ****  * @ingroup lwip_os
 594:../../Middlewares/Third_Party/LwIP/src/api/tcpip.c ****  * Initialize this module:
 595:../../Middlewares/Third_Party/LwIP/src/api/tcpip.c ****  * - initialize all sub modules
ARM GAS  /var/folders/2r/mdtt8xvd351gdc398t28_m2m0000gn/T//ccW7nwnP.s 			page 19


 596:../../Middlewares/Third_Party/LwIP/src/api/tcpip.c ****  * - start the tcpip_thread
 597:../../Middlewares/Third_Party/LwIP/src/api/tcpip.c ****  *
 598:../../Middlewares/Third_Party/LwIP/src/api/tcpip.c ****  * @param initfunc a function to call when tcpip_thread is running and finished initializing
 599:../../Middlewares/Third_Party/LwIP/src/api/tcpip.c ****  * @param arg argument to pass to initfunc
 600:../../Middlewares/Third_Party/LwIP/src/api/tcpip.c ****  */
 601:../../Middlewares/Third_Party/LwIP/src/api/tcpip.c **** void
 602:../../Middlewares/Third_Party/LwIP/src/api/tcpip.c **** tcpip_init(tcpip_init_done_fn initfunc, void *arg)
 603:../../Middlewares/Third_Party/LwIP/src/api/tcpip.c **** {
 604:../../Middlewares/Third_Party/LwIP/src/api/tcpip.c ****   lwip_init();
 605:../../Middlewares/Third_Party/LwIP/src/api/tcpip.c **** 
 606:../../Middlewares/Third_Party/LwIP/src/api/tcpip.c ****   tcpip_init_done = initfunc;
 607:../../Middlewares/Third_Party/LwIP/src/api/tcpip.c ****   tcpip_init_done_arg = arg;
 608:../../Middlewares/Third_Party/LwIP/src/api/tcpip.c ****   if (sys_mbox_new(&tcpip_mbox, TCPIP_MBOX_SIZE) != ERR_OK) {
 609:../../Middlewares/Third_Party/LwIP/src/api/tcpip.c ****     LWIP_ASSERT("failed to create tcpip_thread mbox", 0);
 610:../../Middlewares/Third_Party/LwIP/src/api/tcpip.c ****   }
 611:../../Middlewares/Third_Party/LwIP/src/api/tcpip.c **** #if LWIP_TCPIP_CORE_LOCKING
 612:../../Middlewares/Third_Party/LwIP/src/api/tcpip.c ****   if (sys_mutex_new(&lock_tcpip_core) != ERR_OK) {
 613:../../Middlewares/Third_Party/LwIP/src/api/tcpip.c ****     LWIP_ASSERT("failed to create lock_tcpip_core", 0);
 614:../../Middlewares/Third_Party/LwIP/src/api/tcpip.c ****   }
 615:../../Middlewares/Third_Party/LwIP/src/api/tcpip.c **** #endif /* LWIP_TCPIP_CORE_LOCKING */
 616:../../Middlewares/Third_Party/LwIP/src/api/tcpip.c **** 
 617:../../Middlewares/Third_Party/LwIP/src/api/tcpip.c ****   sys_thread_new(TCPIP_THREAD_NAME, tcpip_thread, NULL, TCPIP_THREAD_STACKSIZE, TCPIP_THREAD_PRIO);
 618:../../Middlewares/Third_Party/LwIP/src/api/tcpip.c **** }
 619:../../Middlewares/Third_Party/LwIP/src/api/tcpip.c **** 
 620:../../Middlewares/Third_Party/LwIP/src/api/tcpip.c **** /**
 621:../../Middlewares/Third_Party/LwIP/src/api/tcpip.c ****  * Simple callback function used with tcpip_callback to free a pbuf
 622:../../Middlewares/Third_Party/LwIP/src/api/tcpip.c ****  * (pbuf_free has a wrong signature for tcpip_callback)
 623:../../Middlewares/Third_Party/LwIP/src/api/tcpip.c ****  *
 624:../../Middlewares/Third_Party/LwIP/src/api/tcpip.c ****  * @param p The pbuf (chain) to be dereferenced.
 625:../../Middlewares/Third_Party/LwIP/src/api/tcpip.c ****  */
 626:../../Middlewares/Third_Party/LwIP/src/api/tcpip.c **** static void
 627:../../Middlewares/Third_Party/LwIP/src/api/tcpip.c **** pbuf_free_int(void *p)
 628:../../Middlewares/Third_Party/LwIP/src/api/tcpip.c **** {
 358              		.loc 1 628 1 view -0
 359              		.cfi_startproc
 360              		@ args = 0, pretend = 0, frame = 0
 361              		@ frame_needed = 0, uses_anonymous_args = 0
 362              		.loc 1 628 1 is_stmt 0 view .LVU93
 363 0000 08B5     		push	{r3, lr}
 364              	.LCFI4:
 365              		.cfi_def_cfa_offset 8
 366              		.cfi_offset 3, -8
 367              		.cfi_offset 14, -4
 629:../../Middlewares/Third_Party/LwIP/src/api/tcpip.c ****   struct pbuf *q = (struct pbuf *)p;
 368              		.loc 1 629 3 is_stmt 1 view .LVU94
 369              	.LVL41:
 630:../../Middlewares/Third_Party/LwIP/src/api/tcpip.c ****   pbuf_free(q);
 370              		.loc 1 630 3 view .LVU95
 371 0002 FFF7FEFF 		bl	pbuf_free
 372              	.LVL42:
 631:../../Middlewares/Third_Party/LwIP/src/api/tcpip.c **** }
 373              		.loc 1 631 1 is_stmt 0 view .LVU96
 374 0006 08BD     		pop	{r3, pc}
 375              		.cfi_endproc
 376              	.LFE188:
 378              		.section	.rodata.tcpip_inpkt.str1.4,"aMS",%progbits,1
 379              		.align	2
ARM GAS  /var/folders/2r/mdtt8xvd351gdc398t28_m2m0000gn/T//ccW7nwnP.s 			page 20


 380              	.LC3:
 381 0000 496E7661 		.ascii	"Invalid mbox\000"
 381      6C696420 
 381      6D626F78 
 381      00
 382              		.section	.text.tcpip_inpkt,"ax",%progbits
 383              		.align	1
 384              		.global	tcpip_inpkt
 385              		.syntax unified
 386              		.thumb
 387              		.thumb_func
 389              	tcpip_inpkt:
 390              	.LVL43:
 391              	.LFB177:
 241:../../Middlewares/Third_Party/LwIP/src/api/tcpip.c **** #if LWIP_TCPIP_CORE_LOCKING_INPUT
 392              		.loc 1 241 1 is_stmt 1 view -0
 393              		.cfi_startproc
 394              		@ args = 0, pretend = 0, frame = 0
 395              		@ frame_needed = 0, uses_anonymous_args = 0
 241:../../Middlewares/Third_Party/LwIP/src/api/tcpip.c **** #if LWIP_TCPIP_CORE_LOCKING_INPUT
 396              		.loc 1 241 1 is_stmt 0 view .LVU98
 397 0000 F8B5     		push	{r3, r4, r5, r6, r7, lr}
 398              	.LCFI5:
 399              		.cfi_def_cfa_offset 24
 400              		.cfi_offset 3, -24
 401              		.cfi_offset 4, -20
 402              		.cfi_offset 5, -16
 403              		.cfi_offset 6, -12
 404              		.cfi_offset 7, -8
 405              		.cfi_offset 14, -4
 406 0002 0746     		mov	r7, r0
 407 0004 0E46     		mov	r6, r1
 408 0006 1546     		mov	r5, r2
 250:../../Middlewares/Third_Party/LwIP/src/api/tcpip.c **** 
 409              		.loc 1 250 3 is_stmt 1 view .LVU99
 252:../../Middlewares/Third_Party/LwIP/src/api/tcpip.c **** 
 410              		.loc 1 252 3 view .LVU100
 252:../../Middlewares/Third_Party/LwIP/src/api/tcpip.c **** 
 411              		.loc 1 252 3 view .LVU101
 412 0008 1248     		ldr	r0, .L40
 413              	.LVL44:
 252:../../Middlewares/Third_Party/LwIP/src/api/tcpip.c **** 
 414              		.loc 1 252 3 is_stmt 0 view .LVU102
 415 000a FFF7FEFF 		bl	sys_mbox_valid
 416              	.LVL45:
 252:../../Middlewares/Third_Party/LwIP/src/api/tcpip.c **** 
 417              		.loc 1 252 3 discriminator 1 view .LVU103
 418 000e 78B1     		cbz	r0, .L38
 419              	.L34:
 252:../../Middlewares/Third_Party/LwIP/src/api/tcpip.c **** 
 420              		.loc 1 252 3 is_stmt 1 view .LVU104
 252:../../Middlewares/Third_Party/LwIP/src/api/tcpip.c **** 
 421              		.loc 1 252 3 view .LVU105
 254:../../Middlewares/Third_Party/LwIP/src/api/tcpip.c ****   if (msg == NULL) {
 422              		.loc 1 254 3 view .LVU106
 254:../../Middlewares/Third_Party/LwIP/src/api/tcpip.c ****   if (msg == NULL) {
 423              		.loc 1 254 29 is_stmt 0 view .LVU107
ARM GAS  /var/folders/2r/mdtt8xvd351gdc398t28_m2m0000gn/T//ccW7nwnP.s 			page 21


 424 0010 0620     		movs	r0, #6
 425 0012 FFF7FEFF 		bl	memp_malloc
 426              	.LVL46:
 255:../../Middlewares/Third_Party/LwIP/src/api/tcpip.c ****     return ERR_MEM;
 427              		.loc 1 255 3 is_stmt 1 view .LVU108
 255:../../Middlewares/Third_Party/LwIP/src/api/tcpip.c ****     return ERR_MEM;
 428              		.loc 1 255 6 is_stmt 0 view .LVU109
 429 0016 0446     		mov	r4, r0
 430 0018 C0B1     		cbz	r0, .L36
 259:../../Middlewares/Third_Party/LwIP/src/api/tcpip.c ****   msg->msg.inp.p = p;
 431              		.loc 1 259 3 is_stmt 1 view .LVU110
 259:../../Middlewares/Third_Party/LwIP/src/api/tcpip.c ****   msg->msg.inp.p = p;
 432              		.loc 1 259 13 is_stmt 0 view .LVU111
 433 001a 0023     		movs	r3, #0
 434 001c 0370     		strb	r3, [r0]
 260:../../Middlewares/Third_Party/LwIP/src/api/tcpip.c ****   msg->msg.inp.netif = inp;
 435              		.loc 1 260 3 is_stmt 1 view .LVU112
 260:../../Middlewares/Third_Party/LwIP/src/api/tcpip.c ****   msg->msg.inp.netif = inp;
 436              		.loc 1 260 18 is_stmt 0 view .LVU113
 437 001e 4760     		str	r7, [r0, #4]
 261:../../Middlewares/Third_Party/LwIP/src/api/tcpip.c ****   msg->msg.inp.input_fn = input_fn;
 438              		.loc 1 261 3 is_stmt 1 view .LVU114
 261:../../Middlewares/Third_Party/LwIP/src/api/tcpip.c ****   msg->msg.inp.input_fn = input_fn;
 439              		.loc 1 261 22 is_stmt 0 view .LVU115
 440 0020 8660     		str	r6, [r0, #8]
 262:../../Middlewares/Third_Party/LwIP/src/api/tcpip.c ****   if (sys_mbox_trypost(&tcpip_mbox, msg) != ERR_OK) {
 441              		.loc 1 262 3 is_stmt 1 view .LVU116
 262:../../Middlewares/Third_Party/LwIP/src/api/tcpip.c ****   if (sys_mbox_trypost(&tcpip_mbox, msg) != ERR_OK) {
 442              		.loc 1 262 25 is_stmt 0 view .LVU117
 443 0022 C560     		str	r5, [r0, #12]
 263:../../Middlewares/Third_Party/LwIP/src/api/tcpip.c ****     memp_free(MEMP_TCPIP_MSG_INPKT, msg);
 444              		.loc 1 263 3 is_stmt 1 view .LVU118
 263:../../Middlewares/Third_Party/LwIP/src/api/tcpip.c ****     memp_free(MEMP_TCPIP_MSG_INPKT, msg);
 445              		.loc 1 263 7 is_stmt 0 view .LVU119
 446 0024 0146     		mov	r1, r0
 447 0026 0B48     		ldr	r0, .L40
 448              	.LVL47:
 263:../../Middlewares/Third_Party/LwIP/src/api/tcpip.c ****     memp_free(MEMP_TCPIP_MSG_INPKT, msg);
 449              		.loc 1 263 7 view .LVU120
 450 0028 FFF7FEFF 		bl	sys_mbox_trypost
 451              	.LVL48:
 263:../../Middlewares/Third_Party/LwIP/src/api/tcpip.c ****     memp_free(MEMP_TCPIP_MSG_INPKT, msg);
 452              		.loc 1 263 6 discriminator 1 view .LVU121
 453 002c 38B9     		cbnz	r0, .L39
 454              	.L35:
 269:../../Middlewares/Third_Party/LwIP/src/api/tcpip.c **** 
 455              		.loc 1 269 1 view .LVU122
 456 002e F8BD     		pop	{r3, r4, r5, r6, r7, pc}
 457              	.LVL49:
 458              	.L38:
 252:../../Middlewares/Third_Party/LwIP/src/api/tcpip.c **** 
 459              		.loc 1 252 3 is_stmt 1 discriminator 1 view .LVU123
 252:../../Middlewares/Third_Party/LwIP/src/api/tcpip.c **** 
 460              		.loc 1 252 3 discriminator 1 view .LVU124
 461 0030 094B     		ldr	r3, .L40+4
 462 0032 FC22     		movs	r2, #252
 463 0034 0949     		ldr	r1, .L40+8
ARM GAS  /var/folders/2r/mdtt8xvd351gdc398t28_m2m0000gn/T//ccW7nwnP.s 			page 22


 464 0036 0A48     		ldr	r0, .L40+12
 465 0038 FFF7FEFF 		bl	printf
 466              	.LVL50:
 467 003c E8E7     		b	.L34
 468              	.LVL51:
 469              	.L39:
 264:../../Middlewares/Third_Party/LwIP/src/api/tcpip.c ****     return ERR_MEM;
 470              		.loc 1 264 5 view .LVU125
 471 003e 2146     		mov	r1, r4
 472 0040 0620     		movs	r0, #6
 473 0042 FFF7FEFF 		bl	memp_free
 474              	.LVL52:
 265:../../Middlewares/Third_Party/LwIP/src/api/tcpip.c ****   }
 475              		.loc 1 265 5 view .LVU126
 265:../../Middlewares/Third_Party/LwIP/src/api/tcpip.c ****   }
 476              		.loc 1 265 12 is_stmt 0 view .LVU127
 477 0046 4FF0FF30 		mov	r0, #-1
 478 004a F0E7     		b	.L35
 479              	.LVL53:
 480              	.L36:
 256:../../Middlewares/Third_Party/LwIP/src/api/tcpip.c ****   }
 481              		.loc 1 256 12 view .LVU128
 482 004c 4FF0FF30 		mov	r0, #-1
 483              	.LVL54:
 256:../../Middlewares/Third_Party/LwIP/src/api/tcpip.c ****   }
 484              		.loc 1 256 12 view .LVU129
 485 0050 EDE7     		b	.L35
 486              	.L41:
 487 0052 00BF     		.align	2
 488              	.L40:
 489 0054 00000000 		.word	tcpip_mbox
 490 0058 00000000 		.word	.LC0
 491 005c 00000000 		.word	.LC3
 492 0060 54000000 		.word	.LC2
 493              		.cfi_endproc
 494              	.LFE177:
 496              		.section	.text.tcpip_input,"ax",%progbits
 497              		.align	1
 498              		.global	tcpip_input
 499              		.syntax unified
 500              		.thumb
 501              		.thumb_func
 503              	tcpip_input:
 504              	.LVL55:
 505              	.LFB178:
 284:../../Middlewares/Third_Party/LwIP/src/api/tcpip.c **** #if LWIP_ETHERNET
 506              		.loc 1 284 1 is_stmt 1 view -0
 507              		.cfi_startproc
 508              		@ args = 0, pretend = 0, frame = 0
 509              		@ frame_needed = 0, uses_anonymous_args = 0
 284:../../Middlewares/Third_Party/LwIP/src/api/tcpip.c **** #if LWIP_ETHERNET
 510              		.loc 1 284 1 is_stmt 0 view .LVU131
 511 0000 08B5     		push	{r3, lr}
 512              	.LCFI6:
 513              		.cfi_def_cfa_offset 8
 514              		.cfi_offset 3, -8
 515              		.cfi_offset 14, -4
ARM GAS  /var/folders/2r/mdtt8xvd351gdc398t28_m2m0000gn/T//ccW7nwnP.s 			page 23


 286:../../Middlewares/Third_Party/LwIP/src/api/tcpip.c ****     return tcpip_inpkt(p, inp, ethernet_input);
 516              		.loc 1 286 3 is_stmt 1 view .LVU132
 286:../../Middlewares/Third_Party/LwIP/src/api/tcpip.c ****     return tcpip_inpkt(p, inp, ethernet_input);
 517              		.loc 1 286 10 is_stmt 0 view .LVU133
 518 0002 91F82D30 		ldrb	r3, [r1, #45]	@ zero_extendqisi2
 286:../../Middlewares/Third_Party/LwIP/src/api/tcpip.c ****     return tcpip_inpkt(p, inp, ethernet_input);
 519              		.loc 1 286 6 view .LVU134
 520 0006 13F0180F 		tst	r3, #24
 521 000a 03D0     		beq	.L43
 287:../../Middlewares/Third_Party/LwIP/src/api/tcpip.c ****   } else
 522              		.loc 1 287 5 is_stmt 1 view .LVU135
 287:../../Middlewares/Third_Party/LwIP/src/api/tcpip.c ****   } else
 523              		.loc 1 287 12 is_stmt 0 view .LVU136
 524 000c 034A     		ldr	r2, .L46
 525 000e FFF7FEFF 		bl	tcpip_inpkt
 526              	.LVL56:
 527              	.L44:
 291:../../Middlewares/Third_Party/LwIP/src/api/tcpip.c **** 
 528              		.loc 1 291 1 view .LVU137
 529 0012 08BD     		pop	{r3, pc}
 530              	.LVL57:
 531              	.L43:
 290:../../Middlewares/Third_Party/LwIP/src/api/tcpip.c **** }
 532              		.loc 1 290 5 is_stmt 1 view .LVU138
 290:../../Middlewares/Third_Party/LwIP/src/api/tcpip.c **** }
 533              		.loc 1 290 12 is_stmt 0 view .LVU139
 534 0014 024A     		ldr	r2, .L46+4
 535 0016 FFF7FEFF 		bl	tcpip_inpkt
 536              	.LVL58:
 290:../../Middlewares/Third_Party/LwIP/src/api/tcpip.c **** }
 537              		.loc 1 290 12 view .LVU140
 538 001a FAE7     		b	.L44
 539              	.L47:
 540              		.align	2
 541              	.L46:
 542 001c 00000000 		.word	ethernet_input
 543 0020 00000000 		.word	ip4_input
 544              		.cfi_endproc
 545              	.LFE178:
 547              		.section	.text.tcpip_callback,"ax",%progbits
 548              		.align	1
 549              		.global	tcpip_callback
 550              		.syntax unified
 551              		.thumb
 552              		.thumb_func
 554              	tcpip_callback:
 555              	.LVL59:
 556              	.LFB179:
 310:../../Middlewares/Third_Party/LwIP/src/api/tcpip.c ****   struct tcpip_msg *msg;
 557              		.loc 1 310 1 is_stmt 1 view -0
 558              		.cfi_startproc
 559              		@ args = 0, pretend = 0, frame = 0
 560              		@ frame_needed = 0, uses_anonymous_args = 0
 310:../../Middlewares/Third_Party/LwIP/src/api/tcpip.c ****   struct tcpip_msg *msg;
 561              		.loc 1 310 1 is_stmt 0 view .LVU142
 562 0000 38B5     		push	{r3, r4, r5, lr}
 563              	.LCFI7:
ARM GAS  /var/folders/2r/mdtt8xvd351gdc398t28_m2m0000gn/T//ccW7nwnP.s 			page 24


 564              		.cfi_def_cfa_offset 16
 565              		.cfi_offset 3, -16
 566              		.cfi_offset 4, -12
 567              		.cfi_offset 5, -8
 568              		.cfi_offset 14, -4
 569 0002 0546     		mov	r5, r0
 570 0004 0C46     		mov	r4, r1
 311:../../Middlewares/Third_Party/LwIP/src/api/tcpip.c **** 
 571              		.loc 1 311 3 is_stmt 1 view .LVU143
 313:../../Middlewares/Third_Party/LwIP/src/api/tcpip.c **** 
 572              		.loc 1 313 3 view .LVU144
 313:../../Middlewares/Third_Party/LwIP/src/api/tcpip.c **** 
 573              		.loc 1 313 3 view .LVU145
 574 0006 0E48     		ldr	r0, .L54
 575              	.LVL60:
 313:../../Middlewares/Third_Party/LwIP/src/api/tcpip.c **** 
 576              		.loc 1 313 3 is_stmt 0 view .LVU146
 577 0008 FFF7FEFF 		bl	sys_mbox_valid
 578              	.LVL61:
 313:../../Middlewares/Third_Party/LwIP/src/api/tcpip.c **** 
 579              		.loc 1 313 3 discriminator 1 view .LVU147
 580 000c 68B1     		cbz	r0, .L53
 581              	.L49:
 313:../../Middlewares/Third_Party/LwIP/src/api/tcpip.c **** 
 582              		.loc 1 313 3 is_stmt 1 view .LVU148
 313:../../Middlewares/Third_Party/LwIP/src/api/tcpip.c **** 
 583              		.loc 1 313 3 view .LVU149
 315:../../Middlewares/Third_Party/LwIP/src/api/tcpip.c ****   if (msg == NULL) {
 584              		.loc 1 315 3 view .LVU150
 315:../../Middlewares/Third_Party/LwIP/src/api/tcpip.c ****   if (msg == NULL) {
 585              		.loc 1 315 29 is_stmt 0 view .LVU151
 586 000e 0520     		movs	r0, #5
 587 0010 FFF7FEFF 		bl	memp_malloc
 588              	.LVL62:
 316:../../Middlewares/Third_Party/LwIP/src/api/tcpip.c ****     return ERR_MEM;
 589              		.loc 1 316 3 is_stmt 1 view .LVU152
 316:../../Middlewares/Third_Party/LwIP/src/api/tcpip.c ****     return ERR_MEM;
 590              		.loc 1 316 6 is_stmt 0 view .LVU153
 591 0014 0146     		mov	r1, r0
 592 0016 80B1     		cbz	r0, .L51
 320:../../Middlewares/Third_Party/LwIP/src/api/tcpip.c ****   msg->msg.cb.function = function;
 593              		.loc 1 320 3 is_stmt 1 view .LVU154
 320:../../Middlewares/Third_Party/LwIP/src/api/tcpip.c ****   msg->msg.cb.function = function;
 594              		.loc 1 320 13 is_stmt 0 view .LVU155
 595 0018 0123     		movs	r3, #1
 596 001a 0370     		strb	r3, [r0]
 321:../../Middlewares/Third_Party/LwIP/src/api/tcpip.c ****   msg->msg.cb.ctx = ctx;
 597              		.loc 1 321 3 is_stmt 1 view .LVU156
 321:../../Middlewares/Third_Party/LwIP/src/api/tcpip.c ****   msg->msg.cb.ctx = ctx;
 598              		.loc 1 321 24 is_stmt 0 view .LVU157
 599 001c 4560     		str	r5, [r0, #4]
 322:../../Middlewares/Third_Party/LwIP/src/api/tcpip.c **** 
 600              		.loc 1 322 3 is_stmt 1 view .LVU158
 322:../../Middlewares/Third_Party/LwIP/src/api/tcpip.c **** 
 601              		.loc 1 322 19 is_stmt 0 view .LVU159
 602 001e 8460     		str	r4, [r0, #8]
 324:../../Middlewares/Third_Party/LwIP/src/api/tcpip.c ****   return ERR_OK;
ARM GAS  /var/folders/2r/mdtt8xvd351gdc398t28_m2m0000gn/T//ccW7nwnP.s 			page 25


 603              		.loc 1 324 3 is_stmt 1 view .LVU160
 604 0020 0748     		ldr	r0, .L54
 605              	.LVL63:
 324:../../Middlewares/Third_Party/LwIP/src/api/tcpip.c ****   return ERR_OK;
 606              		.loc 1 324 3 is_stmt 0 view .LVU161
 607 0022 FFF7FEFF 		bl	sys_mbox_post
 608              	.LVL64:
 325:../../Middlewares/Third_Party/LwIP/src/api/tcpip.c **** }
 609              		.loc 1 325 3 is_stmt 1 view .LVU162
 325:../../Middlewares/Third_Party/LwIP/src/api/tcpip.c **** }
 610              		.loc 1 325 10 is_stmt 0 view .LVU163
 611 0026 0020     		movs	r0, #0
 612              	.L50:
 326:../../Middlewares/Third_Party/LwIP/src/api/tcpip.c **** 
 613              		.loc 1 326 1 view .LVU164
 614 0028 38BD     		pop	{r3, r4, r5, pc}
 615              	.LVL65:
 616              	.L53:
 313:../../Middlewares/Third_Party/LwIP/src/api/tcpip.c **** 
 617              		.loc 1 313 3 is_stmt 1 discriminator 1 view .LVU165
 313:../../Middlewares/Third_Party/LwIP/src/api/tcpip.c **** 
 618              		.loc 1 313 3 discriminator 1 view .LVU166
 619 002a 064B     		ldr	r3, .L54+4
 620 002c 40F23912 		movw	r2, #313
 621 0030 0549     		ldr	r1, .L54+8
 622 0032 0648     		ldr	r0, .L54+12
 623 0034 FFF7FEFF 		bl	printf
 624              	.LVL66:
 625 0038 E9E7     		b	.L49
 626              	.LVL67:
 627              	.L51:
 317:../../Middlewares/Third_Party/LwIP/src/api/tcpip.c ****   }
 628              		.loc 1 317 12 is_stmt 0 view .LVU167
 629 003a 4FF0FF30 		mov	r0, #-1
 630              	.LVL68:
 317:../../Middlewares/Third_Party/LwIP/src/api/tcpip.c ****   }
 631              		.loc 1 317 12 view .LVU168
 632 003e F3E7     		b	.L50
 633              	.L55:
 634              		.align	2
 635              	.L54:
 636 0040 00000000 		.word	tcpip_mbox
 637 0044 00000000 		.word	.LC0
 638 0048 00000000 		.word	.LC3
 639 004c 54000000 		.word	.LC2
 640              		.cfi_endproc
 641              	.LFE179:
 643              		.section	.text.tcpip_try_callback,"ax",%progbits
 644              		.align	1
 645              		.global	tcpip_try_callback
 646              		.syntax unified
 647              		.thumb
 648              		.thumb_func
 650              	tcpip_try_callback:
 651              	.LVL69:
 652              	.LFB180:
 346:../../Middlewares/Third_Party/LwIP/src/api/tcpip.c ****   struct tcpip_msg *msg;
ARM GAS  /var/folders/2r/mdtt8xvd351gdc398t28_m2m0000gn/T//ccW7nwnP.s 			page 26


 653              		.loc 1 346 1 is_stmt 1 view -0
 654              		.cfi_startproc
 655              		@ args = 0, pretend = 0, frame = 0
 656              		@ frame_needed = 0, uses_anonymous_args = 0
 346:../../Middlewares/Third_Party/LwIP/src/api/tcpip.c ****   struct tcpip_msg *msg;
 657              		.loc 1 346 1 is_stmt 0 view .LVU170
 658 0000 70B5     		push	{r4, r5, r6, lr}
 659              	.LCFI8:
 660              		.cfi_def_cfa_offset 16
 661              		.cfi_offset 4, -16
 662              		.cfi_offset 5, -12
 663              		.cfi_offset 6, -8
 664              		.cfi_offset 14, -4
 665 0002 0646     		mov	r6, r0
 666 0004 0D46     		mov	r5, r1
 347:../../Middlewares/Third_Party/LwIP/src/api/tcpip.c **** 
 667              		.loc 1 347 3 is_stmt 1 view .LVU171
 349:../../Middlewares/Third_Party/LwIP/src/api/tcpip.c **** 
 668              		.loc 1 349 3 view .LVU172
 349:../../Middlewares/Third_Party/LwIP/src/api/tcpip.c **** 
 669              		.loc 1 349 3 view .LVU173
 670 0006 1248     		ldr	r0, .L63
 671              	.LVL70:
 349:../../Middlewares/Third_Party/LwIP/src/api/tcpip.c **** 
 672              		.loc 1 349 3 is_stmt 0 view .LVU174
 673 0008 FFF7FEFF 		bl	sys_mbox_valid
 674              	.LVL71:
 349:../../Middlewares/Third_Party/LwIP/src/api/tcpip.c **** 
 675              		.loc 1 349 3 discriminator 1 view .LVU175
 676 000c 70B1     		cbz	r0, .L61
 677              	.L57:
 349:../../Middlewares/Third_Party/LwIP/src/api/tcpip.c **** 
 678              		.loc 1 349 3 is_stmt 1 view .LVU176
 349:../../Middlewares/Third_Party/LwIP/src/api/tcpip.c **** 
 679              		.loc 1 349 3 view .LVU177
 351:../../Middlewares/Third_Party/LwIP/src/api/tcpip.c ****   if (msg == NULL) {
 680              		.loc 1 351 3 view .LVU178
 351:../../Middlewares/Third_Party/LwIP/src/api/tcpip.c ****   if (msg == NULL) {
 681              		.loc 1 351 29 is_stmt 0 view .LVU179
 682 000e 0520     		movs	r0, #5
 683 0010 FFF7FEFF 		bl	memp_malloc
 684              	.LVL72:
 352:../../Middlewares/Third_Party/LwIP/src/api/tcpip.c ****     return ERR_MEM;
 685              		.loc 1 352 3 is_stmt 1 view .LVU180
 352:../../Middlewares/Third_Party/LwIP/src/api/tcpip.c ****     return ERR_MEM;
 686              		.loc 1 352 6 is_stmt 0 view .LVU181
 687 0014 0446     		mov	r4, r0
 688 0016 C0B1     		cbz	r0, .L59
 356:../../Middlewares/Third_Party/LwIP/src/api/tcpip.c ****   msg->msg.cb.function = function;
 689              		.loc 1 356 3 is_stmt 1 view .LVU182
 356:../../Middlewares/Third_Party/LwIP/src/api/tcpip.c ****   msg->msg.cb.function = function;
 690              		.loc 1 356 13 is_stmt 0 view .LVU183
 691 0018 0123     		movs	r3, #1
 692 001a 0370     		strb	r3, [r0]
 357:../../Middlewares/Third_Party/LwIP/src/api/tcpip.c ****   msg->msg.cb.ctx = ctx;
 693              		.loc 1 357 3 is_stmt 1 view .LVU184
 357:../../Middlewares/Third_Party/LwIP/src/api/tcpip.c ****   msg->msg.cb.ctx = ctx;
ARM GAS  /var/folders/2r/mdtt8xvd351gdc398t28_m2m0000gn/T//ccW7nwnP.s 			page 27


 694              		.loc 1 357 24 is_stmt 0 view .LVU185
 695 001c 4660     		str	r6, [r0, #4]
 358:../../Middlewares/Third_Party/LwIP/src/api/tcpip.c **** 
 696              		.loc 1 358 3 is_stmt 1 view .LVU186
 358:../../Middlewares/Third_Party/LwIP/src/api/tcpip.c **** 
 697              		.loc 1 358 19 is_stmt 0 view .LVU187
 698 001e 8560     		str	r5, [r0, #8]
 360:../../Middlewares/Third_Party/LwIP/src/api/tcpip.c ****     memp_free(MEMP_TCPIP_MSG_API, msg);
 699              		.loc 1 360 3 is_stmt 1 view .LVU188
 360:../../Middlewares/Third_Party/LwIP/src/api/tcpip.c ****     memp_free(MEMP_TCPIP_MSG_API, msg);
 700              		.loc 1 360 7 is_stmt 0 view .LVU189
 701 0020 0146     		mov	r1, r0
 702 0022 0B48     		ldr	r0, .L63
 703              	.LVL73:
 360:../../Middlewares/Third_Party/LwIP/src/api/tcpip.c ****     memp_free(MEMP_TCPIP_MSG_API, msg);
 704              		.loc 1 360 7 view .LVU190
 705 0024 FFF7FEFF 		bl	sys_mbox_trypost
 706              	.LVL74:
 360:../../Middlewares/Third_Party/LwIP/src/api/tcpip.c ****     memp_free(MEMP_TCPIP_MSG_API, msg);
 707              		.loc 1 360 6 discriminator 1 view .LVU191
 708 0028 40B9     		cbnz	r0, .L62
 709              	.L58:
 365:../../Middlewares/Third_Party/LwIP/src/api/tcpip.c **** 
 710              		.loc 1 365 1 view .LVU192
 711 002a 70BD     		pop	{r4, r5, r6, pc}
 712              	.LVL75:
 713              	.L61:
 349:../../Middlewares/Third_Party/LwIP/src/api/tcpip.c **** 
 714              		.loc 1 349 3 is_stmt 1 discriminator 1 view .LVU193
 349:../../Middlewares/Third_Party/LwIP/src/api/tcpip.c **** 
 715              		.loc 1 349 3 discriminator 1 view .LVU194
 716 002c 094B     		ldr	r3, .L63+4
 717 002e 40F25D12 		movw	r2, #349
 718 0032 0949     		ldr	r1, .L63+8
 719 0034 0948     		ldr	r0, .L63+12
 720 0036 FFF7FEFF 		bl	printf
 721              	.LVL76:
 722 003a E8E7     		b	.L57
 723              	.LVL77:
 724              	.L62:
 361:../../Middlewares/Third_Party/LwIP/src/api/tcpip.c ****     return ERR_MEM;
 725              		.loc 1 361 5 view .LVU195
 726 003c 2146     		mov	r1, r4
 727 003e 0520     		movs	r0, #5
 728 0040 FFF7FEFF 		bl	memp_free
 729              	.LVL78:
 362:../../Middlewares/Third_Party/LwIP/src/api/tcpip.c ****   }
 730              		.loc 1 362 5 view .LVU196
 362:../../Middlewares/Third_Party/LwIP/src/api/tcpip.c ****   }
 731              		.loc 1 362 12 is_stmt 0 view .LVU197
 732 0044 4FF0FF30 		mov	r0, #-1
 733 0048 EFE7     		b	.L58
 734              	.LVL79:
 735              	.L59:
 353:../../Middlewares/Third_Party/LwIP/src/api/tcpip.c ****   }
 736              		.loc 1 353 12 view .LVU198
 737 004a 4FF0FF30 		mov	r0, #-1
ARM GAS  /var/folders/2r/mdtt8xvd351gdc398t28_m2m0000gn/T//ccW7nwnP.s 			page 28


 738              	.LVL80:
 353:../../Middlewares/Third_Party/LwIP/src/api/tcpip.c ****   }
 739              		.loc 1 353 12 view .LVU199
 740 004e ECE7     		b	.L58
 741              	.L64:
 742              		.align	2
 743              	.L63:
 744 0050 00000000 		.word	tcpip_mbox
 745 0054 00000000 		.word	.LC0
 746 0058 00000000 		.word	.LC3
 747 005c 54000000 		.word	.LC2
 748              		.cfi_endproc
 749              	.LFE180:
 751              		.section	.text.tcpip_send_msg_wait_sem,"ax",%progbits
 752              		.align	1
 753              		.global	tcpip_send_msg_wait_sem
 754              		.syntax unified
 755              		.thumb
 756              		.thumb_func
 758              	tcpip_send_msg_wait_sem:
 759              	.LVL81:
 760              	.LFB181:
 438:../../Middlewares/Third_Party/LwIP/src/api/tcpip.c **** #if LWIP_TCPIP_CORE_LOCKING
 761              		.loc 1 438 1 is_stmt 1 view -0
 762              		.cfi_startproc
 763              		@ args = 0, pretend = 0, frame = 0
 764              		@ frame_needed = 0, uses_anonymous_args = 0
 438:../../Middlewares/Third_Party/LwIP/src/api/tcpip.c **** #if LWIP_TCPIP_CORE_LOCKING
 765              		.loc 1 438 1 is_stmt 0 view .LVU201
 766 0000 70B5     		push	{r4, r5, r6, lr}
 767              	.LCFI9:
 768              		.cfi_def_cfa_offset 16
 769              		.cfi_offset 4, -16
 770              		.cfi_offset 5, -12
 771              		.cfi_offset 6, -8
 772              		.cfi_offset 14, -4
 773 0002 0446     		mov	r4, r0
 774 0004 0D46     		mov	r5, r1
 440:../../Middlewares/Third_Party/LwIP/src/api/tcpip.c ****   LOCK_TCPIP_CORE();
 775              		.loc 1 440 3 is_stmt 1 view .LVU202
 441:../../Middlewares/Third_Party/LwIP/src/api/tcpip.c ****   fn(apimsg);
 776              		.loc 1 441 3 view .LVU203
 777 0006 054E     		ldr	r6, .L67
 778 0008 3046     		mov	r0, r6
 779              	.LVL82:
 441:../../Middlewares/Third_Party/LwIP/src/api/tcpip.c ****   fn(apimsg);
 780              		.loc 1 441 3 is_stmt 0 view .LVU204
 781 000a FFF7FEFF 		bl	sys_mutex_lock
 782              	.LVL83:
 442:../../Middlewares/Third_Party/LwIP/src/api/tcpip.c ****   UNLOCK_TCPIP_CORE();
 783              		.loc 1 442 3 is_stmt 1 view .LVU205
 784 000e 2846     		mov	r0, r5
 785 0010 A047     		blx	r4
 786              	.LVL84:
 443:../../Middlewares/Third_Party/LwIP/src/api/tcpip.c ****   return ERR_OK;
 787              		.loc 1 443 3 view .LVU206
 788 0012 3046     		mov	r0, r6
ARM GAS  /var/folders/2r/mdtt8xvd351gdc398t28_m2m0000gn/T//ccW7nwnP.s 			page 29


 789 0014 FFF7FEFF 		bl	sys_mutex_unlock
 790              	.LVL85:
 444:../../Middlewares/Third_Party/LwIP/src/api/tcpip.c **** #else /* LWIP_TCPIP_CORE_LOCKING */
 791              		.loc 1 444 3 view .LVU207
 460:../../Middlewares/Third_Party/LwIP/src/api/tcpip.c **** 
 792              		.loc 1 460 1 is_stmt 0 view .LVU208
 793 0018 0020     		movs	r0, #0
 794 001a 70BD     		pop	{r4, r5, r6, pc}
 795              	.LVL86:
 796              	.L68:
 460:../../Middlewares/Third_Party/LwIP/src/api/tcpip.c **** 
 797              		.loc 1 460 1 view .LVU209
 798              		.align	2
 799              	.L67:
 800 001c 00000000 		.word	lock_tcpip_core
 801              		.cfi_endproc
 802              	.LFE181:
 804              		.section	.text.tcpip_api_call,"ax",%progbits
 805              		.align	1
 806              		.global	tcpip_api_call
 807              		.syntax unified
 808              		.thumb
 809              		.thumb_func
 811              	tcpip_api_call:
 812              	.LVL87:
 813              	.LFB182:
 474:../../Middlewares/Third_Party/LwIP/src/api/tcpip.c **** #if LWIP_TCPIP_CORE_LOCKING
 814              		.loc 1 474 1 is_stmt 1 view -0
 815              		.cfi_startproc
 816              		@ args = 0, pretend = 0, frame = 0
 817              		@ frame_needed = 0, uses_anonymous_args = 0
 474:../../Middlewares/Third_Party/LwIP/src/api/tcpip.c **** #if LWIP_TCPIP_CORE_LOCKING
 818              		.loc 1 474 1 is_stmt 0 view .LVU211
 819 0000 70B5     		push	{r4, r5, r6, lr}
 820              	.LCFI10:
 821              		.cfi_def_cfa_offset 16
 822              		.cfi_offset 4, -16
 823              		.cfi_offset 5, -12
 824              		.cfi_offset 6, -8
 825              		.cfi_offset 14, -4
 826 0002 0446     		mov	r4, r0
 827 0004 0D46     		mov	r5, r1
 476:../../Middlewares/Third_Party/LwIP/src/api/tcpip.c ****   LOCK_TCPIP_CORE();
 828              		.loc 1 476 3 is_stmt 1 view .LVU212
 477:../../Middlewares/Third_Party/LwIP/src/api/tcpip.c ****   err = fn(call);
 829              		.loc 1 477 3 view .LVU213
 830 0006 064E     		ldr	r6, .L71
 831 0008 3046     		mov	r0, r6
 832              	.LVL88:
 477:../../Middlewares/Third_Party/LwIP/src/api/tcpip.c ****   err = fn(call);
 833              		.loc 1 477 3 is_stmt 0 view .LVU214
 834 000a FFF7FEFF 		bl	sys_mutex_lock
 835              	.LVL89:
 478:../../Middlewares/Third_Party/LwIP/src/api/tcpip.c ****   UNLOCK_TCPIP_CORE();
 836              		.loc 1 478 3 is_stmt 1 view .LVU215
 478:../../Middlewares/Third_Party/LwIP/src/api/tcpip.c ****   UNLOCK_TCPIP_CORE();
 837              		.loc 1 478 9 is_stmt 0 view .LVU216
ARM GAS  /var/folders/2r/mdtt8xvd351gdc398t28_m2m0000gn/T//ccW7nwnP.s 			page 30


 838 000e 2846     		mov	r0, r5
 839 0010 A047     		blx	r4
 840              	.LVL90:
 841 0012 0446     		mov	r4, r0
 842              	.LVL91:
 479:../../Middlewares/Third_Party/LwIP/src/api/tcpip.c ****   return err;
 843              		.loc 1 479 3 is_stmt 1 view .LVU217
 844 0014 3046     		mov	r0, r6
 845 0016 FFF7FEFF 		bl	sys_mutex_unlock
 846              	.LVL92:
 480:../../Middlewares/Third_Party/LwIP/src/api/tcpip.c **** #else /* LWIP_TCPIP_CORE_LOCKING */
 847              		.loc 1 480 3 view .LVU218
 512:../../Middlewares/Third_Party/LwIP/src/api/tcpip.c **** 
 848              		.loc 1 512 1 is_stmt 0 view .LVU219
 849 001a 2046     		mov	r0, r4
 850 001c 70BD     		pop	{r4, r5, r6, pc}
 851              	.LVL93:
 852              	.L72:
 512:../../Middlewares/Third_Party/LwIP/src/api/tcpip.c **** 
 853              		.loc 1 512 1 view .LVU220
 854 001e 00BF     		.align	2
 855              	.L71:
 856 0020 00000000 		.word	lock_tcpip_core
 857              		.cfi_endproc
 858              	.LFE182:
 860              		.section	.text.tcpip_callbackmsg_new,"ax",%progbits
 861              		.align	1
 862              		.global	tcpip_callbackmsg_new
 863              		.syntax unified
 864              		.thumb
 865              		.thumb_func
 867              	tcpip_callbackmsg_new:
 868              	.LVL94:
 869              	.LFB183:
 532:../../Middlewares/Third_Party/LwIP/src/api/tcpip.c ****   struct tcpip_msg *msg = (struct tcpip_msg *)memp_malloc(MEMP_TCPIP_MSG_API);
 870              		.loc 1 532 1 is_stmt 1 view -0
 871              		.cfi_startproc
 872              		@ args = 0, pretend = 0, frame = 0
 873              		@ frame_needed = 0, uses_anonymous_args = 0
 532:../../Middlewares/Third_Party/LwIP/src/api/tcpip.c ****   struct tcpip_msg *msg = (struct tcpip_msg *)memp_malloc(MEMP_TCPIP_MSG_API);
 874              		.loc 1 532 1 is_stmt 0 view .LVU222
 875 0000 38B5     		push	{r3, r4, r5, lr}
 876              	.LCFI11:
 877              		.cfi_def_cfa_offset 16
 878              		.cfi_offset 3, -16
 879              		.cfi_offset 4, -12
 880              		.cfi_offset 5, -8
 881              		.cfi_offset 14, -4
 882 0002 0546     		mov	r5, r0
 883 0004 0C46     		mov	r4, r1
 533:../../Middlewares/Third_Party/LwIP/src/api/tcpip.c ****   if (msg == NULL) {
 884              		.loc 1 533 3 is_stmt 1 view .LVU223
 533:../../Middlewares/Third_Party/LwIP/src/api/tcpip.c ****   if (msg == NULL) {
 885              		.loc 1 533 47 is_stmt 0 view .LVU224
 886 0006 0520     		movs	r0, #5
 887              	.LVL95:
 533:../../Middlewares/Third_Party/LwIP/src/api/tcpip.c ****   if (msg == NULL) {
ARM GAS  /var/folders/2r/mdtt8xvd351gdc398t28_m2m0000gn/T//ccW7nwnP.s 			page 31


 888              		.loc 1 533 47 view .LVU225
 889 0008 FFF7FEFF 		bl	memp_malloc
 890              	.LVL96:
 534:../../Middlewares/Third_Party/LwIP/src/api/tcpip.c ****     return NULL;
 891              		.loc 1 534 3 is_stmt 1 view .LVU226
 534:../../Middlewares/Third_Party/LwIP/src/api/tcpip.c ****     return NULL;
 892              		.loc 1 534 6 is_stmt 0 view .LVU227
 893 000c 0346     		mov	r3, r0
 894 000e 18B1     		cbz	r0, .L73
 537:../../Middlewares/Third_Party/LwIP/src/api/tcpip.c ****   msg->msg.cb.function = function;
 895              		.loc 1 537 3 is_stmt 1 view .LVU228
 537:../../Middlewares/Third_Party/LwIP/src/api/tcpip.c ****   msg->msg.cb.function = function;
 896              		.loc 1 537 13 is_stmt 0 view .LVU229
 897 0010 0222     		movs	r2, #2
 898 0012 0270     		strb	r2, [r0]
 538:../../Middlewares/Third_Party/LwIP/src/api/tcpip.c ****   msg->msg.cb.ctx = ctx;
 899              		.loc 1 538 3 is_stmt 1 view .LVU230
 538:../../Middlewares/Third_Party/LwIP/src/api/tcpip.c ****   msg->msg.cb.ctx = ctx;
 900              		.loc 1 538 24 is_stmt 0 view .LVU231
 901 0014 4560     		str	r5, [r0, #4]
 539:../../Middlewares/Third_Party/LwIP/src/api/tcpip.c ****   return (struct tcpip_callback_msg *)msg;
 902              		.loc 1 539 3 is_stmt 1 view .LVU232
 539:../../Middlewares/Third_Party/LwIP/src/api/tcpip.c ****   return (struct tcpip_callback_msg *)msg;
 903              		.loc 1 539 19 is_stmt 0 view .LVU233
 904 0016 8460     		str	r4, [r0, #8]
 540:../../Middlewares/Third_Party/LwIP/src/api/tcpip.c **** }
 905              		.loc 1 540 3 is_stmt 1 view .LVU234
 906              	.L73:
 541:../../Middlewares/Third_Party/LwIP/src/api/tcpip.c **** 
 907              		.loc 1 541 1 is_stmt 0 view .LVU235
 908 0018 1846     		mov	r0, r3
 909              	.LVL97:
 541:../../Middlewares/Third_Party/LwIP/src/api/tcpip.c **** 
 910              		.loc 1 541 1 view .LVU236
 911 001a 38BD     		pop	{r3, r4, r5, pc}
 541:../../Middlewares/Third_Party/LwIP/src/api/tcpip.c **** 
 912              		.loc 1 541 1 view .LVU237
 913              		.cfi_endproc
 914              	.LFE183:
 916              		.section	.text.tcpip_callbackmsg_delete,"ax",%progbits
 917              		.align	1
 918              		.global	tcpip_callbackmsg_delete
 919              		.syntax unified
 920              		.thumb
 921              		.thumb_func
 923              	tcpip_callbackmsg_delete:
 924              	.LVL98:
 925              	.LFB184:
 553:../../Middlewares/Third_Party/LwIP/src/api/tcpip.c ****   memp_free(MEMP_TCPIP_MSG_API, msg);
 926              		.loc 1 553 1 is_stmt 1 view -0
 927              		.cfi_startproc
 928              		@ args = 0, pretend = 0, frame = 0
 929              		@ frame_needed = 0, uses_anonymous_args = 0
 553:../../Middlewares/Third_Party/LwIP/src/api/tcpip.c ****   memp_free(MEMP_TCPIP_MSG_API, msg);
 930              		.loc 1 553 1 is_stmt 0 view .LVU239
 931 0000 08B5     		push	{r3, lr}
 932              	.LCFI12:
ARM GAS  /var/folders/2r/mdtt8xvd351gdc398t28_m2m0000gn/T//ccW7nwnP.s 			page 32


 933              		.cfi_def_cfa_offset 8
 934              		.cfi_offset 3, -8
 935              		.cfi_offset 14, -4
 936 0002 0146     		mov	r1, r0
 554:../../Middlewares/Third_Party/LwIP/src/api/tcpip.c **** }
 937              		.loc 1 554 3 is_stmt 1 view .LVU240
 938 0004 0520     		movs	r0, #5
 939              	.LVL99:
 554:../../Middlewares/Third_Party/LwIP/src/api/tcpip.c **** }
 940              		.loc 1 554 3 is_stmt 0 view .LVU241
 941 0006 FFF7FEFF 		bl	memp_free
 942              	.LVL100:
 555:../../Middlewares/Third_Party/LwIP/src/api/tcpip.c **** 
 943              		.loc 1 555 1 view .LVU242
 944 000a 08BD     		pop	{r3, pc}
 945              		.cfi_endproc
 946              	.LFE184:
 948              		.section	.text.tcpip_callbackmsg_trycallback,"ax",%progbits
 949              		.align	1
 950              		.global	tcpip_callbackmsg_trycallback
 951              		.syntax unified
 952              		.thumb
 953              		.thumb_func
 955              	tcpip_callbackmsg_trycallback:
 956              	.LVL101:
 957              	.LFB185:
 568:../../Middlewares/Third_Party/LwIP/src/api/tcpip.c ****   LWIP_ASSERT("Invalid mbox", sys_mbox_valid_val(tcpip_mbox));
 958              		.loc 1 568 1 is_stmt 1 view -0
 959              		.cfi_startproc
 960              		@ args = 0, pretend = 0, frame = 0
 961              		@ frame_needed = 0, uses_anonymous_args = 0
 568:../../Middlewares/Third_Party/LwIP/src/api/tcpip.c ****   LWIP_ASSERT("Invalid mbox", sys_mbox_valid_val(tcpip_mbox));
 962              		.loc 1 568 1 is_stmt 0 view .LVU244
 963 0000 10B5     		push	{r4, lr}
 964              	.LCFI13:
 965              		.cfi_def_cfa_offset 8
 966              		.cfi_offset 4, -8
 967              		.cfi_offset 14, -4
 968 0002 0446     		mov	r4, r0
 569:../../Middlewares/Third_Party/LwIP/src/api/tcpip.c ****   return sys_mbox_trypost(&tcpip_mbox, msg);
 969              		.loc 1 569 3 is_stmt 1 view .LVU245
 569:../../Middlewares/Third_Party/LwIP/src/api/tcpip.c ****   return sys_mbox_trypost(&tcpip_mbox, msg);
 970              		.loc 1 569 3 view .LVU246
 971 0004 0848     		ldr	r0, .L82
 972              	.LVL102:
 569:../../Middlewares/Third_Party/LwIP/src/api/tcpip.c ****   return sys_mbox_trypost(&tcpip_mbox, msg);
 973              		.loc 1 569 3 is_stmt 0 view .LVU247
 974 0006 FFF7FEFF 		bl	sys_mbox_valid
 975              	.LVL103:
 569:../../Middlewares/Third_Party/LwIP/src/api/tcpip.c ****   return sys_mbox_trypost(&tcpip_mbox, msg);
 976              		.loc 1 569 3 discriminator 1 view .LVU248
 977 000a 20B1     		cbz	r0, .L81
 978              	.L79:
 569:../../Middlewares/Third_Party/LwIP/src/api/tcpip.c ****   return sys_mbox_trypost(&tcpip_mbox, msg);
 979              		.loc 1 569 3 is_stmt 1 view .LVU249
 569:../../Middlewares/Third_Party/LwIP/src/api/tcpip.c ****   return sys_mbox_trypost(&tcpip_mbox, msg);
 980              		.loc 1 569 3 view .LVU250
ARM GAS  /var/folders/2r/mdtt8xvd351gdc398t28_m2m0000gn/T//ccW7nwnP.s 			page 33


 570:../../Middlewares/Third_Party/LwIP/src/api/tcpip.c **** }
 981              		.loc 1 570 3 view .LVU251
 570:../../Middlewares/Third_Party/LwIP/src/api/tcpip.c **** }
 982              		.loc 1 570 10 is_stmt 0 view .LVU252
 983 000c 2146     		mov	r1, r4
 984 000e 0648     		ldr	r0, .L82
 985 0010 FFF7FEFF 		bl	sys_mbox_trypost
 986              	.LVL104:
 571:../../Middlewares/Third_Party/LwIP/src/api/tcpip.c **** 
 987              		.loc 1 571 1 view .LVU253
 988 0014 10BD     		pop	{r4, pc}
 989              	.LVL105:
 990              	.L81:
 569:../../Middlewares/Third_Party/LwIP/src/api/tcpip.c ****   return sys_mbox_trypost(&tcpip_mbox, msg);
 991              		.loc 1 569 3 is_stmt 1 discriminator 1 view .LVU254
 569:../../Middlewares/Third_Party/LwIP/src/api/tcpip.c ****   return sys_mbox_trypost(&tcpip_mbox, msg);
 992              		.loc 1 569 3 discriminator 1 view .LVU255
 993 0016 054B     		ldr	r3, .L82+4
 994 0018 40F23922 		movw	r2, #569
 995 001c 0449     		ldr	r1, .L82+8
 996 001e 0548     		ldr	r0, .L82+12
 997 0020 FFF7FEFF 		bl	printf
 998              	.LVL106:
 999 0024 F2E7     		b	.L79
 1000              	.L83:
 1001 0026 00BF     		.align	2
 1002              	.L82:
 1003 0028 00000000 		.word	tcpip_mbox
 1004 002c 00000000 		.word	.LC0
 1005 0030 00000000 		.word	.LC3
 1006 0034 54000000 		.word	.LC2
 1007              		.cfi_endproc
 1008              	.LFE185:
 1010              		.section	.text.tcpip_callbackmsg_trycallback_fromisr,"ax",%progbits
 1011              		.align	1
 1012              		.global	tcpip_callbackmsg_trycallback_fromisr
 1013              		.syntax unified
 1014              		.thumb
 1015              		.thumb_func
 1017              	tcpip_callbackmsg_trycallback_fromisr:
 1018              	.LVL107:
 1019              	.LFB186:
 587:../../Middlewares/Third_Party/LwIP/src/api/tcpip.c ****   LWIP_ASSERT("Invalid mbox", sys_mbox_valid_val(tcpip_mbox));
 1020              		.loc 1 587 1 view -0
 1021              		.cfi_startproc
 1022              		@ args = 0, pretend = 0, frame = 0
 1023              		@ frame_needed = 0, uses_anonymous_args = 0
 587:../../Middlewares/Third_Party/LwIP/src/api/tcpip.c ****   LWIP_ASSERT("Invalid mbox", sys_mbox_valid_val(tcpip_mbox));
 1024              		.loc 1 587 1 is_stmt 0 view .LVU257
 1025 0000 10B5     		push	{r4, lr}
 1026              	.LCFI14:
 1027              		.cfi_def_cfa_offset 8
 1028              		.cfi_offset 4, -8
 1029              		.cfi_offset 14, -4
 1030 0002 0446     		mov	r4, r0
 588:../../Middlewares/Third_Party/LwIP/src/api/tcpip.c ****   return sys_mbox_trypost_fromisr(&tcpip_mbox, msg);
 1031              		.loc 1 588 3 is_stmt 1 view .LVU258
ARM GAS  /var/folders/2r/mdtt8xvd351gdc398t28_m2m0000gn/T//ccW7nwnP.s 			page 34


 588:../../Middlewares/Third_Party/LwIP/src/api/tcpip.c ****   return sys_mbox_trypost_fromisr(&tcpip_mbox, msg);
 1032              		.loc 1 588 3 view .LVU259
 1033 0004 0848     		ldr	r0, .L88
 1034              	.LVL108:
 588:../../Middlewares/Third_Party/LwIP/src/api/tcpip.c ****   return sys_mbox_trypost_fromisr(&tcpip_mbox, msg);
 1035              		.loc 1 588 3 is_stmt 0 view .LVU260
 1036 0006 FFF7FEFF 		bl	sys_mbox_valid
 1037              	.LVL109:
 588:../../Middlewares/Third_Party/LwIP/src/api/tcpip.c ****   return sys_mbox_trypost_fromisr(&tcpip_mbox, msg);
 1038              		.loc 1 588 3 discriminator 1 view .LVU261
 1039 000a 20B1     		cbz	r0, .L87
 1040              	.L85:
 588:../../Middlewares/Third_Party/LwIP/src/api/tcpip.c ****   return sys_mbox_trypost_fromisr(&tcpip_mbox, msg);
 1041              		.loc 1 588 3 is_stmt 1 view .LVU262
 588:../../Middlewares/Third_Party/LwIP/src/api/tcpip.c ****   return sys_mbox_trypost_fromisr(&tcpip_mbox, msg);
 1042              		.loc 1 588 3 view .LVU263
 589:../../Middlewares/Third_Party/LwIP/src/api/tcpip.c **** }
 1043              		.loc 1 589 3 view .LVU264
 589:../../Middlewares/Third_Party/LwIP/src/api/tcpip.c **** }
 1044              		.loc 1 589 10 is_stmt 0 view .LVU265
 1045 000c 2146     		mov	r1, r4
 1046 000e 0648     		ldr	r0, .L88
 1047 0010 FFF7FEFF 		bl	sys_mbox_trypost_fromisr
 1048              	.LVL110:
 590:../../Middlewares/Third_Party/LwIP/src/api/tcpip.c **** 
 1049              		.loc 1 590 1 view .LVU266
 1050 0014 10BD     		pop	{r4, pc}
 1051              	.LVL111:
 1052              	.L87:
 588:../../Middlewares/Third_Party/LwIP/src/api/tcpip.c ****   return sys_mbox_trypost_fromisr(&tcpip_mbox, msg);
 1053              		.loc 1 588 3 is_stmt 1 discriminator 1 view .LVU267
 588:../../Middlewares/Third_Party/LwIP/src/api/tcpip.c ****   return sys_mbox_trypost_fromisr(&tcpip_mbox, msg);
 1054              		.loc 1 588 3 discriminator 1 view .LVU268
 1055 0016 054B     		ldr	r3, .L88+4
 1056 0018 4FF41372 		mov	r2, #588
 1057 001c 0449     		ldr	r1, .L88+8
 1058 001e 0548     		ldr	r0, .L88+12
 1059 0020 FFF7FEFF 		bl	printf
 1060              	.LVL112:
 1061 0024 F2E7     		b	.L85
 1062              	.L89:
 1063 0026 00BF     		.align	2
 1064              	.L88:
 1065 0028 00000000 		.word	tcpip_mbox
 1066 002c 00000000 		.word	.LC0
 1067 0030 00000000 		.word	.LC3
 1068 0034 54000000 		.word	.LC2
 1069              		.cfi_endproc
 1070              	.LFE186:
 1072              		.section	.rodata.tcpip_init.str1.4,"aMS",%progbits,1
 1073              		.align	2
 1074              	.LC4:
 1075 0000 6661696C 		.ascii	"failed to create tcpip_thread mbox\000"
 1075      65642074 
 1075      6F206372 
 1075      65617465 
 1075      20746370 
ARM GAS  /var/folders/2r/mdtt8xvd351gdc398t28_m2m0000gn/T//ccW7nwnP.s 			page 35


 1076 0023 00       		.align	2
 1077              	.LC5:
 1078 0024 6661696C 		.ascii	"failed to create lock_tcpip_core\000"
 1078      65642074 
 1078      6F206372 
 1078      65617465 
 1078      206C6F63 
 1079 0045 000000   		.align	2
 1080              	.LC6:
 1081 0048 74637069 		.ascii	"tcpip_thread\000"
 1081      705F7468 
 1081      72656164 
 1081      00
 1082              		.section	.text.tcpip_init,"ax",%progbits
 1083              		.align	1
 1084              		.global	tcpip_init
 1085              		.syntax unified
 1086              		.thumb
 1087              		.thumb_func
 1089              	tcpip_init:
 1090              	.LVL113:
 1091              	.LFB187:
 603:../../Middlewares/Third_Party/LwIP/src/api/tcpip.c ****   lwip_init();
 1092              		.loc 1 603 1 view -0
 1093              		.cfi_startproc
 1094              		@ args = 0, pretend = 0, frame = 0
 1095              		@ frame_needed = 0, uses_anonymous_args = 0
 603:../../Middlewares/Third_Party/LwIP/src/api/tcpip.c ****   lwip_init();
 1096              		.loc 1 603 1 is_stmt 0 view .LVU270
 1097 0000 30B5     		push	{r4, r5, lr}
 1098              	.LCFI15:
 1099              		.cfi_def_cfa_offset 12
 1100              		.cfi_offset 4, -12
 1101              		.cfi_offset 5, -8
 1102              		.cfi_offset 14, -4
 1103 0002 83B0     		sub	sp, sp, #12
 1104              	.LCFI16:
 1105              		.cfi_def_cfa_offset 24
 1106 0004 0546     		mov	r5, r0
 1107 0006 0C46     		mov	r4, r1
 604:../../Middlewares/Third_Party/LwIP/src/api/tcpip.c **** 
 1108              		.loc 1 604 3 is_stmt 1 view .LVU271
 1109 0008 FFF7FEFF 		bl	lwip_init
 1110              	.LVL114:
 606:../../Middlewares/Third_Party/LwIP/src/api/tcpip.c ****   tcpip_init_done_arg = arg;
 1111              		.loc 1 606 3 view .LVU272
 606:../../Middlewares/Third_Party/LwIP/src/api/tcpip.c ****   tcpip_init_done_arg = arg;
 1112              		.loc 1 606 19 is_stmt 0 view .LVU273
 1113 000c 134B     		ldr	r3, .L96
 1114 000e 1D60     		str	r5, [r3]
 607:../../Middlewares/Third_Party/LwIP/src/api/tcpip.c ****   if (sys_mbox_new(&tcpip_mbox, TCPIP_MBOX_SIZE) != ERR_OK) {
 1115              		.loc 1 607 3 is_stmt 1 view .LVU274
 607:../../Middlewares/Third_Party/LwIP/src/api/tcpip.c ****   if (sys_mbox_new(&tcpip_mbox, TCPIP_MBOX_SIZE) != ERR_OK) {
 1116              		.loc 1 607 23 is_stmt 0 view .LVU275
 1117 0010 134B     		ldr	r3, .L96+4
 1118 0012 1C60     		str	r4, [r3]
 608:../../Middlewares/Third_Party/LwIP/src/api/tcpip.c ****     LWIP_ASSERT("failed to create tcpip_thread mbox", 0);
ARM GAS  /var/folders/2r/mdtt8xvd351gdc398t28_m2m0000gn/T//ccW7nwnP.s 			page 36


 1119              		.loc 1 608 3 is_stmt 1 view .LVU276
 608:../../Middlewares/Third_Party/LwIP/src/api/tcpip.c ****     LWIP_ASSERT("failed to create tcpip_thread mbox", 0);
 1120              		.loc 1 608 7 is_stmt 0 view .LVU277
 1121 0014 0621     		movs	r1, #6
 1122 0016 1348     		ldr	r0, .L96+8
 1123 0018 FFF7FEFF 		bl	sys_mbox_new
 1124              	.LVL115:
 608:../../Middlewares/Third_Party/LwIP/src/api/tcpip.c ****     LWIP_ASSERT("failed to create tcpip_thread mbox", 0);
 1125              		.loc 1 608 6 discriminator 1 view .LVU278
 1126 001c 70B9     		cbnz	r0, .L94
 1127              	.L91:
 609:../../Middlewares/Third_Party/LwIP/src/api/tcpip.c ****   }
 1128              		.loc 1 609 5 is_stmt 1 view .LVU279
 609:../../Middlewares/Third_Party/LwIP/src/api/tcpip.c ****   }
 1129              		.loc 1 609 5 view .LVU280
 612:../../Middlewares/Third_Party/LwIP/src/api/tcpip.c ****     LWIP_ASSERT("failed to create lock_tcpip_core", 0);
 1130              		.loc 1 612 3 view .LVU281
 612:../../Middlewares/Third_Party/LwIP/src/api/tcpip.c ****     LWIP_ASSERT("failed to create lock_tcpip_core", 0);
 1131              		.loc 1 612 7 is_stmt 0 view .LVU282
 1132 001e 1248     		ldr	r0, .L96+12
 1133 0020 FFF7FEFF 		bl	sys_mutex_new
 1134              	.LVL116:
 612:../../Middlewares/Third_Party/LwIP/src/api/tcpip.c ****     LWIP_ASSERT("failed to create lock_tcpip_core", 0);
 1135              		.loc 1 612 6 discriminator 1 view .LVU283
 1136 0024 90B9     		cbnz	r0, .L95
 1137              	.L92:
 613:../../Middlewares/Third_Party/LwIP/src/api/tcpip.c ****   }
 1138              		.loc 1 613 5 is_stmt 1 view .LVU284
 613:../../Middlewares/Third_Party/LwIP/src/api/tcpip.c ****   }
 1139              		.loc 1 613 5 view .LVU285
 617:../../Middlewares/Third_Party/LwIP/src/api/tcpip.c **** }
 1140              		.loc 1 617 3 view .LVU286
 1141 0026 1823     		movs	r3, #24
 1142 0028 0093     		str	r3, [sp]
 1143 002a 4FF48063 		mov	r3, #1024
 1144 002e 0022     		movs	r2, #0
 1145 0030 0E49     		ldr	r1, .L96+16
 1146 0032 0F48     		ldr	r0, .L96+20
 1147 0034 FFF7FEFF 		bl	sys_thread_new
 1148              	.LVL117:
 618:../../Middlewares/Third_Party/LwIP/src/api/tcpip.c **** 
 1149              		.loc 1 618 1 is_stmt 0 view .LVU287
 1150 0038 03B0     		add	sp, sp, #12
 1151              	.LCFI17:
 1152              		.cfi_remember_state
 1153              		.cfi_def_cfa_offset 12
 1154              		@ sp needed
 1155 003a 30BD     		pop	{r4, r5, pc}
 1156              	.LVL118:
 1157              	.L94:
 1158              	.LCFI18:
 1159              		.cfi_restore_state
 609:../../Middlewares/Third_Party/LwIP/src/api/tcpip.c ****   }
 1160              		.loc 1 609 5 is_stmt 1 view .LVU288
 609:../../Middlewares/Third_Party/LwIP/src/api/tcpip.c ****   }
 1161              		.loc 1 609 5 view .LVU289
 609:../../Middlewares/Third_Party/LwIP/src/api/tcpip.c ****   }
ARM GAS  /var/folders/2r/mdtt8xvd351gdc398t28_m2m0000gn/T//ccW7nwnP.s 			page 37


 1162              		.loc 1 609 5 discriminator 1 view .LVU290
 609:../../Middlewares/Third_Party/LwIP/src/api/tcpip.c ****   }
 1163              		.loc 1 609 5 discriminator 1 view .LVU291
 1164 003c 0D4B     		ldr	r3, .L96+24
 1165 003e 40F26122 		movw	r2, #609
 1166 0042 0D49     		ldr	r1, .L96+28
 1167 0044 0D48     		ldr	r0, .L96+32
 1168 0046 FFF7FEFF 		bl	printf
 1169              	.LVL119:
 1170 004a E8E7     		b	.L91
 1171              	.L95:
 613:../../Middlewares/Third_Party/LwIP/src/api/tcpip.c ****   }
 1172              		.loc 1 613 5 view .LVU292
 613:../../Middlewares/Third_Party/LwIP/src/api/tcpip.c ****   }
 1173              		.loc 1 613 5 view .LVU293
 613:../../Middlewares/Third_Party/LwIP/src/api/tcpip.c ****   }
 1174              		.loc 1 613 5 discriminator 1 view .LVU294
 613:../../Middlewares/Third_Party/LwIP/src/api/tcpip.c ****   }
 1175              		.loc 1 613 5 discriminator 1 view .LVU295
 1176 004c 094B     		ldr	r3, .L96+24
 1177 004e 40F26522 		movw	r2, #613
 1178 0052 0B49     		ldr	r1, .L96+36
 1179 0054 0948     		ldr	r0, .L96+32
 1180 0056 FFF7FEFF 		bl	printf
 1181              	.LVL120:
 1182 005a E4E7     		b	.L92
 1183              	.L97:
 1184              		.align	2
 1185              	.L96:
 1186 005c 00000000 		.word	tcpip_init_done
 1187 0060 00000000 		.word	tcpip_init_done_arg
 1188 0064 00000000 		.word	tcpip_mbox
 1189 0068 00000000 		.word	lock_tcpip_core
 1190 006c 00000000 		.word	tcpip_thread
 1191 0070 48000000 		.word	.LC6
 1192 0074 00000000 		.word	.LC0
 1193 0078 00000000 		.word	.LC4
 1194 007c 54000000 		.word	.LC2
 1195 0080 24000000 		.word	.LC5
 1196              		.cfi_endproc
 1197              	.LFE187:
 1199              		.section	.text.pbuf_free_callback,"ax",%progbits
 1200              		.align	1
 1201              		.global	pbuf_free_callback
 1202              		.syntax unified
 1203              		.thumb
 1204              		.thumb_func
 1206              	pbuf_free_callback:
 1207              	.LVL121:
 1208              	.LFB189:
 632:../../Middlewares/Third_Party/LwIP/src/api/tcpip.c **** 
 633:../../Middlewares/Third_Party/LwIP/src/api/tcpip.c **** /**
 634:../../Middlewares/Third_Party/LwIP/src/api/tcpip.c ****  * A simple wrapper function that allows you to free a pbuf from interrupt context.
 635:../../Middlewares/Third_Party/LwIP/src/api/tcpip.c ****  *
 636:../../Middlewares/Third_Party/LwIP/src/api/tcpip.c ****  * @param p The pbuf (chain) to be dereferenced.
 637:../../Middlewares/Third_Party/LwIP/src/api/tcpip.c ****  * @return ERR_OK if callback could be enqueued, an err_t if not
 638:../../Middlewares/Third_Party/LwIP/src/api/tcpip.c ****  */
ARM GAS  /var/folders/2r/mdtt8xvd351gdc398t28_m2m0000gn/T//ccW7nwnP.s 			page 38


 639:../../Middlewares/Third_Party/LwIP/src/api/tcpip.c **** err_t
 640:../../Middlewares/Third_Party/LwIP/src/api/tcpip.c **** pbuf_free_callback(struct pbuf *p)
 641:../../Middlewares/Third_Party/LwIP/src/api/tcpip.c **** {
 1209              		.loc 1 641 1 view -0
 1210              		.cfi_startproc
 1211              		@ args = 0, pretend = 0, frame = 0
 1212              		@ frame_needed = 0, uses_anonymous_args = 0
 1213              		.loc 1 641 1 is_stmt 0 view .LVU297
 1214 0000 08B5     		push	{r3, lr}
 1215              	.LCFI19:
 1216              		.cfi_def_cfa_offset 8
 1217              		.cfi_offset 3, -8
 1218              		.cfi_offset 14, -4
 1219 0002 0146     		mov	r1, r0
 642:../../Middlewares/Third_Party/LwIP/src/api/tcpip.c ****   return tcpip_try_callback(pbuf_free_int, p);
 1220              		.loc 1 642 3 is_stmt 1 view .LVU298
 1221              		.loc 1 642 10 is_stmt 0 view .LVU299
 1222 0004 0148     		ldr	r0, .L100
 1223              	.LVL122:
 1224              		.loc 1 642 10 view .LVU300
 1225 0006 FFF7FEFF 		bl	tcpip_try_callback
 1226              	.LVL123:
 643:../../Middlewares/Third_Party/LwIP/src/api/tcpip.c **** }
 1227              		.loc 1 643 1 view .LVU301
 1228 000a 08BD     		pop	{r3, pc}
 1229              	.L101:
 1230              		.align	2
 1231              	.L100:
 1232 000c 00000000 		.word	pbuf_free_int
 1233              		.cfi_endproc
 1234              	.LFE189:
 1236              		.section	.text.mem_free_callback,"ax",%progbits
 1237              		.align	1
 1238              		.global	mem_free_callback
 1239              		.syntax unified
 1240              		.thumb
 1241              		.thumb_func
 1243              	mem_free_callback:
 1244              	.LVL124:
 1245              	.LFB190:
 644:../../Middlewares/Third_Party/LwIP/src/api/tcpip.c **** 
 645:../../Middlewares/Third_Party/LwIP/src/api/tcpip.c **** /**
 646:../../Middlewares/Third_Party/LwIP/src/api/tcpip.c ****  * A simple wrapper function that allows you to free heap memory from
 647:../../Middlewares/Third_Party/LwIP/src/api/tcpip.c ****  * interrupt context.
 648:../../Middlewares/Third_Party/LwIP/src/api/tcpip.c ****  *
 649:../../Middlewares/Third_Party/LwIP/src/api/tcpip.c ****  * @param m the heap memory to free
 650:../../Middlewares/Third_Party/LwIP/src/api/tcpip.c ****  * @return ERR_OK if callback could be enqueued, an err_t if not
 651:../../Middlewares/Third_Party/LwIP/src/api/tcpip.c ****  */
 652:../../Middlewares/Third_Party/LwIP/src/api/tcpip.c **** err_t
 653:../../Middlewares/Third_Party/LwIP/src/api/tcpip.c **** mem_free_callback(void *m)
 654:../../Middlewares/Third_Party/LwIP/src/api/tcpip.c **** {
 1246              		.loc 1 654 1 is_stmt 1 view -0
 1247              		.cfi_startproc
 1248              		@ args = 0, pretend = 0, frame = 0
 1249              		@ frame_needed = 0, uses_anonymous_args = 0
 1250              		.loc 1 654 1 is_stmt 0 view .LVU303
 1251 0000 08B5     		push	{r3, lr}
ARM GAS  /var/folders/2r/mdtt8xvd351gdc398t28_m2m0000gn/T//ccW7nwnP.s 			page 39


 1252              	.LCFI20:
 1253              		.cfi_def_cfa_offset 8
 1254              		.cfi_offset 3, -8
 1255              		.cfi_offset 14, -4
 1256 0002 0146     		mov	r1, r0
 655:../../Middlewares/Third_Party/LwIP/src/api/tcpip.c ****   return tcpip_try_callback(mem_free, m);
 1257              		.loc 1 655 3 is_stmt 1 view .LVU304
 1258              		.loc 1 655 10 is_stmt 0 view .LVU305
 1259 0004 0148     		ldr	r0, .L104
 1260              	.LVL125:
 1261              		.loc 1 655 10 view .LVU306
 1262 0006 FFF7FEFF 		bl	tcpip_try_callback
 1263              	.LVL126:
 656:../../Middlewares/Third_Party/LwIP/src/api/tcpip.c **** }
 1264              		.loc 1 656 1 view .LVU307
 1265 000a 08BD     		pop	{r3, pc}
 1266              	.L105:
 1267              		.align	2
 1268              	.L104:
 1269 000c 00000000 		.word	mem_free
 1270              		.cfi_endproc
 1271              	.LFE190:
 1273              		.global	lock_tcpip_core
 1274              		.section	.bss.lock_tcpip_core,"aw",%nobits
 1275              		.align	2
 1278              	lock_tcpip_core:
 1279 0000 00000000 		.space	4
 1280              		.section	.bss.tcpip_mbox,"aw",%nobits
 1281              		.align	2
 1284              	tcpip_mbox:
 1285 0000 00000000 		.space	4
 1286              		.section	.bss.tcpip_init_done_arg,"aw",%nobits
 1287              		.align	2
 1290              	tcpip_init_done_arg:
 1291 0000 00000000 		.space	4
 1292              		.section	.bss.tcpip_init_done,"aw",%nobits
 1293              		.align	2
 1296              	tcpip_init_done:
 1297 0000 00000000 		.space	4
 1298              		.text
 1299              	.Letext0:
 1300              		.file 2 "/Applications/ArmGNUToolchain/14.3.rel1/arm-none-eabi/arm-none-eabi/include/machine/_defa
 1301              		.file 3 "/Applications/ArmGNUToolchain/14.3.rel1/arm-none-eabi/arm-none-eabi/include/sys/_stdint.h
 1302              		.file 4 "../../Middlewares/Third_Party/LwIP/src/include/lwip/arch.h"
 1303              		.file 5 "../../Middlewares/Third_Party/LwIP/src/include/lwip/err.h"
 1304              		.file 6 "../../Middlewares/Third_Party/FreeRTOS/Source/CMSIS_RTOS_V2/cmsis_os2.h"
 1305              		.file 7 "../../Middlewares/Third_Party/LwIP/system/arch/sys_arch.h"
 1306              		.file 8 "../../Middlewares/Third_Party/LwIP/src/include/lwip/sys.h"
 1307              		.file 9 "../../Middlewares/Third_Party/LwIP/src/include/lwip/ip4_addr.h"
 1308              		.file 10 "../../Middlewares/Third_Party/LwIP/src/include/lwip/ip_addr.h"
 1309              		.file 11 "../../Middlewares/Third_Party/LwIP/src/include/lwip/pbuf.h"
 1310              		.file 12 "../../Middlewares/Third_Party/LwIP/src/include/lwip/memp.h"
 1311              		.file 13 "../../Middlewares/Third_Party/LwIP/src/include/lwip/netif.h"
 1312              		.file 14 "../../Middlewares/Third_Party/LwIP/src/include/lwip/tcpip.h"
 1313              		.file 15 "../../Middlewares/Third_Party/LwIP/src/include/lwip/priv/tcpip_priv.h"
 1314              		.file 16 "../../Middlewares/Third_Party/LwIP/src/include/lwip/timeouts.h"
 1315              		.file 17 "../../Middlewares/Third_Party/LwIP/src/include/lwip/init.h"
ARM GAS  /var/folders/2r/mdtt8xvd351gdc398t28_m2m0000gn/T//ccW7nwnP.s 			page 40


 1316              		.file 18 "../../Middlewares/Third_Party/LwIP/src/include/lwip/mem.h"
 1317              		.file 19 "../../Middlewares/Third_Party/LwIP/src/include/lwip/ip4.h"
 1318              		.file 20 "../../Middlewares/Third_Party/LwIP/src/include/netif/ethernet.h"
 1319              		.file 21 "/Applications/ArmGNUToolchain/14.3.rel1/arm-none-eabi/arm-none-eabi/include/stdio.h"
ARM GAS  /var/folders/2r/mdtt8xvd351gdc398t28_m2m0000gn/T//ccW7nwnP.s 			page 41


DEFINED SYMBOLS
                            *ABS*:00000000 tcpip.c
/var/folders/2r/mdtt8xvd351gdc398t28_m2m0000gn/T//ccW7nwnP.s:19     .text.tcpip_timeouts_mbox_fetch:00000000 $t
/var/folders/2r/mdtt8xvd351gdc398t28_m2m0000gn/T//ccW7nwnP.s:24     .text.tcpip_timeouts_mbox_fetch:00000000 tcpip_timeouts_mbox_fetch
/var/folders/2r/mdtt8xvd351gdc398t28_m2m0000gn/T//ccW7nwnP.s:125    .text.tcpip_timeouts_mbox_fetch:0000005c $d
/var/folders/2r/mdtt8xvd351gdc398t28_m2m0000gn/T//ccW7nwnP.s:1278   .bss.lock_tcpip_core:00000000 lock_tcpip_core
/var/folders/2r/mdtt8xvd351gdc398t28_m2m0000gn/T//ccW7nwnP.s:130    .rodata.tcpip_thread_handle_msg.str1.4:00000000 $d
/var/folders/2r/mdtt8xvd351gdc398t28_m2m0000gn/T//ccW7nwnP.s:140    .text.tcpip_thread_handle_msg:00000000 $t
/var/folders/2r/mdtt8xvd351gdc398t28_m2m0000gn/T//ccW7nwnP.s:145    .text.tcpip_thread_handle_msg:00000000 tcpip_thread_handle_msg
/var/folders/2r/mdtt8xvd351gdc398t28_m2m0000gn/T//ccW7nwnP.s:254    .text.tcpip_thread_handle_msg:00000054 $d
/var/folders/2r/mdtt8xvd351gdc398t28_m2m0000gn/T//ccW7nwnP.s:261    .text.tcpip_thread:00000000 $t
/var/folders/2r/mdtt8xvd351gdc398t28_m2m0000gn/T//ccW7nwnP.s:266    .text.tcpip_thread:00000000 tcpip_thread
/var/folders/2r/mdtt8xvd351gdc398t28_m2m0000gn/T//ccW7nwnP.s:339    .text.tcpip_thread:00000038 $d
/var/folders/2r/mdtt8xvd351gdc398t28_m2m0000gn/T//ccW7nwnP.s:1296   .bss.tcpip_init_done:00000000 tcpip_init_done
/var/folders/2r/mdtt8xvd351gdc398t28_m2m0000gn/T//ccW7nwnP.s:1290   .bss.tcpip_init_done_arg:00000000 tcpip_init_done_arg
/var/folders/2r/mdtt8xvd351gdc398t28_m2m0000gn/T//ccW7nwnP.s:1284   .bss.tcpip_mbox:00000000 tcpip_mbox
/var/folders/2r/mdtt8xvd351gdc398t28_m2m0000gn/T//ccW7nwnP.s:350    .text.pbuf_free_int:00000000 $t
/var/folders/2r/mdtt8xvd351gdc398t28_m2m0000gn/T//ccW7nwnP.s:355    .text.pbuf_free_int:00000000 pbuf_free_int
/var/folders/2r/mdtt8xvd351gdc398t28_m2m0000gn/T//ccW7nwnP.s:379    .rodata.tcpip_inpkt.str1.4:00000000 $d
/var/folders/2r/mdtt8xvd351gdc398t28_m2m0000gn/T//ccW7nwnP.s:383    .text.tcpip_inpkt:00000000 $t
/var/folders/2r/mdtt8xvd351gdc398t28_m2m0000gn/T//ccW7nwnP.s:389    .text.tcpip_inpkt:00000000 tcpip_inpkt
/var/folders/2r/mdtt8xvd351gdc398t28_m2m0000gn/T//ccW7nwnP.s:489    .text.tcpip_inpkt:00000054 $d
/var/folders/2r/mdtt8xvd351gdc398t28_m2m0000gn/T//ccW7nwnP.s:497    .text.tcpip_input:00000000 $t
/var/folders/2r/mdtt8xvd351gdc398t28_m2m0000gn/T//ccW7nwnP.s:503    .text.tcpip_input:00000000 tcpip_input
/var/folders/2r/mdtt8xvd351gdc398t28_m2m0000gn/T//ccW7nwnP.s:542    .text.tcpip_input:0000001c $d
/var/folders/2r/mdtt8xvd351gdc398t28_m2m0000gn/T//ccW7nwnP.s:548    .text.tcpip_callback:00000000 $t
/var/folders/2r/mdtt8xvd351gdc398t28_m2m0000gn/T//ccW7nwnP.s:554    .text.tcpip_callback:00000000 tcpip_callback
/var/folders/2r/mdtt8xvd351gdc398t28_m2m0000gn/T//ccW7nwnP.s:636    .text.tcpip_callback:00000040 $d
/var/folders/2r/mdtt8xvd351gdc398t28_m2m0000gn/T//ccW7nwnP.s:644    .text.tcpip_try_callback:00000000 $t
/var/folders/2r/mdtt8xvd351gdc398t28_m2m0000gn/T//ccW7nwnP.s:650    .text.tcpip_try_callback:00000000 tcpip_try_callback
/var/folders/2r/mdtt8xvd351gdc398t28_m2m0000gn/T//ccW7nwnP.s:744    .text.tcpip_try_callback:00000050 $d
/var/folders/2r/mdtt8xvd351gdc398t28_m2m0000gn/T//ccW7nwnP.s:752    .text.tcpip_send_msg_wait_sem:00000000 $t
/var/folders/2r/mdtt8xvd351gdc398t28_m2m0000gn/T//ccW7nwnP.s:758    .text.tcpip_send_msg_wait_sem:00000000 tcpip_send_msg_wait_sem
/var/folders/2r/mdtt8xvd351gdc398t28_m2m0000gn/T//ccW7nwnP.s:800    .text.tcpip_send_msg_wait_sem:0000001c $d
/var/folders/2r/mdtt8xvd351gdc398t28_m2m0000gn/T//ccW7nwnP.s:805    .text.tcpip_api_call:00000000 $t
/var/folders/2r/mdtt8xvd351gdc398t28_m2m0000gn/T//ccW7nwnP.s:811    .text.tcpip_api_call:00000000 tcpip_api_call
/var/folders/2r/mdtt8xvd351gdc398t28_m2m0000gn/T//ccW7nwnP.s:856    .text.tcpip_api_call:00000020 $d
/var/folders/2r/mdtt8xvd351gdc398t28_m2m0000gn/T//ccW7nwnP.s:861    .text.tcpip_callbackmsg_new:00000000 $t
/var/folders/2r/mdtt8xvd351gdc398t28_m2m0000gn/T//ccW7nwnP.s:867    .text.tcpip_callbackmsg_new:00000000 tcpip_callbackmsg_new
/var/folders/2r/mdtt8xvd351gdc398t28_m2m0000gn/T//ccW7nwnP.s:917    .text.tcpip_callbackmsg_delete:00000000 $t
/var/folders/2r/mdtt8xvd351gdc398t28_m2m0000gn/T//ccW7nwnP.s:923    .text.tcpip_callbackmsg_delete:00000000 tcpip_callbackmsg_delete
/var/folders/2r/mdtt8xvd351gdc398t28_m2m0000gn/T//ccW7nwnP.s:949    .text.tcpip_callbackmsg_trycallback:00000000 $t
/var/folders/2r/mdtt8xvd351gdc398t28_m2m0000gn/T//ccW7nwnP.s:955    .text.tcpip_callbackmsg_trycallback:00000000 tcpip_callbackmsg_trycallback
/var/folders/2r/mdtt8xvd351gdc398t28_m2m0000gn/T//ccW7nwnP.s:1003   .text.tcpip_callbackmsg_trycallback:00000028 $d
/var/folders/2r/mdtt8xvd351gdc398t28_m2m0000gn/T//ccW7nwnP.s:1011   .text.tcpip_callbackmsg_trycallback_fromisr:00000000 $t
/var/folders/2r/mdtt8xvd351gdc398t28_m2m0000gn/T//ccW7nwnP.s:1017   .text.tcpip_callbackmsg_trycallback_fromisr:00000000 tcpip_callbackmsg_trycallback_fromisr
/var/folders/2r/mdtt8xvd351gdc398t28_m2m0000gn/T//ccW7nwnP.s:1065   .text.tcpip_callbackmsg_trycallback_fromisr:00000028 $d
/var/folders/2r/mdtt8xvd351gdc398t28_m2m0000gn/T//ccW7nwnP.s:1073   .rodata.tcpip_init.str1.4:00000000 $d
/var/folders/2r/mdtt8xvd351gdc398t28_m2m0000gn/T//ccW7nwnP.s:1083   .text.tcpip_init:00000000 $t
/var/folders/2r/mdtt8xvd351gdc398t28_m2m0000gn/T//ccW7nwnP.s:1089   .text.tcpip_init:00000000 tcpip_init
/var/folders/2r/mdtt8xvd351gdc398t28_m2m0000gn/T//ccW7nwnP.s:1186   .text.tcpip_init:0000005c $d
/var/folders/2r/mdtt8xvd351gdc398t28_m2m0000gn/T//ccW7nwnP.s:1200   .text.pbuf_free_callback:00000000 $t
/var/folders/2r/mdtt8xvd351gdc398t28_m2m0000gn/T//ccW7nwnP.s:1206   .text.pbuf_free_callback:00000000 pbuf_free_callback
/var/folders/2r/mdtt8xvd351gdc398t28_m2m0000gn/T//ccW7nwnP.s:1232   .text.pbuf_free_callback:0000000c $d
/var/folders/2r/mdtt8xvd351gdc398t28_m2m0000gn/T//ccW7nwnP.s:1237   .text.mem_free_callback:00000000 $t
/var/folders/2r/mdtt8xvd351gdc398t28_m2m0000gn/T//ccW7nwnP.s:1243   .text.mem_free_callback:00000000 mem_free_callback
/var/folders/2r/mdtt8xvd351gdc398t28_m2m0000gn/T//ccW7nwnP.s:1269   .text.mem_free_callback:0000000c $d
ARM GAS  /var/folders/2r/mdtt8xvd351gdc398t28_m2m0000gn/T//ccW7nwnP.s 			page 42


/var/folders/2r/mdtt8xvd351gdc398t28_m2m0000gn/T//ccW7nwnP.s:1275   .bss.lock_tcpip_core:00000000 $d
/var/folders/2r/mdtt8xvd351gdc398t28_m2m0000gn/T//ccW7nwnP.s:1281   .bss.tcpip_mbox:00000000 $d
/var/folders/2r/mdtt8xvd351gdc398t28_m2m0000gn/T//ccW7nwnP.s:1287   .bss.tcpip_init_done_arg:00000000 $d
/var/folders/2r/mdtt8xvd351gdc398t28_m2m0000gn/T//ccW7nwnP.s:1293   .bss.tcpip_init_done:00000000 $d

UNDEFINED SYMBOLS
sys_mutex_unlock
sys_arch_mbox_fetch
sys_mutex_lock
sys_check_timeouts
sys_timeouts_sleeptime
memp_free
pbuf_free
printf
sys_mbox_valid
memp_malloc
sys_mbox_trypost
ethernet_input
ip4_input
sys_mbox_post
sys_mbox_trypost_fromisr
lwip_init
sys_mbox_new
sys_mutex_new
sys_thread_new
mem_free
