ARM GAS  /var/folders/2r/mdtt8xvd351gdc398t28_m2m0000gn/T//ccT8wITP.s 			page 1


   1              		.cpu cortex-m4
   2              		.arch armv7e-m
   3              		.fpu softvfp
   4              		.eabi_attribute 20, 1
   5              		.eabi_attribute 21, 1
   6              		.eabi_attribute 23, 3
   7              		.eabi_attribute 24, 1
   8              		.eabi_attribute 25, 1
   9              		.eabi_attribute 26, 1
  10              		.eabi_attribute 30, 1
  11              		.eabi_attribute 34, 1
  12              		.eabi_attribute 18, 4
  13              		.file	"stm32h7xx_hal_rcc.c"
  14              		.text
  15              	.Ltext0:
  16              		.cfi_sections	.debug_frame
  17              		.file 1 "../../Drivers/STM32H7xx_HAL_Driver/Src/stm32h7xx_hal_rcc.c"
  18              		.section	.text.HAL_RCC_DeInit,"ax",%progbits
  19              		.align	1
  20              		.global	HAL_RCC_DeInit
  21              		.syntax unified
  22              		.thumb
  23              		.thumb_func
  25              	HAL_RCC_DeInit:
  26              	.LFB132:
   1:../../Drivers/STM32H7xx_HAL_Driver/Src/stm32h7xx_hal_rcc.c **** /**
   2:../../Drivers/STM32H7xx_HAL_Driver/Src/stm32h7xx_hal_rcc.c ****   ******************************************************************************
   3:../../Drivers/STM32H7xx_HAL_Driver/Src/stm32h7xx_hal_rcc.c ****   * @file    stm32h7xx_hal_rcc.c
   4:../../Drivers/STM32H7xx_HAL_Driver/Src/stm32h7xx_hal_rcc.c ****   * @author  MCD Application Team
   5:../../Drivers/STM32H7xx_HAL_Driver/Src/stm32h7xx_hal_rcc.c ****   * @brief   RCC HAL module driver.
   6:../../Drivers/STM32H7xx_HAL_Driver/Src/stm32h7xx_hal_rcc.c ****   *          This file provides firmware functions to manage the following
   7:../../Drivers/STM32H7xx_HAL_Driver/Src/stm32h7xx_hal_rcc.c ****   *          functionalities of the Reset and Clock Control (RCC) peripheral:
   8:../../Drivers/STM32H7xx_HAL_Driver/Src/stm32h7xx_hal_rcc.c ****   *           + Initialization and de-initialization functions
   9:../../Drivers/STM32H7xx_HAL_Driver/Src/stm32h7xx_hal_rcc.c ****   *           + Peripheral Control functions
  10:../../Drivers/STM32H7xx_HAL_Driver/Src/stm32h7xx_hal_rcc.c ****   *
  11:../../Drivers/STM32H7xx_HAL_Driver/Src/stm32h7xx_hal_rcc.c ****   @verbatim
  12:../../Drivers/STM32H7xx_HAL_Driver/Src/stm32h7xx_hal_rcc.c ****   ==============================================================================
  13:../../Drivers/STM32H7xx_HAL_Driver/Src/stm32h7xx_hal_rcc.c ****                       ##### RCC specific features #####
  14:../../Drivers/STM32H7xx_HAL_Driver/Src/stm32h7xx_hal_rcc.c ****   ==============================================================================
  15:../../Drivers/STM32H7xx_HAL_Driver/Src/stm32h7xx_hal_rcc.c ****     [..]
  16:../../Drivers/STM32H7xx_HAL_Driver/Src/stm32h7xx_hal_rcc.c ****       After reset the device is running from Internal High Speed oscillator
  17:../../Drivers/STM32H7xx_HAL_Driver/Src/stm32h7xx_hal_rcc.c ****       (HSI 64MHz) with Flash 0 wait state,and all peripherals are off except
  18:../../Drivers/STM32H7xx_HAL_Driver/Src/stm32h7xx_hal_rcc.c ****       internal SRAM, Flash, JTAG and PWR
  19:../../Drivers/STM32H7xx_HAL_Driver/Src/stm32h7xx_hal_rcc.c ****       (+) There is no pre-scaler on High speed (AHB) and Low speed (APB) buses;
  20:../../Drivers/STM32H7xx_HAL_Driver/Src/stm32h7xx_hal_rcc.c ****           all peripherals mapped on these buses are running at HSI speed.
  21:../../Drivers/STM32H7xx_HAL_Driver/Src/stm32h7xx_hal_rcc.c ****       (+) The clock for all peripherals is switched off, except the SRAM and FLASH.
  22:../../Drivers/STM32H7xx_HAL_Driver/Src/stm32h7xx_hal_rcc.c ****       (+) All GPIOs are in analogue mode , except the JTAG pins which
  23:../../Drivers/STM32H7xx_HAL_Driver/Src/stm32h7xx_hal_rcc.c ****           are assigned to be used for debug purpose.
  24:../../Drivers/STM32H7xx_HAL_Driver/Src/stm32h7xx_hal_rcc.c **** 
  25:../../Drivers/STM32H7xx_HAL_Driver/Src/stm32h7xx_hal_rcc.c ****     [..]
  26:../../Drivers/STM32H7xx_HAL_Driver/Src/stm32h7xx_hal_rcc.c ****       Once the device started from reset, the user application has to:
  27:../../Drivers/STM32H7xx_HAL_Driver/Src/stm32h7xx_hal_rcc.c ****       (+) Configure the clock source to be used to drive the System clock
  28:../../Drivers/STM32H7xx_HAL_Driver/Src/stm32h7xx_hal_rcc.c ****           (if the application needs higher frequency/performance)
  29:../../Drivers/STM32H7xx_HAL_Driver/Src/stm32h7xx_hal_rcc.c ****       (+) Configure the System clock frequency and Flash settings
  30:../../Drivers/STM32H7xx_HAL_Driver/Src/stm32h7xx_hal_rcc.c ****       (+) Configure the AHB and APB buses pre-scalers
  31:../../Drivers/STM32H7xx_HAL_Driver/Src/stm32h7xx_hal_rcc.c ****       (+) Enable the clock for the peripheral(s) to be used
  32:../../Drivers/STM32H7xx_HAL_Driver/Src/stm32h7xx_hal_rcc.c ****       (+) Configure the clock kernel source(s) for peripherals which clocks are not
ARM GAS  /var/folders/2r/mdtt8xvd351gdc398t28_m2m0000gn/T//ccT8wITP.s 			page 2


  33:../../Drivers/STM32H7xx_HAL_Driver/Src/stm32h7xx_hal_rcc.c ****           derived from the System clock through :RCC_D1CCIPR,RCC_D2CCIP1R,RCC_D2CCIP2R
  34:../../Drivers/STM32H7xx_HAL_Driver/Src/stm32h7xx_hal_rcc.c ****           and RCC_D3CCIPR registers
  35:../../Drivers/STM32H7xx_HAL_Driver/Src/stm32h7xx_hal_rcc.c **** 
  36:../../Drivers/STM32H7xx_HAL_Driver/Src/stm32h7xx_hal_rcc.c ****                       ##### RCC Limitations #####
  37:../../Drivers/STM32H7xx_HAL_Driver/Src/stm32h7xx_hal_rcc.c ****   ==============================================================================
  38:../../Drivers/STM32H7xx_HAL_Driver/Src/stm32h7xx_hal_rcc.c ****     [..]
  39:../../Drivers/STM32H7xx_HAL_Driver/Src/stm32h7xx_hal_rcc.c ****       A delay between an RCC peripheral clock enable and the effective peripheral
  40:../../Drivers/STM32H7xx_HAL_Driver/Src/stm32h7xx_hal_rcc.c ****       enabling should be taken into account in order to manage the peripheral read/write
  41:../../Drivers/STM32H7xx_HAL_Driver/Src/stm32h7xx_hal_rcc.c ****       from/to registers.
  42:../../Drivers/STM32H7xx_HAL_Driver/Src/stm32h7xx_hal_rcc.c ****       (+) This delay depends on the peripheral mapping.
  43:../../Drivers/STM32H7xx_HAL_Driver/Src/stm32h7xx_hal_rcc.c ****       (+) If peripheral is mapped on AHB: the delay is 2 AHB clock cycle
  44:../../Drivers/STM32H7xx_HAL_Driver/Src/stm32h7xx_hal_rcc.c ****           after the clock enable bit is set on the hardware register
  45:../../Drivers/STM32H7xx_HAL_Driver/Src/stm32h7xx_hal_rcc.c ****       (+) If peripheral is mapped on APB: the delay is 2 APB clock cycle
  46:../../Drivers/STM32H7xx_HAL_Driver/Src/stm32h7xx_hal_rcc.c ****           after the clock enable bit is set on the hardware register
  47:../../Drivers/STM32H7xx_HAL_Driver/Src/stm32h7xx_hal_rcc.c **** 
  48:../../Drivers/STM32H7xx_HAL_Driver/Src/stm32h7xx_hal_rcc.c ****     [..]
  49:../../Drivers/STM32H7xx_HAL_Driver/Src/stm32h7xx_hal_rcc.c ****       Implemented Workaround:
  50:../../Drivers/STM32H7xx_HAL_Driver/Src/stm32h7xx_hal_rcc.c ****       (+) For AHB & APB peripherals, a dummy read to the peripheral register has been
  51:../../Drivers/STM32H7xx_HAL_Driver/Src/stm32h7xx_hal_rcc.c ****           inserted in each __HAL_RCC_PPP_CLK_ENABLE() macro.
  52:../../Drivers/STM32H7xx_HAL_Driver/Src/stm32h7xx_hal_rcc.c **** 
  53:../../Drivers/STM32H7xx_HAL_Driver/Src/stm32h7xx_hal_rcc.c ****   @endverbatim
  54:../../Drivers/STM32H7xx_HAL_Driver/Src/stm32h7xx_hal_rcc.c ****  ******************************************************************************
  55:../../Drivers/STM32H7xx_HAL_Driver/Src/stm32h7xx_hal_rcc.c ****   * @attention
  56:../../Drivers/STM32H7xx_HAL_Driver/Src/stm32h7xx_hal_rcc.c ****   *
  57:../../Drivers/STM32H7xx_HAL_Driver/Src/stm32h7xx_hal_rcc.c ****   * Copyright (c) 2017 STMicroelectronics.
  58:../../Drivers/STM32H7xx_HAL_Driver/Src/stm32h7xx_hal_rcc.c ****   * All rights reserved.
  59:../../Drivers/STM32H7xx_HAL_Driver/Src/stm32h7xx_hal_rcc.c ****   *
  60:../../Drivers/STM32H7xx_HAL_Driver/Src/stm32h7xx_hal_rcc.c ****   * This software is licensed under terms that can be found in the LICENSE file in
  61:../../Drivers/STM32H7xx_HAL_Driver/Src/stm32h7xx_hal_rcc.c ****   * the root directory of this software component.
  62:../../Drivers/STM32H7xx_HAL_Driver/Src/stm32h7xx_hal_rcc.c ****   * If no LICENSE file comes with this software, it is provided AS-IS.
  63:../../Drivers/STM32H7xx_HAL_Driver/Src/stm32h7xx_hal_rcc.c ****   ******************************************************************************
  64:../../Drivers/STM32H7xx_HAL_Driver/Src/stm32h7xx_hal_rcc.c ****   */
  65:../../Drivers/STM32H7xx_HAL_Driver/Src/stm32h7xx_hal_rcc.c **** 
  66:../../Drivers/STM32H7xx_HAL_Driver/Src/stm32h7xx_hal_rcc.c **** /* Includes ------------------------------------------------------------------*/
  67:../../Drivers/STM32H7xx_HAL_Driver/Src/stm32h7xx_hal_rcc.c **** #include "stm32h7xx_hal.h"
  68:../../Drivers/STM32H7xx_HAL_Driver/Src/stm32h7xx_hal_rcc.c **** 
  69:../../Drivers/STM32H7xx_HAL_Driver/Src/stm32h7xx_hal_rcc.c **** /** @addtogroup STM32H7xx_HAL_Driver
  70:../../Drivers/STM32H7xx_HAL_Driver/Src/stm32h7xx_hal_rcc.c ****   * @{
  71:../../Drivers/STM32H7xx_HAL_Driver/Src/stm32h7xx_hal_rcc.c ****   */
  72:../../Drivers/STM32H7xx_HAL_Driver/Src/stm32h7xx_hal_rcc.c **** 
  73:../../Drivers/STM32H7xx_HAL_Driver/Src/stm32h7xx_hal_rcc.c **** /** @defgroup RCC  RCC
  74:../../Drivers/STM32H7xx_HAL_Driver/Src/stm32h7xx_hal_rcc.c ****   * @brief RCC HAL module driver
  75:../../Drivers/STM32H7xx_HAL_Driver/Src/stm32h7xx_hal_rcc.c ****   * @{
  76:../../Drivers/STM32H7xx_HAL_Driver/Src/stm32h7xx_hal_rcc.c ****   */
  77:../../Drivers/STM32H7xx_HAL_Driver/Src/stm32h7xx_hal_rcc.c **** 
  78:../../Drivers/STM32H7xx_HAL_Driver/Src/stm32h7xx_hal_rcc.c **** #ifdef HAL_RCC_MODULE_ENABLED
  79:../../Drivers/STM32H7xx_HAL_Driver/Src/stm32h7xx_hal_rcc.c **** 
  80:../../Drivers/STM32H7xx_HAL_Driver/Src/stm32h7xx_hal_rcc.c **** /* Private typedef -----------------------------------------------------------*/
  81:../../Drivers/STM32H7xx_HAL_Driver/Src/stm32h7xx_hal_rcc.c **** /* Private define ------------------------------------------------------------*/
  82:../../Drivers/STM32H7xx_HAL_Driver/Src/stm32h7xx_hal_rcc.c **** /* Private macro -------------------------------------------------------------*/
  83:../../Drivers/STM32H7xx_HAL_Driver/Src/stm32h7xx_hal_rcc.c **** /** @defgroup RCC_Private_Macros RCC Private Macros
  84:../../Drivers/STM32H7xx_HAL_Driver/Src/stm32h7xx_hal_rcc.c ****   * @{
  85:../../Drivers/STM32H7xx_HAL_Driver/Src/stm32h7xx_hal_rcc.c ****   */
  86:../../Drivers/STM32H7xx_HAL_Driver/Src/stm32h7xx_hal_rcc.c **** #define MCO1_CLK_ENABLE()     __HAL_RCC_GPIOA_CLK_ENABLE()
  87:../../Drivers/STM32H7xx_HAL_Driver/Src/stm32h7xx_hal_rcc.c **** #define MCO1_GPIO_PORT        GPIOA
  88:../../Drivers/STM32H7xx_HAL_Driver/Src/stm32h7xx_hal_rcc.c **** #define MCO1_PIN              GPIO_PIN_8
  89:../../Drivers/STM32H7xx_HAL_Driver/Src/stm32h7xx_hal_rcc.c **** 
ARM GAS  /var/folders/2r/mdtt8xvd351gdc398t28_m2m0000gn/T//ccT8wITP.s 			page 3


  90:../../Drivers/STM32H7xx_HAL_Driver/Src/stm32h7xx_hal_rcc.c **** #define MCO2_CLK_ENABLE()      __HAL_RCC_GPIOC_CLK_ENABLE()
  91:../../Drivers/STM32H7xx_HAL_Driver/Src/stm32h7xx_hal_rcc.c **** #define MCO2_GPIO_PORT         GPIOC
  92:../../Drivers/STM32H7xx_HAL_Driver/Src/stm32h7xx_hal_rcc.c **** #define MCO2_PIN               GPIO_PIN_9
  93:../../Drivers/STM32H7xx_HAL_Driver/Src/stm32h7xx_hal_rcc.c **** 
  94:../../Drivers/STM32H7xx_HAL_Driver/Src/stm32h7xx_hal_rcc.c **** /**
  95:../../Drivers/STM32H7xx_HAL_Driver/Src/stm32h7xx_hal_rcc.c ****   * @}
  96:../../Drivers/STM32H7xx_HAL_Driver/Src/stm32h7xx_hal_rcc.c ****   */
  97:../../Drivers/STM32H7xx_HAL_Driver/Src/stm32h7xx_hal_rcc.c **** /* Private variables ---------------------------------------------------------*/
  98:../../Drivers/STM32H7xx_HAL_Driver/Src/stm32h7xx_hal_rcc.c **** /** @defgroup RCC_Private_Variables RCC Private Variables
  99:../../Drivers/STM32H7xx_HAL_Driver/Src/stm32h7xx_hal_rcc.c ****   * @{
 100:../../Drivers/STM32H7xx_HAL_Driver/Src/stm32h7xx_hal_rcc.c ****   */
 101:../../Drivers/STM32H7xx_HAL_Driver/Src/stm32h7xx_hal_rcc.c **** 
 102:../../Drivers/STM32H7xx_HAL_Driver/Src/stm32h7xx_hal_rcc.c **** /**
 103:../../Drivers/STM32H7xx_HAL_Driver/Src/stm32h7xx_hal_rcc.c ****   * @}
 104:../../Drivers/STM32H7xx_HAL_Driver/Src/stm32h7xx_hal_rcc.c ****   */
 105:../../Drivers/STM32H7xx_HAL_Driver/Src/stm32h7xx_hal_rcc.c **** /* Private function prototypes -----------------------------------------------*/
 106:../../Drivers/STM32H7xx_HAL_Driver/Src/stm32h7xx_hal_rcc.c **** /* Exported functions --------------------------------------------------------*/
 107:../../Drivers/STM32H7xx_HAL_Driver/Src/stm32h7xx_hal_rcc.c **** 
 108:../../Drivers/STM32H7xx_HAL_Driver/Src/stm32h7xx_hal_rcc.c **** /** @defgroup RCC_Exported_Functions RCC Exported Functions
 109:../../Drivers/STM32H7xx_HAL_Driver/Src/stm32h7xx_hal_rcc.c ****   * @{
 110:../../Drivers/STM32H7xx_HAL_Driver/Src/stm32h7xx_hal_rcc.c ****   */
 111:../../Drivers/STM32H7xx_HAL_Driver/Src/stm32h7xx_hal_rcc.c **** 
 112:../../Drivers/STM32H7xx_HAL_Driver/Src/stm32h7xx_hal_rcc.c **** /** @defgroup RCC_Exported_Functions_Group1 Initialization and de-initialization functions
 113:../../Drivers/STM32H7xx_HAL_Driver/Src/stm32h7xx_hal_rcc.c ****  *  @brief    Initialization and Configuration functions
 114:../../Drivers/STM32H7xx_HAL_Driver/Src/stm32h7xx_hal_rcc.c ****  *
 115:../../Drivers/STM32H7xx_HAL_Driver/Src/stm32h7xx_hal_rcc.c **** @verbatim
 116:../../Drivers/STM32H7xx_HAL_Driver/Src/stm32h7xx_hal_rcc.c ****  ===============================================================================
 117:../../Drivers/STM32H7xx_HAL_Driver/Src/stm32h7xx_hal_rcc.c ****            ##### Initialization and de-initialization functions #####
 118:../../Drivers/STM32H7xx_HAL_Driver/Src/stm32h7xx_hal_rcc.c ****  ===============================================================================
 119:../../Drivers/STM32H7xx_HAL_Driver/Src/stm32h7xx_hal_rcc.c ****     [..]
 120:../../Drivers/STM32H7xx_HAL_Driver/Src/stm32h7xx_hal_rcc.c ****       This section provides functions allowing to configure the internal/external oscillators
 121:../../Drivers/STM32H7xx_HAL_Driver/Src/stm32h7xx_hal_rcc.c ****       (HSE, HSI, LSE,CSI, LSI,HSI48, PLL, CSS and MCO) and the System buses clocks (SYSCLK, AHB3, A
 122:../../Drivers/STM32H7xx_HAL_Driver/Src/stm32h7xx_hal_rcc.c ****        AHB2,AHB4,APB3, APB1L, APB1H, APB2, and APB4).
 123:../../Drivers/STM32H7xx_HAL_Driver/Src/stm32h7xx_hal_rcc.c **** 
 124:../../Drivers/STM32H7xx_HAL_Driver/Src/stm32h7xx_hal_rcc.c ****     [..] Internal/external clock and PLL configuration
 125:../../Drivers/STM32H7xx_HAL_Driver/Src/stm32h7xx_hal_rcc.c ****          (#) HSI (high-speed internal), 64 MHz factory-trimmed RC used directly or through
 126:../../Drivers/STM32H7xx_HAL_Driver/Src/stm32h7xx_hal_rcc.c ****              the PLL as System clock source.
 127:../../Drivers/STM32H7xx_HAL_Driver/Src/stm32h7xx_hal_rcc.c ****          (#) CSI is a low-power RC oscillator which can be used directly as system clock, periphera
 128:../../Drivers/STM32H7xx_HAL_Driver/Src/stm32h7xx_hal_rcc.c ****              clock, or PLL input.But even with frequency calibration, is less accurate than an
 129:../../Drivers/STM32H7xx_HAL_Driver/Src/stm32h7xx_hal_rcc.c ****              external crystal oscillator or ceramic resonator.
 130:../../Drivers/STM32H7xx_HAL_Driver/Src/stm32h7xx_hal_rcc.c ****          (#) LSI (low-speed internal), 32 KHz low consumption RC used as IWDG and/or RTC
 131:../../Drivers/STM32H7xx_HAL_Driver/Src/stm32h7xx_hal_rcc.c ****              clock source.
 132:../../Drivers/STM32H7xx_HAL_Driver/Src/stm32h7xx_hal_rcc.c **** 
 133:../../Drivers/STM32H7xx_HAL_Driver/Src/stm32h7xx_hal_rcc.c ****          (#) HSE (high-speed external), 4 to 48 MHz crystal oscillator used directly or
 134:../../Drivers/STM32H7xx_HAL_Driver/Src/stm32h7xx_hal_rcc.c ****              through the PLL as System clock source. Can be used also as RTC clock source.
 135:../../Drivers/STM32H7xx_HAL_Driver/Src/stm32h7xx_hal_rcc.c **** 
 136:../../Drivers/STM32H7xx_HAL_Driver/Src/stm32h7xx_hal_rcc.c ****          (#) LSE (low-speed external), 32 KHz oscillator used as RTC clock source.
 137:../../Drivers/STM32H7xx_HAL_Driver/Src/stm32h7xx_hal_rcc.c **** 
 138:../../Drivers/STM32H7xx_HAL_Driver/Src/stm32h7xx_hal_rcc.c ****          (#) PLL , The RCC features three independent PLLs (clocked by HSI , HSE or CSI),
 139:../../Drivers/STM32H7xx_HAL_Driver/Src/stm32h7xx_hal_rcc.c ****              featuring three different output clocks and able  to work either in integer or Fractio
 140:../../Drivers/STM32H7xx_HAL_Driver/Src/stm32h7xx_hal_rcc.c ****            (++) A main PLL, PLL1, which is generally used to provide clocks to the CPU
 141:../../Drivers/STM32H7xx_HAL_Driver/Src/stm32h7xx_hal_rcc.c ****                 and to some peripherals.
 142:../../Drivers/STM32H7xx_HAL_Driver/Src/stm32h7xx_hal_rcc.c ****            (++) Two dedicated PLLs, PLL2 and PLL3, which are used to generate the kernel clock for 
 143:../../Drivers/STM32H7xx_HAL_Driver/Src/stm32h7xx_hal_rcc.c **** 
 144:../../Drivers/STM32H7xx_HAL_Driver/Src/stm32h7xx_hal_rcc.c **** 
 145:../../Drivers/STM32H7xx_HAL_Driver/Src/stm32h7xx_hal_rcc.c ****          (#) CSS (Clock security system), once enabled and if a HSE clock failure occurs
 146:../../Drivers/STM32H7xx_HAL_Driver/Src/stm32h7xx_hal_rcc.c ****             (HSE used directly or through PLL as System clock source), the System clock
ARM GAS  /var/folders/2r/mdtt8xvd351gdc398t28_m2m0000gn/T//ccT8wITP.s 			page 4


 147:../../Drivers/STM32H7xx_HAL_Driver/Src/stm32h7xx_hal_rcc.c ****              is automatically switched to HSI and an interrupt is generated if enabled.
 148:../../Drivers/STM32H7xx_HAL_Driver/Src/stm32h7xx_hal_rcc.c ****              The interrupt is linked to the Cortex-M NMI (Non-Mask-able Interrupt)
 149:../../Drivers/STM32H7xx_HAL_Driver/Src/stm32h7xx_hal_rcc.c ****              exception vector.
 150:../../Drivers/STM32H7xx_HAL_Driver/Src/stm32h7xx_hal_rcc.c **** 
 151:../../Drivers/STM32H7xx_HAL_Driver/Src/stm32h7xx_hal_rcc.c ****          (#) MCO1 (micro controller clock output), used to output HSI, LSE, HSE, PLL1(PLL1_Q)
 152:../../Drivers/STM32H7xx_HAL_Driver/Src/stm32h7xx_hal_rcc.c ****              or HSI48 clock (through a configurable pre-scaler) on PA8 pin.
 153:../../Drivers/STM32H7xx_HAL_Driver/Src/stm32h7xx_hal_rcc.c **** 
 154:../../Drivers/STM32H7xx_HAL_Driver/Src/stm32h7xx_hal_rcc.c ****          (#) MCO2 (micro controller clock output), used to output HSE, PLL2(PLL2_P), SYSCLK,
 155:../../Drivers/STM32H7xx_HAL_Driver/Src/stm32h7xx_hal_rcc.c ****              LSI, CSI, or PLL1(PLL1_P) clock (through a configurable pre-scaler) on PC9 pin.
 156:../../Drivers/STM32H7xx_HAL_Driver/Src/stm32h7xx_hal_rcc.c **** 
 157:../../Drivers/STM32H7xx_HAL_Driver/Src/stm32h7xx_hal_rcc.c ****     [..] System, AHB and APB buses clocks configuration
 158:../../Drivers/STM32H7xx_HAL_Driver/Src/stm32h7xx_hal_rcc.c ****          (#) Several clock sources can be used to drive the System clock (SYSCLK): CSI,HSI,
 159:../../Drivers/STM32H7xx_HAL_Driver/Src/stm32h7xx_hal_rcc.c ****              HSE and PLL.
 160:../../Drivers/STM32H7xx_HAL_Driver/Src/stm32h7xx_hal_rcc.c ****              The AHB clock (HCLK) is derived from System core clock through configurable
 161:../../Drivers/STM32H7xx_HAL_Driver/Src/stm32h7xx_hal_rcc.c ****              pre-scaler and used to clock the CPU, memory and peripherals mapped
 162:../../Drivers/STM32H7xx_HAL_Driver/Src/stm32h7xx_hal_rcc.c ****              on AHB and APB bus of the 3 Domains (D1, D2, D3)* through configurable pre-scalers
 163:../../Drivers/STM32H7xx_HAL_Driver/Src/stm32h7xx_hal_rcc.c ****              and used to clock the peripherals mapped on these buses. You can use
 164:../../Drivers/STM32H7xx_HAL_Driver/Src/stm32h7xx_hal_rcc.c ****              "HAL_RCC_GetSysClockFreq()" function to retrieve system clock frequency.
 165:../../Drivers/STM32H7xx_HAL_Driver/Src/stm32h7xx_hal_rcc.c **** 
 166:../../Drivers/STM32H7xx_HAL_Driver/Src/stm32h7xx_hal_rcc.c ****          -@- All the peripheral clocks are derived from the System clock (SYSCLK) except those
 167:../../Drivers/STM32H7xx_HAL_Driver/Src/stm32h7xx_hal_rcc.c ****              with dual clock domain where kernel source clock could be selected through
 168:../../Drivers/STM32H7xx_HAL_Driver/Src/stm32h7xx_hal_rcc.c ****              RCC_D1CCIPR,RCC_D2CCIP1R,RCC_D2CCIP2R and RCC_D3CCIPR registers.
 169:../../Drivers/STM32H7xx_HAL_Driver/Src/stm32h7xx_hal_rcc.c **** 
 170:../../Drivers/STM32H7xx_HAL_Driver/Src/stm32h7xx_hal_rcc.c ****      (*) : 2 Domains (CD and SRD) for stm32h7a3xx and stm32h7b3xx family lines.
 171:../../Drivers/STM32H7xx_HAL_Driver/Src/stm32h7xx_hal_rcc.c **** @endverbatim
 172:../../Drivers/STM32H7xx_HAL_Driver/Src/stm32h7xx_hal_rcc.c ****   * @{
 173:../../Drivers/STM32H7xx_HAL_Driver/Src/stm32h7xx_hal_rcc.c ****   */
 174:../../Drivers/STM32H7xx_HAL_Driver/Src/stm32h7xx_hal_rcc.c **** 
 175:../../Drivers/STM32H7xx_HAL_Driver/Src/stm32h7xx_hal_rcc.c **** /**
 176:../../Drivers/STM32H7xx_HAL_Driver/Src/stm32h7xx_hal_rcc.c ****   * @brief  Resets the RCC clock configuration to the default reset state.
 177:../../Drivers/STM32H7xx_HAL_Driver/Src/stm32h7xx_hal_rcc.c ****   * @note   The default reset state of the clock configuration is given below:
 178:../../Drivers/STM32H7xx_HAL_Driver/Src/stm32h7xx_hal_rcc.c ****   *            - HSI ON and used as system clock source
 179:../../Drivers/STM32H7xx_HAL_Driver/Src/stm32h7xx_hal_rcc.c ****   *            - HSE, PLL1, PLL2 and PLL3 OFF
 180:../../Drivers/STM32H7xx_HAL_Driver/Src/stm32h7xx_hal_rcc.c ****   *            - AHB, APB Bus pre-scaler set to 1.
 181:../../Drivers/STM32H7xx_HAL_Driver/Src/stm32h7xx_hal_rcc.c ****   *            - CSS, MCO1 and MCO2 OFF
 182:../../Drivers/STM32H7xx_HAL_Driver/Src/stm32h7xx_hal_rcc.c ****   *            - All interrupts disabled
 183:../../Drivers/STM32H7xx_HAL_Driver/Src/stm32h7xx_hal_rcc.c ****   * @note   This function doesn't modify the configuration of the
 184:../../Drivers/STM32H7xx_HAL_Driver/Src/stm32h7xx_hal_rcc.c ****   *            - Peripheral clocks
 185:../../Drivers/STM32H7xx_HAL_Driver/Src/stm32h7xx_hal_rcc.c ****   *            - LSI, LSE and RTC clocks
 186:../../Drivers/STM32H7xx_HAL_Driver/Src/stm32h7xx_hal_rcc.c ****   * @retval HAL status
 187:../../Drivers/STM32H7xx_HAL_Driver/Src/stm32h7xx_hal_rcc.c ****   */
 188:../../Drivers/STM32H7xx_HAL_Driver/Src/stm32h7xx_hal_rcc.c **** HAL_StatusTypeDef HAL_RCC_DeInit(void)
 189:../../Drivers/STM32H7xx_HAL_Driver/Src/stm32h7xx_hal_rcc.c **** {
  27              		.loc 1 189 1 view -0
  28              		.cfi_startproc
  29              		@ args = 0, pretend = 0, frame = 0
  30              		@ frame_needed = 0, uses_anonymous_args = 0
  31 0000 38B5     		push	{r3, r4, r5, lr}
  32              	.LCFI0:
  33              		.cfi_def_cfa_offset 16
  34              		.cfi_offset 3, -16
  35              		.cfi_offset 4, -12
  36              		.cfi_offset 5, -8
  37              		.cfi_offset 14, -4
 190:../../Drivers/STM32H7xx_HAL_Driver/Src/stm32h7xx_hal_rcc.c ****   uint32_t tickstart;
  38              		.loc 1 190 3 view .LVU1
 191:../../Drivers/STM32H7xx_HAL_Driver/Src/stm32h7xx_hal_rcc.c **** 
ARM GAS  /var/folders/2r/mdtt8xvd351gdc398t28_m2m0000gn/T//ccT8wITP.s 			page 5


 192:../../Drivers/STM32H7xx_HAL_Driver/Src/stm32h7xx_hal_rcc.c ****   /* Increasing the CPU frequency */
 193:../../Drivers/STM32H7xx_HAL_Driver/Src/stm32h7xx_hal_rcc.c ****   if (FLASH_LATENCY_DEFAULT  > __HAL_FLASH_GET_LATENCY())
  39              		.loc 1 193 3 view .LVU2
  40              		.loc 1 193 32 is_stmt 0 view .LVU3
  41 0002 6C4B     		ldr	r3, .L33
  42 0004 1B68     		ldr	r3, [r3]
  43 0006 03F00F03 		and	r3, r3, #15
  44              		.loc 1 193 6 view .LVU4
  45 000a 062B     		cmp	r3, #6
  46 000c 0CD8     		bhi	.L2
 194:../../Drivers/STM32H7xx_HAL_Driver/Src/stm32h7xx_hal_rcc.c ****   {
 195:../../Drivers/STM32H7xx_HAL_Driver/Src/stm32h7xx_hal_rcc.c ****     /* Program the new number of wait states to the LATENCY bits in the FLASH_ACR register */
 196:../../Drivers/STM32H7xx_HAL_Driver/Src/stm32h7xx_hal_rcc.c ****     __HAL_FLASH_SET_LATENCY(FLASH_LATENCY_DEFAULT);
  47              		.loc 1 196 5 is_stmt 1 view .LVU5
  48 000e 694A     		ldr	r2, .L33
  49 0010 1368     		ldr	r3, [r2]
  50 0012 23F00F03 		bic	r3, r3, #15
  51 0016 43F00703 		orr	r3, r3, #7
  52 001a 1360     		str	r3, [r2]
 197:../../Drivers/STM32H7xx_HAL_Driver/Src/stm32h7xx_hal_rcc.c **** 
 198:../../Drivers/STM32H7xx_HAL_Driver/Src/stm32h7xx_hal_rcc.c ****     /* Check that the new number of wait states is taken into account to access the Flash
 199:../../Drivers/STM32H7xx_HAL_Driver/Src/stm32h7xx_hal_rcc.c ****     memory by reading the FLASH_ACR register */
 200:../../Drivers/STM32H7xx_HAL_Driver/Src/stm32h7xx_hal_rcc.c ****     if (__HAL_FLASH_GET_LATENCY() != FLASH_LATENCY_DEFAULT)
  53              		.loc 1 200 5 view .LVU6
  54              		.loc 1 200 9 is_stmt 0 view .LVU7
  55 001c 1368     		ldr	r3, [r2]
  56 001e 03F00F03 		and	r3, r3, #15
  57              		.loc 1 200 8 view .LVU8
  58 0022 072B     		cmp	r3, #7
  59 0024 40F0C280 		bne	.L16
  60              	.L2:
 201:../../Drivers/STM32H7xx_HAL_Driver/Src/stm32h7xx_hal_rcc.c ****     {
 202:../../Drivers/STM32H7xx_HAL_Driver/Src/stm32h7xx_hal_rcc.c ****       return HAL_ERROR;
 203:../../Drivers/STM32H7xx_HAL_Driver/Src/stm32h7xx_hal_rcc.c ****     }
 204:../../Drivers/STM32H7xx_HAL_Driver/Src/stm32h7xx_hal_rcc.c **** 
 205:../../Drivers/STM32H7xx_HAL_Driver/Src/stm32h7xx_hal_rcc.c ****   }
 206:../../Drivers/STM32H7xx_HAL_Driver/Src/stm32h7xx_hal_rcc.c **** 
 207:../../Drivers/STM32H7xx_HAL_Driver/Src/stm32h7xx_hal_rcc.c **** 
 208:../../Drivers/STM32H7xx_HAL_Driver/Src/stm32h7xx_hal_rcc.c ****   /* Get Start Tick */
 209:../../Drivers/STM32H7xx_HAL_Driver/Src/stm32h7xx_hal_rcc.c ****   tickstart = HAL_GetTick();
  61              		.loc 1 209 3 is_stmt 1 view .LVU9
  62              		.loc 1 209 15 is_stmt 0 view .LVU10
  63 0028 FFF7FEFF 		bl	HAL_GetTick
  64              	.LVL0:
  65 002c 0446     		mov	r4, r0
  66              	.LVL1:
 210:../../Drivers/STM32H7xx_HAL_Driver/Src/stm32h7xx_hal_rcc.c **** 
 211:../../Drivers/STM32H7xx_HAL_Driver/Src/stm32h7xx_hal_rcc.c ****   /* Set HSION bit */
 212:../../Drivers/STM32H7xx_HAL_Driver/Src/stm32h7xx_hal_rcc.c ****   SET_BIT(RCC->CR, RCC_CR_HSION);
  67              		.loc 1 212 3 is_stmt 1 view .LVU11
  68 002e 624A     		ldr	r2, .L33+4
  69 0030 1368     		ldr	r3, [r2]
  70 0032 43F00103 		orr	r3, r3, #1
  71 0036 1360     		str	r3, [r2]
 213:../../Drivers/STM32H7xx_HAL_Driver/Src/stm32h7xx_hal_rcc.c **** 
 214:../../Drivers/STM32H7xx_HAL_Driver/Src/stm32h7xx_hal_rcc.c ****   /* Wait till HSI is ready */
 215:../../Drivers/STM32H7xx_HAL_Driver/Src/stm32h7xx_hal_rcc.c ****   while (READ_BIT(RCC->CR, RCC_CR_HSIRDY) == 0U)
ARM GAS  /var/folders/2r/mdtt8xvd351gdc398t28_m2m0000gn/T//ccT8wITP.s 			page 6


  72              		.loc 1 215 3 view .LVU12
  73              	.LVL2:
  74              	.L4:
  75              		.loc 1 215 43 view .LVU13
  76              		.loc 1 215 10 is_stmt 0 view .LVU14
  77 0038 5F4B     		ldr	r3, .L33+4
  78 003a 1B68     		ldr	r3, [r3]
  79              		.loc 1 215 43 view .LVU15
  80 003c 13F0040F 		tst	r3, #4
  81 0040 07D1     		bne	.L26
 216:../../Drivers/STM32H7xx_HAL_Driver/Src/stm32h7xx_hal_rcc.c ****   {
 217:../../Drivers/STM32H7xx_HAL_Driver/Src/stm32h7xx_hal_rcc.c ****     if ((HAL_GetTick() - tickstart) > HSI_TIMEOUT_VALUE)
  82              		.loc 1 217 5 is_stmt 1 view .LVU16
  83              		.loc 1 217 10 is_stmt 0 view .LVU17
  84 0042 FFF7FEFF 		bl	HAL_GetTick
  85              	.LVL3:
  86              		.loc 1 217 24 discriminator 1 view .LVU18
  87 0046 001B     		subs	r0, r0, r4
  88              		.loc 1 217 8 discriminator 1 view .LVU19
  89 0048 0228     		cmp	r0, #2
  90 004a F5D9     		bls	.L4
 218:../../Drivers/STM32H7xx_HAL_Driver/Src/stm32h7xx_hal_rcc.c ****     {
 219:../../Drivers/STM32H7xx_HAL_Driver/Src/stm32h7xx_hal_rcc.c ****       return HAL_TIMEOUT;
  91              		.loc 1 219 14 view .LVU20
  92 004c 0323     		movs	r3, #3
  93 004e 1D46     		mov	r5, r3
  94 0050 AEE0     		b	.L3
  95              	.L26:
 220:../../Drivers/STM32H7xx_HAL_Driver/Src/stm32h7xx_hal_rcc.c ****     }
 221:../../Drivers/STM32H7xx_HAL_Driver/Src/stm32h7xx_hal_rcc.c ****   }
 222:../../Drivers/STM32H7xx_HAL_Driver/Src/stm32h7xx_hal_rcc.c **** 
 223:../../Drivers/STM32H7xx_HAL_Driver/Src/stm32h7xx_hal_rcc.c ****   /* Set HSITRIM[6:0] bits to the reset value */
 224:../../Drivers/STM32H7xx_HAL_Driver/Src/stm32h7xx_hal_rcc.c ****   SET_BIT(RCC->HSICFGR, RCC_HSICFGR_HSITRIM_6);
  96              		.loc 1 224 3 is_stmt 1 view .LVU21
  97 0052 594B     		ldr	r3, .L33+4
  98 0054 5A68     		ldr	r2, [r3, #4]
  99 0056 42F08042 		orr	r2, r2, #1073741824
 100 005a 5A60     		str	r2, [r3, #4]
 225:../../Drivers/STM32H7xx_HAL_Driver/Src/stm32h7xx_hal_rcc.c **** 
 226:../../Drivers/STM32H7xx_HAL_Driver/Src/stm32h7xx_hal_rcc.c ****   /* Reset CFGR register */
 227:../../Drivers/STM32H7xx_HAL_Driver/Src/stm32h7xx_hal_rcc.c ****   CLEAR_REG(RCC->CFGR);
 101              		.loc 1 227 3 view .LVU22
 102 005c 0022     		movs	r2, #0
 103 005e 1A61     		str	r2, [r3, #16]
 228:../../Drivers/STM32H7xx_HAL_Driver/Src/stm32h7xx_hal_rcc.c **** 
 229:../../Drivers/STM32H7xx_HAL_Driver/Src/stm32h7xx_hal_rcc.c ****   /* Update the SystemCoreClock and SystemD2Clock global variables */
 230:../../Drivers/STM32H7xx_HAL_Driver/Src/stm32h7xx_hal_rcc.c ****   SystemCoreClock = HSI_VALUE;
 104              		.loc 1 230 3 view .LVU23
 105              		.loc 1 230 19 is_stmt 0 view .LVU24
 106 0060 564B     		ldr	r3, .L33+8
 107 0062 574A     		ldr	r2, .L33+12
 108 0064 1360     		str	r3, [r2]
 231:../../Drivers/STM32H7xx_HAL_Driver/Src/stm32h7xx_hal_rcc.c ****   SystemD2Clock = HSI_VALUE;
 109              		.loc 1 231 3 is_stmt 1 view .LVU25
 110              		.loc 1 231 17 is_stmt 0 view .LVU26
 111 0066 574A     		ldr	r2, .L33+16
 112 0068 1360     		str	r3, [r2]
ARM GAS  /var/folders/2r/mdtt8xvd351gdc398t28_m2m0000gn/T//ccT8wITP.s 			page 7


 232:../../Drivers/STM32H7xx_HAL_Driver/Src/stm32h7xx_hal_rcc.c **** 
 233:../../Drivers/STM32H7xx_HAL_Driver/Src/stm32h7xx_hal_rcc.c ****   /* Adapt Systick interrupt period */
 234:../../Drivers/STM32H7xx_HAL_Driver/Src/stm32h7xx_hal_rcc.c ****   if (HAL_InitTick(uwTickPrio) != HAL_OK)
 113              		.loc 1 234 3 is_stmt 1 view .LVU27
 114              		.loc 1 234 7 is_stmt 0 view .LVU28
 115 006a 574B     		ldr	r3, .L33+20
 116 006c 1868     		ldr	r0, [r3]
 117 006e FFF7FEFF 		bl	HAL_InitTick
 118              	.LVL4:
 119              		.loc 1 234 6 discriminator 1 view .LVU29
 120 0072 0546     		mov	r5, r0
 121 0074 10B1     		cbz	r0, .L27
 235:../../Drivers/STM32H7xx_HAL_Driver/Src/stm32h7xx_hal_rcc.c ****   {
 236:../../Drivers/STM32H7xx_HAL_Driver/Src/stm32h7xx_hal_rcc.c ****     return HAL_ERROR;
 122              		.loc 1 236 12 view .LVU30
 123 0076 0123     		movs	r3, #1
 124 0078 1D46     		mov	r5, r3
 125 007a 99E0     		b	.L3
 126              	.L27:
 237:../../Drivers/STM32H7xx_HAL_Driver/Src/stm32h7xx_hal_rcc.c ****   }
 238:../../Drivers/STM32H7xx_HAL_Driver/Src/stm32h7xx_hal_rcc.c **** 
 239:../../Drivers/STM32H7xx_HAL_Driver/Src/stm32h7xx_hal_rcc.c ****   /* Get Start Tick */
 240:../../Drivers/STM32H7xx_HAL_Driver/Src/stm32h7xx_hal_rcc.c ****   tickstart = HAL_GetTick();
 127              		.loc 1 240 3 is_stmt 1 view .LVU31
 128              		.loc 1 240 15 is_stmt 0 view .LVU32
 129 007c FFF7FEFF 		bl	HAL_GetTick
 130              	.LVL5:
 131 0080 0446     		mov	r4, r0
 132              	.LVL6:
 241:../../Drivers/STM32H7xx_HAL_Driver/Src/stm32h7xx_hal_rcc.c **** 
 242:../../Drivers/STM32H7xx_HAL_Driver/Src/stm32h7xx_hal_rcc.c ****   /* Wait till clock switch is ready */
 243:../../Drivers/STM32H7xx_HAL_Driver/Src/stm32h7xx_hal_rcc.c ****   while (READ_BIT(RCC->CFGR, RCC_CFGR_SWS) != 0U)
 133              		.loc 1 243 3 is_stmt 1 view .LVU33
 134              	.L6:
 135              		.loc 1 243 44 view .LVU34
 136              		.loc 1 243 10 is_stmt 0 view .LVU35
 137 0082 4D4B     		ldr	r3, .L33+4
 138 0084 1B69     		ldr	r3, [r3, #16]
 139              		.loc 1 243 44 view .LVU36
 140 0086 13F0380F 		tst	r3, #56
 141 008a 09D0     		beq	.L28
 244:../../Drivers/STM32H7xx_HAL_Driver/Src/stm32h7xx_hal_rcc.c ****   {
 245:../../Drivers/STM32H7xx_HAL_Driver/Src/stm32h7xx_hal_rcc.c ****     if ((HAL_GetTick() - tickstart) > CLOCKSWITCH_TIMEOUT_VALUE)
 142              		.loc 1 245 5 is_stmt 1 view .LVU37
 143              		.loc 1 245 10 is_stmt 0 view .LVU38
 144 008c FFF7FEFF 		bl	HAL_GetTick
 145              	.LVL7:
 146              		.loc 1 245 24 discriminator 1 view .LVU39
 147 0090 001B     		subs	r0, r0, r4
 148              		.loc 1 245 8 discriminator 1 view .LVU40
 149 0092 41F28833 		movw	r3, #5000
 150 0096 9842     		cmp	r0, r3
 151 0098 F3D9     		bls	.L6
 246:../../Drivers/STM32H7xx_HAL_Driver/Src/stm32h7xx_hal_rcc.c ****     {
 247:../../Drivers/STM32H7xx_HAL_Driver/Src/stm32h7xx_hal_rcc.c ****       return HAL_TIMEOUT;
 152              		.loc 1 247 14 view .LVU41
 153 009a 0323     		movs	r3, #3
ARM GAS  /var/folders/2r/mdtt8xvd351gdc398t28_m2m0000gn/T//ccT8wITP.s 			page 8


 154 009c 1D46     		mov	r5, r3
 155 009e 87E0     		b	.L3
 156              	.L28:
 248:../../Drivers/STM32H7xx_HAL_Driver/Src/stm32h7xx_hal_rcc.c ****     }
 249:../../Drivers/STM32H7xx_HAL_Driver/Src/stm32h7xx_hal_rcc.c ****   }
 250:../../Drivers/STM32H7xx_HAL_Driver/Src/stm32h7xx_hal_rcc.c **** 
 251:../../Drivers/STM32H7xx_HAL_Driver/Src/stm32h7xx_hal_rcc.c ****   /* Get Start Tick */
 252:../../Drivers/STM32H7xx_HAL_Driver/Src/stm32h7xx_hal_rcc.c ****   tickstart = HAL_GetTick();
 157              		.loc 1 252 3 is_stmt 1 view .LVU42
 158              		.loc 1 252 15 is_stmt 0 view .LVU43
 159 00a0 FFF7FEFF 		bl	HAL_GetTick
 160              	.LVL8:
 161 00a4 0446     		mov	r4, r0
 162              	.LVL9:
 253:../../Drivers/STM32H7xx_HAL_Driver/Src/stm32h7xx_hal_rcc.c **** 
 254:../../Drivers/STM32H7xx_HAL_Driver/Src/stm32h7xx_hal_rcc.c ****   /* Reset CSION, CSIKERON, HSEON, HSI48ON, HSECSSON, HSIDIV bits */
 255:../../Drivers/STM32H7xx_HAL_Driver/Src/stm32h7xx_hal_rcc.c ****   CLEAR_BIT(RCC->CR, RCC_CR_HSEON | RCC_CR_HSIKERON | RCC_CR_HSIDIV | RCC_CR_HSIDIVF | RCC_CR_CSION
 163              		.loc 1 255 3 is_stmt 1 view .LVU44
 164 00a6 444A     		ldr	r2, .L33+4
 165 00a8 1168     		ldr	r1, [r2]
 166 00aa 484B     		ldr	r3, .L33+24
 167 00ac 0B40     		ands	r3, r3, r1
 168 00ae 1360     		str	r3, [r2]
 256:../../Drivers/STM32H7xx_HAL_Driver/Src/stm32h7xx_hal_rcc.c ****             | RCC_CR_HSI48ON | RCC_CR_CSSHSEON);
 257:../../Drivers/STM32H7xx_HAL_Driver/Src/stm32h7xx_hal_rcc.c **** 
 258:../../Drivers/STM32H7xx_HAL_Driver/Src/stm32h7xx_hal_rcc.c ****   /* Wait till HSE is disabled */
 259:../../Drivers/STM32H7xx_HAL_Driver/Src/stm32h7xx_hal_rcc.c ****   while (READ_BIT(RCC->CR, RCC_CR_HSERDY) != 0U)
 169              		.loc 1 259 3 view .LVU45
 170              	.LVL10:
 171              	.L8:
 172              		.loc 1 259 43 view .LVU46
 173              		.loc 1 259 10 is_stmt 0 view .LVU47
 174 00b0 414B     		ldr	r3, .L33+4
 175 00b2 1B68     		ldr	r3, [r3]
 176              		.loc 1 259 43 view .LVU48
 177 00b4 13F4003F 		tst	r3, #131072
 178 00b8 07D0     		beq	.L29
 260:../../Drivers/STM32H7xx_HAL_Driver/Src/stm32h7xx_hal_rcc.c ****   {
 261:../../Drivers/STM32H7xx_HAL_Driver/Src/stm32h7xx_hal_rcc.c ****     if ((HAL_GetTick() - tickstart) > HSE_TIMEOUT_VALUE)
 179              		.loc 1 261 5 is_stmt 1 view .LVU49
 180              		.loc 1 261 10 is_stmt 0 view .LVU50
 181 00ba FFF7FEFF 		bl	HAL_GetTick
 182              	.LVL11:
 183              		.loc 1 261 24 discriminator 1 view .LVU51
 184 00be 001B     		subs	r0, r0, r4
 185              		.loc 1 261 8 discriminator 1 view .LVU52
 186 00c0 6428     		cmp	r0, #100
 187 00c2 F5D9     		bls	.L8
 262:../../Drivers/STM32H7xx_HAL_Driver/Src/stm32h7xx_hal_rcc.c ****     {
 263:../../Drivers/STM32H7xx_HAL_Driver/Src/stm32h7xx_hal_rcc.c ****       return HAL_TIMEOUT;
 188              		.loc 1 263 14 view .LVU53
 189 00c4 0323     		movs	r3, #3
 190 00c6 1D46     		mov	r5, r3
 191 00c8 72E0     		b	.L3
 192              	.L29:
 264:../../Drivers/STM32H7xx_HAL_Driver/Src/stm32h7xx_hal_rcc.c ****     }
 265:../../Drivers/STM32H7xx_HAL_Driver/Src/stm32h7xx_hal_rcc.c ****   }
ARM GAS  /var/folders/2r/mdtt8xvd351gdc398t28_m2m0000gn/T//ccT8wITP.s 			page 9


 266:../../Drivers/STM32H7xx_HAL_Driver/Src/stm32h7xx_hal_rcc.c **** 
 267:../../Drivers/STM32H7xx_HAL_Driver/Src/stm32h7xx_hal_rcc.c ****   /* Get Start Tick */
 268:../../Drivers/STM32H7xx_HAL_Driver/Src/stm32h7xx_hal_rcc.c ****   tickstart = HAL_GetTick();
 193              		.loc 1 268 3 is_stmt 1 view .LVU54
 194              		.loc 1 268 15 is_stmt 0 view .LVU55
 195 00ca FFF7FEFF 		bl	HAL_GetTick
 196              	.LVL12:
 197 00ce 0446     		mov	r4, r0
 198              	.LVL13:
 269:../../Drivers/STM32H7xx_HAL_Driver/Src/stm32h7xx_hal_rcc.c **** 
 270:../../Drivers/STM32H7xx_HAL_Driver/Src/stm32h7xx_hal_rcc.c ****   /* Clear PLLON bit */
 271:../../Drivers/STM32H7xx_HAL_Driver/Src/stm32h7xx_hal_rcc.c ****   CLEAR_BIT(RCC->CR, RCC_CR_PLL1ON);
 199              		.loc 1 271 3 is_stmt 1 view .LVU56
 200 00d0 394A     		ldr	r2, .L33+4
 201 00d2 1368     		ldr	r3, [r2]
 202 00d4 23F08073 		bic	r3, r3, #16777216
 203 00d8 1360     		str	r3, [r2]
 272:../../Drivers/STM32H7xx_HAL_Driver/Src/stm32h7xx_hal_rcc.c **** 
 273:../../Drivers/STM32H7xx_HAL_Driver/Src/stm32h7xx_hal_rcc.c ****   /* Wait till PLL is disabled */
 274:../../Drivers/STM32H7xx_HAL_Driver/Src/stm32h7xx_hal_rcc.c ****   while (READ_BIT(RCC->CR, RCC_CR_PLL1RDY) != 0U)
 204              		.loc 1 274 3 view .LVU57
 205              	.LVL14:
 206              	.L10:
 207              		.loc 1 274 44 view .LVU58
 208              		.loc 1 274 10 is_stmt 0 view .LVU59
 209 00da 374B     		ldr	r3, .L33+4
 210 00dc 1B68     		ldr	r3, [r3]
 211              		.loc 1 274 44 view .LVU60
 212 00de 13F0007F 		tst	r3, #33554432
 213 00e2 07D0     		beq	.L30
 275:../../Drivers/STM32H7xx_HAL_Driver/Src/stm32h7xx_hal_rcc.c ****   {
 276:../../Drivers/STM32H7xx_HAL_Driver/Src/stm32h7xx_hal_rcc.c ****     if ((HAL_GetTick() - tickstart) > PLL_TIMEOUT_VALUE)
 214              		.loc 1 276 5 is_stmt 1 view .LVU61
 215              		.loc 1 276 10 is_stmt 0 view .LVU62
 216 00e4 FFF7FEFF 		bl	HAL_GetTick
 217              	.LVL15:
 218              		.loc 1 276 24 discriminator 1 view .LVU63
 219 00e8 001B     		subs	r0, r0, r4
 220              		.loc 1 276 8 discriminator 1 view .LVU64
 221 00ea 0228     		cmp	r0, #2
 222 00ec F5D9     		bls	.L10
 277:../../Drivers/STM32H7xx_HAL_Driver/Src/stm32h7xx_hal_rcc.c ****     {
 278:../../Drivers/STM32H7xx_HAL_Driver/Src/stm32h7xx_hal_rcc.c ****       return HAL_TIMEOUT;
 223              		.loc 1 278 14 view .LVU65
 224 00ee 0323     		movs	r3, #3
 225 00f0 1D46     		mov	r5, r3
 226 00f2 5DE0     		b	.L3
 227              	.L30:
 279:../../Drivers/STM32H7xx_HAL_Driver/Src/stm32h7xx_hal_rcc.c ****     }
 280:../../Drivers/STM32H7xx_HAL_Driver/Src/stm32h7xx_hal_rcc.c ****   }
 281:../../Drivers/STM32H7xx_HAL_Driver/Src/stm32h7xx_hal_rcc.c **** 
 282:../../Drivers/STM32H7xx_HAL_Driver/Src/stm32h7xx_hal_rcc.c ****   /* Get Start Tick */
 283:../../Drivers/STM32H7xx_HAL_Driver/Src/stm32h7xx_hal_rcc.c ****   tickstart = HAL_GetTick();
 228              		.loc 1 283 3 is_stmt 1 view .LVU66
 229              		.loc 1 283 15 is_stmt 0 view .LVU67
 230 00f4 FFF7FEFF 		bl	HAL_GetTick
 231              	.LVL16:
ARM GAS  /var/folders/2r/mdtt8xvd351gdc398t28_m2m0000gn/T//ccT8wITP.s 			page 10


 232 00f8 0446     		mov	r4, r0
 233              	.LVL17:
 284:../../Drivers/STM32H7xx_HAL_Driver/Src/stm32h7xx_hal_rcc.c **** 
 285:../../Drivers/STM32H7xx_HAL_Driver/Src/stm32h7xx_hal_rcc.c ****   /* Reset PLL2ON bit */
 286:../../Drivers/STM32H7xx_HAL_Driver/Src/stm32h7xx_hal_rcc.c ****   CLEAR_BIT(RCC->CR, RCC_CR_PLL2ON);
 234              		.loc 1 286 3 is_stmt 1 view .LVU68
 235 00fa 2F4A     		ldr	r2, .L33+4
 236 00fc 1368     		ldr	r3, [r2]
 237 00fe 23F08063 		bic	r3, r3, #67108864
 238 0102 1360     		str	r3, [r2]
 287:../../Drivers/STM32H7xx_HAL_Driver/Src/stm32h7xx_hal_rcc.c **** 
 288:../../Drivers/STM32H7xx_HAL_Driver/Src/stm32h7xx_hal_rcc.c ****   /* Wait till PLL2 is disabled */
 289:../../Drivers/STM32H7xx_HAL_Driver/Src/stm32h7xx_hal_rcc.c ****   while (READ_BIT(RCC->CR, RCC_CR_PLL2RDY) != 0U)
 239              		.loc 1 289 3 view .LVU69
 240              	.LVL18:
 241              	.L12:
 242              		.loc 1 289 44 view .LVU70
 243              		.loc 1 289 10 is_stmt 0 view .LVU71
 244 0104 2C4B     		ldr	r3, .L33+4
 245 0106 1B68     		ldr	r3, [r3]
 246              		.loc 1 289 44 view .LVU72
 247 0108 13F0006F 		tst	r3, #134217728
 248 010c 07D0     		beq	.L31
 290:../../Drivers/STM32H7xx_HAL_Driver/Src/stm32h7xx_hal_rcc.c ****   {
 291:../../Drivers/STM32H7xx_HAL_Driver/Src/stm32h7xx_hal_rcc.c ****     if ((HAL_GetTick() - tickstart) > PLL_TIMEOUT_VALUE)
 249              		.loc 1 291 5 is_stmt 1 view .LVU73
 250              		.loc 1 291 10 is_stmt 0 view .LVU74
 251 010e FFF7FEFF 		bl	HAL_GetTick
 252              	.LVL19:
 253              		.loc 1 291 24 discriminator 1 view .LVU75
 254 0112 001B     		subs	r0, r0, r4
 255              		.loc 1 291 8 discriminator 1 view .LVU76
 256 0114 0228     		cmp	r0, #2
 257 0116 F5D9     		bls	.L12
 292:../../Drivers/STM32H7xx_HAL_Driver/Src/stm32h7xx_hal_rcc.c ****     {
 293:../../Drivers/STM32H7xx_HAL_Driver/Src/stm32h7xx_hal_rcc.c ****       return HAL_TIMEOUT;
 258              		.loc 1 293 14 view .LVU77
 259 0118 0323     		movs	r3, #3
 260 011a 1D46     		mov	r5, r3
 261 011c 48E0     		b	.L3
 262              	.L31:
 294:../../Drivers/STM32H7xx_HAL_Driver/Src/stm32h7xx_hal_rcc.c ****     }
 295:../../Drivers/STM32H7xx_HAL_Driver/Src/stm32h7xx_hal_rcc.c ****   }
 296:../../Drivers/STM32H7xx_HAL_Driver/Src/stm32h7xx_hal_rcc.c **** 
 297:../../Drivers/STM32H7xx_HAL_Driver/Src/stm32h7xx_hal_rcc.c ****   /* Get Start Tick */
 298:../../Drivers/STM32H7xx_HAL_Driver/Src/stm32h7xx_hal_rcc.c ****   tickstart = HAL_GetTick();
 263              		.loc 1 298 3 is_stmt 1 view .LVU78
 264              		.loc 1 298 15 is_stmt 0 view .LVU79
 265 011e FFF7FEFF 		bl	HAL_GetTick
 266              	.LVL20:
 267 0122 0446     		mov	r4, r0
 268              	.LVL21:
 299:../../Drivers/STM32H7xx_HAL_Driver/Src/stm32h7xx_hal_rcc.c **** 
 300:../../Drivers/STM32H7xx_HAL_Driver/Src/stm32h7xx_hal_rcc.c ****   /* Reset PLL3 bit */
 301:../../Drivers/STM32H7xx_HAL_Driver/Src/stm32h7xx_hal_rcc.c ****   CLEAR_BIT(RCC->CR, RCC_CR_PLL3ON);
 269              		.loc 1 301 3 is_stmt 1 view .LVU80
 270 0124 244A     		ldr	r2, .L33+4
ARM GAS  /var/folders/2r/mdtt8xvd351gdc398t28_m2m0000gn/T//ccT8wITP.s 			page 11


 271 0126 1368     		ldr	r3, [r2]
 272 0128 23F08053 		bic	r3, r3, #268435456
 273 012c 1360     		str	r3, [r2]
 302:../../Drivers/STM32H7xx_HAL_Driver/Src/stm32h7xx_hal_rcc.c **** 
 303:../../Drivers/STM32H7xx_HAL_Driver/Src/stm32h7xx_hal_rcc.c ****   /* Wait till PLL3 is disabled */
 304:../../Drivers/STM32H7xx_HAL_Driver/Src/stm32h7xx_hal_rcc.c ****   while (READ_BIT(RCC->CR, RCC_CR_PLL3RDY) != 0U)
 274              		.loc 1 304 3 view .LVU81
 275              	.LVL22:
 276              	.L14:
 277              		.loc 1 304 44 view .LVU82
 278              		.loc 1 304 10 is_stmt 0 view .LVU83
 279 012e 224B     		ldr	r3, .L33+4
 280 0130 1B68     		ldr	r3, [r3]
 281              		.loc 1 304 44 view .LVU84
 282 0132 13F0005F 		tst	r3, #536870912
 283 0136 07D0     		beq	.L32
 305:../../Drivers/STM32H7xx_HAL_Driver/Src/stm32h7xx_hal_rcc.c ****   {
 306:../../Drivers/STM32H7xx_HAL_Driver/Src/stm32h7xx_hal_rcc.c ****     if ((HAL_GetTick() - tickstart) > PLL_TIMEOUT_VALUE)
 284              		.loc 1 306 5 is_stmt 1 view .LVU85
 285              		.loc 1 306 10 is_stmt 0 view .LVU86
 286 0138 FFF7FEFF 		bl	HAL_GetTick
 287              	.LVL23:
 288              		.loc 1 306 24 discriminator 1 view .LVU87
 289 013c 001B     		subs	r0, r0, r4
 290              		.loc 1 306 8 discriminator 1 view .LVU88
 291 013e 0228     		cmp	r0, #2
 292 0140 F5D9     		bls	.L14
 307:../../Drivers/STM32H7xx_HAL_Driver/Src/stm32h7xx_hal_rcc.c ****     {
 308:../../Drivers/STM32H7xx_HAL_Driver/Src/stm32h7xx_hal_rcc.c ****       return HAL_TIMEOUT;
 293              		.loc 1 308 14 view .LVU89
 294 0142 0323     		movs	r3, #3
 295 0144 1D46     		mov	r5, r3
 296 0146 33E0     		b	.L3
 297              	.L32:
 309:../../Drivers/STM32H7xx_HAL_Driver/Src/stm32h7xx_hal_rcc.c ****     }
 310:../../Drivers/STM32H7xx_HAL_Driver/Src/stm32h7xx_hal_rcc.c ****   }
 311:../../Drivers/STM32H7xx_HAL_Driver/Src/stm32h7xx_hal_rcc.c **** 
 312:../../Drivers/STM32H7xx_HAL_Driver/Src/stm32h7xx_hal_rcc.c **** #if defined(RCC_D1CFGR_HPRE)
 313:../../Drivers/STM32H7xx_HAL_Driver/Src/stm32h7xx_hal_rcc.c ****   /* Reset D1CFGR register */
 314:../../Drivers/STM32H7xx_HAL_Driver/Src/stm32h7xx_hal_rcc.c ****   CLEAR_REG(RCC->D1CFGR);
 298              		.loc 1 314 3 is_stmt 1 view .LVU90
 299 0148 1B4B     		ldr	r3, .L33+4
 300 014a 0022     		movs	r2, #0
 301 014c 9A61     		str	r2, [r3, #24]
 315:../../Drivers/STM32H7xx_HAL_Driver/Src/stm32h7xx_hal_rcc.c **** 
 316:../../Drivers/STM32H7xx_HAL_Driver/Src/stm32h7xx_hal_rcc.c ****   /* Reset D2CFGR register */
 317:../../Drivers/STM32H7xx_HAL_Driver/Src/stm32h7xx_hal_rcc.c ****   CLEAR_REG(RCC->D2CFGR);
 302              		.loc 1 317 3 view .LVU91
 303 014e DA61     		str	r2, [r3, #28]
 318:../../Drivers/STM32H7xx_HAL_Driver/Src/stm32h7xx_hal_rcc.c **** 
 319:../../Drivers/STM32H7xx_HAL_Driver/Src/stm32h7xx_hal_rcc.c ****   /* Reset D3CFGR register */
 320:../../Drivers/STM32H7xx_HAL_Driver/Src/stm32h7xx_hal_rcc.c ****   CLEAR_REG(RCC->D3CFGR);
 304              		.loc 1 320 3 view .LVU92
 305 0150 1A62     		str	r2, [r3, #32]
 321:../../Drivers/STM32H7xx_HAL_Driver/Src/stm32h7xx_hal_rcc.c **** #else
 322:../../Drivers/STM32H7xx_HAL_Driver/Src/stm32h7xx_hal_rcc.c ****   /* Reset CDCFGR1 register */
 323:../../Drivers/STM32H7xx_HAL_Driver/Src/stm32h7xx_hal_rcc.c ****   CLEAR_REG(RCC->CDCFGR1);
ARM GAS  /var/folders/2r/mdtt8xvd351gdc398t28_m2m0000gn/T//ccT8wITP.s 			page 12


 324:../../Drivers/STM32H7xx_HAL_Driver/Src/stm32h7xx_hal_rcc.c **** 
 325:../../Drivers/STM32H7xx_HAL_Driver/Src/stm32h7xx_hal_rcc.c ****   /* Reset CDCFGR2 register */
 326:../../Drivers/STM32H7xx_HAL_Driver/Src/stm32h7xx_hal_rcc.c ****   CLEAR_REG(RCC->CDCFGR2);
 327:../../Drivers/STM32H7xx_HAL_Driver/Src/stm32h7xx_hal_rcc.c **** 
 328:../../Drivers/STM32H7xx_HAL_Driver/Src/stm32h7xx_hal_rcc.c ****   /* Reset SRDCFGR register */
 329:../../Drivers/STM32H7xx_HAL_Driver/Src/stm32h7xx_hal_rcc.c ****   CLEAR_REG(RCC->SRDCFGR);
 330:../../Drivers/STM32H7xx_HAL_Driver/Src/stm32h7xx_hal_rcc.c **** #endif
 331:../../Drivers/STM32H7xx_HAL_Driver/Src/stm32h7xx_hal_rcc.c **** 
 332:../../Drivers/STM32H7xx_HAL_Driver/Src/stm32h7xx_hal_rcc.c ****   /* Reset PLLCKSELR register to default value */
 333:../../Drivers/STM32H7xx_HAL_Driver/Src/stm32h7xx_hal_rcc.c ****   RCC->PLLCKSELR = RCC_PLLCKSELR_DIVM1_5 | RCC_PLLCKSELR_DIVM2_5 | RCC_PLLCKSELR_DIVM3_5;
 306              		.loc 1 333 3 view .LVU93
 307              		.loc 1 333 18 is_stmt 0 view .LVU94
 308 0152 1F49     		ldr	r1, .L33+28
 309 0154 9962     		str	r1, [r3, #40]
 334:../../Drivers/STM32H7xx_HAL_Driver/Src/stm32h7xx_hal_rcc.c **** 
 335:../../Drivers/STM32H7xx_HAL_Driver/Src/stm32h7xx_hal_rcc.c ****   /* Reset PLLCFGR register to default value */
 336:../../Drivers/STM32H7xx_HAL_Driver/Src/stm32h7xx_hal_rcc.c ****   WRITE_REG(RCC->PLLCFGR, 0x01FF0000U);
 310              		.loc 1 336 3 is_stmt 1 view .LVU95
 311 0156 1F49     		ldr	r1, .L33+32
 312 0158 D962     		str	r1, [r3, #44]
 337:../../Drivers/STM32H7xx_HAL_Driver/Src/stm32h7xx_hal_rcc.c **** 
 338:../../Drivers/STM32H7xx_HAL_Driver/Src/stm32h7xx_hal_rcc.c ****   /* Reset PLL1DIVR register to default value */
 339:../../Drivers/STM32H7xx_HAL_Driver/Src/stm32h7xx_hal_rcc.c ****   WRITE_REG(RCC->PLL1DIVR, 0x01010280U);
 313              		.loc 1 339 3 view .LVU96
 314 015a 1F49     		ldr	r1, .L33+36
 315 015c 1963     		str	r1, [r3, #48]
 340:../../Drivers/STM32H7xx_HAL_Driver/Src/stm32h7xx_hal_rcc.c **** 
 341:../../Drivers/STM32H7xx_HAL_Driver/Src/stm32h7xx_hal_rcc.c ****   /* Reset PLL1FRACR register */
 342:../../Drivers/STM32H7xx_HAL_Driver/Src/stm32h7xx_hal_rcc.c ****   CLEAR_REG(RCC->PLL1FRACR);
 316              		.loc 1 342 3 view .LVU97
 317 015e 5A63     		str	r2, [r3, #52]
 343:../../Drivers/STM32H7xx_HAL_Driver/Src/stm32h7xx_hal_rcc.c **** 
 344:../../Drivers/STM32H7xx_HAL_Driver/Src/stm32h7xx_hal_rcc.c ****   /* Reset PLL2DIVR register to default value */
 345:../../Drivers/STM32H7xx_HAL_Driver/Src/stm32h7xx_hal_rcc.c ****   WRITE_REG(RCC->PLL2DIVR, 0x01010280U);
 318              		.loc 1 345 3 view .LVU98
 319 0160 9963     		str	r1, [r3, #56]
 346:../../Drivers/STM32H7xx_HAL_Driver/Src/stm32h7xx_hal_rcc.c **** 
 347:../../Drivers/STM32H7xx_HAL_Driver/Src/stm32h7xx_hal_rcc.c ****   /* Reset PLL2FRACR register */
 348:../../Drivers/STM32H7xx_HAL_Driver/Src/stm32h7xx_hal_rcc.c ****   CLEAR_REG(RCC->PLL2FRACR);
 320              		.loc 1 348 3 view .LVU99
 321 0162 DA63     		str	r2, [r3, #60]
 349:../../Drivers/STM32H7xx_HAL_Driver/Src/stm32h7xx_hal_rcc.c **** 
 350:../../Drivers/STM32H7xx_HAL_Driver/Src/stm32h7xx_hal_rcc.c ****   /* Reset PLL3DIVR register to default value */
 351:../../Drivers/STM32H7xx_HAL_Driver/Src/stm32h7xx_hal_rcc.c ****   WRITE_REG(RCC->PLL3DIVR, 0x01010280U);
 322              		.loc 1 351 3 view .LVU100
 323 0164 1964     		str	r1, [r3, #64]
 352:../../Drivers/STM32H7xx_HAL_Driver/Src/stm32h7xx_hal_rcc.c **** 
 353:../../Drivers/STM32H7xx_HAL_Driver/Src/stm32h7xx_hal_rcc.c ****   /* Reset PLL3FRACR register */
 354:../../Drivers/STM32H7xx_HAL_Driver/Src/stm32h7xx_hal_rcc.c ****   CLEAR_REG(RCC->PLL3FRACR);
 324              		.loc 1 354 3 view .LVU101
 325 0166 5A64     		str	r2, [r3, #68]
 355:../../Drivers/STM32H7xx_HAL_Driver/Src/stm32h7xx_hal_rcc.c **** 
 356:../../Drivers/STM32H7xx_HAL_Driver/Src/stm32h7xx_hal_rcc.c **** #if defined(RCC_CR_HSEEXT)
 357:../../Drivers/STM32H7xx_HAL_Driver/Src/stm32h7xx_hal_rcc.c ****   /* Reset HSEEXT  */
 358:../../Drivers/STM32H7xx_HAL_Driver/Src/stm32h7xx_hal_rcc.c ****   CLEAR_BIT(RCC->CR, RCC_CR_HSEEXT);
 359:../../Drivers/STM32H7xx_HAL_Driver/Src/stm32h7xx_hal_rcc.c **** #endif /* RCC_CR_HSEEXT */
 360:../../Drivers/STM32H7xx_HAL_Driver/Src/stm32h7xx_hal_rcc.c **** 
ARM GAS  /var/folders/2r/mdtt8xvd351gdc398t28_m2m0000gn/T//ccT8wITP.s 			page 13


 361:../../Drivers/STM32H7xx_HAL_Driver/Src/stm32h7xx_hal_rcc.c ****   /* Reset HSEBYP bit */
 362:../../Drivers/STM32H7xx_HAL_Driver/Src/stm32h7xx_hal_rcc.c ****   CLEAR_BIT(RCC->CR, RCC_CR_HSEBYP);
 326              		.loc 1 362 3 view .LVU102
 327 0168 1968     		ldr	r1, [r3]
 328 016a 21F48021 		bic	r1, r1, #262144
 329 016e 1960     		str	r1, [r3]
 363:../../Drivers/STM32H7xx_HAL_Driver/Src/stm32h7xx_hal_rcc.c **** 
 364:../../Drivers/STM32H7xx_HAL_Driver/Src/stm32h7xx_hal_rcc.c ****   /* Disable all interrupts */
 365:../../Drivers/STM32H7xx_HAL_Driver/Src/stm32h7xx_hal_rcc.c ****   CLEAR_REG(RCC->CIER);
 330              		.loc 1 365 3 view .LVU103
 331 0170 1A66     		str	r2, [r3, #96]
 366:../../Drivers/STM32H7xx_HAL_Driver/Src/stm32h7xx_hal_rcc.c **** 
 367:../../Drivers/STM32H7xx_HAL_Driver/Src/stm32h7xx_hal_rcc.c ****   /* Clear all interrupts flags */
 368:../../Drivers/STM32H7xx_HAL_Driver/Src/stm32h7xx_hal_rcc.c ****   WRITE_REG(RCC->CICR, 0xFFFFFFFFU);
 332              		.loc 1 368 3 view .LVU104
 333 0172 4FF0FF32 		mov	r2, #-1
 334 0176 9A66     		str	r2, [r3, #104]
 369:../../Drivers/STM32H7xx_HAL_Driver/Src/stm32h7xx_hal_rcc.c **** 
 370:../../Drivers/STM32H7xx_HAL_Driver/Src/stm32h7xx_hal_rcc.c ****   /* Reset all RSR flags */
 371:../../Drivers/STM32H7xx_HAL_Driver/Src/stm32h7xx_hal_rcc.c ****   SET_BIT(RCC->RSR, RCC_RSR_RMVF);
 335              		.loc 1 371 3 view .LVU105
 336 0178 D3F8D020 		ldr	r2, [r3, #208]
 337 017c 42F48032 		orr	r2, r2, #65536
 338 0180 C3F8D020 		str	r2, [r3, #208]
 372:../../Drivers/STM32H7xx_HAL_Driver/Src/stm32h7xx_hal_rcc.c **** 
 373:../../Drivers/STM32H7xx_HAL_Driver/Src/stm32h7xx_hal_rcc.c ****   /* Decreasing the number of wait states because of lower CPU frequency */
 374:../../Drivers/STM32H7xx_HAL_Driver/Src/stm32h7xx_hal_rcc.c ****   if (FLASH_LATENCY_DEFAULT  < __HAL_FLASH_GET_LATENCY())
 339              		.loc 1 374 3 view .LVU106
 340              		.loc 1 374 32 is_stmt 0 view .LVU107
 341 0184 0B4B     		ldr	r3, .L33
 342 0186 1B68     		ldr	r3, [r3]
 343              		.loc 1 374 6 view .LVU108
 344 0188 13F0080F 		tst	r3, #8
 345 018c 10D0     		beq	.L3
 375:../../Drivers/STM32H7xx_HAL_Driver/Src/stm32h7xx_hal_rcc.c ****   {
 376:../../Drivers/STM32H7xx_HAL_Driver/Src/stm32h7xx_hal_rcc.c ****     /* Program the new number of wait states to the LATENCY bits in the FLASH_ACR register */
 377:../../Drivers/STM32H7xx_HAL_Driver/Src/stm32h7xx_hal_rcc.c ****     __HAL_FLASH_SET_LATENCY(FLASH_LATENCY_DEFAULT);
 346              		.loc 1 377 5 is_stmt 1 view .LVU109
 347 018e 094A     		ldr	r2, .L33
 348 0190 1368     		ldr	r3, [r2]
 349 0192 23F00F03 		bic	r3, r3, #15
 350 0196 43F00703 		orr	r3, r3, #7
 351 019a 1360     		str	r3, [r2]
 378:../../Drivers/STM32H7xx_HAL_Driver/Src/stm32h7xx_hal_rcc.c **** 
 379:../../Drivers/STM32H7xx_HAL_Driver/Src/stm32h7xx_hal_rcc.c ****     /* Check that the new number of wait states is taken into account to access the Flash
 380:../../Drivers/STM32H7xx_HAL_Driver/Src/stm32h7xx_hal_rcc.c ****     memory by reading the FLASH_ACR register */
 381:../../Drivers/STM32H7xx_HAL_Driver/Src/stm32h7xx_hal_rcc.c ****     if (__HAL_FLASH_GET_LATENCY() != FLASH_LATENCY_DEFAULT)
 352              		.loc 1 381 5 view .LVU110
 353              		.loc 1 381 9 is_stmt 0 view .LVU111
 354 019c 1368     		ldr	r3, [r2]
 355 019e 03F00F03 		and	r3, r3, #15
 356              		.loc 1 381 8 view .LVU112
 357 01a2 072B     		cmp	r3, #7
 358 01a4 04D0     		beq	.L3
 382:../../Drivers/STM32H7xx_HAL_Driver/Src/stm32h7xx_hal_rcc.c ****     {
 383:../../Drivers/STM32H7xx_HAL_Driver/Src/stm32h7xx_hal_rcc.c ****       return HAL_ERROR;
 359              		.loc 1 383 14 view .LVU113
ARM GAS  /var/folders/2r/mdtt8xvd351gdc398t28_m2m0000gn/T//ccT8wITP.s 			page 14


 360 01a6 0123     		movs	r3, #1
 361 01a8 1D46     		mov	r5, r3
 362 01aa 01E0     		b	.L3
 363              	.LVL24:
 364              	.L16:
 202:../../Drivers/STM32H7xx_HAL_Driver/Src/stm32h7xx_hal_rcc.c ****     }
 365              		.loc 1 202 14 view .LVU114
 366 01ac 0123     		movs	r3, #1
 367 01ae 1D46     		mov	r5, r3
 368              	.L3:
 384:../../Drivers/STM32H7xx_HAL_Driver/Src/stm32h7xx_hal_rcc.c ****     }
 385:../../Drivers/STM32H7xx_HAL_Driver/Src/stm32h7xx_hal_rcc.c **** 
 386:../../Drivers/STM32H7xx_HAL_Driver/Src/stm32h7xx_hal_rcc.c ****   }
 387:../../Drivers/STM32H7xx_HAL_Driver/Src/stm32h7xx_hal_rcc.c **** 
 388:../../Drivers/STM32H7xx_HAL_Driver/Src/stm32h7xx_hal_rcc.c ****   return HAL_OK;
 389:../../Drivers/STM32H7xx_HAL_Driver/Src/stm32h7xx_hal_rcc.c **** }
 369              		.loc 1 389 1 view .LVU115
 370 01b0 2846     		mov	r0, r5
 371 01b2 38BD     		pop	{r3, r4, r5, pc}
 372              	.L34:
 373              		.align	2
 374              	.L33:
 375 01b4 00200052 		.word	1375739904
 376 01b8 00440258 		.word	1476543488
 377 01bc 0090D003 		.word	64000000
 378 01c0 00000000 		.word	SystemCoreClock
 379 01c4 00000000 		.word	SystemD2Clock
 380 01c8 00000000 		.word	uwTickPrio
 381 01cc 45EDF6FF 		.word	-594619
 382 01d0 00020202 		.word	33686016
 383 01d4 0000FF01 		.word	33488896
 384 01d8 80020101 		.word	16843392
 385              		.cfi_endproc
 386              	.LFE132:
 388              		.section	.text.HAL_RCC_OscConfig,"ax",%progbits
 389              		.align	1
 390              		.weak	HAL_RCC_OscConfig
 391              		.syntax unified
 392              		.thumb
 393              		.thumb_func
 395              	HAL_RCC_OscConfig:
 396              	.LVL25:
 397              	.LFB133:
 390:../../Drivers/STM32H7xx_HAL_Driver/Src/stm32h7xx_hal_rcc.c **** 
 391:../../Drivers/STM32H7xx_HAL_Driver/Src/stm32h7xx_hal_rcc.c **** /**
 392:../../Drivers/STM32H7xx_HAL_Driver/Src/stm32h7xx_hal_rcc.c ****   * @brief  Initializes the RCC Oscillators according to the specified parameters in the
 393:../../Drivers/STM32H7xx_HAL_Driver/Src/stm32h7xx_hal_rcc.c ****   *         RCC_OscInitTypeDef.
 394:../../Drivers/STM32H7xx_HAL_Driver/Src/stm32h7xx_hal_rcc.c ****   * @param  RCC_OscInitStruct: pointer to an RCC_OscInitTypeDef structure that
 395:../../Drivers/STM32H7xx_HAL_Driver/Src/stm32h7xx_hal_rcc.c ****   *         contains the configuration information for the RCC Oscillators.
 396:../../Drivers/STM32H7xx_HAL_Driver/Src/stm32h7xx_hal_rcc.c ****   * @note   The PLL is not disabled when used as system clock.
 397:../../Drivers/STM32H7xx_HAL_Driver/Src/stm32h7xx_hal_rcc.c ****   * @note   Transitions LSE Bypass to LSE On and LSE On to LSE Bypass are not
 398:../../Drivers/STM32H7xx_HAL_Driver/Src/stm32h7xx_hal_rcc.c ****   *         supported by this function. User should request a transition to LSE Off
 399:../../Drivers/STM32H7xx_HAL_Driver/Src/stm32h7xx_hal_rcc.c ****   *         first and then LSE On or LSE Bypass.
 400:../../Drivers/STM32H7xx_HAL_Driver/Src/stm32h7xx_hal_rcc.c ****   * @note   Transition HSE Bypass to HSE On and HSE On to HSE Bypass are not
 401:../../Drivers/STM32H7xx_HAL_Driver/Src/stm32h7xx_hal_rcc.c ****   *         supported by this function. User should request a transition to HSE Off
 402:../../Drivers/STM32H7xx_HAL_Driver/Src/stm32h7xx_hal_rcc.c ****   *         first and then HSE On or HSE Bypass.
 403:../../Drivers/STM32H7xx_HAL_Driver/Src/stm32h7xx_hal_rcc.c ****   * @retval HAL status
ARM GAS  /var/folders/2r/mdtt8xvd351gdc398t28_m2m0000gn/T//ccT8wITP.s 			page 15


 404:../../Drivers/STM32H7xx_HAL_Driver/Src/stm32h7xx_hal_rcc.c ****   */
 405:../../Drivers/STM32H7xx_HAL_Driver/Src/stm32h7xx_hal_rcc.c **** __weak HAL_StatusTypeDef HAL_RCC_OscConfig(RCC_OscInitTypeDef  *RCC_OscInitStruct)
 406:../../Drivers/STM32H7xx_HAL_Driver/Src/stm32h7xx_hal_rcc.c **** {
 398              		.loc 1 406 1 is_stmt 1 view -0
 399              		.cfi_startproc
 400              		@ args = 0, pretend = 0, frame = 0
 401              		@ frame_needed = 0, uses_anonymous_args = 0
 407:../../Drivers/STM32H7xx_HAL_Driver/Src/stm32h7xx_hal_rcc.c ****   uint32_t tickstart;
 402              		.loc 1 407 3 view .LVU117
 408:../../Drivers/STM32H7xx_HAL_Driver/Src/stm32h7xx_hal_rcc.c ****   uint32_t temp1_pllckcfg, temp2_pllckcfg;
 403              		.loc 1 408 3 view .LVU118
 409:../../Drivers/STM32H7xx_HAL_Driver/Src/stm32h7xx_hal_rcc.c **** 
 410:../../Drivers/STM32H7xx_HAL_Driver/Src/stm32h7xx_hal_rcc.c ****   /* Check Null pointer */
 411:../../Drivers/STM32H7xx_HAL_Driver/Src/stm32h7xx_hal_rcc.c ****   if (RCC_OscInitStruct == NULL)
 404              		.loc 1 411 3 view .LVU119
 405              		.loc 1 411 6 is_stmt 0 view .LVU120
 406 0000 0028     		cmp	r0, #0
 407 0002 00F03C83 		beq	.L110
 406:../../Drivers/STM32H7xx_HAL_Driver/Src/stm32h7xx_hal_rcc.c ****   uint32_t tickstart;
 408              		.loc 1 406 1 view .LVU121
 409 0006 38B5     		push	{r3, r4, r5, lr}
 410              	.LCFI1:
 411              		.cfi_def_cfa_offset 16
 412              		.cfi_offset 3, -16
 413              		.cfi_offset 4, -12
 414              		.cfi_offset 5, -8
 415              		.cfi_offset 14, -4
 416 0008 0446     		mov	r4, r0
 412:../../Drivers/STM32H7xx_HAL_Driver/Src/stm32h7xx_hal_rcc.c ****   {
 413:../../Drivers/STM32H7xx_HAL_Driver/Src/stm32h7xx_hal_rcc.c ****     return HAL_ERROR;
 414:../../Drivers/STM32H7xx_HAL_Driver/Src/stm32h7xx_hal_rcc.c ****   }
 415:../../Drivers/STM32H7xx_HAL_Driver/Src/stm32h7xx_hal_rcc.c **** 
 416:../../Drivers/STM32H7xx_HAL_Driver/Src/stm32h7xx_hal_rcc.c ****   /* Check the parameters */
 417:../../Drivers/STM32H7xx_HAL_Driver/Src/stm32h7xx_hal_rcc.c ****   assert_param(IS_RCC_OSCILLATORTYPE(RCC_OscInitStruct->OscillatorType));
 417              		.loc 1 417 3 is_stmt 1 view .LVU122
 418:../../Drivers/STM32H7xx_HAL_Driver/Src/stm32h7xx_hal_rcc.c ****   /*------------------------------- HSE Configuration ------------------------*/
 419:../../Drivers/STM32H7xx_HAL_Driver/Src/stm32h7xx_hal_rcc.c ****   if (((RCC_OscInitStruct->OscillatorType) & RCC_OSCILLATORTYPE_HSE) == RCC_OSCILLATORTYPE_HSE)
 418              		.loc 1 419 3 view .LVU123
 419              		.loc 1 419 26 is_stmt 0 view .LVU124
 420 000a 0368     		ldr	r3, [r0]
 421              		.loc 1 419 6 view .LVU125
 422 000c 13F0010F 		tst	r3, #1
 423 0010 25D0     		beq	.L37
 424              	.LBB2:
 420:../../Drivers/STM32H7xx_HAL_Driver/Src/stm32h7xx_hal_rcc.c ****   {
 421:../../Drivers/STM32H7xx_HAL_Driver/Src/stm32h7xx_hal_rcc.c ****     /* Check the parameters */
 422:../../Drivers/STM32H7xx_HAL_Driver/Src/stm32h7xx_hal_rcc.c ****     assert_param(IS_RCC_HSE(RCC_OscInitStruct->HSEState));
 425              		.loc 1 422 5 is_stmt 1 view .LVU126
 423:../../Drivers/STM32H7xx_HAL_Driver/Src/stm32h7xx_hal_rcc.c **** 
 424:../../Drivers/STM32H7xx_HAL_Driver/Src/stm32h7xx_hal_rcc.c ****     const uint32_t temp_sysclksrc = __HAL_RCC_GET_SYSCLK_SOURCE();
 426              		.loc 1 424 5 view .LVU127
 427              		.loc 1 424 37 is_stmt 0 view .LVU128
 428 0012 944A     		ldr	r2, .L166
 429 0014 1369     		ldr	r3, [r2, #16]
 430              		.loc 1 424 20 view .LVU129
 431 0016 03F03803 		and	r3, r3, #56
 432              	.LVL26:
ARM GAS  /var/folders/2r/mdtt8xvd351gdc398t28_m2m0000gn/T//ccT8wITP.s 			page 16


 425:../../Drivers/STM32H7xx_HAL_Driver/Src/stm32h7xx_hal_rcc.c ****     const uint32_t temp_pllckselr = RCC->PLLCKSELR;
 433              		.loc 1 425 5 is_stmt 1 view .LVU130
 434              		.loc 1 425 20 is_stmt 0 view .LVU131
 435 001a 926A     		ldr	r2, [r2, #40]
 436              	.LVL27:
 426:../../Drivers/STM32H7xx_HAL_Driver/Src/stm32h7xx_hal_rcc.c ****     /* When the HSE is used as system clock or clock source for PLL in these cases HSE will not dis
 427:../../Drivers/STM32H7xx_HAL_Driver/Src/stm32h7xx_hal_rcc.c ****     if ((temp_sysclksrc == RCC_CFGR_SWS_HSE) || ((temp_sysclksrc == RCC_CFGR_SWS_PLL1) && ((temp_pl
 437              		.loc 1 427 5 is_stmt 1 view .LVU132
 438              		.loc 1 427 8 is_stmt 0 view .LVU133
 439 001c 102B     		cmp	r3, #16
 440 001e 15D0     		beq	.L38
 441              		.loc 1 427 46 discriminator 1 view .LVU134
 442 0020 182B     		cmp	r3, #24
 443 0022 0FD0     		beq	.L144
 444              	.LVL28:
 445              	.L39:
 428:../../Drivers/STM32H7xx_HAL_Driver/Src/stm32h7xx_hal_rcc.c ****     {
 429:../../Drivers/STM32H7xx_HAL_Driver/Src/stm32h7xx_hal_rcc.c ****       if ((__HAL_RCC_GET_FLAG(RCC_FLAG_HSERDY) != 0U) && (RCC_OscInitStruct->HSEState == RCC_HSE_OF
 430:../../Drivers/STM32H7xx_HAL_Driver/Src/stm32h7xx_hal_rcc.c ****       {
 431:../../Drivers/STM32H7xx_HAL_Driver/Src/stm32h7xx_hal_rcc.c ****         return HAL_ERROR;
 432:../../Drivers/STM32H7xx_HAL_Driver/Src/stm32h7xx_hal_rcc.c ****       }
 433:../../Drivers/STM32H7xx_HAL_Driver/Src/stm32h7xx_hal_rcc.c ****     }
 434:../../Drivers/STM32H7xx_HAL_Driver/Src/stm32h7xx_hal_rcc.c ****     else
 435:../../Drivers/STM32H7xx_HAL_Driver/Src/stm32h7xx_hal_rcc.c ****     {
 436:../../Drivers/STM32H7xx_HAL_Driver/Src/stm32h7xx_hal_rcc.c ****       /* Set the new HSE configuration ---------------------------------------*/
 437:../../Drivers/STM32H7xx_HAL_Driver/Src/stm32h7xx_hal_rcc.c ****       __HAL_RCC_HSE_CONFIG(RCC_OscInitStruct->HSEState);
 446              		.loc 1 437 7 is_stmt 1 view .LVU135
 447              		.loc 1 437 7 view .LVU136
 448 0024 6368     		ldr	r3, [r4, #4]
 449              	.LVL29:
 450              		.loc 1 437 7 is_stmt 0 view .LVU137
 451 0026 B3F5803F 		cmp	r3, #65536
 452 002a 3FD0     		beq	.L145
 453              		.loc 1 437 7 is_stmt 1 discriminator 2 view .LVU138
 454 002c 002B     		cmp	r3, #0
 455 002e 53D1     		bne	.L42
 456              		.loc 1 437 7 discriminator 3 view .LVU139
 457 0030 8C4B     		ldr	r3, .L166
 458 0032 1A68     		ldr	r2, [r3]
 459 0034 22F48032 		bic	r2, r2, #65536
 460 0038 1A60     		str	r2, [r3]
 461              		.loc 1 437 7 view .LVU140
 462              		.loc 1 437 7 is_stmt 0 discriminator 3 view .LVU141
 463 003a 1A68     		ldr	r2, [r3]
 464 003c 22F48022 		bic	r2, r2, #262144
 465 0040 1A60     		str	r2, [r3]
 466 0042 38E0     		b	.L41
 467              	.LVL30:
 468              	.L144:
 427:../../Drivers/STM32H7xx_HAL_Driver/Src/stm32h7xx_hal_rcc.c ****     {
 469              		.loc 1 427 108 discriminator 2 view .LVU142
 470 0044 02F00302 		and	r2, r2, #3
 471              	.LVL31:
 427:../../Drivers/STM32H7xx_HAL_Driver/Src/stm32h7xx_hal_rcc.c ****     {
 472              		.loc 1 427 88 discriminator 2 view .LVU143
 473 0048 022A     		cmp	r2, #2
 474 004a EBD1     		bne	.L39
ARM GAS  /var/folders/2r/mdtt8xvd351gdc398t28_m2m0000gn/T//ccT8wITP.s 			page 17


 475              	.L38:
 429:../../Drivers/STM32H7xx_HAL_Driver/Src/stm32h7xx_hal_rcc.c ****       {
 476              		.loc 1 429 7 is_stmt 1 view .LVU144
 429:../../Drivers/STM32H7xx_HAL_Driver/Src/stm32h7xx_hal_rcc.c ****       {
 477              		.loc 1 429 12 is_stmt 0 view .LVU145
 478 004c 854B     		ldr	r3, .L166
 479              	.LVL32:
 429:../../Drivers/STM32H7xx_HAL_Driver/Src/stm32h7xx_hal_rcc.c ****       {
 480              		.loc 1 429 12 view .LVU146
 481 004e 1B68     		ldr	r3, [r3]
 429:../../Drivers/STM32H7xx_HAL_Driver/Src/stm32h7xx_hal_rcc.c ****       {
 482              		.loc 1 429 10 view .LVU147
 483 0050 13F4003F 		tst	r3, #131072
 484 0054 03D0     		beq	.L37
 429:../../Drivers/STM32H7xx_HAL_Driver/Src/stm32h7xx_hal_rcc.c ****       {
 485              		.loc 1 429 76 discriminator 1 view .LVU148
 486 0056 6368     		ldr	r3, [r4, #4]
 429:../../Drivers/STM32H7xx_HAL_Driver/Src/stm32h7xx_hal_rcc.c ****       {
 487              		.loc 1 429 55 discriminator 1 view .LVU149
 488 0058 002B     		cmp	r3, #0
 489 005a 00F01283 		beq	.L146
 490              	.LVL33:
 491              	.L37:
 429:../../Drivers/STM32H7xx_HAL_Driver/Src/stm32h7xx_hal_rcc.c ****       {
 492              		.loc 1 429 55 discriminator 1 view .LVU150
 493              	.LBE2:
 438:../../Drivers/STM32H7xx_HAL_Driver/Src/stm32h7xx_hal_rcc.c **** 
 439:../../Drivers/STM32H7xx_HAL_Driver/Src/stm32h7xx_hal_rcc.c ****       /* Check the HSE State */
 440:../../Drivers/STM32H7xx_HAL_Driver/Src/stm32h7xx_hal_rcc.c ****       if (RCC_OscInitStruct->HSEState != RCC_HSE_OFF)
 441:../../Drivers/STM32H7xx_HAL_Driver/Src/stm32h7xx_hal_rcc.c ****       {
 442:../../Drivers/STM32H7xx_HAL_Driver/Src/stm32h7xx_hal_rcc.c ****         /* Get Start Tick*/
 443:../../Drivers/STM32H7xx_HAL_Driver/Src/stm32h7xx_hal_rcc.c ****         tickstart = HAL_GetTick();
 444:../../Drivers/STM32H7xx_HAL_Driver/Src/stm32h7xx_hal_rcc.c **** 
 445:../../Drivers/STM32H7xx_HAL_Driver/Src/stm32h7xx_hal_rcc.c ****         /* Wait till HSE is ready */
 446:../../Drivers/STM32H7xx_HAL_Driver/Src/stm32h7xx_hal_rcc.c ****         while (__HAL_RCC_GET_FLAG(RCC_FLAG_HSERDY) == 0U)
 447:../../Drivers/STM32H7xx_HAL_Driver/Src/stm32h7xx_hal_rcc.c ****         {
 448:../../Drivers/STM32H7xx_HAL_Driver/Src/stm32h7xx_hal_rcc.c ****           if ((uint32_t)(HAL_GetTick() - tickstart) > HSE_TIMEOUT_VALUE)
 449:../../Drivers/STM32H7xx_HAL_Driver/Src/stm32h7xx_hal_rcc.c ****           {
 450:../../Drivers/STM32H7xx_HAL_Driver/Src/stm32h7xx_hal_rcc.c ****             return HAL_TIMEOUT;
 451:../../Drivers/STM32H7xx_HAL_Driver/Src/stm32h7xx_hal_rcc.c ****           }
 452:../../Drivers/STM32H7xx_HAL_Driver/Src/stm32h7xx_hal_rcc.c ****         }
 453:../../Drivers/STM32H7xx_HAL_Driver/Src/stm32h7xx_hal_rcc.c ****       }
 454:../../Drivers/STM32H7xx_HAL_Driver/Src/stm32h7xx_hal_rcc.c ****       else
 455:../../Drivers/STM32H7xx_HAL_Driver/Src/stm32h7xx_hal_rcc.c ****       {
 456:../../Drivers/STM32H7xx_HAL_Driver/Src/stm32h7xx_hal_rcc.c ****         /* Get Start Tick*/
 457:../../Drivers/STM32H7xx_HAL_Driver/Src/stm32h7xx_hal_rcc.c ****         tickstart = HAL_GetTick();
 458:../../Drivers/STM32H7xx_HAL_Driver/Src/stm32h7xx_hal_rcc.c **** 
 459:../../Drivers/STM32H7xx_HAL_Driver/Src/stm32h7xx_hal_rcc.c ****         /* Wait till HSE is disabled */
 460:../../Drivers/STM32H7xx_HAL_Driver/Src/stm32h7xx_hal_rcc.c ****         while (__HAL_RCC_GET_FLAG(RCC_FLAG_HSERDY) != 0U)
 461:../../Drivers/STM32H7xx_HAL_Driver/Src/stm32h7xx_hal_rcc.c ****         {
 462:../../Drivers/STM32H7xx_HAL_Driver/Src/stm32h7xx_hal_rcc.c ****           if ((uint32_t)(HAL_GetTick() - tickstart) > HSE_TIMEOUT_VALUE)
 463:../../Drivers/STM32H7xx_HAL_Driver/Src/stm32h7xx_hal_rcc.c ****           {
 464:../../Drivers/STM32H7xx_HAL_Driver/Src/stm32h7xx_hal_rcc.c ****             return HAL_TIMEOUT;
 465:../../Drivers/STM32H7xx_HAL_Driver/Src/stm32h7xx_hal_rcc.c ****           }
 466:../../Drivers/STM32H7xx_HAL_Driver/Src/stm32h7xx_hal_rcc.c ****         }
 467:../../Drivers/STM32H7xx_HAL_Driver/Src/stm32h7xx_hal_rcc.c ****       }
 468:../../Drivers/STM32H7xx_HAL_Driver/Src/stm32h7xx_hal_rcc.c ****     }
ARM GAS  /var/folders/2r/mdtt8xvd351gdc398t28_m2m0000gn/T//ccT8wITP.s 			page 18


 469:../../Drivers/STM32H7xx_HAL_Driver/Src/stm32h7xx_hal_rcc.c ****   }
 470:../../Drivers/STM32H7xx_HAL_Driver/Src/stm32h7xx_hal_rcc.c ****   /*----------------------------- HSI Configuration --------------------------*/
 471:../../Drivers/STM32H7xx_HAL_Driver/Src/stm32h7xx_hal_rcc.c ****   if (((RCC_OscInitStruct->OscillatorType) & RCC_OSCILLATORTYPE_HSI) == RCC_OSCILLATORTYPE_HSI)
 494              		.loc 1 471 3 is_stmt 1 view .LVU151
 495              		.loc 1 471 26 is_stmt 0 view .LVU152
 496 005e 2368     		ldr	r3, [r4]
 497              		.loc 1 471 6 view .LVU153
 498 0060 13F0020F 		tst	r3, #2
 499 0064 00F0A180 		beq	.L49
 500              	.LBB3:
 472:../../Drivers/STM32H7xx_HAL_Driver/Src/stm32h7xx_hal_rcc.c ****   {
 473:../../Drivers/STM32H7xx_HAL_Driver/Src/stm32h7xx_hal_rcc.c ****     /* Check the parameters */
 474:../../Drivers/STM32H7xx_HAL_Driver/Src/stm32h7xx_hal_rcc.c ****     assert_param(IS_RCC_HSI(RCC_OscInitStruct->HSIState));
 501              		.loc 1 474 5 is_stmt 1 view .LVU154
 475:../../Drivers/STM32H7xx_HAL_Driver/Src/stm32h7xx_hal_rcc.c ****     assert_param(IS_RCC_HSICALIBRATION_VALUE(RCC_OscInitStruct->HSICalibrationValue));
 502              		.loc 1 475 5 view .LVU155
 476:../../Drivers/STM32H7xx_HAL_Driver/Src/stm32h7xx_hal_rcc.c **** 
 477:../../Drivers/STM32H7xx_HAL_Driver/Src/stm32h7xx_hal_rcc.c ****     /* When the HSI is used as system clock it will not be disabled */
 478:../../Drivers/STM32H7xx_HAL_Driver/Src/stm32h7xx_hal_rcc.c ****     const uint32_t temp_sysclksrc = __HAL_RCC_GET_SYSCLK_SOURCE();
 503              		.loc 1 478 5 view .LVU156
 504              		.loc 1 478 37 is_stmt 0 view .LVU157
 505 0068 7E4A     		ldr	r2, .L166
 506 006a 1369     		ldr	r3, [r2, #16]
 507              	.LVL34:
 479:../../Drivers/STM32H7xx_HAL_Driver/Src/stm32h7xx_hal_rcc.c ****     const uint32_t temp_pllckselr = RCC->PLLCKSELR;
 508              		.loc 1 479 5 is_stmt 1 view .LVU158
 509              		.loc 1 479 20 is_stmt 0 view .LVU159
 510 006c 926A     		ldr	r2, [r2, #40]
 511              	.LVL35:
 480:../../Drivers/STM32H7xx_HAL_Driver/Src/stm32h7xx_hal_rcc.c ****     if ((temp_sysclksrc == RCC_CFGR_SWS_HSI) || ((temp_sysclksrc == RCC_CFGR_SWS_PLL1) && ((temp_pl
 512              		.loc 1 480 5 is_stmt 1 view .LVU160
 513              		.loc 1 480 8 is_stmt 0 view .LVU161
 514 006e 13F03803 		ands	r3, r3, #56
 515              	.LVL36:
 516              		.loc 1 480 8 view .LVU162
 517 0072 5AD0     		beq	.L50
 518              		.loc 1 480 46 discriminator 1 view .LVU163
 519 0074 182B     		cmp	r3, #24
 520 0076 55D0     		beq	.L147
 521              	.L51:
 481:../../Drivers/STM32H7xx_HAL_Driver/Src/stm32h7xx_hal_rcc.c ****     {
 482:../../Drivers/STM32H7xx_HAL_Driver/Src/stm32h7xx_hal_rcc.c ****       /* When HSI is used as system clock it will not be disabled */
 483:../../Drivers/STM32H7xx_HAL_Driver/Src/stm32h7xx_hal_rcc.c ****       if ((__HAL_RCC_GET_FLAG(RCC_FLAG_HSIRDY) != 0U) && (RCC_OscInitStruct->HSIState == RCC_HSI_OF
 484:../../Drivers/STM32H7xx_HAL_Driver/Src/stm32h7xx_hal_rcc.c ****       {
 485:../../Drivers/STM32H7xx_HAL_Driver/Src/stm32h7xx_hal_rcc.c ****         return HAL_ERROR;
 486:../../Drivers/STM32H7xx_HAL_Driver/Src/stm32h7xx_hal_rcc.c ****       }
 487:../../Drivers/STM32H7xx_HAL_Driver/Src/stm32h7xx_hal_rcc.c ****       /* Otherwise, only HSI division and calibration are allowed */
 488:../../Drivers/STM32H7xx_HAL_Driver/Src/stm32h7xx_hal_rcc.c ****       else
 489:../../Drivers/STM32H7xx_HAL_Driver/Src/stm32h7xx_hal_rcc.c ****       {
 490:../../Drivers/STM32H7xx_HAL_Driver/Src/stm32h7xx_hal_rcc.c ****         /* Enable the Internal High Speed oscillator (HSI, HSIDIV2, HSIDIV4, or HSIDIV8) */
 491:../../Drivers/STM32H7xx_HAL_Driver/Src/stm32h7xx_hal_rcc.c ****         __HAL_RCC_HSI_CONFIG(RCC_OscInitStruct->HSIState);
 492:../../Drivers/STM32H7xx_HAL_Driver/Src/stm32h7xx_hal_rcc.c **** 
 493:../../Drivers/STM32H7xx_HAL_Driver/Src/stm32h7xx_hal_rcc.c ****         /* Get Start Tick*/
 494:../../Drivers/STM32H7xx_HAL_Driver/Src/stm32h7xx_hal_rcc.c ****         tickstart = HAL_GetTick();
 495:../../Drivers/STM32H7xx_HAL_Driver/Src/stm32h7xx_hal_rcc.c **** 
 496:../../Drivers/STM32H7xx_HAL_Driver/Src/stm32h7xx_hal_rcc.c ****         /* Wait till HSI is ready */
 497:../../Drivers/STM32H7xx_HAL_Driver/Src/stm32h7xx_hal_rcc.c ****         while (__HAL_RCC_GET_FLAG(RCC_FLAG_HSIRDY) == 0U)
ARM GAS  /var/folders/2r/mdtt8xvd351gdc398t28_m2m0000gn/T//ccT8wITP.s 			page 19


 498:../../Drivers/STM32H7xx_HAL_Driver/Src/stm32h7xx_hal_rcc.c ****         {
 499:../../Drivers/STM32H7xx_HAL_Driver/Src/stm32h7xx_hal_rcc.c ****           if ((uint32_t)(HAL_GetTick() - tickstart) > HSI_TIMEOUT_VALUE)
 500:../../Drivers/STM32H7xx_HAL_Driver/Src/stm32h7xx_hal_rcc.c ****           {
 501:../../Drivers/STM32H7xx_HAL_Driver/Src/stm32h7xx_hal_rcc.c ****             return HAL_TIMEOUT;
 502:../../Drivers/STM32H7xx_HAL_Driver/Src/stm32h7xx_hal_rcc.c ****           }
 503:../../Drivers/STM32H7xx_HAL_Driver/Src/stm32h7xx_hal_rcc.c ****         }
 504:../../Drivers/STM32H7xx_HAL_Driver/Src/stm32h7xx_hal_rcc.c ****         /* Adjusts the Internal High Speed oscillator (HSI) calibration value.*/
 505:../../Drivers/STM32H7xx_HAL_Driver/Src/stm32h7xx_hal_rcc.c ****         __HAL_RCC_HSI_CALIBRATIONVALUE_ADJUST(RCC_OscInitStruct->HSICalibrationValue);
 506:../../Drivers/STM32H7xx_HAL_Driver/Src/stm32h7xx_hal_rcc.c ****       }
 507:../../Drivers/STM32H7xx_HAL_Driver/Src/stm32h7xx_hal_rcc.c ****     }
 508:../../Drivers/STM32H7xx_HAL_Driver/Src/stm32h7xx_hal_rcc.c **** 
 509:../../Drivers/STM32H7xx_HAL_Driver/Src/stm32h7xx_hal_rcc.c ****     else
 510:../../Drivers/STM32H7xx_HAL_Driver/Src/stm32h7xx_hal_rcc.c ****     {
 511:../../Drivers/STM32H7xx_HAL_Driver/Src/stm32h7xx_hal_rcc.c ****       /* Check the HSI State */
 512:../../Drivers/STM32H7xx_HAL_Driver/Src/stm32h7xx_hal_rcc.c ****       if ((RCC_OscInitStruct->HSIState) != RCC_HSI_OFF)
 522              		.loc 1 512 7 is_stmt 1 view .LVU164
 523              		.loc 1 512 29 is_stmt 0 view .LVU165
 524 0078 E368     		ldr	r3, [r4, #12]
 525              	.LVL37:
 526              		.loc 1 512 10 view .LVU166
 527 007a 002B     		cmp	r3, #0
 528 007c 00F0DE80 		beq	.L57
 513:../../Drivers/STM32H7xx_HAL_Driver/Src/stm32h7xx_hal_rcc.c ****       {
 514:../../Drivers/STM32H7xx_HAL_Driver/Src/stm32h7xx_hal_rcc.c ****         /* Enable the Internal High Speed oscillator (HSI, HSIDIV2,HSIDIV4, or HSIDIV8) */
 515:../../Drivers/STM32H7xx_HAL_Driver/Src/stm32h7xx_hal_rcc.c ****         __HAL_RCC_HSI_CONFIG(RCC_OscInitStruct->HSIState);
 529              		.loc 1 515 9 is_stmt 1 view .LVU167
 530 0080 7849     		ldr	r1, .L166
 531 0082 0A68     		ldr	r2, [r1]
 532              	.LVL38:
 533              		.loc 1 515 9 is_stmt 0 view .LVU168
 534 0084 22F01902 		bic	r2, r2, #25
 535 0088 1343     		orrs	r3, r3, r2
 536 008a 0B60     		str	r3, [r1]
 516:../../Drivers/STM32H7xx_HAL_Driver/Src/stm32h7xx_hal_rcc.c **** 
 517:../../Drivers/STM32H7xx_HAL_Driver/Src/stm32h7xx_hal_rcc.c ****         /* Get Start Tick*/
 518:../../Drivers/STM32H7xx_HAL_Driver/Src/stm32h7xx_hal_rcc.c ****         tickstart = HAL_GetTick();
 537              		.loc 1 518 9 is_stmt 1 view .LVU169
 538              		.loc 1 518 21 is_stmt 0 view .LVU170
 539 008c FFF7FEFF 		bl	HAL_GetTick
 540              	.LVL39:
 541 0090 0546     		mov	r5, r0
 542              	.LVL40:
 519:../../Drivers/STM32H7xx_HAL_Driver/Src/stm32h7xx_hal_rcc.c **** 
 520:../../Drivers/STM32H7xx_HAL_Driver/Src/stm32h7xx_hal_rcc.c ****         /* Wait till HSI is ready */
 521:../../Drivers/STM32H7xx_HAL_Driver/Src/stm32h7xx_hal_rcc.c ****         while (__HAL_RCC_GET_FLAG(RCC_FLAG_HSIRDY) == 0U)
 543              		.loc 1 521 9 is_stmt 1 view .LVU171
 544              	.L58:
 545              		.loc 1 521 52 view .LVU172
 546              		.loc 1 521 16 is_stmt 0 view .LVU173
 547 0092 744B     		ldr	r3, .L166
 548 0094 1B68     		ldr	r3, [r3]
 549              		.loc 1 521 52 view .LVU174
 550 0096 13F0040F 		tst	r3, #4
 551 009a 40F0AD80 		bne	.L148
 522:../../Drivers/STM32H7xx_HAL_Driver/Src/stm32h7xx_hal_rcc.c ****         {
 523:../../Drivers/STM32H7xx_HAL_Driver/Src/stm32h7xx_hal_rcc.c ****           if ((HAL_GetTick() - tickstart) > HSI_TIMEOUT_VALUE)
 552              		.loc 1 523 11 is_stmt 1 view .LVU175
ARM GAS  /var/folders/2r/mdtt8xvd351gdc398t28_m2m0000gn/T//ccT8wITP.s 			page 20


 553              		.loc 1 523 16 is_stmt 0 view .LVU176
 554 009e FFF7FEFF 		bl	HAL_GetTick
 555              	.LVL41:
 556              		.loc 1 523 30 discriminator 1 view .LVU177
 557 00a2 401B     		subs	r0, r0, r5
 558              		.loc 1 523 14 discriminator 1 view .LVU178
 559 00a4 0228     		cmp	r0, #2
 560 00a6 F4D9     		bls	.L58
 524:../../Drivers/STM32H7xx_HAL_Driver/Src/stm32h7xx_hal_rcc.c ****           {
 525:../../Drivers/STM32H7xx_HAL_Driver/Src/stm32h7xx_hal_rcc.c ****             return HAL_TIMEOUT;
 561              		.loc 1 525 20 view .LVU179
 562 00a8 0320     		movs	r0, #3
 563 00aa F1E2     		b	.L36
 564              	.LVL42:
 565              	.L145:
 566              		.loc 1 525 20 view .LVU180
 567              	.LBE3:
 568              	.LBB4:
 437:../../Drivers/STM32H7xx_HAL_Driver/Src/stm32h7xx_hal_rcc.c **** 
 569              		.loc 1 437 7 is_stmt 1 discriminator 1 view .LVU181
 570 00ac 6D4A     		ldr	r2, .L166
 571 00ae 1368     		ldr	r3, [r2]
 572 00b0 43F48033 		orr	r3, r3, #65536
 573 00b4 1360     		str	r3, [r2]
 574              	.L41:
 437:../../Drivers/STM32H7xx_HAL_Driver/Src/stm32h7xx_hal_rcc.c **** 
 575              		.loc 1 437 7 view .LVU182
 440:../../Drivers/STM32H7xx_HAL_Driver/Src/stm32h7xx_hal_rcc.c ****       {
 576              		.loc 1 440 7 view .LVU183
 440:../../Drivers/STM32H7xx_HAL_Driver/Src/stm32h7xx_hal_rcc.c ****       {
 577              		.loc 1 440 28 is_stmt 0 view .LVU184
 578 00b6 6368     		ldr	r3, [r4, #4]
 440:../../Drivers/STM32H7xx_HAL_Driver/Src/stm32h7xx_hal_rcc.c ****       {
 579              		.loc 1 440 10 view .LVU185
 580 00b8 2BB3     		cbz	r3, .L44
 443:../../Drivers/STM32H7xx_HAL_Driver/Src/stm32h7xx_hal_rcc.c **** 
 581              		.loc 1 443 9 is_stmt 1 view .LVU186
 443:../../Drivers/STM32H7xx_HAL_Driver/Src/stm32h7xx_hal_rcc.c **** 
 582              		.loc 1 443 21 is_stmt 0 view .LVU187
 583 00ba FFF7FEFF 		bl	HAL_GetTick
 584              	.LVL43:
 443:../../Drivers/STM32H7xx_HAL_Driver/Src/stm32h7xx_hal_rcc.c **** 
 585              		.loc 1 443 21 view .LVU188
 586 00be 0546     		mov	r5, r0
 587              	.LVL44:
 446:../../Drivers/STM32H7xx_HAL_Driver/Src/stm32h7xx_hal_rcc.c ****         {
 588              		.loc 1 446 9 is_stmt 1 view .LVU189
 589              	.L45:
 446:../../Drivers/STM32H7xx_HAL_Driver/Src/stm32h7xx_hal_rcc.c ****         {
 590              		.loc 1 446 52 view .LVU190
 446:../../Drivers/STM32H7xx_HAL_Driver/Src/stm32h7xx_hal_rcc.c ****         {
 591              		.loc 1 446 16 is_stmt 0 view .LVU191
 592 00c0 684B     		ldr	r3, .L166
 593 00c2 1B68     		ldr	r3, [r3]
 446:../../Drivers/STM32H7xx_HAL_Driver/Src/stm32h7xx_hal_rcc.c ****         {
 594              		.loc 1 446 52 view .LVU192
 595 00c4 13F4003F 		tst	r3, #131072
ARM GAS  /var/folders/2r/mdtt8xvd351gdc398t28_m2m0000gn/T//ccT8wITP.s 			page 21


 596 00c8 C9D1     		bne	.L37
 448:../../Drivers/STM32H7xx_HAL_Driver/Src/stm32h7xx_hal_rcc.c ****           {
 597              		.loc 1 448 11 is_stmt 1 view .LVU193
 448:../../Drivers/STM32H7xx_HAL_Driver/Src/stm32h7xx_hal_rcc.c ****           {
 598              		.loc 1 448 26 is_stmt 0 view .LVU194
 599 00ca FFF7FEFF 		bl	HAL_GetTick
 600              	.LVL45:
 448:../../Drivers/STM32H7xx_HAL_Driver/Src/stm32h7xx_hal_rcc.c ****           {
 601              		.loc 1 448 40 discriminator 1 view .LVU195
 602 00ce 401B     		subs	r0, r0, r5
 448:../../Drivers/STM32H7xx_HAL_Driver/Src/stm32h7xx_hal_rcc.c ****           {
 603              		.loc 1 448 14 discriminator 1 view .LVU196
 604 00d0 6428     		cmp	r0, #100
 605 00d2 F5D9     		bls	.L45
 450:../../Drivers/STM32H7xx_HAL_Driver/Src/stm32h7xx_hal_rcc.c ****           }
 606              		.loc 1 450 20 view .LVU197
 607 00d4 0320     		movs	r0, #3
 608 00d6 DBE2     		b	.L36
 609              	.LVL46:
 610              	.L42:
 437:../../Drivers/STM32H7xx_HAL_Driver/Src/stm32h7xx_hal_rcc.c **** 
 611              		.loc 1 437 7 is_stmt 1 discriminator 4 view .LVU198
 612 00d8 B3F5A02F 		cmp	r3, #327680
 613 00dc 09D0     		beq	.L149
 437:../../Drivers/STM32H7xx_HAL_Driver/Src/stm32h7xx_hal_rcc.c **** 
 614              		.loc 1 437 7 discriminator 6 view .LVU199
 615 00de 614B     		ldr	r3, .L166
 616 00e0 1A68     		ldr	r2, [r3]
 617 00e2 22F48032 		bic	r2, r2, #65536
 618 00e6 1A60     		str	r2, [r3]
 437:../../Drivers/STM32H7xx_HAL_Driver/Src/stm32h7xx_hal_rcc.c **** 
 619              		.loc 1 437 7 view .LVU200
 437:../../Drivers/STM32H7xx_HAL_Driver/Src/stm32h7xx_hal_rcc.c **** 
 620              		.loc 1 437 7 is_stmt 0 discriminator 6 view .LVU201
 621 00e8 1A68     		ldr	r2, [r3]
 622 00ea 22F48022 		bic	r2, r2, #262144
 623 00ee 1A60     		str	r2, [r3]
 624 00f0 E1E7     		b	.L41
 625              	.L149:
 437:../../Drivers/STM32H7xx_HAL_Driver/Src/stm32h7xx_hal_rcc.c **** 
 626              		.loc 1 437 7 is_stmt 1 discriminator 5 view .LVU202
 627 00f2 5C4B     		ldr	r3, .L166
 628 00f4 1A68     		ldr	r2, [r3]
 629 00f6 42F48022 		orr	r2, r2, #262144
 630 00fa 1A60     		str	r2, [r3]
 437:../../Drivers/STM32H7xx_HAL_Driver/Src/stm32h7xx_hal_rcc.c **** 
 631              		.loc 1 437 7 view .LVU203
 437:../../Drivers/STM32H7xx_HAL_Driver/Src/stm32h7xx_hal_rcc.c **** 
 632              		.loc 1 437 7 is_stmt 0 discriminator 5 view .LVU204
 633 00fc 1A68     		ldr	r2, [r3]
 634 00fe 42F48032 		orr	r2, r2, #65536
 635 0102 1A60     		str	r2, [r3]
 636 0104 D7E7     		b	.L41
 637              	.L44:
 457:../../Drivers/STM32H7xx_HAL_Driver/Src/stm32h7xx_hal_rcc.c **** 
 638              		.loc 1 457 9 is_stmt 1 view .LVU205
 457:../../Drivers/STM32H7xx_HAL_Driver/Src/stm32h7xx_hal_rcc.c **** 
ARM GAS  /var/folders/2r/mdtt8xvd351gdc398t28_m2m0000gn/T//ccT8wITP.s 			page 22


 639              		.loc 1 457 21 is_stmt 0 view .LVU206
 640 0106 FFF7FEFF 		bl	HAL_GetTick
 641              	.LVL47:
 457:../../Drivers/STM32H7xx_HAL_Driver/Src/stm32h7xx_hal_rcc.c **** 
 642              		.loc 1 457 21 view .LVU207
 643 010a 0546     		mov	r5, r0
 644              	.LVL48:
 460:../../Drivers/STM32H7xx_HAL_Driver/Src/stm32h7xx_hal_rcc.c ****         {
 645              		.loc 1 460 9 is_stmt 1 view .LVU208
 646              	.L47:
 460:../../Drivers/STM32H7xx_HAL_Driver/Src/stm32h7xx_hal_rcc.c ****         {
 647              		.loc 1 460 52 view .LVU209
 460:../../Drivers/STM32H7xx_HAL_Driver/Src/stm32h7xx_hal_rcc.c ****         {
 648              		.loc 1 460 16 is_stmt 0 view .LVU210
 649 010c 554B     		ldr	r3, .L166
 650 010e 1B68     		ldr	r3, [r3]
 460:../../Drivers/STM32H7xx_HAL_Driver/Src/stm32h7xx_hal_rcc.c ****         {
 651              		.loc 1 460 52 view .LVU211
 652 0110 13F4003F 		tst	r3, #131072
 653 0114 A3D0     		beq	.L37
 462:../../Drivers/STM32H7xx_HAL_Driver/Src/stm32h7xx_hal_rcc.c ****           {
 654              		.loc 1 462 11 is_stmt 1 view .LVU212
 462:../../Drivers/STM32H7xx_HAL_Driver/Src/stm32h7xx_hal_rcc.c ****           {
 655              		.loc 1 462 26 is_stmt 0 view .LVU213
 656 0116 FFF7FEFF 		bl	HAL_GetTick
 657              	.LVL49:
 462:../../Drivers/STM32H7xx_HAL_Driver/Src/stm32h7xx_hal_rcc.c ****           {
 658              		.loc 1 462 40 discriminator 1 view .LVU214
 659 011a 401B     		subs	r0, r0, r5
 462:../../Drivers/STM32H7xx_HAL_Driver/Src/stm32h7xx_hal_rcc.c ****           {
 660              		.loc 1 462 14 discriminator 1 view .LVU215
 661 011c 6428     		cmp	r0, #100
 662 011e F5D9     		bls	.L47
 464:../../Drivers/STM32H7xx_HAL_Driver/Src/stm32h7xx_hal_rcc.c ****           }
 663              		.loc 1 464 20 view .LVU216
 664 0120 0320     		movs	r0, #3
 665 0122 B5E2     		b	.L36
 666              	.LVL50:
 667              	.L147:
 464:../../Drivers/STM32H7xx_HAL_Driver/Src/stm32h7xx_hal_rcc.c ****           }
 668              		.loc 1 464 20 view .LVU217
 669              	.LBE4:
 670              	.LBB5:
 480:../../Drivers/STM32H7xx_HAL_Driver/Src/stm32h7xx_hal_rcc.c ****     {
 671              		.loc 1 480 88 discriminator 2 view .LVU218
 672 0124 12F0030F 		tst	r2, #3
 673 0128 A6D1     		bne	.L51
 674              	.L50:
 483:../../Drivers/STM32H7xx_HAL_Driver/Src/stm32h7xx_hal_rcc.c ****       {
 675              		.loc 1 483 7 is_stmt 1 view .LVU219
 483:../../Drivers/STM32H7xx_HAL_Driver/Src/stm32h7xx_hal_rcc.c ****       {
 676              		.loc 1 483 12 is_stmt 0 view .LVU220
 677 012a 4E4B     		ldr	r3, .L166
 678              	.LVL51:
 483:../../Drivers/STM32H7xx_HAL_Driver/Src/stm32h7xx_hal_rcc.c ****       {
 679              		.loc 1 483 12 view .LVU221
 680 012c 1B68     		ldr	r3, [r3]
ARM GAS  /var/folders/2r/mdtt8xvd351gdc398t28_m2m0000gn/T//ccT8wITP.s 			page 23


 483:../../Drivers/STM32H7xx_HAL_Driver/Src/stm32h7xx_hal_rcc.c ****       {
 681              		.loc 1 483 10 view .LVU222
 682 012e 13F0040F 		tst	r3, #4
 683 0132 03D0     		beq	.L52
 483:../../Drivers/STM32H7xx_HAL_Driver/Src/stm32h7xx_hal_rcc.c ****       {
 684              		.loc 1 483 76 discriminator 1 view .LVU223
 685 0134 E368     		ldr	r3, [r4, #12]
 483:../../Drivers/STM32H7xx_HAL_Driver/Src/stm32h7xx_hal_rcc.c ****       {
 686              		.loc 1 483 55 discriminator 1 view .LVU224
 687 0136 002B     		cmp	r3, #0
 688 0138 00F0A582 		beq	.L114
 689              	.L52:
 491:../../Drivers/STM32H7xx_HAL_Driver/Src/stm32h7xx_hal_rcc.c **** 
 690              		.loc 1 491 9 is_stmt 1 view .LVU225
 691 013c 494A     		ldr	r2, .L166
 692              	.LVL52:
 491:../../Drivers/STM32H7xx_HAL_Driver/Src/stm32h7xx_hal_rcc.c **** 
 693              		.loc 1 491 9 is_stmt 0 view .LVU226
 694 013e 1368     		ldr	r3, [r2]
 695 0140 23F01903 		bic	r3, r3, #25
 696 0144 E168     		ldr	r1, [r4, #12]
 697 0146 0B43     		orrs	r3, r3, r1
 698 0148 1360     		str	r3, [r2]
 494:../../Drivers/STM32H7xx_HAL_Driver/Src/stm32h7xx_hal_rcc.c **** 
 699              		.loc 1 494 9 is_stmt 1 view .LVU227
 494:../../Drivers/STM32H7xx_HAL_Driver/Src/stm32h7xx_hal_rcc.c **** 
 700              		.loc 1 494 21 is_stmt 0 view .LVU228
 701 014a FFF7FEFF 		bl	HAL_GetTick
 702              	.LVL53:
 703 014e 0546     		mov	r5, r0
 704              	.LVL54:
 497:../../Drivers/STM32H7xx_HAL_Driver/Src/stm32h7xx_hal_rcc.c ****         {
 705              		.loc 1 497 9 is_stmt 1 view .LVU229
 706              	.L53:
 497:../../Drivers/STM32H7xx_HAL_Driver/Src/stm32h7xx_hal_rcc.c ****         {
 707              		.loc 1 497 52 view .LVU230
 497:../../Drivers/STM32H7xx_HAL_Driver/Src/stm32h7xx_hal_rcc.c ****         {
 708              		.loc 1 497 16 is_stmt 0 view .LVU231
 709 0150 444B     		ldr	r3, .L166
 710 0152 1B68     		ldr	r3, [r3]
 497:../../Drivers/STM32H7xx_HAL_Driver/Src/stm32h7xx_hal_rcc.c ****         {
 711              		.loc 1 497 52 view .LVU232
 712 0154 13F0040F 		tst	r3, #4
 713 0158 06D1     		bne	.L150
 499:../../Drivers/STM32H7xx_HAL_Driver/Src/stm32h7xx_hal_rcc.c ****           {
 714              		.loc 1 499 11 is_stmt 1 view .LVU233
 499:../../Drivers/STM32H7xx_HAL_Driver/Src/stm32h7xx_hal_rcc.c ****           {
 715              		.loc 1 499 26 is_stmt 0 view .LVU234
 716 015a FFF7FEFF 		bl	HAL_GetTick
 717              	.LVL55:
 499:../../Drivers/STM32H7xx_HAL_Driver/Src/stm32h7xx_hal_rcc.c ****           {
 718              		.loc 1 499 40 discriminator 1 view .LVU235
 719 015e 401B     		subs	r0, r0, r5
 499:../../Drivers/STM32H7xx_HAL_Driver/Src/stm32h7xx_hal_rcc.c ****           {
 720              		.loc 1 499 14 discriminator 1 view .LVU236
 721 0160 0228     		cmp	r0, #2
 722 0162 F5D9     		bls	.L53
ARM GAS  /var/folders/2r/mdtt8xvd351gdc398t28_m2m0000gn/T//ccT8wITP.s 			page 24


 501:../../Drivers/STM32H7xx_HAL_Driver/Src/stm32h7xx_hal_rcc.c ****           }
 723              		.loc 1 501 20 view .LVU237
 724 0164 0320     		movs	r0, #3
 725 0166 93E2     		b	.L36
 726              	.L150:
 505:../../Drivers/STM32H7xx_HAL_Driver/Src/stm32h7xx_hal_rcc.c ****       }
 727              		.loc 1 505 9 is_stmt 1 view .LVU238
 505:../../Drivers/STM32H7xx_HAL_Driver/Src/stm32h7xx_hal_rcc.c ****       }
 728              		.loc 1 505 9 view .LVU239
 729 0168 FFF7FEFF 		bl	HAL_GetREVID
 730              	.LVL56:
 505:../../Drivers/STM32H7xx_HAL_Driver/Src/stm32h7xx_hal_rcc.c ****       }
 731              		.loc 1 505 9 is_stmt 0 discriminator 1 view .LVU240
 732 016c 41F20303 		movw	r3, #4099
 733 0170 9842     		cmp	r0, r3
 734 0172 12D8     		bhi	.L55
 505:../../Drivers/STM32H7xx_HAL_Driver/Src/stm32h7xx_hal_rcc.c ****       }
 735              		.loc 1 505 9 is_stmt 1 discriminator 2 view .LVU241
 736 0174 2269     		ldr	r2, [r4, #16]
 737 0176 402A     		cmp	r2, #64
 738 0178 07D0     		beq	.L151
 505:../../Drivers/STM32H7xx_HAL_Driver/Src/stm32h7xx_hal_rcc.c ****       }
 739              		.loc 1 505 9 discriminator 5 view .LVU242
 740 017a 3A49     		ldr	r1, .L166
 741 017c 4B68     		ldr	r3, [r1, #4]
 742 017e 23F47C33 		bic	r3, r3, #258048
 743 0182 43EA0233 		orr	r3, r3, r2, lsl #12
 744 0186 4B60     		str	r3, [r1, #4]
 745 0188 0FE0     		b	.L49
 746              	.L151:
 505:../../Drivers/STM32H7xx_HAL_Driver/Src/stm32h7xx_hal_rcc.c ****       }
 747              		.loc 1 505 9 discriminator 4 view .LVU243
 748 018a 364A     		ldr	r2, .L166
 749 018c 5368     		ldr	r3, [r2, #4]
 750 018e 23F47C33 		bic	r3, r3, #258048
 751 0192 43F40033 		orr	r3, r3, #131072
 752 0196 5360     		str	r3, [r2, #4]
 753 0198 07E0     		b	.L49
 754              	.L55:
 505:../../Drivers/STM32H7xx_HAL_Driver/Src/stm32h7xx_hal_rcc.c ****       }
 755              		.loc 1 505 9 discriminator 3 view .LVU244
 756 019a 324A     		ldr	r2, .L166
 757 019c 5368     		ldr	r3, [r2, #4]
 758 019e 23F0FE43 		bic	r3, r3, #2130706432
 759 01a2 2169     		ldr	r1, [r4, #16]
 760 01a4 43EA0163 		orr	r3, r3, r1, lsl #24
 761 01a8 5360     		str	r3, [r2, #4]
 762              	.LVL57:
 763              	.L49:
 505:../../Drivers/STM32H7xx_HAL_Driver/Src/stm32h7xx_hal_rcc.c ****       }
 764              		.loc 1 505 9 is_stmt 0 discriminator 3 view .LVU245
 765              	.LBE5:
 526:../../Drivers/STM32H7xx_HAL_Driver/Src/stm32h7xx_hal_rcc.c ****           }
 527:../../Drivers/STM32H7xx_HAL_Driver/Src/stm32h7xx_hal_rcc.c ****         }
 528:../../Drivers/STM32H7xx_HAL_Driver/Src/stm32h7xx_hal_rcc.c **** 
 529:../../Drivers/STM32H7xx_HAL_Driver/Src/stm32h7xx_hal_rcc.c ****         /* Adjusts the Internal High Speed oscillator (HSI) calibration value.*/
 530:../../Drivers/STM32H7xx_HAL_Driver/Src/stm32h7xx_hal_rcc.c ****         __HAL_RCC_HSI_CALIBRATIONVALUE_ADJUST(RCC_OscInitStruct->HSICalibrationValue);
ARM GAS  /var/folders/2r/mdtt8xvd351gdc398t28_m2m0000gn/T//ccT8wITP.s 			page 25


 531:../../Drivers/STM32H7xx_HAL_Driver/Src/stm32h7xx_hal_rcc.c ****       }
 532:../../Drivers/STM32H7xx_HAL_Driver/Src/stm32h7xx_hal_rcc.c ****       else
 533:../../Drivers/STM32H7xx_HAL_Driver/Src/stm32h7xx_hal_rcc.c ****       {
 534:../../Drivers/STM32H7xx_HAL_Driver/Src/stm32h7xx_hal_rcc.c ****         /* Disable the Internal High Speed oscillator (HSI). */
 535:../../Drivers/STM32H7xx_HAL_Driver/Src/stm32h7xx_hal_rcc.c ****         __HAL_RCC_HSI_DISABLE();
 536:../../Drivers/STM32H7xx_HAL_Driver/Src/stm32h7xx_hal_rcc.c **** 
 537:../../Drivers/STM32H7xx_HAL_Driver/Src/stm32h7xx_hal_rcc.c ****         /* Get Start Tick*/
 538:../../Drivers/STM32H7xx_HAL_Driver/Src/stm32h7xx_hal_rcc.c ****         tickstart = HAL_GetTick();
 539:../../Drivers/STM32H7xx_HAL_Driver/Src/stm32h7xx_hal_rcc.c **** 
 540:../../Drivers/STM32H7xx_HAL_Driver/Src/stm32h7xx_hal_rcc.c ****         /* Wait till HSI is disabled */
 541:../../Drivers/STM32H7xx_HAL_Driver/Src/stm32h7xx_hal_rcc.c ****         while (__HAL_RCC_GET_FLAG(RCC_FLAG_HSIRDY) != 0U)
 542:../../Drivers/STM32H7xx_HAL_Driver/Src/stm32h7xx_hal_rcc.c ****         {
 543:../../Drivers/STM32H7xx_HAL_Driver/Src/stm32h7xx_hal_rcc.c ****           if ((HAL_GetTick() - tickstart) > HSI_TIMEOUT_VALUE)
 544:../../Drivers/STM32H7xx_HAL_Driver/Src/stm32h7xx_hal_rcc.c ****           {
 545:../../Drivers/STM32H7xx_HAL_Driver/Src/stm32h7xx_hal_rcc.c ****             return HAL_TIMEOUT;
 546:../../Drivers/STM32H7xx_HAL_Driver/Src/stm32h7xx_hal_rcc.c ****           }
 547:../../Drivers/STM32H7xx_HAL_Driver/Src/stm32h7xx_hal_rcc.c ****         }
 548:../../Drivers/STM32H7xx_HAL_Driver/Src/stm32h7xx_hal_rcc.c ****       }
 549:../../Drivers/STM32H7xx_HAL_Driver/Src/stm32h7xx_hal_rcc.c ****     }
 550:../../Drivers/STM32H7xx_HAL_Driver/Src/stm32h7xx_hal_rcc.c ****   }
 551:../../Drivers/STM32H7xx_HAL_Driver/Src/stm32h7xx_hal_rcc.c ****   /*----------------------------- CSI Configuration --------------------------*/
 552:../../Drivers/STM32H7xx_HAL_Driver/Src/stm32h7xx_hal_rcc.c ****   if (((RCC_OscInitStruct->OscillatorType) & RCC_OSCILLATORTYPE_CSI) == RCC_OSCILLATORTYPE_CSI)
 766              		.loc 1 552 3 is_stmt 1 view .LVU246
 767              		.loc 1 552 26 is_stmt 0 view .LVU247
 768 01aa 2368     		ldr	r3, [r4]
 769              		.loc 1 552 6 view .LVU248
 770 01ac 13F0100F 		tst	r3, #16
 771 01b0 00F08880 		beq	.L64
 772              	.LBB6:
 553:../../Drivers/STM32H7xx_HAL_Driver/Src/stm32h7xx_hal_rcc.c ****   {
 554:../../Drivers/STM32H7xx_HAL_Driver/Src/stm32h7xx_hal_rcc.c ****     /* Check the parameters */
 555:../../Drivers/STM32H7xx_HAL_Driver/Src/stm32h7xx_hal_rcc.c ****     assert_param(IS_RCC_CSI(RCC_OscInitStruct->CSIState));
 773              		.loc 1 555 5 is_stmt 1 view .LVU249
 556:../../Drivers/STM32H7xx_HAL_Driver/Src/stm32h7xx_hal_rcc.c ****     assert_param(IS_RCC_CSICALIBRATION_VALUE(RCC_OscInitStruct->CSICalibrationValue));
 774              		.loc 1 556 5 view .LVU250
 557:../../Drivers/STM32H7xx_HAL_Driver/Src/stm32h7xx_hal_rcc.c **** 
 558:../../Drivers/STM32H7xx_HAL_Driver/Src/stm32h7xx_hal_rcc.c ****     /* When the CSI is used as system clock it will not disabled */
 559:../../Drivers/STM32H7xx_HAL_Driver/Src/stm32h7xx_hal_rcc.c ****     const uint32_t temp_sysclksrc = __HAL_RCC_GET_SYSCLK_SOURCE();
 775              		.loc 1 559 5 view .LVU251
 776              		.loc 1 559 37 is_stmt 0 view .LVU252
 777 01b4 2B4A     		ldr	r2, .L166
 778 01b6 1369     		ldr	r3, [r2, #16]
 779              		.loc 1 559 20 view .LVU253
 780 01b8 03F03803 		and	r3, r3, #56
 781              	.LVL58:
 560:../../Drivers/STM32H7xx_HAL_Driver/Src/stm32h7xx_hal_rcc.c ****     const uint32_t temp_pllckselr = RCC->PLLCKSELR;
 782              		.loc 1 560 5 is_stmt 1 view .LVU254
 783              		.loc 1 560 20 is_stmt 0 view .LVU255
 784 01bc 926A     		ldr	r2, [r2, #40]
 785              	.LVL59:
 561:../../Drivers/STM32H7xx_HAL_Driver/Src/stm32h7xx_hal_rcc.c ****     if ((temp_sysclksrc == RCC_CFGR_SWS_CSI) || ((temp_sysclksrc == RCC_CFGR_SWS_PLL1) && ((temp_pl
 786              		.loc 1 561 5 is_stmt 1 view .LVU256
 787              		.loc 1 561 8 is_stmt 0 view .LVU257
 788 01be 082B     		cmp	r3, #8
 789 01c0 56D0     		beq	.L65
 790              		.loc 1 561 46 discriminator 1 view .LVU258
 791 01c2 182B     		cmp	r3, #24
ARM GAS  /var/folders/2r/mdtt8xvd351gdc398t28_m2m0000gn/T//ccT8wITP.s 			page 26


 792 01c4 50D0     		beq	.L152
 793              	.LVL60:
 794              	.L66:
 562:../../Drivers/STM32H7xx_HAL_Driver/Src/stm32h7xx_hal_rcc.c ****     {
 563:../../Drivers/STM32H7xx_HAL_Driver/Src/stm32h7xx_hal_rcc.c ****       /* When CSI is used as system clock it will not disabled */
 564:../../Drivers/STM32H7xx_HAL_Driver/Src/stm32h7xx_hal_rcc.c ****       if ((__HAL_RCC_GET_FLAG(RCC_FLAG_CSIRDY) != 0U) && (RCC_OscInitStruct->CSIState != RCC_CSI_ON
 565:../../Drivers/STM32H7xx_HAL_Driver/Src/stm32h7xx_hal_rcc.c ****       {
 566:../../Drivers/STM32H7xx_HAL_Driver/Src/stm32h7xx_hal_rcc.c ****         return HAL_ERROR;
 567:../../Drivers/STM32H7xx_HAL_Driver/Src/stm32h7xx_hal_rcc.c ****       }
 568:../../Drivers/STM32H7xx_HAL_Driver/Src/stm32h7xx_hal_rcc.c ****       /* Otherwise, just the calibration is allowed */
 569:../../Drivers/STM32H7xx_HAL_Driver/Src/stm32h7xx_hal_rcc.c ****       else
 570:../../Drivers/STM32H7xx_HAL_Driver/Src/stm32h7xx_hal_rcc.c ****       {
 571:../../Drivers/STM32H7xx_HAL_Driver/Src/stm32h7xx_hal_rcc.c ****         /* Adjusts the Internal High Speed oscillator (CSI) calibration value.*/
 572:../../Drivers/STM32H7xx_HAL_Driver/Src/stm32h7xx_hal_rcc.c ****         __HAL_RCC_CSI_CALIBRATIONVALUE_ADJUST(RCC_OscInitStruct->CSICalibrationValue);
 573:../../Drivers/STM32H7xx_HAL_Driver/Src/stm32h7xx_hal_rcc.c ****       }
 574:../../Drivers/STM32H7xx_HAL_Driver/Src/stm32h7xx_hal_rcc.c ****     }
 575:../../Drivers/STM32H7xx_HAL_Driver/Src/stm32h7xx_hal_rcc.c ****     else
 576:../../Drivers/STM32H7xx_HAL_Driver/Src/stm32h7xx_hal_rcc.c ****     {
 577:../../Drivers/STM32H7xx_HAL_Driver/Src/stm32h7xx_hal_rcc.c ****       /* Check the CSI State */
 578:../../Drivers/STM32H7xx_HAL_Driver/Src/stm32h7xx_hal_rcc.c ****       if ((RCC_OscInitStruct->CSIState) != RCC_CSI_OFF)
 795              		.loc 1 578 7 is_stmt 1 view .LVU259
 796              		.loc 1 578 29 is_stmt 0 view .LVU260
 797 01c6 E369     		ldr	r3, [r4, #28]
 798              	.LVL61:
 799              		.loc 1 578 10 view .LVU261
 800 01c8 002B     		cmp	r3, #0
 801 01ca 00F0B880 		beq	.L70
 579:../../Drivers/STM32H7xx_HAL_Driver/Src/stm32h7xx_hal_rcc.c ****       {
 580:../../Drivers/STM32H7xx_HAL_Driver/Src/stm32h7xx_hal_rcc.c ****         /* Enable the Internal High Speed oscillator (CSI). */
 581:../../Drivers/STM32H7xx_HAL_Driver/Src/stm32h7xx_hal_rcc.c ****         __HAL_RCC_CSI_ENABLE();
 802              		.loc 1 581 9 is_stmt 1 view .LVU262
 803 01ce 254A     		ldr	r2, .L166
 804 01d0 1368     		ldr	r3, [r2]
 805 01d2 43F08003 		orr	r3, r3, #128
 806 01d6 1360     		str	r3, [r2]
 582:../../Drivers/STM32H7xx_HAL_Driver/Src/stm32h7xx_hal_rcc.c **** 
 583:../../Drivers/STM32H7xx_HAL_Driver/Src/stm32h7xx_hal_rcc.c ****         /* Get Start Tick*/
 584:../../Drivers/STM32H7xx_HAL_Driver/Src/stm32h7xx_hal_rcc.c ****         tickstart = HAL_GetTick();
 807              		.loc 1 584 9 view .LVU263
 808              		.loc 1 584 21 is_stmt 0 view .LVU264
 809 01d8 FFF7FEFF 		bl	HAL_GetTick
 810              	.LVL62:
 811 01dc 0546     		mov	r5, r0
 812              	.LVL63:
 585:../../Drivers/STM32H7xx_HAL_Driver/Src/stm32h7xx_hal_rcc.c **** 
 586:../../Drivers/STM32H7xx_HAL_Driver/Src/stm32h7xx_hal_rcc.c ****         /* Wait till CSI is ready */
 587:../../Drivers/STM32H7xx_HAL_Driver/Src/stm32h7xx_hal_rcc.c ****         while (__HAL_RCC_GET_FLAG(RCC_FLAG_CSIRDY) == 0U)
 813              		.loc 1 587 9 is_stmt 1 view .LVU265
 814              	.L71:
 815              		.loc 1 587 52 view .LVU266
 816              		.loc 1 587 16 is_stmt 0 view .LVU267
 817 01de 214B     		ldr	r3, .L166
 818 01e0 1B68     		ldr	r3, [r3]
 819              		.loc 1 587 52 view .LVU268
 820 01e2 13F4807F 		tst	r3, #256
 821 01e6 40F08880 		bne	.L153
 588:../../Drivers/STM32H7xx_HAL_Driver/Src/stm32h7xx_hal_rcc.c ****         {
ARM GAS  /var/folders/2r/mdtt8xvd351gdc398t28_m2m0000gn/T//ccT8wITP.s 			page 27


 589:../../Drivers/STM32H7xx_HAL_Driver/Src/stm32h7xx_hal_rcc.c ****           if ((HAL_GetTick() - tickstart) > CSI_TIMEOUT_VALUE)
 822              		.loc 1 589 11 is_stmt 1 view .LVU269
 823              		.loc 1 589 16 is_stmt 0 view .LVU270
 824 01ea FFF7FEFF 		bl	HAL_GetTick
 825              	.LVL64:
 826              		.loc 1 589 30 discriminator 1 view .LVU271
 827 01ee 401B     		subs	r0, r0, r5
 828              		.loc 1 589 14 discriminator 1 view .LVU272
 829 01f0 0228     		cmp	r0, #2
 830 01f2 F4D9     		bls	.L71
 590:../../Drivers/STM32H7xx_HAL_Driver/Src/stm32h7xx_hal_rcc.c ****           {
 591:../../Drivers/STM32H7xx_HAL_Driver/Src/stm32h7xx_hal_rcc.c ****             return HAL_TIMEOUT;
 831              		.loc 1 591 20 view .LVU273
 832 01f4 0320     		movs	r0, #3
 833 01f6 4BE2     		b	.L36
 834              	.LVL65:
 835              	.L148:
 836              		.loc 1 591 20 view .LVU274
 837              	.LBE6:
 838              	.LBB7:
 530:../../Drivers/STM32H7xx_HAL_Driver/Src/stm32h7xx_hal_rcc.c ****       }
 839              		.loc 1 530 9 is_stmt 1 view .LVU275
 530:../../Drivers/STM32H7xx_HAL_Driver/Src/stm32h7xx_hal_rcc.c ****       }
 840              		.loc 1 530 9 view .LVU276
 841 01f8 FFF7FEFF 		bl	HAL_GetREVID
 842              	.LVL66:
 530:../../Drivers/STM32H7xx_HAL_Driver/Src/stm32h7xx_hal_rcc.c ****       }
 843              		.loc 1 530 9 is_stmt 0 discriminator 1 view .LVU277
 844 01fc 41F20303 		movw	r3, #4099
 845 0200 9842     		cmp	r0, r3
 846 0202 12D8     		bhi	.L60
 530:../../Drivers/STM32H7xx_HAL_Driver/Src/stm32h7xx_hal_rcc.c ****       }
 847              		.loc 1 530 9 is_stmt 1 discriminator 2 view .LVU278
 848 0204 2269     		ldr	r2, [r4, #16]
 849 0206 402A     		cmp	r2, #64
 850 0208 07D0     		beq	.L154
 530:../../Drivers/STM32H7xx_HAL_Driver/Src/stm32h7xx_hal_rcc.c ****       }
 851              		.loc 1 530 9 discriminator 5 view .LVU279
 852 020a 1649     		ldr	r1, .L166
 853 020c 4B68     		ldr	r3, [r1, #4]
 854 020e 23F47C33 		bic	r3, r3, #258048
 855 0212 43EA0233 		orr	r3, r3, r2, lsl #12
 856 0216 4B60     		str	r3, [r1, #4]
 857 0218 C7E7     		b	.L49
 858              	.L154:
 530:../../Drivers/STM32H7xx_HAL_Driver/Src/stm32h7xx_hal_rcc.c ****       }
 859              		.loc 1 530 9 discriminator 4 view .LVU280
 860 021a 124A     		ldr	r2, .L166
 861 021c 5368     		ldr	r3, [r2, #4]
 862 021e 23F47C33 		bic	r3, r3, #258048
 863 0222 43F40033 		orr	r3, r3, #131072
 864 0226 5360     		str	r3, [r2, #4]
 865 0228 BFE7     		b	.L49
 866              	.L60:
 530:../../Drivers/STM32H7xx_HAL_Driver/Src/stm32h7xx_hal_rcc.c ****       }
 867              		.loc 1 530 9 discriminator 3 view .LVU281
 868 022a 0E4A     		ldr	r2, .L166
ARM GAS  /var/folders/2r/mdtt8xvd351gdc398t28_m2m0000gn/T//ccT8wITP.s 			page 28


 869 022c 5368     		ldr	r3, [r2, #4]
 870 022e 23F0FE43 		bic	r3, r3, #2130706432
 871 0232 2169     		ldr	r1, [r4, #16]
 872 0234 43EA0163 		orr	r3, r3, r1, lsl #24
 873 0238 5360     		str	r3, [r2, #4]
 874 023a B6E7     		b	.L49
 875              	.LVL67:
 876              	.L57:
 535:../../Drivers/STM32H7xx_HAL_Driver/Src/stm32h7xx_hal_rcc.c **** 
 877              		.loc 1 535 9 view .LVU282
 878 023c 094A     		ldr	r2, .L166
 879              	.LVL68:
 535:../../Drivers/STM32H7xx_HAL_Driver/Src/stm32h7xx_hal_rcc.c **** 
 880              		.loc 1 535 9 is_stmt 0 view .LVU283
 881 023e 1368     		ldr	r3, [r2]
 882 0240 23F00103 		bic	r3, r3, #1
 883 0244 1360     		str	r3, [r2]
 538:../../Drivers/STM32H7xx_HAL_Driver/Src/stm32h7xx_hal_rcc.c **** 
 884              		.loc 1 538 9 is_stmt 1 view .LVU284
 538:../../Drivers/STM32H7xx_HAL_Driver/Src/stm32h7xx_hal_rcc.c **** 
 885              		.loc 1 538 21 is_stmt 0 view .LVU285
 886 0246 FFF7FEFF 		bl	HAL_GetTick
 887              	.LVL69:
 888 024a 0546     		mov	r5, r0
 889              	.LVL70:
 541:../../Drivers/STM32H7xx_HAL_Driver/Src/stm32h7xx_hal_rcc.c ****         {
 890              		.loc 1 541 9 is_stmt 1 view .LVU286
 891              	.L62:
 541:../../Drivers/STM32H7xx_HAL_Driver/Src/stm32h7xx_hal_rcc.c ****         {
 892              		.loc 1 541 52 view .LVU287
 541:../../Drivers/STM32H7xx_HAL_Driver/Src/stm32h7xx_hal_rcc.c ****         {
 893              		.loc 1 541 16 is_stmt 0 view .LVU288
 894 024c 054B     		ldr	r3, .L166
 895 024e 1B68     		ldr	r3, [r3]
 541:../../Drivers/STM32H7xx_HAL_Driver/Src/stm32h7xx_hal_rcc.c ****         {
 896              		.loc 1 541 52 view .LVU289
 897 0250 13F0040F 		tst	r3, #4
 898 0254 A9D0     		beq	.L49
 543:../../Drivers/STM32H7xx_HAL_Driver/Src/stm32h7xx_hal_rcc.c ****           {
 899              		.loc 1 543 11 is_stmt 1 view .LVU290
 543:../../Drivers/STM32H7xx_HAL_Driver/Src/stm32h7xx_hal_rcc.c ****           {
 900              		.loc 1 543 16 is_stmt 0 view .LVU291
 901 0256 FFF7FEFF 		bl	HAL_GetTick
 902              	.LVL71:
 543:../../Drivers/STM32H7xx_HAL_Driver/Src/stm32h7xx_hal_rcc.c ****           {
 903              		.loc 1 543 30 discriminator 1 view .LVU292
 904 025a 401B     		subs	r0, r0, r5
 543:../../Drivers/STM32H7xx_HAL_Driver/Src/stm32h7xx_hal_rcc.c ****           {
 905              		.loc 1 543 14 discriminator 1 view .LVU293
 906 025c 0228     		cmp	r0, #2
 907 025e F5D9     		bls	.L62
 545:../../Drivers/STM32H7xx_HAL_Driver/Src/stm32h7xx_hal_rcc.c ****           }
 908              		.loc 1 545 20 view .LVU294
 909 0260 0320     		movs	r0, #3
 910 0262 15E2     		b	.L36
 911              	.L167:
 912              		.align	2
ARM GAS  /var/folders/2r/mdtt8xvd351gdc398t28_m2m0000gn/T//ccT8wITP.s 			page 29


 913              	.L166:
 914 0264 00440258 		.word	1476543488
 915              	.LVL72:
 916              	.L152:
 545:../../Drivers/STM32H7xx_HAL_Driver/Src/stm32h7xx_hal_rcc.c ****           }
 917              		.loc 1 545 20 view .LVU295
 918              	.LBE7:
 919              	.LBB8:
 561:../../Drivers/STM32H7xx_HAL_Driver/Src/stm32h7xx_hal_rcc.c ****     {
 920              		.loc 1 561 108 discriminator 2 view .LVU296
 921 0268 02F00302 		and	r2, r2, #3
 922              	.LVL73:
 561:../../Drivers/STM32H7xx_HAL_Driver/Src/stm32h7xx_hal_rcc.c ****     {
 923              		.loc 1 561 88 discriminator 2 view .LVU297
 924 026c 012A     		cmp	r2, #1
 925 026e AAD1     		bne	.L66
 926              	.L65:
 564:../../Drivers/STM32H7xx_HAL_Driver/Src/stm32h7xx_hal_rcc.c ****       {
 927              		.loc 1 564 7 is_stmt 1 view .LVU298
 564:../../Drivers/STM32H7xx_HAL_Driver/Src/stm32h7xx_hal_rcc.c ****       {
 928              		.loc 1 564 12 is_stmt 0 view .LVU299
 929 0270 994B     		ldr	r3, .L168
 930              	.LVL74:
 564:../../Drivers/STM32H7xx_HAL_Driver/Src/stm32h7xx_hal_rcc.c ****       {
 931              		.loc 1 564 12 view .LVU300
 932 0272 1B68     		ldr	r3, [r3]
 564:../../Drivers/STM32H7xx_HAL_Driver/Src/stm32h7xx_hal_rcc.c ****       {
 933              		.loc 1 564 10 view .LVU301
 934 0274 13F4807F 		tst	r3, #256
 935 0278 03D0     		beq	.L67
 564:../../Drivers/STM32H7xx_HAL_Driver/Src/stm32h7xx_hal_rcc.c ****       {
 936              		.loc 1 564 76 discriminator 1 view .LVU302
 937 027a E369     		ldr	r3, [r4, #28]
 564:../../Drivers/STM32H7xx_HAL_Driver/Src/stm32h7xx_hal_rcc.c ****       {
 938              		.loc 1 564 55 discriminator 1 view .LVU303
 939 027c 802B     		cmp	r3, #128
 940 027e 40F00482 		bne	.L118
 941              	.L67:
 572:../../Drivers/STM32H7xx_HAL_Driver/Src/stm32h7xx_hal_rcc.c ****       }
 942              		.loc 1 572 9 is_stmt 1 view .LVU304
 572:../../Drivers/STM32H7xx_HAL_Driver/Src/stm32h7xx_hal_rcc.c ****       }
 943              		.loc 1 572 9 view .LVU305
 944 0282 FFF7FEFF 		bl	HAL_GetREVID
 945              	.LVL75:
 572:../../Drivers/STM32H7xx_HAL_Driver/Src/stm32h7xx_hal_rcc.c ****       }
 946              		.loc 1 572 9 is_stmt 0 discriminator 1 view .LVU306
 947 0286 41F20303 		movw	r3, #4099
 948 028a 9842     		cmp	r0, r3
 949 028c 12D8     		bhi	.L68
 572:../../Drivers/STM32H7xx_HAL_Driver/Src/stm32h7xx_hal_rcc.c ****       }
 950              		.loc 1 572 9 is_stmt 1 discriminator 2 view .LVU307
 951 028e 226A     		ldr	r2, [r4, #32]
 952 0290 202A     		cmp	r2, #32
 953 0292 07D0     		beq	.L155
 572:../../Drivers/STM32H7xx_HAL_Driver/Src/stm32h7xx_hal_rcc.c ****       }
 954              		.loc 1 572 9 discriminator 5 view .LVU308
 955 0294 9049     		ldr	r1, .L168
ARM GAS  /var/folders/2r/mdtt8xvd351gdc398t28_m2m0000gn/T//ccT8wITP.s 			page 30


 956 0296 4B68     		ldr	r3, [r1, #4]
 957 0298 23F0F843 		bic	r3, r3, #2080374784
 958 029c 43EA8263 		orr	r3, r3, r2, lsl #26
 959 02a0 4B60     		str	r3, [r1, #4]
 960 02a2 0FE0     		b	.L64
 961              	.L155:
 572:../../Drivers/STM32H7xx_HAL_Driver/Src/stm32h7xx_hal_rcc.c ****       }
 962              		.loc 1 572 9 discriminator 4 view .LVU309
 963 02a4 8C4A     		ldr	r2, .L168
 964 02a6 5368     		ldr	r3, [r2, #4]
 965 02a8 23F0F843 		bic	r3, r3, #2080374784
 966 02ac 43F08043 		orr	r3, r3, #1073741824
 967 02b0 5360     		str	r3, [r2, #4]
 968 02b2 07E0     		b	.L64
 969              	.L68:
 572:../../Drivers/STM32H7xx_HAL_Driver/Src/stm32h7xx_hal_rcc.c ****       }
 970              		.loc 1 572 9 discriminator 3 view .LVU310
 971 02b4 884A     		ldr	r2, .L168
 972 02b6 D368     		ldr	r3, [r2, #12]
 973 02b8 23F07C53 		bic	r3, r3, #1056964608
 974 02bc 216A     		ldr	r1, [r4, #32]
 975 02be 43EA0163 		orr	r3, r3, r1, lsl #24
 976 02c2 D360     		str	r3, [r2, #12]
 977              	.LVL76:
 978              	.L64:
 572:../../Drivers/STM32H7xx_HAL_Driver/Src/stm32h7xx_hal_rcc.c ****       }
 979              		.loc 1 572 9 is_stmt 0 discriminator 3 view .LVU311
 980              	.LBE8:
 592:../../Drivers/STM32H7xx_HAL_Driver/Src/stm32h7xx_hal_rcc.c ****           }
 593:../../Drivers/STM32H7xx_HAL_Driver/Src/stm32h7xx_hal_rcc.c ****         }
 594:../../Drivers/STM32H7xx_HAL_Driver/Src/stm32h7xx_hal_rcc.c **** 
 595:../../Drivers/STM32H7xx_HAL_Driver/Src/stm32h7xx_hal_rcc.c ****         /* Adjusts the Internal High Speed oscillator (CSI) calibration value.*/
 596:../../Drivers/STM32H7xx_HAL_Driver/Src/stm32h7xx_hal_rcc.c ****         __HAL_RCC_CSI_CALIBRATIONVALUE_ADJUST(RCC_OscInitStruct->CSICalibrationValue);
 597:../../Drivers/STM32H7xx_HAL_Driver/Src/stm32h7xx_hal_rcc.c ****       }
 598:../../Drivers/STM32H7xx_HAL_Driver/Src/stm32h7xx_hal_rcc.c ****       else
 599:../../Drivers/STM32H7xx_HAL_Driver/Src/stm32h7xx_hal_rcc.c ****       {
 600:../../Drivers/STM32H7xx_HAL_Driver/Src/stm32h7xx_hal_rcc.c ****         /* Disable the Internal High Speed oscillator (CSI). */
 601:../../Drivers/STM32H7xx_HAL_Driver/Src/stm32h7xx_hal_rcc.c ****         __HAL_RCC_CSI_DISABLE();
 602:../../Drivers/STM32H7xx_HAL_Driver/Src/stm32h7xx_hal_rcc.c **** 
 603:../../Drivers/STM32H7xx_HAL_Driver/Src/stm32h7xx_hal_rcc.c ****         /* Get Start Tick*/
 604:../../Drivers/STM32H7xx_HAL_Driver/Src/stm32h7xx_hal_rcc.c ****         tickstart = HAL_GetTick();
 605:../../Drivers/STM32H7xx_HAL_Driver/Src/stm32h7xx_hal_rcc.c **** 
 606:../../Drivers/STM32H7xx_HAL_Driver/Src/stm32h7xx_hal_rcc.c ****         /* Wait till CSI is disabled */
 607:../../Drivers/STM32H7xx_HAL_Driver/Src/stm32h7xx_hal_rcc.c ****         while (__HAL_RCC_GET_FLAG(RCC_FLAG_CSIRDY) != 0U)
 608:../../Drivers/STM32H7xx_HAL_Driver/Src/stm32h7xx_hal_rcc.c ****         {
 609:../../Drivers/STM32H7xx_HAL_Driver/Src/stm32h7xx_hal_rcc.c ****           if ((HAL_GetTick() - tickstart) > CSI_TIMEOUT_VALUE)
 610:../../Drivers/STM32H7xx_HAL_Driver/Src/stm32h7xx_hal_rcc.c ****           {
 611:../../Drivers/STM32H7xx_HAL_Driver/Src/stm32h7xx_hal_rcc.c ****             return HAL_TIMEOUT;
 612:../../Drivers/STM32H7xx_HAL_Driver/Src/stm32h7xx_hal_rcc.c ****           }
 613:../../Drivers/STM32H7xx_HAL_Driver/Src/stm32h7xx_hal_rcc.c ****         }
 614:../../Drivers/STM32H7xx_HAL_Driver/Src/stm32h7xx_hal_rcc.c ****       }
 615:../../Drivers/STM32H7xx_HAL_Driver/Src/stm32h7xx_hal_rcc.c ****     }
 616:../../Drivers/STM32H7xx_HAL_Driver/Src/stm32h7xx_hal_rcc.c ****   }
 617:../../Drivers/STM32H7xx_HAL_Driver/Src/stm32h7xx_hal_rcc.c ****   /*------------------------------ LSI Configuration -------------------------*/
 618:../../Drivers/STM32H7xx_HAL_Driver/Src/stm32h7xx_hal_rcc.c ****   if (((RCC_OscInitStruct->OscillatorType) & RCC_OSCILLATORTYPE_LSI) == RCC_OSCILLATORTYPE_LSI)
 981              		.loc 1 618 3 is_stmt 1 view .LVU312
 982              		.loc 1 618 26 is_stmt 0 view .LVU313
ARM GAS  /var/folders/2r/mdtt8xvd351gdc398t28_m2m0000gn/T//ccT8wITP.s 			page 31


 983 02c4 2368     		ldr	r3, [r4]
 984              		.loc 1 618 6 view .LVU314
 985 02c6 13F0080F 		tst	r3, #8
 986 02ca 60D0     		beq	.L77
 619:../../Drivers/STM32H7xx_HAL_Driver/Src/stm32h7xx_hal_rcc.c ****   {
 620:../../Drivers/STM32H7xx_HAL_Driver/Src/stm32h7xx_hal_rcc.c ****     /* Check the parameters */
 621:../../Drivers/STM32H7xx_HAL_Driver/Src/stm32h7xx_hal_rcc.c ****     assert_param(IS_RCC_LSI(RCC_OscInitStruct->LSIState));
 987              		.loc 1 621 5 is_stmt 1 view .LVU315
 622:../../Drivers/STM32H7xx_HAL_Driver/Src/stm32h7xx_hal_rcc.c **** 
 623:../../Drivers/STM32H7xx_HAL_Driver/Src/stm32h7xx_hal_rcc.c ****     /* Check the LSI State */
 624:../../Drivers/STM32H7xx_HAL_Driver/Src/stm32h7xx_hal_rcc.c ****     if ((RCC_OscInitStruct->LSIState) != RCC_LSI_OFF)
 988              		.loc 1 624 5 view .LVU316
 989              		.loc 1 624 27 is_stmt 0 view .LVU317
 990 02cc 6369     		ldr	r3, [r4, #20]
 991              		.loc 1 624 8 view .LVU318
 992 02ce 002B     		cmp	r3, #0
 993 02d0 49D0     		beq	.L78
 625:../../Drivers/STM32H7xx_HAL_Driver/Src/stm32h7xx_hal_rcc.c ****     {
 626:../../Drivers/STM32H7xx_HAL_Driver/Src/stm32h7xx_hal_rcc.c ****       /* Enable the Internal Low Speed oscillator (LSI). */
 627:../../Drivers/STM32H7xx_HAL_Driver/Src/stm32h7xx_hal_rcc.c ****       __HAL_RCC_LSI_ENABLE();
 994              		.loc 1 627 7 is_stmt 1 view .LVU319
 995 02d2 814A     		ldr	r2, .L168
 996 02d4 536F     		ldr	r3, [r2, #116]
 997 02d6 43F00103 		orr	r3, r3, #1
 998 02da 5367     		str	r3, [r2, #116]
 628:../../Drivers/STM32H7xx_HAL_Driver/Src/stm32h7xx_hal_rcc.c **** 
 629:../../Drivers/STM32H7xx_HAL_Driver/Src/stm32h7xx_hal_rcc.c ****       /* Get Start Tick*/
 630:../../Drivers/STM32H7xx_HAL_Driver/Src/stm32h7xx_hal_rcc.c ****       tickstart = HAL_GetTick();
 999              		.loc 1 630 7 view .LVU320
 1000              		.loc 1 630 19 is_stmt 0 view .LVU321
 1001 02dc FFF7FEFF 		bl	HAL_GetTick
 1002              	.LVL77:
 1003 02e0 0546     		mov	r5, r0
 1004              	.LVL78:
 631:../../Drivers/STM32H7xx_HAL_Driver/Src/stm32h7xx_hal_rcc.c **** 
 632:../../Drivers/STM32H7xx_HAL_Driver/Src/stm32h7xx_hal_rcc.c ****       /* Wait till LSI is ready */
 633:../../Drivers/STM32H7xx_HAL_Driver/Src/stm32h7xx_hal_rcc.c ****       while (__HAL_RCC_GET_FLAG(RCC_FLAG_LSIRDY) == 0U)
 1005              		.loc 1 633 7 is_stmt 1 view .LVU322
 1006              	.L79:
 1007              		.loc 1 633 50 view .LVU323
 1008              		.loc 1 633 14 is_stmt 0 view .LVU324
 1009 02e2 7D4B     		ldr	r3, .L168
 1010 02e4 5B6F     		ldr	r3, [r3, #116]
 1011              		.loc 1 633 50 view .LVU325
 1012 02e6 13F0020F 		tst	r3, #2
 1013 02ea 50D1     		bne	.L77
 634:../../Drivers/STM32H7xx_HAL_Driver/Src/stm32h7xx_hal_rcc.c ****       {
 635:../../Drivers/STM32H7xx_HAL_Driver/Src/stm32h7xx_hal_rcc.c ****         if ((HAL_GetTick() - tickstart) > LSI_TIMEOUT_VALUE)
 1014              		.loc 1 635 9 is_stmt 1 view .LVU326
 1015              		.loc 1 635 14 is_stmt 0 view .LVU327
 1016 02ec FFF7FEFF 		bl	HAL_GetTick
 1017              	.LVL79:
 1018              		.loc 1 635 28 discriminator 1 view .LVU328
 1019 02f0 401B     		subs	r0, r0, r5
 1020              		.loc 1 635 12 discriminator 1 view .LVU329
 1021 02f2 0228     		cmp	r0, #2
 1022 02f4 F5D9     		bls	.L79
ARM GAS  /var/folders/2r/mdtt8xvd351gdc398t28_m2m0000gn/T//ccT8wITP.s 			page 32


 636:../../Drivers/STM32H7xx_HAL_Driver/Src/stm32h7xx_hal_rcc.c ****         {
 637:../../Drivers/STM32H7xx_HAL_Driver/Src/stm32h7xx_hal_rcc.c ****           return HAL_TIMEOUT;
 1023              		.loc 1 637 18 view .LVU330
 1024 02f6 0320     		movs	r0, #3
 1025 02f8 CAE1     		b	.L36
 1026              	.LVL80:
 1027              	.L153:
 1028              	.LBB9:
 596:../../Drivers/STM32H7xx_HAL_Driver/Src/stm32h7xx_hal_rcc.c ****       }
 1029              		.loc 1 596 9 is_stmt 1 view .LVU331
 596:../../Drivers/STM32H7xx_HAL_Driver/Src/stm32h7xx_hal_rcc.c ****       }
 1030              		.loc 1 596 9 view .LVU332
 1031 02fa FFF7FEFF 		bl	HAL_GetREVID
 1032              	.LVL81:
 596:../../Drivers/STM32H7xx_HAL_Driver/Src/stm32h7xx_hal_rcc.c ****       }
 1033              		.loc 1 596 9 is_stmt 0 discriminator 1 view .LVU333
 1034 02fe 41F20303 		movw	r3, #4099
 1035 0302 9842     		cmp	r0, r3
 1036 0304 12D8     		bhi	.L73
 596:../../Drivers/STM32H7xx_HAL_Driver/Src/stm32h7xx_hal_rcc.c ****       }
 1037              		.loc 1 596 9 is_stmt 1 discriminator 2 view .LVU334
 1038 0306 226A     		ldr	r2, [r4, #32]
 1039 0308 202A     		cmp	r2, #32
 1040 030a 07D0     		beq	.L156
 596:../../Drivers/STM32H7xx_HAL_Driver/Src/stm32h7xx_hal_rcc.c ****       }
 1041              		.loc 1 596 9 discriminator 5 view .LVU335
 1042 030c 7249     		ldr	r1, .L168
 1043 030e 4B68     		ldr	r3, [r1, #4]
 1044 0310 23F0F843 		bic	r3, r3, #2080374784
 1045 0314 43EA8263 		orr	r3, r3, r2, lsl #26
 1046 0318 4B60     		str	r3, [r1, #4]
 1047 031a D3E7     		b	.L64
 1048              	.L156:
 596:../../Drivers/STM32H7xx_HAL_Driver/Src/stm32h7xx_hal_rcc.c ****       }
 1049              		.loc 1 596 9 discriminator 4 view .LVU336
 1050 031c 6E4A     		ldr	r2, .L168
 1051 031e 5368     		ldr	r3, [r2, #4]
 1052 0320 23F0F843 		bic	r3, r3, #2080374784
 1053 0324 43F08043 		orr	r3, r3, #1073741824
 1054 0328 5360     		str	r3, [r2, #4]
 1055 032a CBE7     		b	.L64
 1056              	.L73:
 596:../../Drivers/STM32H7xx_HAL_Driver/Src/stm32h7xx_hal_rcc.c ****       }
 1057              		.loc 1 596 9 discriminator 3 view .LVU337
 1058 032c 6A4A     		ldr	r2, .L168
 1059 032e D368     		ldr	r3, [r2, #12]
 1060 0330 23F07C53 		bic	r3, r3, #1056964608
 1061 0334 216A     		ldr	r1, [r4, #32]
 1062 0336 43EA0163 		orr	r3, r3, r1, lsl #24
 1063 033a D360     		str	r3, [r2, #12]
 1064 033c C2E7     		b	.L64
 1065              	.LVL82:
 1066              	.L70:
 601:../../Drivers/STM32H7xx_HAL_Driver/Src/stm32h7xx_hal_rcc.c **** 
 1067              		.loc 1 601 9 view .LVU338
 1068 033e 664A     		ldr	r2, .L168
 1069 0340 1368     		ldr	r3, [r2]
ARM GAS  /var/folders/2r/mdtt8xvd351gdc398t28_m2m0000gn/T//ccT8wITP.s 			page 33


 1070 0342 23F08003 		bic	r3, r3, #128
 1071 0346 1360     		str	r3, [r2]
 604:../../Drivers/STM32H7xx_HAL_Driver/Src/stm32h7xx_hal_rcc.c **** 
 1072              		.loc 1 604 9 view .LVU339
 604:../../Drivers/STM32H7xx_HAL_Driver/Src/stm32h7xx_hal_rcc.c **** 
 1073              		.loc 1 604 21 is_stmt 0 view .LVU340
 1074 0348 FFF7FEFF 		bl	HAL_GetTick
 1075              	.LVL83:
 1076 034c 0546     		mov	r5, r0
 1077              	.LVL84:
 607:../../Drivers/STM32H7xx_HAL_Driver/Src/stm32h7xx_hal_rcc.c ****         {
 1078              		.loc 1 607 9 is_stmt 1 view .LVU341
 1079              	.L75:
 607:../../Drivers/STM32H7xx_HAL_Driver/Src/stm32h7xx_hal_rcc.c ****         {
 1080              		.loc 1 607 52 view .LVU342
 607:../../Drivers/STM32H7xx_HAL_Driver/Src/stm32h7xx_hal_rcc.c ****         {
 1081              		.loc 1 607 16 is_stmt 0 view .LVU343
 1082 034e 624B     		ldr	r3, .L168
 1083 0350 1B68     		ldr	r3, [r3]
 607:../../Drivers/STM32H7xx_HAL_Driver/Src/stm32h7xx_hal_rcc.c ****         {
 1084              		.loc 1 607 52 view .LVU344
 1085 0352 13F4807F 		tst	r3, #256
 1086 0356 B5D0     		beq	.L64
 609:../../Drivers/STM32H7xx_HAL_Driver/Src/stm32h7xx_hal_rcc.c ****           {
 1087              		.loc 1 609 11 is_stmt 1 view .LVU345
 609:../../Drivers/STM32H7xx_HAL_Driver/Src/stm32h7xx_hal_rcc.c ****           {
 1088              		.loc 1 609 16 is_stmt 0 view .LVU346
 1089 0358 FFF7FEFF 		bl	HAL_GetTick
 1090              	.LVL85:
 609:../../Drivers/STM32H7xx_HAL_Driver/Src/stm32h7xx_hal_rcc.c ****           {
 1091              		.loc 1 609 30 discriminator 1 view .LVU347
 1092 035c 401B     		subs	r0, r0, r5
 609:../../Drivers/STM32H7xx_HAL_Driver/Src/stm32h7xx_hal_rcc.c ****           {
 1093              		.loc 1 609 14 discriminator 1 view .LVU348
 1094 035e 0228     		cmp	r0, #2
 1095 0360 F5D9     		bls	.L75
 611:../../Drivers/STM32H7xx_HAL_Driver/Src/stm32h7xx_hal_rcc.c ****           }
 1096              		.loc 1 611 20 view .LVU349
 1097 0362 0320     		movs	r0, #3
 1098 0364 94E1     		b	.L36
 1099              	.LVL86:
 1100              	.L78:
 611:../../Drivers/STM32H7xx_HAL_Driver/Src/stm32h7xx_hal_rcc.c ****           }
 1101              		.loc 1 611 20 view .LVU350
 1102              	.LBE9:
 638:../../Drivers/STM32H7xx_HAL_Driver/Src/stm32h7xx_hal_rcc.c ****         }
 639:../../Drivers/STM32H7xx_HAL_Driver/Src/stm32h7xx_hal_rcc.c ****       }
 640:../../Drivers/STM32H7xx_HAL_Driver/Src/stm32h7xx_hal_rcc.c ****     }
 641:../../Drivers/STM32H7xx_HAL_Driver/Src/stm32h7xx_hal_rcc.c ****     else
 642:../../Drivers/STM32H7xx_HAL_Driver/Src/stm32h7xx_hal_rcc.c ****     {
 643:../../Drivers/STM32H7xx_HAL_Driver/Src/stm32h7xx_hal_rcc.c ****       /* Disable the Internal Low Speed oscillator (LSI). */
 644:../../Drivers/STM32H7xx_HAL_Driver/Src/stm32h7xx_hal_rcc.c ****       __HAL_RCC_LSI_DISABLE();
 1103              		.loc 1 644 7 is_stmt 1 view .LVU351
 1104 0366 5C4A     		ldr	r2, .L168
 1105 0368 536F     		ldr	r3, [r2, #116]
 1106 036a 23F00103 		bic	r3, r3, #1
 1107 036e 5367     		str	r3, [r2, #116]
ARM GAS  /var/folders/2r/mdtt8xvd351gdc398t28_m2m0000gn/T//ccT8wITP.s 			page 34


 645:../../Drivers/STM32H7xx_HAL_Driver/Src/stm32h7xx_hal_rcc.c **** 
 646:../../Drivers/STM32H7xx_HAL_Driver/Src/stm32h7xx_hal_rcc.c ****       /* Get Start Tick*/
 647:../../Drivers/STM32H7xx_HAL_Driver/Src/stm32h7xx_hal_rcc.c ****       tickstart = HAL_GetTick();
 1108              		.loc 1 647 7 view .LVU352
 1109              		.loc 1 647 19 is_stmt 0 view .LVU353
 1110 0370 FFF7FEFF 		bl	HAL_GetTick
 1111              	.LVL87:
 1112 0374 0546     		mov	r5, r0
 1113              	.LVL88:
 648:../../Drivers/STM32H7xx_HAL_Driver/Src/stm32h7xx_hal_rcc.c **** 
 649:../../Drivers/STM32H7xx_HAL_Driver/Src/stm32h7xx_hal_rcc.c ****       /* Wait till LSI is ready */
 650:../../Drivers/STM32H7xx_HAL_Driver/Src/stm32h7xx_hal_rcc.c ****       while (__HAL_RCC_GET_FLAG(RCC_FLAG_LSIRDY) != 0U)
 1114              		.loc 1 650 7 is_stmt 1 view .LVU354
 1115              	.L81:
 1116              		.loc 1 650 50 view .LVU355
 1117              		.loc 1 650 14 is_stmt 0 view .LVU356
 1118 0376 584B     		ldr	r3, .L168
 1119 0378 5B6F     		ldr	r3, [r3, #116]
 1120              		.loc 1 650 50 view .LVU357
 1121 037a 13F0020F 		tst	r3, #2
 1122 037e 06D0     		beq	.L77
 651:../../Drivers/STM32H7xx_HAL_Driver/Src/stm32h7xx_hal_rcc.c ****       {
 652:../../Drivers/STM32H7xx_HAL_Driver/Src/stm32h7xx_hal_rcc.c ****         if ((HAL_GetTick() - tickstart) > LSI_TIMEOUT_VALUE)
 1123              		.loc 1 652 9 is_stmt 1 view .LVU358
 1124              		.loc 1 652 14 is_stmt 0 view .LVU359
 1125 0380 FFF7FEFF 		bl	HAL_GetTick
 1126              	.LVL89:
 1127              		.loc 1 652 28 discriminator 1 view .LVU360
 1128 0384 401B     		subs	r0, r0, r5
 1129              		.loc 1 652 12 discriminator 1 view .LVU361
 1130 0386 0228     		cmp	r0, #2
 1131 0388 F5D9     		bls	.L81
 653:../../Drivers/STM32H7xx_HAL_Driver/Src/stm32h7xx_hal_rcc.c ****         {
 654:../../Drivers/STM32H7xx_HAL_Driver/Src/stm32h7xx_hal_rcc.c ****           return HAL_TIMEOUT;
 1132              		.loc 1 654 18 view .LVU362
 1133 038a 0320     		movs	r0, #3
 1134 038c 80E1     		b	.L36
 1135              	.LVL90:
 1136              	.L77:
 655:../../Drivers/STM32H7xx_HAL_Driver/Src/stm32h7xx_hal_rcc.c ****         }
 656:../../Drivers/STM32H7xx_HAL_Driver/Src/stm32h7xx_hal_rcc.c ****       }
 657:../../Drivers/STM32H7xx_HAL_Driver/Src/stm32h7xx_hal_rcc.c ****     }
 658:../../Drivers/STM32H7xx_HAL_Driver/Src/stm32h7xx_hal_rcc.c ****   }
 659:../../Drivers/STM32H7xx_HAL_Driver/Src/stm32h7xx_hal_rcc.c **** 
 660:../../Drivers/STM32H7xx_HAL_Driver/Src/stm32h7xx_hal_rcc.c ****   /*------------------------------ HSI48 Configuration -------------------------*/
 661:../../Drivers/STM32H7xx_HAL_Driver/Src/stm32h7xx_hal_rcc.c ****   if (((RCC_OscInitStruct->OscillatorType) & RCC_OSCILLATORTYPE_HSI48) == RCC_OSCILLATORTYPE_HSI48)
 1137              		.loc 1 661 3 is_stmt 1 view .LVU363
 1138              		.loc 1 661 26 is_stmt 0 view .LVU364
 1139 038e 2368     		ldr	r3, [r4]
 1140              		.loc 1 661 6 view .LVU365
 1141 0390 13F0200F 		tst	r3, #32
 1142 0394 29D0     		beq	.L83
 662:../../Drivers/STM32H7xx_HAL_Driver/Src/stm32h7xx_hal_rcc.c ****   {
 663:../../Drivers/STM32H7xx_HAL_Driver/Src/stm32h7xx_hal_rcc.c ****     /* Check the parameters */
 664:../../Drivers/STM32H7xx_HAL_Driver/Src/stm32h7xx_hal_rcc.c ****     assert_param(IS_RCC_HSI48(RCC_OscInitStruct->HSI48State));
 1143              		.loc 1 664 5 is_stmt 1 view .LVU366
 665:../../Drivers/STM32H7xx_HAL_Driver/Src/stm32h7xx_hal_rcc.c **** 
ARM GAS  /var/folders/2r/mdtt8xvd351gdc398t28_m2m0000gn/T//ccT8wITP.s 			page 35


 666:../../Drivers/STM32H7xx_HAL_Driver/Src/stm32h7xx_hal_rcc.c ****     /* Check the HSI48 State */
 667:../../Drivers/STM32H7xx_HAL_Driver/Src/stm32h7xx_hal_rcc.c ****     if ((RCC_OscInitStruct->HSI48State) != RCC_HSI48_OFF)
 1144              		.loc 1 667 5 view .LVU367
 1145              		.loc 1 667 27 is_stmt 0 view .LVU368
 1146 0396 A369     		ldr	r3, [r4, #24]
 1147              		.loc 1 667 8 view .LVU369
 1148 0398 9BB1     		cbz	r3, .L84
 668:../../Drivers/STM32H7xx_HAL_Driver/Src/stm32h7xx_hal_rcc.c ****     {
 669:../../Drivers/STM32H7xx_HAL_Driver/Src/stm32h7xx_hal_rcc.c ****       /* Enable the Internal Low Speed oscillator (HSI48). */
 670:../../Drivers/STM32H7xx_HAL_Driver/Src/stm32h7xx_hal_rcc.c ****       __HAL_RCC_HSI48_ENABLE();
 1149              		.loc 1 670 7 is_stmt 1 view .LVU370
 1150 039a 4F4A     		ldr	r2, .L168
 1151 039c 1368     		ldr	r3, [r2]
 1152 039e 43F48053 		orr	r3, r3, #4096
 1153 03a2 1360     		str	r3, [r2]
 1154              		.loc 1 670 31 view .LVU371
 671:../../Drivers/STM32H7xx_HAL_Driver/Src/stm32h7xx_hal_rcc.c **** 
 672:../../Drivers/STM32H7xx_HAL_Driver/Src/stm32h7xx_hal_rcc.c ****       /* Get time-out */
 673:../../Drivers/STM32H7xx_HAL_Driver/Src/stm32h7xx_hal_rcc.c ****       tickstart = HAL_GetTick();
 1155              		.loc 1 673 7 view .LVU372
 1156              		.loc 1 673 19 is_stmt 0 view .LVU373
 1157 03a4 FFF7FEFF 		bl	HAL_GetTick
 1158              	.LVL91:
 1159 03a8 0546     		mov	r5, r0
 1160              	.LVL92:
 674:../../Drivers/STM32H7xx_HAL_Driver/Src/stm32h7xx_hal_rcc.c **** 
 675:../../Drivers/STM32H7xx_HAL_Driver/Src/stm32h7xx_hal_rcc.c ****       /* Wait till HSI48 is ready */
 676:../../Drivers/STM32H7xx_HAL_Driver/Src/stm32h7xx_hal_rcc.c ****       while (__HAL_RCC_GET_FLAG(RCC_FLAG_HSI48RDY) == 0U)
 1161              		.loc 1 676 7 is_stmt 1 view .LVU374
 1162              	.L85:
 1163              		.loc 1 676 52 view .LVU375
 1164              		.loc 1 676 14 is_stmt 0 view .LVU376
 1165 03aa 4B4B     		ldr	r3, .L168
 1166 03ac 1B68     		ldr	r3, [r3]
 1167              		.loc 1 676 52 view .LVU377
 1168 03ae 13F4005F 		tst	r3, #8192
 1169 03b2 1AD1     		bne	.L83
 677:../../Drivers/STM32H7xx_HAL_Driver/Src/stm32h7xx_hal_rcc.c ****       {
 678:../../Drivers/STM32H7xx_HAL_Driver/Src/stm32h7xx_hal_rcc.c ****         if ((HAL_GetTick() - tickstart) > HSI48_TIMEOUT_VALUE)
 1170              		.loc 1 678 9 is_stmt 1 view .LVU378
 1171              		.loc 1 678 14 is_stmt 0 view .LVU379
 1172 03b4 FFF7FEFF 		bl	HAL_GetTick
 1173              	.LVL93:
 1174              		.loc 1 678 28 discriminator 1 view .LVU380
 1175 03b8 401B     		subs	r0, r0, r5
 1176              		.loc 1 678 12 discriminator 1 view .LVU381
 1177 03ba 0228     		cmp	r0, #2
 1178 03bc F5D9     		bls	.L85
 679:../../Drivers/STM32H7xx_HAL_Driver/Src/stm32h7xx_hal_rcc.c ****         {
 680:../../Drivers/STM32H7xx_HAL_Driver/Src/stm32h7xx_hal_rcc.c ****           return HAL_TIMEOUT;
 1179              		.loc 1 680 18 view .LVU382
 1180 03be 0320     		movs	r0, #3
 1181 03c0 66E1     		b	.L36
 1182              	.LVL94:
 1183              	.L84:
 681:../../Drivers/STM32H7xx_HAL_Driver/Src/stm32h7xx_hal_rcc.c ****         }
 682:../../Drivers/STM32H7xx_HAL_Driver/Src/stm32h7xx_hal_rcc.c ****       }
ARM GAS  /var/folders/2r/mdtt8xvd351gdc398t28_m2m0000gn/T//ccT8wITP.s 			page 36


 683:../../Drivers/STM32H7xx_HAL_Driver/Src/stm32h7xx_hal_rcc.c ****     }
 684:../../Drivers/STM32H7xx_HAL_Driver/Src/stm32h7xx_hal_rcc.c ****     else
 685:../../Drivers/STM32H7xx_HAL_Driver/Src/stm32h7xx_hal_rcc.c ****     {
 686:../../Drivers/STM32H7xx_HAL_Driver/Src/stm32h7xx_hal_rcc.c ****       /* Disable the Internal Low Speed oscillator (HSI48). */
 687:../../Drivers/STM32H7xx_HAL_Driver/Src/stm32h7xx_hal_rcc.c ****       __HAL_RCC_HSI48_DISABLE();
 1184              		.loc 1 687 7 is_stmt 1 view .LVU383
 1185 03c2 454A     		ldr	r2, .L168
 1186 03c4 1368     		ldr	r3, [r2]
 1187 03c6 23F48053 		bic	r3, r3, #4096
 1188 03ca 1360     		str	r3, [r2]
 1189              		.loc 1 687 32 view .LVU384
 688:../../Drivers/STM32H7xx_HAL_Driver/Src/stm32h7xx_hal_rcc.c **** 
 689:../../Drivers/STM32H7xx_HAL_Driver/Src/stm32h7xx_hal_rcc.c ****       /* Get time-out */
 690:../../Drivers/STM32H7xx_HAL_Driver/Src/stm32h7xx_hal_rcc.c ****       tickstart = HAL_GetTick();
 1190              		.loc 1 690 7 view .LVU385
 1191              		.loc 1 690 19 is_stmt 0 view .LVU386
 1192 03cc FFF7FEFF 		bl	HAL_GetTick
 1193              	.LVL95:
 1194 03d0 0546     		mov	r5, r0
 1195              	.LVL96:
 691:../../Drivers/STM32H7xx_HAL_Driver/Src/stm32h7xx_hal_rcc.c **** 
 692:../../Drivers/STM32H7xx_HAL_Driver/Src/stm32h7xx_hal_rcc.c ****       /* Wait till HSI48 is ready */
 693:../../Drivers/STM32H7xx_HAL_Driver/Src/stm32h7xx_hal_rcc.c ****       while (__HAL_RCC_GET_FLAG(RCC_FLAG_HSI48RDY) != 0U)
 1196              		.loc 1 693 7 is_stmt 1 view .LVU387
 1197              	.L87:
 1198              		.loc 1 693 52 view .LVU388
 1199              		.loc 1 693 14 is_stmt 0 view .LVU389
 1200 03d2 414B     		ldr	r3, .L168
 1201 03d4 1B68     		ldr	r3, [r3]
 1202              		.loc 1 693 52 view .LVU390
 1203 03d6 13F4005F 		tst	r3, #8192
 1204 03da 06D0     		beq	.L83
 694:../../Drivers/STM32H7xx_HAL_Driver/Src/stm32h7xx_hal_rcc.c ****       {
 695:../../Drivers/STM32H7xx_HAL_Driver/Src/stm32h7xx_hal_rcc.c ****         if ((HAL_GetTick() - tickstart) > HSI48_TIMEOUT_VALUE)
 1205              		.loc 1 695 9 is_stmt 1 view .LVU391
 1206              		.loc 1 695 14 is_stmt 0 view .LVU392
 1207 03dc FFF7FEFF 		bl	HAL_GetTick
 1208              	.LVL97:
 1209              		.loc 1 695 28 discriminator 1 view .LVU393
 1210 03e0 401B     		subs	r0, r0, r5
 1211              		.loc 1 695 12 discriminator 1 view .LVU394
 1212 03e2 0228     		cmp	r0, #2
 1213 03e4 F5D9     		bls	.L87
 696:../../Drivers/STM32H7xx_HAL_Driver/Src/stm32h7xx_hal_rcc.c ****         {
 697:../../Drivers/STM32H7xx_HAL_Driver/Src/stm32h7xx_hal_rcc.c ****           return HAL_TIMEOUT;
 1214              		.loc 1 697 18 view .LVU395
 1215 03e6 0320     		movs	r0, #3
 1216 03e8 52E1     		b	.L36
 1217              	.LVL98:
 1218              	.L83:
 698:../../Drivers/STM32H7xx_HAL_Driver/Src/stm32h7xx_hal_rcc.c ****         }
 699:../../Drivers/STM32H7xx_HAL_Driver/Src/stm32h7xx_hal_rcc.c ****       }
 700:../../Drivers/STM32H7xx_HAL_Driver/Src/stm32h7xx_hal_rcc.c ****     }
 701:../../Drivers/STM32H7xx_HAL_Driver/Src/stm32h7xx_hal_rcc.c ****   }
 702:../../Drivers/STM32H7xx_HAL_Driver/Src/stm32h7xx_hal_rcc.c ****   /*------------------------------ LSE Configuration -------------------------*/
 703:../../Drivers/STM32H7xx_HAL_Driver/Src/stm32h7xx_hal_rcc.c ****   if (((RCC_OscInitStruct->OscillatorType) & RCC_OSCILLATORTYPE_LSE) == RCC_OSCILLATORTYPE_LSE)
 1219              		.loc 1 703 3 is_stmt 1 view .LVU396
ARM GAS  /var/folders/2r/mdtt8xvd351gdc398t28_m2m0000gn/T//ccT8wITP.s 			page 37


 1220              		.loc 1 703 26 is_stmt 0 view .LVU397
 1221 03ea 2368     		ldr	r3, [r4]
 1222              		.loc 1 703 6 view .LVU398
 1223 03ec 13F0040F 		tst	r3, #4
 1224 03f0 21D1     		bne	.L157
 1225              	.L89:
 704:../../Drivers/STM32H7xx_HAL_Driver/Src/stm32h7xx_hal_rcc.c ****   {
 705:../../Drivers/STM32H7xx_HAL_Driver/Src/stm32h7xx_hal_rcc.c ****     /* Check the parameters */
 706:../../Drivers/STM32H7xx_HAL_Driver/Src/stm32h7xx_hal_rcc.c ****     assert_param(IS_RCC_LSE(RCC_OscInitStruct->LSEState));
 707:../../Drivers/STM32H7xx_HAL_Driver/Src/stm32h7xx_hal_rcc.c **** 
 708:../../Drivers/STM32H7xx_HAL_Driver/Src/stm32h7xx_hal_rcc.c ****     /* Enable write access to Backup domain */
 709:../../Drivers/STM32H7xx_HAL_Driver/Src/stm32h7xx_hal_rcc.c ****     PWR->CR1 |= PWR_CR1_DBP;
 710:../../Drivers/STM32H7xx_HAL_Driver/Src/stm32h7xx_hal_rcc.c **** 
 711:../../Drivers/STM32H7xx_HAL_Driver/Src/stm32h7xx_hal_rcc.c ****     /* Wait for Backup domain Write protection disable */
 712:../../Drivers/STM32H7xx_HAL_Driver/Src/stm32h7xx_hal_rcc.c ****     tickstart = HAL_GetTick();
 713:../../Drivers/STM32H7xx_HAL_Driver/Src/stm32h7xx_hal_rcc.c **** 
 714:../../Drivers/STM32H7xx_HAL_Driver/Src/stm32h7xx_hal_rcc.c ****     while ((PWR->CR1 & PWR_CR1_DBP) == 0U)
 715:../../Drivers/STM32H7xx_HAL_Driver/Src/stm32h7xx_hal_rcc.c ****     {
 716:../../Drivers/STM32H7xx_HAL_Driver/Src/stm32h7xx_hal_rcc.c ****       if ((HAL_GetTick() - tickstart) > RCC_DBP_TIMEOUT_VALUE)
 717:../../Drivers/STM32H7xx_HAL_Driver/Src/stm32h7xx_hal_rcc.c ****       {
 718:../../Drivers/STM32H7xx_HAL_Driver/Src/stm32h7xx_hal_rcc.c ****         return HAL_TIMEOUT;
 719:../../Drivers/STM32H7xx_HAL_Driver/Src/stm32h7xx_hal_rcc.c ****       }
 720:../../Drivers/STM32H7xx_HAL_Driver/Src/stm32h7xx_hal_rcc.c ****     }
 721:../../Drivers/STM32H7xx_HAL_Driver/Src/stm32h7xx_hal_rcc.c **** 
 722:../../Drivers/STM32H7xx_HAL_Driver/Src/stm32h7xx_hal_rcc.c ****     /* Set the new LSE configuration -----------------------------------------*/
 723:../../Drivers/STM32H7xx_HAL_Driver/Src/stm32h7xx_hal_rcc.c ****     __HAL_RCC_LSE_CONFIG(RCC_OscInitStruct->LSEState);
 724:../../Drivers/STM32H7xx_HAL_Driver/Src/stm32h7xx_hal_rcc.c ****     /* Check the LSE State */
 725:../../Drivers/STM32H7xx_HAL_Driver/Src/stm32h7xx_hal_rcc.c ****     if ((RCC_OscInitStruct->LSEState) != RCC_LSE_OFF)
 726:../../Drivers/STM32H7xx_HAL_Driver/Src/stm32h7xx_hal_rcc.c ****     {
 727:../../Drivers/STM32H7xx_HAL_Driver/Src/stm32h7xx_hal_rcc.c ****       /* Get Start Tick*/
 728:../../Drivers/STM32H7xx_HAL_Driver/Src/stm32h7xx_hal_rcc.c ****       tickstart = HAL_GetTick();
 729:../../Drivers/STM32H7xx_HAL_Driver/Src/stm32h7xx_hal_rcc.c **** 
 730:../../Drivers/STM32H7xx_HAL_Driver/Src/stm32h7xx_hal_rcc.c ****       /* Wait till LSE is ready */
 731:../../Drivers/STM32H7xx_HAL_Driver/Src/stm32h7xx_hal_rcc.c ****       while (__HAL_RCC_GET_FLAG(RCC_FLAG_LSERDY) == 0U)
 732:../../Drivers/STM32H7xx_HAL_Driver/Src/stm32h7xx_hal_rcc.c ****       {
 733:../../Drivers/STM32H7xx_HAL_Driver/Src/stm32h7xx_hal_rcc.c ****         if ((HAL_GetTick() - tickstart) > RCC_LSE_TIMEOUT_VALUE)
 734:../../Drivers/STM32H7xx_HAL_Driver/Src/stm32h7xx_hal_rcc.c ****         {
 735:../../Drivers/STM32H7xx_HAL_Driver/Src/stm32h7xx_hal_rcc.c ****           return HAL_TIMEOUT;
 736:../../Drivers/STM32H7xx_HAL_Driver/Src/stm32h7xx_hal_rcc.c ****         }
 737:../../Drivers/STM32H7xx_HAL_Driver/Src/stm32h7xx_hal_rcc.c ****       }
 738:../../Drivers/STM32H7xx_HAL_Driver/Src/stm32h7xx_hal_rcc.c ****     }
 739:../../Drivers/STM32H7xx_HAL_Driver/Src/stm32h7xx_hal_rcc.c ****     else
 740:../../Drivers/STM32H7xx_HAL_Driver/Src/stm32h7xx_hal_rcc.c ****     {
 741:../../Drivers/STM32H7xx_HAL_Driver/Src/stm32h7xx_hal_rcc.c ****       /* Get Start Tick*/
 742:../../Drivers/STM32H7xx_HAL_Driver/Src/stm32h7xx_hal_rcc.c ****       tickstart = HAL_GetTick();
 743:../../Drivers/STM32H7xx_HAL_Driver/Src/stm32h7xx_hal_rcc.c **** 
 744:../../Drivers/STM32H7xx_HAL_Driver/Src/stm32h7xx_hal_rcc.c ****       /* Wait till LSE is disabled */
 745:../../Drivers/STM32H7xx_HAL_Driver/Src/stm32h7xx_hal_rcc.c ****       while (__HAL_RCC_GET_FLAG(RCC_FLAG_LSERDY) != 0U)
 746:../../Drivers/STM32H7xx_HAL_Driver/Src/stm32h7xx_hal_rcc.c ****       {
 747:../../Drivers/STM32H7xx_HAL_Driver/Src/stm32h7xx_hal_rcc.c ****         if ((HAL_GetTick() - tickstart) > RCC_LSE_TIMEOUT_VALUE)
 748:../../Drivers/STM32H7xx_HAL_Driver/Src/stm32h7xx_hal_rcc.c ****         {
 749:../../Drivers/STM32H7xx_HAL_Driver/Src/stm32h7xx_hal_rcc.c ****           return HAL_TIMEOUT;
 750:../../Drivers/STM32H7xx_HAL_Driver/Src/stm32h7xx_hal_rcc.c ****         }
 751:../../Drivers/STM32H7xx_HAL_Driver/Src/stm32h7xx_hal_rcc.c ****       }
 752:../../Drivers/STM32H7xx_HAL_Driver/Src/stm32h7xx_hal_rcc.c ****     }
 753:../../Drivers/STM32H7xx_HAL_Driver/Src/stm32h7xx_hal_rcc.c ****   }
 754:../../Drivers/STM32H7xx_HAL_Driver/Src/stm32h7xx_hal_rcc.c ****   /*-------------------------------- PLL Configuration -----------------------*/
ARM GAS  /var/folders/2r/mdtt8xvd351gdc398t28_m2m0000gn/T//ccT8wITP.s 			page 38


 755:../../Drivers/STM32H7xx_HAL_Driver/Src/stm32h7xx_hal_rcc.c ****   /* Check the parameters */
 756:../../Drivers/STM32H7xx_HAL_Driver/Src/stm32h7xx_hal_rcc.c ****   assert_param(IS_RCC_PLL(RCC_OscInitStruct->PLL.PLLState));
 1226              		.loc 1 756 3 is_stmt 1 view .LVU399
 757:../../Drivers/STM32H7xx_HAL_Driver/Src/stm32h7xx_hal_rcc.c ****   if ((RCC_OscInitStruct->PLL.PLLState) != RCC_PLL_NONE)
 1227              		.loc 1 757 3 view .LVU400
 1228              		.loc 1 757 30 is_stmt 0 view .LVU401
 1229 03f2 636A     		ldr	r3, [r4, #36]
 1230              		.loc 1 757 6 view .LVU402
 1231 03f4 002B     		cmp	r3, #0
 1232 03f6 00F04A81 		beq	.L128
 758:../../Drivers/STM32H7xx_HAL_Driver/Src/stm32h7xx_hal_rcc.c ****   {
 759:../../Drivers/STM32H7xx_HAL_Driver/Src/stm32h7xx_hal_rcc.c ****     /* Check if the PLL is used as system clock or not */
 760:../../Drivers/STM32H7xx_HAL_Driver/Src/stm32h7xx_hal_rcc.c ****     if (__HAL_RCC_GET_SYSCLK_SOURCE() != RCC_CFGR_SWS_PLL1)
 1233              		.loc 1 760 5 is_stmt 1 view .LVU403
 1234              		.loc 1 760 9 is_stmt 0 view .LVU404
 1235 03fa 374A     		ldr	r2, .L168
 1236 03fc 1269     		ldr	r2, [r2, #16]
 1237 03fe 02F03802 		and	r2, r2, #56
 1238              		.loc 1 760 8 view .LVU405
 1239 0402 182A     		cmp	r2, #24
 1240 0404 00F0F180 		beq	.L101
 761:../../Drivers/STM32H7xx_HAL_Driver/Src/stm32h7xx_hal_rcc.c ****     {
 762:../../Drivers/STM32H7xx_HAL_Driver/Src/stm32h7xx_hal_rcc.c ****       if ((RCC_OscInitStruct->PLL.PLLState) == RCC_PLL_ON)
 1241              		.loc 1 762 7 is_stmt 1 view .LVU406
 1242              		.loc 1 762 10 is_stmt 0 view .LVU407
 1243 0408 022B     		cmp	r3, #2
 1244 040a 7AD0     		beq	.L158
 763:../../Drivers/STM32H7xx_HAL_Driver/Src/stm32h7xx_hal_rcc.c ****       {
 764:../../Drivers/STM32H7xx_HAL_Driver/Src/stm32h7xx_hal_rcc.c ****         /* Check the parameters */
 765:../../Drivers/STM32H7xx_HAL_Driver/Src/stm32h7xx_hal_rcc.c ****         assert_param(IS_RCC_PLLSOURCE(RCC_OscInitStruct->PLL.PLLSource));
 766:../../Drivers/STM32H7xx_HAL_Driver/Src/stm32h7xx_hal_rcc.c ****         assert_param(IS_RCC_PLLRGE_VALUE(RCC_OscInitStruct->PLL.PLLRGE));
 767:../../Drivers/STM32H7xx_HAL_Driver/Src/stm32h7xx_hal_rcc.c ****         assert_param(IS_RCC_PLLVCO_VALUE(RCC_OscInitStruct->PLL.PLLVCOSEL));
 768:../../Drivers/STM32H7xx_HAL_Driver/Src/stm32h7xx_hal_rcc.c ****         assert_param(IS_RCC_PLLM_VALUE(RCC_OscInitStruct->PLL.PLLM));
 769:../../Drivers/STM32H7xx_HAL_Driver/Src/stm32h7xx_hal_rcc.c ****         assert_param(IS_RCC_PLLN_VALUE(RCC_OscInitStruct->PLL.PLLN));
 770:../../Drivers/STM32H7xx_HAL_Driver/Src/stm32h7xx_hal_rcc.c ****         assert_param(IS_RCC_PLLP_VALUE(RCC_OscInitStruct->PLL.PLLP));
 771:../../Drivers/STM32H7xx_HAL_Driver/Src/stm32h7xx_hal_rcc.c ****         assert_param(IS_RCC_PLLQ_VALUE(RCC_OscInitStruct->PLL.PLLQ));
 772:../../Drivers/STM32H7xx_HAL_Driver/Src/stm32h7xx_hal_rcc.c ****         assert_param(IS_RCC_PLLR_VALUE(RCC_OscInitStruct->PLL.PLLR));
 773:../../Drivers/STM32H7xx_HAL_Driver/Src/stm32h7xx_hal_rcc.c ****         assert_param(IS_RCC_PLLFRACN_VALUE(RCC_OscInitStruct->PLL.PLLFRACN));
 774:../../Drivers/STM32H7xx_HAL_Driver/Src/stm32h7xx_hal_rcc.c **** 
 775:../../Drivers/STM32H7xx_HAL_Driver/Src/stm32h7xx_hal_rcc.c ****         /* Disable the main PLL. */
 776:../../Drivers/STM32H7xx_HAL_Driver/Src/stm32h7xx_hal_rcc.c ****         __HAL_RCC_PLL_DISABLE();
 777:../../Drivers/STM32H7xx_HAL_Driver/Src/stm32h7xx_hal_rcc.c **** 
 778:../../Drivers/STM32H7xx_HAL_Driver/Src/stm32h7xx_hal_rcc.c ****         /* Get Start Tick*/
 779:../../Drivers/STM32H7xx_HAL_Driver/Src/stm32h7xx_hal_rcc.c ****         tickstart = HAL_GetTick();
 780:../../Drivers/STM32H7xx_HAL_Driver/Src/stm32h7xx_hal_rcc.c **** 
 781:../../Drivers/STM32H7xx_HAL_Driver/Src/stm32h7xx_hal_rcc.c ****         /* Wait till PLL is disabled */
 782:../../Drivers/STM32H7xx_HAL_Driver/Src/stm32h7xx_hal_rcc.c ****         while (__HAL_RCC_GET_FLAG(RCC_FLAG_PLLRDY) != 0U)
 783:../../Drivers/STM32H7xx_HAL_Driver/Src/stm32h7xx_hal_rcc.c ****         {
 784:../../Drivers/STM32H7xx_HAL_Driver/Src/stm32h7xx_hal_rcc.c ****           if ((HAL_GetTick() - tickstart) > PLL_TIMEOUT_VALUE)
 785:../../Drivers/STM32H7xx_HAL_Driver/Src/stm32h7xx_hal_rcc.c ****           {
 786:../../Drivers/STM32H7xx_HAL_Driver/Src/stm32h7xx_hal_rcc.c ****             return HAL_TIMEOUT;
 787:../../Drivers/STM32H7xx_HAL_Driver/Src/stm32h7xx_hal_rcc.c ****           }
 788:../../Drivers/STM32H7xx_HAL_Driver/Src/stm32h7xx_hal_rcc.c ****         }
 789:../../Drivers/STM32H7xx_HAL_Driver/Src/stm32h7xx_hal_rcc.c **** 
 790:../../Drivers/STM32H7xx_HAL_Driver/Src/stm32h7xx_hal_rcc.c ****         /* Configure the main PLL clock source, multiplication and division factors. */
 791:../../Drivers/STM32H7xx_HAL_Driver/Src/stm32h7xx_hal_rcc.c ****         __HAL_RCC_PLL_CONFIG(RCC_OscInitStruct->PLL.PLLSource,
 792:../../Drivers/STM32H7xx_HAL_Driver/Src/stm32h7xx_hal_rcc.c ****                              RCC_OscInitStruct->PLL.PLLM,
ARM GAS  /var/folders/2r/mdtt8xvd351gdc398t28_m2m0000gn/T//ccT8wITP.s 			page 39


 793:../../Drivers/STM32H7xx_HAL_Driver/Src/stm32h7xx_hal_rcc.c ****                              RCC_OscInitStruct->PLL.PLLN,
 794:../../Drivers/STM32H7xx_HAL_Driver/Src/stm32h7xx_hal_rcc.c ****                              RCC_OscInitStruct->PLL.PLLP,
 795:../../Drivers/STM32H7xx_HAL_Driver/Src/stm32h7xx_hal_rcc.c ****                              RCC_OscInitStruct->PLL.PLLQ,
 796:../../Drivers/STM32H7xx_HAL_Driver/Src/stm32h7xx_hal_rcc.c ****                              RCC_OscInitStruct->PLL.PLLR);
 797:../../Drivers/STM32H7xx_HAL_Driver/Src/stm32h7xx_hal_rcc.c **** 
 798:../../Drivers/STM32H7xx_HAL_Driver/Src/stm32h7xx_hal_rcc.c ****         /* Disable PLLFRACN . */
 799:../../Drivers/STM32H7xx_HAL_Driver/Src/stm32h7xx_hal_rcc.c ****         __HAL_RCC_PLLFRACN_DISABLE();
 800:../../Drivers/STM32H7xx_HAL_Driver/Src/stm32h7xx_hal_rcc.c **** 
 801:../../Drivers/STM32H7xx_HAL_Driver/Src/stm32h7xx_hal_rcc.c ****         /* Configure PLL PLL1FRACN */
 802:../../Drivers/STM32H7xx_HAL_Driver/Src/stm32h7xx_hal_rcc.c ****         __HAL_RCC_PLLFRACN_CONFIG(RCC_OscInitStruct->PLL.PLLFRACN);
 803:../../Drivers/STM32H7xx_HAL_Driver/Src/stm32h7xx_hal_rcc.c **** 
 804:../../Drivers/STM32H7xx_HAL_Driver/Src/stm32h7xx_hal_rcc.c ****         /* Select PLL1 input reference frequency range: VCI */
 805:../../Drivers/STM32H7xx_HAL_Driver/Src/stm32h7xx_hal_rcc.c ****         __HAL_RCC_PLL_VCIRANGE(RCC_OscInitStruct->PLL.PLLRGE) ;
 806:../../Drivers/STM32H7xx_HAL_Driver/Src/stm32h7xx_hal_rcc.c **** 
 807:../../Drivers/STM32H7xx_HAL_Driver/Src/stm32h7xx_hal_rcc.c ****         /* Select PLL1 output frequency range : VCO */
 808:../../Drivers/STM32H7xx_HAL_Driver/Src/stm32h7xx_hal_rcc.c ****         __HAL_RCC_PLL_VCORANGE(RCC_OscInitStruct->PLL.PLLVCOSEL) ;
 809:../../Drivers/STM32H7xx_HAL_Driver/Src/stm32h7xx_hal_rcc.c **** 
 810:../../Drivers/STM32H7xx_HAL_Driver/Src/stm32h7xx_hal_rcc.c ****         /* Enable PLL System Clock output. */
 811:../../Drivers/STM32H7xx_HAL_Driver/Src/stm32h7xx_hal_rcc.c ****         __HAL_RCC_PLLCLKOUT_ENABLE(RCC_PLL1_DIVP);
 812:../../Drivers/STM32H7xx_HAL_Driver/Src/stm32h7xx_hal_rcc.c **** 
 813:../../Drivers/STM32H7xx_HAL_Driver/Src/stm32h7xx_hal_rcc.c ****         /* Enable PLL1Q Clock output. */
 814:../../Drivers/STM32H7xx_HAL_Driver/Src/stm32h7xx_hal_rcc.c ****         __HAL_RCC_PLLCLKOUT_ENABLE(RCC_PLL1_DIVQ);
 815:../../Drivers/STM32H7xx_HAL_Driver/Src/stm32h7xx_hal_rcc.c **** 
 816:../../Drivers/STM32H7xx_HAL_Driver/Src/stm32h7xx_hal_rcc.c ****         /* Enable PLL1R  Clock output. */
 817:../../Drivers/STM32H7xx_HAL_Driver/Src/stm32h7xx_hal_rcc.c ****         __HAL_RCC_PLLCLKOUT_ENABLE(RCC_PLL1_DIVR);
 818:../../Drivers/STM32H7xx_HAL_Driver/Src/stm32h7xx_hal_rcc.c **** 
 819:../../Drivers/STM32H7xx_HAL_Driver/Src/stm32h7xx_hal_rcc.c ****         /* Enable PLL1FRACN . */
 820:../../Drivers/STM32H7xx_HAL_Driver/Src/stm32h7xx_hal_rcc.c ****         __HAL_RCC_PLLFRACN_ENABLE();
 821:../../Drivers/STM32H7xx_HAL_Driver/Src/stm32h7xx_hal_rcc.c **** 
 822:../../Drivers/STM32H7xx_HAL_Driver/Src/stm32h7xx_hal_rcc.c ****         /* Enable the main PLL. */
 823:../../Drivers/STM32H7xx_HAL_Driver/Src/stm32h7xx_hal_rcc.c ****         __HAL_RCC_PLL_ENABLE();
 824:../../Drivers/STM32H7xx_HAL_Driver/Src/stm32h7xx_hal_rcc.c **** 
 825:../../Drivers/STM32H7xx_HAL_Driver/Src/stm32h7xx_hal_rcc.c ****         /* Get Start Tick*/
 826:../../Drivers/STM32H7xx_HAL_Driver/Src/stm32h7xx_hal_rcc.c ****         tickstart = HAL_GetTick();
 827:../../Drivers/STM32H7xx_HAL_Driver/Src/stm32h7xx_hal_rcc.c **** 
 828:../../Drivers/STM32H7xx_HAL_Driver/Src/stm32h7xx_hal_rcc.c ****         /* Wait till PLL is ready */
 829:../../Drivers/STM32H7xx_HAL_Driver/Src/stm32h7xx_hal_rcc.c ****         while (__HAL_RCC_GET_FLAG(RCC_FLAG_PLLRDY) == 0U)
 830:../../Drivers/STM32H7xx_HAL_Driver/Src/stm32h7xx_hal_rcc.c ****         {
 831:../../Drivers/STM32H7xx_HAL_Driver/Src/stm32h7xx_hal_rcc.c ****           if ((HAL_GetTick() - tickstart) > PLL_TIMEOUT_VALUE)
 832:../../Drivers/STM32H7xx_HAL_Driver/Src/stm32h7xx_hal_rcc.c ****           {
 833:../../Drivers/STM32H7xx_HAL_Driver/Src/stm32h7xx_hal_rcc.c ****             return HAL_TIMEOUT;
 834:../../Drivers/STM32H7xx_HAL_Driver/Src/stm32h7xx_hal_rcc.c ****           }
 835:../../Drivers/STM32H7xx_HAL_Driver/Src/stm32h7xx_hal_rcc.c ****         }
 836:../../Drivers/STM32H7xx_HAL_Driver/Src/stm32h7xx_hal_rcc.c ****       }
 837:../../Drivers/STM32H7xx_HAL_Driver/Src/stm32h7xx_hal_rcc.c ****       else
 838:../../Drivers/STM32H7xx_HAL_Driver/Src/stm32h7xx_hal_rcc.c ****       {
 839:../../Drivers/STM32H7xx_HAL_Driver/Src/stm32h7xx_hal_rcc.c ****         /* Disable the main PLL. */
 840:../../Drivers/STM32H7xx_HAL_Driver/Src/stm32h7xx_hal_rcc.c ****         __HAL_RCC_PLL_DISABLE();
 1245              		.loc 1 840 9 is_stmt 1 view .LVU408
 1246 040c 324A     		ldr	r2, .L168
 1247 040e 1368     		ldr	r3, [r2]
 1248 0410 23F08073 		bic	r3, r3, #16777216
 1249 0414 1360     		str	r3, [r2]
 841:../../Drivers/STM32H7xx_HAL_Driver/Src/stm32h7xx_hal_rcc.c **** 
 842:../../Drivers/STM32H7xx_HAL_Driver/Src/stm32h7xx_hal_rcc.c ****         /* Get Start Tick*/
 843:../../Drivers/STM32H7xx_HAL_Driver/Src/stm32h7xx_hal_rcc.c ****         tickstart = HAL_GetTick();
 1250              		.loc 1 843 9 view .LVU409
ARM GAS  /var/folders/2r/mdtt8xvd351gdc398t28_m2m0000gn/T//ccT8wITP.s 			page 40


 1251              		.loc 1 843 21 is_stmt 0 view .LVU410
 1252 0416 FFF7FEFF 		bl	HAL_GetTick
 1253              	.LVL99:
 1254 041a 0446     		mov	r4, r0
 1255              	.LVL100:
 844:../../Drivers/STM32H7xx_HAL_Driver/Src/stm32h7xx_hal_rcc.c **** 
 845:../../Drivers/STM32H7xx_HAL_Driver/Src/stm32h7xx_hal_rcc.c ****         /* Wait till PLL is disabled */
 846:../../Drivers/STM32H7xx_HAL_Driver/Src/stm32h7xx_hal_rcc.c ****         while (__HAL_RCC_GET_FLAG(RCC_FLAG_PLLRDY) != 0U)
 1256              		.loc 1 846 9 is_stmt 1 view .LVU411
 1257              	.L107:
 1258              		.loc 1 846 52 view .LVU412
 1259              		.loc 1 846 16 is_stmt 0 view .LVU413
 1260 041c 2E4B     		ldr	r3, .L168
 1261 041e 1B68     		ldr	r3, [r3]
 1262              		.loc 1 846 52 view .LVU414
 1263 0420 13F0007F 		tst	r3, #33554432
 1264 0424 00F0DF80 		beq	.L159
 847:../../Drivers/STM32H7xx_HAL_Driver/Src/stm32h7xx_hal_rcc.c ****         {
 848:../../Drivers/STM32H7xx_HAL_Driver/Src/stm32h7xx_hal_rcc.c ****           if ((HAL_GetTick() - tickstart) > PLL_TIMEOUT_VALUE)
 1265              		.loc 1 848 11 is_stmt 1 view .LVU415
 1266              		.loc 1 848 16 is_stmt 0 view .LVU416
 1267 0428 FFF7FEFF 		bl	HAL_GetTick
 1268              	.LVL101:
 1269              		.loc 1 848 30 discriminator 1 view .LVU417
 1270 042c 001B     		subs	r0, r0, r4
 1271              		.loc 1 848 14 discriminator 1 view .LVU418
 1272 042e 0228     		cmp	r0, #2
 1273 0430 F4D9     		bls	.L107
 849:../../Drivers/STM32H7xx_HAL_Driver/Src/stm32h7xx_hal_rcc.c ****           {
 850:../../Drivers/STM32H7xx_HAL_Driver/Src/stm32h7xx_hal_rcc.c ****             return HAL_TIMEOUT;
 1274              		.loc 1 850 20 view .LVU419
 1275 0432 0320     		movs	r0, #3
 1276 0434 2CE1     		b	.L36
 1277              	.LVL102:
 1278              	.L157:
 706:../../Drivers/STM32H7xx_HAL_Driver/Src/stm32h7xx_hal_rcc.c **** 
 1279              		.loc 1 706 5 is_stmt 1 view .LVU420
 709:../../Drivers/STM32H7xx_HAL_Driver/Src/stm32h7xx_hal_rcc.c **** 
 1280              		.loc 1 709 5 view .LVU421
 709:../../Drivers/STM32H7xx_HAL_Driver/Src/stm32h7xx_hal_rcc.c **** 
 1281              		.loc 1 709 8 is_stmt 0 view .LVU422
 1282 0436 294A     		ldr	r2, .L168+4
 1283 0438 1368     		ldr	r3, [r2]
 709:../../Drivers/STM32H7xx_HAL_Driver/Src/stm32h7xx_hal_rcc.c **** 
 1284              		.loc 1 709 14 view .LVU423
 1285 043a 43F48073 		orr	r3, r3, #256
 1286 043e 1360     		str	r3, [r2]
 712:../../Drivers/STM32H7xx_HAL_Driver/Src/stm32h7xx_hal_rcc.c **** 
 1287              		.loc 1 712 5 is_stmt 1 view .LVU424
 712:../../Drivers/STM32H7xx_HAL_Driver/Src/stm32h7xx_hal_rcc.c **** 
 1288              		.loc 1 712 17 is_stmt 0 view .LVU425
 1289 0440 FFF7FEFF 		bl	HAL_GetTick
 1290              	.LVL103:
 1291 0444 0546     		mov	r5, r0
 1292              	.LVL104:
 714:../../Drivers/STM32H7xx_HAL_Driver/Src/stm32h7xx_hal_rcc.c ****     {
 1293              		.loc 1 714 5 is_stmt 1 view .LVU426
ARM GAS  /var/folders/2r/mdtt8xvd351gdc398t28_m2m0000gn/T//ccT8wITP.s 			page 41


 1294              	.L90:
 714:../../Drivers/STM32H7xx_HAL_Driver/Src/stm32h7xx_hal_rcc.c ****     {
 1295              		.loc 1 714 37 view .LVU427
 714:../../Drivers/STM32H7xx_HAL_Driver/Src/stm32h7xx_hal_rcc.c ****     {
 1296              		.loc 1 714 16 is_stmt 0 view .LVU428
 1297 0446 254B     		ldr	r3, .L168+4
 1298 0448 1B68     		ldr	r3, [r3]
 714:../../Drivers/STM32H7xx_HAL_Driver/Src/stm32h7xx_hal_rcc.c ****     {
 1299              		.loc 1 714 37 view .LVU429
 1300 044a 13F4807F 		tst	r3, #256
 1301 044e 06D1     		bne	.L160
 716:../../Drivers/STM32H7xx_HAL_Driver/Src/stm32h7xx_hal_rcc.c ****       {
 1302              		.loc 1 716 7 is_stmt 1 view .LVU430
 716:../../Drivers/STM32H7xx_HAL_Driver/Src/stm32h7xx_hal_rcc.c ****       {
 1303              		.loc 1 716 12 is_stmt 0 view .LVU431
 1304 0450 FFF7FEFF 		bl	HAL_GetTick
 1305              	.LVL105:
 716:../../Drivers/STM32H7xx_HAL_Driver/Src/stm32h7xx_hal_rcc.c ****       {
 1306              		.loc 1 716 26 discriminator 1 view .LVU432
 1307 0454 401B     		subs	r0, r0, r5
 716:../../Drivers/STM32H7xx_HAL_Driver/Src/stm32h7xx_hal_rcc.c ****       {
 1308              		.loc 1 716 10 discriminator 1 view .LVU433
 1309 0456 6428     		cmp	r0, #100
 1310 0458 F5D9     		bls	.L90
 718:../../Drivers/STM32H7xx_HAL_Driver/Src/stm32h7xx_hal_rcc.c ****       }
 1311              		.loc 1 718 16 view .LVU434
 1312 045a 0320     		movs	r0, #3
 1313 045c 18E1     		b	.L36
 1314              	.L160:
 723:../../Drivers/STM32H7xx_HAL_Driver/Src/stm32h7xx_hal_rcc.c ****     /* Check the LSE State */
 1315              		.loc 1 723 5 is_stmt 1 view .LVU435
 723:../../Drivers/STM32H7xx_HAL_Driver/Src/stm32h7xx_hal_rcc.c ****     /* Check the LSE State */
 1316              		.loc 1 723 5 view .LVU436
 1317 045e A368     		ldr	r3, [r4, #8]
 1318 0460 012B     		cmp	r3, #1
 1319 0462 0AD0     		beq	.L161
 723:../../Drivers/STM32H7xx_HAL_Driver/Src/stm32h7xx_hal_rcc.c ****     /* Check the LSE State */
 1320              		.loc 1 723 5 discriminator 2 view .LVU437
 1321 0464 0BBB     		cbnz	r3, .L94
 723:../../Drivers/STM32H7xx_HAL_Driver/Src/stm32h7xx_hal_rcc.c ****     /* Check the LSE State */
 1322              		.loc 1 723 5 discriminator 3 view .LVU438
 1323 0466 1C4B     		ldr	r3, .L168
 1324 0468 1A6F     		ldr	r2, [r3, #112]
 1325 046a 22F00102 		bic	r2, r2, #1
 1326 046e 1A67     		str	r2, [r3, #112]
 723:../../Drivers/STM32H7xx_HAL_Driver/Src/stm32h7xx_hal_rcc.c ****     /* Check the LSE State */
 1327              		.loc 1 723 5 view .LVU439
 723:../../Drivers/STM32H7xx_HAL_Driver/Src/stm32h7xx_hal_rcc.c ****     /* Check the LSE State */
 1328              		.loc 1 723 5 is_stmt 0 discriminator 3 view .LVU440
 1329 0470 1A6F     		ldr	r2, [r3, #112]
 1330 0472 22F00402 		bic	r2, r2, #4
 1331 0476 1A67     		str	r2, [r3, #112]
 1332 0478 04E0     		b	.L93
 1333              	.L161:
 723:../../Drivers/STM32H7xx_HAL_Driver/Src/stm32h7xx_hal_rcc.c ****     /* Check the LSE State */
 1334              		.loc 1 723 5 is_stmt 1 discriminator 1 view .LVU441
 1335 047a 174A     		ldr	r2, .L168
ARM GAS  /var/folders/2r/mdtt8xvd351gdc398t28_m2m0000gn/T//ccT8wITP.s 			page 42


 1336 047c 136F     		ldr	r3, [r2, #112]
 1337 047e 43F00103 		orr	r3, r3, #1
 1338 0482 1367     		str	r3, [r2, #112]
 1339              	.L93:
 723:../../Drivers/STM32H7xx_HAL_Driver/Src/stm32h7xx_hal_rcc.c ****     /* Check the LSE State */
 1340              		.loc 1 723 5 view .LVU442
 725:../../Drivers/STM32H7xx_HAL_Driver/Src/stm32h7xx_hal_rcc.c ****     {
 1341              		.loc 1 725 5 view .LVU443
 725:../../Drivers/STM32H7xx_HAL_Driver/Src/stm32h7xx_hal_rcc.c ****     {
 1342              		.loc 1 725 27 is_stmt 0 view .LVU444
 1343 0484 A368     		ldr	r3, [r4, #8]
 725:../../Drivers/STM32H7xx_HAL_Driver/Src/stm32h7xx_hal_rcc.c ****     {
 1344              		.loc 1 725 8 view .LVU445
 1345 0486 5BB3     		cbz	r3, .L96
 728:../../Drivers/STM32H7xx_HAL_Driver/Src/stm32h7xx_hal_rcc.c **** 
 1346              		.loc 1 728 7 is_stmt 1 view .LVU446
 728:../../Drivers/STM32H7xx_HAL_Driver/Src/stm32h7xx_hal_rcc.c **** 
 1347              		.loc 1 728 19 is_stmt 0 view .LVU447
 1348 0488 FFF7FEFF 		bl	HAL_GetTick
 1349              	.LVL106:
 1350 048c 0546     		mov	r5, r0
 1351              	.LVL107:
 731:../../Drivers/STM32H7xx_HAL_Driver/Src/stm32h7xx_hal_rcc.c ****       {
 1352              		.loc 1 731 7 is_stmt 1 view .LVU448
 1353              	.L97:
 731:../../Drivers/STM32H7xx_HAL_Driver/Src/stm32h7xx_hal_rcc.c ****       {
 1354              		.loc 1 731 50 view .LVU449
 731:../../Drivers/STM32H7xx_HAL_Driver/Src/stm32h7xx_hal_rcc.c ****       {
 1355              		.loc 1 731 14 is_stmt 0 view .LVU450
 1356 048e 124B     		ldr	r3, .L168
 1357 0490 1B6F     		ldr	r3, [r3, #112]
 731:../../Drivers/STM32H7xx_HAL_Driver/Src/stm32h7xx_hal_rcc.c ****       {
 1358              		.loc 1 731 50 view .LVU451
 1359 0492 13F0020F 		tst	r3, #2
 1360 0496 ACD1     		bne	.L89
 733:../../Drivers/STM32H7xx_HAL_Driver/Src/stm32h7xx_hal_rcc.c ****         {
 1361              		.loc 1 733 9 is_stmt 1 view .LVU452
 733:../../Drivers/STM32H7xx_HAL_Driver/Src/stm32h7xx_hal_rcc.c ****         {
 1362              		.loc 1 733 14 is_stmt 0 view .LVU453
 1363 0498 FFF7FEFF 		bl	HAL_GetTick
 1364              	.LVL108:
 733:../../Drivers/STM32H7xx_HAL_Driver/Src/stm32h7xx_hal_rcc.c ****         {
 1365              		.loc 1 733 28 discriminator 1 view .LVU454
 1366 049c 401B     		subs	r0, r0, r5
 733:../../Drivers/STM32H7xx_HAL_Driver/Src/stm32h7xx_hal_rcc.c ****         {
 1367              		.loc 1 733 12 discriminator 1 view .LVU455
 1368 049e 41F28833 		movw	r3, #5000
 1369 04a2 9842     		cmp	r0, r3
 1370 04a4 F3D9     		bls	.L97
 735:../../Drivers/STM32H7xx_HAL_Driver/Src/stm32h7xx_hal_rcc.c ****         }
 1371              		.loc 1 735 18 view .LVU456
 1372 04a6 0320     		movs	r0, #3
 1373 04a8 F2E0     		b	.L36
 1374              	.L94:
 723:../../Drivers/STM32H7xx_HAL_Driver/Src/stm32h7xx_hal_rcc.c ****     /* Check the LSE State */
 1375              		.loc 1 723 5 is_stmt 1 discriminator 4 view .LVU457
 1376 04aa 052B     		cmp	r3, #5
ARM GAS  /var/folders/2r/mdtt8xvd351gdc398t28_m2m0000gn/T//ccT8wITP.s 			page 43


 1377 04ac 09D0     		beq	.L162
 723:../../Drivers/STM32H7xx_HAL_Driver/Src/stm32h7xx_hal_rcc.c ****     /* Check the LSE State */
 1378              		.loc 1 723 5 discriminator 6 view .LVU458
 1379 04ae 0A4B     		ldr	r3, .L168
 1380 04b0 1A6F     		ldr	r2, [r3, #112]
 1381 04b2 22F00102 		bic	r2, r2, #1
 1382 04b6 1A67     		str	r2, [r3, #112]
 723:../../Drivers/STM32H7xx_HAL_Driver/Src/stm32h7xx_hal_rcc.c ****     /* Check the LSE State */
 1383              		.loc 1 723 5 view .LVU459
 723:../../Drivers/STM32H7xx_HAL_Driver/Src/stm32h7xx_hal_rcc.c ****     /* Check the LSE State */
 1384              		.loc 1 723 5 is_stmt 0 discriminator 6 view .LVU460
 1385 04b8 1A6F     		ldr	r2, [r3, #112]
 1386 04ba 22F00402 		bic	r2, r2, #4
 1387 04be 1A67     		str	r2, [r3, #112]
 1388 04c0 E0E7     		b	.L93
 1389              	.L162:
 723:../../Drivers/STM32H7xx_HAL_Driver/Src/stm32h7xx_hal_rcc.c ****     /* Check the LSE State */
 1390              		.loc 1 723 5 is_stmt 1 discriminator 5 view .LVU461
 1391 04c2 054B     		ldr	r3, .L168
 1392 04c4 1A6F     		ldr	r2, [r3, #112]
 1393 04c6 42F00402 		orr	r2, r2, #4
 1394 04ca 1A67     		str	r2, [r3, #112]
 723:../../Drivers/STM32H7xx_HAL_Driver/Src/stm32h7xx_hal_rcc.c ****     /* Check the LSE State */
 1395              		.loc 1 723 5 view .LVU462
 723:../../Drivers/STM32H7xx_HAL_Driver/Src/stm32h7xx_hal_rcc.c ****     /* Check the LSE State */
 1396              		.loc 1 723 5 is_stmt 0 discriminator 5 view .LVU463
 1397 04cc 1A6F     		ldr	r2, [r3, #112]
 1398 04ce 42F00102 		orr	r2, r2, #1
 1399 04d2 1A67     		str	r2, [r3, #112]
 1400 04d4 D6E7     		b	.L93
 1401              	.L169:
 1402 04d6 00BF     		.align	2
 1403              	.L168:
 1404 04d8 00440258 		.word	1476543488
 1405 04dc 00480258 		.word	1476544512
 1406              	.L96:
 742:../../Drivers/STM32H7xx_HAL_Driver/Src/stm32h7xx_hal_rcc.c **** 
 1407              		.loc 1 742 7 is_stmt 1 view .LVU464
 742:../../Drivers/STM32H7xx_HAL_Driver/Src/stm32h7xx_hal_rcc.c **** 
 1408              		.loc 1 742 19 is_stmt 0 view .LVU465
 1409 04e0 FFF7FEFF 		bl	HAL_GetTick
 1410              	.LVL109:
 1411 04e4 0546     		mov	r5, r0
 1412              	.LVL110:
 745:../../Drivers/STM32H7xx_HAL_Driver/Src/stm32h7xx_hal_rcc.c ****       {
 1413              		.loc 1 745 7 is_stmt 1 view .LVU466
 1414              	.L99:
 745:../../Drivers/STM32H7xx_HAL_Driver/Src/stm32h7xx_hal_rcc.c ****       {
 1415              		.loc 1 745 50 view .LVU467
 745:../../Drivers/STM32H7xx_HAL_Driver/Src/stm32h7xx_hal_rcc.c ****       {
 1416              		.loc 1 745 14 is_stmt 0 view .LVU468
 1417 04e6 724B     		ldr	r3, .L170
 1418 04e8 1B6F     		ldr	r3, [r3, #112]
 745:../../Drivers/STM32H7xx_HAL_Driver/Src/stm32h7xx_hal_rcc.c ****       {
 1419              		.loc 1 745 50 view .LVU469
 1420 04ea 13F0020F 		tst	r3, #2
 1421 04ee 80D0     		beq	.L89
ARM GAS  /var/folders/2r/mdtt8xvd351gdc398t28_m2m0000gn/T//ccT8wITP.s 			page 44


 747:../../Drivers/STM32H7xx_HAL_Driver/Src/stm32h7xx_hal_rcc.c ****         {
 1422              		.loc 1 747 9 is_stmt 1 view .LVU470
 747:../../Drivers/STM32H7xx_HAL_Driver/Src/stm32h7xx_hal_rcc.c ****         {
 1423              		.loc 1 747 14 is_stmt 0 view .LVU471
 1424 04f0 FFF7FEFF 		bl	HAL_GetTick
 1425              	.LVL111:
 747:../../Drivers/STM32H7xx_HAL_Driver/Src/stm32h7xx_hal_rcc.c ****         {
 1426              		.loc 1 747 28 discriminator 1 view .LVU472
 1427 04f4 401B     		subs	r0, r0, r5
 747:../../Drivers/STM32H7xx_HAL_Driver/Src/stm32h7xx_hal_rcc.c ****         {
 1428              		.loc 1 747 12 discriminator 1 view .LVU473
 1429 04f6 41F28833 		movw	r3, #5000
 1430 04fa 9842     		cmp	r0, r3
 1431 04fc F3D9     		bls	.L99
 749:../../Drivers/STM32H7xx_HAL_Driver/Src/stm32h7xx_hal_rcc.c ****         }
 1432              		.loc 1 749 18 view .LVU474
 1433 04fe 0320     		movs	r0, #3
 1434 0500 C6E0     		b	.L36
 1435              	.LVL112:
 1436              	.L158:
 765:../../Drivers/STM32H7xx_HAL_Driver/Src/stm32h7xx_hal_rcc.c ****         assert_param(IS_RCC_PLLRGE_VALUE(RCC_OscInitStruct->PLL.PLLRGE));
 1437              		.loc 1 765 9 is_stmt 1 view .LVU475
 766:../../Drivers/STM32H7xx_HAL_Driver/Src/stm32h7xx_hal_rcc.c ****         assert_param(IS_RCC_PLLVCO_VALUE(RCC_OscInitStruct->PLL.PLLVCOSEL));
 1438              		.loc 1 766 9 view .LVU476
 767:../../Drivers/STM32H7xx_HAL_Driver/Src/stm32h7xx_hal_rcc.c ****         assert_param(IS_RCC_PLLM_VALUE(RCC_OscInitStruct->PLL.PLLM));
 1439              		.loc 1 767 9 view .LVU477
 768:../../Drivers/STM32H7xx_HAL_Driver/Src/stm32h7xx_hal_rcc.c ****         assert_param(IS_RCC_PLLN_VALUE(RCC_OscInitStruct->PLL.PLLN));
 1440              		.loc 1 768 9 view .LVU478
 769:../../Drivers/STM32H7xx_HAL_Driver/Src/stm32h7xx_hal_rcc.c ****         assert_param(IS_RCC_PLLP_VALUE(RCC_OscInitStruct->PLL.PLLP));
 1441              		.loc 1 769 9 view .LVU479
 770:../../Drivers/STM32H7xx_HAL_Driver/Src/stm32h7xx_hal_rcc.c ****         assert_param(IS_RCC_PLLQ_VALUE(RCC_OscInitStruct->PLL.PLLQ));
 1442              		.loc 1 770 9 view .LVU480
 771:../../Drivers/STM32H7xx_HAL_Driver/Src/stm32h7xx_hal_rcc.c ****         assert_param(IS_RCC_PLLR_VALUE(RCC_OscInitStruct->PLL.PLLR));
 1443              		.loc 1 771 9 view .LVU481
 772:../../Drivers/STM32H7xx_HAL_Driver/Src/stm32h7xx_hal_rcc.c ****         assert_param(IS_RCC_PLLFRACN_VALUE(RCC_OscInitStruct->PLL.PLLFRACN));
 1444              		.loc 1 772 9 view .LVU482
 773:../../Drivers/STM32H7xx_HAL_Driver/Src/stm32h7xx_hal_rcc.c **** 
 1445              		.loc 1 773 9 view .LVU483
 776:../../Drivers/STM32H7xx_HAL_Driver/Src/stm32h7xx_hal_rcc.c **** 
 1446              		.loc 1 776 9 view .LVU484
 1447 0502 6B4A     		ldr	r2, .L170
 1448 0504 1368     		ldr	r3, [r2]
 1449 0506 23F08073 		bic	r3, r3, #16777216
 1450 050a 1360     		str	r3, [r2]
 779:../../Drivers/STM32H7xx_HAL_Driver/Src/stm32h7xx_hal_rcc.c **** 
 1451              		.loc 1 779 9 view .LVU485
 779:../../Drivers/STM32H7xx_HAL_Driver/Src/stm32h7xx_hal_rcc.c **** 
 1452              		.loc 1 779 21 is_stmt 0 view .LVU486
 1453 050c FFF7FEFF 		bl	HAL_GetTick
 1454              	.LVL113:
 1455 0510 0546     		mov	r5, r0
 1456              	.LVL114:
 782:../../Drivers/STM32H7xx_HAL_Driver/Src/stm32h7xx_hal_rcc.c ****         {
 1457              		.loc 1 782 9 is_stmt 1 view .LVU487
 1458              	.L103:
 782:../../Drivers/STM32H7xx_HAL_Driver/Src/stm32h7xx_hal_rcc.c ****         {
 1459              		.loc 1 782 52 view .LVU488
ARM GAS  /var/folders/2r/mdtt8xvd351gdc398t28_m2m0000gn/T//ccT8wITP.s 			page 45


 782:../../Drivers/STM32H7xx_HAL_Driver/Src/stm32h7xx_hal_rcc.c ****         {
 1460              		.loc 1 782 16 is_stmt 0 view .LVU489
 1461 0512 674B     		ldr	r3, .L170
 1462 0514 1B68     		ldr	r3, [r3]
 782:../../Drivers/STM32H7xx_HAL_Driver/Src/stm32h7xx_hal_rcc.c ****         {
 1463              		.loc 1 782 52 view .LVU490
 1464 0516 13F0007F 		tst	r3, #33554432
 1465 051a 06D0     		beq	.L163
 784:../../Drivers/STM32H7xx_HAL_Driver/Src/stm32h7xx_hal_rcc.c ****           {
 1466              		.loc 1 784 11 is_stmt 1 view .LVU491
 784:../../Drivers/STM32H7xx_HAL_Driver/Src/stm32h7xx_hal_rcc.c ****           {
 1467              		.loc 1 784 16 is_stmt 0 view .LVU492
 1468 051c FFF7FEFF 		bl	HAL_GetTick
 1469              	.LVL115:
 784:../../Drivers/STM32H7xx_HAL_Driver/Src/stm32h7xx_hal_rcc.c ****           {
 1470              		.loc 1 784 30 discriminator 1 view .LVU493
 1471 0520 401B     		subs	r0, r0, r5
 784:../../Drivers/STM32H7xx_HAL_Driver/Src/stm32h7xx_hal_rcc.c ****           {
 1472              		.loc 1 784 14 discriminator 1 view .LVU494
 1473 0522 0228     		cmp	r0, #2
 1474 0524 F5D9     		bls	.L103
 786:../../Drivers/STM32H7xx_HAL_Driver/Src/stm32h7xx_hal_rcc.c ****           }
 1475              		.loc 1 786 20 view .LVU495
 1476 0526 0320     		movs	r0, #3
 1477 0528 B2E0     		b	.L36
 1478              	.L163:
 791:../../Drivers/STM32H7xx_HAL_Driver/Src/stm32h7xx_hal_rcc.c ****                              RCC_OscInitStruct->PLL.PLLM,
 1479              		.loc 1 791 9 is_stmt 1 view .LVU496
 791:../../Drivers/STM32H7xx_HAL_Driver/Src/stm32h7xx_hal_rcc.c ****                              RCC_OscInitStruct->PLL.PLLM,
 1480              		.loc 1 791 9 view .LVU497
 1481 052a 614B     		ldr	r3, .L170
 1482 052c 9A6A     		ldr	r2, [r3, #40]
 1483 052e 22F47C72 		bic	r2, r2, #1008
 1484 0532 22F00302 		bic	r2, r2, #3
 1485 0536 A16A     		ldr	r1, [r4, #40]
 1486 0538 E06A     		ldr	r0, [r4, #44]
 1487 053a 41EA0011 		orr	r1, r1, r0, lsl #4
 1488 053e 0A43     		orrs	r2, r2, r1
 1489 0540 9A62     		str	r2, [r3, #40]
 791:../../Drivers/STM32H7xx_HAL_Driver/Src/stm32h7xx_hal_rcc.c ****                              RCC_OscInitStruct->PLL.PLLM,
 1490              		.loc 1 791 9 view .LVU498
 1491 0542 226B     		ldr	r2, [r4, #48]
 1492 0544 013A     		subs	r2, r2, #1
 1493 0546 C2F30802 		ubfx	r2, r2, #0, #9
 1494 054a 616B     		ldr	r1, [r4, #52]
 1495 054c 0139     		subs	r1, r1, #1
 1496 054e 4902     		lsls	r1, r1, #9
 1497 0550 89B2     		uxth	r1, r1
 1498 0552 0A43     		orrs	r2, r2, r1
 1499 0554 A16B     		ldr	r1, [r4, #56]
 1500 0556 0139     		subs	r1, r1, #1
 1501 0558 0904     		lsls	r1, r1, #16
 1502 055a 01F4FE01 		and	r1, r1, #8323072
 1503 055e 0A43     		orrs	r2, r2, r1
 1504 0560 E16B     		ldr	r1, [r4, #60]
 1505 0562 0139     		subs	r1, r1, #1
 1506 0564 0906     		lsls	r1, r1, #24
ARM GAS  /var/folders/2r/mdtt8xvd351gdc398t28_m2m0000gn/T//ccT8wITP.s 			page 46


 1507 0566 01F0FE41 		and	r1, r1, #2130706432
 1508 056a 0A43     		orrs	r2, r2, r1
 1509 056c 1A63     		str	r2, [r3, #48]
 791:../../Drivers/STM32H7xx_HAL_Driver/Src/stm32h7xx_hal_rcc.c ****                              RCC_OscInitStruct->PLL.PLLM,
 1510              		.loc 1 791 9 view .LVU499
 799:../../Drivers/STM32H7xx_HAL_Driver/Src/stm32h7xx_hal_rcc.c **** 
 1511              		.loc 1 799 9 view .LVU500
 1512 056e DA6A     		ldr	r2, [r3, #44]
 1513 0570 22F00102 		bic	r2, r2, #1
 1514 0574 DA62     		str	r2, [r3, #44]
 802:../../Drivers/STM32H7xx_HAL_Driver/Src/stm32h7xx_hal_rcc.c **** 
 1515              		.loc 1 802 9 view .LVU501
 1516 0576 5A6B     		ldr	r2, [r3, #52]
 1517 0578 6FF3CF02 		bfc	r2, #3, #13
 1518 057c A16C     		ldr	r1, [r4, #72]
 1519 057e 42EAC102 		orr	r2, r2, r1, lsl #3
 1520 0582 5A63     		str	r2, [r3, #52]
 805:../../Drivers/STM32H7xx_HAL_Driver/Src/stm32h7xx_hal_rcc.c **** 
 1521              		.loc 1 805 9 view .LVU502
 1522 0584 DA6A     		ldr	r2, [r3, #44]
 1523 0586 22F00C02 		bic	r2, r2, #12
 1524 058a 216C     		ldr	r1, [r4, #64]
 1525 058c 0A43     		orrs	r2, r2, r1
 1526 058e DA62     		str	r2, [r3, #44]
 808:../../Drivers/STM32H7xx_HAL_Driver/Src/stm32h7xx_hal_rcc.c **** 
 1527              		.loc 1 808 9 view .LVU503
 1528 0590 DA6A     		ldr	r2, [r3, #44]
 1529 0592 22F00202 		bic	r2, r2, #2
 1530 0596 616C     		ldr	r1, [r4, #68]
 1531 0598 0A43     		orrs	r2, r2, r1
 1532 059a DA62     		str	r2, [r3, #44]
 811:../../Drivers/STM32H7xx_HAL_Driver/Src/stm32h7xx_hal_rcc.c **** 
 1533              		.loc 1 811 9 view .LVU504
 1534 059c DA6A     		ldr	r2, [r3, #44]
 1535 059e 42F48032 		orr	r2, r2, #65536
 1536 05a2 DA62     		str	r2, [r3, #44]
 814:../../Drivers/STM32H7xx_HAL_Driver/Src/stm32h7xx_hal_rcc.c **** 
 1537              		.loc 1 814 9 view .LVU505
 1538 05a4 DA6A     		ldr	r2, [r3, #44]
 1539 05a6 42F40032 		orr	r2, r2, #131072
 1540 05aa DA62     		str	r2, [r3, #44]
 817:../../Drivers/STM32H7xx_HAL_Driver/Src/stm32h7xx_hal_rcc.c **** 
 1541              		.loc 1 817 9 view .LVU506
 1542 05ac DA6A     		ldr	r2, [r3, #44]
 1543 05ae 42F48022 		orr	r2, r2, #262144
 1544 05b2 DA62     		str	r2, [r3, #44]
 820:../../Drivers/STM32H7xx_HAL_Driver/Src/stm32h7xx_hal_rcc.c **** 
 1545              		.loc 1 820 9 view .LVU507
 1546 05b4 DA6A     		ldr	r2, [r3, #44]
 1547 05b6 42F00102 		orr	r2, r2, #1
 1548 05ba DA62     		str	r2, [r3, #44]
 823:../../Drivers/STM32H7xx_HAL_Driver/Src/stm32h7xx_hal_rcc.c **** 
 1549              		.loc 1 823 9 view .LVU508
 1550 05bc 1A68     		ldr	r2, [r3]
 1551 05be 42F08072 		orr	r2, r2, #16777216
 1552 05c2 1A60     		str	r2, [r3]
 826:../../Drivers/STM32H7xx_HAL_Driver/Src/stm32h7xx_hal_rcc.c **** 
ARM GAS  /var/folders/2r/mdtt8xvd351gdc398t28_m2m0000gn/T//ccT8wITP.s 			page 47


 1553              		.loc 1 826 9 view .LVU509
 826:../../Drivers/STM32H7xx_HAL_Driver/Src/stm32h7xx_hal_rcc.c **** 
 1554              		.loc 1 826 21 is_stmt 0 view .LVU510
 1555 05c4 FFF7FEFF 		bl	HAL_GetTick
 1556              	.LVL116:
 1557 05c8 0446     		mov	r4, r0
 1558              	.LVL117:
 829:../../Drivers/STM32H7xx_HAL_Driver/Src/stm32h7xx_hal_rcc.c ****         {
 1559              		.loc 1 829 9 is_stmt 1 view .LVU511
 1560              	.L105:
 829:../../Drivers/STM32H7xx_HAL_Driver/Src/stm32h7xx_hal_rcc.c ****         {
 1561              		.loc 1 829 52 view .LVU512
 829:../../Drivers/STM32H7xx_HAL_Driver/Src/stm32h7xx_hal_rcc.c ****         {
 1562              		.loc 1 829 16 is_stmt 0 view .LVU513
 1563 05ca 394B     		ldr	r3, .L170
 1564 05cc 1B68     		ldr	r3, [r3]
 829:../../Drivers/STM32H7xx_HAL_Driver/Src/stm32h7xx_hal_rcc.c ****         {
 1565              		.loc 1 829 52 view .LVU514
 1566 05ce 13F0007F 		tst	r3, #33554432
 1567 05d2 06D1     		bne	.L164
 831:../../Drivers/STM32H7xx_HAL_Driver/Src/stm32h7xx_hal_rcc.c ****           {
 1568              		.loc 1 831 11 is_stmt 1 view .LVU515
 831:../../Drivers/STM32H7xx_HAL_Driver/Src/stm32h7xx_hal_rcc.c ****           {
 1569              		.loc 1 831 16 is_stmt 0 view .LVU516
 1570 05d4 FFF7FEFF 		bl	HAL_GetTick
 1571              	.LVL118:
 831:../../Drivers/STM32H7xx_HAL_Driver/Src/stm32h7xx_hal_rcc.c ****           {
 1572              		.loc 1 831 30 discriminator 1 view .LVU517
 1573 05d8 001B     		subs	r0, r0, r4
 831:../../Drivers/STM32H7xx_HAL_Driver/Src/stm32h7xx_hal_rcc.c ****           {
 1574              		.loc 1 831 14 discriminator 1 view .LVU518
 1575 05da 0228     		cmp	r0, #2
 1576 05dc F5D9     		bls	.L105
 833:../../Drivers/STM32H7xx_HAL_Driver/Src/stm32h7xx_hal_rcc.c ****           }
 1577              		.loc 1 833 20 view .LVU519
 1578 05de 0320     		movs	r0, #3
 1579 05e0 56E0     		b	.L36
 1580              	.L164:
 851:../../Drivers/STM32H7xx_HAL_Driver/Src/stm32h7xx_hal_rcc.c ****           }
 852:../../Drivers/STM32H7xx_HAL_Driver/Src/stm32h7xx_hal_rcc.c ****         }
 853:../../Drivers/STM32H7xx_HAL_Driver/Src/stm32h7xx_hal_rcc.c ****       }
 854:../../Drivers/STM32H7xx_HAL_Driver/Src/stm32h7xx_hal_rcc.c ****     }
 855:../../Drivers/STM32H7xx_HAL_Driver/Src/stm32h7xx_hal_rcc.c ****     else
 856:../../Drivers/STM32H7xx_HAL_Driver/Src/stm32h7xx_hal_rcc.c ****     {
 857:../../Drivers/STM32H7xx_HAL_Driver/Src/stm32h7xx_hal_rcc.c ****       /* Do not return HAL_ERROR if request repeats the current configuration */
 858:../../Drivers/STM32H7xx_HAL_Driver/Src/stm32h7xx_hal_rcc.c ****       temp1_pllckcfg = RCC->PLLCKSELR;
 859:../../Drivers/STM32H7xx_HAL_Driver/Src/stm32h7xx_hal_rcc.c ****       temp2_pllckcfg = RCC->PLL1DIVR;
 860:../../Drivers/STM32H7xx_HAL_Driver/Src/stm32h7xx_hal_rcc.c ****       if (((RCC_OscInitStruct->PLL.PLLState) == RCC_PLL_OFF) ||
 861:../../Drivers/STM32H7xx_HAL_Driver/Src/stm32h7xx_hal_rcc.c ****           (READ_BIT(temp1_pllckcfg, RCC_PLLCKSELR_PLLSRC) != RCC_OscInitStruct->PLL.PLLSource) ||
 862:../../Drivers/STM32H7xx_HAL_Driver/Src/stm32h7xx_hal_rcc.c ****           ((READ_BIT(temp1_pllckcfg, RCC_PLLCKSELR_DIVM1) >> RCC_PLLCKSELR_DIVM1_Pos) != RCC_OscIni
 863:../../Drivers/STM32H7xx_HAL_Driver/Src/stm32h7xx_hal_rcc.c ****           (READ_BIT(temp2_pllckcfg, RCC_PLL1DIVR_N1) != (RCC_OscInitStruct->PLL.PLLN - 1U)) ||
 864:../../Drivers/STM32H7xx_HAL_Driver/Src/stm32h7xx_hal_rcc.c ****           ((READ_BIT(temp2_pllckcfg, RCC_PLL1DIVR_P1) >> RCC_PLL1DIVR_P1_Pos) != (RCC_OscInitStruct
 865:../../Drivers/STM32H7xx_HAL_Driver/Src/stm32h7xx_hal_rcc.c ****           ((READ_BIT(temp2_pllckcfg, RCC_PLL1DIVR_Q1) >> RCC_PLL1DIVR_Q1_Pos) != (RCC_OscInitStruct
 866:../../Drivers/STM32H7xx_HAL_Driver/Src/stm32h7xx_hal_rcc.c ****           ((READ_BIT(temp2_pllckcfg, RCC_PLL1DIVR_R1) >> RCC_PLL1DIVR_R1_Pos) != (RCC_OscInitStruct
 867:../../Drivers/STM32H7xx_HAL_Driver/Src/stm32h7xx_hal_rcc.c ****       {
 868:../../Drivers/STM32H7xx_HAL_Driver/Src/stm32h7xx_hal_rcc.c ****         return HAL_ERROR;
 869:../../Drivers/STM32H7xx_HAL_Driver/Src/stm32h7xx_hal_rcc.c ****       }
ARM GAS  /var/folders/2r/mdtt8xvd351gdc398t28_m2m0000gn/T//ccT8wITP.s 			page 48


 870:../../Drivers/STM32H7xx_HAL_Driver/Src/stm32h7xx_hal_rcc.c ****       else
 871:../../Drivers/STM32H7xx_HAL_Driver/Src/stm32h7xx_hal_rcc.c ****       {
 872:../../Drivers/STM32H7xx_HAL_Driver/Src/stm32h7xx_hal_rcc.c ****         /* Check if only fractional part needs to be updated  */
 873:../../Drivers/STM32H7xx_HAL_Driver/Src/stm32h7xx_hal_rcc.c ****         temp1_pllckcfg = ((RCC->PLL1FRACR & RCC_PLL1FRACR_FRACN1) >> RCC_PLL1FRACR_FRACN1_Pos);
 874:../../Drivers/STM32H7xx_HAL_Driver/Src/stm32h7xx_hal_rcc.c ****         if (RCC_OscInitStruct->PLL.PLLFRACN != temp1_pllckcfg)
 875:../../Drivers/STM32H7xx_HAL_Driver/Src/stm32h7xx_hal_rcc.c ****         {
 876:../../Drivers/STM32H7xx_HAL_Driver/Src/stm32h7xx_hal_rcc.c ****           assert_param(IS_RCC_PLLFRACN_VALUE(RCC_OscInitStruct->PLL.PLLFRACN));
 877:../../Drivers/STM32H7xx_HAL_Driver/Src/stm32h7xx_hal_rcc.c ****           /* Disable PLL1FRACEN */
 878:../../Drivers/STM32H7xx_HAL_Driver/Src/stm32h7xx_hal_rcc.c ****           __HAL_RCC_PLLFRACN_DISABLE();
 879:../../Drivers/STM32H7xx_HAL_Driver/Src/stm32h7xx_hal_rcc.c ****           /* Get Start Tick*/
 880:../../Drivers/STM32H7xx_HAL_Driver/Src/stm32h7xx_hal_rcc.c ****           tickstart = HAL_GetTick();
 881:../../Drivers/STM32H7xx_HAL_Driver/Src/stm32h7xx_hal_rcc.c ****           /* Wait at least 2 CK_REF (PLL input source divided by M) period to make sure next latche
 882:../../Drivers/STM32H7xx_HAL_Driver/Src/stm32h7xx_hal_rcc.c ****           while ((HAL_GetTick() - tickstart) < PLL_FRAC_TIMEOUT_VALUE)
 883:../../Drivers/STM32H7xx_HAL_Driver/Src/stm32h7xx_hal_rcc.c ****           {
 884:../../Drivers/STM32H7xx_HAL_Driver/Src/stm32h7xx_hal_rcc.c ****           }
 885:../../Drivers/STM32H7xx_HAL_Driver/Src/stm32h7xx_hal_rcc.c ****           /* Configure PLL1 PLL1FRACN */
 886:../../Drivers/STM32H7xx_HAL_Driver/Src/stm32h7xx_hal_rcc.c ****           __HAL_RCC_PLLFRACN_CONFIG(RCC_OscInitStruct->PLL.PLLFRACN);
 887:../../Drivers/STM32H7xx_HAL_Driver/Src/stm32h7xx_hal_rcc.c ****           /* Enable PLL1FRACEN to latch new value. */
 888:../../Drivers/STM32H7xx_HAL_Driver/Src/stm32h7xx_hal_rcc.c ****           __HAL_RCC_PLLFRACN_ENABLE();
 889:../../Drivers/STM32H7xx_HAL_Driver/Src/stm32h7xx_hal_rcc.c ****         }
 890:../../Drivers/STM32H7xx_HAL_Driver/Src/stm32h7xx_hal_rcc.c ****       }
 891:../../Drivers/STM32H7xx_HAL_Driver/Src/stm32h7xx_hal_rcc.c ****     }
 892:../../Drivers/STM32H7xx_HAL_Driver/Src/stm32h7xx_hal_rcc.c ****   }
 893:../../Drivers/STM32H7xx_HAL_Driver/Src/stm32h7xx_hal_rcc.c ****   return HAL_OK;
 1581              		.loc 1 893 10 view .LVU520
 1582 05e2 0020     		movs	r0, #0
 1583 05e4 54E0     		b	.L36
 1584              	.L159:
 1585              		.loc 1 893 10 view .LVU521
 1586 05e6 0020     		movs	r0, #0
 1587 05e8 52E0     		b	.L36
 1588              	.LVL119:
 1589              	.L101:
 858:../../Drivers/STM32H7xx_HAL_Driver/Src/stm32h7xx_hal_rcc.c ****       temp2_pllckcfg = RCC->PLL1DIVR;
 1590              		.loc 1 858 7 is_stmt 1 view .LVU522
 858:../../Drivers/STM32H7xx_HAL_Driver/Src/stm32h7xx_hal_rcc.c ****       temp2_pllckcfg = RCC->PLL1DIVR;
 1591              		.loc 1 858 22 is_stmt 0 view .LVU523
 1592 05ea 314A     		ldr	r2, .L170
 1593 05ec 916A     		ldr	r1, [r2, #40]
 1594              	.LVL120:
 859:../../Drivers/STM32H7xx_HAL_Driver/Src/stm32h7xx_hal_rcc.c ****       if (((RCC_OscInitStruct->PLL.PLLState) == RCC_PLL_OFF) ||
 1595              		.loc 1 859 7 is_stmt 1 view .LVU524
 859:../../Drivers/STM32H7xx_HAL_Driver/Src/stm32h7xx_hal_rcc.c ****       if (((RCC_OscInitStruct->PLL.PLLState) == RCC_PLL_OFF) ||
 1596              		.loc 1 859 22 is_stmt 0 view .LVU525
 1597 05ee 106B     		ldr	r0, [r2, #48]
 1598              	.LVL121:
 860:../../Drivers/STM32H7xx_HAL_Driver/Src/stm32h7xx_hal_rcc.c ****           (READ_BIT(temp1_pllckcfg, RCC_PLLCKSELR_PLLSRC) != RCC_OscInitStruct->PLL.PLLSource) ||
 1599              		.loc 1 860 7 is_stmt 1 view .LVU526
 860:../../Drivers/STM32H7xx_HAL_Driver/Src/stm32h7xx_hal_rcc.c ****           (READ_BIT(temp1_pllckcfg, RCC_PLLCKSELR_PLLSRC) != RCC_OscInitStruct->PLL.PLLSource) ||
 1600              		.loc 1 860 10 is_stmt 0 view .LVU527
 1601 05f0 012B     		cmp	r3, #1
 1602 05f2 4ED0     		beq	.L132
 861:../../Drivers/STM32H7xx_HAL_Driver/Src/stm32h7xx_hal_rcc.c ****           ((READ_BIT(temp1_pllckcfg, RCC_PLLCKSELR_DIVM1) >> RCC_PLLCKSELR_DIVM1_Pos) != RCC_OscIni
 1603              		.loc 1 861 12 view .LVU528
 1604 05f4 01F00303 		and	r3, r1, #3
 861:../../Drivers/STM32H7xx_HAL_Driver/Src/stm32h7xx_hal_rcc.c ****           ((READ_BIT(temp1_pllckcfg, RCC_PLLCKSELR_DIVM1) >> RCC_PLLCKSELR_DIVM1_Pos) != RCC_OscIni
 1605              		.loc 1 861 84 view .LVU529
ARM GAS  /var/folders/2r/mdtt8xvd351gdc398t28_m2m0000gn/T//ccT8wITP.s 			page 49


 1606 05f8 A26A     		ldr	r2, [r4, #40]
 860:../../Drivers/STM32H7xx_HAL_Driver/Src/stm32h7xx_hal_rcc.c ****           (READ_BIT(temp1_pllckcfg, RCC_PLLCKSELR_PLLSRC) != RCC_OscInitStruct->PLL.PLLSource) ||
 1607              		.loc 1 860 62 discriminator 1 view .LVU530
 1608 05fa 9342     		cmp	r3, r2
 1609 05fc 4BD1     		bne	.L133
 862:../../Drivers/STM32H7xx_HAL_Driver/Src/stm32h7xx_hal_rcc.c ****           (READ_BIT(temp2_pllckcfg, RCC_PLL1DIVR_N1) != (RCC_OscInitStruct->PLL.PLLN - 1U)) ||
 1610              		.loc 1 862 59 view .LVU531
 1611 05fe C1F30511 		ubfx	r1, r1, #4, #6
 1612              	.LVL122:
 862:../../Drivers/STM32H7xx_HAL_Driver/Src/stm32h7xx_hal_rcc.c ****           (READ_BIT(temp2_pllckcfg, RCC_PLL1DIVR_N1) != (RCC_OscInitStruct->PLL.PLLN - 1U)) ||
 1613              		.loc 1 862 112 view .LVU532
 1614 0602 E36A     		ldr	r3, [r4, #44]
 861:../../Drivers/STM32H7xx_HAL_Driver/Src/stm32h7xx_hal_rcc.c ****           ((READ_BIT(temp1_pllckcfg, RCC_PLLCKSELR_DIVM1) >> RCC_PLLCKSELR_DIVM1_Pos) != RCC_OscIni
 1615              		.loc 1 861 96 view .LVU533
 1616 0604 9942     		cmp	r1, r3
 1617 0606 48D1     		bne	.L134
 863:../../Drivers/STM32H7xx_HAL_Driver/Src/stm32h7xx_hal_rcc.c ****           ((READ_BIT(temp2_pllckcfg, RCC_PLL1DIVR_P1) >> RCC_PLL1DIVR_P1_Pos) != (RCC_OscInitStruct
 1618              		.loc 1 863 12 view .LVU534
 1619 0608 C0F30802 		ubfx	r2, r0, #0, #9
 863:../../Drivers/STM32H7xx_HAL_Driver/Src/stm32h7xx_hal_rcc.c ****           ((READ_BIT(temp2_pllckcfg, RCC_PLL1DIVR_P1) >> RCC_PLL1DIVR_P1_Pos) != (RCC_OscInitStruct
 1620              		.loc 1 863 80 view .LVU535
 1621 060c 236B     		ldr	r3, [r4, #48]
 863:../../Drivers/STM32H7xx_HAL_Driver/Src/stm32h7xx_hal_rcc.c ****           ((READ_BIT(temp2_pllckcfg, RCC_PLL1DIVR_P1) >> RCC_PLL1DIVR_P1_Pos) != (RCC_OscInitStruct
 1622              		.loc 1 863 86 view .LVU536
 1623 060e 013B     		subs	r3, r3, #1
 862:../../Drivers/STM32H7xx_HAL_Driver/Src/stm32h7xx_hal_rcc.c ****           (READ_BIT(temp2_pllckcfg, RCC_PLL1DIVR_N1) != (RCC_OscInitStruct->PLL.PLLN - 1U)) ||
 1624              		.loc 1 862 119 view .LVU537
 1625 0610 9A42     		cmp	r2, r3
 1626 0612 44D1     		bne	.L135
 864:../../Drivers/STM32H7xx_HAL_Driver/Src/stm32h7xx_hal_rcc.c ****           ((READ_BIT(temp2_pllckcfg, RCC_PLL1DIVR_Q1) >> RCC_PLL1DIVR_Q1_Pos) != (RCC_OscInitStruct
 1627              		.loc 1 864 55 view .LVU538
 1628 0614 C0F34622 		ubfx	r2, r0, #9, #7
 864:../../Drivers/STM32H7xx_HAL_Driver/Src/stm32h7xx_hal_rcc.c ****           ((READ_BIT(temp2_pllckcfg, RCC_PLL1DIVR_Q1) >> RCC_PLL1DIVR_Q1_Pos) != (RCC_OscInitStruct
 1629              		.loc 1 864 105 view .LVU539
 1630 0618 636B     		ldr	r3, [r4, #52]
 864:../../Drivers/STM32H7xx_HAL_Driver/Src/stm32h7xx_hal_rcc.c ****           ((READ_BIT(temp2_pllckcfg, RCC_PLL1DIVR_Q1) >> RCC_PLL1DIVR_Q1_Pos) != (RCC_OscInitStruct
 1631              		.loc 1 864 111 view .LVU540
 1632 061a 013B     		subs	r3, r3, #1
 863:../../Drivers/STM32H7xx_HAL_Driver/Src/stm32h7xx_hal_rcc.c ****           ((READ_BIT(temp2_pllckcfg, RCC_PLL1DIVR_P1) >> RCC_PLL1DIVR_P1_Pos) != (RCC_OscInitStruct
 1633              		.loc 1 863 93 view .LVU541
 1634 061c 9A42     		cmp	r2, r3
 1635 061e 40D1     		bne	.L136
 865:../../Drivers/STM32H7xx_HAL_Driver/Src/stm32h7xx_hal_rcc.c ****           ((READ_BIT(temp2_pllckcfg, RCC_PLL1DIVR_R1) >> RCC_PLL1DIVR_R1_Pos) != (RCC_OscInitStruct
 1636              		.loc 1 865 55 view .LVU542
 1637 0620 C0F30642 		ubfx	r2, r0, #16, #7
 865:../../Drivers/STM32H7xx_HAL_Driver/Src/stm32h7xx_hal_rcc.c ****           ((READ_BIT(temp2_pllckcfg, RCC_PLL1DIVR_R1) >> RCC_PLL1DIVR_R1_Pos) != (RCC_OscInitStruct
 1638              		.loc 1 865 105 view .LVU543
 1639 0624 A36B     		ldr	r3, [r4, #56]
 865:../../Drivers/STM32H7xx_HAL_Driver/Src/stm32h7xx_hal_rcc.c ****           ((READ_BIT(temp2_pllckcfg, RCC_PLL1DIVR_R1) >> RCC_PLL1DIVR_R1_Pos) != (RCC_OscInitStruct
 1640              		.loc 1 865 111 view .LVU544
 1641 0626 013B     		subs	r3, r3, #1
 864:../../Drivers/STM32H7xx_HAL_Driver/Src/stm32h7xx_hal_rcc.c ****           ((READ_BIT(temp2_pllckcfg, RCC_PLL1DIVR_Q1) >> RCC_PLL1DIVR_Q1_Pos) != (RCC_OscInitStruct
 1642              		.loc 1 864 118 view .LVU545
 1643 0628 9A42     		cmp	r2, r3
 1644 062a 3CD1     		bne	.L137
 866:../../Drivers/STM32H7xx_HAL_Driver/Src/stm32h7xx_hal_rcc.c ****       {
 1645              		.loc 1 866 55 view .LVU546
ARM GAS  /var/folders/2r/mdtt8xvd351gdc398t28_m2m0000gn/T//ccT8wITP.s 			page 50


 1646 062c C0F30660 		ubfx	r0, r0, #24, #7
 1647              	.LVL123:
 866:../../Drivers/STM32H7xx_HAL_Driver/Src/stm32h7xx_hal_rcc.c ****       {
 1648              		.loc 1 866 105 view .LVU547
 1649 0630 E36B     		ldr	r3, [r4, #60]
 866:../../Drivers/STM32H7xx_HAL_Driver/Src/stm32h7xx_hal_rcc.c ****       {
 1650              		.loc 1 866 111 view .LVU548
 1651 0632 013B     		subs	r3, r3, #1
 865:../../Drivers/STM32H7xx_HAL_Driver/Src/stm32h7xx_hal_rcc.c ****           ((READ_BIT(temp2_pllckcfg, RCC_PLL1DIVR_R1) >> RCC_PLL1DIVR_R1_Pos) != (RCC_OscInitStruct
 1652              		.loc 1 865 118 view .LVU549
 1653 0634 9842     		cmp	r0, r3
 1654 0636 38D1     		bne	.L138
 873:../../Drivers/STM32H7xx_HAL_Driver/Src/stm32h7xx_hal_rcc.c ****         if (RCC_OscInitStruct->PLL.PLLFRACN != temp1_pllckcfg)
 1655              		.loc 1 873 9 is_stmt 1 view .LVU550
 873:../../Drivers/STM32H7xx_HAL_Driver/Src/stm32h7xx_hal_rcc.c ****         if (RCC_OscInitStruct->PLL.PLLFRACN != temp1_pllckcfg)
 1656              		.loc 1 873 31 is_stmt 0 view .LVU551
 1657 0638 1D4B     		ldr	r3, .L170
 1658 063a 5B6B     		ldr	r3, [r3, #52]
 873:../../Drivers/STM32H7xx_HAL_Driver/Src/stm32h7xx_hal_rcc.c ****         if (RCC_OscInitStruct->PLL.PLLFRACN != temp1_pllckcfg)
 1659              		.loc 1 873 24 view .LVU552
 1660 063c C3F3CC03 		ubfx	r3, r3, #3, #13
 1661              	.LVL124:
 874:../../Drivers/STM32H7xx_HAL_Driver/Src/stm32h7xx_hal_rcc.c ****         {
 1662              		.loc 1 874 9 is_stmt 1 view .LVU553
 874:../../Drivers/STM32H7xx_HAL_Driver/Src/stm32h7xx_hal_rcc.c ****         {
 1663              		.loc 1 874 35 is_stmt 0 view .LVU554
 1664 0640 A26C     		ldr	r2, [r4, #72]
 874:../../Drivers/STM32H7xx_HAL_Driver/Src/stm32h7xx_hal_rcc.c ****         {
 1665              		.loc 1 874 12 view .LVU555
 1666 0642 9A42     		cmp	r2, r3
 1667 0644 01D1     		bne	.L165
 1668              		.loc 1 893 10 view .LVU556
 1669 0646 0020     		movs	r0, #0
 1670 0648 22E0     		b	.L36
 1671              	.L165:
 876:../../Drivers/STM32H7xx_HAL_Driver/Src/stm32h7xx_hal_rcc.c ****           /* Disable PLL1FRACEN */
 1672              		.loc 1 876 11 is_stmt 1 view .LVU557
 878:../../Drivers/STM32H7xx_HAL_Driver/Src/stm32h7xx_hal_rcc.c ****           /* Get Start Tick*/
 1673              		.loc 1 878 11 view .LVU558
 1674 064a 194A     		ldr	r2, .L170
 1675 064c D36A     		ldr	r3, [r2, #44]
 1676              	.LVL125:
 878:../../Drivers/STM32H7xx_HAL_Driver/Src/stm32h7xx_hal_rcc.c ****           /* Get Start Tick*/
 1677              		.loc 1 878 11 is_stmt 0 view .LVU559
 1678 064e 23F00103 		bic	r3, r3, #1
 1679 0652 D362     		str	r3, [r2, #44]
 880:../../Drivers/STM32H7xx_HAL_Driver/Src/stm32h7xx_hal_rcc.c ****           /* Wait at least 2 CK_REF (PLL input source divided by M) period to make sure next latche
 1680              		.loc 1 880 11 is_stmt 1 view .LVU560
 880:../../Drivers/STM32H7xx_HAL_Driver/Src/stm32h7xx_hal_rcc.c ****           /* Wait at least 2 CK_REF (PLL input source divided by M) period to make sure next latche
 1681              		.loc 1 880 23 is_stmt 0 view .LVU561
 1682 0654 FFF7FEFF 		bl	HAL_GetTick
 1683              	.LVL126:
 1684 0658 0546     		mov	r5, r0
 1685              	.LVL127:
 882:../../Drivers/STM32H7xx_HAL_Driver/Src/stm32h7xx_hal_rcc.c ****           {
 1686              		.loc 1 882 11 is_stmt 1 view .LVU562
 1687              	.L109:
ARM GAS  /var/folders/2r/mdtt8xvd351gdc398t28_m2m0000gn/T//ccT8wITP.s 			page 51


 884:../../Drivers/STM32H7xx_HAL_Driver/Src/stm32h7xx_hal_rcc.c ****           /* Configure PLL1 PLL1FRACN */
 1688              		.loc 1 884 11 view .LVU563
 882:../../Drivers/STM32H7xx_HAL_Driver/Src/stm32h7xx_hal_rcc.c ****           {
 1689              		.loc 1 882 46 discriminator 2 view .LVU564
 882:../../Drivers/STM32H7xx_HAL_Driver/Src/stm32h7xx_hal_rcc.c ****           {
 1690              		.loc 1 882 19 is_stmt 0 discriminator 2 view .LVU565
 1691 065a FFF7FEFF 		bl	HAL_GetTick
 1692              	.LVL128:
 882:../../Drivers/STM32H7xx_HAL_Driver/Src/stm32h7xx_hal_rcc.c ****           {
 1693              		.loc 1 882 46 discriminator 2 view .LVU566
 1694 065e A842     		cmp	r0, r5
 1695 0660 FBD0     		beq	.L109
 886:../../Drivers/STM32H7xx_HAL_Driver/Src/stm32h7xx_hal_rcc.c ****           /* Enable PLL1FRACEN to latch new value. */
 1696              		.loc 1 886 11 is_stmt 1 view .LVU567
 1697 0662 134A     		ldr	r2, .L170
 1698 0664 536B     		ldr	r3, [r2, #52]
 1699 0666 6FF3CF03 		bfc	r3, #3, #13
 1700 066a A16C     		ldr	r1, [r4, #72]
 1701 066c 43EAC103 		orr	r3, r3, r1, lsl #3
 1702 0670 5363     		str	r3, [r2, #52]
 888:../../Drivers/STM32H7xx_HAL_Driver/Src/stm32h7xx_hal_rcc.c ****         }
 1703              		.loc 1 888 11 view .LVU568
 1704 0672 D36A     		ldr	r3, [r2, #44]
 1705 0674 43F00103 		orr	r3, r3, #1
 1706 0678 D362     		str	r3, [r2, #44]
 1707              		.loc 1 893 10 is_stmt 0 view .LVU569
 1708 067a 0020     		movs	r0, #0
 1709 067c 08E0     		b	.L36
 1710              	.LVL129:
 1711              	.L110:
 1712              	.LCFI2:
 1713              		.cfi_def_cfa_offset 0
 1714              		.cfi_restore 3
 1715              		.cfi_restore 4
 1716              		.cfi_restore 5
 1717              		.cfi_restore 14
 413:../../Drivers/STM32H7xx_HAL_Driver/Src/stm32h7xx_hal_rcc.c ****   }
 1718              		.loc 1 413 12 view .LVU570
 1719 067e 0120     		movs	r0, #1
 1720              	.LVL130:
 894:../../Drivers/STM32H7xx_HAL_Driver/Src/stm32h7xx_hal_rcc.c **** }
 1721              		.loc 1 894 1 view .LVU571
 1722 0680 7047     		bx	lr
 1723              	.LVL131:
 1724              	.L146:
 1725              	.LCFI3:
 1726              		.cfi_def_cfa_offset 16
 1727              		.cfi_offset 3, -16
 1728              		.cfi_offset 4, -12
 1729              		.cfi_offset 5, -8
 1730              		.cfi_offset 14, -4
 1731              	.LBB10:
 431:../../Drivers/STM32H7xx_HAL_Driver/Src/stm32h7xx_hal_rcc.c ****       }
 1732              		.loc 1 431 16 view .LVU572
 1733 0682 0120     		movs	r0, #1
 1734              	.LVL132:
 431:../../Drivers/STM32H7xx_HAL_Driver/Src/stm32h7xx_hal_rcc.c ****       }
ARM GAS  /var/folders/2r/mdtt8xvd351gdc398t28_m2m0000gn/T//ccT8wITP.s 			page 52


 1735              		.loc 1 431 16 view .LVU573
 1736 0684 04E0     		b	.L36
 1737              	.LVL133:
 1738              	.L114:
 431:../../Drivers/STM32H7xx_HAL_Driver/Src/stm32h7xx_hal_rcc.c ****       }
 1739              		.loc 1 431 16 view .LVU574
 1740              	.LBE10:
 1741              	.LBB11:
 485:../../Drivers/STM32H7xx_HAL_Driver/Src/stm32h7xx_hal_rcc.c ****       }
 1742              		.loc 1 485 16 view .LVU575
 1743 0686 0120     		movs	r0, #1
 1744 0688 02E0     		b	.L36
 1745              	.LVL134:
 1746              	.L118:
 485:../../Drivers/STM32H7xx_HAL_Driver/Src/stm32h7xx_hal_rcc.c ****       }
 1747              		.loc 1 485 16 view .LVU576
 1748              	.LBE11:
 1749              	.LBB12:
 566:../../Drivers/STM32H7xx_HAL_Driver/Src/stm32h7xx_hal_rcc.c ****       }
 1750              		.loc 1 566 16 view .LVU577
 1751 068a 0120     		movs	r0, #1
 1752 068c 00E0     		b	.L36
 1753              	.LVL135:
 1754              	.L128:
 566:../../Drivers/STM32H7xx_HAL_Driver/Src/stm32h7xx_hal_rcc.c ****       }
 1755              		.loc 1 566 16 view .LVU578
 1756              	.LBE12:
 893:../../Drivers/STM32H7xx_HAL_Driver/Src/stm32h7xx_hal_rcc.c **** }
 1757              		.loc 1 893 10 view .LVU579
 1758 068e 1846     		mov	r0, r3
 1759              	.LVL136:
 1760              	.L36:
 1761              		.loc 1 894 1 view .LVU580
 1762 0690 38BD     		pop	{r3, r4, r5, pc}
 1763              	.LVL137:
 1764              	.L132:
 868:../../Drivers/STM32H7xx_HAL_Driver/Src/stm32h7xx_hal_rcc.c ****       }
 1765              		.loc 1 868 16 view .LVU581
 1766 0692 0120     		movs	r0, #1
 1767              	.LVL138:
 868:../../Drivers/STM32H7xx_HAL_Driver/Src/stm32h7xx_hal_rcc.c ****       }
 1768              		.loc 1 868 16 view .LVU582
 1769 0694 FCE7     		b	.L36
 1770              	.LVL139:
 1771              	.L133:
 868:../../Drivers/STM32H7xx_HAL_Driver/Src/stm32h7xx_hal_rcc.c ****       }
 1772              		.loc 1 868 16 view .LVU583
 1773 0696 0120     		movs	r0, #1
 1774              	.LVL140:
 868:../../Drivers/STM32H7xx_HAL_Driver/Src/stm32h7xx_hal_rcc.c ****       }
 1775              		.loc 1 868 16 view .LVU584
 1776 0698 FAE7     		b	.L36
 1777              	.LVL141:
 1778              	.L134:
 868:../../Drivers/STM32H7xx_HAL_Driver/Src/stm32h7xx_hal_rcc.c ****       }
 1779              		.loc 1 868 16 view .LVU585
 1780 069a 0120     		movs	r0, #1
ARM GAS  /var/folders/2r/mdtt8xvd351gdc398t28_m2m0000gn/T//ccT8wITP.s 			page 53


 1781              	.LVL142:
 868:../../Drivers/STM32H7xx_HAL_Driver/Src/stm32h7xx_hal_rcc.c ****       }
 1782              		.loc 1 868 16 view .LVU586
 1783 069c F8E7     		b	.L36
 1784              	.LVL143:
 1785              	.L135:
 868:../../Drivers/STM32H7xx_HAL_Driver/Src/stm32h7xx_hal_rcc.c ****       }
 1786              		.loc 1 868 16 view .LVU587
 1787 069e 0120     		movs	r0, #1
 1788              	.LVL144:
 868:../../Drivers/STM32H7xx_HAL_Driver/Src/stm32h7xx_hal_rcc.c ****       }
 1789              		.loc 1 868 16 view .LVU588
 1790 06a0 F6E7     		b	.L36
 1791              	.LVL145:
 1792              	.L136:
 868:../../Drivers/STM32H7xx_HAL_Driver/Src/stm32h7xx_hal_rcc.c ****       }
 1793              		.loc 1 868 16 view .LVU589
 1794 06a2 0120     		movs	r0, #1
 1795              	.LVL146:
 868:../../Drivers/STM32H7xx_HAL_Driver/Src/stm32h7xx_hal_rcc.c ****       }
 1796              		.loc 1 868 16 view .LVU590
 1797 06a4 F4E7     		b	.L36
 1798              	.LVL147:
 1799              	.L137:
 868:../../Drivers/STM32H7xx_HAL_Driver/Src/stm32h7xx_hal_rcc.c ****       }
 1800              		.loc 1 868 16 view .LVU591
 1801 06a6 0120     		movs	r0, #1
 1802              	.LVL148:
 868:../../Drivers/STM32H7xx_HAL_Driver/Src/stm32h7xx_hal_rcc.c ****       }
 1803              		.loc 1 868 16 view .LVU592
 1804 06a8 F2E7     		b	.L36
 1805              	.L138:
 1806 06aa 0120     		movs	r0, #1
 1807 06ac F0E7     		b	.L36
 1808              	.L171:
 1809 06ae 00BF     		.align	2
 1810              	.L170:
 1811 06b0 00440258 		.word	1476543488
 1812              		.cfi_endproc
 1813              	.LFE133:
 1815              		.section	.text.HAL_RCC_MCOConfig,"ax",%progbits
 1816              		.align	1
 1817              		.global	HAL_RCC_MCOConfig
 1818              		.syntax unified
 1819              		.thumb
 1820              		.thumb_func
 1822              	HAL_RCC_MCOConfig:
 1823              	.LVL149:
 1824              	.LFB135:
 895:../../Drivers/STM32H7xx_HAL_Driver/Src/stm32h7xx_hal_rcc.c **** 
 896:../../Drivers/STM32H7xx_HAL_Driver/Src/stm32h7xx_hal_rcc.c **** /**
 897:../../Drivers/STM32H7xx_HAL_Driver/Src/stm32h7xx_hal_rcc.c ****   * @brief  Initializes the CPU, AHB and APB buses clocks according to the specified
 898:../../Drivers/STM32H7xx_HAL_Driver/Src/stm32h7xx_hal_rcc.c ****   *         parameters in the RCC_ClkInitStruct.
 899:../../Drivers/STM32H7xx_HAL_Driver/Src/stm32h7xx_hal_rcc.c ****   * @param  RCC_ClkInitStruct: pointer to an RCC_OscInitTypeDef structure that
 900:../../Drivers/STM32H7xx_HAL_Driver/Src/stm32h7xx_hal_rcc.c ****   *         contains the configuration information for the RCC peripheral.
 901:../../Drivers/STM32H7xx_HAL_Driver/Src/stm32h7xx_hal_rcc.c ****   * @param  FLatency: FLASH Latency, this parameter depend on device selected
 902:../../Drivers/STM32H7xx_HAL_Driver/Src/stm32h7xx_hal_rcc.c ****   *
ARM GAS  /var/folders/2r/mdtt8xvd351gdc398t28_m2m0000gn/T//ccT8wITP.s 			page 54


 903:../../Drivers/STM32H7xx_HAL_Driver/Src/stm32h7xx_hal_rcc.c ****   * @note   The SystemCoreClock CMSIS variable is used to store System Core Clock Frequency
 904:../../Drivers/STM32H7xx_HAL_Driver/Src/stm32h7xx_hal_rcc.c ****   *         and updated by HAL_InitTick() function called within this function
 905:../../Drivers/STM32H7xx_HAL_Driver/Src/stm32h7xx_hal_rcc.c ****   *
 906:../../Drivers/STM32H7xx_HAL_Driver/Src/stm32h7xx_hal_rcc.c ****   * @note   The HSI is used (enabled by hardware) as system clock source after
 907:../../Drivers/STM32H7xx_HAL_Driver/Src/stm32h7xx_hal_rcc.c ****   *         start-up from Reset, wake-up from STOP and STANDBY mode, or in case
 908:../../Drivers/STM32H7xx_HAL_Driver/Src/stm32h7xx_hal_rcc.c ****   *         of failure of the HSE used directly or indirectly as system clock
 909:../../Drivers/STM32H7xx_HAL_Driver/Src/stm32h7xx_hal_rcc.c ****   *         (if the Clock Security System CSS is enabled).
 910:../../Drivers/STM32H7xx_HAL_Driver/Src/stm32h7xx_hal_rcc.c ****   *
 911:../../Drivers/STM32H7xx_HAL_Driver/Src/stm32h7xx_hal_rcc.c ****   * @note   A switch from one clock source to another occurs only if the target
 912:../../Drivers/STM32H7xx_HAL_Driver/Src/stm32h7xx_hal_rcc.c ****   *         clock source is ready (clock stable after start-up delay or PLL locked).
 913:../../Drivers/STM32H7xx_HAL_Driver/Src/stm32h7xx_hal_rcc.c ****   *         If a clock source which is not yet ready is selected, the switch will
 914:../../Drivers/STM32H7xx_HAL_Driver/Src/stm32h7xx_hal_rcc.c ****   *         occur when the clock source will be ready.
 915:../../Drivers/STM32H7xx_HAL_Driver/Src/stm32h7xx_hal_rcc.c ****   *         You can use HAL_RCC_GetClockConfig() function to know which clock is
 916:../../Drivers/STM32H7xx_HAL_Driver/Src/stm32h7xx_hal_rcc.c ****   *         currently used as system clock source.
 917:../../Drivers/STM32H7xx_HAL_Driver/Src/stm32h7xx_hal_rcc.c ****   * @note   Depending on the device voltage range, the software has to set correctly
 918:../../Drivers/STM32H7xx_HAL_Driver/Src/stm32h7xx_hal_rcc.c ****   *         D1CPRE[3:0] bits to ensure that  Domain1 core clock not exceed the maximum allowed freq
 919:../../Drivers/STM32H7xx_HAL_Driver/Src/stm32h7xx_hal_rcc.c ****   *         (for more details refer to section above "Initialization/de-initialization functions")
 920:../../Drivers/STM32H7xx_HAL_Driver/Src/stm32h7xx_hal_rcc.c ****   * @retval None
 921:../../Drivers/STM32H7xx_HAL_Driver/Src/stm32h7xx_hal_rcc.c ****   */
 922:../../Drivers/STM32H7xx_HAL_Driver/Src/stm32h7xx_hal_rcc.c **** HAL_StatusTypeDef HAL_RCC_ClockConfig(const RCC_ClkInitTypeDef  *RCC_ClkInitStruct, uint32_t FLaten
 923:../../Drivers/STM32H7xx_HAL_Driver/Src/stm32h7xx_hal_rcc.c **** {
 924:../../Drivers/STM32H7xx_HAL_Driver/Src/stm32h7xx_hal_rcc.c ****   HAL_StatusTypeDef halstatus;
 925:../../Drivers/STM32H7xx_HAL_Driver/Src/stm32h7xx_hal_rcc.c ****   uint32_t tickstart;
 926:../../Drivers/STM32H7xx_HAL_Driver/Src/stm32h7xx_hal_rcc.c ****   uint32_t common_system_clock;
 927:../../Drivers/STM32H7xx_HAL_Driver/Src/stm32h7xx_hal_rcc.c **** 
 928:../../Drivers/STM32H7xx_HAL_Driver/Src/stm32h7xx_hal_rcc.c ****   /* Check Null pointer */
 929:../../Drivers/STM32H7xx_HAL_Driver/Src/stm32h7xx_hal_rcc.c ****   if (RCC_ClkInitStruct == NULL)
 930:../../Drivers/STM32H7xx_HAL_Driver/Src/stm32h7xx_hal_rcc.c ****   {
 931:../../Drivers/STM32H7xx_HAL_Driver/Src/stm32h7xx_hal_rcc.c ****     return HAL_ERROR;
 932:../../Drivers/STM32H7xx_HAL_Driver/Src/stm32h7xx_hal_rcc.c ****   }
 933:../../Drivers/STM32H7xx_HAL_Driver/Src/stm32h7xx_hal_rcc.c **** 
 934:../../Drivers/STM32H7xx_HAL_Driver/Src/stm32h7xx_hal_rcc.c ****   /* Check the parameters */
 935:../../Drivers/STM32H7xx_HAL_Driver/Src/stm32h7xx_hal_rcc.c ****   assert_param(IS_RCC_CLOCKTYPE(RCC_ClkInitStruct->ClockType));
 936:../../Drivers/STM32H7xx_HAL_Driver/Src/stm32h7xx_hal_rcc.c ****   assert_param(IS_FLASH_LATENCY(FLatency));
 937:../../Drivers/STM32H7xx_HAL_Driver/Src/stm32h7xx_hal_rcc.c **** 
 938:../../Drivers/STM32H7xx_HAL_Driver/Src/stm32h7xx_hal_rcc.c ****   /* To correctly read data from FLASH memory, the number of wait states (LATENCY)
 939:../../Drivers/STM32H7xx_HAL_Driver/Src/stm32h7xx_hal_rcc.c ****     must be correctly programmed according to the frequency of the CPU clock
 940:../../Drivers/STM32H7xx_HAL_Driver/Src/stm32h7xx_hal_rcc.c ****     (HCLK) and the supply voltage of the device. */
 941:../../Drivers/STM32H7xx_HAL_Driver/Src/stm32h7xx_hal_rcc.c **** 
 942:../../Drivers/STM32H7xx_HAL_Driver/Src/stm32h7xx_hal_rcc.c ****   /* Increasing the CPU frequency */
 943:../../Drivers/STM32H7xx_HAL_Driver/Src/stm32h7xx_hal_rcc.c ****   if (FLatency > __HAL_FLASH_GET_LATENCY())
 944:../../Drivers/STM32H7xx_HAL_Driver/Src/stm32h7xx_hal_rcc.c ****   {
 945:../../Drivers/STM32H7xx_HAL_Driver/Src/stm32h7xx_hal_rcc.c ****     /* Program the new number of wait states to the LATENCY bits in the FLASH_ACR register */
 946:../../Drivers/STM32H7xx_HAL_Driver/Src/stm32h7xx_hal_rcc.c ****     __HAL_FLASH_SET_LATENCY(FLatency);
 947:../../Drivers/STM32H7xx_HAL_Driver/Src/stm32h7xx_hal_rcc.c **** 
 948:../../Drivers/STM32H7xx_HAL_Driver/Src/stm32h7xx_hal_rcc.c ****     /* Check that the new number of wait states is taken into account to access the Flash
 949:../../Drivers/STM32H7xx_HAL_Driver/Src/stm32h7xx_hal_rcc.c ****     memory by reading the FLASH_ACR register */
 950:../../Drivers/STM32H7xx_HAL_Driver/Src/stm32h7xx_hal_rcc.c ****     if (__HAL_FLASH_GET_LATENCY() != FLatency)
 951:../../Drivers/STM32H7xx_HAL_Driver/Src/stm32h7xx_hal_rcc.c ****     {
 952:../../Drivers/STM32H7xx_HAL_Driver/Src/stm32h7xx_hal_rcc.c ****       return HAL_ERROR;
 953:../../Drivers/STM32H7xx_HAL_Driver/Src/stm32h7xx_hal_rcc.c ****     }
 954:../../Drivers/STM32H7xx_HAL_Driver/Src/stm32h7xx_hal_rcc.c **** 
 955:../../Drivers/STM32H7xx_HAL_Driver/Src/stm32h7xx_hal_rcc.c ****   }
 956:../../Drivers/STM32H7xx_HAL_Driver/Src/stm32h7xx_hal_rcc.c **** 
 957:../../Drivers/STM32H7xx_HAL_Driver/Src/stm32h7xx_hal_rcc.c ****   /* Increasing the BUS frequency divider */
 958:../../Drivers/STM32H7xx_HAL_Driver/Src/stm32h7xx_hal_rcc.c ****   /*-------------------------- D1PCLK1/CDPCLK1 Configuration ---------------------------*/
 959:../../Drivers/STM32H7xx_HAL_Driver/Src/stm32h7xx_hal_rcc.c ****   if (((RCC_ClkInitStruct->ClockType) & RCC_CLOCKTYPE_D1PCLK1) == RCC_CLOCKTYPE_D1PCLK1)
ARM GAS  /var/folders/2r/mdtt8xvd351gdc398t28_m2m0000gn/T//ccT8wITP.s 			page 55


 960:../../Drivers/STM32H7xx_HAL_Driver/Src/stm32h7xx_hal_rcc.c ****   {
 961:../../Drivers/STM32H7xx_HAL_Driver/Src/stm32h7xx_hal_rcc.c **** #if defined (RCC_D1CFGR_D1PPRE)
 962:../../Drivers/STM32H7xx_HAL_Driver/Src/stm32h7xx_hal_rcc.c ****     if ((RCC_ClkInitStruct->APB3CLKDivider) > (RCC->D1CFGR & RCC_D1CFGR_D1PPRE))
 963:../../Drivers/STM32H7xx_HAL_Driver/Src/stm32h7xx_hal_rcc.c ****     {
 964:../../Drivers/STM32H7xx_HAL_Driver/Src/stm32h7xx_hal_rcc.c ****       assert_param(IS_RCC_D1PCLK1(RCC_ClkInitStruct->APB3CLKDivider));
 965:../../Drivers/STM32H7xx_HAL_Driver/Src/stm32h7xx_hal_rcc.c ****       MODIFY_REG(RCC->D1CFGR, RCC_D1CFGR_D1PPRE, RCC_ClkInitStruct->APB3CLKDivider);
 966:../../Drivers/STM32H7xx_HAL_Driver/Src/stm32h7xx_hal_rcc.c ****     }
 967:../../Drivers/STM32H7xx_HAL_Driver/Src/stm32h7xx_hal_rcc.c **** #else
 968:../../Drivers/STM32H7xx_HAL_Driver/Src/stm32h7xx_hal_rcc.c ****     if ((RCC_ClkInitStruct->APB3CLKDivider) > (RCC->CDCFGR1 & RCC_CDCFGR1_CDPPRE))
 969:../../Drivers/STM32H7xx_HAL_Driver/Src/stm32h7xx_hal_rcc.c ****     {
 970:../../Drivers/STM32H7xx_HAL_Driver/Src/stm32h7xx_hal_rcc.c ****       assert_param(IS_RCC_CDPCLK1(RCC_ClkInitStruct->APB3CLKDivider));
 971:../../Drivers/STM32H7xx_HAL_Driver/Src/stm32h7xx_hal_rcc.c ****       MODIFY_REG(RCC->CDCFGR1, RCC_CDCFGR1_CDPPRE, RCC_ClkInitStruct->APB3CLKDivider);
 972:../../Drivers/STM32H7xx_HAL_Driver/Src/stm32h7xx_hal_rcc.c ****     }
 973:../../Drivers/STM32H7xx_HAL_Driver/Src/stm32h7xx_hal_rcc.c **** #endif
 974:../../Drivers/STM32H7xx_HAL_Driver/Src/stm32h7xx_hal_rcc.c ****   }
 975:../../Drivers/STM32H7xx_HAL_Driver/Src/stm32h7xx_hal_rcc.c **** 
 976:../../Drivers/STM32H7xx_HAL_Driver/Src/stm32h7xx_hal_rcc.c ****   /*-------------------------- PCLK1 Configuration ---------------------------*/
 977:../../Drivers/STM32H7xx_HAL_Driver/Src/stm32h7xx_hal_rcc.c ****   if (((RCC_ClkInitStruct->ClockType) & RCC_CLOCKTYPE_PCLK1) == RCC_CLOCKTYPE_PCLK1)
 978:../../Drivers/STM32H7xx_HAL_Driver/Src/stm32h7xx_hal_rcc.c ****   {
 979:../../Drivers/STM32H7xx_HAL_Driver/Src/stm32h7xx_hal_rcc.c **** #if defined (RCC_D2CFGR_D2PPRE1)
 980:../../Drivers/STM32H7xx_HAL_Driver/Src/stm32h7xx_hal_rcc.c ****     if ((RCC_ClkInitStruct->APB1CLKDivider) > (RCC->D2CFGR & RCC_D2CFGR_D2PPRE1))
 981:../../Drivers/STM32H7xx_HAL_Driver/Src/stm32h7xx_hal_rcc.c ****     {
 982:../../Drivers/STM32H7xx_HAL_Driver/Src/stm32h7xx_hal_rcc.c ****       assert_param(IS_RCC_PCLK1(RCC_ClkInitStruct->APB1CLKDivider));
 983:../../Drivers/STM32H7xx_HAL_Driver/Src/stm32h7xx_hal_rcc.c ****       MODIFY_REG(RCC->D2CFGR, RCC_D2CFGR_D2PPRE1, (RCC_ClkInitStruct->APB1CLKDivider));
 984:../../Drivers/STM32H7xx_HAL_Driver/Src/stm32h7xx_hal_rcc.c ****     }
 985:../../Drivers/STM32H7xx_HAL_Driver/Src/stm32h7xx_hal_rcc.c **** #else
 986:../../Drivers/STM32H7xx_HAL_Driver/Src/stm32h7xx_hal_rcc.c ****     if ((RCC_ClkInitStruct->APB1CLKDivider) > (RCC->CDCFGR2 & RCC_CDCFGR2_CDPPRE1))
 987:../../Drivers/STM32H7xx_HAL_Driver/Src/stm32h7xx_hal_rcc.c ****     {
 988:../../Drivers/STM32H7xx_HAL_Driver/Src/stm32h7xx_hal_rcc.c ****       assert_param(IS_RCC_PCLK1(RCC_ClkInitStruct->APB1CLKDivider));
 989:../../Drivers/STM32H7xx_HAL_Driver/Src/stm32h7xx_hal_rcc.c ****       MODIFY_REG(RCC->CDCFGR2, RCC_CDCFGR2_CDPPRE1, (RCC_ClkInitStruct->APB1CLKDivider));
 990:../../Drivers/STM32H7xx_HAL_Driver/Src/stm32h7xx_hal_rcc.c ****     }
 991:../../Drivers/STM32H7xx_HAL_Driver/Src/stm32h7xx_hal_rcc.c **** #endif
 992:../../Drivers/STM32H7xx_HAL_Driver/Src/stm32h7xx_hal_rcc.c ****   }
 993:../../Drivers/STM32H7xx_HAL_Driver/Src/stm32h7xx_hal_rcc.c ****   /*-------------------------- PCLK2 Configuration ---------------------------*/
 994:../../Drivers/STM32H7xx_HAL_Driver/Src/stm32h7xx_hal_rcc.c ****   if (((RCC_ClkInitStruct->ClockType) & RCC_CLOCKTYPE_PCLK2) == RCC_CLOCKTYPE_PCLK2)
 995:../../Drivers/STM32H7xx_HAL_Driver/Src/stm32h7xx_hal_rcc.c ****   {
 996:../../Drivers/STM32H7xx_HAL_Driver/Src/stm32h7xx_hal_rcc.c **** #if defined(RCC_D2CFGR_D2PPRE2)
 997:../../Drivers/STM32H7xx_HAL_Driver/Src/stm32h7xx_hal_rcc.c ****     if ((RCC_ClkInitStruct->APB2CLKDivider) > (RCC->D2CFGR & RCC_D2CFGR_D2PPRE2))
 998:../../Drivers/STM32H7xx_HAL_Driver/Src/stm32h7xx_hal_rcc.c ****     {
 999:../../Drivers/STM32H7xx_HAL_Driver/Src/stm32h7xx_hal_rcc.c ****       assert_param(IS_RCC_PCLK2(RCC_ClkInitStruct->APB2CLKDivider));
1000:../../Drivers/STM32H7xx_HAL_Driver/Src/stm32h7xx_hal_rcc.c ****       MODIFY_REG(RCC->D2CFGR, RCC_D2CFGR_D2PPRE2, (RCC_ClkInitStruct->APB2CLKDivider));
1001:../../Drivers/STM32H7xx_HAL_Driver/Src/stm32h7xx_hal_rcc.c ****     }
1002:../../Drivers/STM32H7xx_HAL_Driver/Src/stm32h7xx_hal_rcc.c **** #else
1003:../../Drivers/STM32H7xx_HAL_Driver/Src/stm32h7xx_hal_rcc.c ****     if ((RCC_ClkInitStruct->APB2CLKDivider) > (RCC->CDCFGR2 & RCC_CDCFGR2_CDPPRE2))
1004:../../Drivers/STM32H7xx_HAL_Driver/Src/stm32h7xx_hal_rcc.c ****     {
1005:../../Drivers/STM32H7xx_HAL_Driver/Src/stm32h7xx_hal_rcc.c ****       assert_param(IS_RCC_PCLK2(RCC_ClkInitStruct->APB2CLKDivider));
1006:../../Drivers/STM32H7xx_HAL_Driver/Src/stm32h7xx_hal_rcc.c ****       MODIFY_REG(RCC->CDCFGR2, RCC_CDCFGR2_CDPPRE2, (RCC_ClkInitStruct->APB2CLKDivider));
1007:../../Drivers/STM32H7xx_HAL_Driver/Src/stm32h7xx_hal_rcc.c ****     }
1008:../../Drivers/STM32H7xx_HAL_Driver/Src/stm32h7xx_hal_rcc.c **** #endif
1009:../../Drivers/STM32H7xx_HAL_Driver/Src/stm32h7xx_hal_rcc.c ****   }
1010:../../Drivers/STM32H7xx_HAL_Driver/Src/stm32h7xx_hal_rcc.c **** 
1011:../../Drivers/STM32H7xx_HAL_Driver/Src/stm32h7xx_hal_rcc.c ****   /*-------------------------- D3PCLK1 Configuration ---------------------------*/
1012:../../Drivers/STM32H7xx_HAL_Driver/Src/stm32h7xx_hal_rcc.c ****   if (((RCC_ClkInitStruct->ClockType) & RCC_CLOCKTYPE_D3PCLK1) == RCC_CLOCKTYPE_D3PCLK1)
1013:../../Drivers/STM32H7xx_HAL_Driver/Src/stm32h7xx_hal_rcc.c ****   {
1014:../../Drivers/STM32H7xx_HAL_Driver/Src/stm32h7xx_hal_rcc.c **** #if defined(RCC_D3CFGR_D3PPRE)
1015:../../Drivers/STM32H7xx_HAL_Driver/Src/stm32h7xx_hal_rcc.c ****     if ((RCC_ClkInitStruct->APB4CLKDivider) > (RCC->D3CFGR & RCC_D3CFGR_D3PPRE))
1016:../../Drivers/STM32H7xx_HAL_Driver/Src/stm32h7xx_hal_rcc.c ****     {
ARM GAS  /var/folders/2r/mdtt8xvd351gdc398t28_m2m0000gn/T//ccT8wITP.s 			page 56


1017:../../Drivers/STM32H7xx_HAL_Driver/Src/stm32h7xx_hal_rcc.c ****       assert_param(IS_RCC_D3PCLK1(RCC_ClkInitStruct->APB4CLKDivider));
1018:../../Drivers/STM32H7xx_HAL_Driver/Src/stm32h7xx_hal_rcc.c ****       MODIFY_REG(RCC->D3CFGR, RCC_D3CFGR_D3PPRE, (RCC_ClkInitStruct->APB4CLKDivider));
1019:../../Drivers/STM32H7xx_HAL_Driver/Src/stm32h7xx_hal_rcc.c ****     }
1020:../../Drivers/STM32H7xx_HAL_Driver/Src/stm32h7xx_hal_rcc.c **** #else
1021:../../Drivers/STM32H7xx_HAL_Driver/Src/stm32h7xx_hal_rcc.c ****     if ((RCC_ClkInitStruct->APB4CLKDivider) > (RCC->SRDCFGR & RCC_SRDCFGR_SRDPPRE))
1022:../../Drivers/STM32H7xx_HAL_Driver/Src/stm32h7xx_hal_rcc.c ****     {
1023:../../Drivers/STM32H7xx_HAL_Driver/Src/stm32h7xx_hal_rcc.c ****       assert_param(IS_RCC_D3PCLK1(RCC_ClkInitStruct->APB4CLKDivider));
1024:../../Drivers/STM32H7xx_HAL_Driver/Src/stm32h7xx_hal_rcc.c ****       MODIFY_REG(RCC->SRDCFGR, RCC_SRDCFGR_SRDPPRE, (RCC_ClkInitStruct->APB4CLKDivider));
1025:../../Drivers/STM32H7xx_HAL_Driver/Src/stm32h7xx_hal_rcc.c ****     }
1026:../../Drivers/STM32H7xx_HAL_Driver/Src/stm32h7xx_hal_rcc.c **** #endif
1027:../../Drivers/STM32H7xx_HAL_Driver/Src/stm32h7xx_hal_rcc.c ****   }
1028:../../Drivers/STM32H7xx_HAL_Driver/Src/stm32h7xx_hal_rcc.c **** 
1029:../../Drivers/STM32H7xx_HAL_Driver/Src/stm32h7xx_hal_rcc.c ****   /*-------------------------- HCLK Configuration --------------------------*/
1030:../../Drivers/STM32H7xx_HAL_Driver/Src/stm32h7xx_hal_rcc.c ****   if (((RCC_ClkInitStruct->ClockType) & RCC_CLOCKTYPE_HCLK) == RCC_CLOCKTYPE_HCLK)
1031:../../Drivers/STM32H7xx_HAL_Driver/Src/stm32h7xx_hal_rcc.c ****   {
1032:../../Drivers/STM32H7xx_HAL_Driver/Src/stm32h7xx_hal_rcc.c **** #if defined (RCC_D1CFGR_HPRE)
1033:../../Drivers/STM32H7xx_HAL_Driver/Src/stm32h7xx_hal_rcc.c ****     if ((RCC_ClkInitStruct->AHBCLKDivider) > (RCC->D1CFGR & RCC_D1CFGR_HPRE))
1034:../../Drivers/STM32H7xx_HAL_Driver/Src/stm32h7xx_hal_rcc.c ****     {
1035:../../Drivers/STM32H7xx_HAL_Driver/Src/stm32h7xx_hal_rcc.c ****       /* Set the new HCLK clock divider */
1036:../../Drivers/STM32H7xx_HAL_Driver/Src/stm32h7xx_hal_rcc.c ****       assert_param(IS_RCC_HCLK(RCC_ClkInitStruct->AHBCLKDivider));
1037:../../Drivers/STM32H7xx_HAL_Driver/Src/stm32h7xx_hal_rcc.c ****       MODIFY_REG(RCC->D1CFGR, RCC_D1CFGR_HPRE, RCC_ClkInitStruct->AHBCLKDivider);
1038:../../Drivers/STM32H7xx_HAL_Driver/Src/stm32h7xx_hal_rcc.c ****     }
1039:../../Drivers/STM32H7xx_HAL_Driver/Src/stm32h7xx_hal_rcc.c **** #else
1040:../../Drivers/STM32H7xx_HAL_Driver/Src/stm32h7xx_hal_rcc.c ****     if ((RCC_ClkInitStruct->AHBCLKDivider) > (RCC->CDCFGR1 & RCC_CDCFGR1_HPRE))
1041:../../Drivers/STM32H7xx_HAL_Driver/Src/stm32h7xx_hal_rcc.c ****     {
1042:../../Drivers/STM32H7xx_HAL_Driver/Src/stm32h7xx_hal_rcc.c ****       /* Set the new HCLK clock divider */
1043:../../Drivers/STM32H7xx_HAL_Driver/Src/stm32h7xx_hal_rcc.c ****       assert_param(IS_RCC_HCLK(RCC_ClkInitStruct->AHBCLKDivider));
1044:../../Drivers/STM32H7xx_HAL_Driver/Src/stm32h7xx_hal_rcc.c ****       MODIFY_REG(RCC->CDCFGR1, RCC_CDCFGR1_HPRE, RCC_ClkInitStruct->AHBCLKDivider);
1045:../../Drivers/STM32H7xx_HAL_Driver/Src/stm32h7xx_hal_rcc.c ****     }
1046:../../Drivers/STM32H7xx_HAL_Driver/Src/stm32h7xx_hal_rcc.c **** #endif
1047:../../Drivers/STM32H7xx_HAL_Driver/Src/stm32h7xx_hal_rcc.c ****   }
1048:../../Drivers/STM32H7xx_HAL_Driver/Src/stm32h7xx_hal_rcc.c **** 
1049:../../Drivers/STM32H7xx_HAL_Driver/Src/stm32h7xx_hal_rcc.c ****   /*------------------------- SYSCLK Configuration -------------------------*/
1050:../../Drivers/STM32H7xx_HAL_Driver/Src/stm32h7xx_hal_rcc.c ****   if (((RCC_ClkInitStruct->ClockType) & RCC_CLOCKTYPE_SYSCLK) == RCC_CLOCKTYPE_SYSCLK)
1051:../../Drivers/STM32H7xx_HAL_Driver/Src/stm32h7xx_hal_rcc.c ****   {
1052:../../Drivers/STM32H7xx_HAL_Driver/Src/stm32h7xx_hal_rcc.c ****     assert_param(IS_RCC_SYSCLK(RCC_ClkInitStruct->SYSCLKDivider));
1053:../../Drivers/STM32H7xx_HAL_Driver/Src/stm32h7xx_hal_rcc.c ****     assert_param(IS_RCC_SYSCLKSOURCE(RCC_ClkInitStruct->SYSCLKSource));
1054:../../Drivers/STM32H7xx_HAL_Driver/Src/stm32h7xx_hal_rcc.c **** #if defined(RCC_D1CFGR_D1CPRE)
1055:../../Drivers/STM32H7xx_HAL_Driver/Src/stm32h7xx_hal_rcc.c ****     MODIFY_REG(RCC->D1CFGR, RCC_D1CFGR_D1CPRE, RCC_ClkInitStruct->SYSCLKDivider);
1056:../../Drivers/STM32H7xx_HAL_Driver/Src/stm32h7xx_hal_rcc.c **** #else
1057:../../Drivers/STM32H7xx_HAL_Driver/Src/stm32h7xx_hal_rcc.c ****     MODIFY_REG(RCC->CDCFGR1, RCC_CDCFGR1_CDCPRE, RCC_ClkInitStruct->SYSCLKDivider);
1058:../../Drivers/STM32H7xx_HAL_Driver/Src/stm32h7xx_hal_rcc.c **** #endif
1059:../../Drivers/STM32H7xx_HAL_Driver/Src/stm32h7xx_hal_rcc.c ****     /* HSE is selected as System Clock Source */
1060:../../Drivers/STM32H7xx_HAL_Driver/Src/stm32h7xx_hal_rcc.c ****     if (RCC_ClkInitStruct->SYSCLKSource == RCC_SYSCLKSOURCE_HSE)
1061:../../Drivers/STM32H7xx_HAL_Driver/Src/stm32h7xx_hal_rcc.c ****     {
1062:../../Drivers/STM32H7xx_HAL_Driver/Src/stm32h7xx_hal_rcc.c ****       /* Check the HSE ready flag */
1063:../../Drivers/STM32H7xx_HAL_Driver/Src/stm32h7xx_hal_rcc.c ****       if (__HAL_RCC_GET_FLAG(RCC_FLAG_HSERDY) == 0U)
1064:../../Drivers/STM32H7xx_HAL_Driver/Src/stm32h7xx_hal_rcc.c ****       {
1065:../../Drivers/STM32H7xx_HAL_Driver/Src/stm32h7xx_hal_rcc.c ****         return HAL_ERROR;
1066:../../Drivers/STM32H7xx_HAL_Driver/Src/stm32h7xx_hal_rcc.c ****       }
1067:../../Drivers/STM32H7xx_HAL_Driver/Src/stm32h7xx_hal_rcc.c ****     }
1068:../../Drivers/STM32H7xx_HAL_Driver/Src/stm32h7xx_hal_rcc.c ****     /* PLL is selected as System Clock Source */
1069:../../Drivers/STM32H7xx_HAL_Driver/Src/stm32h7xx_hal_rcc.c ****     else if (RCC_ClkInitStruct->SYSCLKSource == RCC_SYSCLKSOURCE_PLLCLK)
1070:../../Drivers/STM32H7xx_HAL_Driver/Src/stm32h7xx_hal_rcc.c ****     {
1071:../../Drivers/STM32H7xx_HAL_Driver/Src/stm32h7xx_hal_rcc.c ****       /* Check the PLL ready flag */
1072:../../Drivers/STM32H7xx_HAL_Driver/Src/stm32h7xx_hal_rcc.c ****       if (__HAL_RCC_GET_FLAG(RCC_FLAG_PLLRDY) == 0U)
1073:../../Drivers/STM32H7xx_HAL_Driver/Src/stm32h7xx_hal_rcc.c ****       {
ARM GAS  /var/folders/2r/mdtt8xvd351gdc398t28_m2m0000gn/T//ccT8wITP.s 			page 57


1074:../../Drivers/STM32H7xx_HAL_Driver/Src/stm32h7xx_hal_rcc.c ****         return HAL_ERROR;
1075:../../Drivers/STM32H7xx_HAL_Driver/Src/stm32h7xx_hal_rcc.c ****       }
1076:../../Drivers/STM32H7xx_HAL_Driver/Src/stm32h7xx_hal_rcc.c ****     }
1077:../../Drivers/STM32H7xx_HAL_Driver/Src/stm32h7xx_hal_rcc.c ****     /* CSI is selected as System Clock Source */
1078:../../Drivers/STM32H7xx_HAL_Driver/Src/stm32h7xx_hal_rcc.c ****     else if (RCC_ClkInitStruct->SYSCLKSource == RCC_SYSCLKSOURCE_CSI)
1079:../../Drivers/STM32H7xx_HAL_Driver/Src/stm32h7xx_hal_rcc.c ****     {
1080:../../Drivers/STM32H7xx_HAL_Driver/Src/stm32h7xx_hal_rcc.c ****       /* Check the PLL ready flag */
1081:../../Drivers/STM32H7xx_HAL_Driver/Src/stm32h7xx_hal_rcc.c ****       if (__HAL_RCC_GET_FLAG(RCC_FLAG_CSIRDY) == 0U)
1082:../../Drivers/STM32H7xx_HAL_Driver/Src/stm32h7xx_hal_rcc.c ****       {
1083:../../Drivers/STM32H7xx_HAL_Driver/Src/stm32h7xx_hal_rcc.c ****         return HAL_ERROR;
1084:../../Drivers/STM32H7xx_HAL_Driver/Src/stm32h7xx_hal_rcc.c ****       }
1085:../../Drivers/STM32H7xx_HAL_Driver/Src/stm32h7xx_hal_rcc.c ****     }
1086:../../Drivers/STM32H7xx_HAL_Driver/Src/stm32h7xx_hal_rcc.c ****     /* HSI is selected as System Clock Source */
1087:../../Drivers/STM32H7xx_HAL_Driver/Src/stm32h7xx_hal_rcc.c ****     else
1088:../../Drivers/STM32H7xx_HAL_Driver/Src/stm32h7xx_hal_rcc.c ****     {
1089:../../Drivers/STM32H7xx_HAL_Driver/Src/stm32h7xx_hal_rcc.c ****       /* Check the HSI ready flag */
1090:../../Drivers/STM32H7xx_HAL_Driver/Src/stm32h7xx_hal_rcc.c ****       if (__HAL_RCC_GET_FLAG(RCC_FLAG_HSIRDY) == 0U)
1091:../../Drivers/STM32H7xx_HAL_Driver/Src/stm32h7xx_hal_rcc.c ****       {
1092:../../Drivers/STM32H7xx_HAL_Driver/Src/stm32h7xx_hal_rcc.c ****         return HAL_ERROR;
1093:../../Drivers/STM32H7xx_HAL_Driver/Src/stm32h7xx_hal_rcc.c ****       }
1094:../../Drivers/STM32H7xx_HAL_Driver/Src/stm32h7xx_hal_rcc.c ****     }
1095:../../Drivers/STM32H7xx_HAL_Driver/Src/stm32h7xx_hal_rcc.c ****     MODIFY_REG(RCC->CFGR, RCC_CFGR_SW, RCC_ClkInitStruct->SYSCLKSource);
1096:../../Drivers/STM32H7xx_HAL_Driver/Src/stm32h7xx_hal_rcc.c **** 
1097:../../Drivers/STM32H7xx_HAL_Driver/Src/stm32h7xx_hal_rcc.c ****     /* Get Start Tick*/
1098:../../Drivers/STM32H7xx_HAL_Driver/Src/stm32h7xx_hal_rcc.c ****     tickstart = HAL_GetTick();
1099:../../Drivers/STM32H7xx_HAL_Driver/Src/stm32h7xx_hal_rcc.c **** 
1100:../../Drivers/STM32H7xx_HAL_Driver/Src/stm32h7xx_hal_rcc.c ****     while (__HAL_RCC_GET_SYSCLK_SOURCE() != (RCC_ClkInitStruct->SYSCLKSource << RCC_CFGR_SWS_Pos))
1101:../../Drivers/STM32H7xx_HAL_Driver/Src/stm32h7xx_hal_rcc.c ****     {
1102:../../Drivers/STM32H7xx_HAL_Driver/Src/stm32h7xx_hal_rcc.c ****       if ((HAL_GetTick() - tickstart) > CLOCKSWITCH_TIMEOUT_VALUE)
1103:../../Drivers/STM32H7xx_HAL_Driver/Src/stm32h7xx_hal_rcc.c ****       {
1104:../../Drivers/STM32H7xx_HAL_Driver/Src/stm32h7xx_hal_rcc.c ****         return HAL_TIMEOUT;
1105:../../Drivers/STM32H7xx_HAL_Driver/Src/stm32h7xx_hal_rcc.c ****       }
1106:../../Drivers/STM32H7xx_HAL_Driver/Src/stm32h7xx_hal_rcc.c ****     }
1107:../../Drivers/STM32H7xx_HAL_Driver/Src/stm32h7xx_hal_rcc.c **** 
1108:../../Drivers/STM32H7xx_HAL_Driver/Src/stm32h7xx_hal_rcc.c ****   }
1109:../../Drivers/STM32H7xx_HAL_Driver/Src/stm32h7xx_hal_rcc.c **** 
1110:../../Drivers/STM32H7xx_HAL_Driver/Src/stm32h7xx_hal_rcc.c ****   /* Decreasing the BUS frequency divider */
1111:../../Drivers/STM32H7xx_HAL_Driver/Src/stm32h7xx_hal_rcc.c ****   /*-------------------------- HCLK Configuration --------------------------*/
1112:../../Drivers/STM32H7xx_HAL_Driver/Src/stm32h7xx_hal_rcc.c ****   if (((RCC_ClkInitStruct->ClockType) & RCC_CLOCKTYPE_HCLK) == RCC_CLOCKTYPE_HCLK)
1113:../../Drivers/STM32H7xx_HAL_Driver/Src/stm32h7xx_hal_rcc.c ****   {
1114:../../Drivers/STM32H7xx_HAL_Driver/Src/stm32h7xx_hal_rcc.c **** #if defined(RCC_D1CFGR_HPRE)
1115:../../Drivers/STM32H7xx_HAL_Driver/Src/stm32h7xx_hal_rcc.c ****     if ((RCC_ClkInitStruct->AHBCLKDivider) < (RCC->D1CFGR & RCC_D1CFGR_HPRE))
1116:../../Drivers/STM32H7xx_HAL_Driver/Src/stm32h7xx_hal_rcc.c ****     {
1117:../../Drivers/STM32H7xx_HAL_Driver/Src/stm32h7xx_hal_rcc.c ****       /* Set the new HCLK clock divider */
1118:../../Drivers/STM32H7xx_HAL_Driver/Src/stm32h7xx_hal_rcc.c ****       assert_param(IS_RCC_HCLK(RCC_ClkInitStruct->AHBCLKDivider));
1119:../../Drivers/STM32H7xx_HAL_Driver/Src/stm32h7xx_hal_rcc.c ****       MODIFY_REG(RCC->D1CFGR, RCC_D1CFGR_HPRE, RCC_ClkInitStruct->AHBCLKDivider);
1120:../../Drivers/STM32H7xx_HAL_Driver/Src/stm32h7xx_hal_rcc.c ****     }
1121:../../Drivers/STM32H7xx_HAL_Driver/Src/stm32h7xx_hal_rcc.c **** #else
1122:../../Drivers/STM32H7xx_HAL_Driver/Src/stm32h7xx_hal_rcc.c ****     if ((RCC_ClkInitStruct->AHBCLKDivider) < (RCC->CDCFGR1 & RCC_CDCFGR1_HPRE))
1123:../../Drivers/STM32H7xx_HAL_Driver/Src/stm32h7xx_hal_rcc.c ****     {
1124:../../Drivers/STM32H7xx_HAL_Driver/Src/stm32h7xx_hal_rcc.c ****       /* Set the new HCLK clock divider */
1125:../../Drivers/STM32H7xx_HAL_Driver/Src/stm32h7xx_hal_rcc.c ****       assert_param(IS_RCC_HCLK(RCC_ClkInitStruct->AHBCLKDivider));
1126:../../Drivers/STM32H7xx_HAL_Driver/Src/stm32h7xx_hal_rcc.c ****       MODIFY_REG(RCC->CDCFGR1, RCC_CDCFGR1_HPRE, RCC_ClkInitStruct->AHBCLKDivider);
1127:../../Drivers/STM32H7xx_HAL_Driver/Src/stm32h7xx_hal_rcc.c ****     }
1128:../../Drivers/STM32H7xx_HAL_Driver/Src/stm32h7xx_hal_rcc.c **** #endif
1129:../../Drivers/STM32H7xx_HAL_Driver/Src/stm32h7xx_hal_rcc.c ****   }
1130:../../Drivers/STM32H7xx_HAL_Driver/Src/stm32h7xx_hal_rcc.c **** 
ARM GAS  /var/folders/2r/mdtt8xvd351gdc398t28_m2m0000gn/T//ccT8wITP.s 			page 58


1131:../../Drivers/STM32H7xx_HAL_Driver/Src/stm32h7xx_hal_rcc.c ****   /* Decreasing the number of wait states because of lower CPU frequency */
1132:../../Drivers/STM32H7xx_HAL_Driver/Src/stm32h7xx_hal_rcc.c ****   if (FLatency < __HAL_FLASH_GET_LATENCY())
1133:../../Drivers/STM32H7xx_HAL_Driver/Src/stm32h7xx_hal_rcc.c ****   {
1134:../../Drivers/STM32H7xx_HAL_Driver/Src/stm32h7xx_hal_rcc.c ****     /* Program the new number of wait states to the LATENCY bits in the FLASH_ACR register */
1135:../../Drivers/STM32H7xx_HAL_Driver/Src/stm32h7xx_hal_rcc.c ****     __HAL_FLASH_SET_LATENCY(FLatency);
1136:../../Drivers/STM32H7xx_HAL_Driver/Src/stm32h7xx_hal_rcc.c **** 
1137:../../Drivers/STM32H7xx_HAL_Driver/Src/stm32h7xx_hal_rcc.c ****     /* Check that the new number of wait states is taken into account to access the Flash
1138:../../Drivers/STM32H7xx_HAL_Driver/Src/stm32h7xx_hal_rcc.c ****     memory by reading the FLASH_ACR register */
1139:../../Drivers/STM32H7xx_HAL_Driver/Src/stm32h7xx_hal_rcc.c ****     if (__HAL_FLASH_GET_LATENCY() != FLatency)
1140:../../Drivers/STM32H7xx_HAL_Driver/Src/stm32h7xx_hal_rcc.c ****     {
1141:../../Drivers/STM32H7xx_HAL_Driver/Src/stm32h7xx_hal_rcc.c ****       return HAL_ERROR;
1142:../../Drivers/STM32H7xx_HAL_Driver/Src/stm32h7xx_hal_rcc.c ****     }
1143:../../Drivers/STM32H7xx_HAL_Driver/Src/stm32h7xx_hal_rcc.c ****   }
1144:../../Drivers/STM32H7xx_HAL_Driver/Src/stm32h7xx_hal_rcc.c **** 
1145:../../Drivers/STM32H7xx_HAL_Driver/Src/stm32h7xx_hal_rcc.c ****   /*-------------------------- D1PCLK1/CDPCLK Configuration ---------------------------*/
1146:../../Drivers/STM32H7xx_HAL_Driver/Src/stm32h7xx_hal_rcc.c ****   if (((RCC_ClkInitStruct->ClockType) & RCC_CLOCKTYPE_D1PCLK1) == RCC_CLOCKTYPE_D1PCLK1)
1147:../../Drivers/STM32H7xx_HAL_Driver/Src/stm32h7xx_hal_rcc.c ****   {
1148:../../Drivers/STM32H7xx_HAL_Driver/Src/stm32h7xx_hal_rcc.c **** #if defined(RCC_D1CFGR_D1PPRE)
1149:../../Drivers/STM32H7xx_HAL_Driver/Src/stm32h7xx_hal_rcc.c ****     if ((RCC_ClkInitStruct->APB3CLKDivider) < (RCC->D1CFGR & RCC_D1CFGR_D1PPRE))
1150:../../Drivers/STM32H7xx_HAL_Driver/Src/stm32h7xx_hal_rcc.c ****     {
1151:../../Drivers/STM32H7xx_HAL_Driver/Src/stm32h7xx_hal_rcc.c ****       assert_param(IS_RCC_D1PCLK1(RCC_ClkInitStruct->APB3CLKDivider));
1152:../../Drivers/STM32H7xx_HAL_Driver/Src/stm32h7xx_hal_rcc.c ****       MODIFY_REG(RCC->D1CFGR, RCC_D1CFGR_D1PPRE, RCC_ClkInitStruct->APB3CLKDivider);
1153:../../Drivers/STM32H7xx_HAL_Driver/Src/stm32h7xx_hal_rcc.c ****     }
1154:../../Drivers/STM32H7xx_HAL_Driver/Src/stm32h7xx_hal_rcc.c **** #else
1155:../../Drivers/STM32H7xx_HAL_Driver/Src/stm32h7xx_hal_rcc.c ****     if ((RCC_ClkInitStruct->APB3CLKDivider) < (RCC->CDCFGR1 & RCC_CDCFGR1_CDPPRE))
1156:../../Drivers/STM32H7xx_HAL_Driver/Src/stm32h7xx_hal_rcc.c ****     {
1157:../../Drivers/STM32H7xx_HAL_Driver/Src/stm32h7xx_hal_rcc.c ****       assert_param(IS_RCC_CDPCLK1(RCC_ClkInitStruct->APB3CLKDivider));
1158:../../Drivers/STM32H7xx_HAL_Driver/Src/stm32h7xx_hal_rcc.c ****       MODIFY_REG(RCC->CDCFGR1, RCC_CDCFGR1_CDPPRE, RCC_ClkInitStruct->APB3CLKDivider);
1159:../../Drivers/STM32H7xx_HAL_Driver/Src/stm32h7xx_hal_rcc.c ****     }
1160:../../Drivers/STM32H7xx_HAL_Driver/Src/stm32h7xx_hal_rcc.c **** #endif
1161:../../Drivers/STM32H7xx_HAL_Driver/Src/stm32h7xx_hal_rcc.c ****   }
1162:../../Drivers/STM32H7xx_HAL_Driver/Src/stm32h7xx_hal_rcc.c **** 
1163:../../Drivers/STM32H7xx_HAL_Driver/Src/stm32h7xx_hal_rcc.c ****   /*-------------------------- PCLK1 Configuration ---------------------------*/
1164:../../Drivers/STM32H7xx_HAL_Driver/Src/stm32h7xx_hal_rcc.c ****   if (((RCC_ClkInitStruct->ClockType) & RCC_CLOCKTYPE_PCLK1) == RCC_CLOCKTYPE_PCLK1)
1165:../../Drivers/STM32H7xx_HAL_Driver/Src/stm32h7xx_hal_rcc.c ****   {
1166:../../Drivers/STM32H7xx_HAL_Driver/Src/stm32h7xx_hal_rcc.c **** #if defined(RCC_D2CFGR_D2PPRE1)
1167:../../Drivers/STM32H7xx_HAL_Driver/Src/stm32h7xx_hal_rcc.c ****     if ((RCC_ClkInitStruct->APB1CLKDivider) < (RCC->D2CFGR & RCC_D2CFGR_D2PPRE1))
1168:../../Drivers/STM32H7xx_HAL_Driver/Src/stm32h7xx_hal_rcc.c ****     {
1169:../../Drivers/STM32H7xx_HAL_Driver/Src/stm32h7xx_hal_rcc.c ****       assert_param(IS_RCC_PCLK1(RCC_ClkInitStruct->APB1CLKDivider));
1170:../../Drivers/STM32H7xx_HAL_Driver/Src/stm32h7xx_hal_rcc.c ****       MODIFY_REG(RCC->D2CFGR, RCC_D2CFGR_D2PPRE1, (RCC_ClkInitStruct->APB1CLKDivider));
1171:../../Drivers/STM32H7xx_HAL_Driver/Src/stm32h7xx_hal_rcc.c ****     }
1172:../../Drivers/STM32H7xx_HAL_Driver/Src/stm32h7xx_hal_rcc.c **** #else
1173:../../Drivers/STM32H7xx_HAL_Driver/Src/stm32h7xx_hal_rcc.c ****     if ((RCC_ClkInitStruct->APB1CLKDivider) < (RCC->CDCFGR2 & RCC_CDCFGR2_CDPPRE1))
1174:../../Drivers/STM32H7xx_HAL_Driver/Src/stm32h7xx_hal_rcc.c ****     {
1175:../../Drivers/STM32H7xx_HAL_Driver/Src/stm32h7xx_hal_rcc.c ****       assert_param(IS_RCC_PCLK1(RCC_ClkInitStruct->APB1CLKDivider));
1176:../../Drivers/STM32H7xx_HAL_Driver/Src/stm32h7xx_hal_rcc.c ****       MODIFY_REG(RCC->CDCFGR2, RCC_CDCFGR2_CDPPRE1, (RCC_ClkInitStruct->APB1CLKDivider));
1177:../../Drivers/STM32H7xx_HAL_Driver/Src/stm32h7xx_hal_rcc.c ****     }
1178:../../Drivers/STM32H7xx_HAL_Driver/Src/stm32h7xx_hal_rcc.c **** #endif
1179:../../Drivers/STM32H7xx_HAL_Driver/Src/stm32h7xx_hal_rcc.c ****   }
1180:../../Drivers/STM32H7xx_HAL_Driver/Src/stm32h7xx_hal_rcc.c **** 
1181:../../Drivers/STM32H7xx_HAL_Driver/Src/stm32h7xx_hal_rcc.c ****   /*-------------------------- PCLK2 Configuration ---------------------------*/
1182:../../Drivers/STM32H7xx_HAL_Driver/Src/stm32h7xx_hal_rcc.c ****   if (((RCC_ClkInitStruct->ClockType) & RCC_CLOCKTYPE_PCLK2) == RCC_CLOCKTYPE_PCLK2)
1183:../../Drivers/STM32H7xx_HAL_Driver/Src/stm32h7xx_hal_rcc.c ****   {
1184:../../Drivers/STM32H7xx_HAL_Driver/Src/stm32h7xx_hal_rcc.c **** #if defined (RCC_D2CFGR_D2PPRE2)
1185:../../Drivers/STM32H7xx_HAL_Driver/Src/stm32h7xx_hal_rcc.c ****     if ((RCC_ClkInitStruct->APB2CLKDivider) < (RCC->D2CFGR & RCC_D2CFGR_D2PPRE2))
1186:../../Drivers/STM32H7xx_HAL_Driver/Src/stm32h7xx_hal_rcc.c ****     {
1187:../../Drivers/STM32H7xx_HAL_Driver/Src/stm32h7xx_hal_rcc.c ****       assert_param(IS_RCC_PCLK2(RCC_ClkInitStruct->APB2CLKDivider));
ARM GAS  /var/folders/2r/mdtt8xvd351gdc398t28_m2m0000gn/T//ccT8wITP.s 			page 59


1188:../../Drivers/STM32H7xx_HAL_Driver/Src/stm32h7xx_hal_rcc.c ****       MODIFY_REG(RCC->D2CFGR, RCC_D2CFGR_D2PPRE2, (RCC_ClkInitStruct->APB2CLKDivider));
1189:../../Drivers/STM32H7xx_HAL_Driver/Src/stm32h7xx_hal_rcc.c ****     }
1190:../../Drivers/STM32H7xx_HAL_Driver/Src/stm32h7xx_hal_rcc.c **** #else
1191:../../Drivers/STM32H7xx_HAL_Driver/Src/stm32h7xx_hal_rcc.c ****     if ((RCC_ClkInitStruct->APB2CLKDivider) < (RCC->CDCFGR2 & RCC_CDCFGR2_CDPPRE2))
1192:../../Drivers/STM32H7xx_HAL_Driver/Src/stm32h7xx_hal_rcc.c ****     {
1193:../../Drivers/STM32H7xx_HAL_Driver/Src/stm32h7xx_hal_rcc.c ****       assert_param(IS_RCC_PCLK2(RCC_ClkInitStruct->APB2CLKDivider));
1194:../../Drivers/STM32H7xx_HAL_Driver/Src/stm32h7xx_hal_rcc.c ****       MODIFY_REG(RCC->CDCFGR2, RCC_CDCFGR2_CDPPRE2, (RCC_ClkInitStruct->APB2CLKDivider));
1195:../../Drivers/STM32H7xx_HAL_Driver/Src/stm32h7xx_hal_rcc.c ****     }
1196:../../Drivers/STM32H7xx_HAL_Driver/Src/stm32h7xx_hal_rcc.c **** #endif
1197:../../Drivers/STM32H7xx_HAL_Driver/Src/stm32h7xx_hal_rcc.c ****   }
1198:../../Drivers/STM32H7xx_HAL_Driver/Src/stm32h7xx_hal_rcc.c **** 
1199:../../Drivers/STM32H7xx_HAL_Driver/Src/stm32h7xx_hal_rcc.c ****   /*-------------------------- D3PCLK1/SRDPCLK1 Configuration ---------------------------*/
1200:../../Drivers/STM32H7xx_HAL_Driver/Src/stm32h7xx_hal_rcc.c ****   if (((RCC_ClkInitStruct->ClockType) & RCC_CLOCKTYPE_D3PCLK1) == RCC_CLOCKTYPE_D3PCLK1)
1201:../../Drivers/STM32H7xx_HAL_Driver/Src/stm32h7xx_hal_rcc.c ****   {
1202:../../Drivers/STM32H7xx_HAL_Driver/Src/stm32h7xx_hal_rcc.c **** #if defined(RCC_D3CFGR_D3PPRE)
1203:../../Drivers/STM32H7xx_HAL_Driver/Src/stm32h7xx_hal_rcc.c ****     if ((RCC_ClkInitStruct->APB4CLKDivider) < (RCC->D3CFGR & RCC_D3CFGR_D3PPRE))
1204:../../Drivers/STM32H7xx_HAL_Driver/Src/stm32h7xx_hal_rcc.c ****     {
1205:../../Drivers/STM32H7xx_HAL_Driver/Src/stm32h7xx_hal_rcc.c ****       assert_param(IS_RCC_D3PCLK1(RCC_ClkInitStruct->APB4CLKDivider));
1206:../../Drivers/STM32H7xx_HAL_Driver/Src/stm32h7xx_hal_rcc.c ****       MODIFY_REG(RCC->D3CFGR, RCC_D3CFGR_D3PPRE, (RCC_ClkInitStruct->APB4CLKDivider));
1207:../../Drivers/STM32H7xx_HAL_Driver/Src/stm32h7xx_hal_rcc.c ****     }
1208:../../Drivers/STM32H7xx_HAL_Driver/Src/stm32h7xx_hal_rcc.c **** #else
1209:../../Drivers/STM32H7xx_HAL_Driver/Src/stm32h7xx_hal_rcc.c ****     if ((RCC_ClkInitStruct->APB4CLKDivider) < (RCC->SRDCFGR & RCC_SRDCFGR_SRDPPRE))
1210:../../Drivers/STM32H7xx_HAL_Driver/Src/stm32h7xx_hal_rcc.c ****     {
1211:../../Drivers/STM32H7xx_HAL_Driver/Src/stm32h7xx_hal_rcc.c ****       assert_param(IS_RCC_SRDPCLK1(RCC_ClkInitStruct->APB4CLKDivider));
1212:../../Drivers/STM32H7xx_HAL_Driver/Src/stm32h7xx_hal_rcc.c ****       MODIFY_REG(RCC->SRDCFGR, RCC_SRDCFGR_SRDPPRE, (RCC_ClkInitStruct->APB4CLKDivider));
1213:../../Drivers/STM32H7xx_HAL_Driver/Src/stm32h7xx_hal_rcc.c ****     }
1214:../../Drivers/STM32H7xx_HAL_Driver/Src/stm32h7xx_hal_rcc.c **** #endif
1215:../../Drivers/STM32H7xx_HAL_Driver/Src/stm32h7xx_hal_rcc.c ****   }
1216:../../Drivers/STM32H7xx_HAL_Driver/Src/stm32h7xx_hal_rcc.c **** 
1217:../../Drivers/STM32H7xx_HAL_Driver/Src/stm32h7xx_hal_rcc.c ****   /* Update the SystemCoreClock global variable */
1218:../../Drivers/STM32H7xx_HAL_Driver/Src/stm32h7xx_hal_rcc.c **** #if defined(RCC_D1CFGR_D1CPRE)
1219:../../Drivers/STM32H7xx_HAL_Driver/Src/stm32h7xx_hal_rcc.c ****   common_system_clock = HAL_RCC_GetSysClockFreq() >> ((D1CorePrescTable[(RCC->D1CFGR & RCC_D1CFGR_D
1220:../../Drivers/STM32H7xx_HAL_Driver/Src/stm32h7xx_hal_rcc.c **** #else
1221:../../Drivers/STM32H7xx_HAL_Driver/Src/stm32h7xx_hal_rcc.c ****   common_system_clock = HAL_RCC_GetSysClockFreq() >> ((D1CorePrescTable[(RCC->CDCFGR1 & RCC_CDCFGR1
1222:../../Drivers/STM32H7xx_HAL_Driver/Src/stm32h7xx_hal_rcc.c **** #endif
1223:../../Drivers/STM32H7xx_HAL_Driver/Src/stm32h7xx_hal_rcc.c **** 
1224:../../Drivers/STM32H7xx_HAL_Driver/Src/stm32h7xx_hal_rcc.c **** #if defined(RCC_D1CFGR_HPRE)
1225:../../Drivers/STM32H7xx_HAL_Driver/Src/stm32h7xx_hal_rcc.c ****   SystemD2Clock = (common_system_clock >> ((D1CorePrescTable[(RCC->D1CFGR & RCC_D1CFGR_HPRE) >> RCC
1226:../../Drivers/STM32H7xx_HAL_Driver/Src/stm32h7xx_hal_rcc.c **** #else
1227:../../Drivers/STM32H7xx_HAL_Driver/Src/stm32h7xx_hal_rcc.c ****   SystemD2Clock = (common_system_clock >> ((D1CorePrescTable[(RCC->CDCFGR1 & RCC_CDCFGR1_HPRE) >> R
1228:../../Drivers/STM32H7xx_HAL_Driver/Src/stm32h7xx_hal_rcc.c **** #endif
1229:../../Drivers/STM32H7xx_HAL_Driver/Src/stm32h7xx_hal_rcc.c **** 
1230:../../Drivers/STM32H7xx_HAL_Driver/Src/stm32h7xx_hal_rcc.c **** #if defined(DUAL_CORE) && defined(CORE_CM4)
1231:../../Drivers/STM32H7xx_HAL_Driver/Src/stm32h7xx_hal_rcc.c ****   SystemCoreClock = SystemD2Clock;
1232:../../Drivers/STM32H7xx_HAL_Driver/Src/stm32h7xx_hal_rcc.c **** #else
1233:../../Drivers/STM32H7xx_HAL_Driver/Src/stm32h7xx_hal_rcc.c ****   SystemCoreClock = common_system_clock;
1234:../../Drivers/STM32H7xx_HAL_Driver/Src/stm32h7xx_hal_rcc.c **** #endif /* DUAL_CORE && CORE_CM4 */
1235:../../Drivers/STM32H7xx_HAL_Driver/Src/stm32h7xx_hal_rcc.c **** 
1236:../../Drivers/STM32H7xx_HAL_Driver/Src/stm32h7xx_hal_rcc.c ****   /* Configure the source of time base considering new system clocks settings*/
1237:../../Drivers/STM32H7xx_HAL_Driver/Src/stm32h7xx_hal_rcc.c ****   halstatus = HAL_InitTick(uwTickPrio);
1238:../../Drivers/STM32H7xx_HAL_Driver/Src/stm32h7xx_hal_rcc.c **** 
1239:../../Drivers/STM32H7xx_HAL_Driver/Src/stm32h7xx_hal_rcc.c ****   return halstatus;
1240:../../Drivers/STM32H7xx_HAL_Driver/Src/stm32h7xx_hal_rcc.c **** }
1241:../../Drivers/STM32H7xx_HAL_Driver/Src/stm32h7xx_hal_rcc.c **** 
1242:../../Drivers/STM32H7xx_HAL_Driver/Src/stm32h7xx_hal_rcc.c **** /**
1243:../../Drivers/STM32H7xx_HAL_Driver/Src/stm32h7xx_hal_rcc.c ****   * @}
1244:../../Drivers/STM32H7xx_HAL_Driver/Src/stm32h7xx_hal_rcc.c ****   */
ARM GAS  /var/folders/2r/mdtt8xvd351gdc398t28_m2m0000gn/T//ccT8wITP.s 			page 60


1245:../../Drivers/STM32H7xx_HAL_Driver/Src/stm32h7xx_hal_rcc.c **** 
1246:../../Drivers/STM32H7xx_HAL_Driver/Src/stm32h7xx_hal_rcc.c **** /** @defgroup RCC_Exported_Functions_Group2 Peripheral Control functions
1247:../../Drivers/STM32H7xx_HAL_Driver/Src/stm32h7xx_hal_rcc.c ****  *  @brief   RCC clocks control functions
1248:../../Drivers/STM32H7xx_HAL_Driver/Src/stm32h7xx_hal_rcc.c ****  *
1249:../../Drivers/STM32H7xx_HAL_Driver/Src/stm32h7xx_hal_rcc.c **** @verbatim
1250:../../Drivers/STM32H7xx_HAL_Driver/Src/stm32h7xx_hal_rcc.c ****  ===============================================================================
1251:../../Drivers/STM32H7xx_HAL_Driver/Src/stm32h7xx_hal_rcc.c ****                       ##### Peripheral Control functions #####
1252:../../Drivers/STM32H7xx_HAL_Driver/Src/stm32h7xx_hal_rcc.c ****  ===============================================================================
1253:../../Drivers/STM32H7xx_HAL_Driver/Src/stm32h7xx_hal_rcc.c ****     [..]
1254:../../Drivers/STM32H7xx_HAL_Driver/Src/stm32h7xx_hal_rcc.c ****     This subsection provides a set of functions allowing to control the RCC Clocks
1255:../../Drivers/STM32H7xx_HAL_Driver/Src/stm32h7xx_hal_rcc.c ****     frequencies.
1256:../../Drivers/STM32H7xx_HAL_Driver/Src/stm32h7xx_hal_rcc.c **** 
1257:../../Drivers/STM32H7xx_HAL_Driver/Src/stm32h7xx_hal_rcc.c **** @endverbatim
1258:../../Drivers/STM32H7xx_HAL_Driver/Src/stm32h7xx_hal_rcc.c ****   * @{
1259:../../Drivers/STM32H7xx_HAL_Driver/Src/stm32h7xx_hal_rcc.c ****   */
1260:../../Drivers/STM32H7xx_HAL_Driver/Src/stm32h7xx_hal_rcc.c **** 
1261:../../Drivers/STM32H7xx_HAL_Driver/Src/stm32h7xx_hal_rcc.c **** /**
1262:../../Drivers/STM32H7xx_HAL_Driver/Src/stm32h7xx_hal_rcc.c ****   * @brief  Selects the clock source to output on MCO1 pin(PA8) or on MCO2 pin(PC9).
1263:../../Drivers/STM32H7xx_HAL_Driver/Src/stm32h7xx_hal_rcc.c ****   * @note   PA8/PC9 should be configured in alternate function mode.
1264:../../Drivers/STM32H7xx_HAL_Driver/Src/stm32h7xx_hal_rcc.c ****   * @param  RCC_MCOx: specifies the output direction for the clock source.
1265:../../Drivers/STM32H7xx_HAL_Driver/Src/stm32h7xx_hal_rcc.c ****   *          This parameter can be one of the following values:
1266:../../Drivers/STM32H7xx_HAL_Driver/Src/stm32h7xx_hal_rcc.c ****   *            @arg RCC_MCO1: Clock source to output on MCO1 pin(PA8).
1267:../../Drivers/STM32H7xx_HAL_Driver/Src/stm32h7xx_hal_rcc.c ****   *            @arg RCC_MCO2: Clock source to output on MCO2 pin(PC9).
1268:../../Drivers/STM32H7xx_HAL_Driver/Src/stm32h7xx_hal_rcc.c ****   * @param  RCC_MCOSource: specifies the clock source to output.
1269:../../Drivers/STM32H7xx_HAL_Driver/Src/stm32h7xx_hal_rcc.c ****   *          This parameter can be one of the following values:
1270:../../Drivers/STM32H7xx_HAL_Driver/Src/stm32h7xx_hal_rcc.c ****   *            @arg RCC_MCO1SOURCE_HSI: HSI clock selected as MCO1 source
1271:../../Drivers/STM32H7xx_HAL_Driver/Src/stm32h7xx_hal_rcc.c ****   *            @arg RCC_MCO1SOURCE_LSE: LSE clock selected as MCO1 source
1272:../../Drivers/STM32H7xx_HAL_Driver/Src/stm32h7xx_hal_rcc.c ****   *            @arg RCC_MCO1SOURCE_HSE: HSE clock selected as MCO1 source
1273:../../Drivers/STM32H7xx_HAL_Driver/Src/stm32h7xx_hal_rcc.c ****   *            @arg RCC_MCO1SOURCE_PLL1QCLK:  PLL1Q clock selected as MCO1 source
1274:../../Drivers/STM32H7xx_HAL_Driver/Src/stm32h7xx_hal_rcc.c ****   *            @arg RCC_MCO1SOURCE_HSI48: HSI48 (48MHZ) selected as MCO1 source
1275:../../Drivers/STM32H7xx_HAL_Driver/Src/stm32h7xx_hal_rcc.c ****   *            @arg RCC_MCO2SOURCE_SYSCLK: System clock (SYSCLK) selected as MCO2 source
1276:../../Drivers/STM32H7xx_HAL_Driver/Src/stm32h7xx_hal_rcc.c ****   *            @arg RCC_MCO2SOURCE_PLL2PCLK: PLL2P clock selected as MCO2 source
1277:../../Drivers/STM32H7xx_HAL_Driver/Src/stm32h7xx_hal_rcc.c ****   *            @arg RCC_MCO2SOURCE_HSE: HSE clock selected as MCO2 source
1278:../../Drivers/STM32H7xx_HAL_Driver/Src/stm32h7xx_hal_rcc.c ****   *            @arg RCC_MCO2SOURCE_PLLCLK:  PLL1P clock selected as MCO2 source
1279:../../Drivers/STM32H7xx_HAL_Driver/Src/stm32h7xx_hal_rcc.c ****   *            @arg RCC_MCO2SOURCE_CSICLK:  CSI clock selected as MCO2 source
1280:../../Drivers/STM32H7xx_HAL_Driver/Src/stm32h7xx_hal_rcc.c ****   *            @arg RCC_MCO2SOURCE_LSICLK:  LSI clock selected as MCO2 source
1281:../../Drivers/STM32H7xx_HAL_Driver/Src/stm32h7xx_hal_rcc.c ****   * @param  RCC_MCODiv: specifies the MCOx pre-scaler.
1282:../../Drivers/STM32H7xx_HAL_Driver/Src/stm32h7xx_hal_rcc.c ****   *          This parameter can be one of the following values:
1283:../../Drivers/STM32H7xx_HAL_Driver/Src/stm32h7xx_hal_rcc.c ****   *            @arg RCC_MCODIV_1 up to RCC_MCODIV_15  : divider applied to MCOx clock
1284:../../Drivers/STM32H7xx_HAL_Driver/Src/stm32h7xx_hal_rcc.c ****   * @retval None
1285:../../Drivers/STM32H7xx_HAL_Driver/Src/stm32h7xx_hal_rcc.c ****   */
1286:../../Drivers/STM32H7xx_HAL_Driver/Src/stm32h7xx_hal_rcc.c **** void HAL_RCC_MCOConfig(uint32_t RCC_MCOx, uint32_t RCC_MCOSource, uint32_t RCC_MCODiv)
1287:../../Drivers/STM32H7xx_HAL_Driver/Src/stm32h7xx_hal_rcc.c **** {
 1825              		.loc 1 1287 1 is_stmt 1 view -0
 1826              		.cfi_startproc
 1827              		@ args = 0, pretend = 0, frame = 32
 1828              		@ frame_needed = 0, uses_anonymous_args = 0
 1829              		.loc 1 1287 1 is_stmt 0 view .LVU594
 1830 0000 70B5     		push	{r4, r5, r6, lr}
 1831              	.LCFI4:
 1832              		.cfi_def_cfa_offset 16
 1833              		.cfi_offset 4, -16
 1834              		.cfi_offset 5, -12
 1835              		.cfi_offset 6, -8
 1836              		.cfi_offset 14, -4
 1837 0002 88B0     		sub	sp, sp, #32
 1838              	.LCFI5:
ARM GAS  /var/folders/2r/mdtt8xvd351gdc398t28_m2m0000gn/T//ccT8wITP.s 			page 61


 1839              		.cfi_def_cfa_offset 48
 1840 0004 0E46     		mov	r6, r1
 1841 0006 1546     		mov	r5, r2
1288:../../Drivers/STM32H7xx_HAL_Driver/Src/stm32h7xx_hal_rcc.c ****   GPIO_InitTypeDef GPIO_InitStruct;
 1842              		.loc 1 1288 3 is_stmt 1 view .LVU595
1289:../../Drivers/STM32H7xx_HAL_Driver/Src/stm32h7xx_hal_rcc.c ****   /* Check the parameters */
1290:../../Drivers/STM32H7xx_HAL_Driver/Src/stm32h7xx_hal_rcc.c ****   assert_param(IS_RCC_MCO(RCC_MCOx));
 1843              		.loc 1 1290 3 view .LVU596
1291:../../Drivers/STM32H7xx_HAL_Driver/Src/stm32h7xx_hal_rcc.c ****   assert_param(IS_RCC_MCODIV(RCC_MCODiv));
 1844              		.loc 1 1291 3 view .LVU597
1292:../../Drivers/STM32H7xx_HAL_Driver/Src/stm32h7xx_hal_rcc.c ****   /* RCC_MCO1 */
1293:../../Drivers/STM32H7xx_HAL_Driver/Src/stm32h7xx_hal_rcc.c ****   if (RCC_MCOx == RCC_MCO1)
 1845              		.loc 1 1293 3 view .LVU598
 1846              		.loc 1 1293 6 is_stmt 0 view .LVU599
 1847 0008 10BB     		cbnz	r0, .L173
1294:../../Drivers/STM32H7xx_HAL_Driver/Src/stm32h7xx_hal_rcc.c ****   {
1295:../../Drivers/STM32H7xx_HAL_Driver/Src/stm32h7xx_hal_rcc.c ****     assert_param(IS_RCC_MCO1SOURCE(RCC_MCOSource));
 1848              		.loc 1 1295 5 is_stmt 1 view .LVU600
1296:../../Drivers/STM32H7xx_HAL_Driver/Src/stm32h7xx_hal_rcc.c **** 
1297:../../Drivers/STM32H7xx_HAL_Driver/Src/stm32h7xx_hal_rcc.c ****     /* MCO1 Clock Enable */
1298:../../Drivers/STM32H7xx_HAL_Driver/Src/stm32h7xx_hal_rcc.c ****     MCO1_CLK_ENABLE();
 1849              		.loc 1 1298 5 view .LVU601
 1850              	.LBB13:
 1851              		.loc 1 1298 5 view .LVU602
 1852              		.loc 1 1298 5 view .LVU603
 1853 000a 234C     		ldr	r4, .L176
 1854 000c D4F8E030 		ldr	r3, [r4, #224]
 1855 0010 43F00103 		orr	r3, r3, #1
 1856 0014 C4F8E030 		str	r3, [r4, #224]
 1857              		.loc 1 1298 5 view .LVU604
 1858 0018 D4F8E030 		ldr	r3, [r4, #224]
 1859 001c 03F00103 		and	r3, r3, #1
 1860 0020 0193     		str	r3, [sp, #4]
 1861              		.loc 1 1298 5 view .LVU605
 1862 0022 019B     		ldr	r3, [sp, #4]
 1863              	.LBE13:
 1864              		.loc 1 1298 5 view .LVU606
1299:../../Drivers/STM32H7xx_HAL_Driver/Src/stm32h7xx_hal_rcc.c **** 
1300:../../Drivers/STM32H7xx_HAL_Driver/Src/stm32h7xx_hal_rcc.c ****     /* Configure the MCO1 pin in alternate function mode */
1301:../../Drivers/STM32H7xx_HAL_Driver/Src/stm32h7xx_hal_rcc.c ****     GPIO_InitStruct.Pin = MCO1_PIN;
 1865              		.loc 1 1301 5 view .LVU607
 1866              		.loc 1 1301 25 is_stmt 0 view .LVU608
 1867 0024 4FF48073 		mov	r3, #256
 1868 0028 0393     		str	r3, [sp, #12]
1302:../../Drivers/STM32H7xx_HAL_Driver/Src/stm32h7xx_hal_rcc.c ****     GPIO_InitStruct.Mode = GPIO_MODE_AF_PP;
 1869              		.loc 1 1302 5 is_stmt 1 view .LVU609
 1870              		.loc 1 1302 26 is_stmt 0 view .LVU610
 1871 002a 0223     		movs	r3, #2
 1872 002c 0493     		str	r3, [sp, #16]
1303:../../Drivers/STM32H7xx_HAL_Driver/Src/stm32h7xx_hal_rcc.c ****     GPIO_InitStruct.Speed = GPIO_SPEED_FREQ_VERY_HIGH;
 1873              		.loc 1 1303 5 is_stmt 1 view .LVU611
 1874              		.loc 1 1303 27 is_stmt 0 view .LVU612
 1875 002e 0323     		movs	r3, #3
 1876 0030 0693     		str	r3, [sp, #24]
1304:../../Drivers/STM32H7xx_HAL_Driver/Src/stm32h7xx_hal_rcc.c ****     GPIO_InitStruct.Pull = GPIO_NOPULL;
 1877              		.loc 1 1304 5 is_stmt 1 view .LVU613
 1878              		.loc 1 1304 26 is_stmt 0 view .LVU614
ARM GAS  /var/folders/2r/mdtt8xvd351gdc398t28_m2m0000gn/T//ccT8wITP.s 			page 62


 1879 0032 0590     		str	r0, [sp, #20]
1305:../../Drivers/STM32H7xx_HAL_Driver/Src/stm32h7xx_hal_rcc.c ****     GPIO_InitStruct.Alternate = GPIO_AF0_MCO;
 1880              		.loc 1 1305 5 is_stmt 1 view .LVU615
 1881              		.loc 1 1305 31 is_stmt 0 view .LVU616
 1882 0034 0790     		str	r0, [sp, #28]
1306:../../Drivers/STM32H7xx_HAL_Driver/Src/stm32h7xx_hal_rcc.c ****     HAL_GPIO_Init(MCO1_GPIO_PORT, &GPIO_InitStruct);
 1883              		.loc 1 1306 5 is_stmt 1 view .LVU617
 1884 0036 03A9     		add	r1, sp, #12
 1885              	.LVL150:
 1886              		.loc 1 1306 5 is_stmt 0 view .LVU618
 1887 0038 1848     		ldr	r0, .L176+4
 1888              	.LVL151:
 1889              		.loc 1 1306 5 view .LVU619
 1890 003a FFF7FEFF 		bl	HAL_GPIO_Init
 1891              	.LVL152:
1307:../../Drivers/STM32H7xx_HAL_Driver/Src/stm32h7xx_hal_rcc.c **** 
1308:../../Drivers/STM32H7xx_HAL_Driver/Src/stm32h7xx_hal_rcc.c ****     /* Mask MCO1 and MCO1PRE[3:0] bits then Select MCO1 clock source and pre-scaler */
1309:../../Drivers/STM32H7xx_HAL_Driver/Src/stm32h7xx_hal_rcc.c ****     MODIFY_REG(RCC->CFGR, (RCC_CFGR_MCO1 | RCC_CFGR_MCO1PRE), (RCC_MCOSource | RCC_MCODiv));
 1892              		.loc 1 1309 5 is_stmt 1 view .LVU620
 1893 003e 2369     		ldr	r3, [r4, #16]
 1894 0040 23F0FE73 		bic	r3, r3, #33292288
 1895 0044 2A46     		mov	r2, r5
 1896 0046 3243     		orrs	r2, r2, r6
 1897 0048 1343     		orrs	r3, r3, r2
 1898 004a 2361     		str	r3, [r4, #16]
 1899              	.L172:
1310:../../Drivers/STM32H7xx_HAL_Driver/Src/stm32h7xx_hal_rcc.c ****   }
1311:../../Drivers/STM32H7xx_HAL_Driver/Src/stm32h7xx_hal_rcc.c ****   else
1312:../../Drivers/STM32H7xx_HAL_Driver/Src/stm32h7xx_hal_rcc.c ****   {
1313:../../Drivers/STM32H7xx_HAL_Driver/Src/stm32h7xx_hal_rcc.c ****     assert_param(IS_RCC_MCO2SOURCE(RCC_MCOSource));
1314:../../Drivers/STM32H7xx_HAL_Driver/Src/stm32h7xx_hal_rcc.c **** 
1315:../../Drivers/STM32H7xx_HAL_Driver/Src/stm32h7xx_hal_rcc.c ****     /* MCO2 Clock Enable */
1316:../../Drivers/STM32H7xx_HAL_Driver/Src/stm32h7xx_hal_rcc.c ****     MCO2_CLK_ENABLE();
1317:../../Drivers/STM32H7xx_HAL_Driver/Src/stm32h7xx_hal_rcc.c **** 
1318:../../Drivers/STM32H7xx_HAL_Driver/Src/stm32h7xx_hal_rcc.c ****     /* Configure the MCO2 pin in alternate function mode */
1319:../../Drivers/STM32H7xx_HAL_Driver/Src/stm32h7xx_hal_rcc.c ****     GPIO_InitStruct.Pin = MCO2_PIN;
1320:../../Drivers/STM32H7xx_HAL_Driver/Src/stm32h7xx_hal_rcc.c ****     GPIO_InitStruct.Mode = GPIO_MODE_AF_PP;
1321:../../Drivers/STM32H7xx_HAL_Driver/Src/stm32h7xx_hal_rcc.c ****     GPIO_InitStruct.Speed = GPIO_SPEED_FREQ_VERY_HIGH;
1322:../../Drivers/STM32H7xx_HAL_Driver/Src/stm32h7xx_hal_rcc.c ****     GPIO_InitStruct.Pull = GPIO_NOPULL;
1323:../../Drivers/STM32H7xx_HAL_Driver/Src/stm32h7xx_hal_rcc.c ****     GPIO_InitStruct.Alternate = GPIO_AF0_MCO;
1324:../../Drivers/STM32H7xx_HAL_Driver/Src/stm32h7xx_hal_rcc.c ****     HAL_GPIO_Init(MCO2_GPIO_PORT, &GPIO_InitStruct);
1325:../../Drivers/STM32H7xx_HAL_Driver/Src/stm32h7xx_hal_rcc.c **** 
1326:../../Drivers/STM32H7xx_HAL_Driver/Src/stm32h7xx_hal_rcc.c ****     /* Mask MCO2 and MCO2PRE[3:0] bits then Select MCO2 clock source and pre-scaler */
1327:../../Drivers/STM32H7xx_HAL_Driver/Src/stm32h7xx_hal_rcc.c ****     MODIFY_REG(RCC->CFGR, (RCC_CFGR_MCO2 | RCC_CFGR_MCO2PRE), (RCC_MCOSource | (RCC_MCODiv << 7U)))
1328:../../Drivers/STM32H7xx_HAL_Driver/Src/stm32h7xx_hal_rcc.c ****   }
1329:../../Drivers/STM32H7xx_HAL_Driver/Src/stm32h7xx_hal_rcc.c **** }
 1900              		.loc 1 1329 1 is_stmt 0 view .LVU621
 1901 004c 08B0     		add	sp, sp, #32
 1902              	.LCFI6:
 1903              		.cfi_remember_state
 1904              		.cfi_def_cfa_offset 16
 1905              		@ sp needed
 1906 004e 70BD     		pop	{r4, r5, r6, pc}
 1907              	.LVL153:
 1908              	.L173:
 1909              	.LCFI7:
 1910              		.cfi_restore_state
ARM GAS  /var/folders/2r/mdtt8xvd351gdc398t28_m2m0000gn/T//ccT8wITP.s 			page 63


1313:../../Drivers/STM32H7xx_HAL_Driver/Src/stm32h7xx_hal_rcc.c **** 
 1911              		.loc 1 1313 5 is_stmt 1 view .LVU622
1316:../../Drivers/STM32H7xx_HAL_Driver/Src/stm32h7xx_hal_rcc.c **** 
 1912              		.loc 1 1316 5 view .LVU623
 1913              	.LBB14:
1316:../../Drivers/STM32H7xx_HAL_Driver/Src/stm32h7xx_hal_rcc.c **** 
 1914              		.loc 1 1316 5 view .LVU624
1316:../../Drivers/STM32H7xx_HAL_Driver/Src/stm32h7xx_hal_rcc.c **** 
 1915              		.loc 1 1316 5 view .LVU625
 1916 0050 114C     		ldr	r4, .L176
 1917 0052 D4F8E030 		ldr	r3, [r4, #224]
 1918 0056 43F00403 		orr	r3, r3, #4
 1919 005a C4F8E030 		str	r3, [r4, #224]
1316:../../Drivers/STM32H7xx_HAL_Driver/Src/stm32h7xx_hal_rcc.c **** 
 1920              		.loc 1 1316 5 view .LVU626
 1921 005e D4F8E030 		ldr	r3, [r4, #224]
 1922 0062 03F00403 		and	r3, r3, #4
 1923 0066 0293     		str	r3, [sp, #8]
1316:../../Drivers/STM32H7xx_HAL_Driver/Src/stm32h7xx_hal_rcc.c **** 
 1924              		.loc 1 1316 5 view .LVU627
 1925 0068 029B     		ldr	r3, [sp, #8]
 1926              	.LBE14:
1316:../../Drivers/STM32H7xx_HAL_Driver/Src/stm32h7xx_hal_rcc.c **** 
 1927              		.loc 1 1316 5 view .LVU628
1319:../../Drivers/STM32H7xx_HAL_Driver/Src/stm32h7xx_hal_rcc.c ****     GPIO_InitStruct.Mode = GPIO_MODE_AF_PP;
 1928              		.loc 1 1319 5 view .LVU629
1319:../../Drivers/STM32H7xx_HAL_Driver/Src/stm32h7xx_hal_rcc.c ****     GPIO_InitStruct.Mode = GPIO_MODE_AF_PP;
 1929              		.loc 1 1319 25 is_stmt 0 view .LVU630
 1930 006a 4FF40073 		mov	r3, #512
 1931 006e 0393     		str	r3, [sp, #12]
1320:../../Drivers/STM32H7xx_HAL_Driver/Src/stm32h7xx_hal_rcc.c ****     GPIO_InitStruct.Speed = GPIO_SPEED_FREQ_VERY_HIGH;
 1932              		.loc 1 1320 5 is_stmt 1 view .LVU631
1320:../../Drivers/STM32H7xx_HAL_Driver/Src/stm32h7xx_hal_rcc.c ****     GPIO_InitStruct.Speed = GPIO_SPEED_FREQ_VERY_HIGH;
 1933              		.loc 1 1320 26 is_stmt 0 view .LVU632
 1934 0070 0223     		movs	r3, #2
 1935 0072 0493     		str	r3, [sp, #16]
1321:../../Drivers/STM32H7xx_HAL_Driver/Src/stm32h7xx_hal_rcc.c ****     GPIO_InitStruct.Pull = GPIO_NOPULL;
 1936              		.loc 1 1321 5 is_stmt 1 view .LVU633
1321:../../Drivers/STM32H7xx_HAL_Driver/Src/stm32h7xx_hal_rcc.c ****     GPIO_InitStruct.Pull = GPIO_NOPULL;
 1937              		.loc 1 1321 27 is_stmt 0 view .LVU634
 1938 0074 0323     		movs	r3, #3
 1939 0076 0693     		str	r3, [sp, #24]
1322:../../Drivers/STM32H7xx_HAL_Driver/Src/stm32h7xx_hal_rcc.c ****     GPIO_InitStruct.Alternate = GPIO_AF0_MCO;
 1940              		.loc 1 1322 5 is_stmt 1 view .LVU635
1322:../../Drivers/STM32H7xx_HAL_Driver/Src/stm32h7xx_hal_rcc.c ****     GPIO_InitStruct.Alternate = GPIO_AF0_MCO;
 1941              		.loc 1 1322 26 is_stmt 0 view .LVU636
 1942 0078 0023     		movs	r3, #0
 1943 007a 0593     		str	r3, [sp, #20]
1323:../../Drivers/STM32H7xx_HAL_Driver/Src/stm32h7xx_hal_rcc.c ****     HAL_GPIO_Init(MCO2_GPIO_PORT, &GPIO_InitStruct);
 1944              		.loc 1 1323 5 is_stmt 1 view .LVU637
1323:../../Drivers/STM32H7xx_HAL_Driver/Src/stm32h7xx_hal_rcc.c ****     HAL_GPIO_Init(MCO2_GPIO_PORT, &GPIO_InitStruct);
 1945              		.loc 1 1323 31 is_stmt 0 view .LVU638
 1946 007c 0793     		str	r3, [sp, #28]
1324:../../Drivers/STM32H7xx_HAL_Driver/Src/stm32h7xx_hal_rcc.c **** 
 1947              		.loc 1 1324 5 is_stmt 1 view .LVU639
 1948 007e 03A9     		add	r1, sp, #12
 1949              	.LVL154:
ARM GAS  /var/folders/2r/mdtt8xvd351gdc398t28_m2m0000gn/T//ccT8wITP.s 			page 64


1324:../../Drivers/STM32H7xx_HAL_Driver/Src/stm32h7xx_hal_rcc.c **** 
 1950              		.loc 1 1324 5 is_stmt 0 view .LVU640
 1951 0080 0748     		ldr	r0, .L176+8
 1952              	.LVL155:
1324:../../Drivers/STM32H7xx_HAL_Driver/Src/stm32h7xx_hal_rcc.c **** 
 1953              		.loc 1 1324 5 view .LVU641
 1954 0082 FFF7FEFF 		bl	HAL_GPIO_Init
 1955              	.LVL156:
1327:../../Drivers/STM32H7xx_HAL_Driver/Src/stm32h7xx_hal_rcc.c ****   }
 1956              		.loc 1 1327 5 is_stmt 1 view .LVU642
 1957 0086 2369     		ldr	r3, [r4, #16]
 1958 0088 23F07E43 		bic	r3, r3, #-33554432
 1959 008c 46EAC512 		orr	r2, r6, r5, lsl #7
 1960 0090 1343     		orrs	r3, r3, r2
 1961 0092 2361     		str	r3, [r4, #16]
 1962              		.loc 1 1329 1 is_stmt 0 view .LVU643
 1963 0094 DAE7     		b	.L172
 1964              	.L177:
 1965 0096 00BF     		.align	2
 1966              	.L176:
 1967 0098 00440258 		.word	1476543488
 1968 009c 00000258 		.word	1476526080
 1969 00a0 00080258 		.word	1476528128
 1970              		.cfi_endproc
 1971              	.LFE135:
 1973              		.section	.text.HAL_RCC_EnableCSS,"ax",%progbits
 1974              		.align	1
 1975              		.global	HAL_RCC_EnableCSS
 1976              		.syntax unified
 1977              		.thumb
 1978              		.thumb_func
 1980              	HAL_RCC_EnableCSS:
 1981              	.LFB136:
1330:../../Drivers/STM32H7xx_HAL_Driver/Src/stm32h7xx_hal_rcc.c **** 
1331:../../Drivers/STM32H7xx_HAL_Driver/Src/stm32h7xx_hal_rcc.c **** /**
1332:../../Drivers/STM32H7xx_HAL_Driver/Src/stm32h7xx_hal_rcc.c ****   * @brief  Enables the Clock Security System.
1333:../../Drivers/STM32H7xx_HAL_Driver/Src/stm32h7xx_hal_rcc.c ****   * @note   If a failure is detected on the HSE oscillator clock, this oscillator
1334:../../Drivers/STM32H7xx_HAL_Driver/Src/stm32h7xx_hal_rcc.c ****   *         is automatically disabled and an interrupt is generated to inform the
1335:../../Drivers/STM32H7xx_HAL_Driver/Src/stm32h7xx_hal_rcc.c ****   *         software about the failure (Clock Security System Interrupt, CSSI),
1336:../../Drivers/STM32H7xx_HAL_Driver/Src/stm32h7xx_hal_rcc.c ****   *         allowing the MCU to perform rescue operations. The CSSI is linked to
1337:../../Drivers/STM32H7xx_HAL_Driver/Src/stm32h7xx_hal_rcc.c ****   *         the Cortex-M NMI (Non-Mask-able Interrupt) exception vector.
1338:../../Drivers/STM32H7xx_HAL_Driver/Src/stm32h7xx_hal_rcc.c ****   * @retval None
1339:../../Drivers/STM32H7xx_HAL_Driver/Src/stm32h7xx_hal_rcc.c ****   */
1340:../../Drivers/STM32H7xx_HAL_Driver/Src/stm32h7xx_hal_rcc.c **** void HAL_RCC_EnableCSS(void)
1341:../../Drivers/STM32H7xx_HAL_Driver/Src/stm32h7xx_hal_rcc.c **** {
 1982              		.loc 1 1341 1 is_stmt 1 view -0
 1983              		.cfi_startproc
 1984              		@ args = 0, pretend = 0, frame = 0
 1985              		@ frame_needed = 0, uses_anonymous_args = 0
 1986              		@ link register save eliminated.
1342:../../Drivers/STM32H7xx_HAL_Driver/Src/stm32h7xx_hal_rcc.c ****   SET_BIT(RCC->CR, RCC_CR_CSSHSEON) ;
 1987              		.loc 1 1342 3 view .LVU645
 1988 0000 024A     		ldr	r2, .L179
 1989 0002 1368     		ldr	r3, [r2]
 1990 0004 43F40023 		orr	r3, r3, #524288
 1991 0008 1360     		str	r3, [r2]
1343:../../Drivers/STM32H7xx_HAL_Driver/Src/stm32h7xx_hal_rcc.c **** }
ARM GAS  /var/folders/2r/mdtt8xvd351gdc398t28_m2m0000gn/T//ccT8wITP.s 			page 65


 1992              		.loc 1 1343 1 is_stmt 0 view .LVU646
 1993 000a 7047     		bx	lr
 1994              	.L180:
 1995              		.align	2
 1996              	.L179:
 1997 000c 00440258 		.word	1476543488
 1998              		.cfi_endproc
 1999              	.LFE136:
 2001              		.section	.text.HAL_RCC_DisableCSS,"ax",%progbits
 2002              		.align	1
 2003              		.global	HAL_RCC_DisableCSS
 2004              		.syntax unified
 2005              		.thumb
 2006              		.thumb_func
 2008              	HAL_RCC_DisableCSS:
 2009              	.LFB137:
1344:../../Drivers/STM32H7xx_HAL_Driver/Src/stm32h7xx_hal_rcc.c **** 
1345:../../Drivers/STM32H7xx_HAL_Driver/Src/stm32h7xx_hal_rcc.c **** /**
1346:../../Drivers/STM32H7xx_HAL_Driver/Src/stm32h7xx_hal_rcc.c ****   * @brief  Disables the Clock Security System.
1347:../../Drivers/STM32H7xx_HAL_Driver/Src/stm32h7xx_hal_rcc.c ****   * @retval None
1348:../../Drivers/STM32H7xx_HAL_Driver/Src/stm32h7xx_hal_rcc.c ****   */
1349:../../Drivers/STM32H7xx_HAL_Driver/Src/stm32h7xx_hal_rcc.c **** void HAL_RCC_DisableCSS(void)
1350:../../Drivers/STM32H7xx_HAL_Driver/Src/stm32h7xx_hal_rcc.c **** {
 2010              		.loc 1 1350 1 is_stmt 1 view -0
 2011              		.cfi_startproc
 2012              		@ args = 0, pretend = 0, frame = 0
 2013              		@ frame_needed = 0, uses_anonymous_args = 0
 2014              		@ link register save eliminated.
1351:../../Drivers/STM32H7xx_HAL_Driver/Src/stm32h7xx_hal_rcc.c ****   CLEAR_BIT(RCC->CR, RCC_CR_CSSHSEON);
 2015              		.loc 1 1351 3 view .LVU648
 2016 0000 024A     		ldr	r2, .L182
 2017 0002 1368     		ldr	r3, [r2]
 2018 0004 23F40023 		bic	r3, r3, #524288
 2019 0008 1360     		str	r3, [r2]
1352:../../Drivers/STM32H7xx_HAL_Driver/Src/stm32h7xx_hal_rcc.c **** }
 2020              		.loc 1 1352 1 is_stmt 0 view .LVU649
 2021 000a 7047     		bx	lr
 2022              	.L183:
 2023              		.align	2
 2024              	.L182:
 2025 000c 00440258 		.word	1476543488
 2026              		.cfi_endproc
 2027              	.LFE137:
 2029              		.section	.text.HAL_RCC_GetSysClockFreq,"ax",%progbits
 2030              		.align	1
 2031              		.global	HAL_RCC_GetSysClockFreq
 2032              		.syntax unified
 2033              		.thumb
 2034              		.thumb_func
 2036              	HAL_RCC_GetSysClockFreq:
 2037              	.LFB138:
1353:../../Drivers/STM32H7xx_HAL_Driver/Src/stm32h7xx_hal_rcc.c **** 
1354:../../Drivers/STM32H7xx_HAL_Driver/Src/stm32h7xx_hal_rcc.c **** /**
1355:../../Drivers/STM32H7xx_HAL_Driver/Src/stm32h7xx_hal_rcc.c ****   * @brief  Returns the SYSCLK frequency
1356:../../Drivers/STM32H7xx_HAL_Driver/Src/stm32h7xx_hal_rcc.c ****   *
1357:../../Drivers/STM32H7xx_HAL_Driver/Src/stm32h7xx_hal_rcc.c ****   * @note   The system frequency computed by this function is not the real
1358:../../Drivers/STM32H7xx_HAL_Driver/Src/stm32h7xx_hal_rcc.c ****   *         frequency in the chip. It is calculated based on the predefined
ARM GAS  /var/folders/2r/mdtt8xvd351gdc398t28_m2m0000gn/T//ccT8wITP.s 			page 66


1359:../../Drivers/STM32H7xx_HAL_Driver/Src/stm32h7xx_hal_rcc.c ****   *         constant and the selected clock source:
1360:../../Drivers/STM32H7xx_HAL_Driver/Src/stm32h7xx_hal_rcc.c ****   * @note     If SYSCLK source is CSI, function returns values based on CSI_VALUE(*)
1361:../../Drivers/STM32H7xx_HAL_Driver/Src/stm32h7xx_hal_rcc.c ****   * @note     If SYSCLK source is HSI, function returns values based on HSI_VALUE(**)
1362:../../Drivers/STM32H7xx_HAL_Driver/Src/stm32h7xx_hal_rcc.c ****   * @note     If SYSCLK source is HSE, function returns values based on HSE_VALUE(***)
1363:../../Drivers/STM32H7xx_HAL_Driver/Src/stm32h7xx_hal_rcc.c ****   * @note     If SYSCLK source is PLL, function returns values based on CSI_VALUE(*),
1364:../../Drivers/STM32H7xx_HAL_Driver/Src/stm32h7xx_hal_rcc.c ****   *           HSI_VALUE(**) or HSE_VALUE(***) multiplied/divided by the PLL factors.
1365:../../Drivers/STM32H7xx_HAL_Driver/Src/stm32h7xx_hal_rcc.c ****   * @note     (*) CSI_VALUE is a constant defined in stm32h7xx_hal_conf.h file (default value
1366:../../Drivers/STM32H7xx_HAL_Driver/Src/stm32h7xx_hal_rcc.c ****   *               4 MHz) but the real value may vary depending on the variations
1367:../../Drivers/STM32H7xx_HAL_Driver/Src/stm32h7xx_hal_rcc.c ****   *               in voltage and temperature.
1368:../../Drivers/STM32H7xx_HAL_Driver/Src/stm32h7xx_hal_rcc.c ****   * @note     (**) HSI_VALUE is a constant defined in stm32h7xx_hal_conf.h file (default value
1369:../../Drivers/STM32H7xx_HAL_Driver/Src/stm32h7xx_hal_rcc.c ****   *               64 MHz) but the real value may vary depending on the variations
1370:../../Drivers/STM32H7xx_HAL_Driver/Src/stm32h7xx_hal_rcc.c ****   *               in voltage and temperature.
1371:../../Drivers/STM32H7xx_HAL_Driver/Src/stm32h7xx_hal_rcc.c ****   * @note     (***) HSE_VALUE is a constant defined in stm32h7xx_hal_conf.h file (default value
1372:../../Drivers/STM32H7xx_HAL_Driver/Src/stm32h7xx_hal_rcc.c ****   *                25 MHz), user has to ensure that HSE_VALUE is same as the real
1373:../../Drivers/STM32H7xx_HAL_Driver/Src/stm32h7xx_hal_rcc.c ****   *                frequency of the crystal used. Otherwise, this function may
1374:../../Drivers/STM32H7xx_HAL_Driver/Src/stm32h7xx_hal_rcc.c ****   *                have wrong result.
1375:../../Drivers/STM32H7xx_HAL_Driver/Src/stm32h7xx_hal_rcc.c ****   *
1376:../../Drivers/STM32H7xx_HAL_Driver/Src/stm32h7xx_hal_rcc.c ****   * @note   The result of this function could be not correct when using fractional
1377:../../Drivers/STM32H7xx_HAL_Driver/Src/stm32h7xx_hal_rcc.c ****   *         value for HSE crystal.
1378:../../Drivers/STM32H7xx_HAL_Driver/Src/stm32h7xx_hal_rcc.c ****   *
1379:../../Drivers/STM32H7xx_HAL_Driver/Src/stm32h7xx_hal_rcc.c ****   * @note   This function can be used by the user application to compute the
1380:../../Drivers/STM32H7xx_HAL_Driver/Src/stm32h7xx_hal_rcc.c ****   *         baud rate for the communication peripherals or configure other parameters.
1381:../../Drivers/STM32H7xx_HAL_Driver/Src/stm32h7xx_hal_rcc.c ****   *
1382:../../Drivers/STM32H7xx_HAL_Driver/Src/stm32h7xx_hal_rcc.c ****   * @note   Each time SYSCLK changes, this function must be called to update the
1383:../../Drivers/STM32H7xx_HAL_Driver/Src/stm32h7xx_hal_rcc.c ****   *         right SYSCLK value. Otherwise, any configuration based on this function will be incorre
1384:../../Drivers/STM32H7xx_HAL_Driver/Src/stm32h7xx_hal_rcc.c ****   *
1385:../../Drivers/STM32H7xx_HAL_Driver/Src/stm32h7xx_hal_rcc.c ****   *
1386:../../Drivers/STM32H7xx_HAL_Driver/Src/stm32h7xx_hal_rcc.c ****   * @retval SYSCLK frequency
1387:../../Drivers/STM32H7xx_HAL_Driver/Src/stm32h7xx_hal_rcc.c ****   */
1388:../../Drivers/STM32H7xx_HAL_Driver/Src/stm32h7xx_hal_rcc.c **** uint32_t HAL_RCC_GetSysClockFreq(void)
1389:../../Drivers/STM32H7xx_HAL_Driver/Src/stm32h7xx_hal_rcc.c **** {
 2038              		.loc 1 1389 1 is_stmt 1 view -0
 2039              		.cfi_startproc
 2040              		@ args = 0, pretend = 0, frame = 0
 2041              		@ frame_needed = 0, uses_anonymous_args = 0
 2042 0000 F8B5     		push	{r3, r4, r5, r6, r7, lr}
 2043              	.LCFI8:
 2044              		.cfi_def_cfa_offset 24
 2045              		.cfi_offset 3, -24
 2046              		.cfi_offset 4, -20
 2047              		.cfi_offset 5, -16
 2048              		.cfi_offset 6, -12
 2049              		.cfi_offset 7, -8
 2050              		.cfi_offset 14, -4
1390:../../Drivers/STM32H7xx_HAL_Driver/Src/stm32h7xx_hal_rcc.c ****   uint32_t pllp, pllsource, pllm, pllfracen, hsivalue;
 2051              		.loc 1 1390 3 view .LVU651
1391:../../Drivers/STM32H7xx_HAL_Driver/Src/stm32h7xx_hal_rcc.c ****   float_t fracn1, pllvco;
 2052              		.loc 1 1391 3 view .LVU652
1392:../../Drivers/STM32H7xx_HAL_Driver/Src/stm32h7xx_hal_rcc.c ****   uint32_t sysclockfreq;
 2053              		.loc 1 1392 3 view .LVU653
1393:../../Drivers/STM32H7xx_HAL_Driver/Src/stm32h7xx_hal_rcc.c **** 
1394:../../Drivers/STM32H7xx_HAL_Driver/Src/stm32h7xx_hal_rcc.c ****   /* Get SYSCLK source -------------------------------------------------------*/
1395:../../Drivers/STM32H7xx_HAL_Driver/Src/stm32h7xx_hal_rcc.c **** 
1396:../../Drivers/STM32H7xx_HAL_Driver/Src/stm32h7xx_hal_rcc.c ****   switch (RCC->CFGR & RCC_CFGR_SWS)
 2054              		.loc 1 1396 3 view .LVU654
 2055              		.loc 1 1396 14 is_stmt 0 view .LVU655
 2056 0002 844B     		ldr	r3, .L196
ARM GAS  /var/folders/2r/mdtt8xvd351gdc398t28_m2m0000gn/T//ccT8wITP.s 			page 67


 2057 0004 1B69     		ldr	r3, [r3, #16]
 2058              		.loc 1 1396 21 view .LVU656
 2059 0006 03F03803 		and	r3, r3, #56
 2060              		.loc 1 1396 3 view .LVU657
 2061 000a 102B     		cmp	r3, #16
 2062 000c 00F0F780 		beq	.L192
 2063 0010 182B     		cmp	r3, #24
 2064 0012 11D0     		beq	.L186
 2065 0014 002B     		cmp	r3, #0
 2066 0016 40F0F680 		bne	.L193
1397:../../Drivers/STM32H7xx_HAL_Driver/Src/stm32h7xx_hal_rcc.c ****   {
1398:../../Drivers/STM32H7xx_HAL_Driver/Src/stm32h7xx_hal_rcc.c ****     case RCC_CFGR_SWS_HSI:  /* HSI used as system clock source */
1399:../../Drivers/STM32H7xx_HAL_Driver/Src/stm32h7xx_hal_rcc.c **** 
1400:../../Drivers/STM32H7xx_HAL_Driver/Src/stm32h7xx_hal_rcc.c ****       if (__HAL_RCC_GET_FLAG(RCC_FLAG_HSIDIV) != 0U)
 2067              		.loc 1 1400 7 is_stmt 1 view .LVU658
 2068              		.loc 1 1400 11 is_stmt 0 view .LVU659
 2069 001a 7E4B     		ldr	r3, .L196
 2070 001c 1B68     		ldr	r3, [r3]
 2071              		.loc 1 1400 10 view .LVU660
 2072 001e 13F0200F 		tst	r3, #32
 2073 0022 00F0F380 		beq	.L194
1401:../../Drivers/STM32H7xx_HAL_Driver/Src/stm32h7xx_hal_rcc.c ****       {
1402:../../Drivers/STM32H7xx_HAL_Driver/Src/stm32h7xx_hal_rcc.c ****         sysclockfreq = (uint32_t)(HSI_VALUE >> (__HAL_RCC_GET_HSI_DIVIDER() >> 3));
 2074              		.loc 1 1402 9 is_stmt 1 view .LVU661
 2075              		.loc 1 1402 49 is_stmt 0 view .LVU662
 2076 0026 7B4B     		ldr	r3, .L196
 2077 0028 1B68     		ldr	r3, [r3]
 2078              		.loc 1 1402 77 view .LVU663
 2079 002a C3F3C103 		ubfx	r3, r3, #3, #2
 2080              		.loc 1 1402 22 view .LVU664
 2081 002e 7A4A     		ldr	r2, .L196+4
 2082 0030 22FA03F3 		lsr	r3, r2, r3
 2083 0034 1C46     		mov	r4, r3
 2084              	.LVL157:
 2085              		.loc 1 1402 22 view .LVU665
 2086 0036 E4E0     		b	.L184
 2087              	.LVL158:
 2088              	.L186:
1403:../../Drivers/STM32H7xx_HAL_Driver/Src/stm32h7xx_hal_rcc.c ****       }
1404:../../Drivers/STM32H7xx_HAL_Driver/Src/stm32h7xx_hal_rcc.c ****       else
1405:../../Drivers/STM32H7xx_HAL_Driver/Src/stm32h7xx_hal_rcc.c ****       {
1406:../../Drivers/STM32H7xx_HAL_Driver/Src/stm32h7xx_hal_rcc.c ****         sysclockfreq = (uint32_t) HSI_VALUE;
1407:../../Drivers/STM32H7xx_HAL_Driver/Src/stm32h7xx_hal_rcc.c ****       }
1408:../../Drivers/STM32H7xx_HAL_Driver/Src/stm32h7xx_hal_rcc.c **** 
1409:../../Drivers/STM32H7xx_HAL_Driver/Src/stm32h7xx_hal_rcc.c ****       break;
1410:../../Drivers/STM32H7xx_HAL_Driver/Src/stm32h7xx_hal_rcc.c **** 
1411:../../Drivers/STM32H7xx_HAL_Driver/Src/stm32h7xx_hal_rcc.c ****     case RCC_CFGR_SWS_CSI:  /* CSI used as system clock  source */
1412:../../Drivers/STM32H7xx_HAL_Driver/Src/stm32h7xx_hal_rcc.c ****       sysclockfreq = CSI_VALUE;
1413:../../Drivers/STM32H7xx_HAL_Driver/Src/stm32h7xx_hal_rcc.c ****       break;
1414:../../Drivers/STM32H7xx_HAL_Driver/Src/stm32h7xx_hal_rcc.c **** 
1415:../../Drivers/STM32H7xx_HAL_Driver/Src/stm32h7xx_hal_rcc.c ****     case RCC_CFGR_SWS_HSE:  /* HSE used as system clock  source */
1416:../../Drivers/STM32H7xx_HAL_Driver/Src/stm32h7xx_hal_rcc.c ****       sysclockfreq = HSE_VALUE;
1417:../../Drivers/STM32H7xx_HAL_Driver/Src/stm32h7xx_hal_rcc.c ****       break;
1418:../../Drivers/STM32H7xx_HAL_Driver/Src/stm32h7xx_hal_rcc.c **** 
1419:../../Drivers/STM32H7xx_HAL_Driver/Src/stm32h7xx_hal_rcc.c ****     case RCC_CFGR_SWS_PLL1:  /* PLL1 used as system clock  source */
1420:../../Drivers/STM32H7xx_HAL_Driver/Src/stm32h7xx_hal_rcc.c **** 
1421:../../Drivers/STM32H7xx_HAL_Driver/Src/stm32h7xx_hal_rcc.c ****       /* PLL_VCO = (HSE_VALUE or HSI_VALUE or CSI_VALUE/ PLLM) * PLLN
ARM GAS  /var/folders/2r/mdtt8xvd351gdc398t28_m2m0000gn/T//ccT8wITP.s 			page 68


1422:../../Drivers/STM32H7xx_HAL_Driver/Src/stm32h7xx_hal_rcc.c ****       SYSCLK = PLL_VCO / PLLR
1423:../../Drivers/STM32H7xx_HAL_Driver/Src/stm32h7xx_hal_rcc.c ****       */
1424:../../Drivers/STM32H7xx_HAL_Driver/Src/stm32h7xx_hal_rcc.c ****       pllsource = (RCC->PLLCKSELR & RCC_PLLCKSELR_PLLSRC);
 2089              		.loc 1 1424 7 is_stmt 1 view .LVU666
 2090              		.loc 1 1424 23 is_stmt 0 view .LVU667
 2091 0038 764B     		ldr	r3, .L196
 2092 003a 9A6A     		ldr	r2, [r3, #40]
 2093              		.loc 1 1424 17 view .LVU668
 2094 003c 02F00306 		and	r6, r2, #3
 2095              	.LVL159:
1425:../../Drivers/STM32H7xx_HAL_Driver/Src/stm32h7xx_hal_rcc.c ****       pllm = ((RCC->PLLCKSELR & RCC_PLLCKSELR_DIVM1) >> 4)  ;
 2096              		.loc 1 1425 7 is_stmt 1 view .LVU669
 2097              		.loc 1 1425 19 is_stmt 0 view .LVU670
 2098 0040 9A6A     		ldr	r2, [r3, #40]
 2099              		.loc 1 1425 12 view .LVU671
 2100 0042 C2F30514 		ubfx	r4, r2, #4, #6
 2101              	.LVL160:
1426:../../Drivers/STM32H7xx_HAL_Driver/Src/stm32h7xx_hal_rcc.c ****       pllfracen = ((RCC-> PLLCFGR & RCC_PLLCFGR_PLL1FRACEN) >> RCC_PLLCFGR_PLL1FRACEN_Pos);
 2102              		.loc 1 1426 7 is_stmt 1 view .LVU672
 2103              		.loc 1 1426 24 is_stmt 0 view .LVU673
 2104 0046 D86A     		ldr	r0, [r3, #44]
 2105              		.loc 1 1426 17 view .LVU674
 2106 0048 00F00100 		and	r0, r0, #1
 2107              	.LVL161:
1427:../../Drivers/STM32H7xx_HAL_Driver/Src/stm32h7xx_hal_rcc.c ****       fracn1 = (float_t)(uint32_t)(pllfracen * ((RCC->PLL1FRACR & RCC_PLL1FRACR_FRACN1) >> 3));
 2108              		.loc 1 1427 7 is_stmt 1 view .LVU675
 2109              		.loc 1 1427 53 is_stmt 0 view .LVU676
 2110 004c 5B6B     		ldr	r3, [r3, #52]
 2111              		.loc 1 1427 89 view .LVU677
 2112 004e C3F3CC03 		ubfx	r3, r3, #3, #13
 2113              		.loc 1 1427 14 view .LVU678
 2114 0052 03FB00F0 		mul	r0, r3, r0
 2115              	.LVL162:
 2116              		.loc 1 1427 14 view .LVU679
 2117 0056 FFF7FEFF 		bl	__aeabi_ui2f
 2118              	.LVL163:
 2119 005a 0546     		mov	r5, r0
 2120 005c 0746     		mov	r7, r0
 2121              	.LVL164:
1428:../../Drivers/STM32H7xx_HAL_Driver/Src/stm32h7xx_hal_rcc.c **** 
1429:../../Drivers/STM32H7xx_HAL_Driver/Src/stm32h7xx_hal_rcc.c ****       if (pllm != 0U)
 2122              		.loc 1 1429 7 is_stmt 1 view .LVU680
 2123              		.loc 1 1429 10 is_stmt 0 view .LVU681
 2124 005e 002C     		cmp	r4, #0
 2125 0060 00F0CF80 		beq	.L184
1430:../../Drivers/STM32H7xx_HAL_Driver/Src/stm32h7xx_hal_rcc.c ****       {
1431:../../Drivers/STM32H7xx_HAL_Driver/Src/stm32h7xx_hal_rcc.c ****         switch (pllsource)
 2126              		.loc 1 1431 9 is_stmt 1 view .LVU682
 2127 0064 012E     		cmp	r6, #1
 2128 0066 56D0     		beq	.L187
 2129 0068 022E     		cmp	r6, #2
 2130 006a 00F08480 		beq	.L188
 2131 006e 002E     		cmp	r6, #0
 2132 0070 40F0A380 		bne	.L189
1432:../../Drivers/STM32H7xx_HAL_Driver/Src/stm32h7xx_hal_rcc.c ****         {
1433:../../Drivers/STM32H7xx_HAL_Driver/Src/stm32h7xx_hal_rcc.c ****           case RCC_PLLSOURCE_HSI:  /* HSI used as PLL clock source */
1434:../../Drivers/STM32H7xx_HAL_Driver/Src/stm32h7xx_hal_rcc.c **** 
ARM GAS  /var/folders/2r/mdtt8xvd351gdc398t28_m2m0000gn/T//ccT8wITP.s 			page 69


1435:../../Drivers/STM32H7xx_HAL_Driver/Src/stm32h7xx_hal_rcc.c ****             if (__HAL_RCC_GET_FLAG(RCC_FLAG_HSIDIV) != 0U)
 2133              		.loc 1 1435 13 view .LVU683
 2134              		.loc 1 1435 17 is_stmt 0 view .LVU684
 2135 0074 674B     		ldr	r3, .L196
 2136 0076 1B68     		ldr	r3, [r3]
 2137              		.loc 1 1435 16 view .LVU685
 2138 0078 13F0200F 		tst	r3, #32
 2139 007c 29D0     		beq	.L190
1436:../../Drivers/STM32H7xx_HAL_Driver/Src/stm32h7xx_hal_rcc.c ****             {
1437:../../Drivers/STM32H7xx_HAL_Driver/Src/stm32h7xx_hal_rcc.c ****               hsivalue = (HSI_VALUE >> (__HAL_RCC_GET_HSI_DIVIDER() >> 3));
 2140              		.loc 1 1437 15 is_stmt 1 view .LVU686
 2141              		.loc 1 1437 41 is_stmt 0 view .LVU687
 2142 007e 654E     		ldr	r6, .L196
 2143              	.LVL165:
 2144              		.loc 1 1437 41 view .LVU688
 2145 0080 3368     		ldr	r3, [r6]
 2146              		.loc 1 1437 69 view .LVU689
 2147 0082 C3F3C103 		ubfx	r3, r3, #3, #2
 2148              	.LVL166:
1438:../../Drivers/STM32H7xx_HAL_Driver/Src/stm32h7xx_hal_rcc.c ****               pllvco = ((float_t)hsivalue / (float_t)pllm) * ((float_t)(uint32_t)(RCC->PLL1DIVR & R
 2149              		.loc 1 1438 15 is_stmt 1 view .LVU690
 2150              		.loc 1 1438 25 is_stmt 0 view .LVU691
 2151 0086 6448     		ldr	r0, .L196+4
 2152              	.LVL167:
 2153              		.loc 1 1438 25 view .LVU692
 2154 0088 D840     		lsrs	r0, r0, r3
 2155              	.LVL168:
 2156              		.loc 1 1438 25 view .LVU693
 2157 008a FFF7FEFF 		bl	__aeabi_ui2f
 2158              	.LVL169:
 2159              		.loc 1 1438 25 view .LVU694
 2160 008e 0746     		mov	r7, r0
 2161              		.loc 1 1438 45 view .LVU695
 2162 0090 2046     		mov	r0, r4
 2163 0092 FFF7FEFF 		bl	__aeabi_ui2f
 2164              	.LVL170:
 2165 0096 0146     		mov	r1, r0
 2166              		.loc 1 1438 43 view .LVU696
 2167 0098 3846     		mov	r0, r7
 2168 009a FFF7FEFF 		bl	__aeabi_fdiv
 2169              	.LVL171:
 2170 009e 0746     		mov	r7, r0
 2171              		.loc 1 1438 86 view .LVU697
 2172 00a0 306B     		ldr	r0, [r6, #48]
 2173              		.loc 1 1438 63 view .LVU698
 2174 00a2 C0F30800 		ubfx	r0, r0, #0, #9
 2175 00a6 FFF7FEFF 		bl	__aeabi_ui2f
 2176              	.LVL172:
 2177 00aa 0446     		mov	r4, r0
 2178              	.LVL173:
 2179              		.loc 1 1438 126 view .LVU699
 2180 00ac 4FF06451 		mov	r1, #956301312
 2181 00b0 2846     		mov	r0, r5
 2182 00b2 FFF7FEFF 		bl	__aeabi_fmul
 2183              	.LVL174:
 2184 00b6 0146     		mov	r1, r0
 2185              		.loc 1 1438 116 view .LVU700
ARM GAS  /var/folders/2r/mdtt8xvd351gdc398t28_m2m0000gn/T//ccT8wITP.s 			page 70


 2186 00b8 2046     		mov	r0, r4
 2187 00ba FFF7FEFF 		bl	__aeabi_fadd
 2188              	.LVL175:
 2189              		.loc 1 1438 145 view .LVU701
 2190 00be 4FF07E51 		mov	r1, #1065353216
 2191 00c2 FFF7FEFF 		bl	__aeabi_fadd
 2192              	.LVL176:
 2193 00c6 0146     		mov	r1, r0
 2194              		.loc 1 1438 22 view .LVU702
 2195 00c8 3846     		mov	r0, r7
 2196 00ca FFF7FEFF 		bl	__aeabi_fmul
 2197              	.LVL177:
 2198 00ce 0446     		mov	r4, r0
 2199              	.LVL178:
 2200              		.loc 1 1438 22 view .LVU703
 2201 00d0 42E0     		b	.L191
 2202              	.LVL179:
 2203              	.L190:
1439:../../Drivers/STM32H7xx_HAL_Driver/Src/stm32h7xx_hal_rcc.c ****             }
1440:../../Drivers/STM32H7xx_HAL_Driver/Src/stm32h7xx_hal_rcc.c ****             else
1441:../../Drivers/STM32H7xx_HAL_Driver/Src/stm32h7xx_hal_rcc.c ****             {
1442:../../Drivers/STM32H7xx_HAL_Driver/Src/stm32h7xx_hal_rcc.c ****               pllvco = ((float_t)HSI_VALUE / (float_t)pllm) * ((float_t)(uint32_t)(RCC->PLL1DIVR & 
 2204              		.loc 1 1442 15 is_stmt 1 view .LVU704
 2205              		.loc 1 1442 46 is_stmt 0 view .LVU705
 2206 00d2 2046     		mov	r0, r4
 2207              	.LVL180:
 2208              		.loc 1 1442 46 view .LVU706
 2209 00d4 FFF7FEFF 		bl	__aeabi_ui2f
 2210              	.LVL181:
 2211 00d8 0146     		mov	r1, r0
 2212              		.loc 1 1442 44 view .LVU707
 2213 00da 5048     		ldr	r0, .L196+8
 2214 00dc FFF7FEFF 		bl	__aeabi_fdiv
 2215              	.LVL182:
 2216 00e0 0546     		mov	r5, r0
 2217              	.LVL183:
 2218              		.loc 1 1442 87 view .LVU708
 2219 00e2 4C4B     		ldr	r3, .L196
 2220 00e4 186B     		ldr	r0, [r3, #48]
 2221              		.loc 1 1442 64 view .LVU709
 2222 00e6 C0F30800 		ubfx	r0, r0, #0, #9
 2223 00ea FFF7FEFF 		bl	__aeabi_ui2f
 2224              	.LVL184:
 2225 00ee 0446     		mov	r4, r0
 2226              	.LVL185:
 2227              		.loc 1 1442 127 view .LVU710
 2228 00f0 4FF06451 		mov	r1, #956301312
 2229 00f4 3846     		mov	r0, r7
 2230 00f6 FFF7FEFF 		bl	__aeabi_fmul
 2231              	.LVL186:
 2232 00fa 0146     		mov	r1, r0
 2233              		.loc 1 1442 117 view .LVU711
 2234 00fc 2046     		mov	r0, r4
 2235 00fe FFF7FEFF 		bl	__aeabi_fadd
 2236              	.LVL187:
 2237              		.loc 1 1442 146 view .LVU712
 2238 0102 4FF07E51 		mov	r1, #1065353216
ARM GAS  /var/folders/2r/mdtt8xvd351gdc398t28_m2m0000gn/T//ccT8wITP.s 			page 71


 2239 0106 FFF7FEFF 		bl	__aeabi_fadd
 2240              	.LVL188:
 2241 010a 0146     		mov	r1, r0
 2242              		.loc 1 1442 22 view .LVU713
 2243 010c 2846     		mov	r0, r5
 2244 010e FFF7FEFF 		bl	__aeabi_fmul
 2245              	.LVL189:
 2246 0112 0446     		mov	r4, r0
 2247              	.LVL190:
 2248              		.loc 1 1442 22 view .LVU714
 2249 0114 20E0     		b	.L191
 2250              	.LVL191:
 2251              	.L187:
1443:../../Drivers/STM32H7xx_HAL_Driver/Src/stm32h7xx_hal_rcc.c ****             }
1444:../../Drivers/STM32H7xx_HAL_Driver/Src/stm32h7xx_hal_rcc.c ****             break;
1445:../../Drivers/STM32H7xx_HAL_Driver/Src/stm32h7xx_hal_rcc.c **** 
1446:../../Drivers/STM32H7xx_HAL_Driver/Src/stm32h7xx_hal_rcc.c ****           case RCC_PLLSOURCE_CSI:  /* CSI used as PLL clock source */
1447:../../Drivers/STM32H7xx_HAL_Driver/Src/stm32h7xx_hal_rcc.c ****             pllvco = ((float_t)CSI_VALUE / (float_t)pllm) * ((float_t)(uint32_t)(RCC->PLL1DIVR & RC
 2252              		.loc 1 1447 13 is_stmt 1 view .LVU715
 2253              		.loc 1 1447 44 is_stmt 0 view .LVU716
 2254 0116 2046     		mov	r0, r4
 2255              	.LVL192:
 2256              		.loc 1 1447 44 view .LVU717
 2257 0118 FFF7FEFF 		bl	__aeabi_ui2f
 2258              	.LVL193:
 2259 011c 0146     		mov	r1, r0
 2260              		.loc 1 1447 42 view .LVU718
 2261 011e 4048     		ldr	r0, .L196+12
 2262 0120 FFF7FEFF 		bl	__aeabi_fdiv
 2263              	.LVL194:
 2264 0124 0546     		mov	r5, r0
 2265              	.LVL195:
 2266              		.loc 1 1447 85 view .LVU719
 2267 0126 3B4B     		ldr	r3, .L196
 2268 0128 186B     		ldr	r0, [r3, #48]
 2269              		.loc 1 1447 62 view .LVU720
 2270 012a C0F30800 		ubfx	r0, r0, #0, #9
 2271 012e FFF7FEFF 		bl	__aeabi_ui2f
 2272              	.LVL196:
 2273 0132 0446     		mov	r4, r0
 2274              	.LVL197:
 2275              		.loc 1 1447 125 view .LVU721
 2276 0134 4FF06451 		mov	r1, #956301312
 2277 0138 3846     		mov	r0, r7
 2278 013a FFF7FEFF 		bl	__aeabi_fmul
 2279              	.LVL198:
 2280 013e 0146     		mov	r1, r0
 2281              		.loc 1 1447 115 view .LVU722
 2282 0140 2046     		mov	r0, r4
 2283 0142 FFF7FEFF 		bl	__aeabi_fadd
 2284              	.LVL199:
 2285              		.loc 1 1447 144 view .LVU723
 2286 0146 4FF07E51 		mov	r1, #1065353216
 2287 014a FFF7FEFF 		bl	__aeabi_fadd
 2288              	.LVL200:
 2289 014e 0146     		mov	r1, r0
 2290              		.loc 1 1447 20 view .LVU724
ARM GAS  /var/folders/2r/mdtt8xvd351gdc398t28_m2m0000gn/T//ccT8wITP.s 			page 72


 2291 0150 2846     		mov	r0, r5
 2292 0152 FFF7FEFF 		bl	__aeabi_fmul
 2293              	.LVL201:
 2294 0156 0446     		mov	r4, r0
 2295              	.LVL202:
1448:../../Drivers/STM32H7xx_HAL_Driver/Src/stm32h7xx_hal_rcc.c ****             break;
 2296              		.loc 1 1448 13 is_stmt 1 view .LVU725
 2297              	.L191:
1449:../../Drivers/STM32H7xx_HAL_Driver/Src/stm32h7xx_hal_rcc.c **** 
1450:../../Drivers/STM32H7xx_HAL_Driver/Src/stm32h7xx_hal_rcc.c ****           case RCC_PLLSOURCE_HSE:  /* HSE used as PLL clock source */
1451:../../Drivers/STM32H7xx_HAL_Driver/Src/stm32h7xx_hal_rcc.c ****             pllvco = ((float_t)HSE_VALUE / (float_t)pllm) * ((float_t)(uint32_t)(RCC->PLL1DIVR & RC
1452:../../Drivers/STM32H7xx_HAL_Driver/Src/stm32h7xx_hal_rcc.c ****             break;
1453:../../Drivers/STM32H7xx_HAL_Driver/Src/stm32h7xx_hal_rcc.c **** 
1454:../../Drivers/STM32H7xx_HAL_Driver/Src/stm32h7xx_hal_rcc.c ****           default:
1455:../../Drivers/STM32H7xx_HAL_Driver/Src/stm32h7xx_hal_rcc.c ****             pllvco = ((float_t)CSI_VALUE / (float_t)pllm) * ((float_t)(uint32_t)(RCC->PLL1DIVR & RC
1456:../../Drivers/STM32H7xx_HAL_Driver/Src/stm32h7xx_hal_rcc.c ****             break;
1457:../../Drivers/STM32H7xx_HAL_Driver/Src/stm32h7xx_hal_rcc.c ****         }
1458:../../Drivers/STM32H7xx_HAL_Driver/Src/stm32h7xx_hal_rcc.c ****         pllp = (((RCC->PLL1DIVR & RCC_PLL1DIVR_P1) >> 9) + 1U) ;
 2298              		.loc 1 1458 9 view .LVU726
 2299              		.loc 1 1458 22 is_stmt 0 view .LVU727
 2300 0158 2E4B     		ldr	r3, .L196
 2301 015a 1B6B     		ldr	r3, [r3, #48]
 2302              		.loc 1 1458 52 view .LVU728
 2303 015c C3F34623 		ubfx	r3, r3, #9, #7
 2304              	.LVL203:
1459:../../Drivers/STM32H7xx_HAL_Driver/Src/stm32h7xx_hal_rcc.c ****         sysclockfreq = (uint32_t)(float_t)(pllvco / (float_t)pllp);
 2305              		.loc 1 1459 9 is_stmt 1 view .LVU729
 2306              		.loc 1 1459 53 is_stmt 0 view .LVU730
 2307 0160 581C     		adds	r0, r3, #1
 2308              	.LVL204:
 2309              		.loc 1 1459 53 view .LVU731
 2310 0162 FFF7FEFF 		bl	__aeabi_ui2f
 2311              	.LVL205:
 2312              		.loc 1 1459 53 view .LVU732
 2313 0166 0146     		mov	r1, r0
 2314              		.loc 1 1459 34 view .LVU733
 2315 0168 2046     		mov	r0, r4
 2316 016a FFF7FEFF 		bl	__aeabi_fdiv
 2317              	.LVL206:
 2318              		.loc 1 1459 22 view .LVU734
 2319 016e FFF7FEFF 		bl	__aeabi_f2uiz
 2320              	.LVL207:
 2321 0172 0446     		mov	r4, r0
 2322              	.LVL208:
 2323              		.loc 1 1459 22 view .LVU735
 2324 0174 45E0     		b	.L184
 2325              	.LVL209:
 2326              	.L188:
1451:../../Drivers/STM32H7xx_HAL_Driver/Src/stm32h7xx_hal_rcc.c ****             break;
 2327              		.loc 1 1451 13 is_stmt 1 view .LVU736
1451:../../Drivers/STM32H7xx_HAL_Driver/Src/stm32h7xx_hal_rcc.c ****             break;
 2328              		.loc 1 1451 44 is_stmt 0 view .LVU737
 2329 0176 2046     		mov	r0, r4
 2330              	.LVL210:
1451:../../Drivers/STM32H7xx_HAL_Driver/Src/stm32h7xx_hal_rcc.c ****             break;
 2331              		.loc 1 1451 44 view .LVU738
 2332 0178 FFF7FEFF 		bl	__aeabi_ui2f
ARM GAS  /var/folders/2r/mdtt8xvd351gdc398t28_m2m0000gn/T//ccT8wITP.s 			page 73


 2333              	.LVL211:
 2334 017c 0146     		mov	r1, r0
1451:../../Drivers/STM32H7xx_HAL_Driver/Src/stm32h7xx_hal_rcc.c ****             break;
 2335              		.loc 1 1451 42 view .LVU739
 2336 017e 2948     		ldr	r0, .L196+16
 2337 0180 FFF7FEFF 		bl	__aeabi_fdiv
 2338              	.LVL212:
 2339 0184 0546     		mov	r5, r0
 2340              	.LVL213:
1451:../../Drivers/STM32H7xx_HAL_Driver/Src/stm32h7xx_hal_rcc.c ****             break;
 2341              		.loc 1 1451 85 view .LVU740
 2342 0186 234B     		ldr	r3, .L196
 2343 0188 186B     		ldr	r0, [r3, #48]
1451:../../Drivers/STM32H7xx_HAL_Driver/Src/stm32h7xx_hal_rcc.c ****             break;
 2344              		.loc 1 1451 62 view .LVU741
 2345 018a C0F30800 		ubfx	r0, r0, #0, #9
 2346 018e FFF7FEFF 		bl	__aeabi_ui2f
 2347              	.LVL214:
 2348 0192 0446     		mov	r4, r0
 2349              	.LVL215:
1451:../../Drivers/STM32H7xx_HAL_Driver/Src/stm32h7xx_hal_rcc.c ****             break;
 2350              		.loc 1 1451 125 view .LVU742
 2351 0194 4FF06451 		mov	r1, #956301312
 2352 0198 3846     		mov	r0, r7
 2353 019a FFF7FEFF 		bl	__aeabi_fmul
 2354              	.LVL216:
 2355 019e 0146     		mov	r1, r0
1451:../../Drivers/STM32H7xx_HAL_Driver/Src/stm32h7xx_hal_rcc.c ****             break;
 2356              		.loc 1 1451 115 view .LVU743
 2357 01a0 2046     		mov	r0, r4
 2358 01a2 FFF7FEFF 		bl	__aeabi_fadd
 2359              	.LVL217:
1451:../../Drivers/STM32H7xx_HAL_Driver/Src/stm32h7xx_hal_rcc.c ****             break;
 2360              		.loc 1 1451 144 view .LVU744
 2361 01a6 4FF07E51 		mov	r1, #1065353216
 2362 01aa FFF7FEFF 		bl	__aeabi_fadd
 2363              	.LVL218:
 2364 01ae 0146     		mov	r1, r0
1451:../../Drivers/STM32H7xx_HAL_Driver/Src/stm32h7xx_hal_rcc.c ****             break;
 2365              		.loc 1 1451 20 view .LVU745
 2366 01b0 2846     		mov	r0, r5
 2367 01b2 FFF7FEFF 		bl	__aeabi_fmul
 2368              	.LVL219:
 2369 01b6 0446     		mov	r4, r0
 2370              	.LVL220:
1452:../../Drivers/STM32H7xx_HAL_Driver/Src/stm32h7xx_hal_rcc.c **** 
 2371              		.loc 1 1452 13 is_stmt 1 view .LVU746
 2372 01b8 CEE7     		b	.L191
 2373              	.LVL221:
 2374              	.L189:
1455:../../Drivers/STM32H7xx_HAL_Driver/Src/stm32h7xx_hal_rcc.c ****             break;
 2375              		.loc 1 1455 13 view .LVU747
1455:../../Drivers/STM32H7xx_HAL_Driver/Src/stm32h7xx_hal_rcc.c ****             break;
 2376              		.loc 1 1455 44 is_stmt 0 view .LVU748
 2377 01ba 2046     		mov	r0, r4
 2378              	.LVL222:
1455:../../Drivers/STM32H7xx_HAL_Driver/Src/stm32h7xx_hal_rcc.c ****             break;
ARM GAS  /var/folders/2r/mdtt8xvd351gdc398t28_m2m0000gn/T//ccT8wITP.s 			page 74


 2379              		.loc 1 1455 44 view .LVU749
 2380 01bc FFF7FEFF 		bl	__aeabi_ui2f
 2381              	.LVL223:
 2382 01c0 0146     		mov	r1, r0
1455:../../Drivers/STM32H7xx_HAL_Driver/Src/stm32h7xx_hal_rcc.c ****             break;
 2383              		.loc 1 1455 42 view .LVU750
 2384 01c2 1748     		ldr	r0, .L196+12
 2385 01c4 FFF7FEFF 		bl	__aeabi_fdiv
 2386              	.LVL224:
 2387 01c8 0546     		mov	r5, r0
 2388              	.LVL225:
1455:../../Drivers/STM32H7xx_HAL_Driver/Src/stm32h7xx_hal_rcc.c ****             break;
 2389              		.loc 1 1455 85 view .LVU751
 2390 01ca 124B     		ldr	r3, .L196
 2391 01cc 186B     		ldr	r0, [r3, #48]
1455:../../Drivers/STM32H7xx_HAL_Driver/Src/stm32h7xx_hal_rcc.c ****             break;
 2392              		.loc 1 1455 62 view .LVU752
 2393 01ce C0F30800 		ubfx	r0, r0, #0, #9
 2394 01d2 FFF7FEFF 		bl	__aeabi_ui2f
 2395              	.LVL226:
 2396 01d6 0446     		mov	r4, r0
 2397              	.LVL227:
1455:../../Drivers/STM32H7xx_HAL_Driver/Src/stm32h7xx_hal_rcc.c ****             break;
 2398              		.loc 1 1455 125 view .LVU753
 2399 01d8 4FF06451 		mov	r1, #956301312
 2400 01dc 3846     		mov	r0, r7
 2401 01de FFF7FEFF 		bl	__aeabi_fmul
 2402              	.LVL228:
 2403 01e2 0146     		mov	r1, r0
1455:../../Drivers/STM32H7xx_HAL_Driver/Src/stm32h7xx_hal_rcc.c ****             break;
 2404              		.loc 1 1455 115 view .LVU754
 2405 01e4 2046     		mov	r0, r4
 2406 01e6 FFF7FEFF 		bl	__aeabi_fadd
 2407              	.LVL229:
1455:../../Drivers/STM32H7xx_HAL_Driver/Src/stm32h7xx_hal_rcc.c ****             break;
 2408              		.loc 1 1455 144 view .LVU755
 2409 01ea 4FF07E51 		mov	r1, #1065353216
 2410 01ee FFF7FEFF 		bl	__aeabi_fadd
 2411              	.LVL230:
 2412 01f2 0146     		mov	r1, r0
1455:../../Drivers/STM32H7xx_HAL_Driver/Src/stm32h7xx_hal_rcc.c ****             break;
 2413              		.loc 1 1455 20 view .LVU756
 2414 01f4 2846     		mov	r0, r5
 2415 01f6 FFF7FEFF 		bl	__aeabi_fmul
 2416              	.LVL231:
 2417 01fa 0446     		mov	r4, r0
 2418              	.LVL232:
1456:../../Drivers/STM32H7xx_HAL_Driver/Src/stm32h7xx_hal_rcc.c ****         }
 2419              		.loc 1 1456 13 is_stmt 1 view .LVU757
 2420 01fc ACE7     		b	.L191
 2421              	.LVL233:
 2422              	.L192:
1416:../../Drivers/STM32H7xx_HAL_Driver/Src/stm32h7xx_hal_rcc.c ****       break;
 2423              		.loc 1 1416 20 is_stmt 0 view .LVU758
 2424 01fe 0A4B     		ldr	r3, .L196+20
 2425 0200 1C46     		mov	r4, r3
 2426              	.L184:
ARM GAS  /var/folders/2r/mdtt8xvd351gdc398t28_m2m0000gn/T//ccT8wITP.s 			page 75


1460:../../Drivers/STM32H7xx_HAL_Driver/Src/stm32h7xx_hal_rcc.c ****       }
1461:../../Drivers/STM32H7xx_HAL_Driver/Src/stm32h7xx_hal_rcc.c ****       else
1462:../../Drivers/STM32H7xx_HAL_Driver/Src/stm32h7xx_hal_rcc.c ****       {
1463:../../Drivers/STM32H7xx_HAL_Driver/Src/stm32h7xx_hal_rcc.c ****         sysclockfreq = 0U;
1464:../../Drivers/STM32H7xx_HAL_Driver/Src/stm32h7xx_hal_rcc.c ****       }
1465:../../Drivers/STM32H7xx_HAL_Driver/Src/stm32h7xx_hal_rcc.c ****       break;
1466:../../Drivers/STM32H7xx_HAL_Driver/Src/stm32h7xx_hal_rcc.c **** 
1467:../../Drivers/STM32H7xx_HAL_Driver/Src/stm32h7xx_hal_rcc.c ****     default:
1468:../../Drivers/STM32H7xx_HAL_Driver/Src/stm32h7xx_hal_rcc.c ****       sysclockfreq = CSI_VALUE;
1469:../../Drivers/STM32H7xx_HAL_Driver/Src/stm32h7xx_hal_rcc.c ****       break;
1470:../../Drivers/STM32H7xx_HAL_Driver/Src/stm32h7xx_hal_rcc.c ****   }
1471:../../Drivers/STM32H7xx_HAL_Driver/Src/stm32h7xx_hal_rcc.c **** 
1472:../../Drivers/STM32H7xx_HAL_Driver/Src/stm32h7xx_hal_rcc.c ****   return sysclockfreq;
1473:../../Drivers/STM32H7xx_HAL_Driver/Src/stm32h7xx_hal_rcc.c **** }
 2427              		.loc 1 1473 1 view .LVU759
 2428 0202 2046     		mov	r0, r4
 2429 0204 F8BD     		pop	{r3, r4, r5, r6, r7, pc}
 2430              	.L193:
1396:../../Drivers/STM32H7xx_HAL_Driver/Src/stm32h7xx_hal_rcc.c ****   {
 2431              		.loc 1 1396 3 view .LVU760
 2432 0206 094B     		ldr	r3, .L196+24
 2433 0208 1C46     		mov	r4, r3
 2434 020a FAE7     		b	.L184
 2435              	.L194:
1406:../../Drivers/STM32H7xx_HAL_Driver/Src/stm32h7xx_hal_rcc.c ****       }
 2436              		.loc 1 1406 22 view .LVU761
 2437 020c 024B     		ldr	r3, .L196+4
 2438 020e 1C46     		mov	r4, r3
 2439              	.LVL234:
1472:../../Drivers/STM32H7xx_HAL_Driver/Src/stm32h7xx_hal_rcc.c **** }
 2440              		.loc 1 1472 3 is_stmt 1 view .LVU762
1472:../../Drivers/STM32H7xx_HAL_Driver/Src/stm32h7xx_hal_rcc.c **** }
 2441              		.loc 1 1472 10 is_stmt 0 view .LVU763
 2442 0210 F7E7     		b	.L184
 2443              	.L197:
 2444 0212 00BF     		.align	2
 2445              	.L196:
 2446 0214 00440258 		.word	1476543488
 2447 0218 0090D003 		.word	64000000
 2448 021c 0024744C 		.word	1282679808
 2449 0220 0024744A 		.word	1249125376
 2450 0224 20BCBE4B 		.word	1270791200
 2451 0228 40787D01 		.word	25000000
 2452 022c 00093D00 		.word	4000000
 2453              		.cfi_endproc
 2454              	.LFE138:
 2456              		.section	.text.HAL_RCC_ClockConfig,"ax",%progbits
 2457              		.align	1
 2458              		.global	HAL_RCC_ClockConfig
 2459              		.syntax unified
 2460              		.thumb
 2461              		.thumb_func
 2463              	HAL_RCC_ClockConfig:
 2464              	.LVL235:
 2465              	.LFB134:
 923:../../Drivers/STM32H7xx_HAL_Driver/Src/stm32h7xx_hal_rcc.c ****   HAL_StatusTypeDef halstatus;
 2466              		.loc 1 923 1 is_stmt 1 view -0
ARM GAS  /var/folders/2r/mdtt8xvd351gdc398t28_m2m0000gn/T//ccT8wITP.s 			page 76


 2467              		.cfi_startproc
 2468              		@ args = 0, pretend = 0, frame = 0
 2469              		@ frame_needed = 0, uses_anonymous_args = 0
 924:../../Drivers/STM32H7xx_HAL_Driver/Src/stm32h7xx_hal_rcc.c ****   uint32_t tickstart;
 2470              		.loc 1 924 3 view .LVU765
 925:../../Drivers/STM32H7xx_HAL_Driver/Src/stm32h7xx_hal_rcc.c ****   uint32_t common_system_clock;
 2471              		.loc 1 925 3 view .LVU766
 926:../../Drivers/STM32H7xx_HAL_Driver/Src/stm32h7xx_hal_rcc.c **** 
 2472              		.loc 1 926 3 view .LVU767
 929:../../Drivers/STM32H7xx_HAL_Driver/Src/stm32h7xx_hal_rcc.c ****   {
 2473              		.loc 1 929 3 view .LVU768
 929:../../Drivers/STM32H7xx_HAL_Driver/Src/stm32h7xx_hal_rcc.c ****   {
 2474              		.loc 1 929 6 is_stmt 0 view .LVU769
 2475 0000 0028     		cmp	r0, #0
 2476 0002 00F03181 		beq	.L219
 923:../../Drivers/STM32H7xx_HAL_Driver/Src/stm32h7xx_hal_rcc.c ****   HAL_StatusTypeDef halstatus;
 2477              		.loc 1 923 1 view .LVU770
 2478 0006 70B5     		push	{r4, r5, r6, lr}
 2479              	.LCFI9:
 2480              		.cfi_def_cfa_offset 16
 2481              		.cfi_offset 4, -16
 2482              		.cfi_offset 5, -12
 2483              		.cfi_offset 6, -8
 2484              		.cfi_offset 14, -4
 2485 0008 0D46     		mov	r5, r1
 2486 000a 0446     		mov	r4, r0
 935:../../Drivers/STM32H7xx_HAL_Driver/Src/stm32h7xx_hal_rcc.c ****   assert_param(IS_FLASH_LATENCY(FLatency));
 2487              		.loc 1 935 3 is_stmt 1 view .LVU771
 936:../../Drivers/STM32H7xx_HAL_Driver/Src/stm32h7xx_hal_rcc.c **** 
 2488              		.loc 1 936 3 view .LVU772
 943:../../Drivers/STM32H7xx_HAL_Driver/Src/stm32h7xx_hal_rcc.c ****   {
 2489              		.loc 1 943 3 view .LVU773
 943:../../Drivers/STM32H7xx_HAL_Driver/Src/stm32h7xx_hal_rcc.c ****   {
 2490              		.loc 1 943 18 is_stmt 0 view .LVU774
 2491 000c 9A4B     		ldr	r3, .L235
 2492 000e 1B68     		ldr	r3, [r3]
 2493 0010 03F00F03 		and	r3, r3, #15
 943:../../Drivers/STM32H7xx_HAL_Driver/Src/stm32h7xx_hal_rcc.c ****   {
 2494              		.loc 1 943 6 view .LVU775
 2495 0014 8B42     		cmp	r3, r1
 2496 0016 0BD2     		bcs	.L200
 946:../../Drivers/STM32H7xx_HAL_Driver/Src/stm32h7xx_hal_rcc.c **** 
 2497              		.loc 1 946 5 is_stmt 1 view .LVU776
 2498 0018 974A     		ldr	r2, .L235
 2499 001a 1368     		ldr	r3, [r2]
 2500 001c 23F00F03 		bic	r3, r3, #15
 2501 0020 0B43     		orrs	r3, r3, r1
 2502 0022 1360     		str	r3, [r2]
 950:../../Drivers/STM32H7xx_HAL_Driver/Src/stm32h7xx_hal_rcc.c ****     {
 2503              		.loc 1 950 5 view .LVU777
 950:../../Drivers/STM32H7xx_HAL_Driver/Src/stm32h7xx_hal_rcc.c ****     {
 2504              		.loc 1 950 9 is_stmt 0 view .LVU778
 2505 0024 1368     		ldr	r3, [r2]
 2506 0026 03F00F03 		and	r3, r3, #15
 950:../../Drivers/STM32H7xx_HAL_Driver/Src/stm32h7xx_hal_rcc.c ****     {
 2507              		.loc 1 950 8 view .LVU779
 2508 002a 8B42     		cmp	r3, r1
ARM GAS  /var/folders/2r/mdtt8xvd351gdc398t28_m2m0000gn/T//ccT8wITP.s 			page 77


 2509 002c 40F01E81 		bne	.L220
 2510              	.L200:
 959:../../Drivers/STM32H7xx_HAL_Driver/Src/stm32h7xx_hal_rcc.c ****   {
 2511              		.loc 1 959 3 is_stmt 1 view .LVU780
 959:../../Drivers/STM32H7xx_HAL_Driver/Src/stm32h7xx_hal_rcc.c ****   {
 2512              		.loc 1 959 26 is_stmt 0 view .LVU781
 2513 0030 2368     		ldr	r3, [r4]
 959:../../Drivers/STM32H7xx_HAL_Driver/Src/stm32h7xx_hal_rcc.c ****   {
 2514              		.loc 1 959 6 view .LVU782
 2515 0032 13F0040F 		tst	r3, #4
 2516 0036 0CD0     		beq	.L201
 962:../../Drivers/STM32H7xx_HAL_Driver/Src/stm32h7xx_hal_rcc.c ****     {
 2517              		.loc 1 962 5 is_stmt 1 view .LVU783
 962:../../Drivers/STM32H7xx_HAL_Driver/Src/stm32h7xx_hal_rcc.c ****     {
 2518              		.loc 1 962 27 is_stmt 0 view .LVU784
 2519 0038 2269     		ldr	r2, [r4, #16]
 962:../../Drivers/STM32H7xx_HAL_Driver/Src/stm32h7xx_hal_rcc.c ****     {
 2520              		.loc 1 962 51 view .LVU785
 2521 003a 904B     		ldr	r3, .L235+4
 2522 003c 9B69     		ldr	r3, [r3, #24]
 962:../../Drivers/STM32H7xx_HAL_Driver/Src/stm32h7xx_hal_rcc.c ****     {
 2523              		.loc 1 962 60 view .LVU786
 2524 003e 03F07003 		and	r3, r3, #112
 962:../../Drivers/STM32H7xx_HAL_Driver/Src/stm32h7xx_hal_rcc.c ****     {
 2525              		.loc 1 962 8 view .LVU787
 2526 0042 9A42     		cmp	r2, r3
 2527 0044 05D9     		bls	.L201
 964:../../Drivers/STM32H7xx_HAL_Driver/Src/stm32h7xx_hal_rcc.c ****       MODIFY_REG(RCC->D1CFGR, RCC_D1CFGR_D1PPRE, RCC_ClkInitStruct->APB3CLKDivider);
 2528              		.loc 1 964 7 is_stmt 1 view .LVU788
 965:../../Drivers/STM32H7xx_HAL_Driver/Src/stm32h7xx_hal_rcc.c ****     }
 2529              		.loc 1 965 7 view .LVU789
 2530 0046 8D49     		ldr	r1, .L235+4
 2531              	.LVL236:
 965:../../Drivers/STM32H7xx_HAL_Driver/Src/stm32h7xx_hal_rcc.c ****     }
 2532              		.loc 1 965 7 is_stmt 0 view .LVU790
 2533 0048 8B69     		ldr	r3, [r1, #24]
 2534 004a 23F07003 		bic	r3, r3, #112
 2535 004e 1A43     		orrs	r2, r2, r3
 2536 0050 8A61     		str	r2, [r1, #24]
 2537              	.L201:
 977:../../Drivers/STM32H7xx_HAL_Driver/Src/stm32h7xx_hal_rcc.c ****   {
 2538              		.loc 1 977 3 is_stmt 1 view .LVU791
 977:../../Drivers/STM32H7xx_HAL_Driver/Src/stm32h7xx_hal_rcc.c ****   {
 2539              		.loc 1 977 26 is_stmt 0 view .LVU792
 2540 0052 2368     		ldr	r3, [r4]
 977:../../Drivers/STM32H7xx_HAL_Driver/Src/stm32h7xx_hal_rcc.c ****   {
 2541              		.loc 1 977 6 view .LVU793
 2542 0054 13F0080F 		tst	r3, #8
 2543 0058 0CD0     		beq	.L202
 980:../../Drivers/STM32H7xx_HAL_Driver/Src/stm32h7xx_hal_rcc.c ****     {
 2544              		.loc 1 980 5 is_stmt 1 view .LVU794
 980:../../Drivers/STM32H7xx_HAL_Driver/Src/stm32h7xx_hal_rcc.c ****     {
 2545              		.loc 1 980 27 is_stmt 0 view .LVU795
 2546 005a 6269     		ldr	r2, [r4, #20]
 980:../../Drivers/STM32H7xx_HAL_Driver/Src/stm32h7xx_hal_rcc.c ****     {
 2547              		.loc 1 980 51 view .LVU796
 2548 005c 874B     		ldr	r3, .L235+4
ARM GAS  /var/folders/2r/mdtt8xvd351gdc398t28_m2m0000gn/T//ccT8wITP.s 			page 78


 2549 005e DB69     		ldr	r3, [r3, #28]
 980:../../Drivers/STM32H7xx_HAL_Driver/Src/stm32h7xx_hal_rcc.c ****     {
 2550              		.loc 1 980 60 view .LVU797
 2551 0060 03F07003 		and	r3, r3, #112
 980:../../Drivers/STM32H7xx_HAL_Driver/Src/stm32h7xx_hal_rcc.c ****     {
 2552              		.loc 1 980 8 view .LVU798
 2553 0064 9A42     		cmp	r2, r3
 2554 0066 05D9     		bls	.L202
 982:../../Drivers/STM32H7xx_HAL_Driver/Src/stm32h7xx_hal_rcc.c ****       MODIFY_REG(RCC->D2CFGR, RCC_D2CFGR_D2PPRE1, (RCC_ClkInitStruct->APB1CLKDivider));
 2555              		.loc 1 982 7 is_stmt 1 view .LVU799
 983:../../Drivers/STM32H7xx_HAL_Driver/Src/stm32h7xx_hal_rcc.c ****     }
 2556              		.loc 1 983 7 view .LVU800
 2557 0068 8449     		ldr	r1, .L235+4
 2558 006a CB69     		ldr	r3, [r1, #28]
 2559 006c 23F07003 		bic	r3, r3, #112
 2560 0070 1A43     		orrs	r2, r2, r3
 2561 0072 CA61     		str	r2, [r1, #28]
 2562              	.L202:
 994:../../Drivers/STM32H7xx_HAL_Driver/Src/stm32h7xx_hal_rcc.c ****   {
 2563              		.loc 1 994 3 view .LVU801
 994:../../Drivers/STM32H7xx_HAL_Driver/Src/stm32h7xx_hal_rcc.c ****   {
 2564              		.loc 1 994 26 is_stmt 0 view .LVU802
 2565 0074 2368     		ldr	r3, [r4]
 994:../../Drivers/STM32H7xx_HAL_Driver/Src/stm32h7xx_hal_rcc.c ****   {
 2566              		.loc 1 994 6 view .LVU803
 2567 0076 13F0100F 		tst	r3, #16
 2568 007a 0CD0     		beq	.L203
 997:../../Drivers/STM32H7xx_HAL_Driver/Src/stm32h7xx_hal_rcc.c ****     {
 2569              		.loc 1 997 5 is_stmt 1 view .LVU804
 997:../../Drivers/STM32H7xx_HAL_Driver/Src/stm32h7xx_hal_rcc.c ****     {
 2570              		.loc 1 997 27 is_stmt 0 view .LVU805
 2571 007c A269     		ldr	r2, [r4, #24]
 997:../../Drivers/STM32H7xx_HAL_Driver/Src/stm32h7xx_hal_rcc.c ****     {
 2572              		.loc 1 997 51 view .LVU806
 2573 007e 7F4B     		ldr	r3, .L235+4
 2574 0080 DB69     		ldr	r3, [r3, #28]
 997:../../Drivers/STM32H7xx_HAL_Driver/Src/stm32h7xx_hal_rcc.c ****     {
 2575              		.loc 1 997 60 view .LVU807
 2576 0082 03F4E063 		and	r3, r3, #1792
 997:../../Drivers/STM32H7xx_HAL_Driver/Src/stm32h7xx_hal_rcc.c ****     {
 2577              		.loc 1 997 8 view .LVU808
 2578 0086 9A42     		cmp	r2, r3
 2579 0088 05D9     		bls	.L203
 999:../../Drivers/STM32H7xx_HAL_Driver/Src/stm32h7xx_hal_rcc.c ****       MODIFY_REG(RCC->D2CFGR, RCC_D2CFGR_D2PPRE2, (RCC_ClkInitStruct->APB2CLKDivider));
 2580              		.loc 1 999 7 is_stmt 1 view .LVU809
1000:../../Drivers/STM32H7xx_HAL_Driver/Src/stm32h7xx_hal_rcc.c ****     }
 2581              		.loc 1 1000 7 view .LVU810
 2582 008a 7C49     		ldr	r1, .L235+4
 2583 008c CB69     		ldr	r3, [r1, #28]
 2584 008e 23F4E063 		bic	r3, r3, #1792
 2585 0092 1A43     		orrs	r2, r2, r3
 2586 0094 CA61     		str	r2, [r1, #28]
 2587              	.L203:
1012:../../Drivers/STM32H7xx_HAL_Driver/Src/stm32h7xx_hal_rcc.c ****   {
 2588              		.loc 1 1012 3 view .LVU811
1012:../../Drivers/STM32H7xx_HAL_Driver/Src/stm32h7xx_hal_rcc.c ****   {
 2589              		.loc 1 1012 26 is_stmt 0 view .LVU812
ARM GAS  /var/folders/2r/mdtt8xvd351gdc398t28_m2m0000gn/T//ccT8wITP.s 			page 79


 2590 0096 2368     		ldr	r3, [r4]
1012:../../Drivers/STM32H7xx_HAL_Driver/Src/stm32h7xx_hal_rcc.c ****   {
 2591              		.loc 1 1012 6 view .LVU813
 2592 0098 13F0200F 		tst	r3, #32
 2593 009c 0CD0     		beq	.L204
1015:../../Drivers/STM32H7xx_HAL_Driver/Src/stm32h7xx_hal_rcc.c ****     {
 2594              		.loc 1 1015 5 is_stmt 1 view .LVU814
1015:../../Drivers/STM32H7xx_HAL_Driver/Src/stm32h7xx_hal_rcc.c ****     {
 2595              		.loc 1 1015 27 is_stmt 0 view .LVU815
 2596 009e E269     		ldr	r2, [r4, #28]
1015:../../Drivers/STM32H7xx_HAL_Driver/Src/stm32h7xx_hal_rcc.c ****     {
 2597              		.loc 1 1015 51 view .LVU816
 2598 00a0 764B     		ldr	r3, .L235+4
 2599 00a2 1B6A     		ldr	r3, [r3, #32]
1015:../../Drivers/STM32H7xx_HAL_Driver/Src/stm32h7xx_hal_rcc.c ****     {
 2600              		.loc 1 1015 60 view .LVU817
 2601 00a4 03F07003 		and	r3, r3, #112
1015:../../Drivers/STM32H7xx_HAL_Driver/Src/stm32h7xx_hal_rcc.c ****     {
 2602              		.loc 1 1015 8 view .LVU818
 2603 00a8 9A42     		cmp	r2, r3
 2604 00aa 05D9     		bls	.L204
1017:../../Drivers/STM32H7xx_HAL_Driver/Src/stm32h7xx_hal_rcc.c ****       MODIFY_REG(RCC->D3CFGR, RCC_D3CFGR_D3PPRE, (RCC_ClkInitStruct->APB4CLKDivider));
 2605              		.loc 1 1017 7 is_stmt 1 view .LVU819
1018:../../Drivers/STM32H7xx_HAL_Driver/Src/stm32h7xx_hal_rcc.c ****     }
 2606              		.loc 1 1018 7 view .LVU820
 2607 00ac 7349     		ldr	r1, .L235+4
 2608 00ae 0B6A     		ldr	r3, [r1, #32]
 2609 00b0 23F07003 		bic	r3, r3, #112
 2610 00b4 1A43     		orrs	r2, r2, r3
 2611 00b6 0A62     		str	r2, [r1, #32]
 2612              	.L204:
1030:../../Drivers/STM32H7xx_HAL_Driver/Src/stm32h7xx_hal_rcc.c ****   {
 2613              		.loc 1 1030 3 view .LVU821
1030:../../Drivers/STM32H7xx_HAL_Driver/Src/stm32h7xx_hal_rcc.c ****   {
 2614              		.loc 1 1030 26 is_stmt 0 view .LVU822
 2615 00b8 2368     		ldr	r3, [r4]
1030:../../Drivers/STM32H7xx_HAL_Driver/Src/stm32h7xx_hal_rcc.c ****   {
 2616              		.loc 1 1030 6 view .LVU823
 2617 00ba 13F0020F 		tst	r3, #2
 2618 00be 0CD0     		beq	.L205
1033:../../Drivers/STM32H7xx_HAL_Driver/Src/stm32h7xx_hal_rcc.c ****     {
 2619              		.loc 1 1033 5 is_stmt 1 view .LVU824
1033:../../Drivers/STM32H7xx_HAL_Driver/Src/stm32h7xx_hal_rcc.c ****     {
 2620              		.loc 1 1033 27 is_stmt 0 view .LVU825
 2621 00c0 E268     		ldr	r2, [r4, #12]
1033:../../Drivers/STM32H7xx_HAL_Driver/Src/stm32h7xx_hal_rcc.c ****     {
 2622              		.loc 1 1033 50 view .LVU826
 2623 00c2 6E4B     		ldr	r3, .L235+4
 2624 00c4 9B69     		ldr	r3, [r3, #24]
1033:../../Drivers/STM32H7xx_HAL_Driver/Src/stm32h7xx_hal_rcc.c ****     {
 2625              		.loc 1 1033 59 view .LVU827
 2626 00c6 03F00F03 		and	r3, r3, #15
1033:../../Drivers/STM32H7xx_HAL_Driver/Src/stm32h7xx_hal_rcc.c ****     {
 2627              		.loc 1 1033 8 view .LVU828
 2628 00ca 9A42     		cmp	r2, r3
 2629 00cc 05D9     		bls	.L205
1036:../../Drivers/STM32H7xx_HAL_Driver/Src/stm32h7xx_hal_rcc.c ****       MODIFY_REG(RCC->D1CFGR, RCC_D1CFGR_HPRE, RCC_ClkInitStruct->AHBCLKDivider);
ARM GAS  /var/folders/2r/mdtt8xvd351gdc398t28_m2m0000gn/T//ccT8wITP.s 			page 80


 2630              		.loc 1 1036 7 is_stmt 1 view .LVU829
1037:../../Drivers/STM32H7xx_HAL_Driver/Src/stm32h7xx_hal_rcc.c ****     }
 2631              		.loc 1 1037 7 view .LVU830
 2632 00ce 6B49     		ldr	r1, .L235+4
 2633 00d0 8B69     		ldr	r3, [r1, #24]
 2634 00d2 23F00F03 		bic	r3, r3, #15
 2635 00d6 1A43     		orrs	r2, r2, r3
 2636 00d8 8A61     		str	r2, [r1, #24]
 2637              	.L205:
1050:../../Drivers/STM32H7xx_HAL_Driver/Src/stm32h7xx_hal_rcc.c ****   {
 2638              		.loc 1 1050 3 view .LVU831
1050:../../Drivers/STM32H7xx_HAL_Driver/Src/stm32h7xx_hal_rcc.c ****   {
 2639              		.loc 1 1050 26 is_stmt 0 view .LVU832
 2640 00da 2368     		ldr	r3, [r4]
1050:../../Drivers/STM32H7xx_HAL_Driver/Src/stm32h7xx_hal_rcc.c ****   {
 2641              		.loc 1 1050 6 view .LVU833
 2642 00dc 13F0010F 		tst	r3, #1
 2643 00e0 41D0     		beq	.L206
1052:../../Drivers/STM32H7xx_HAL_Driver/Src/stm32h7xx_hal_rcc.c ****     assert_param(IS_RCC_SYSCLKSOURCE(RCC_ClkInitStruct->SYSCLKSource));
 2644              		.loc 1 1052 5 is_stmt 1 view .LVU834
1053:../../Drivers/STM32H7xx_HAL_Driver/Src/stm32h7xx_hal_rcc.c **** #if defined(RCC_D1CFGR_D1CPRE)
 2645              		.loc 1 1053 5 view .LVU835
1055:../../Drivers/STM32H7xx_HAL_Driver/Src/stm32h7xx_hal_rcc.c **** #else
 2646              		.loc 1 1055 5 view .LVU836
 2647 00e2 664A     		ldr	r2, .L235+4
 2648 00e4 9369     		ldr	r3, [r2, #24]
 2649 00e6 23F47063 		bic	r3, r3, #3840
 2650 00ea A168     		ldr	r1, [r4, #8]
 2651 00ec 0B43     		orrs	r3, r3, r1
 2652 00ee 9361     		str	r3, [r2, #24]
1060:../../Drivers/STM32H7xx_HAL_Driver/Src/stm32h7xx_hal_rcc.c ****     {
 2653              		.loc 1 1060 5 view .LVU837
1060:../../Drivers/STM32H7xx_HAL_Driver/Src/stm32h7xx_hal_rcc.c ****     {
 2654              		.loc 1 1060 26 is_stmt 0 view .LVU838
 2655 00f0 6368     		ldr	r3, [r4, #4]
1060:../../Drivers/STM32H7xx_HAL_Driver/Src/stm32h7xx_hal_rcc.c ****     {
 2656              		.loc 1 1060 8 view .LVU839
 2657 00f2 022B     		cmp	r3, #2
 2658 00f4 0AD0     		beq	.L231
1069:../../Drivers/STM32H7xx_HAL_Driver/Src/stm32h7xx_hal_rcc.c ****     {
 2659              		.loc 1 1069 10 is_stmt 1 view .LVU840
1069:../../Drivers/STM32H7xx_HAL_Driver/Src/stm32h7xx_hal_rcc.c ****     {
 2660              		.loc 1 1069 13 is_stmt 0 view .LVU841
 2661 00f6 032B     		cmp	r3, #3
 2662 00f8 27D0     		beq	.L232
1078:../../Drivers/STM32H7xx_HAL_Driver/Src/stm32h7xx_hal_rcc.c ****     {
 2663              		.loc 1 1078 10 is_stmt 1 view .LVU842
1078:../../Drivers/STM32H7xx_HAL_Driver/Src/stm32h7xx_hal_rcc.c ****     {
 2664              		.loc 1 1078 13 is_stmt 0 view .LVU843
 2665 00fa 012B     		cmp	r3, #1
 2666 00fc 2CD0     		beq	.L233
1090:../../Drivers/STM32H7xx_HAL_Driver/Src/stm32h7xx_hal_rcc.c ****       {
 2667              		.loc 1 1090 7 is_stmt 1 view .LVU844
1090:../../Drivers/STM32H7xx_HAL_Driver/Src/stm32h7xx_hal_rcc.c ****       {
 2668              		.loc 1 1090 11 is_stmt 0 view .LVU845
 2669 00fe 5F4A     		ldr	r2, .L235+4
 2670 0100 1268     		ldr	r2, [r2]
ARM GAS  /var/folders/2r/mdtt8xvd351gdc398t28_m2m0000gn/T//ccT8wITP.s 			page 81


1090:../../Drivers/STM32H7xx_HAL_Driver/Src/stm32h7xx_hal_rcc.c ****       {
 2671              		.loc 1 1090 10 view .LVU846
 2672 0102 12F0040F 		tst	r2, #4
 2673 0106 06D1     		bne	.L208
1092:../../Drivers/STM32H7xx_HAL_Driver/Src/stm32h7xx_hal_rcc.c ****       }
 2674              		.loc 1 1092 16 view .LVU847
 2675 0108 0120     		movs	r0, #1
 2676              	.LVL237:
1092:../../Drivers/STM32H7xx_HAL_Driver/Src/stm32h7xx_hal_rcc.c ****       }
 2677              		.loc 1 1092 16 view .LVU848
 2678 010a ACE0     		b	.L199
 2679              	.LVL238:
 2680              	.L231:
1063:../../Drivers/STM32H7xx_HAL_Driver/Src/stm32h7xx_hal_rcc.c ****       {
 2681              		.loc 1 1063 7 is_stmt 1 view .LVU849
1063:../../Drivers/STM32H7xx_HAL_Driver/Src/stm32h7xx_hal_rcc.c ****       {
 2682              		.loc 1 1063 11 is_stmt 0 view .LVU850
 2683 010c 1268     		ldr	r2, [r2]
1063:../../Drivers/STM32H7xx_HAL_Driver/Src/stm32h7xx_hal_rcc.c ****       {
 2684              		.loc 1 1063 10 view .LVU851
 2685 010e 12F4003F 		tst	r2, #131072
 2686 0112 00F0AD80 		beq	.L234
 2687              	.L208:
1095:../../Drivers/STM32H7xx_HAL_Driver/Src/stm32h7xx_hal_rcc.c **** 
 2688              		.loc 1 1095 5 is_stmt 1 view .LVU852
 2689 0116 5949     		ldr	r1, .L235+4
 2690 0118 0A69     		ldr	r2, [r1, #16]
 2691 011a 22F00702 		bic	r2, r2, #7
 2692 011e 1343     		orrs	r3, r3, r2
 2693 0120 0B61     		str	r3, [r1, #16]
1098:../../Drivers/STM32H7xx_HAL_Driver/Src/stm32h7xx_hal_rcc.c **** 
 2694              		.loc 1 1098 5 view .LVU853
1098:../../Drivers/STM32H7xx_HAL_Driver/Src/stm32h7xx_hal_rcc.c **** 
 2695              		.loc 1 1098 17 is_stmt 0 view .LVU854
 2696 0122 FFF7FEFF 		bl	HAL_GetTick
 2697              	.LVL239:
1098:../../Drivers/STM32H7xx_HAL_Driver/Src/stm32h7xx_hal_rcc.c **** 
 2698              		.loc 1 1098 17 view .LVU855
 2699 0126 0646     		mov	r6, r0
 2700              	.LVL240:
1100:../../Drivers/STM32H7xx_HAL_Driver/Src/stm32h7xx_hal_rcc.c ****     {
 2701              		.loc 1 1100 5 is_stmt 1 view .LVU856
 2702              	.L211:
1100:../../Drivers/STM32H7xx_HAL_Driver/Src/stm32h7xx_hal_rcc.c ****     {
 2703              		.loc 1 1100 42 view .LVU857
1100:../../Drivers/STM32H7xx_HAL_Driver/Src/stm32h7xx_hal_rcc.c ****     {
 2704              		.loc 1 1100 12 is_stmt 0 view .LVU858
 2705 0128 544B     		ldr	r3, .L235+4
 2706 012a 1B69     		ldr	r3, [r3, #16]
 2707 012c 03F03803 		and	r3, r3, #56
1100:../../Drivers/STM32H7xx_HAL_Driver/Src/stm32h7xx_hal_rcc.c ****     {
 2708              		.loc 1 1100 63 view .LVU859
 2709 0130 6268     		ldr	r2, [r4, #4]
1100:../../Drivers/STM32H7xx_HAL_Driver/Src/stm32h7xx_hal_rcc.c ****     {
 2710              		.loc 1 1100 42 view .LVU860
 2711 0132 B3EBC20F 		cmp	r3, r2, lsl #3
 2712 0136 16D0     		beq	.L206
ARM GAS  /var/folders/2r/mdtt8xvd351gdc398t28_m2m0000gn/T//ccT8wITP.s 			page 82


1102:../../Drivers/STM32H7xx_HAL_Driver/Src/stm32h7xx_hal_rcc.c ****       {
 2713              		.loc 1 1102 7 is_stmt 1 view .LVU861
1102:../../Drivers/STM32H7xx_HAL_Driver/Src/stm32h7xx_hal_rcc.c ****       {
 2714              		.loc 1 1102 12 is_stmt 0 view .LVU862
 2715 0138 FFF7FEFF 		bl	HAL_GetTick
 2716              	.LVL241:
1102:../../Drivers/STM32H7xx_HAL_Driver/Src/stm32h7xx_hal_rcc.c ****       {
 2717              		.loc 1 1102 26 discriminator 1 view .LVU863
 2718 013c 801B     		subs	r0, r0, r6
1102:../../Drivers/STM32H7xx_HAL_Driver/Src/stm32h7xx_hal_rcc.c ****       {
 2719              		.loc 1 1102 10 discriminator 1 view .LVU864
 2720 013e 41F28833 		movw	r3, #5000
 2721 0142 9842     		cmp	r0, r3
 2722 0144 F0D9     		bls	.L211
1104:../../Drivers/STM32H7xx_HAL_Driver/Src/stm32h7xx_hal_rcc.c ****       }
 2723              		.loc 1 1104 16 view .LVU865
 2724 0146 0320     		movs	r0, #3
 2725 0148 8DE0     		b	.L199
 2726              	.LVL242:
 2727              	.L232:
1072:../../Drivers/STM32H7xx_HAL_Driver/Src/stm32h7xx_hal_rcc.c ****       {
 2728              		.loc 1 1072 7 is_stmt 1 view .LVU866
1072:../../Drivers/STM32H7xx_HAL_Driver/Src/stm32h7xx_hal_rcc.c ****       {
 2729              		.loc 1 1072 11 is_stmt 0 view .LVU867
 2730 014a 4C4A     		ldr	r2, .L235+4
 2731 014c 1268     		ldr	r2, [r2]
1072:../../Drivers/STM32H7xx_HAL_Driver/Src/stm32h7xx_hal_rcc.c ****       {
 2732              		.loc 1 1072 10 view .LVU868
 2733 014e 12F0007F 		tst	r2, #33554432
 2734 0152 E0D1     		bne	.L208
1074:../../Drivers/STM32H7xx_HAL_Driver/Src/stm32h7xx_hal_rcc.c ****       }
 2735              		.loc 1 1074 16 view .LVU869
 2736 0154 0120     		movs	r0, #1
 2737              	.LVL243:
1074:../../Drivers/STM32H7xx_HAL_Driver/Src/stm32h7xx_hal_rcc.c ****       }
 2738              		.loc 1 1074 16 view .LVU870
 2739 0156 86E0     		b	.L199
 2740              	.LVL244:
 2741              	.L233:
1081:../../Drivers/STM32H7xx_HAL_Driver/Src/stm32h7xx_hal_rcc.c ****       {
 2742              		.loc 1 1081 7 is_stmt 1 view .LVU871
1081:../../Drivers/STM32H7xx_HAL_Driver/Src/stm32h7xx_hal_rcc.c ****       {
 2743              		.loc 1 1081 11 is_stmt 0 view .LVU872
 2744 0158 484A     		ldr	r2, .L235+4
 2745 015a 1268     		ldr	r2, [r2]
1081:../../Drivers/STM32H7xx_HAL_Driver/Src/stm32h7xx_hal_rcc.c ****       {
 2746              		.loc 1 1081 10 view .LVU873
 2747 015c 12F4807F 		tst	r2, #256
 2748 0160 D9D1     		bne	.L208
1083:../../Drivers/STM32H7xx_HAL_Driver/Src/stm32h7xx_hal_rcc.c ****       }
 2749              		.loc 1 1083 16 view .LVU874
 2750 0162 0120     		movs	r0, #1
 2751              	.LVL245:
1083:../../Drivers/STM32H7xx_HAL_Driver/Src/stm32h7xx_hal_rcc.c ****       }
 2752              		.loc 1 1083 16 view .LVU875
 2753 0164 7FE0     		b	.L199
 2754              	.L206:
ARM GAS  /var/folders/2r/mdtt8xvd351gdc398t28_m2m0000gn/T//ccT8wITP.s 			page 83


1112:../../Drivers/STM32H7xx_HAL_Driver/Src/stm32h7xx_hal_rcc.c ****   {
 2755              		.loc 1 1112 3 is_stmt 1 view .LVU876
1112:../../Drivers/STM32H7xx_HAL_Driver/Src/stm32h7xx_hal_rcc.c ****   {
 2756              		.loc 1 1112 26 is_stmt 0 view .LVU877
 2757 0166 2368     		ldr	r3, [r4]
1112:../../Drivers/STM32H7xx_HAL_Driver/Src/stm32h7xx_hal_rcc.c ****   {
 2758              		.loc 1 1112 6 view .LVU878
 2759 0168 13F0020F 		tst	r3, #2
 2760 016c 0CD0     		beq	.L213
1115:../../Drivers/STM32H7xx_HAL_Driver/Src/stm32h7xx_hal_rcc.c ****     {
 2761              		.loc 1 1115 5 is_stmt 1 view .LVU879
1115:../../Drivers/STM32H7xx_HAL_Driver/Src/stm32h7xx_hal_rcc.c ****     {
 2762              		.loc 1 1115 27 is_stmt 0 view .LVU880
 2763 016e E268     		ldr	r2, [r4, #12]
1115:../../Drivers/STM32H7xx_HAL_Driver/Src/stm32h7xx_hal_rcc.c ****     {
 2764              		.loc 1 1115 50 view .LVU881
 2765 0170 424B     		ldr	r3, .L235+4
 2766 0172 9B69     		ldr	r3, [r3, #24]
1115:../../Drivers/STM32H7xx_HAL_Driver/Src/stm32h7xx_hal_rcc.c ****     {
 2767              		.loc 1 1115 59 view .LVU882
 2768 0174 03F00F03 		and	r3, r3, #15
1115:../../Drivers/STM32H7xx_HAL_Driver/Src/stm32h7xx_hal_rcc.c ****     {
 2769              		.loc 1 1115 8 view .LVU883
 2770 0178 9A42     		cmp	r2, r3
 2771 017a 05D2     		bcs	.L213
1118:../../Drivers/STM32H7xx_HAL_Driver/Src/stm32h7xx_hal_rcc.c ****       MODIFY_REG(RCC->D1CFGR, RCC_D1CFGR_HPRE, RCC_ClkInitStruct->AHBCLKDivider);
 2772              		.loc 1 1118 7 is_stmt 1 view .LVU884
1119:../../Drivers/STM32H7xx_HAL_Driver/Src/stm32h7xx_hal_rcc.c ****     }
 2773              		.loc 1 1119 7 view .LVU885
 2774 017c 3F49     		ldr	r1, .L235+4
 2775 017e 8B69     		ldr	r3, [r1, #24]
 2776 0180 23F00F03 		bic	r3, r3, #15
 2777 0184 1A43     		orrs	r2, r2, r3
 2778 0186 8A61     		str	r2, [r1, #24]
 2779              	.L213:
1132:../../Drivers/STM32H7xx_HAL_Driver/Src/stm32h7xx_hal_rcc.c ****   {
 2780              		.loc 1 1132 3 view .LVU886
1132:../../Drivers/STM32H7xx_HAL_Driver/Src/stm32h7xx_hal_rcc.c ****   {
 2781              		.loc 1 1132 18 is_stmt 0 view .LVU887
 2782 0188 3B4B     		ldr	r3, .L235
 2783 018a 1B68     		ldr	r3, [r3]
 2784 018c 03F00F03 		and	r3, r3, #15
1132:../../Drivers/STM32H7xx_HAL_Driver/Src/stm32h7xx_hal_rcc.c ****   {
 2785              		.loc 1 1132 6 view .LVU888
 2786 0190 AB42     		cmp	r3, r5
 2787 0192 0AD9     		bls	.L214
1135:../../Drivers/STM32H7xx_HAL_Driver/Src/stm32h7xx_hal_rcc.c **** 
 2788              		.loc 1 1135 5 is_stmt 1 view .LVU889
 2789 0194 384A     		ldr	r2, .L235
 2790 0196 1368     		ldr	r3, [r2]
 2791 0198 23F00F03 		bic	r3, r3, #15
 2792 019c 2B43     		orrs	r3, r3, r5
 2793 019e 1360     		str	r3, [r2]
1139:../../Drivers/STM32H7xx_HAL_Driver/Src/stm32h7xx_hal_rcc.c ****     {
 2794              		.loc 1 1139 5 view .LVU890
1139:../../Drivers/STM32H7xx_HAL_Driver/Src/stm32h7xx_hal_rcc.c ****     {
 2795              		.loc 1 1139 9 is_stmt 0 view .LVU891
ARM GAS  /var/folders/2r/mdtt8xvd351gdc398t28_m2m0000gn/T//ccT8wITP.s 			page 84


 2796 01a0 1368     		ldr	r3, [r2]
 2797 01a2 03F00F03 		and	r3, r3, #15
1139:../../Drivers/STM32H7xx_HAL_Driver/Src/stm32h7xx_hal_rcc.c ****     {
 2798              		.loc 1 1139 8 view .LVU892
 2799 01a6 AB42     		cmp	r3, r5
 2800 01a8 64D1     		bne	.L226
 2801              	.L214:
1146:../../Drivers/STM32H7xx_HAL_Driver/Src/stm32h7xx_hal_rcc.c ****   {
 2802              		.loc 1 1146 3 is_stmt 1 view .LVU893
1146:../../Drivers/STM32H7xx_HAL_Driver/Src/stm32h7xx_hal_rcc.c ****   {
 2803              		.loc 1 1146 26 is_stmt 0 view .LVU894
 2804 01aa 2368     		ldr	r3, [r4]
1146:../../Drivers/STM32H7xx_HAL_Driver/Src/stm32h7xx_hal_rcc.c ****   {
 2805              		.loc 1 1146 6 view .LVU895
 2806 01ac 13F0040F 		tst	r3, #4
 2807 01b0 0CD0     		beq	.L215
1149:../../Drivers/STM32H7xx_HAL_Driver/Src/stm32h7xx_hal_rcc.c ****     {
 2808              		.loc 1 1149 5 is_stmt 1 view .LVU896
1149:../../Drivers/STM32H7xx_HAL_Driver/Src/stm32h7xx_hal_rcc.c ****     {
 2809              		.loc 1 1149 27 is_stmt 0 view .LVU897
 2810 01b2 2269     		ldr	r2, [r4, #16]
1149:../../Drivers/STM32H7xx_HAL_Driver/Src/stm32h7xx_hal_rcc.c ****     {
 2811              		.loc 1 1149 51 view .LVU898
 2812 01b4 314B     		ldr	r3, .L235+4
 2813 01b6 9B69     		ldr	r3, [r3, #24]
1149:../../Drivers/STM32H7xx_HAL_Driver/Src/stm32h7xx_hal_rcc.c ****     {
 2814              		.loc 1 1149 60 view .LVU899
 2815 01b8 03F07003 		and	r3, r3, #112
1149:../../Drivers/STM32H7xx_HAL_Driver/Src/stm32h7xx_hal_rcc.c ****     {
 2816              		.loc 1 1149 8 view .LVU900
 2817 01bc 9A42     		cmp	r2, r3
 2818 01be 05D2     		bcs	.L215
1151:../../Drivers/STM32H7xx_HAL_Driver/Src/stm32h7xx_hal_rcc.c ****       MODIFY_REG(RCC->D1CFGR, RCC_D1CFGR_D1PPRE, RCC_ClkInitStruct->APB3CLKDivider);
 2819              		.loc 1 1151 7 is_stmt 1 view .LVU901
1152:../../Drivers/STM32H7xx_HAL_Driver/Src/stm32h7xx_hal_rcc.c ****     }
 2820              		.loc 1 1152 7 view .LVU902
 2821 01c0 2E49     		ldr	r1, .L235+4
 2822 01c2 8B69     		ldr	r3, [r1, #24]
 2823 01c4 23F07003 		bic	r3, r3, #112
 2824 01c8 1A43     		orrs	r2, r2, r3
 2825 01ca 8A61     		str	r2, [r1, #24]
 2826              	.L215:
1164:../../Drivers/STM32H7xx_HAL_Driver/Src/stm32h7xx_hal_rcc.c ****   {
 2827              		.loc 1 1164 3 view .LVU903
1164:../../Drivers/STM32H7xx_HAL_Driver/Src/stm32h7xx_hal_rcc.c ****   {
 2828              		.loc 1 1164 26 is_stmt 0 view .LVU904
 2829 01cc 2368     		ldr	r3, [r4]
1164:../../Drivers/STM32H7xx_HAL_Driver/Src/stm32h7xx_hal_rcc.c ****   {
 2830              		.loc 1 1164 6 view .LVU905
 2831 01ce 13F0080F 		tst	r3, #8
 2832 01d2 0CD0     		beq	.L216
1167:../../Drivers/STM32H7xx_HAL_Driver/Src/stm32h7xx_hal_rcc.c ****     {
 2833              		.loc 1 1167 5 is_stmt 1 view .LVU906
1167:../../Drivers/STM32H7xx_HAL_Driver/Src/stm32h7xx_hal_rcc.c ****     {
 2834              		.loc 1 1167 27 is_stmt 0 view .LVU907
 2835 01d4 6269     		ldr	r2, [r4, #20]
1167:../../Drivers/STM32H7xx_HAL_Driver/Src/stm32h7xx_hal_rcc.c ****     {
ARM GAS  /var/folders/2r/mdtt8xvd351gdc398t28_m2m0000gn/T//ccT8wITP.s 			page 85


 2836              		.loc 1 1167 51 view .LVU908
 2837 01d6 294B     		ldr	r3, .L235+4
 2838 01d8 DB69     		ldr	r3, [r3, #28]
1167:../../Drivers/STM32H7xx_HAL_Driver/Src/stm32h7xx_hal_rcc.c ****     {
 2839              		.loc 1 1167 60 view .LVU909
 2840 01da 03F07003 		and	r3, r3, #112
1167:../../Drivers/STM32H7xx_HAL_Driver/Src/stm32h7xx_hal_rcc.c ****     {
 2841              		.loc 1 1167 8 view .LVU910
 2842 01de 9A42     		cmp	r2, r3
 2843 01e0 05D2     		bcs	.L216
1169:../../Drivers/STM32H7xx_HAL_Driver/Src/stm32h7xx_hal_rcc.c ****       MODIFY_REG(RCC->D2CFGR, RCC_D2CFGR_D2PPRE1, (RCC_ClkInitStruct->APB1CLKDivider));
 2844              		.loc 1 1169 7 is_stmt 1 view .LVU911
1170:../../Drivers/STM32H7xx_HAL_Driver/Src/stm32h7xx_hal_rcc.c ****     }
 2845              		.loc 1 1170 7 view .LVU912
 2846 01e2 2649     		ldr	r1, .L235+4
 2847 01e4 CB69     		ldr	r3, [r1, #28]
 2848 01e6 23F07003 		bic	r3, r3, #112
 2849 01ea 1A43     		orrs	r2, r2, r3
 2850 01ec CA61     		str	r2, [r1, #28]
 2851              	.L216:
1182:../../Drivers/STM32H7xx_HAL_Driver/Src/stm32h7xx_hal_rcc.c ****   {
 2852              		.loc 1 1182 3 view .LVU913
1182:../../Drivers/STM32H7xx_HAL_Driver/Src/stm32h7xx_hal_rcc.c ****   {
 2853              		.loc 1 1182 26 is_stmt 0 view .LVU914
 2854 01ee 2368     		ldr	r3, [r4]
1182:../../Drivers/STM32H7xx_HAL_Driver/Src/stm32h7xx_hal_rcc.c ****   {
 2855              		.loc 1 1182 6 view .LVU915
 2856 01f0 13F0100F 		tst	r3, #16
 2857 01f4 0CD0     		beq	.L217
1185:../../Drivers/STM32H7xx_HAL_Driver/Src/stm32h7xx_hal_rcc.c ****     {
 2858              		.loc 1 1185 5 is_stmt 1 view .LVU916
1185:../../Drivers/STM32H7xx_HAL_Driver/Src/stm32h7xx_hal_rcc.c ****     {
 2859              		.loc 1 1185 27 is_stmt 0 view .LVU917
 2860 01f6 A269     		ldr	r2, [r4, #24]
1185:../../Drivers/STM32H7xx_HAL_Driver/Src/stm32h7xx_hal_rcc.c ****     {
 2861              		.loc 1 1185 51 view .LVU918
 2862 01f8 204B     		ldr	r3, .L235+4
 2863 01fa DB69     		ldr	r3, [r3, #28]
1185:../../Drivers/STM32H7xx_HAL_Driver/Src/stm32h7xx_hal_rcc.c ****     {
 2864              		.loc 1 1185 60 view .LVU919
 2865 01fc 03F4E063 		and	r3, r3, #1792
1185:../../Drivers/STM32H7xx_HAL_Driver/Src/stm32h7xx_hal_rcc.c ****     {
 2866              		.loc 1 1185 8 view .LVU920
 2867 0200 9A42     		cmp	r2, r3
 2868 0202 05D2     		bcs	.L217
1187:../../Drivers/STM32H7xx_HAL_Driver/Src/stm32h7xx_hal_rcc.c ****       MODIFY_REG(RCC->D2CFGR, RCC_D2CFGR_D2PPRE2, (RCC_ClkInitStruct->APB2CLKDivider));
 2869              		.loc 1 1187 7 is_stmt 1 view .LVU921
1188:../../Drivers/STM32H7xx_HAL_Driver/Src/stm32h7xx_hal_rcc.c ****     }
 2870              		.loc 1 1188 7 view .LVU922
 2871 0204 1D49     		ldr	r1, .L235+4
 2872 0206 CB69     		ldr	r3, [r1, #28]
 2873 0208 23F4E063 		bic	r3, r3, #1792
 2874 020c 1A43     		orrs	r2, r2, r3
 2875 020e CA61     		str	r2, [r1, #28]
 2876              	.L217:
1200:../../Drivers/STM32H7xx_HAL_Driver/Src/stm32h7xx_hal_rcc.c ****   {
 2877              		.loc 1 1200 3 view .LVU923
ARM GAS  /var/folders/2r/mdtt8xvd351gdc398t28_m2m0000gn/T//ccT8wITP.s 			page 86


1200:../../Drivers/STM32H7xx_HAL_Driver/Src/stm32h7xx_hal_rcc.c ****   {
 2878              		.loc 1 1200 26 is_stmt 0 view .LVU924
 2879 0210 2368     		ldr	r3, [r4]
1200:../../Drivers/STM32H7xx_HAL_Driver/Src/stm32h7xx_hal_rcc.c ****   {
 2880              		.loc 1 1200 6 view .LVU925
 2881 0212 13F0200F 		tst	r3, #32
 2882 0216 0CD0     		beq	.L218
1203:../../Drivers/STM32H7xx_HAL_Driver/Src/stm32h7xx_hal_rcc.c ****     {
 2883              		.loc 1 1203 5 is_stmt 1 view .LVU926
1203:../../Drivers/STM32H7xx_HAL_Driver/Src/stm32h7xx_hal_rcc.c ****     {
 2884              		.loc 1 1203 27 is_stmt 0 view .LVU927
 2885 0218 E269     		ldr	r2, [r4, #28]
1203:../../Drivers/STM32H7xx_HAL_Driver/Src/stm32h7xx_hal_rcc.c ****     {
 2886              		.loc 1 1203 51 view .LVU928
 2887 021a 184B     		ldr	r3, .L235+4
 2888 021c 1B6A     		ldr	r3, [r3, #32]
1203:../../Drivers/STM32H7xx_HAL_Driver/Src/stm32h7xx_hal_rcc.c ****     {
 2889              		.loc 1 1203 60 view .LVU929
 2890 021e 03F07003 		and	r3, r3, #112
1203:../../Drivers/STM32H7xx_HAL_Driver/Src/stm32h7xx_hal_rcc.c ****     {
 2891              		.loc 1 1203 8 view .LVU930
 2892 0222 9A42     		cmp	r2, r3
 2893 0224 05D2     		bcs	.L218
1205:../../Drivers/STM32H7xx_HAL_Driver/Src/stm32h7xx_hal_rcc.c ****       MODIFY_REG(RCC->D3CFGR, RCC_D3CFGR_D3PPRE, (RCC_ClkInitStruct->APB4CLKDivider));
 2894              		.loc 1 1205 7 is_stmt 1 view .LVU931
1206:../../Drivers/STM32H7xx_HAL_Driver/Src/stm32h7xx_hal_rcc.c ****     }
 2895              		.loc 1 1206 7 view .LVU932
 2896 0226 1549     		ldr	r1, .L235+4
 2897 0228 0B6A     		ldr	r3, [r1, #32]
 2898 022a 23F07003 		bic	r3, r3, #112
 2899 022e 1A43     		orrs	r2, r2, r3
 2900 0230 0A62     		str	r2, [r1, #32]
 2901              	.L218:
1219:../../Drivers/STM32H7xx_HAL_Driver/Src/stm32h7xx_hal_rcc.c **** #else
 2902              		.loc 1 1219 3 view .LVU933
1219:../../Drivers/STM32H7xx_HAL_Driver/Src/stm32h7xx_hal_rcc.c **** #else
 2903              		.loc 1 1219 25 is_stmt 0 view .LVU934
 2904 0232 FFF7FEFF 		bl	HAL_RCC_GetSysClockFreq
 2905              	.LVL246:
1219:../../Drivers/STM32H7xx_HAL_Driver/Src/stm32h7xx_hal_rcc.c **** #else
 2906              		.loc 1 1219 77 discriminator 1 view .LVU935
 2907 0236 1149     		ldr	r1, .L235+4
 2908 0238 8B69     		ldr	r3, [r1, #24]
1219:../../Drivers/STM32H7xx_HAL_Driver/Src/stm32h7xx_hal_rcc.c **** #else
 2909              		.loc 1 1219 107 discriminator 1 view .LVU936
 2910 023a C3F30323 		ubfx	r3, r3, #8, #4
1219:../../Drivers/STM32H7xx_HAL_Driver/Src/stm32h7xx_hal_rcc.c **** #else
 2911              		.loc 1 1219 72 discriminator 1 view .LVU937
 2912 023e 104A     		ldr	r2, .L235+8
 2913 0240 D35C     		ldrb	r3, [r2, r3]	@ zero_extendqisi2
1219:../../Drivers/STM32H7xx_HAL_Driver/Src/stm32h7xx_hal_rcc.c **** #else
 2914              		.loc 1 1219 134 discriminator 1 view .LVU938
 2915 0242 03F01F03 		and	r3, r3, #31
1219:../../Drivers/STM32H7xx_HAL_Driver/Src/stm32h7xx_hal_rcc.c **** #else
 2916              		.loc 1 1219 23 discriminator 1 view .LVU939
 2917 0246 D840     		lsrs	r0, r0, r3
 2918              	.LVL247:
ARM GAS  /var/folders/2r/mdtt8xvd351gdc398t28_m2m0000gn/T//ccT8wITP.s 			page 87


1225:../../Drivers/STM32H7xx_HAL_Driver/Src/stm32h7xx_hal_rcc.c **** #else
 2919              		.loc 1 1225 3 is_stmt 1 view .LVU940
1225:../../Drivers/STM32H7xx_HAL_Driver/Src/stm32h7xx_hal_rcc.c **** #else
 2920              		.loc 1 1225 66 is_stmt 0 view .LVU941
 2921 0248 8B69     		ldr	r3, [r1, #24]
1225:../../Drivers/STM32H7xx_HAL_Driver/Src/stm32h7xx_hal_rcc.c **** #else
 2922              		.loc 1 1225 94 view .LVU942
 2923 024a 03F00F03 		and	r3, r3, #15
1225:../../Drivers/STM32H7xx_HAL_Driver/Src/stm32h7xx_hal_rcc.c **** #else
 2924              		.loc 1 1225 61 view .LVU943
 2925 024e D35C     		ldrb	r3, [r2, r3]	@ zero_extendqisi2
1225:../../Drivers/STM32H7xx_HAL_Driver/Src/stm32h7xx_hal_rcc.c **** #else
 2926              		.loc 1 1225 119 view .LVU944
 2927 0250 03F01F03 		and	r3, r3, #31
1225:../../Drivers/STM32H7xx_HAL_Driver/Src/stm32h7xx_hal_rcc.c **** #else
 2928              		.loc 1 1225 40 view .LVU945
 2929 0254 D840     		lsrs	r0, r0, r3
 2930              	.LVL248:
1225:../../Drivers/STM32H7xx_HAL_Driver/Src/stm32h7xx_hal_rcc.c **** #else
 2931              		.loc 1 1225 17 view .LVU946
 2932 0256 0B4B     		ldr	r3, .L235+12
 2933 0258 1860     		str	r0, [r3]
1231:../../Drivers/STM32H7xx_HAL_Driver/Src/stm32h7xx_hal_rcc.c **** #else
 2934              		.loc 1 1231 3 is_stmt 1 view .LVU947
1231:../../Drivers/STM32H7xx_HAL_Driver/Src/stm32h7xx_hal_rcc.c **** #else
 2935              		.loc 1 1231 19 is_stmt 0 view .LVU948
 2936 025a 0B4B     		ldr	r3, .L235+16
 2937 025c 1860     		str	r0, [r3]
1237:../../Drivers/STM32H7xx_HAL_Driver/Src/stm32h7xx_hal_rcc.c **** 
 2938              		.loc 1 1237 3 is_stmt 1 view .LVU949
1237:../../Drivers/STM32H7xx_HAL_Driver/Src/stm32h7xx_hal_rcc.c **** 
 2939              		.loc 1 1237 15 is_stmt 0 view .LVU950
 2940 025e 0B4B     		ldr	r3, .L235+20
 2941 0260 1868     		ldr	r0, [r3]
 2942 0262 FFF7FEFF 		bl	HAL_InitTick
 2943              	.LVL249:
1239:../../Drivers/STM32H7xx_HAL_Driver/Src/stm32h7xx_hal_rcc.c **** }
 2944              		.loc 1 1239 3 is_stmt 1 view .LVU951
 2945              	.L199:
1240:../../Drivers/STM32H7xx_HAL_Driver/Src/stm32h7xx_hal_rcc.c **** 
 2946              		.loc 1 1240 1 is_stmt 0 view .LVU952
 2947 0266 70BD     		pop	{r4, r5, r6, pc}
 2948              	.LVL250:
 2949              	.L219:
 2950              	.LCFI10:
 2951              		.cfi_def_cfa_offset 0
 2952              		.cfi_restore 4
 2953              		.cfi_restore 5
 2954              		.cfi_restore 6
 2955              		.cfi_restore 14
 931:../../Drivers/STM32H7xx_HAL_Driver/Src/stm32h7xx_hal_rcc.c ****   }
 2956              		.loc 1 931 12 view .LVU953
 2957 0268 0120     		movs	r0, #1
 2958              	.LVL251:
1240:../../Drivers/STM32H7xx_HAL_Driver/Src/stm32h7xx_hal_rcc.c **** 
 2959              		.loc 1 1240 1 view .LVU954
 2960 026a 7047     		bx	lr
ARM GAS  /var/folders/2r/mdtt8xvd351gdc398t28_m2m0000gn/T//ccT8wITP.s 			page 88


 2961              	.LVL252:
 2962              	.L220:
 2963              	.LCFI11:
 2964              		.cfi_def_cfa_offset 16
 2965              		.cfi_offset 4, -16
 2966              		.cfi_offset 5, -12
 2967              		.cfi_offset 6, -8
 2968              		.cfi_offset 14, -4
 952:../../Drivers/STM32H7xx_HAL_Driver/Src/stm32h7xx_hal_rcc.c ****     }
 2969              		.loc 1 952 14 view .LVU955
 2970 026c 0120     		movs	r0, #1
 2971              	.LVL253:
 952:../../Drivers/STM32H7xx_HAL_Driver/Src/stm32h7xx_hal_rcc.c ****     }
 2972              		.loc 1 952 14 view .LVU956
 2973 026e FAE7     		b	.L199
 2974              	.LVL254:
 2975              	.L234:
1065:../../Drivers/STM32H7xx_HAL_Driver/Src/stm32h7xx_hal_rcc.c ****       }
 2976              		.loc 1 1065 16 view .LVU957
 2977 0270 0120     		movs	r0, #1
 2978              	.LVL255:
1065:../../Drivers/STM32H7xx_HAL_Driver/Src/stm32h7xx_hal_rcc.c ****       }
 2979              		.loc 1 1065 16 view .LVU958
 2980 0272 F8E7     		b	.L199
 2981              	.L226:
1141:../../Drivers/STM32H7xx_HAL_Driver/Src/stm32h7xx_hal_rcc.c ****     }
 2982              		.loc 1 1141 14 view .LVU959
 2983 0274 0120     		movs	r0, #1
 2984 0276 F6E7     		b	.L199
 2985              	.L236:
 2986              		.align	2
 2987              	.L235:
 2988 0278 00200052 		.word	1375739904
 2989 027c 00440258 		.word	1476543488
 2990 0280 00000000 		.word	D1CorePrescTable
 2991 0284 00000000 		.word	SystemD2Clock
 2992 0288 00000000 		.word	SystemCoreClock
 2993 028c 00000000 		.word	uwTickPrio
 2994              		.cfi_endproc
 2995              	.LFE134:
 2997              		.section	.text.HAL_RCC_GetHCLKFreq,"ax",%progbits
 2998              		.align	1
 2999              		.global	HAL_RCC_GetHCLKFreq
 3000              		.syntax unified
 3001              		.thumb
 3002              		.thumb_func
 3004              	HAL_RCC_GetHCLKFreq:
 3005              	.LFB139:
1474:../../Drivers/STM32H7xx_HAL_Driver/Src/stm32h7xx_hal_rcc.c **** 
1475:../../Drivers/STM32H7xx_HAL_Driver/Src/stm32h7xx_hal_rcc.c **** 
1476:../../Drivers/STM32H7xx_HAL_Driver/Src/stm32h7xx_hal_rcc.c **** /**
1477:../../Drivers/STM32H7xx_HAL_Driver/Src/stm32h7xx_hal_rcc.c ****   * @brief  Returns the HCLK frequency
1478:../../Drivers/STM32H7xx_HAL_Driver/Src/stm32h7xx_hal_rcc.c ****   * @note   Each time HCLK changes, this function must be called to update the
1479:../../Drivers/STM32H7xx_HAL_Driver/Src/stm32h7xx_hal_rcc.c ****   *         right HCLK value. Otherwise, any configuration based on this function will be incorrect
1480:../../Drivers/STM32H7xx_HAL_Driver/Src/stm32h7xx_hal_rcc.c ****   *
1481:../../Drivers/STM32H7xx_HAL_Driver/Src/stm32h7xx_hal_rcc.c ****   * @note   The SystemD2Clock CMSIS variable is used to store System domain2 Clock Frequency
1482:../../Drivers/STM32H7xx_HAL_Driver/Src/stm32h7xx_hal_rcc.c ****   *         and updated within this function
ARM GAS  /var/folders/2r/mdtt8xvd351gdc398t28_m2m0000gn/T//ccT8wITP.s 			page 89


1483:../../Drivers/STM32H7xx_HAL_Driver/Src/stm32h7xx_hal_rcc.c ****   * @retval HCLK frequency
1484:../../Drivers/STM32H7xx_HAL_Driver/Src/stm32h7xx_hal_rcc.c ****   */
1485:../../Drivers/STM32H7xx_HAL_Driver/Src/stm32h7xx_hal_rcc.c **** uint32_t HAL_RCC_GetHCLKFreq(void)
1486:../../Drivers/STM32H7xx_HAL_Driver/Src/stm32h7xx_hal_rcc.c **** {
 3006              		.loc 1 1486 1 is_stmt 1 view -0
 3007              		.cfi_startproc
 3008              		@ args = 0, pretend = 0, frame = 0
 3009              		@ frame_needed = 0, uses_anonymous_args = 0
 3010 0000 08B5     		push	{r3, lr}
 3011              	.LCFI12:
 3012              		.cfi_def_cfa_offset 8
 3013              		.cfi_offset 3, -8
 3014              		.cfi_offset 14, -4
1487:../../Drivers/STM32H7xx_HAL_Driver/Src/stm32h7xx_hal_rcc.c ****   uint32_t common_system_clock;
 3015              		.loc 1 1487 3 view .LVU961
1488:../../Drivers/STM32H7xx_HAL_Driver/Src/stm32h7xx_hal_rcc.c **** 
1489:../../Drivers/STM32H7xx_HAL_Driver/Src/stm32h7xx_hal_rcc.c **** #if defined(RCC_D1CFGR_D1CPRE)
1490:../../Drivers/STM32H7xx_HAL_Driver/Src/stm32h7xx_hal_rcc.c ****   common_system_clock = HAL_RCC_GetSysClockFreq() >> (D1CorePrescTable[(RCC->D1CFGR & RCC_D1CFGR_D1
 3016              		.loc 1 1490 3 view .LVU962
 3017              		.loc 1 1490 25 is_stmt 0 view .LVU963
 3018 0002 FFF7FEFF 		bl	HAL_RCC_GetSysClockFreq
 3019              	.LVL256:
 3020              		.loc 1 1490 76 discriminator 1 view .LVU964
 3021 0006 0A49     		ldr	r1, .L239
 3022 0008 8B69     		ldr	r3, [r1, #24]
 3023              		.loc 1 1490 106 discriminator 1 view .LVU965
 3024 000a C3F30323 		ubfx	r3, r3, #8, #4
 3025              		.loc 1 1490 71 discriminator 1 view .LVU966
 3026 000e 094A     		ldr	r2, .L239+4
 3027 0010 D35C     		ldrb	r3, [r2, r3]	@ zero_extendqisi2
 3028              		.loc 1 1490 132 discriminator 1 view .LVU967
 3029 0012 03F01F03 		and	r3, r3, #31
 3030              		.loc 1 1490 23 discriminator 1 view .LVU968
 3031 0016 D840     		lsrs	r0, r0, r3
 3032              	.LVL257:
1491:../../Drivers/STM32H7xx_HAL_Driver/Src/stm32h7xx_hal_rcc.c **** #else
1492:../../Drivers/STM32H7xx_HAL_Driver/Src/stm32h7xx_hal_rcc.c ****   common_system_clock = HAL_RCC_GetSysClockFreq() >> (D1CorePrescTable[(RCC->CDCFGR1 & RCC_CDCFGR1_
1493:../../Drivers/STM32H7xx_HAL_Driver/Src/stm32h7xx_hal_rcc.c **** #endif
1494:../../Drivers/STM32H7xx_HAL_Driver/Src/stm32h7xx_hal_rcc.c **** 
1495:../../Drivers/STM32H7xx_HAL_Driver/Src/stm32h7xx_hal_rcc.c **** #if defined(RCC_D1CFGR_HPRE)
1496:../../Drivers/STM32H7xx_HAL_Driver/Src/stm32h7xx_hal_rcc.c ****   SystemD2Clock = (common_system_clock >> ((D1CorePrescTable[(RCC->D1CFGR & RCC_D1CFGR_HPRE) >> RCC
 3033              		.loc 1 1496 3 is_stmt 1 view .LVU969
 3034              		.loc 1 1496 66 is_stmt 0 view .LVU970
 3035 0018 8B69     		ldr	r3, [r1, #24]
 3036              		.loc 1 1496 94 view .LVU971
 3037 001a 03F00F03 		and	r3, r3, #15
 3038              		.loc 1 1496 61 view .LVU972
 3039 001e D35C     		ldrb	r3, [r2, r3]	@ zero_extendqisi2
 3040              		.loc 1 1496 119 view .LVU973
 3041 0020 03F01F03 		and	r3, r3, #31
 3042              		.loc 1 1496 40 view .LVU974
 3043 0024 D840     		lsrs	r0, r0, r3
 3044              	.LVL258:
 3045              		.loc 1 1496 17 view .LVU975
 3046 0026 044B     		ldr	r3, .L239+8
 3047 0028 1860     		str	r0, [r3]
1497:../../Drivers/STM32H7xx_HAL_Driver/Src/stm32h7xx_hal_rcc.c **** #else
ARM GAS  /var/folders/2r/mdtt8xvd351gdc398t28_m2m0000gn/T//ccT8wITP.s 			page 90


1498:../../Drivers/STM32H7xx_HAL_Driver/Src/stm32h7xx_hal_rcc.c ****   SystemD2Clock = (common_system_clock >> ((D1CorePrescTable[(RCC->CDCFGR1 & RCC_CDCFGR1_HPRE) >> R
1499:../../Drivers/STM32H7xx_HAL_Driver/Src/stm32h7xx_hal_rcc.c **** #endif
1500:../../Drivers/STM32H7xx_HAL_Driver/Src/stm32h7xx_hal_rcc.c **** 
1501:../../Drivers/STM32H7xx_HAL_Driver/Src/stm32h7xx_hal_rcc.c **** #if defined(DUAL_CORE) && defined(CORE_CM4)
1502:../../Drivers/STM32H7xx_HAL_Driver/Src/stm32h7xx_hal_rcc.c ****   SystemCoreClock = SystemD2Clock;
 3048              		.loc 1 1502 3 is_stmt 1 view .LVU976
 3049              		.loc 1 1502 19 is_stmt 0 view .LVU977
 3050 002a 044B     		ldr	r3, .L239+12
 3051 002c 1860     		str	r0, [r3]
1503:../../Drivers/STM32H7xx_HAL_Driver/Src/stm32h7xx_hal_rcc.c **** #else
1504:../../Drivers/STM32H7xx_HAL_Driver/Src/stm32h7xx_hal_rcc.c ****   SystemCoreClock = common_system_clock;
1505:../../Drivers/STM32H7xx_HAL_Driver/Src/stm32h7xx_hal_rcc.c **** #endif /* DUAL_CORE && CORE_CM4 */
1506:../../Drivers/STM32H7xx_HAL_Driver/Src/stm32h7xx_hal_rcc.c **** 
1507:../../Drivers/STM32H7xx_HAL_Driver/Src/stm32h7xx_hal_rcc.c ****   return SystemD2Clock;
 3052              		.loc 1 1507 3 is_stmt 1 view .LVU978
1508:../../Drivers/STM32H7xx_HAL_Driver/Src/stm32h7xx_hal_rcc.c **** }
 3053              		.loc 1 1508 1 is_stmt 0 view .LVU979
 3054 002e 08BD     		pop	{r3, pc}
 3055              	.L240:
 3056              		.align	2
 3057              	.L239:
 3058 0030 00440258 		.word	1476543488
 3059 0034 00000000 		.word	D1CorePrescTable
 3060 0038 00000000 		.word	SystemD2Clock
 3061 003c 00000000 		.word	SystemCoreClock
 3062              		.cfi_endproc
 3063              	.LFE139:
 3065              		.section	.text.HAL_RCC_GetPCLK1Freq,"ax",%progbits
 3066              		.align	1
 3067              		.global	HAL_RCC_GetPCLK1Freq
 3068              		.syntax unified
 3069              		.thumb
 3070              		.thumb_func
 3072              	HAL_RCC_GetPCLK1Freq:
 3073              	.LFB140:
1509:../../Drivers/STM32H7xx_HAL_Driver/Src/stm32h7xx_hal_rcc.c **** 
1510:../../Drivers/STM32H7xx_HAL_Driver/Src/stm32h7xx_hal_rcc.c **** 
1511:../../Drivers/STM32H7xx_HAL_Driver/Src/stm32h7xx_hal_rcc.c **** /**
1512:../../Drivers/STM32H7xx_HAL_Driver/Src/stm32h7xx_hal_rcc.c ****   * @brief  Returns the PCLK1 frequency
1513:../../Drivers/STM32H7xx_HAL_Driver/Src/stm32h7xx_hal_rcc.c ****   * @note   Each time PCLK1 changes, this function must be called to update the
1514:../../Drivers/STM32H7xx_HAL_Driver/Src/stm32h7xx_hal_rcc.c ****   *         right PCLK1 value. Otherwise, any configuration based on this function will be incorrec
1515:../../Drivers/STM32H7xx_HAL_Driver/Src/stm32h7xx_hal_rcc.c ****   * @retval PCLK1 frequency
1516:../../Drivers/STM32H7xx_HAL_Driver/Src/stm32h7xx_hal_rcc.c ****   */
1517:../../Drivers/STM32H7xx_HAL_Driver/Src/stm32h7xx_hal_rcc.c **** uint32_t HAL_RCC_GetPCLK1Freq(void)
1518:../../Drivers/STM32H7xx_HAL_Driver/Src/stm32h7xx_hal_rcc.c **** {
 3074              		.loc 1 1518 1 is_stmt 1 view -0
 3075              		.cfi_startproc
 3076              		@ args = 0, pretend = 0, frame = 0
 3077              		@ frame_needed = 0, uses_anonymous_args = 0
 3078 0000 08B5     		push	{r3, lr}
 3079              	.LCFI13:
 3080              		.cfi_def_cfa_offset 8
 3081              		.cfi_offset 3, -8
 3082              		.cfi_offset 14, -4
1519:../../Drivers/STM32H7xx_HAL_Driver/Src/stm32h7xx_hal_rcc.c **** #if defined (RCC_D2CFGR_D2PPRE1)
1520:../../Drivers/STM32H7xx_HAL_Driver/Src/stm32h7xx_hal_rcc.c ****   /* Get HCLK source and Compute PCLK1 frequency ---------------------------*/
1521:../../Drivers/STM32H7xx_HAL_Driver/Src/stm32h7xx_hal_rcc.c ****   return (HAL_RCC_GetHCLKFreq() >> ((D1CorePrescTable[(RCC->D2CFGR & RCC_D2CFGR_D2PPRE1) >> RCC_D2C
ARM GAS  /var/folders/2r/mdtt8xvd351gdc398t28_m2m0000gn/T//ccT8wITP.s 			page 91


 3083              		.loc 1 1521 3 view .LVU981
 3084              		.loc 1 1521 11 is_stmt 0 view .LVU982
 3085 0002 FFF7FEFF 		bl	HAL_RCC_GetHCLKFreq
 3086              	.LVL259:
 3087              		.loc 1 1521 59 discriminator 1 view .LVU983
 3088 0006 054B     		ldr	r3, .L243
 3089 0008 DB69     		ldr	r3, [r3, #28]
 3090              		.loc 1 1521 90 discriminator 1 view .LVU984
 3091 000a C3F30213 		ubfx	r3, r3, #4, #3
 3092              		.loc 1 1521 54 discriminator 1 view .LVU985
 3093 000e 044A     		ldr	r2, .L243+4
 3094 0010 D35C     		ldrb	r3, [r2, r3]	@ zero_extendqisi2
 3095              		.loc 1 1521 118 discriminator 1 view .LVU986
 3096 0012 03F01F03 		and	r3, r3, #31
1522:../../Drivers/STM32H7xx_HAL_Driver/Src/stm32h7xx_hal_rcc.c **** #else
1523:../../Drivers/STM32H7xx_HAL_Driver/Src/stm32h7xx_hal_rcc.c ****   /* Get HCLK source and Compute PCLK1 frequency ---------------------------*/
1524:../../Drivers/STM32H7xx_HAL_Driver/Src/stm32h7xx_hal_rcc.c ****   return (HAL_RCC_GetHCLKFreq() >> ((D1CorePrescTable[(RCC->CDCFGR2 & RCC_CDCFGR2_CDPPRE1) >> RCC_C
1525:../../Drivers/STM32H7xx_HAL_Driver/Src/stm32h7xx_hal_rcc.c **** #endif
1526:../../Drivers/STM32H7xx_HAL_Driver/Src/stm32h7xx_hal_rcc.c **** }
 3097              		.loc 1 1526 1 view .LVU987
 3098 0016 D840     		lsrs	r0, r0, r3
 3099 0018 08BD     		pop	{r3, pc}
 3100              	.L244:
 3101 001a 00BF     		.align	2
 3102              	.L243:
 3103 001c 00440258 		.word	1476543488
 3104 0020 00000000 		.word	D1CorePrescTable
 3105              		.cfi_endproc
 3106              	.LFE140:
 3108              		.section	.text.HAL_RCC_GetPCLK2Freq,"ax",%progbits
 3109              		.align	1
 3110              		.global	HAL_RCC_GetPCLK2Freq
 3111              		.syntax unified
 3112              		.thumb
 3113              		.thumb_func
 3115              	HAL_RCC_GetPCLK2Freq:
 3116              	.LFB141:
1527:../../Drivers/STM32H7xx_HAL_Driver/Src/stm32h7xx_hal_rcc.c **** 
1528:../../Drivers/STM32H7xx_HAL_Driver/Src/stm32h7xx_hal_rcc.c **** 
1529:../../Drivers/STM32H7xx_HAL_Driver/Src/stm32h7xx_hal_rcc.c **** /**
1530:../../Drivers/STM32H7xx_HAL_Driver/Src/stm32h7xx_hal_rcc.c ****   * @brief  Returns the D2 PCLK2 frequency
1531:../../Drivers/STM32H7xx_HAL_Driver/Src/stm32h7xx_hal_rcc.c ****   * @note   Each time PCLK2 changes, this function must be called to update the
1532:../../Drivers/STM32H7xx_HAL_Driver/Src/stm32h7xx_hal_rcc.c ****   *         right PCLK2 value. Otherwise, any configuration based on this function will be incorrec
1533:../../Drivers/STM32H7xx_HAL_Driver/Src/stm32h7xx_hal_rcc.c ****   * @retval PCLK1 frequency
1534:../../Drivers/STM32H7xx_HAL_Driver/Src/stm32h7xx_hal_rcc.c ****   */
1535:../../Drivers/STM32H7xx_HAL_Driver/Src/stm32h7xx_hal_rcc.c **** uint32_t HAL_RCC_GetPCLK2Freq(void)
1536:../../Drivers/STM32H7xx_HAL_Driver/Src/stm32h7xx_hal_rcc.c **** {
 3117              		.loc 1 1536 1 is_stmt 1 view -0
 3118              		.cfi_startproc
 3119              		@ args = 0, pretend = 0, frame = 0
 3120              		@ frame_needed = 0, uses_anonymous_args = 0
 3121 0000 08B5     		push	{r3, lr}
 3122              	.LCFI14:
 3123              		.cfi_def_cfa_offset 8
 3124              		.cfi_offset 3, -8
 3125              		.cfi_offset 14, -4
1537:../../Drivers/STM32H7xx_HAL_Driver/Src/stm32h7xx_hal_rcc.c ****   /* Get HCLK source and Compute PCLK1 frequency ---------------------------*/
ARM GAS  /var/folders/2r/mdtt8xvd351gdc398t28_m2m0000gn/T//ccT8wITP.s 			page 92


1538:../../Drivers/STM32H7xx_HAL_Driver/Src/stm32h7xx_hal_rcc.c **** #if defined(RCC_D2CFGR_D2PPRE2)
1539:../../Drivers/STM32H7xx_HAL_Driver/Src/stm32h7xx_hal_rcc.c ****   return (HAL_RCC_GetHCLKFreq() >> ((D1CorePrescTable[(RCC->D2CFGR & RCC_D2CFGR_D2PPRE2) >> RCC_D2C
 3126              		.loc 1 1539 3 view .LVU989
 3127              		.loc 1 1539 11 is_stmt 0 view .LVU990
 3128 0002 FFF7FEFF 		bl	HAL_RCC_GetHCLKFreq
 3129              	.LVL260:
 3130              		.loc 1 1539 59 discriminator 1 view .LVU991
 3131 0006 054B     		ldr	r3, .L247
 3132 0008 DB69     		ldr	r3, [r3, #28]
 3133              		.loc 1 1539 90 discriminator 1 view .LVU992
 3134 000a C3F30223 		ubfx	r3, r3, #8, #3
 3135              		.loc 1 1539 54 discriminator 1 view .LVU993
 3136 000e 044A     		ldr	r2, .L247+4
 3137 0010 D35C     		ldrb	r3, [r2, r3]	@ zero_extendqisi2
 3138              		.loc 1 1539 118 discriminator 1 view .LVU994
 3139 0012 03F01F03 		and	r3, r3, #31
1540:../../Drivers/STM32H7xx_HAL_Driver/Src/stm32h7xx_hal_rcc.c **** #else
1541:../../Drivers/STM32H7xx_HAL_Driver/Src/stm32h7xx_hal_rcc.c ****   return (HAL_RCC_GetHCLKFreq() >> ((D1CorePrescTable[(RCC->CDCFGR2 & RCC_CDCFGR2_CDPPRE2) >> RCC_C
1542:../../Drivers/STM32H7xx_HAL_Driver/Src/stm32h7xx_hal_rcc.c **** #endif
1543:../../Drivers/STM32H7xx_HAL_Driver/Src/stm32h7xx_hal_rcc.c **** }
 3140              		.loc 1 1543 1 view .LVU995
 3141 0016 D840     		lsrs	r0, r0, r3
 3142 0018 08BD     		pop	{r3, pc}
 3143              	.L248:
 3144 001a 00BF     		.align	2
 3145              	.L247:
 3146 001c 00440258 		.word	1476543488
 3147 0020 00000000 		.word	D1CorePrescTable
 3148              		.cfi_endproc
 3149              	.LFE141:
 3151              		.section	.text.HAL_RCC_GetOscConfig,"ax",%progbits
 3152              		.align	1
 3153              		.global	HAL_RCC_GetOscConfig
 3154              		.syntax unified
 3155              		.thumb
 3156              		.thumb_func
 3158              	HAL_RCC_GetOscConfig:
 3159              	.LVL261:
 3160              	.LFB142:
1544:../../Drivers/STM32H7xx_HAL_Driver/Src/stm32h7xx_hal_rcc.c **** 
1545:../../Drivers/STM32H7xx_HAL_Driver/Src/stm32h7xx_hal_rcc.c **** /**
1546:../../Drivers/STM32H7xx_HAL_Driver/Src/stm32h7xx_hal_rcc.c ****   * @brief  Configures the RCC_OscInitStruct according to the internal
1547:../../Drivers/STM32H7xx_HAL_Driver/Src/stm32h7xx_hal_rcc.c ****   * RCC configuration registers.
1548:../../Drivers/STM32H7xx_HAL_Driver/Src/stm32h7xx_hal_rcc.c ****   * @param  RCC_OscInitStruct: pointer to an RCC_OscInitTypeDef structure that
1549:../../Drivers/STM32H7xx_HAL_Driver/Src/stm32h7xx_hal_rcc.c ****   * will be configured.
1550:../../Drivers/STM32H7xx_HAL_Driver/Src/stm32h7xx_hal_rcc.c ****   * @retval None
1551:../../Drivers/STM32H7xx_HAL_Driver/Src/stm32h7xx_hal_rcc.c ****   */
1552:../../Drivers/STM32H7xx_HAL_Driver/Src/stm32h7xx_hal_rcc.c **** void HAL_RCC_GetOscConfig(RCC_OscInitTypeDef  *RCC_OscInitStruct)
1553:../../Drivers/STM32H7xx_HAL_Driver/Src/stm32h7xx_hal_rcc.c **** {
 3161              		.loc 1 1553 1 is_stmt 1 view -0
 3162              		.cfi_startproc
 3163              		@ args = 0, pretend = 0, frame = 0
 3164              		@ frame_needed = 0, uses_anonymous_args = 0
 3165              		.loc 1 1553 1 is_stmt 0 view .LVU997
 3166 0000 10B5     		push	{r4, lr}
 3167              	.LCFI15:
 3168              		.cfi_def_cfa_offset 8
ARM GAS  /var/folders/2r/mdtt8xvd351gdc398t28_m2m0000gn/T//ccT8wITP.s 			page 93


 3169              		.cfi_offset 4, -8
 3170              		.cfi_offset 14, -4
 3171 0002 0446     		mov	r4, r0
1554:../../Drivers/STM32H7xx_HAL_Driver/Src/stm32h7xx_hal_rcc.c ****   /* Set all possible values for the Oscillator type parameter ---------------*/
1555:../../Drivers/STM32H7xx_HAL_Driver/Src/stm32h7xx_hal_rcc.c ****   RCC_OscInitStruct->OscillatorType = RCC_OSCILLATORTYPE_HSE | RCC_OSCILLATORTYPE_HSI | RCC_OSCILLA
 3172              		.loc 1 1555 3 is_stmt 1 view .LVU998
 3173              		.loc 1 1555 37 is_stmt 0 view .LVU999
 3174 0004 3F23     		movs	r3, #63
 3175 0006 0360     		str	r3, [r0]
1556:../../Drivers/STM32H7xx_HAL_Driver/Src/stm32h7xx_hal_rcc.c ****                                       RCC_OSCILLATORTYPE_LSE | RCC_OSCILLATORTYPE_LSI | RCC_OSCILLA
1557:../../Drivers/STM32H7xx_HAL_Driver/Src/stm32h7xx_hal_rcc.c **** 
1558:../../Drivers/STM32H7xx_HAL_Driver/Src/stm32h7xx_hal_rcc.c ****   /* Get the HSE configuration -----------------------------------------------*/
1559:../../Drivers/STM32H7xx_HAL_Driver/Src/stm32h7xx_hal_rcc.c **** #if defined(RCC_CR_HSEEXT)
1560:../../Drivers/STM32H7xx_HAL_Driver/Src/stm32h7xx_hal_rcc.c ****   if ((RCC->CR & (RCC_CR_HSEBYP | RCC_CR_HSEEXT)) == RCC_CR_HSEBYP)
1561:../../Drivers/STM32H7xx_HAL_Driver/Src/stm32h7xx_hal_rcc.c ****   {
1562:../../Drivers/STM32H7xx_HAL_Driver/Src/stm32h7xx_hal_rcc.c ****     RCC_OscInitStruct->HSEState = RCC_HSE_BYPASS;
1563:../../Drivers/STM32H7xx_HAL_Driver/Src/stm32h7xx_hal_rcc.c ****   }
1564:../../Drivers/STM32H7xx_HAL_Driver/Src/stm32h7xx_hal_rcc.c ****   else if ((RCC->CR & (RCC_CR_HSEBYP | RCC_CR_HSEEXT)) == (RCC_CR_HSEBYP | RCC_CR_HSEEXT))
1565:../../Drivers/STM32H7xx_HAL_Driver/Src/stm32h7xx_hal_rcc.c ****   {
1566:../../Drivers/STM32H7xx_HAL_Driver/Src/stm32h7xx_hal_rcc.c ****     RCC_OscInitStruct->HSEState = RCC_HSE_BYPASS_DIGITAL;
1567:../../Drivers/STM32H7xx_HAL_Driver/Src/stm32h7xx_hal_rcc.c ****   }
1568:../../Drivers/STM32H7xx_HAL_Driver/Src/stm32h7xx_hal_rcc.c ****   else if ((RCC->CR & RCC_CR_HSEON) == RCC_CR_HSEON)
1569:../../Drivers/STM32H7xx_HAL_Driver/Src/stm32h7xx_hal_rcc.c ****   {
1570:../../Drivers/STM32H7xx_HAL_Driver/Src/stm32h7xx_hal_rcc.c ****     RCC_OscInitStruct->HSEState = RCC_HSE_ON;
1571:../../Drivers/STM32H7xx_HAL_Driver/Src/stm32h7xx_hal_rcc.c ****   }
1572:../../Drivers/STM32H7xx_HAL_Driver/Src/stm32h7xx_hal_rcc.c ****   else
1573:../../Drivers/STM32H7xx_HAL_Driver/Src/stm32h7xx_hal_rcc.c ****   {
1574:../../Drivers/STM32H7xx_HAL_Driver/Src/stm32h7xx_hal_rcc.c ****     RCC_OscInitStruct->HSEState = RCC_HSE_OFF;
1575:../../Drivers/STM32H7xx_HAL_Driver/Src/stm32h7xx_hal_rcc.c ****   }
1576:../../Drivers/STM32H7xx_HAL_Driver/Src/stm32h7xx_hal_rcc.c **** #else
1577:../../Drivers/STM32H7xx_HAL_Driver/Src/stm32h7xx_hal_rcc.c ****   if ((RCC->CR & RCC_CR_HSEBYP) == RCC_CR_HSEBYP)
 3176              		.loc 1 1577 3 is_stmt 1 view .LVU1000
 3177              		.loc 1 1577 11 is_stmt 0 view .LVU1001
 3178 0008 514B     		ldr	r3, .L271
 3179 000a 1B68     		ldr	r3, [r3]
 3180              		.loc 1 1577 6 view .LVU1002
 3181 000c 13F4802F 		tst	r3, #262144
 3182 0010 6CD0     		beq	.L250
1578:../../Drivers/STM32H7xx_HAL_Driver/Src/stm32h7xx_hal_rcc.c ****   {
1579:../../Drivers/STM32H7xx_HAL_Driver/Src/stm32h7xx_hal_rcc.c ****     RCC_OscInitStruct->HSEState = RCC_HSE_BYPASS;
 3183              		.loc 1 1579 5 is_stmt 1 view .LVU1003
 3184              		.loc 1 1579 33 is_stmt 0 view .LVU1004
 3185 0012 4FF4A023 		mov	r3, #327680
 3186 0016 4360     		str	r3, [r0, #4]
 3187              	.L251:
1580:../../Drivers/STM32H7xx_HAL_Driver/Src/stm32h7xx_hal_rcc.c ****   }
1581:../../Drivers/STM32H7xx_HAL_Driver/Src/stm32h7xx_hal_rcc.c ****   else if ((RCC->CR & RCC_CR_HSEON) == RCC_CR_HSEON)
1582:../../Drivers/STM32H7xx_HAL_Driver/Src/stm32h7xx_hal_rcc.c ****   {
1583:../../Drivers/STM32H7xx_HAL_Driver/Src/stm32h7xx_hal_rcc.c ****     RCC_OscInitStruct->HSEState = RCC_HSE_ON;
1584:../../Drivers/STM32H7xx_HAL_Driver/Src/stm32h7xx_hal_rcc.c ****   }
1585:../../Drivers/STM32H7xx_HAL_Driver/Src/stm32h7xx_hal_rcc.c ****   else
1586:../../Drivers/STM32H7xx_HAL_Driver/Src/stm32h7xx_hal_rcc.c ****   {
1587:../../Drivers/STM32H7xx_HAL_Driver/Src/stm32h7xx_hal_rcc.c ****     RCC_OscInitStruct->HSEState = RCC_HSE_OFF;
1588:../../Drivers/STM32H7xx_HAL_Driver/Src/stm32h7xx_hal_rcc.c ****   }
1589:../../Drivers/STM32H7xx_HAL_Driver/Src/stm32h7xx_hal_rcc.c **** #endif /* RCC_CR_HSEEXT */
1590:../../Drivers/STM32H7xx_HAL_Driver/Src/stm32h7xx_hal_rcc.c **** 
1591:../../Drivers/STM32H7xx_HAL_Driver/Src/stm32h7xx_hal_rcc.c ****   /* Get the CSI configuration -----------------------------------------------*/
ARM GAS  /var/folders/2r/mdtt8xvd351gdc398t28_m2m0000gn/T//ccT8wITP.s 			page 94


1592:../../Drivers/STM32H7xx_HAL_Driver/Src/stm32h7xx_hal_rcc.c ****   if ((RCC->CR & RCC_CR_CSION) == RCC_CR_CSION)
 3188              		.loc 1 1592 3 is_stmt 1 view .LVU1005
 3189              		.loc 1 1592 11 is_stmt 0 view .LVU1006
 3190 0018 4D4B     		ldr	r3, .L271
 3191 001a 1B68     		ldr	r3, [r3]
 3192              		.loc 1 1592 6 view .LVU1007
 3193 001c 13F0800F 		tst	r3, #128
 3194 0020 70D0     		beq	.L253
1593:../../Drivers/STM32H7xx_HAL_Driver/Src/stm32h7xx_hal_rcc.c ****   {
1594:../../Drivers/STM32H7xx_HAL_Driver/Src/stm32h7xx_hal_rcc.c ****     RCC_OscInitStruct->CSIState = RCC_CSI_ON;
 3195              		.loc 1 1594 5 is_stmt 1 view .LVU1008
 3196              		.loc 1 1594 33 is_stmt 0 view .LVU1009
 3197 0022 8023     		movs	r3, #128
 3198 0024 E361     		str	r3, [r4, #28]
 3199              	.L254:
1595:../../Drivers/STM32H7xx_HAL_Driver/Src/stm32h7xx_hal_rcc.c ****   }
1596:../../Drivers/STM32H7xx_HAL_Driver/Src/stm32h7xx_hal_rcc.c ****   else
1597:../../Drivers/STM32H7xx_HAL_Driver/Src/stm32h7xx_hal_rcc.c ****   {
1598:../../Drivers/STM32H7xx_HAL_Driver/Src/stm32h7xx_hal_rcc.c ****     RCC_OscInitStruct->CSIState = RCC_CSI_OFF;
1599:../../Drivers/STM32H7xx_HAL_Driver/Src/stm32h7xx_hal_rcc.c ****   }
1600:../../Drivers/STM32H7xx_HAL_Driver/Src/stm32h7xx_hal_rcc.c **** 
1601:../../Drivers/STM32H7xx_HAL_Driver/Src/stm32h7xx_hal_rcc.c **** #if defined(RCC_VER_X)
1602:../../Drivers/STM32H7xx_HAL_Driver/Src/stm32h7xx_hal_rcc.c ****   if (HAL_GetREVID() <= REV_ID_Y)
 3200              		.loc 1 1602 3 is_stmt 1 view .LVU1010
 3201              		.loc 1 1602 7 is_stmt 0 view .LVU1011
 3202 0026 FFF7FEFF 		bl	HAL_GetREVID
 3203              	.LVL262:
 3204              		.loc 1 1602 6 discriminator 1 view .LVU1012
 3205 002a 41F20303 		movw	r3, #4099
 3206 002e 9842     		cmp	r0, r3
 3207 0030 6BD8     		bhi	.L255
1603:../../Drivers/STM32H7xx_HAL_Driver/Src/stm32h7xx_hal_rcc.c ****   {
1604:../../Drivers/STM32H7xx_HAL_Driver/Src/stm32h7xx_hal_rcc.c ****     RCC_OscInitStruct->CSICalibrationValue = (uint32_t)(READ_BIT(RCC->HSICFGR, HAL_RCC_REV_Y_CSITRI
 3208              		.loc 1 1604 5 is_stmt 1 view .LVU1013
 3209              		.loc 1 1604 57 is_stmt 0 view .LVU1014
 3210 0032 474B     		ldr	r3, .L271
 3211 0034 5B68     		ldr	r3, [r3, #4]
 3212              		.loc 1 1604 46 view .LVU1015
 3213 0036 C3F38463 		ubfx	r3, r3, #26, #5
 3214              		.loc 1 1604 44 view .LVU1016
 3215 003a 2362     		str	r3, [r4, #32]
 3216              	.L256:
1605:../../Drivers/STM32H7xx_HAL_Driver/Src/stm32h7xx_hal_rcc.c ****   }
1606:../../Drivers/STM32H7xx_HAL_Driver/Src/stm32h7xx_hal_rcc.c ****   else
1607:../../Drivers/STM32H7xx_HAL_Driver/Src/stm32h7xx_hal_rcc.c ****   {
1608:../../Drivers/STM32H7xx_HAL_Driver/Src/stm32h7xx_hal_rcc.c ****     RCC_OscInitStruct->CSICalibrationValue = (uint32_t)(READ_BIT(RCC->CSICFGR, RCC_CSICFGR_CSITRIM)
1609:../../Drivers/STM32H7xx_HAL_Driver/Src/stm32h7xx_hal_rcc.c ****   }
1610:../../Drivers/STM32H7xx_HAL_Driver/Src/stm32h7xx_hal_rcc.c **** #else
1611:../../Drivers/STM32H7xx_HAL_Driver/Src/stm32h7xx_hal_rcc.c ****   RCC_OscInitStruct->CSICalibrationValue = (uint32_t)(READ_BIT(RCC->CSICFGR, RCC_CSICFGR_CSITRIM) >
1612:../../Drivers/STM32H7xx_HAL_Driver/Src/stm32h7xx_hal_rcc.c **** #endif /*RCC_VER_X*/
1613:../../Drivers/STM32H7xx_HAL_Driver/Src/stm32h7xx_hal_rcc.c **** 
1614:../../Drivers/STM32H7xx_HAL_Driver/Src/stm32h7xx_hal_rcc.c ****   /* Get the HSI configuration -----------------------------------------------*/
1615:../../Drivers/STM32H7xx_HAL_Driver/Src/stm32h7xx_hal_rcc.c ****   if ((RCC->CR & RCC_CR_HSION) == RCC_CR_HSION)
 3217              		.loc 1 1615 3 is_stmt 1 view .LVU1017
 3218              		.loc 1 1615 11 is_stmt 0 view .LVU1018
 3219 003c 444B     		ldr	r3, .L271
 3220 003e 1B68     		ldr	r3, [r3]
ARM GAS  /var/folders/2r/mdtt8xvd351gdc398t28_m2m0000gn/T//ccT8wITP.s 			page 95


 3221              		.loc 1 1615 6 view .LVU1019
 3222 0040 13F0010F 		tst	r3, #1
 3223 0044 67D0     		beq	.L257
1616:../../Drivers/STM32H7xx_HAL_Driver/Src/stm32h7xx_hal_rcc.c ****   {
1617:../../Drivers/STM32H7xx_HAL_Driver/Src/stm32h7xx_hal_rcc.c ****     RCC_OscInitStruct->HSIState = RCC_HSI_ON;
 3224              		.loc 1 1617 5 is_stmt 1 view .LVU1020
 3225              		.loc 1 1617 33 is_stmt 0 view .LVU1021
 3226 0046 0123     		movs	r3, #1
 3227 0048 E360     		str	r3, [r4, #12]
 3228              	.L258:
1618:../../Drivers/STM32H7xx_HAL_Driver/Src/stm32h7xx_hal_rcc.c ****   }
1619:../../Drivers/STM32H7xx_HAL_Driver/Src/stm32h7xx_hal_rcc.c ****   else
1620:../../Drivers/STM32H7xx_HAL_Driver/Src/stm32h7xx_hal_rcc.c ****   {
1621:../../Drivers/STM32H7xx_HAL_Driver/Src/stm32h7xx_hal_rcc.c ****     RCC_OscInitStruct->HSIState = RCC_HSI_OFF;
1622:../../Drivers/STM32H7xx_HAL_Driver/Src/stm32h7xx_hal_rcc.c ****   }
1623:../../Drivers/STM32H7xx_HAL_Driver/Src/stm32h7xx_hal_rcc.c **** 
1624:../../Drivers/STM32H7xx_HAL_Driver/Src/stm32h7xx_hal_rcc.c **** #if defined(RCC_VER_X)
1625:../../Drivers/STM32H7xx_HAL_Driver/Src/stm32h7xx_hal_rcc.c ****   if (HAL_GetREVID() <= REV_ID_Y)
 3229              		.loc 1 1625 3 is_stmt 1 view .LVU1022
 3230              		.loc 1 1625 7 is_stmt 0 view .LVU1023
 3231 004a FFF7FEFF 		bl	HAL_GetREVID
 3232              	.LVL263:
 3233              		.loc 1 1625 6 discriminator 1 view .LVU1024
 3234 004e 41F20303 		movw	r3, #4099
 3235 0052 9842     		cmp	r0, r3
 3236 0054 62D8     		bhi	.L259
1626:../../Drivers/STM32H7xx_HAL_Driver/Src/stm32h7xx_hal_rcc.c ****   {
1627:../../Drivers/STM32H7xx_HAL_Driver/Src/stm32h7xx_hal_rcc.c ****     RCC_OscInitStruct->HSICalibrationValue = (uint32_t)(READ_BIT(RCC->HSICFGR, HAL_RCC_REV_Y_HSITRI
 3237              		.loc 1 1627 5 is_stmt 1 view .LVU1025
 3238              		.loc 1 1627 57 is_stmt 0 view .LVU1026
 3239 0056 3E4B     		ldr	r3, .L271
 3240 0058 5B68     		ldr	r3, [r3, #4]
 3241              		.loc 1 1627 46 view .LVU1027
 3242 005a C3F30533 		ubfx	r3, r3, #12, #6
 3243              		.loc 1 1627 44 view .LVU1028
 3244 005e 2361     		str	r3, [r4, #16]
 3245              	.L260:
1628:../../Drivers/STM32H7xx_HAL_Driver/Src/stm32h7xx_hal_rcc.c ****   }
1629:../../Drivers/STM32H7xx_HAL_Driver/Src/stm32h7xx_hal_rcc.c ****   else
1630:../../Drivers/STM32H7xx_HAL_Driver/Src/stm32h7xx_hal_rcc.c ****   {
1631:../../Drivers/STM32H7xx_HAL_Driver/Src/stm32h7xx_hal_rcc.c ****     RCC_OscInitStruct->HSICalibrationValue = (uint32_t)(READ_BIT(RCC->HSICFGR, RCC_HSICFGR_HSITRIM)
1632:../../Drivers/STM32H7xx_HAL_Driver/Src/stm32h7xx_hal_rcc.c ****   }
1633:../../Drivers/STM32H7xx_HAL_Driver/Src/stm32h7xx_hal_rcc.c **** #else
1634:../../Drivers/STM32H7xx_HAL_Driver/Src/stm32h7xx_hal_rcc.c ****   RCC_OscInitStruct->HSICalibrationValue = (uint32_t)(READ_BIT(RCC->HSICFGR, RCC_HSICFGR_HSITRIM) >
1635:../../Drivers/STM32H7xx_HAL_Driver/Src/stm32h7xx_hal_rcc.c **** #endif /*RCC_VER_X*/
1636:../../Drivers/STM32H7xx_HAL_Driver/Src/stm32h7xx_hal_rcc.c **** 
1637:../../Drivers/STM32H7xx_HAL_Driver/Src/stm32h7xx_hal_rcc.c ****   /* Get the LSE configuration -----------------------------------------------*/
1638:../../Drivers/STM32H7xx_HAL_Driver/Src/stm32h7xx_hal_rcc.c **** #if defined(RCC_BDCR_LSEEXT)
1639:../../Drivers/STM32H7xx_HAL_Driver/Src/stm32h7xx_hal_rcc.c ****   if ((RCC->BDCR & (RCC_BDCR_LSEBYP | RCC_BDCR_LSEEXT)) == RCC_BDCR_LSEBYP)
1640:../../Drivers/STM32H7xx_HAL_Driver/Src/stm32h7xx_hal_rcc.c ****   {
1641:../../Drivers/STM32H7xx_HAL_Driver/Src/stm32h7xx_hal_rcc.c ****     RCC_OscInitStruct->LSEState = RCC_LSE_BYPASS;
1642:../../Drivers/STM32H7xx_HAL_Driver/Src/stm32h7xx_hal_rcc.c ****   }
1643:../../Drivers/STM32H7xx_HAL_Driver/Src/stm32h7xx_hal_rcc.c ****   else if ((RCC->BDCR & (RCC_BDCR_LSEBYP | RCC_BDCR_LSEEXT)) == (RCC_BDCR_LSEBYP | RCC_BDCR_LSEEXT)
1644:../../Drivers/STM32H7xx_HAL_Driver/Src/stm32h7xx_hal_rcc.c ****   {
1645:../../Drivers/STM32H7xx_HAL_Driver/Src/stm32h7xx_hal_rcc.c ****     RCC_OscInitStruct->LSEState = RCC_LSE_BYPASS_DIGITAL;
1646:../../Drivers/STM32H7xx_HAL_Driver/Src/stm32h7xx_hal_rcc.c ****   }
1647:../../Drivers/STM32H7xx_HAL_Driver/Src/stm32h7xx_hal_rcc.c ****   else if ((RCC->BDCR & RCC_BDCR_LSEON) == RCC_BDCR_LSEON)
ARM GAS  /var/folders/2r/mdtt8xvd351gdc398t28_m2m0000gn/T//ccT8wITP.s 			page 96


1648:../../Drivers/STM32H7xx_HAL_Driver/Src/stm32h7xx_hal_rcc.c ****   {
1649:../../Drivers/STM32H7xx_HAL_Driver/Src/stm32h7xx_hal_rcc.c ****     RCC_OscInitStruct->LSEState = RCC_LSE_ON;
1650:../../Drivers/STM32H7xx_HAL_Driver/Src/stm32h7xx_hal_rcc.c ****   }
1651:../../Drivers/STM32H7xx_HAL_Driver/Src/stm32h7xx_hal_rcc.c ****   else
1652:../../Drivers/STM32H7xx_HAL_Driver/Src/stm32h7xx_hal_rcc.c ****   {
1653:../../Drivers/STM32H7xx_HAL_Driver/Src/stm32h7xx_hal_rcc.c ****     RCC_OscInitStruct->LSEState = RCC_LSE_OFF;
1654:../../Drivers/STM32H7xx_HAL_Driver/Src/stm32h7xx_hal_rcc.c ****   }
1655:../../Drivers/STM32H7xx_HAL_Driver/Src/stm32h7xx_hal_rcc.c **** #else
1656:../../Drivers/STM32H7xx_HAL_Driver/Src/stm32h7xx_hal_rcc.c ****   if ((RCC->BDCR & RCC_BDCR_LSEBYP) == RCC_BDCR_LSEBYP)
 3246              		.loc 1 1656 3 is_stmt 1 view .LVU1029
 3247              		.loc 1 1656 11 is_stmt 0 view .LVU1030
 3248 0060 3B4B     		ldr	r3, .L271
 3249 0062 1B6F     		ldr	r3, [r3, #112]
 3250              		.loc 1 1656 6 view .LVU1031
 3251 0064 13F0040F 		tst	r3, #4
 3252 0068 5ED0     		beq	.L261
1657:../../Drivers/STM32H7xx_HAL_Driver/Src/stm32h7xx_hal_rcc.c ****   {
1658:../../Drivers/STM32H7xx_HAL_Driver/Src/stm32h7xx_hal_rcc.c ****     RCC_OscInitStruct->LSEState = RCC_LSE_BYPASS;
 3253              		.loc 1 1658 5 is_stmt 1 view .LVU1032
 3254              		.loc 1 1658 33 is_stmt 0 view .LVU1033
 3255 006a 0523     		movs	r3, #5
 3256 006c A360     		str	r3, [r4, #8]
 3257              	.L262:
1659:../../Drivers/STM32H7xx_HAL_Driver/Src/stm32h7xx_hal_rcc.c ****   }
1660:../../Drivers/STM32H7xx_HAL_Driver/Src/stm32h7xx_hal_rcc.c ****   else if ((RCC->BDCR & RCC_BDCR_LSEON) == RCC_BDCR_LSEON)
1661:../../Drivers/STM32H7xx_HAL_Driver/Src/stm32h7xx_hal_rcc.c ****   {
1662:../../Drivers/STM32H7xx_HAL_Driver/Src/stm32h7xx_hal_rcc.c ****     RCC_OscInitStruct->LSEState = RCC_LSE_ON;
1663:../../Drivers/STM32H7xx_HAL_Driver/Src/stm32h7xx_hal_rcc.c ****   }
1664:../../Drivers/STM32H7xx_HAL_Driver/Src/stm32h7xx_hal_rcc.c ****   else
1665:../../Drivers/STM32H7xx_HAL_Driver/Src/stm32h7xx_hal_rcc.c ****   {
1666:../../Drivers/STM32H7xx_HAL_Driver/Src/stm32h7xx_hal_rcc.c ****     RCC_OscInitStruct->LSEState = RCC_LSE_OFF;
1667:../../Drivers/STM32H7xx_HAL_Driver/Src/stm32h7xx_hal_rcc.c ****   }
1668:../../Drivers/STM32H7xx_HAL_Driver/Src/stm32h7xx_hal_rcc.c **** #endif /* RCC_BDCR_LSEEXT */
1669:../../Drivers/STM32H7xx_HAL_Driver/Src/stm32h7xx_hal_rcc.c **** 
1670:../../Drivers/STM32H7xx_HAL_Driver/Src/stm32h7xx_hal_rcc.c ****   /* Get the LSI configuration -----------------------------------------------*/
1671:../../Drivers/STM32H7xx_HAL_Driver/Src/stm32h7xx_hal_rcc.c ****   if ((RCC->CSR & RCC_CSR_LSION) == RCC_CSR_LSION)
 3258              		.loc 1 1671 3 is_stmt 1 view .LVU1034
 3259              		.loc 1 1671 11 is_stmt 0 view .LVU1035
 3260 006e 384B     		ldr	r3, .L271
 3261 0070 5B6F     		ldr	r3, [r3, #116]
 3262              		.loc 1 1671 6 view .LVU1036
 3263 0072 13F0010F 		tst	r3, #1
 3264 0076 62D0     		beq	.L264
1672:../../Drivers/STM32H7xx_HAL_Driver/Src/stm32h7xx_hal_rcc.c ****   {
1673:../../Drivers/STM32H7xx_HAL_Driver/Src/stm32h7xx_hal_rcc.c ****     RCC_OscInitStruct->LSIState = RCC_LSI_ON;
 3265              		.loc 1 1673 5 is_stmt 1 view .LVU1037
 3266              		.loc 1 1673 33 is_stmt 0 view .LVU1038
 3267 0078 0123     		movs	r3, #1
 3268 007a 6361     		str	r3, [r4, #20]
 3269              	.L265:
1674:../../Drivers/STM32H7xx_HAL_Driver/Src/stm32h7xx_hal_rcc.c ****   }
1675:../../Drivers/STM32H7xx_HAL_Driver/Src/stm32h7xx_hal_rcc.c ****   else
1676:../../Drivers/STM32H7xx_HAL_Driver/Src/stm32h7xx_hal_rcc.c ****   {
1677:../../Drivers/STM32H7xx_HAL_Driver/Src/stm32h7xx_hal_rcc.c ****     RCC_OscInitStruct->LSIState = RCC_LSI_OFF;
1678:../../Drivers/STM32H7xx_HAL_Driver/Src/stm32h7xx_hal_rcc.c ****   }
1679:../../Drivers/STM32H7xx_HAL_Driver/Src/stm32h7xx_hal_rcc.c **** 
1680:../../Drivers/STM32H7xx_HAL_Driver/Src/stm32h7xx_hal_rcc.c ****   /* Get the HSI48 configuration ---------------------------------------------*/
ARM GAS  /var/folders/2r/mdtt8xvd351gdc398t28_m2m0000gn/T//ccT8wITP.s 			page 97


1681:../../Drivers/STM32H7xx_HAL_Driver/Src/stm32h7xx_hal_rcc.c ****   if ((RCC->CR & RCC_CR_HSI48ON) == RCC_CR_HSI48ON)
 3270              		.loc 1 1681 3 is_stmt 1 view .LVU1039
 3271              		.loc 1 1681 11 is_stmt 0 view .LVU1040
 3272 007c 344B     		ldr	r3, .L271
 3273 007e 1B68     		ldr	r3, [r3]
 3274              		.loc 1 1681 6 view .LVU1041
 3275 0080 13F4805F 		tst	r3, #4096
 3276 0084 5ED0     		beq	.L266
1682:../../Drivers/STM32H7xx_HAL_Driver/Src/stm32h7xx_hal_rcc.c ****   {
1683:../../Drivers/STM32H7xx_HAL_Driver/Src/stm32h7xx_hal_rcc.c ****     RCC_OscInitStruct->HSI48State = RCC_HSI48_ON;
 3277              		.loc 1 1683 5 is_stmt 1 view .LVU1042
 3278              		.loc 1 1683 35 is_stmt 0 view .LVU1043
 3279 0086 0123     		movs	r3, #1
 3280 0088 A361     		str	r3, [r4, #24]
 3281              	.L267:
1684:../../Drivers/STM32H7xx_HAL_Driver/Src/stm32h7xx_hal_rcc.c ****   }
1685:../../Drivers/STM32H7xx_HAL_Driver/Src/stm32h7xx_hal_rcc.c ****   else
1686:../../Drivers/STM32H7xx_HAL_Driver/Src/stm32h7xx_hal_rcc.c ****   {
1687:../../Drivers/STM32H7xx_HAL_Driver/Src/stm32h7xx_hal_rcc.c ****     RCC_OscInitStruct->HSI48State = RCC_HSI48_OFF;
1688:../../Drivers/STM32H7xx_HAL_Driver/Src/stm32h7xx_hal_rcc.c ****   }
1689:../../Drivers/STM32H7xx_HAL_Driver/Src/stm32h7xx_hal_rcc.c **** 
1690:../../Drivers/STM32H7xx_HAL_Driver/Src/stm32h7xx_hal_rcc.c ****   /* Get the PLL configuration -----------------------------------------------*/
1691:../../Drivers/STM32H7xx_HAL_Driver/Src/stm32h7xx_hal_rcc.c ****   if ((RCC->CR & RCC_CR_PLLON) == RCC_CR_PLLON)
 3282              		.loc 1 1691 3 is_stmt 1 view .LVU1044
 3283              		.loc 1 1691 11 is_stmt 0 view .LVU1045
 3284 008a 314B     		ldr	r3, .L271
 3285 008c 1B68     		ldr	r3, [r3]
 3286              		.loc 1 1691 6 view .LVU1046
 3287 008e 13F0807F 		tst	r3, #16777216
 3288 0092 5AD0     		beq	.L268
1692:../../Drivers/STM32H7xx_HAL_Driver/Src/stm32h7xx_hal_rcc.c ****   {
1693:../../Drivers/STM32H7xx_HAL_Driver/Src/stm32h7xx_hal_rcc.c ****     RCC_OscInitStruct->PLL.PLLState = RCC_PLL_ON;
 3289              		.loc 1 1693 5 is_stmt 1 view .LVU1047
 3290              		.loc 1 1693 37 is_stmt 0 view .LVU1048
 3291 0094 0223     		movs	r3, #2
 3292 0096 6362     		str	r3, [r4, #36]
 3293              	.L269:
1694:../../Drivers/STM32H7xx_HAL_Driver/Src/stm32h7xx_hal_rcc.c ****   }
1695:../../Drivers/STM32H7xx_HAL_Driver/Src/stm32h7xx_hal_rcc.c ****   else
1696:../../Drivers/STM32H7xx_HAL_Driver/Src/stm32h7xx_hal_rcc.c ****   {
1697:../../Drivers/STM32H7xx_HAL_Driver/Src/stm32h7xx_hal_rcc.c ****     RCC_OscInitStruct->PLL.PLLState = RCC_PLL_OFF;
1698:../../Drivers/STM32H7xx_HAL_Driver/Src/stm32h7xx_hal_rcc.c ****   }
1699:../../Drivers/STM32H7xx_HAL_Driver/Src/stm32h7xx_hal_rcc.c ****   RCC_OscInitStruct->PLL.PLLSource = (uint32_t)(RCC->PLLCKSELR & RCC_PLLCKSELR_PLLSRC);
 3294              		.loc 1 1699 3 is_stmt 1 view .LVU1049
 3295              		.loc 1 1699 52 is_stmt 0 view .LVU1050
 3296 0098 2D4B     		ldr	r3, .L271
 3297 009a 9A6A     		ldr	r2, [r3, #40]
 3298              		.loc 1 1699 38 view .LVU1051
 3299 009c 02F00302 		and	r2, r2, #3
 3300              		.loc 1 1699 36 view .LVU1052
 3301 00a0 A262     		str	r2, [r4, #40]
1700:../../Drivers/STM32H7xx_HAL_Driver/Src/stm32h7xx_hal_rcc.c ****   RCC_OscInitStruct->PLL.PLLM = (uint32_t)((RCC->PLLCKSELR & RCC_PLLCKSELR_DIVM1) >> RCC_PLLCKSELR_
 3302              		.loc 1 1700 3 is_stmt 1 view .LVU1053
 3303              		.loc 1 1700 48 is_stmt 0 view .LVU1054
 3304 00a2 9A6A     		ldr	r2, [r3, #40]
 3305              		.loc 1 1700 33 view .LVU1055
 3306 00a4 C2F30512 		ubfx	r2, r2, #4, #6
ARM GAS  /var/folders/2r/mdtt8xvd351gdc398t28_m2m0000gn/T//ccT8wITP.s 			page 98


 3307              		.loc 1 1700 31 view .LVU1056
 3308 00a8 E262     		str	r2, [r4, #44]
1701:../../Drivers/STM32H7xx_HAL_Driver/Src/stm32h7xx_hal_rcc.c ****   RCC_OscInitStruct->PLL.PLLN = (uint32_t)((RCC->PLL1DIVR & RCC_PLL1DIVR_N1) >> RCC_PLL1DIVR_N1_Pos
 3309              		.loc 1 1701 3 is_stmt 1 view .LVU1057
 3310              		.loc 1 1701 48 is_stmt 0 view .LVU1058
 3311 00aa 1A6B     		ldr	r2, [r3, #48]
 3312              		.loc 1 1701 33 view .LVU1059
 3313 00ac C2F30802 		ubfx	r2, r2, #0, #9
 3314              		.loc 1 1701 102 view .LVU1060
 3315 00b0 0132     		adds	r2, r2, #1
 3316              		.loc 1 1701 31 view .LVU1061
 3317 00b2 2263     		str	r2, [r4, #48]
1702:../../Drivers/STM32H7xx_HAL_Driver/Src/stm32h7xx_hal_rcc.c ****   RCC_OscInitStruct->PLL.PLLR = (uint32_t)((RCC->PLL1DIVR & RCC_PLL1DIVR_R1) >> RCC_PLL1DIVR_R1_Pos
 3318              		.loc 1 1702 3 is_stmt 1 view .LVU1062
 3319              		.loc 1 1702 48 is_stmt 0 view .LVU1063
 3320 00b4 1A6B     		ldr	r2, [r3, #48]
 3321              		.loc 1 1702 33 view .LVU1064
 3322 00b6 C2F30662 		ubfx	r2, r2, #24, #7
 3323              		.loc 1 1702 102 view .LVU1065
 3324 00ba 0132     		adds	r2, r2, #1
 3325              		.loc 1 1702 31 view .LVU1066
 3326 00bc E263     		str	r2, [r4, #60]
1703:../../Drivers/STM32H7xx_HAL_Driver/Src/stm32h7xx_hal_rcc.c ****   RCC_OscInitStruct->PLL.PLLP = (uint32_t)((RCC->PLL1DIVR & RCC_PLL1DIVR_P1) >> RCC_PLL1DIVR_P1_Pos
 3327              		.loc 1 1703 3 is_stmt 1 view .LVU1067
 3328              		.loc 1 1703 48 is_stmt 0 view .LVU1068
 3329 00be 1A6B     		ldr	r2, [r3, #48]
 3330              		.loc 1 1703 33 view .LVU1069
 3331 00c0 C2F34622 		ubfx	r2, r2, #9, #7
 3332              		.loc 1 1703 102 view .LVU1070
 3333 00c4 0132     		adds	r2, r2, #1
 3334              		.loc 1 1703 31 view .LVU1071
 3335 00c6 6263     		str	r2, [r4, #52]
1704:../../Drivers/STM32H7xx_HAL_Driver/Src/stm32h7xx_hal_rcc.c ****   RCC_OscInitStruct->PLL.PLLQ = (uint32_t)((RCC->PLL1DIVR & RCC_PLL1DIVR_Q1) >> RCC_PLL1DIVR_Q1_Pos
 3336              		.loc 1 1704 3 is_stmt 1 view .LVU1072
 3337              		.loc 1 1704 48 is_stmt 0 view .LVU1073
 3338 00c8 1A6B     		ldr	r2, [r3, #48]
 3339              		.loc 1 1704 33 view .LVU1074
 3340 00ca C2F30642 		ubfx	r2, r2, #16, #7
 3341              		.loc 1 1704 102 view .LVU1075
 3342 00ce 0132     		adds	r2, r2, #1
 3343              		.loc 1 1704 31 view .LVU1076
 3344 00d0 A263     		str	r2, [r4, #56]
1705:../../Drivers/STM32H7xx_HAL_Driver/Src/stm32h7xx_hal_rcc.c ****   RCC_OscInitStruct->PLL.PLLRGE = (uint32_t)((RCC->PLLCFGR & RCC_PLLCFGR_PLL1RGE));
 3345              		.loc 1 1705 3 is_stmt 1 view .LVU1077
 3346              		.loc 1 1705 50 is_stmt 0 view .LVU1078
 3347 00d2 DA6A     		ldr	r2, [r3, #44]
 3348              		.loc 1 1705 35 view .LVU1079
 3349 00d4 02F00C02 		and	r2, r2, #12
 3350              		.loc 1 1705 33 view .LVU1080
 3351 00d8 2264     		str	r2, [r4, #64]
1706:../../Drivers/STM32H7xx_HAL_Driver/Src/stm32h7xx_hal_rcc.c ****   RCC_OscInitStruct->PLL.PLLVCOSEL = (uint32_t)((RCC->PLLCFGR & RCC_PLLCFGR_PLL1VCOSEL) >> RCC_PLLC
 3352              		.loc 1 1706 3 is_stmt 1 view .LVU1081
 3353              		.loc 1 1706 53 is_stmt 0 view .LVU1082
 3354 00da DA6A     		ldr	r2, [r3, #44]
 3355              		.loc 1 1706 38 view .LVU1083
 3356 00dc C2F34002 		ubfx	r2, r2, #1, #1
 3357              		.loc 1 1706 36 view .LVU1084
ARM GAS  /var/folders/2r/mdtt8xvd351gdc398t28_m2m0000gn/T//ccT8wITP.s 			page 99


 3358 00e0 6264     		str	r2, [r4, #68]
1707:../../Drivers/STM32H7xx_HAL_Driver/Src/stm32h7xx_hal_rcc.c ****   RCC_OscInitStruct->PLL.PLLFRACN = (uint32_t)(((RCC->PLL1FRACR & RCC_PLL1FRACR_FRACN1) >> RCC_PLL1
 3359              		.loc 1 1707 3 is_stmt 1 view .LVU1085
 3360              		.loc 1 1707 53 is_stmt 0 view .LVU1086
 3361 00e2 5B6B     		ldr	r3, [r3, #52]
 3362              		.loc 1 1707 37 view .LVU1087
 3363 00e4 C3F3CC03 		ubfx	r3, r3, #3, #13
 3364              		.loc 1 1707 35 view .LVU1088
 3365 00e8 A364     		str	r3, [r4, #72]
1708:../../Drivers/STM32H7xx_HAL_Driver/Src/stm32h7xx_hal_rcc.c **** }
 3366              		.loc 1 1708 1 view .LVU1089
 3367 00ea 10BD     		pop	{r4, pc}
 3368              	.LVL264:
 3369              	.L250:
1581:../../Drivers/STM32H7xx_HAL_Driver/Src/stm32h7xx_hal_rcc.c ****   {
 3370              		.loc 1 1581 8 is_stmt 1 view .LVU1090
1581:../../Drivers/STM32H7xx_HAL_Driver/Src/stm32h7xx_hal_rcc.c ****   {
 3371              		.loc 1 1581 16 is_stmt 0 view .LVU1091
 3372 00ec 184B     		ldr	r3, .L271
 3373 00ee 1B68     		ldr	r3, [r3]
1581:../../Drivers/STM32H7xx_HAL_Driver/Src/stm32h7xx_hal_rcc.c ****   {
 3374              		.loc 1 1581 11 view .LVU1092
 3375 00f0 13F4803F 		tst	r3, #65536
 3376 00f4 03D0     		beq	.L252
1583:../../Drivers/STM32H7xx_HAL_Driver/Src/stm32h7xx_hal_rcc.c ****   }
 3377              		.loc 1 1583 5 is_stmt 1 view .LVU1093
1583:../../Drivers/STM32H7xx_HAL_Driver/Src/stm32h7xx_hal_rcc.c ****   }
 3378              		.loc 1 1583 33 is_stmt 0 view .LVU1094
 3379 00f6 4FF48033 		mov	r3, #65536
 3380 00fa 4360     		str	r3, [r0, #4]
 3381 00fc 8CE7     		b	.L251
 3382              	.L252:
1587:../../Drivers/STM32H7xx_HAL_Driver/Src/stm32h7xx_hal_rcc.c ****   }
 3383              		.loc 1 1587 5 is_stmt 1 view .LVU1095
1587:../../Drivers/STM32H7xx_HAL_Driver/Src/stm32h7xx_hal_rcc.c ****   }
 3384              		.loc 1 1587 33 is_stmt 0 view .LVU1096
 3385 00fe 0023     		movs	r3, #0
 3386 0100 4360     		str	r3, [r0, #4]
 3387 0102 89E7     		b	.L251
 3388              	.L253:
1598:../../Drivers/STM32H7xx_HAL_Driver/Src/stm32h7xx_hal_rcc.c ****   }
 3389              		.loc 1 1598 5 is_stmt 1 view .LVU1097
1598:../../Drivers/STM32H7xx_HAL_Driver/Src/stm32h7xx_hal_rcc.c ****   }
 3390              		.loc 1 1598 33 is_stmt 0 view .LVU1098
 3391 0104 0023     		movs	r3, #0
 3392 0106 E361     		str	r3, [r4, #28]
 3393 0108 8DE7     		b	.L254
 3394              	.LVL265:
 3395              	.L255:
1608:../../Drivers/STM32H7xx_HAL_Driver/Src/stm32h7xx_hal_rcc.c ****   }
 3396              		.loc 1 1608 5 is_stmt 1 view .LVU1099
1608:../../Drivers/STM32H7xx_HAL_Driver/Src/stm32h7xx_hal_rcc.c ****   }
 3397              		.loc 1 1608 57 is_stmt 0 view .LVU1100
 3398 010a 114B     		ldr	r3, .L271
 3399 010c DB68     		ldr	r3, [r3, #12]
1608:../../Drivers/STM32H7xx_HAL_Driver/Src/stm32h7xx_hal_rcc.c ****   }
 3400              		.loc 1 1608 46 view .LVU1101
ARM GAS  /var/folders/2r/mdtt8xvd351gdc398t28_m2m0000gn/T//ccT8wITP.s 			page 100


 3401 010e C3F30563 		ubfx	r3, r3, #24, #6
1608:../../Drivers/STM32H7xx_HAL_Driver/Src/stm32h7xx_hal_rcc.c ****   }
 3402              		.loc 1 1608 44 view .LVU1102
 3403 0112 2362     		str	r3, [r4, #32]
 3404 0114 92E7     		b	.L256
 3405              	.L257:
1621:../../Drivers/STM32H7xx_HAL_Driver/Src/stm32h7xx_hal_rcc.c ****   }
 3406              		.loc 1 1621 5 is_stmt 1 view .LVU1103
1621:../../Drivers/STM32H7xx_HAL_Driver/Src/stm32h7xx_hal_rcc.c ****   }
 3407              		.loc 1 1621 33 is_stmt 0 view .LVU1104
 3408 0116 0023     		movs	r3, #0
 3409 0118 E360     		str	r3, [r4, #12]
 3410 011a 96E7     		b	.L258
 3411              	.L259:
1631:../../Drivers/STM32H7xx_HAL_Driver/Src/stm32h7xx_hal_rcc.c ****   }
 3412              		.loc 1 1631 5 is_stmt 1 view .LVU1105
1631:../../Drivers/STM32H7xx_HAL_Driver/Src/stm32h7xx_hal_rcc.c ****   }
 3413              		.loc 1 1631 57 is_stmt 0 view .LVU1106
 3414 011c 0C4B     		ldr	r3, .L271
 3415 011e 5B68     		ldr	r3, [r3, #4]
1631:../../Drivers/STM32H7xx_HAL_Driver/Src/stm32h7xx_hal_rcc.c ****   }
 3416              		.loc 1 1631 46 view .LVU1107
 3417 0120 C3F30663 		ubfx	r3, r3, #24, #7
1631:../../Drivers/STM32H7xx_HAL_Driver/Src/stm32h7xx_hal_rcc.c ****   }
 3418              		.loc 1 1631 44 view .LVU1108
 3419 0124 2361     		str	r3, [r4, #16]
 3420 0126 9BE7     		b	.L260
 3421              	.L261:
1660:../../Drivers/STM32H7xx_HAL_Driver/Src/stm32h7xx_hal_rcc.c ****   {
 3422              		.loc 1 1660 8 is_stmt 1 view .LVU1109
1660:../../Drivers/STM32H7xx_HAL_Driver/Src/stm32h7xx_hal_rcc.c ****   {
 3423              		.loc 1 1660 16 is_stmt 0 view .LVU1110
 3424 0128 094B     		ldr	r3, .L271
 3425 012a 1B6F     		ldr	r3, [r3, #112]
1660:../../Drivers/STM32H7xx_HAL_Driver/Src/stm32h7xx_hal_rcc.c ****   {
 3426              		.loc 1 1660 11 view .LVU1111
 3427 012c 13F0010F 		tst	r3, #1
 3428 0130 02D0     		beq	.L263
1662:../../Drivers/STM32H7xx_HAL_Driver/Src/stm32h7xx_hal_rcc.c ****   }
 3429              		.loc 1 1662 5 is_stmt 1 view .LVU1112
1662:../../Drivers/STM32H7xx_HAL_Driver/Src/stm32h7xx_hal_rcc.c ****   }
 3430              		.loc 1 1662 33 is_stmt 0 view .LVU1113
 3431 0132 0123     		movs	r3, #1
 3432 0134 A360     		str	r3, [r4, #8]
 3433 0136 9AE7     		b	.L262
 3434              	.L263:
1666:../../Drivers/STM32H7xx_HAL_Driver/Src/stm32h7xx_hal_rcc.c ****   }
 3435              		.loc 1 1666 5 is_stmt 1 view .LVU1114
1666:../../Drivers/STM32H7xx_HAL_Driver/Src/stm32h7xx_hal_rcc.c ****   }
 3436              		.loc 1 1666 33 is_stmt 0 view .LVU1115
 3437 0138 0023     		movs	r3, #0
 3438 013a A360     		str	r3, [r4, #8]
 3439 013c 97E7     		b	.L262
 3440              	.L264:
1677:../../Drivers/STM32H7xx_HAL_Driver/Src/stm32h7xx_hal_rcc.c ****   }
 3441              		.loc 1 1677 5 is_stmt 1 view .LVU1116
1677:../../Drivers/STM32H7xx_HAL_Driver/Src/stm32h7xx_hal_rcc.c ****   }
ARM GAS  /var/folders/2r/mdtt8xvd351gdc398t28_m2m0000gn/T//ccT8wITP.s 			page 101


 3442              		.loc 1 1677 33 is_stmt 0 view .LVU1117
 3443 013e 0023     		movs	r3, #0
 3444 0140 6361     		str	r3, [r4, #20]
 3445 0142 9BE7     		b	.L265
 3446              	.L266:
1687:../../Drivers/STM32H7xx_HAL_Driver/Src/stm32h7xx_hal_rcc.c ****   }
 3447              		.loc 1 1687 5 is_stmt 1 view .LVU1118
1687:../../Drivers/STM32H7xx_HAL_Driver/Src/stm32h7xx_hal_rcc.c ****   }
 3448              		.loc 1 1687 35 is_stmt 0 view .LVU1119
 3449 0144 0023     		movs	r3, #0
 3450 0146 A361     		str	r3, [r4, #24]
 3451 0148 9FE7     		b	.L267
 3452              	.L268:
1697:../../Drivers/STM32H7xx_HAL_Driver/Src/stm32h7xx_hal_rcc.c ****   }
 3453              		.loc 1 1697 5 is_stmt 1 view .LVU1120
1697:../../Drivers/STM32H7xx_HAL_Driver/Src/stm32h7xx_hal_rcc.c ****   }
 3454              		.loc 1 1697 37 is_stmt 0 view .LVU1121
 3455 014a 0123     		movs	r3, #1
 3456 014c 6362     		str	r3, [r4, #36]
 3457 014e A3E7     		b	.L269
 3458              	.L272:
 3459              		.align	2
 3460              	.L271:
 3461 0150 00440258 		.word	1476543488
 3462              		.cfi_endproc
 3463              	.LFE142:
 3465              		.section	.text.HAL_RCC_GetClockConfig,"ax",%progbits
 3466              		.align	1
 3467              		.global	HAL_RCC_GetClockConfig
 3468              		.syntax unified
 3469              		.thumb
 3470              		.thumb_func
 3472              	HAL_RCC_GetClockConfig:
 3473              	.LVL266:
 3474              	.LFB143:
1709:../../Drivers/STM32H7xx_HAL_Driver/Src/stm32h7xx_hal_rcc.c **** 
1710:../../Drivers/STM32H7xx_HAL_Driver/Src/stm32h7xx_hal_rcc.c **** /**
1711:../../Drivers/STM32H7xx_HAL_Driver/Src/stm32h7xx_hal_rcc.c ****   * @brief  Configures the RCC_ClkInitStruct according to the internal
1712:../../Drivers/STM32H7xx_HAL_Driver/Src/stm32h7xx_hal_rcc.c ****   * RCC configuration registers.
1713:../../Drivers/STM32H7xx_HAL_Driver/Src/stm32h7xx_hal_rcc.c ****   * @param  RCC_ClkInitStruct: pointer to an RCC_ClkInitTypeDef structure that
1714:../../Drivers/STM32H7xx_HAL_Driver/Src/stm32h7xx_hal_rcc.c ****   * will be configured.
1715:../../Drivers/STM32H7xx_HAL_Driver/Src/stm32h7xx_hal_rcc.c ****   * @param  pFLatency: Pointer on the Flash Latency.
1716:../../Drivers/STM32H7xx_HAL_Driver/Src/stm32h7xx_hal_rcc.c ****   * @retval None
1717:../../Drivers/STM32H7xx_HAL_Driver/Src/stm32h7xx_hal_rcc.c ****   */
1718:../../Drivers/STM32H7xx_HAL_Driver/Src/stm32h7xx_hal_rcc.c **** void HAL_RCC_GetClockConfig(RCC_ClkInitTypeDef  *RCC_ClkInitStruct, uint32_t *pFLatency)
1719:../../Drivers/STM32H7xx_HAL_Driver/Src/stm32h7xx_hal_rcc.c **** {
 3475              		.loc 1 1719 1 is_stmt 1 view -0
 3476              		.cfi_startproc
 3477              		@ args = 0, pretend = 0, frame = 0
 3478              		@ frame_needed = 0, uses_anonymous_args = 0
 3479              		@ link register save eliminated.
1720:../../Drivers/STM32H7xx_HAL_Driver/Src/stm32h7xx_hal_rcc.c ****   /* Set all possible values for the Clock type parameter --------------------*/
1721:../../Drivers/STM32H7xx_HAL_Driver/Src/stm32h7xx_hal_rcc.c ****   RCC_ClkInitStruct->ClockType = RCC_CLOCKTYPE_SYSCLK | RCC_CLOCKTYPE_HCLK | RCC_CLOCKTYPE_D1PCLK1 
 3480              		.loc 1 1721 3 view .LVU1123
 3481              		.loc 1 1721 32 is_stmt 0 view .LVU1124
 3482 0000 3F23     		movs	r3, #63
 3483 0002 0360     		str	r3, [r0]
ARM GAS  /var/folders/2r/mdtt8xvd351gdc398t28_m2m0000gn/T//ccT8wITP.s 			page 102


1722:../../Drivers/STM32H7xx_HAL_Driver/Src/stm32h7xx_hal_rcc.c ****                                  RCC_CLOCKTYPE_PCLK2 |  RCC_CLOCKTYPE_D3PCLK1  ;
1723:../../Drivers/STM32H7xx_HAL_Driver/Src/stm32h7xx_hal_rcc.c **** 
1724:../../Drivers/STM32H7xx_HAL_Driver/Src/stm32h7xx_hal_rcc.c ****   /* Get the SYSCLK configuration --------------------------------------------*/
1725:../../Drivers/STM32H7xx_HAL_Driver/Src/stm32h7xx_hal_rcc.c ****   RCC_ClkInitStruct->SYSCLKSource = (uint32_t)(RCC->CFGR & RCC_CFGR_SW);
 3484              		.loc 1 1725 3 is_stmt 1 view .LVU1125
 3485              		.loc 1 1725 51 is_stmt 0 view .LVU1126
 3486 0004 114B     		ldr	r3, .L274
 3487 0006 1A69     		ldr	r2, [r3, #16]
 3488              		.loc 1 1725 37 view .LVU1127
 3489 0008 02F00702 		and	r2, r2, #7
 3490              		.loc 1 1725 35 view .LVU1128
 3491 000c 4260     		str	r2, [r0, #4]
1726:../../Drivers/STM32H7xx_HAL_Driver/Src/stm32h7xx_hal_rcc.c **** 
1727:../../Drivers/STM32H7xx_HAL_Driver/Src/stm32h7xx_hal_rcc.c **** #if defined(RCC_D1CFGR_D1CPRE)
1728:../../Drivers/STM32H7xx_HAL_Driver/Src/stm32h7xx_hal_rcc.c ****   /* Get the SYSCLK configuration ----------------------------------------------*/
1729:../../Drivers/STM32H7xx_HAL_Driver/Src/stm32h7xx_hal_rcc.c ****   RCC_ClkInitStruct->SYSCLKDivider = (uint32_t)(RCC->D1CFGR & RCC_D1CFGR_D1CPRE);
 3492              		.loc 1 1729 3 is_stmt 1 view .LVU1129
 3493              		.loc 1 1729 52 is_stmt 0 view .LVU1130
 3494 000e 9A69     		ldr	r2, [r3, #24]
 3495              		.loc 1 1729 38 view .LVU1131
 3496 0010 02F47062 		and	r2, r2, #3840
 3497              		.loc 1 1729 36 view .LVU1132
 3498 0014 8260     		str	r2, [r0, #8]
1730:../../Drivers/STM32H7xx_HAL_Driver/Src/stm32h7xx_hal_rcc.c **** 
1731:../../Drivers/STM32H7xx_HAL_Driver/Src/stm32h7xx_hal_rcc.c ****   /* Get the D1HCLK configuration ----------------------------------------------*/
1732:../../Drivers/STM32H7xx_HAL_Driver/Src/stm32h7xx_hal_rcc.c ****   RCC_ClkInitStruct->AHBCLKDivider = (uint32_t)(RCC->D1CFGR & RCC_D1CFGR_HPRE);
 3499              		.loc 1 1732 3 is_stmt 1 view .LVU1133
 3500              		.loc 1 1732 52 is_stmt 0 view .LVU1134
 3501 0016 9A69     		ldr	r2, [r3, #24]
 3502              		.loc 1 1732 38 view .LVU1135
 3503 0018 02F00F02 		and	r2, r2, #15
 3504              		.loc 1 1732 36 view .LVU1136
 3505 001c C260     		str	r2, [r0, #12]
1733:../../Drivers/STM32H7xx_HAL_Driver/Src/stm32h7xx_hal_rcc.c **** 
1734:../../Drivers/STM32H7xx_HAL_Driver/Src/stm32h7xx_hal_rcc.c ****   /* Get the APB3 configuration ----------------------------------------------*/
1735:../../Drivers/STM32H7xx_HAL_Driver/Src/stm32h7xx_hal_rcc.c ****   RCC_ClkInitStruct->APB3CLKDivider = (uint32_t)(RCC->D1CFGR & RCC_D1CFGR_D1PPRE);
 3506              		.loc 1 1735 3 is_stmt 1 view .LVU1137
 3507              		.loc 1 1735 53 is_stmt 0 view .LVU1138
 3508 001e 9A69     		ldr	r2, [r3, #24]
 3509              		.loc 1 1735 39 view .LVU1139
 3510 0020 02F07002 		and	r2, r2, #112
 3511              		.loc 1 1735 37 view .LVU1140
 3512 0024 0261     		str	r2, [r0, #16]
1736:../../Drivers/STM32H7xx_HAL_Driver/Src/stm32h7xx_hal_rcc.c **** 
1737:../../Drivers/STM32H7xx_HAL_Driver/Src/stm32h7xx_hal_rcc.c ****   /* Get the APB1 configuration ----------------------------------------------*/
1738:../../Drivers/STM32H7xx_HAL_Driver/Src/stm32h7xx_hal_rcc.c ****   RCC_ClkInitStruct->APB1CLKDivider = (uint32_t)(RCC->D2CFGR & RCC_D2CFGR_D2PPRE1);
 3513              		.loc 1 1738 3 is_stmt 1 view .LVU1141
 3514              		.loc 1 1738 53 is_stmt 0 view .LVU1142
 3515 0026 DA69     		ldr	r2, [r3, #28]
 3516              		.loc 1 1738 39 view .LVU1143
 3517 0028 02F07002 		and	r2, r2, #112
 3518              		.loc 1 1738 37 view .LVU1144
 3519 002c 4261     		str	r2, [r0, #20]
1739:../../Drivers/STM32H7xx_HAL_Driver/Src/stm32h7xx_hal_rcc.c **** 
1740:../../Drivers/STM32H7xx_HAL_Driver/Src/stm32h7xx_hal_rcc.c ****   /* Get the APB2 configuration ----------------------------------------------*/
1741:../../Drivers/STM32H7xx_HAL_Driver/Src/stm32h7xx_hal_rcc.c ****   RCC_ClkInitStruct->APB2CLKDivider = (uint32_t)(RCC->D2CFGR & RCC_D2CFGR_D2PPRE2);
 3520              		.loc 1 1741 3 is_stmt 1 view .LVU1145
ARM GAS  /var/folders/2r/mdtt8xvd351gdc398t28_m2m0000gn/T//ccT8wITP.s 			page 103


 3521              		.loc 1 1741 53 is_stmt 0 view .LVU1146
 3522 002e DA69     		ldr	r2, [r3, #28]
 3523              		.loc 1 1741 39 view .LVU1147
 3524 0030 02F4E062 		and	r2, r2, #1792
 3525              		.loc 1 1741 37 view .LVU1148
 3526 0034 8261     		str	r2, [r0, #24]
1742:../../Drivers/STM32H7xx_HAL_Driver/Src/stm32h7xx_hal_rcc.c **** 
1743:../../Drivers/STM32H7xx_HAL_Driver/Src/stm32h7xx_hal_rcc.c ****   /* Get the APB4 configuration ----------------------------------------------*/
1744:../../Drivers/STM32H7xx_HAL_Driver/Src/stm32h7xx_hal_rcc.c ****   RCC_ClkInitStruct->APB4CLKDivider = (uint32_t)(RCC->D3CFGR & RCC_D3CFGR_D3PPRE);
 3527              		.loc 1 1744 3 is_stmt 1 view .LVU1149
 3528              		.loc 1 1744 53 is_stmt 0 view .LVU1150
 3529 0036 1B6A     		ldr	r3, [r3, #32]
 3530              		.loc 1 1744 39 view .LVU1151
 3531 0038 03F07003 		and	r3, r3, #112
 3532              		.loc 1 1744 37 view .LVU1152
 3533 003c C361     		str	r3, [r0, #28]
1745:../../Drivers/STM32H7xx_HAL_Driver/Src/stm32h7xx_hal_rcc.c **** #else
1746:../../Drivers/STM32H7xx_HAL_Driver/Src/stm32h7xx_hal_rcc.c ****   /* Get the SYSCLK configuration ----------------------------------------------*/
1747:../../Drivers/STM32H7xx_HAL_Driver/Src/stm32h7xx_hal_rcc.c ****   RCC_ClkInitStruct->SYSCLKDivider = (uint32_t)(RCC->CDCFGR1 & RCC_CDCFGR1_CDCPRE);
1748:../../Drivers/STM32H7xx_HAL_Driver/Src/stm32h7xx_hal_rcc.c **** 
1749:../../Drivers/STM32H7xx_HAL_Driver/Src/stm32h7xx_hal_rcc.c ****   /* Get the D1HCLK configuration ----------------------------------------------*/
1750:../../Drivers/STM32H7xx_HAL_Driver/Src/stm32h7xx_hal_rcc.c ****   RCC_ClkInitStruct->AHBCLKDivider = (uint32_t)(RCC->CDCFGR1 & RCC_CDCFGR1_HPRE);
1751:../../Drivers/STM32H7xx_HAL_Driver/Src/stm32h7xx_hal_rcc.c **** 
1752:../../Drivers/STM32H7xx_HAL_Driver/Src/stm32h7xx_hal_rcc.c ****   /* Get the APB3 configuration ----------------------------------------------*/
1753:../../Drivers/STM32H7xx_HAL_Driver/Src/stm32h7xx_hal_rcc.c ****   RCC_ClkInitStruct->APB3CLKDivider = (uint32_t)(RCC->CDCFGR1 & RCC_CDCFGR1_CDPPRE);
1754:../../Drivers/STM32H7xx_HAL_Driver/Src/stm32h7xx_hal_rcc.c **** 
1755:../../Drivers/STM32H7xx_HAL_Driver/Src/stm32h7xx_hal_rcc.c ****   /* Get the APB1 configuration ----------------------------------------------*/
1756:../../Drivers/STM32H7xx_HAL_Driver/Src/stm32h7xx_hal_rcc.c ****   RCC_ClkInitStruct->APB1CLKDivider = (uint32_t)(RCC->CDCFGR2 & RCC_CDCFGR2_CDPPRE1);
1757:../../Drivers/STM32H7xx_HAL_Driver/Src/stm32h7xx_hal_rcc.c **** 
1758:../../Drivers/STM32H7xx_HAL_Driver/Src/stm32h7xx_hal_rcc.c ****   /* Get the APB2 configuration ----------------------------------------------*/
1759:../../Drivers/STM32H7xx_HAL_Driver/Src/stm32h7xx_hal_rcc.c ****   RCC_ClkInitStruct->APB2CLKDivider = (uint32_t)(RCC->CDCFGR2 & RCC_CDCFGR2_CDPPRE2);
1760:../../Drivers/STM32H7xx_HAL_Driver/Src/stm32h7xx_hal_rcc.c **** 
1761:../../Drivers/STM32H7xx_HAL_Driver/Src/stm32h7xx_hal_rcc.c ****   /* Get the APB4 configuration ----------------------------------------------*/
1762:../../Drivers/STM32H7xx_HAL_Driver/Src/stm32h7xx_hal_rcc.c ****   RCC_ClkInitStruct->APB4CLKDivider = (uint32_t)(RCC->SRDCFGR & RCC_SRDCFGR_SRDPPRE);
1763:../../Drivers/STM32H7xx_HAL_Driver/Src/stm32h7xx_hal_rcc.c **** #endif
1764:../../Drivers/STM32H7xx_HAL_Driver/Src/stm32h7xx_hal_rcc.c **** 
1765:../../Drivers/STM32H7xx_HAL_Driver/Src/stm32h7xx_hal_rcc.c ****   /* Get the Flash Wait State (Latency) configuration ------------------------*/
1766:../../Drivers/STM32H7xx_HAL_Driver/Src/stm32h7xx_hal_rcc.c ****   *pFLatency = (uint32_t)(FLASH->ACR & FLASH_ACR_LATENCY);
 3534              		.loc 1 1766 3 is_stmt 1 view .LVU1153
 3535              		.loc 1 1766 32 is_stmt 0 view .LVU1154
 3536 003e 044B     		ldr	r3, .L274+4
 3537 0040 1B68     		ldr	r3, [r3]
 3538              		.loc 1 1766 16 view .LVU1155
 3539 0042 03F00F03 		and	r3, r3, #15
 3540              		.loc 1 1766 14 view .LVU1156
 3541 0046 0B60     		str	r3, [r1]
1767:../../Drivers/STM32H7xx_HAL_Driver/Src/stm32h7xx_hal_rcc.c **** }
 3542              		.loc 1 1767 1 view .LVU1157
 3543 0048 7047     		bx	lr
 3544              	.L275:
 3545 004a 00BF     		.align	2
 3546              	.L274:
 3547 004c 00440258 		.word	1476543488
 3548 0050 00200052 		.word	1375739904
 3549              		.cfi_endproc
 3550              	.LFE143:
 3552              		.section	.text.HAL_RCC_CSSCallback,"ax",%progbits
ARM GAS  /var/folders/2r/mdtt8xvd351gdc398t28_m2m0000gn/T//ccT8wITP.s 			page 104


 3553              		.align	1
 3554              		.weak	HAL_RCC_CSSCallback
 3555              		.syntax unified
 3556              		.thumb
 3557              		.thumb_func
 3559              	HAL_RCC_CSSCallback:
 3560              	.LFB145:
1768:../../Drivers/STM32H7xx_HAL_Driver/Src/stm32h7xx_hal_rcc.c **** 
1769:../../Drivers/STM32H7xx_HAL_Driver/Src/stm32h7xx_hal_rcc.c **** /**
1770:../../Drivers/STM32H7xx_HAL_Driver/Src/stm32h7xx_hal_rcc.c ****   * @brief This function handles the RCC CSS interrupt request.
1771:../../Drivers/STM32H7xx_HAL_Driver/Src/stm32h7xx_hal_rcc.c ****   * @note This API should be called under the NMI_Handler().
1772:../../Drivers/STM32H7xx_HAL_Driver/Src/stm32h7xx_hal_rcc.c ****   * @retval None
1773:../../Drivers/STM32H7xx_HAL_Driver/Src/stm32h7xx_hal_rcc.c ****   */
1774:../../Drivers/STM32H7xx_HAL_Driver/Src/stm32h7xx_hal_rcc.c **** void HAL_RCC_NMI_IRQHandler(void)
1775:../../Drivers/STM32H7xx_HAL_Driver/Src/stm32h7xx_hal_rcc.c **** {
1776:../../Drivers/STM32H7xx_HAL_Driver/Src/stm32h7xx_hal_rcc.c ****   /* Check RCC CSSF flag  */
1777:../../Drivers/STM32H7xx_HAL_Driver/Src/stm32h7xx_hal_rcc.c ****   if (__HAL_RCC_GET_IT(RCC_IT_CSS))
1778:../../Drivers/STM32H7xx_HAL_Driver/Src/stm32h7xx_hal_rcc.c ****   {
1779:../../Drivers/STM32H7xx_HAL_Driver/Src/stm32h7xx_hal_rcc.c ****     /* RCC Clock Security System interrupt user callback */
1780:../../Drivers/STM32H7xx_HAL_Driver/Src/stm32h7xx_hal_rcc.c ****     HAL_RCC_CSSCallback();
1781:../../Drivers/STM32H7xx_HAL_Driver/Src/stm32h7xx_hal_rcc.c **** 
1782:../../Drivers/STM32H7xx_HAL_Driver/Src/stm32h7xx_hal_rcc.c ****     /* Clear RCC CSS pending bit */
1783:../../Drivers/STM32H7xx_HAL_Driver/Src/stm32h7xx_hal_rcc.c ****     __HAL_RCC_CLEAR_IT(RCC_IT_CSS);
1784:../../Drivers/STM32H7xx_HAL_Driver/Src/stm32h7xx_hal_rcc.c ****   }
1785:../../Drivers/STM32H7xx_HAL_Driver/Src/stm32h7xx_hal_rcc.c **** }
1786:../../Drivers/STM32H7xx_HAL_Driver/Src/stm32h7xx_hal_rcc.c **** 
1787:../../Drivers/STM32H7xx_HAL_Driver/Src/stm32h7xx_hal_rcc.c **** /**
1788:../../Drivers/STM32H7xx_HAL_Driver/Src/stm32h7xx_hal_rcc.c ****   * @brief  RCC Clock Security System interrupt callback
1789:../../Drivers/STM32H7xx_HAL_Driver/Src/stm32h7xx_hal_rcc.c ****   * @retval none
1790:../../Drivers/STM32H7xx_HAL_Driver/Src/stm32h7xx_hal_rcc.c ****   */
1791:../../Drivers/STM32H7xx_HAL_Driver/Src/stm32h7xx_hal_rcc.c **** __weak void HAL_RCC_CSSCallback(void)
1792:../../Drivers/STM32H7xx_HAL_Driver/Src/stm32h7xx_hal_rcc.c **** {
 3561              		.loc 1 1792 1 is_stmt 1 view -0
 3562              		.cfi_startproc
 3563              		@ args = 0, pretend = 0, frame = 0
 3564              		@ frame_needed = 0, uses_anonymous_args = 0
 3565              		@ link register save eliminated.
1793:../../Drivers/STM32H7xx_HAL_Driver/Src/stm32h7xx_hal_rcc.c ****   /* NOTE : This function Should not be modified, when the callback is needed,
1794:../../Drivers/STM32H7xx_HAL_Driver/Src/stm32h7xx_hal_rcc.c ****             the HAL_RCC_CSSCallback could be implemented in the user file
1795:../../Drivers/STM32H7xx_HAL_Driver/Src/stm32h7xx_hal_rcc.c ****    */
1796:../../Drivers/STM32H7xx_HAL_Driver/Src/stm32h7xx_hal_rcc.c **** }
 3566              		.loc 1 1796 1 view .LVU1159
 3567 0000 7047     		bx	lr
 3568              		.cfi_endproc
 3569              	.LFE145:
 3571              		.section	.text.HAL_RCC_NMI_IRQHandler,"ax",%progbits
 3572              		.align	1
 3573              		.global	HAL_RCC_NMI_IRQHandler
 3574              		.syntax unified
 3575              		.thumb
 3576              		.thumb_func
 3578              	HAL_RCC_NMI_IRQHandler:
 3579              	.LFB144:
1775:../../Drivers/STM32H7xx_HAL_Driver/Src/stm32h7xx_hal_rcc.c ****   /* Check RCC CSSF flag  */
 3580              		.loc 1 1775 1 view -0
 3581              		.cfi_startproc
 3582              		@ args = 0, pretend = 0, frame = 0
ARM GAS  /var/folders/2r/mdtt8xvd351gdc398t28_m2m0000gn/T//ccT8wITP.s 			page 105


 3583              		@ frame_needed = 0, uses_anonymous_args = 0
 3584 0000 08B5     		push	{r3, lr}
 3585              	.LCFI16:
 3586              		.cfi_def_cfa_offset 8
 3587              		.cfi_offset 3, -8
 3588              		.cfi_offset 14, -4
1777:../../Drivers/STM32H7xx_HAL_Driver/Src/stm32h7xx_hal_rcc.c ****   {
 3589              		.loc 1 1777 3 view .LVU1161
1777:../../Drivers/STM32H7xx_HAL_Driver/Src/stm32h7xx_hal_rcc.c ****   {
 3590              		.loc 1 1777 7 is_stmt 0 view .LVU1162
 3591 0002 064B     		ldr	r3, .L281
 3592 0004 5B6E     		ldr	r3, [r3, #100]
1777:../../Drivers/STM32H7xx_HAL_Driver/Src/stm32h7xx_hal_rcc.c ****   {
 3593              		.loc 1 1777 6 view .LVU1163
 3594 0006 13F4806F 		tst	r3, #1024
 3595 000a 00D1     		bne	.L280
 3596              	.L277:
1785:../../Drivers/STM32H7xx_HAL_Driver/Src/stm32h7xx_hal_rcc.c **** 
 3597              		.loc 1 1785 1 view .LVU1164
 3598 000c 08BD     		pop	{r3, pc}
 3599              	.L280:
1780:../../Drivers/STM32H7xx_HAL_Driver/Src/stm32h7xx_hal_rcc.c **** 
 3600              		.loc 1 1780 5 is_stmt 1 view .LVU1165
 3601 000e FFF7FEFF 		bl	HAL_RCC_CSSCallback
 3602              	.LVL267:
1783:../../Drivers/STM32H7xx_HAL_Driver/Src/stm32h7xx_hal_rcc.c ****   }
 3603              		.loc 1 1783 5 view .LVU1166
 3604 0012 024B     		ldr	r3, .L281
 3605 0014 4FF48062 		mov	r2, #1024
 3606 0018 9A66     		str	r2, [r3, #104]
1785:../../Drivers/STM32H7xx_HAL_Driver/Src/stm32h7xx_hal_rcc.c **** 
 3607              		.loc 1 1785 1 is_stmt 0 view .LVU1167
 3608 001a F7E7     		b	.L277
 3609              	.L282:
 3610              		.align	2
 3611              	.L281:
 3612 001c 00440258 		.word	1476543488
 3613              		.cfi_endproc
 3614              	.LFE144:
 3616              		.text
 3617              	.Letext0:
 3618              		.file 2 "/Applications/ArmGNUToolchain/15.2.rel1/arm-none-eabi/arm-none-eabi/include/machine/_defa
 3619              		.file 3 "/Applications/ArmGNUToolchain/15.2.rel1/arm-none-eabi/arm-none-eabi/include/sys/_stdint.h
 3620              		.file 4 "../../Drivers/CMSIS/Device/ST/STM32H7xx/Include/system_stm32h7xx.h"
 3621              		.file 5 "../../Drivers/CMSIS/Device/ST/STM32H7xx/Include/stm32h755xx.h"
 3622              		.file 6 "/Applications/ArmGNUToolchain/15.2.rel1/arm-none-eabi/arm-none-eabi/include/math.h"
 3623              		.file 7 "../../Drivers/STM32H7xx_HAL_Driver/Inc/stm32h7xx_hal_def.h"
 3624              		.file 8 "../../Drivers/STM32H7xx_HAL_Driver/Inc/stm32h7xx_hal_rcc.h"
 3625              		.file 9 "../../Drivers/STM32H7xx_HAL_Driver/Inc/stm32h7xx_hal_gpio.h"
 3626              		.file 10 "../../Drivers/STM32H7xx_HAL_Driver/Inc/stm32h7xx_hal.h"
ARM GAS  /var/folders/2r/mdtt8xvd351gdc398t28_m2m0000gn/T//ccT8wITP.s 			page 106


DEFINED SYMBOLS
                            *ABS*:00000000 stm32h7xx_hal_rcc.c
/var/folders/2r/mdtt8xvd351gdc398t28_m2m0000gn/T//ccT8wITP.s:19     .text.HAL_RCC_DeInit:00000000 $t
/var/folders/2r/mdtt8xvd351gdc398t28_m2m0000gn/T//ccT8wITP.s:25     .text.HAL_RCC_DeInit:00000000 HAL_RCC_DeInit
/var/folders/2r/mdtt8xvd351gdc398t28_m2m0000gn/T//ccT8wITP.s:375    .text.HAL_RCC_DeInit:000001b4 $d
/var/folders/2r/mdtt8xvd351gdc398t28_m2m0000gn/T//ccT8wITP.s:389    .text.HAL_RCC_OscConfig:00000000 $t
/var/folders/2r/mdtt8xvd351gdc398t28_m2m0000gn/T//ccT8wITP.s:395    .text.HAL_RCC_OscConfig:00000000 HAL_RCC_OscConfig
/var/folders/2r/mdtt8xvd351gdc398t28_m2m0000gn/T//ccT8wITP.s:914    .text.HAL_RCC_OscConfig:00000264 $d
/var/folders/2r/mdtt8xvd351gdc398t28_m2m0000gn/T//ccT8wITP.s:921    .text.HAL_RCC_OscConfig:00000268 $t
/var/folders/2r/mdtt8xvd351gdc398t28_m2m0000gn/T//ccT8wITP.s:1404   .text.HAL_RCC_OscConfig:000004d8 $d
/var/folders/2r/mdtt8xvd351gdc398t28_m2m0000gn/T//ccT8wITP.s:1409   .text.HAL_RCC_OscConfig:000004e0 $t
/var/folders/2r/mdtt8xvd351gdc398t28_m2m0000gn/T//ccT8wITP.s:1811   .text.HAL_RCC_OscConfig:000006b0 $d
/var/folders/2r/mdtt8xvd351gdc398t28_m2m0000gn/T//ccT8wITP.s:1816   .text.HAL_RCC_MCOConfig:00000000 $t
/var/folders/2r/mdtt8xvd351gdc398t28_m2m0000gn/T//ccT8wITP.s:1822   .text.HAL_RCC_MCOConfig:00000000 HAL_RCC_MCOConfig
/var/folders/2r/mdtt8xvd351gdc398t28_m2m0000gn/T//ccT8wITP.s:1967   .text.HAL_RCC_MCOConfig:00000098 $d
/var/folders/2r/mdtt8xvd351gdc398t28_m2m0000gn/T//ccT8wITP.s:1974   .text.HAL_RCC_EnableCSS:00000000 $t
/var/folders/2r/mdtt8xvd351gdc398t28_m2m0000gn/T//ccT8wITP.s:1980   .text.HAL_RCC_EnableCSS:00000000 HAL_RCC_EnableCSS
/var/folders/2r/mdtt8xvd351gdc398t28_m2m0000gn/T//ccT8wITP.s:1997   .text.HAL_RCC_EnableCSS:0000000c $d
/var/folders/2r/mdtt8xvd351gdc398t28_m2m0000gn/T//ccT8wITP.s:2002   .text.HAL_RCC_DisableCSS:00000000 $t
/var/folders/2r/mdtt8xvd351gdc398t28_m2m0000gn/T//ccT8wITP.s:2008   .text.HAL_RCC_DisableCSS:00000000 HAL_RCC_DisableCSS
/var/folders/2r/mdtt8xvd351gdc398t28_m2m0000gn/T//ccT8wITP.s:2025   .text.HAL_RCC_DisableCSS:0000000c $d
/var/folders/2r/mdtt8xvd351gdc398t28_m2m0000gn/T//ccT8wITP.s:2030   .text.HAL_RCC_GetSysClockFreq:00000000 $t
/var/folders/2r/mdtt8xvd351gdc398t28_m2m0000gn/T//ccT8wITP.s:2036   .text.HAL_RCC_GetSysClockFreq:00000000 HAL_RCC_GetSysClockFreq
/var/folders/2r/mdtt8xvd351gdc398t28_m2m0000gn/T//ccT8wITP.s:2446   .text.HAL_RCC_GetSysClockFreq:00000214 $d
/var/folders/2r/mdtt8xvd351gdc398t28_m2m0000gn/T//ccT8wITP.s:2457   .text.HAL_RCC_ClockConfig:00000000 $t
/var/folders/2r/mdtt8xvd351gdc398t28_m2m0000gn/T//ccT8wITP.s:2463   .text.HAL_RCC_ClockConfig:00000000 HAL_RCC_ClockConfig
/var/folders/2r/mdtt8xvd351gdc398t28_m2m0000gn/T//ccT8wITP.s:2988   .text.HAL_RCC_ClockConfig:00000278 $d
/var/folders/2r/mdtt8xvd351gdc398t28_m2m0000gn/T//ccT8wITP.s:2998   .text.HAL_RCC_GetHCLKFreq:00000000 $t
/var/folders/2r/mdtt8xvd351gdc398t28_m2m0000gn/T//ccT8wITP.s:3004   .text.HAL_RCC_GetHCLKFreq:00000000 HAL_RCC_GetHCLKFreq
/var/folders/2r/mdtt8xvd351gdc398t28_m2m0000gn/T//ccT8wITP.s:3058   .text.HAL_RCC_GetHCLKFreq:00000030 $d
/var/folders/2r/mdtt8xvd351gdc398t28_m2m0000gn/T//ccT8wITP.s:3066   .text.HAL_RCC_GetPCLK1Freq:00000000 $t
/var/folders/2r/mdtt8xvd351gdc398t28_m2m0000gn/T//ccT8wITP.s:3072   .text.HAL_RCC_GetPCLK1Freq:00000000 HAL_RCC_GetPCLK1Freq
/var/folders/2r/mdtt8xvd351gdc398t28_m2m0000gn/T//ccT8wITP.s:3103   .text.HAL_RCC_GetPCLK1Freq:0000001c $d
/var/folders/2r/mdtt8xvd351gdc398t28_m2m0000gn/T//ccT8wITP.s:3109   .text.HAL_RCC_GetPCLK2Freq:00000000 $t
/var/folders/2r/mdtt8xvd351gdc398t28_m2m0000gn/T//ccT8wITP.s:3115   .text.HAL_RCC_GetPCLK2Freq:00000000 HAL_RCC_GetPCLK2Freq
/var/folders/2r/mdtt8xvd351gdc398t28_m2m0000gn/T//ccT8wITP.s:3146   .text.HAL_RCC_GetPCLK2Freq:0000001c $d
/var/folders/2r/mdtt8xvd351gdc398t28_m2m0000gn/T//ccT8wITP.s:3152   .text.HAL_RCC_GetOscConfig:00000000 $t
/var/folders/2r/mdtt8xvd351gdc398t28_m2m0000gn/T//ccT8wITP.s:3158   .text.HAL_RCC_GetOscConfig:00000000 HAL_RCC_GetOscConfig
/var/folders/2r/mdtt8xvd351gdc398t28_m2m0000gn/T//ccT8wITP.s:3461   .text.HAL_RCC_GetOscConfig:00000150 $d
/var/folders/2r/mdtt8xvd351gdc398t28_m2m0000gn/T//ccT8wITP.s:3466   .text.HAL_RCC_GetClockConfig:00000000 $t
/var/folders/2r/mdtt8xvd351gdc398t28_m2m0000gn/T//ccT8wITP.s:3472   .text.HAL_RCC_GetClockConfig:00000000 HAL_RCC_GetClockConfig
/var/folders/2r/mdtt8xvd351gdc398t28_m2m0000gn/T//ccT8wITP.s:3547   .text.HAL_RCC_GetClockConfig:0000004c $d
/var/folders/2r/mdtt8xvd351gdc398t28_m2m0000gn/T//ccT8wITP.s:3553   .text.HAL_RCC_CSSCallback:00000000 $t
/var/folders/2r/mdtt8xvd351gdc398t28_m2m0000gn/T//ccT8wITP.s:3559   .text.HAL_RCC_CSSCallback:00000000 HAL_RCC_CSSCallback
/var/folders/2r/mdtt8xvd351gdc398t28_m2m0000gn/T//ccT8wITP.s:3572   .text.HAL_RCC_NMI_IRQHandler:00000000 $t
/var/folders/2r/mdtt8xvd351gdc398t28_m2m0000gn/T//ccT8wITP.s:3578   .text.HAL_RCC_NMI_IRQHandler:00000000 HAL_RCC_NMI_IRQHandler
/var/folders/2r/mdtt8xvd351gdc398t28_m2m0000gn/T//ccT8wITP.s:3612   .text.HAL_RCC_NMI_IRQHandler:0000001c $d

UNDEFINED SYMBOLS
HAL_GetTick
HAL_InitTick
SystemCoreClock
SystemD2Clock
uwTickPrio
HAL_GetREVID
HAL_GPIO_Init
__aeabi_ui2f
ARM GAS  /var/folders/2r/mdtt8xvd351gdc398t28_m2m0000gn/T//ccT8wITP.s 			page 107


__aeabi_fdiv
__aeabi_fmul
__aeabi_fadd
__aeabi_f2uiz
D1CorePrescTable
