ARM GAS  /var/folders/2r/mdtt8xvd351gdc398t28_m2m0000gn/T//ccY3u57q.s 			page 1


   1              		.cpu cortex-m4
   2              		.arch armv7e-m
   3              		.fpu softvfp
   4              		.eabi_attribute 20, 1
   5              		.eabi_attribute 21, 1
   6              		.eabi_attribute 23, 3
   7              		.eabi_attribute 24, 1
   8              		.eabi_attribute 25, 1
   9              		.eabi_attribute 26, 1
  10              		.eabi_attribute 30, 1
  11              		.eabi_attribute 34, 1
  12              		.eabi_attribute 18, 4
  13              		.file	"stm32h7xx_hal_exti.c"
  14              		.text
  15              	.Ltext0:
  16              		.cfi_sections	.debug_frame
  17              		.file 1 "../../Drivers/STM32H7xx_HAL_Driver/Src/stm32h7xx_hal_exti.c"
  18              		.section	.text.HAL_EXTI_SetConfigLine,"ax",%progbits
  19              		.align	1
  20              		.global	HAL_EXTI_SetConfigLine
  21              		.syntax unified
  22              		.thumb
  23              		.thumb_func
  25              	HAL_EXTI_SetConfigLine:
  26              	.LVL0:
  27              	.LFB132:
   1:../../Drivers/STM32H7xx_HAL_Driver/Src/stm32h7xx_hal_exti.c **** /**
   2:../../Drivers/STM32H7xx_HAL_Driver/Src/stm32h7xx_hal_exti.c ****   ******************************************************************************
   3:../../Drivers/STM32H7xx_HAL_Driver/Src/stm32h7xx_hal_exti.c ****   * @file    stm32h7xx_hal_exti.c
   4:../../Drivers/STM32H7xx_HAL_Driver/Src/stm32h7xx_hal_exti.c ****   * @author  MCD Application Team
   5:../../Drivers/STM32H7xx_HAL_Driver/Src/stm32h7xx_hal_exti.c ****   * @brief   EXTI HAL module driver.
   6:../../Drivers/STM32H7xx_HAL_Driver/Src/stm32h7xx_hal_exti.c ****   *          This file provides firmware functions to manage the following
   7:../../Drivers/STM32H7xx_HAL_Driver/Src/stm32h7xx_hal_exti.c ****   *          functionalities of the General Purpose Input/Output (EXTI) peripheral:
   8:../../Drivers/STM32H7xx_HAL_Driver/Src/stm32h7xx_hal_exti.c ****   *           + Initialization and de-initialization functions
   9:../../Drivers/STM32H7xx_HAL_Driver/Src/stm32h7xx_hal_exti.c ****   *           + IO operation functions
  10:../../Drivers/STM32H7xx_HAL_Driver/Src/stm32h7xx_hal_exti.c ****   *
  11:../../Drivers/STM32H7xx_HAL_Driver/Src/stm32h7xx_hal_exti.c ****   ******************************************************************************
  12:../../Drivers/STM32H7xx_HAL_Driver/Src/stm32h7xx_hal_exti.c ****   * @attention
  13:../../Drivers/STM32H7xx_HAL_Driver/Src/stm32h7xx_hal_exti.c ****   *
  14:../../Drivers/STM32H7xx_HAL_Driver/Src/stm32h7xx_hal_exti.c ****   * Copyright (c) 2017 STMicroelectronics.
  15:../../Drivers/STM32H7xx_HAL_Driver/Src/stm32h7xx_hal_exti.c ****   * All rights reserved.
  16:../../Drivers/STM32H7xx_HAL_Driver/Src/stm32h7xx_hal_exti.c ****   *
  17:../../Drivers/STM32H7xx_HAL_Driver/Src/stm32h7xx_hal_exti.c ****   * This software is licensed under terms that can be found in the LICENSE file
  18:../../Drivers/STM32H7xx_HAL_Driver/Src/stm32h7xx_hal_exti.c ****   * in the root directory of this software component.
  19:../../Drivers/STM32H7xx_HAL_Driver/Src/stm32h7xx_hal_exti.c ****   * If no LICENSE file comes with this software, it is provided AS-IS.
  20:../../Drivers/STM32H7xx_HAL_Driver/Src/stm32h7xx_hal_exti.c ****   *
  21:../../Drivers/STM32H7xx_HAL_Driver/Src/stm32h7xx_hal_exti.c ****   ******************************************************************************
  22:../../Drivers/STM32H7xx_HAL_Driver/Src/stm32h7xx_hal_exti.c ****   @verbatim
  23:../../Drivers/STM32H7xx_HAL_Driver/Src/stm32h7xx_hal_exti.c ****   ==============================================================================
  24:../../Drivers/STM32H7xx_HAL_Driver/Src/stm32h7xx_hal_exti.c ****                     ##### EXTI Peripheral features #####
  25:../../Drivers/STM32H7xx_HAL_Driver/Src/stm32h7xx_hal_exti.c ****   ==============================================================================
  26:../../Drivers/STM32H7xx_HAL_Driver/Src/stm32h7xx_hal_exti.c ****   [..]
  27:../../Drivers/STM32H7xx_HAL_Driver/Src/stm32h7xx_hal_exti.c ****     (+) Each Exti line can be configured within this driver.
  28:../../Drivers/STM32H7xx_HAL_Driver/Src/stm32h7xx_hal_exti.c **** 
  29:../../Drivers/STM32H7xx_HAL_Driver/Src/stm32h7xx_hal_exti.c ****     (+) Exti line can be configured in 3 different modes
  30:../../Drivers/STM32H7xx_HAL_Driver/Src/stm32h7xx_hal_exti.c ****         (++) Interrupt (CORE1 or CORE2 in case of dual core line )
  31:../../Drivers/STM32H7xx_HAL_Driver/Src/stm32h7xx_hal_exti.c ****         (++) Event (CORE1 or CORE2 in case of dual core line )
ARM GAS  /var/folders/2r/mdtt8xvd351gdc398t28_m2m0000gn/T//ccY3u57q.s 			page 2


  32:../../Drivers/STM32H7xx_HAL_Driver/Src/stm32h7xx_hal_exti.c ****         (++) a combination of the previous
  33:../../Drivers/STM32H7xx_HAL_Driver/Src/stm32h7xx_hal_exti.c **** 
  34:../../Drivers/STM32H7xx_HAL_Driver/Src/stm32h7xx_hal_exti.c ****     (+) Configurable Exti lines can be configured with 3 different triggers
  35:../../Drivers/STM32H7xx_HAL_Driver/Src/stm32h7xx_hal_exti.c ****         (++) Rising
  36:../../Drivers/STM32H7xx_HAL_Driver/Src/stm32h7xx_hal_exti.c ****         (++) Falling
  37:../../Drivers/STM32H7xx_HAL_Driver/Src/stm32h7xx_hal_exti.c ****         (++) Both of them
  38:../../Drivers/STM32H7xx_HAL_Driver/Src/stm32h7xx_hal_exti.c **** 
  39:../../Drivers/STM32H7xx_HAL_Driver/Src/stm32h7xx_hal_exti.c ****     (+) When set in interrupt mode, configurable Exti lines have two diffenrents
  40:../../Drivers/STM32H7xx_HAL_Driver/Src/stm32h7xx_hal_exti.c ****         interrupt pending registers which allow to distinguish which transition
  41:../../Drivers/STM32H7xx_HAL_Driver/Src/stm32h7xx_hal_exti.c ****         occurs:
  42:../../Drivers/STM32H7xx_HAL_Driver/Src/stm32h7xx_hal_exti.c ****         (++) Rising edge pending interrupt
  43:../../Drivers/STM32H7xx_HAL_Driver/Src/stm32h7xx_hal_exti.c ****         (++) Falling
  44:../../Drivers/STM32H7xx_HAL_Driver/Src/stm32h7xx_hal_exti.c **** 
  45:../../Drivers/STM32H7xx_HAL_Driver/Src/stm32h7xx_hal_exti.c ****     (+) Exti lines 0 to 15 are linked to gpio pin number 0 to 15. Gpio port can
  46:../../Drivers/STM32H7xx_HAL_Driver/Src/stm32h7xx_hal_exti.c ****         be selected through multiplexer.
  47:../../Drivers/STM32H7xx_HAL_Driver/Src/stm32h7xx_hal_exti.c **** 
  48:../../Drivers/STM32H7xx_HAL_Driver/Src/stm32h7xx_hal_exti.c ****     (+) PendClearSource used to set the D3 Smart Run Domain autoamtic pend clear source.
  49:../../Drivers/STM32H7xx_HAL_Driver/Src/stm32h7xx_hal_exti.c ****         It is applicable for line with wkaeup target is Any (CPU1 , CPU2 and D3 smart run domain).
  50:../../Drivers/STM32H7xx_HAL_Driver/Src/stm32h7xx_hal_exti.c ****         Value can be one of the following:
  51:../../Drivers/STM32H7xx_HAL_Driver/Src/stm32h7xx_hal_exti.c ****         (++)  EXTI_D3_PENDCLR_SRC_NONE : no pend clear source is selected :
  52:../../Drivers/STM32H7xx_HAL_Driver/Src/stm32h7xx_hal_exti.c ****               In this case corresponding bit of D2PMRx register is set to 0
  53:../../Drivers/STM32H7xx_HAL_Driver/Src/stm32h7xx_hal_exti.c ****                 (+++) On a configurable Line : the D3 domain wakeup signal is
  54:../../Drivers/STM32H7xx_HAL_Driver/Src/stm32h7xx_hal_exti.c ****                       automatically cleared after after the Delay + Rising Edge detect
  55:../../Drivers/STM32H7xx_HAL_Driver/Src/stm32h7xx_hal_exti.c ****                 (+++) On a direct Line : the D3 domain wakeup signal is
  56:../../Drivers/STM32H7xx_HAL_Driver/Src/stm32h7xx_hal_exti.c ****                       cleared after the direct event input signal is cleared
  57:../../Drivers/STM32H7xx_HAL_Driver/Src/stm32h7xx_hal_exti.c **** 
  58:../../Drivers/STM32H7xx_HAL_Driver/Src/stm32h7xx_hal_exti.c ****         (++)  EXTI_D3_PENDCLR_SRC_DMACH6 : no pend clear source is selected :
  59:../../Drivers/STM32H7xx_HAL_Driver/Src/stm32h7xx_hal_exti.c ****               In this case corresponding bit of D2PMRx register is set to 1
  60:../../Drivers/STM32H7xx_HAL_Driver/Src/stm32h7xx_hal_exti.c ****               and corresponding bits(2) of D3PCRxL/H is set to b00 :
  61:../../Drivers/STM32H7xx_HAL_Driver/Src/stm32h7xx_hal_exti.c ****                 DMA ch6 event selected as D3 domain pendclear source
  62:../../Drivers/STM32H7xx_HAL_Driver/Src/stm32h7xx_hal_exti.c **** 
  63:../../Drivers/STM32H7xx_HAL_Driver/Src/stm32h7xx_hal_exti.c ****         (++)  EXTI_D3_PENDCLR_SRC_DMACH7 : no pend clear source is selected :
  64:../../Drivers/STM32H7xx_HAL_Driver/Src/stm32h7xx_hal_exti.c ****               In this case corresponding bit of D2PMRx register is set to 1
  65:../../Drivers/STM32H7xx_HAL_Driver/Src/stm32h7xx_hal_exti.c ****               and corresponding bits(2) of D3PCRxL/H is set to b01 :
  66:../../Drivers/STM32H7xx_HAL_Driver/Src/stm32h7xx_hal_exti.c ****                 DMA ch7 event selected as D3 domain pendclear source
  67:../../Drivers/STM32H7xx_HAL_Driver/Src/stm32h7xx_hal_exti.c **** 
  68:../../Drivers/STM32H7xx_HAL_Driver/Src/stm32h7xx_hal_exti.c ****         (++)  EXTI_D3_PENDCLR_SRC_LPTIM4 : no pend clear source is selected :
  69:../../Drivers/STM32H7xx_HAL_Driver/Src/stm32h7xx_hal_exti.c ****               In this case corresponding bit of D2PMRx register is set to 1
  70:../../Drivers/STM32H7xx_HAL_Driver/Src/stm32h7xx_hal_exti.c ****               and corresponding bits(2) of D3PCRxL/H is set to b10 :
  71:../../Drivers/STM32H7xx_HAL_Driver/Src/stm32h7xx_hal_exti.c ****                 LPTIM4 out selected as D3 domain pendclear source
  72:../../Drivers/STM32H7xx_HAL_Driver/Src/stm32h7xx_hal_exti.c **** 
  73:../../Drivers/STM32H7xx_HAL_Driver/Src/stm32h7xx_hal_exti.c ****         (++)  EXTI_D3_PENDCLR_SRC_LPTIM5 : no pend clear source is selected :
  74:../../Drivers/STM32H7xx_HAL_Driver/Src/stm32h7xx_hal_exti.c ****               In this case corresponding bit of D2PMRx register is set to 1
  75:../../Drivers/STM32H7xx_HAL_Driver/Src/stm32h7xx_hal_exti.c ****               and corresponding bits(2) of D3PCRxL/H is set to b11 :
  76:../../Drivers/STM32H7xx_HAL_Driver/Src/stm32h7xx_hal_exti.c ****                 LPTIM5 out selected as D3 domain pendclear source
  77:../../Drivers/STM32H7xx_HAL_Driver/Src/stm32h7xx_hal_exti.c **** 
  78:../../Drivers/STM32H7xx_HAL_Driver/Src/stm32h7xx_hal_exti.c **** 
  79:../../Drivers/STM32H7xx_HAL_Driver/Src/stm32h7xx_hal_exti.c ****                      ##### How to use this driver #####
  80:../../Drivers/STM32H7xx_HAL_Driver/Src/stm32h7xx_hal_exti.c ****   ==============================================================================
  81:../../Drivers/STM32H7xx_HAL_Driver/Src/stm32h7xx_hal_exti.c ****   [..]
  82:../../Drivers/STM32H7xx_HAL_Driver/Src/stm32h7xx_hal_exti.c **** 
  83:../../Drivers/STM32H7xx_HAL_Driver/Src/stm32h7xx_hal_exti.c ****     (#) Configure the EXTI line using HAL_EXTI_SetConfigLine().
  84:../../Drivers/STM32H7xx_HAL_Driver/Src/stm32h7xx_hal_exti.c ****         (++) Choose the interrupt line number by setting "Line" member from
  85:../../Drivers/STM32H7xx_HAL_Driver/Src/stm32h7xx_hal_exti.c ****              EXTI_ConfigTypeDef structure.
  86:../../Drivers/STM32H7xx_HAL_Driver/Src/stm32h7xx_hal_exti.c ****         (++) Configure the interrupt and/or event mode using "Mode" member from
  87:../../Drivers/STM32H7xx_HAL_Driver/Src/stm32h7xx_hal_exti.c ****              EXTI_ConfigTypeDef structure.
  88:../../Drivers/STM32H7xx_HAL_Driver/Src/stm32h7xx_hal_exti.c ****         (++) For configurable lines, configure rising and/or falling trigger
ARM GAS  /var/folders/2r/mdtt8xvd351gdc398t28_m2m0000gn/T//ccY3u57q.s 			page 3


  89:../../Drivers/STM32H7xx_HAL_Driver/Src/stm32h7xx_hal_exti.c ****              "Trigger" member from EXTI_ConfigTypeDef structure.
  90:../../Drivers/STM32H7xx_HAL_Driver/Src/stm32h7xx_hal_exti.c ****         (++) For Exti lines linked to gpio, choose gpio port using "GPIOSel"
  91:../../Drivers/STM32H7xx_HAL_Driver/Src/stm32h7xx_hal_exti.c ****              member from GPIO_InitTypeDef structure.
  92:../../Drivers/STM32H7xx_HAL_Driver/Src/stm32h7xx_hal_exti.c ****         (++) For Exti lines with wkaeup target is Any (CPU1 , CPU2 and D3 smart run domain),
  93:../../Drivers/STM32H7xx_HAL_Driver/Src/stm32h7xx_hal_exti.c ****              choose gpio D3 PendClearSource using PendClearSource
  94:../../Drivers/STM32H7xx_HAL_Driver/Src/stm32h7xx_hal_exti.c ****              member from EXTI_PendClear_Source structure.
  95:../../Drivers/STM32H7xx_HAL_Driver/Src/stm32h7xx_hal_exti.c **** 
  96:../../Drivers/STM32H7xx_HAL_Driver/Src/stm32h7xx_hal_exti.c ****     (#) Get current Exti configuration of a dedicated line using
  97:../../Drivers/STM32H7xx_HAL_Driver/Src/stm32h7xx_hal_exti.c ****         HAL_EXTI_GetConfigLine().
  98:../../Drivers/STM32H7xx_HAL_Driver/Src/stm32h7xx_hal_exti.c ****         (++) Provide exiting handle as parameter.
  99:../../Drivers/STM32H7xx_HAL_Driver/Src/stm32h7xx_hal_exti.c ****         (++) Provide pointer on EXTI_ConfigTypeDef structure as second parameter.
 100:../../Drivers/STM32H7xx_HAL_Driver/Src/stm32h7xx_hal_exti.c **** 
 101:../../Drivers/STM32H7xx_HAL_Driver/Src/stm32h7xx_hal_exti.c ****     (#) Clear Exti configuration of a dedicated line using HAL_EXTI_ClearConfigLine().
 102:../../Drivers/STM32H7xx_HAL_Driver/Src/stm32h7xx_hal_exti.c ****         (++) Provide exiting handle as parameter.
 103:../../Drivers/STM32H7xx_HAL_Driver/Src/stm32h7xx_hal_exti.c **** 
 104:../../Drivers/STM32H7xx_HAL_Driver/Src/stm32h7xx_hal_exti.c ****     (#) Register callback to treat Exti interrupts using HAL_EXTI_RegisterCallback().
 105:../../Drivers/STM32H7xx_HAL_Driver/Src/stm32h7xx_hal_exti.c ****         (++) Provide exiting handle as first parameter.
 106:../../Drivers/STM32H7xx_HAL_Driver/Src/stm32h7xx_hal_exti.c ****         (++) Provide which callback will be registered using one value from
 107:../../Drivers/STM32H7xx_HAL_Driver/Src/stm32h7xx_hal_exti.c ****              EXTI_CallbackIDTypeDef.
 108:../../Drivers/STM32H7xx_HAL_Driver/Src/stm32h7xx_hal_exti.c ****         (++) Provide callback function pointer.
 109:../../Drivers/STM32H7xx_HAL_Driver/Src/stm32h7xx_hal_exti.c **** 
 110:../../Drivers/STM32H7xx_HAL_Driver/Src/stm32h7xx_hal_exti.c ****     (#) Get interrupt pending bit using HAL_EXTI_GetPending().
 111:../../Drivers/STM32H7xx_HAL_Driver/Src/stm32h7xx_hal_exti.c **** 
 112:../../Drivers/STM32H7xx_HAL_Driver/Src/stm32h7xx_hal_exti.c ****     (#) Clear interrupt pending bit using HAL_EXTI_ClearPending().
 113:../../Drivers/STM32H7xx_HAL_Driver/Src/stm32h7xx_hal_exti.c **** 
 114:../../Drivers/STM32H7xx_HAL_Driver/Src/stm32h7xx_hal_exti.c ****     (#) Generate software interrupt using HAL_EXTI_GenerateSWI().
 115:../../Drivers/STM32H7xx_HAL_Driver/Src/stm32h7xx_hal_exti.c **** 
 116:../../Drivers/STM32H7xx_HAL_Driver/Src/stm32h7xx_hal_exti.c ****   @endverbatim
 117:../../Drivers/STM32H7xx_HAL_Driver/Src/stm32h7xx_hal_exti.c ****   */
 118:../../Drivers/STM32H7xx_HAL_Driver/Src/stm32h7xx_hal_exti.c **** 
 119:../../Drivers/STM32H7xx_HAL_Driver/Src/stm32h7xx_hal_exti.c **** /* Includes ------------------------------------------------------------------*/
 120:../../Drivers/STM32H7xx_HAL_Driver/Src/stm32h7xx_hal_exti.c **** #include "stm32h7xx_hal.h"
 121:../../Drivers/STM32H7xx_HAL_Driver/Src/stm32h7xx_hal_exti.c **** 
 122:../../Drivers/STM32H7xx_HAL_Driver/Src/stm32h7xx_hal_exti.c **** /** @addtogroup STM32H7xx_HAL_Driver
 123:../../Drivers/STM32H7xx_HAL_Driver/Src/stm32h7xx_hal_exti.c ****   * @{
 124:../../Drivers/STM32H7xx_HAL_Driver/Src/stm32h7xx_hal_exti.c ****   */
 125:../../Drivers/STM32H7xx_HAL_Driver/Src/stm32h7xx_hal_exti.c **** 
 126:../../Drivers/STM32H7xx_HAL_Driver/Src/stm32h7xx_hal_exti.c **** /** @addtogroup EXTI
 127:../../Drivers/STM32H7xx_HAL_Driver/Src/stm32h7xx_hal_exti.c ****   * @{
 128:../../Drivers/STM32H7xx_HAL_Driver/Src/stm32h7xx_hal_exti.c ****   */
 129:../../Drivers/STM32H7xx_HAL_Driver/Src/stm32h7xx_hal_exti.c **** 
 130:../../Drivers/STM32H7xx_HAL_Driver/Src/stm32h7xx_hal_exti.c **** #ifdef HAL_EXTI_MODULE_ENABLED
 131:../../Drivers/STM32H7xx_HAL_Driver/Src/stm32h7xx_hal_exti.c **** 
 132:../../Drivers/STM32H7xx_HAL_Driver/Src/stm32h7xx_hal_exti.c **** /* Private typedef -----------------------------------------------------------*/
 133:../../Drivers/STM32H7xx_HAL_Driver/Src/stm32h7xx_hal_exti.c **** /* Private defines ------------------------------------------------------------*/
 134:../../Drivers/STM32H7xx_HAL_Driver/Src/stm32h7xx_hal_exti.c **** /** @defgroup EXTI_Private_Constants EXTI Private Constants
 135:../../Drivers/STM32H7xx_HAL_Driver/Src/stm32h7xx_hal_exti.c ****   * @{
 136:../../Drivers/STM32H7xx_HAL_Driver/Src/stm32h7xx_hal_exti.c ****   */
 137:../../Drivers/STM32H7xx_HAL_Driver/Src/stm32h7xx_hal_exti.c **** #define EXTI_MODE_OFFSET                    0x04U   /* 0x10: offset between CPU IMR/EMR registers *
 138:../../Drivers/STM32H7xx_HAL_Driver/Src/stm32h7xx_hal_exti.c **** #define EXTI_CONFIG_OFFSET                  0x08U   /* 0x20: offset between CPU Rising/Falling conf
 139:../../Drivers/STM32H7xx_HAL_Driver/Src/stm32h7xx_hal_exti.c **** /**
 140:../../Drivers/STM32H7xx_HAL_Driver/Src/stm32h7xx_hal_exti.c ****   * @}
 141:../../Drivers/STM32H7xx_HAL_Driver/Src/stm32h7xx_hal_exti.c ****   */
 142:../../Drivers/STM32H7xx_HAL_Driver/Src/stm32h7xx_hal_exti.c **** 
 143:../../Drivers/STM32H7xx_HAL_Driver/Src/stm32h7xx_hal_exti.c **** /* Private macros ------------------------------------------------------------*/
 144:../../Drivers/STM32H7xx_HAL_Driver/Src/stm32h7xx_hal_exti.c **** /* Private variables ---------------------------------------------------------*/
 145:../../Drivers/STM32H7xx_HAL_Driver/Src/stm32h7xx_hal_exti.c **** /* Private function prototypes -----------------------------------------------*/
ARM GAS  /var/folders/2r/mdtt8xvd351gdc398t28_m2m0000gn/T//ccY3u57q.s 			page 4


 146:../../Drivers/STM32H7xx_HAL_Driver/Src/stm32h7xx_hal_exti.c **** /* Exported functions --------------------------------------------------------*/
 147:../../Drivers/STM32H7xx_HAL_Driver/Src/stm32h7xx_hal_exti.c **** 
 148:../../Drivers/STM32H7xx_HAL_Driver/Src/stm32h7xx_hal_exti.c **** /** @addtogroup EXTI_Exported_Functions
 149:../../Drivers/STM32H7xx_HAL_Driver/Src/stm32h7xx_hal_exti.c ****   * @{
 150:../../Drivers/STM32H7xx_HAL_Driver/Src/stm32h7xx_hal_exti.c ****   */
 151:../../Drivers/STM32H7xx_HAL_Driver/Src/stm32h7xx_hal_exti.c **** 
 152:../../Drivers/STM32H7xx_HAL_Driver/Src/stm32h7xx_hal_exti.c **** /** @addtogroup EXTI_Exported_Functions_Group1
 153:../../Drivers/STM32H7xx_HAL_Driver/Src/stm32h7xx_hal_exti.c ****  *  @brief    Configuration functions
 154:../../Drivers/STM32H7xx_HAL_Driver/Src/stm32h7xx_hal_exti.c ****  *
 155:../../Drivers/STM32H7xx_HAL_Driver/Src/stm32h7xx_hal_exti.c **** @verbatim
 156:../../Drivers/STM32H7xx_HAL_Driver/Src/stm32h7xx_hal_exti.c ****  ===============================================================================
 157:../../Drivers/STM32H7xx_HAL_Driver/Src/stm32h7xx_hal_exti.c ****               ##### Configuration functions #####
 158:../../Drivers/STM32H7xx_HAL_Driver/Src/stm32h7xx_hal_exti.c ****  ===============================================================================
 159:../../Drivers/STM32H7xx_HAL_Driver/Src/stm32h7xx_hal_exti.c **** 
 160:../../Drivers/STM32H7xx_HAL_Driver/Src/stm32h7xx_hal_exti.c **** @endverbatim
 161:../../Drivers/STM32H7xx_HAL_Driver/Src/stm32h7xx_hal_exti.c ****   * @{
 162:../../Drivers/STM32H7xx_HAL_Driver/Src/stm32h7xx_hal_exti.c ****   */
 163:../../Drivers/STM32H7xx_HAL_Driver/Src/stm32h7xx_hal_exti.c **** 
 164:../../Drivers/STM32H7xx_HAL_Driver/Src/stm32h7xx_hal_exti.c **** /**
 165:../../Drivers/STM32H7xx_HAL_Driver/Src/stm32h7xx_hal_exti.c ****   * @brief  Set configuration of a dedicated Exti line.
 166:../../Drivers/STM32H7xx_HAL_Driver/Src/stm32h7xx_hal_exti.c ****   * @param  hexti Exti handle.
 167:../../Drivers/STM32H7xx_HAL_Driver/Src/stm32h7xx_hal_exti.c ****   * @param  pExtiConfig Pointer on EXTI configuration to be set.
 168:../../Drivers/STM32H7xx_HAL_Driver/Src/stm32h7xx_hal_exti.c ****   * @retval HAL Status.
 169:../../Drivers/STM32H7xx_HAL_Driver/Src/stm32h7xx_hal_exti.c ****   */
 170:../../Drivers/STM32H7xx_HAL_Driver/Src/stm32h7xx_hal_exti.c **** HAL_StatusTypeDef HAL_EXTI_SetConfigLine(EXTI_HandleTypeDef *hexti, EXTI_ConfigTypeDef *pExtiConfig
 171:../../Drivers/STM32H7xx_HAL_Driver/Src/stm32h7xx_hal_exti.c **** {
  28              		.loc 1 171 1 view -0
  29              		.cfi_startproc
  30              		@ args = 0, pretend = 0, frame = 0
  31              		@ frame_needed = 0, uses_anonymous_args = 0
 172:../../Drivers/STM32H7xx_HAL_Driver/Src/stm32h7xx_hal_exti.c ****   __IO uint32_t *regaddr;
  32              		.loc 1 172 3 view .LVU1
 173:../../Drivers/STM32H7xx_HAL_Driver/Src/stm32h7xx_hal_exti.c ****   uint32_t regval;
  33              		.loc 1 173 3 view .LVU2
 174:../../Drivers/STM32H7xx_HAL_Driver/Src/stm32h7xx_hal_exti.c ****   uint32_t linepos;
  34              		.loc 1 174 3 view .LVU3
 175:../../Drivers/STM32H7xx_HAL_Driver/Src/stm32h7xx_hal_exti.c ****   uint32_t maskline;
  35              		.loc 1 175 3 view .LVU4
 176:../../Drivers/STM32H7xx_HAL_Driver/Src/stm32h7xx_hal_exti.c ****   uint32_t offset;
  36              		.loc 1 176 3 view .LVU5
 177:../../Drivers/STM32H7xx_HAL_Driver/Src/stm32h7xx_hal_exti.c ****   uint32_t pcrlinepos;
  37              		.loc 1 177 3 view .LVU6
 178:../../Drivers/STM32H7xx_HAL_Driver/Src/stm32h7xx_hal_exti.c **** 
 179:../../Drivers/STM32H7xx_HAL_Driver/Src/stm32h7xx_hal_exti.c ****   /* Check null pointer */
 180:../../Drivers/STM32H7xx_HAL_Driver/Src/stm32h7xx_hal_exti.c ****   if ((hexti == NULL) || (pExtiConfig == NULL))
  38              		.loc 1 180 3 view .LVU7
  39              		.loc 1 180 6 is_stmt 0 view .LVU8
  40 0000 0028     		cmp	r0, #0
  41 0002 00F0BD80 		beq	.L19
  42 0006 0346     		mov	r3, r0
  43              		.loc 1 180 23 discriminator 1 view .LVU9
  44 0008 0029     		cmp	r1, #0
  45 000a 00F0BB80 		beq	.L20
 171:../../Drivers/STM32H7xx_HAL_Driver/Src/stm32h7xx_hal_exti.c ****   __IO uint32_t *regaddr;
  46              		.loc 1 171 1 view .LVU10
  47 000e F0B5     		push	{r4, r5, r6, r7, lr}
  48              	.LCFI0:
ARM GAS  /var/folders/2r/mdtt8xvd351gdc398t28_m2m0000gn/T//ccY3u57q.s 			page 5


  49              		.cfi_def_cfa_offset 20
  50              		.cfi_offset 4, -20
  51              		.cfi_offset 5, -16
  52              		.cfi_offset 6, -12
  53              		.cfi_offset 7, -8
  54              		.cfi_offset 14, -4
 181:../../Drivers/STM32H7xx_HAL_Driver/Src/stm32h7xx_hal_exti.c ****   {
 182:../../Drivers/STM32H7xx_HAL_Driver/Src/stm32h7xx_hal_exti.c ****     return HAL_ERROR;
 183:../../Drivers/STM32H7xx_HAL_Driver/Src/stm32h7xx_hal_exti.c ****   }
 184:../../Drivers/STM32H7xx_HAL_Driver/Src/stm32h7xx_hal_exti.c **** 
 185:../../Drivers/STM32H7xx_HAL_Driver/Src/stm32h7xx_hal_exti.c ****   /* Check the parameters */
 186:../../Drivers/STM32H7xx_HAL_Driver/Src/stm32h7xx_hal_exti.c ****   assert_param(IS_EXTI_LINE(pExtiConfig->Line));
  55              		.loc 1 186 3 is_stmt 1 view .LVU11
 187:../../Drivers/STM32H7xx_HAL_Driver/Src/stm32h7xx_hal_exti.c ****   assert_param(IS_EXTI_MODE(pExtiConfig->Mode));
  56              		.loc 1 187 3 view .LVU12
 188:../../Drivers/STM32H7xx_HAL_Driver/Src/stm32h7xx_hal_exti.c **** 
 189:../../Drivers/STM32H7xx_HAL_Driver/Src/stm32h7xx_hal_exti.c ****   /* Assign line number to handle */
 190:../../Drivers/STM32H7xx_HAL_Driver/Src/stm32h7xx_hal_exti.c ****   hexti->Line = pExtiConfig->Line;
  57              		.loc 1 190 3 view .LVU13
  58              		.loc 1 190 28 is_stmt 0 view .LVU14
  59 0010 0868     		ldr	r0, [r1]
  60              	.LVL1:
  61              		.loc 1 190 15 view .LVU15
  62 0012 1860     		str	r0, [r3]
 191:../../Drivers/STM32H7xx_HAL_Driver/Src/stm32h7xx_hal_exti.c **** 
 192:../../Drivers/STM32H7xx_HAL_Driver/Src/stm32h7xx_hal_exti.c ****   /* compute line register offset and line mask */
 193:../../Drivers/STM32H7xx_HAL_Driver/Src/stm32h7xx_hal_exti.c ****   offset = ((pExtiConfig->Line & EXTI_REG_MASK) >> EXTI_REG_SHIFT);
  63              		.loc 1 193 3 is_stmt 1 view .LVU16
  64              		.loc 1 193 10 is_stmt 0 view .LVU17
  65 0014 C0F3014C 		ubfx	ip, r0, #16, #2
  66              	.LVL2:
 194:../../Drivers/STM32H7xx_HAL_Driver/Src/stm32h7xx_hal_exti.c ****   linepos = (pExtiConfig->Line & EXTI_PIN_MASK);
  67              		.loc 1 194 3 is_stmt 1 view .LVU18
  68              		.loc 1 194 11 is_stmt 0 view .LVU19
  69 0018 00F01F02 		and	r2, r0, #31
  70 001c 1746     		mov	r7, r2
  71              	.LVL3:
 195:../../Drivers/STM32H7xx_HAL_Driver/Src/stm32h7xx_hal_exti.c ****   maskline = (1UL << linepos);
  72              		.loc 1 195 3 is_stmt 1 view .LVU20
  73              		.loc 1 195 12 is_stmt 0 view .LVU21
  74 001e 0123     		movs	r3, #1
  75              	.LVL4:
  76              		.loc 1 195 12 view .LVU22
  77 0020 9340     		lsls	r3, r3, r2
  78              	.LVL5:
 196:../../Drivers/STM32H7xx_HAL_Driver/Src/stm32h7xx_hal_exti.c **** 
 197:../../Drivers/STM32H7xx_HAL_Driver/Src/stm32h7xx_hal_exti.c ****   /* Configure triggers for configurable lines */
 198:../../Drivers/STM32H7xx_HAL_Driver/Src/stm32h7xx_hal_exti.c ****   if ((pExtiConfig->Line & EXTI_CONFIG) != 0x00U)
  79              		.loc 1 198 3 is_stmt 1 view .LVU23
  80              		.loc 1 198 6 is_stmt 0 view .LVU24
  81 0022 10F0007F 		tst	r0, #33554432
  82 0026 1BD0     		beq	.L3
 199:../../Drivers/STM32H7xx_HAL_Driver/Src/stm32h7xx_hal_exti.c ****   {
 200:../../Drivers/STM32H7xx_HAL_Driver/Src/stm32h7xx_hal_exti.c ****     assert_param(IS_EXTI_TRIGGER(pExtiConfig->Trigger));
  83              		.loc 1 200 5 is_stmt 1 view .LVU25
 201:../../Drivers/STM32H7xx_HAL_Driver/Src/stm32h7xx_hal_exti.c **** 
 202:../../Drivers/STM32H7xx_HAL_Driver/Src/stm32h7xx_hal_exti.c ****     /* Configure rising trigger */
ARM GAS  /var/folders/2r/mdtt8xvd351gdc398t28_m2m0000gn/T//ccY3u57q.s 			page 6


 203:../../Drivers/STM32H7xx_HAL_Driver/Src/stm32h7xx_hal_exti.c ****     regaddr = (__IO uint32_t *)(&EXTI->RTSR1 + (EXTI_CONFIG_OFFSET * offset));
  84              		.loc 1 203 5 view .LVU26
  85              		.loc 1 203 15 is_stmt 0 view .LVU27
  86 0028 4FEA4C12 		lsl	r2, ip, #5
  87              	.LVL6:
  88              		.loc 1 203 13 view .LVU28
  89 002c 02F1B04E 		add	lr, r2, #1476395008
  90              	.LVL7:
 204:../../Drivers/STM32H7xx_HAL_Driver/Src/stm32h7xx_hal_exti.c ****     regval = *regaddr;
  91              		.loc 1 204 5 is_stmt 1 view .LVU29
  92              		.loc 1 204 12 is_stmt 0 view .LVU30
  93 0030 DEF80040 		ldr	r4, [lr]
  94              	.LVL8:
 205:../../Drivers/STM32H7xx_HAL_Driver/Src/stm32h7xx_hal_exti.c **** 
 206:../../Drivers/STM32H7xx_HAL_Driver/Src/stm32h7xx_hal_exti.c ****     /* Mask or set line */
 207:../../Drivers/STM32H7xx_HAL_Driver/Src/stm32h7xx_hal_exti.c ****     if ((pExtiConfig->Trigger & EXTI_TRIGGER_RISING) != 0x00U)
  95              		.loc 1 207 5 is_stmt 1 view .LVU31
  96              		.loc 1 207 21 is_stmt 0 view .LVU32
  97 0034 8D68     		ldr	r5, [r1, #8]
  98              		.loc 1 207 8 view .LVU33
  99 0036 15F0010F 		tst	r5, #1
 100 003a 4AD0     		beq	.L4
 208:../../Drivers/STM32H7xx_HAL_Driver/Src/stm32h7xx_hal_exti.c ****     {
 209:../../Drivers/STM32H7xx_HAL_Driver/Src/stm32h7xx_hal_exti.c ****       regval |= maskline;
 101              		.loc 1 209 7 is_stmt 1 view .LVU34
 102              		.loc 1 209 14 is_stmt 0 view .LVU35
 103 003c 1C43     		orrs	r4, r4, r3
 104              	.LVL9:
 105              	.L5:
 210:../../Drivers/STM32H7xx_HAL_Driver/Src/stm32h7xx_hal_exti.c ****     }
 211:../../Drivers/STM32H7xx_HAL_Driver/Src/stm32h7xx_hal_exti.c ****     else
 212:../../Drivers/STM32H7xx_HAL_Driver/Src/stm32h7xx_hal_exti.c ****     {
 213:../../Drivers/STM32H7xx_HAL_Driver/Src/stm32h7xx_hal_exti.c ****       regval &= ~maskline;
 214:../../Drivers/STM32H7xx_HAL_Driver/Src/stm32h7xx_hal_exti.c ****     }
 215:../../Drivers/STM32H7xx_HAL_Driver/Src/stm32h7xx_hal_exti.c **** 
 216:../../Drivers/STM32H7xx_HAL_Driver/Src/stm32h7xx_hal_exti.c ****     /* Store rising trigger mode */
 217:../../Drivers/STM32H7xx_HAL_Driver/Src/stm32h7xx_hal_exti.c ****     *regaddr = regval;
 106              		.loc 1 217 5 is_stmt 1 view .LVU36
 107              		.loc 1 217 14 is_stmt 0 view .LVU37
 108 003e CEF80040 		str	r4, [lr]
 218:../../Drivers/STM32H7xx_HAL_Driver/Src/stm32h7xx_hal_exti.c **** 
 219:../../Drivers/STM32H7xx_HAL_Driver/Src/stm32h7xx_hal_exti.c ****     /* Configure falling trigger */
 220:../../Drivers/STM32H7xx_HAL_Driver/Src/stm32h7xx_hal_exti.c ****     regaddr = (__IO uint32_t *)(&EXTI->FTSR1 + (EXTI_CONFIG_OFFSET * offset));
 109              		.loc 1 220 5 is_stmt 1 view .LVU38
 110              		.loc 1 220 13 is_stmt 0 view .LVU39
 111 0042 02F1B042 		add	r2, r2, #1476395008
 112              	.LVL10:
 221:../../Drivers/STM32H7xx_HAL_Driver/Src/stm32h7xx_hal_exti.c ****     regval = *regaddr;
 113              		.loc 1 221 5 is_stmt 1 view .LVU40
 114              		.loc 1 221 12 is_stmt 0 view .LVU41
 115 0046 5468     		ldr	r4, [r2, #4]
 116              	.LVL11:
 222:../../Drivers/STM32H7xx_HAL_Driver/Src/stm32h7xx_hal_exti.c **** 
 223:../../Drivers/STM32H7xx_HAL_Driver/Src/stm32h7xx_hal_exti.c ****     /* Mask or set line */
 224:../../Drivers/STM32H7xx_HAL_Driver/Src/stm32h7xx_hal_exti.c ****     if ((pExtiConfig->Trigger & EXTI_TRIGGER_FALLING) != 0x00U)
 117              		.loc 1 224 5 is_stmt 1 view .LVU42
 118              		.loc 1 224 21 is_stmt 0 view .LVU43
ARM GAS  /var/folders/2r/mdtt8xvd351gdc398t28_m2m0000gn/T//ccY3u57q.s 			page 7


 119 0048 8D68     		ldr	r5, [r1, #8]
 120              		.loc 1 224 8 view .LVU44
 121 004a 15F0020F 		tst	r5, #2
 122 004e 43D0     		beq	.L6
 225:../../Drivers/STM32H7xx_HAL_Driver/Src/stm32h7xx_hal_exti.c ****     {
 226:../../Drivers/STM32H7xx_HAL_Driver/Src/stm32h7xx_hal_exti.c ****       regval |= maskline;
 123              		.loc 1 226 7 is_stmt 1 view .LVU45
 124              		.loc 1 226 14 is_stmt 0 view .LVU46
 125 0050 1C43     		orrs	r4, r4, r3
 126              	.LVL12:
 127              	.L7:
 227:../../Drivers/STM32H7xx_HAL_Driver/Src/stm32h7xx_hal_exti.c ****     }
 228:../../Drivers/STM32H7xx_HAL_Driver/Src/stm32h7xx_hal_exti.c ****     else
 229:../../Drivers/STM32H7xx_HAL_Driver/Src/stm32h7xx_hal_exti.c ****     {
 230:../../Drivers/STM32H7xx_HAL_Driver/Src/stm32h7xx_hal_exti.c ****       regval &= ~maskline;
 231:../../Drivers/STM32H7xx_HAL_Driver/Src/stm32h7xx_hal_exti.c ****     }
 232:../../Drivers/STM32H7xx_HAL_Driver/Src/stm32h7xx_hal_exti.c **** 
 233:../../Drivers/STM32H7xx_HAL_Driver/Src/stm32h7xx_hal_exti.c ****     /* Store falling trigger mode */
 234:../../Drivers/STM32H7xx_HAL_Driver/Src/stm32h7xx_hal_exti.c ****     *regaddr = regval;
 128              		.loc 1 234 5 is_stmt 1 view .LVU47
 129              		.loc 1 234 14 is_stmt 0 view .LVU48
 130 0052 5460     		str	r4, [r2, #4]
 235:../../Drivers/STM32H7xx_HAL_Driver/Src/stm32h7xx_hal_exti.c **** 
 236:../../Drivers/STM32H7xx_HAL_Driver/Src/stm32h7xx_hal_exti.c ****     /* Configure gpio port selection in case of gpio exti line */
 237:../../Drivers/STM32H7xx_HAL_Driver/Src/stm32h7xx_hal_exti.c ****     if ((pExtiConfig->Line & EXTI_GPIO) == EXTI_GPIO)
 131              		.loc 1 237 5 is_stmt 1 view .LVU49
 132              		.loc 1 237 21 is_stmt 0 view .LVU50
 133 0054 0A68     		ldr	r2, [r1]
 134              	.LVL13:
 135              		.loc 1 237 28 view .LVU51
 136 0056 02F0C062 		and	r2, r2, #100663296
 137              		.loc 1 237 8 view .LVU52
 138 005a B2F1C06F 		cmp	r2, #100663296
 139 005e 3ED0     		beq	.L26
 140              	.LVL14:
 141              	.L3:
 238:../../Drivers/STM32H7xx_HAL_Driver/Src/stm32h7xx_hal_exti.c ****     {
 239:../../Drivers/STM32H7xx_HAL_Driver/Src/stm32h7xx_hal_exti.c ****       assert_param(IS_EXTI_GPIO_PORT(pExtiConfig->GPIOSel));
 240:../../Drivers/STM32H7xx_HAL_Driver/Src/stm32h7xx_hal_exti.c ****       assert_param(IS_EXTI_GPIO_PIN(linepos));
 241:../../Drivers/STM32H7xx_HAL_Driver/Src/stm32h7xx_hal_exti.c **** 
 242:../../Drivers/STM32H7xx_HAL_Driver/Src/stm32h7xx_hal_exti.c ****       regval = SYSCFG->EXTICR[(linepos >> 2U) & 0x03UL];
 243:../../Drivers/STM32H7xx_HAL_Driver/Src/stm32h7xx_hal_exti.c ****       regval &= ~(SYSCFG_EXTICR1_EXTI0 << (SYSCFG_EXTICR1_EXTI1_Pos * (linepos & 0x03U)));
 244:../../Drivers/STM32H7xx_HAL_Driver/Src/stm32h7xx_hal_exti.c ****       regval |= (pExtiConfig->GPIOSel << (SYSCFG_EXTICR1_EXTI1_Pos * (linepos & 0x03U)));
 245:../../Drivers/STM32H7xx_HAL_Driver/Src/stm32h7xx_hal_exti.c ****       SYSCFG->EXTICR[(linepos >> 2U) & 0x03UL] = regval;
 246:../../Drivers/STM32H7xx_HAL_Driver/Src/stm32h7xx_hal_exti.c ****     }
 247:../../Drivers/STM32H7xx_HAL_Driver/Src/stm32h7xx_hal_exti.c ****   }
 248:../../Drivers/STM32H7xx_HAL_Driver/Src/stm32h7xx_hal_exti.c **** 
 249:../../Drivers/STM32H7xx_HAL_Driver/Src/stm32h7xx_hal_exti.c ****   /* Configure interrupt mode : read current mode */
 250:../../Drivers/STM32H7xx_HAL_Driver/Src/stm32h7xx_hal_exti.c ****   regaddr = (__IO uint32_t *)(&EXTI->IMR1 + (EXTI_MODE_OFFSET * offset));
 142              		.loc 1 250 3 is_stmt 1 view .LVU53
 143              		.loc 1 250 13 is_stmt 0 view .LVU54
 144 0060 4FEA0C12 		lsl	r2, ip, #4
 145              		.loc 1 250 11 view .LVU55
 146 0064 02F1B045 		add	r5, r2, #1476395008
 147              	.LVL15:
 251:../../Drivers/STM32H7xx_HAL_Driver/Src/stm32h7xx_hal_exti.c ****   regval = *regaddr;
 148              		.loc 1 251 3 is_stmt 1 view .LVU56
ARM GAS  /var/folders/2r/mdtt8xvd351gdc398t28_m2m0000gn/T//ccY3u57q.s 			page 8


 149              		.loc 1 251 10 is_stmt 0 view .LVU57
 150 0068 D5F88040 		ldr	r4, [r5, #128]
 151              	.LVL16:
 252:../../Drivers/STM32H7xx_HAL_Driver/Src/stm32h7xx_hal_exti.c **** 
 253:../../Drivers/STM32H7xx_HAL_Driver/Src/stm32h7xx_hal_exti.c ****   /* Mask or set line */
 254:../../Drivers/STM32H7xx_HAL_Driver/Src/stm32h7xx_hal_exti.c ****   if ((pExtiConfig->Mode & EXTI_MODE_INTERRUPT) != 0x00U)
 152              		.loc 1 254 3 is_stmt 1 view .LVU58
 153              		.loc 1 254 6 is_stmt 0 view .LVU59
 154 006c D1F804E0 		ldr	lr, [r1, #4]
 155 0070 1EF0010F 		tst	lr, #1
 156 0074 49D0     		beq	.L8
 255:../../Drivers/STM32H7xx_HAL_Driver/Src/stm32h7xx_hal_exti.c ****   {
 256:../../Drivers/STM32H7xx_HAL_Driver/Src/stm32h7xx_hal_exti.c ****     regval |= maskline;
 157              		.loc 1 256 5 is_stmt 1 view .LVU60
 158              		.loc 1 256 12 is_stmt 0 view .LVU61
 159 0076 1C43     		orrs	r4, r4, r3
 160              	.LVL17:
 161              	.L9:
 257:../../Drivers/STM32H7xx_HAL_Driver/Src/stm32h7xx_hal_exti.c ****   }
 258:../../Drivers/STM32H7xx_HAL_Driver/Src/stm32h7xx_hal_exti.c ****   else
 259:../../Drivers/STM32H7xx_HAL_Driver/Src/stm32h7xx_hal_exti.c ****   {
 260:../../Drivers/STM32H7xx_HAL_Driver/Src/stm32h7xx_hal_exti.c ****     regval &= ~maskline;
 261:../../Drivers/STM32H7xx_HAL_Driver/Src/stm32h7xx_hal_exti.c ****   }
 262:../../Drivers/STM32H7xx_HAL_Driver/Src/stm32h7xx_hal_exti.c **** 
 263:../../Drivers/STM32H7xx_HAL_Driver/Src/stm32h7xx_hal_exti.c ****   /* Store interrupt mode */
 264:../../Drivers/STM32H7xx_HAL_Driver/Src/stm32h7xx_hal_exti.c ****   *regaddr = regval;
 162              		.loc 1 264 3 is_stmt 1 view .LVU62
 163              		.loc 1 264 12 is_stmt 0 view .LVU63
 164 0078 C5F88040 		str	r4, [r5, #128]
 265:../../Drivers/STM32H7xx_HAL_Driver/Src/stm32h7xx_hal_exti.c **** 
 266:../../Drivers/STM32H7xx_HAL_Driver/Src/stm32h7xx_hal_exti.c ****   /* The event mode cannot be configured if the line does not support it */
 267:../../Drivers/STM32H7xx_HAL_Driver/Src/stm32h7xx_hal_exti.c ****   assert_param(((pExtiConfig->Line & EXTI_EVENT) == EXTI_EVENT) || ((pExtiConfig->Mode & EXTI_MODE_
 165              		.loc 1 267 3 is_stmt 1 view .LVU64
 268:../../Drivers/STM32H7xx_HAL_Driver/Src/stm32h7xx_hal_exti.c **** 
 269:../../Drivers/STM32H7xx_HAL_Driver/Src/stm32h7xx_hal_exti.c ****   /* Configure event mode : read current mode */
 270:../../Drivers/STM32H7xx_HAL_Driver/Src/stm32h7xx_hal_exti.c ****   regaddr = (__IO uint32_t *)(&EXTI->EMR1 + (EXTI_MODE_OFFSET * offset));
 166              		.loc 1 270 3 view .LVU65
 167              		.loc 1 270 11 is_stmt 0 view .LVU66
 168 007c 02F1B045 		add	r5, r2, #1476395008
 169              	.LVL18:
 271:../../Drivers/STM32H7xx_HAL_Driver/Src/stm32h7xx_hal_exti.c ****   regval = *regaddr;
 170              		.loc 1 271 3 is_stmt 1 view .LVU67
 171              		.loc 1 271 10 is_stmt 0 view .LVU68
 172 0080 D5F88440 		ldr	r4, [r5, #132]
 173              	.LVL19:
 272:../../Drivers/STM32H7xx_HAL_Driver/Src/stm32h7xx_hal_exti.c **** 
 273:../../Drivers/STM32H7xx_HAL_Driver/Src/stm32h7xx_hal_exti.c ****   /* Mask or set line */
 274:../../Drivers/STM32H7xx_HAL_Driver/Src/stm32h7xx_hal_exti.c ****   if ((pExtiConfig->Mode & EXTI_MODE_EVENT) != 0x00U)
 174              		.loc 1 274 3 is_stmt 1 view .LVU69
 175              		.loc 1 274 6 is_stmt 0 view .LVU70
 176 0084 D1F804E0 		ldr	lr, [r1, #4]
 177 0088 1EF0020F 		tst	lr, #2
 178 008c 40D0     		beq	.L10
 275:../../Drivers/STM32H7xx_HAL_Driver/Src/stm32h7xx_hal_exti.c ****   {
 276:../../Drivers/STM32H7xx_HAL_Driver/Src/stm32h7xx_hal_exti.c ****     regval |= maskline;
 179              		.loc 1 276 5 is_stmt 1 view .LVU71
 180              		.loc 1 276 12 is_stmt 0 view .LVU72
ARM GAS  /var/folders/2r/mdtt8xvd351gdc398t28_m2m0000gn/T//ccY3u57q.s 			page 9


 181 008e 1C43     		orrs	r4, r4, r3
 182              	.LVL20:
 183              	.L11:
 277:../../Drivers/STM32H7xx_HAL_Driver/Src/stm32h7xx_hal_exti.c ****   }
 278:../../Drivers/STM32H7xx_HAL_Driver/Src/stm32h7xx_hal_exti.c ****   else
 279:../../Drivers/STM32H7xx_HAL_Driver/Src/stm32h7xx_hal_exti.c ****   {
 280:../../Drivers/STM32H7xx_HAL_Driver/Src/stm32h7xx_hal_exti.c ****     regval &= ~maskline;
 281:../../Drivers/STM32H7xx_HAL_Driver/Src/stm32h7xx_hal_exti.c ****   }
 282:../../Drivers/STM32H7xx_HAL_Driver/Src/stm32h7xx_hal_exti.c **** 
 283:../../Drivers/STM32H7xx_HAL_Driver/Src/stm32h7xx_hal_exti.c ****   /* Store event mode */
 284:../../Drivers/STM32H7xx_HAL_Driver/Src/stm32h7xx_hal_exti.c ****   *regaddr = regval;
 184              		.loc 1 284 3 is_stmt 1 view .LVU73
 185              		.loc 1 284 12 is_stmt 0 view .LVU74
 186 0090 C5F88440 		str	r4, [r5, #132]
 285:../../Drivers/STM32H7xx_HAL_Driver/Src/stm32h7xx_hal_exti.c **** 
 286:../../Drivers/STM32H7xx_HAL_Driver/Src/stm32h7xx_hal_exti.c **** #if defined (DUAL_CORE)
 287:../../Drivers/STM32H7xx_HAL_Driver/Src/stm32h7xx_hal_exti.c ****   /* Configure interrupt mode for Core2 : read current mode */
 288:../../Drivers/STM32H7xx_HAL_Driver/Src/stm32h7xx_hal_exti.c ****   regaddr = (__IO uint32_t *)(&EXTI->C2IMR1 + (EXTI_MODE_OFFSET * offset));
 187              		.loc 1 288 3 is_stmt 1 view .LVU75
 188              		.loc 1 288 11 is_stmt 0 view .LVU76
 189 0094 02F1B044 		add	r4, r2, #1476395008
 190              	.LVL21:
 289:../../Drivers/STM32H7xx_HAL_Driver/Src/stm32h7xx_hal_exti.c ****   regval = *regaddr;
 191              		.loc 1 289 3 is_stmt 1 view .LVU77
 192              		.loc 1 289 10 is_stmt 0 view .LVU78
 193 0098 D4F8C050 		ldr	r5, [r4, #192]
 194              	.LVL22:
 290:../../Drivers/STM32H7xx_HAL_Driver/Src/stm32h7xx_hal_exti.c **** 
 291:../../Drivers/STM32H7xx_HAL_Driver/Src/stm32h7xx_hal_exti.c ****   /* Mask or set line */
 292:../../Drivers/STM32H7xx_HAL_Driver/Src/stm32h7xx_hal_exti.c ****   if ((pExtiConfig->Mode & EXTI_MODE_CORE2_INTERRUPT) != 0x00U)
 195              		.loc 1 292 3 is_stmt 1 view .LVU79
 196              		.loc 1 292 6 is_stmt 0 view .LVU80
 197 009c D1F804E0 		ldr	lr, [r1, #4]
 198 00a0 1EF0100F 		tst	lr, #16
 199 00a4 37D0     		beq	.L12
 293:../../Drivers/STM32H7xx_HAL_Driver/Src/stm32h7xx_hal_exti.c ****   {
 294:../../Drivers/STM32H7xx_HAL_Driver/Src/stm32h7xx_hal_exti.c ****     regval |= maskline;
 200              		.loc 1 294 5 is_stmt 1 view .LVU81
 201              		.loc 1 294 12 is_stmt 0 view .LVU82
 202 00a6 1D43     		orrs	r5, r5, r3
 203              	.LVL23:
 204              	.L13:
 295:../../Drivers/STM32H7xx_HAL_Driver/Src/stm32h7xx_hal_exti.c ****   }
 296:../../Drivers/STM32H7xx_HAL_Driver/Src/stm32h7xx_hal_exti.c ****   else
 297:../../Drivers/STM32H7xx_HAL_Driver/Src/stm32h7xx_hal_exti.c ****   {
 298:../../Drivers/STM32H7xx_HAL_Driver/Src/stm32h7xx_hal_exti.c ****     regval &= ~maskline;
 299:../../Drivers/STM32H7xx_HAL_Driver/Src/stm32h7xx_hal_exti.c ****   }
 300:../../Drivers/STM32H7xx_HAL_Driver/Src/stm32h7xx_hal_exti.c **** 
 301:../../Drivers/STM32H7xx_HAL_Driver/Src/stm32h7xx_hal_exti.c ****   /* Store interrupt mode */
 302:../../Drivers/STM32H7xx_HAL_Driver/Src/stm32h7xx_hal_exti.c ****   *regaddr = regval;
 205              		.loc 1 302 3 is_stmt 1 view .LVU83
 206              		.loc 1 302 12 is_stmt 0 view .LVU84
 207 00a8 C4F8C050 		str	r5, [r4, #192]
 303:../../Drivers/STM32H7xx_HAL_Driver/Src/stm32h7xx_hal_exti.c **** 
 304:../../Drivers/STM32H7xx_HAL_Driver/Src/stm32h7xx_hal_exti.c ****   /* The event mode cannot be configured if the line does not support it */
 305:../../Drivers/STM32H7xx_HAL_Driver/Src/stm32h7xx_hal_exti.c ****   assert_param(((pExtiConfig->Line & EXTI_EVENT) == EXTI_EVENT) || ((pExtiConfig->Mode & EXTI_MODE_
 208              		.loc 1 305 3 is_stmt 1 view .LVU85
ARM GAS  /var/folders/2r/mdtt8xvd351gdc398t28_m2m0000gn/T//ccY3u57q.s 			page 10


 306:../../Drivers/STM32H7xx_HAL_Driver/Src/stm32h7xx_hal_exti.c **** 
 307:../../Drivers/STM32H7xx_HAL_Driver/Src/stm32h7xx_hal_exti.c ****   /* Configure event mode : read current mode */
 308:../../Drivers/STM32H7xx_HAL_Driver/Src/stm32h7xx_hal_exti.c ****   regaddr = (__IO uint32_t *)(&EXTI->C2EMR1 + (EXTI_MODE_OFFSET * offset));
 209              		.loc 1 308 3 view .LVU86
 210              		.loc 1 308 11 is_stmt 0 view .LVU87
 211 00ac 02F1B042 		add	r2, r2, #1476395008
 212              	.LVL24:
 309:../../Drivers/STM32H7xx_HAL_Driver/Src/stm32h7xx_hal_exti.c ****   regval = *regaddr;
 213              		.loc 1 309 3 is_stmt 1 view .LVU88
 214              		.loc 1 309 10 is_stmt 0 view .LVU89
 215 00b0 D2F8C440 		ldr	r4, [r2, #196]
 216              	.LVL25:
 310:../../Drivers/STM32H7xx_HAL_Driver/Src/stm32h7xx_hal_exti.c **** 
 311:../../Drivers/STM32H7xx_HAL_Driver/Src/stm32h7xx_hal_exti.c ****   /* Mask or set line */
 312:../../Drivers/STM32H7xx_HAL_Driver/Src/stm32h7xx_hal_exti.c ****   if ((pExtiConfig->Mode & EXTI_MODE_CORE2_EVENT) != 0x00U)
 217              		.loc 1 312 3 is_stmt 1 view .LVU90
 218              		.loc 1 312 19 is_stmt 0 view .LVU91
 219 00b4 4D68     		ldr	r5, [r1, #4]
 220              		.loc 1 312 6 view .LVU92
 221 00b6 15F0200F 		tst	r5, #32
 222 00ba 2FD0     		beq	.L14
 313:../../Drivers/STM32H7xx_HAL_Driver/Src/stm32h7xx_hal_exti.c ****   {
 314:../../Drivers/STM32H7xx_HAL_Driver/Src/stm32h7xx_hal_exti.c ****     regval |= maskline;
 223              		.loc 1 314 5 is_stmt 1 view .LVU93
 224              		.loc 1 314 12 is_stmt 0 view .LVU94
 225 00bc 1C43     		orrs	r4, r4, r3
 226              	.LVL26:
 227              	.L15:
 315:../../Drivers/STM32H7xx_HAL_Driver/Src/stm32h7xx_hal_exti.c ****   }
 316:../../Drivers/STM32H7xx_HAL_Driver/Src/stm32h7xx_hal_exti.c ****   else
 317:../../Drivers/STM32H7xx_HAL_Driver/Src/stm32h7xx_hal_exti.c ****   {
 318:../../Drivers/STM32H7xx_HAL_Driver/Src/stm32h7xx_hal_exti.c ****     regval &= ~maskline;
 319:../../Drivers/STM32H7xx_HAL_Driver/Src/stm32h7xx_hal_exti.c ****   }
 320:../../Drivers/STM32H7xx_HAL_Driver/Src/stm32h7xx_hal_exti.c **** 
 321:../../Drivers/STM32H7xx_HAL_Driver/Src/stm32h7xx_hal_exti.c ****   /* Store event mode */
 322:../../Drivers/STM32H7xx_HAL_Driver/Src/stm32h7xx_hal_exti.c ****   *regaddr = regval;
 228              		.loc 1 322 3 is_stmt 1 view .LVU95
 229              		.loc 1 322 12 is_stmt 0 view .LVU96
 230 00be C2F8C440 		str	r4, [r2, #196]
 323:../../Drivers/STM32H7xx_HAL_Driver/Src/stm32h7xx_hal_exti.c **** #endif /* DUAL_CORE */
 324:../../Drivers/STM32H7xx_HAL_Driver/Src/stm32h7xx_hal_exti.c **** 
 325:../../Drivers/STM32H7xx_HAL_Driver/Src/stm32h7xx_hal_exti.c ****   /* Configure the D3 PendClear source in case of Wakeup target is Any */
 326:../../Drivers/STM32H7xx_HAL_Driver/Src/stm32h7xx_hal_exti.c ****   if ((pExtiConfig->Line & EXTI_TARGET_MASK) == EXTI_TARGET_MSK_ALL)
 231              		.loc 1 326 3 is_stmt 1 view .LVU97
 232              		.loc 1 326 19 is_stmt 0 view .LVU98
 233 00c2 0A68     		ldr	r2, [r1]
 234              	.LVL27:
 235              		.loc 1 326 26 view .LVU99
 236 00c4 02F4E002 		and	r2, r2, #7340032
 237              		.loc 1 326 6 view .LVU100
 238 00c8 B2F5E00F 		cmp	r2, #7340032
 239 00cc 29D0     		beq	.L27
 327:../../Drivers/STM32H7xx_HAL_Driver/Src/stm32h7xx_hal_exti.c ****   {
 328:../../Drivers/STM32H7xx_HAL_Driver/Src/stm32h7xx_hal_exti.c ****     assert_param(IS_EXTI_D3_PENDCLR_SRC(pExtiConfig->PendClearSource));
 329:../../Drivers/STM32H7xx_HAL_Driver/Src/stm32h7xx_hal_exti.c **** 
 330:../../Drivers/STM32H7xx_HAL_Driver/Src/stm32h7xx_hal_exti.c ****     /*Calc the PMR register address for the given line */
 331:../../Drivers/STM32H7xx_HAL_Driver/Src/stm32h7xx_hal_exti.c ****     regaddr = (__IO uint32_t *)(&EXTI->D3PMR1 + (EXTI_CONFIG_OFFSET * offset));
ARM GAS  /var/folders/2r/mdtt8xvd351gdc398t28_m2m0000gn/T//ccY3u57q.s 			page 11


 332:../../Drivers/STM32H7xx_HAL_Driver/Src/stm32h7xx_hal_exti.c ****     regval = *regaddr;
 333:../../Drivers/STM32H7xx_HAL_Driver/Src/stm32h7xx_hal_exti.c **** 
 334:../../Drivers/STM32H7xx_HAL_Driver/Src/stm32h7xx_hal_exti.c ****     if(pExtiConfig->PendClearSource == EXTI_D3_PENDCLR_SRC_NONE)
 335:../../Drivers/STM32H7xx_HAL_Driver/Src/stm32h7xx_hal_exti.c ****     {
 336:../../Drivers/STM32H7xx_HAL_Driver/Src/stm32h7xx_hal_exti.c ****       /* Clear D3PMRx register for the given line */
 337:../../Drivers/STM32H7xx_HAL_Driver/Src/stm32h7xx_hal_exti.c ****       regval &= ~maskline;
 338:../../Drivers/STM32H7xx_HAL_Driver/Src/stm32h7xx_hal_exti.c ****       /* Store D3PMRx register value */
 339:../../Drivers/STM32H7xx_HAL_Driver/Src/stm32h7xx_hal_exti.c ****       *regaddr = regval;
 340:../../Drivers/STM32H7xx_HAL_Driver/Src/stm32h7xx_hal_exti.c ****     }
 341:../../Drivers/STM32H7xx_HAL_Driver/Src/stm32h7xx_hal_exti.c ****     else
 342:../../Drivers/STM32H7xx_HAL_Driver/Src/stm32h7xx_hal_exti.c ****     {
 343:../../Drivers/STM32H7xx_HAL_Driver/Src/stm32h7xx_hal_exti.c ****       /* Set D3PMRx register to 1 for the given line */
 344:../../Drivers/STM32H7xx_HAL_Driver/Src/stm32h7xx_hal_exti.c ****       regval |= maskline;
 345:../../Drivers/STM32H7xx_HAL_Driver/Src/stm32h7xx_hal_exti.c ****       /* Store D3PMRx register value */
 346:../../Drivers/STM32H7xx_HAL_Driver/Src/stm32h7xx_hal_exti.c ****       *regaddr = regval;
 347:../../Drivers/STM32H7xx_HAL_Driver/Src/stm32h7xx_hal_exti.c **** 
 348:../../Drivers/STM32H7xx_HAL_Driver/Src/stm32h7xx_hal_exti.c ****       if(linepos < 16UL)
 349:../../Drivers/STM32H7xx_HAL_Driver/Src/stm32h7xx_hal_exti.c ****       {
 350:../../Drivers/STM32H7xx_HAL_Driver/Src/stm32h7xx_hal_exti.c ****         regaddr = (__IO uint32_t *)(&EXTI->D3PCR1L + (EXTI_CONFIG_OFFSET * offset));
 351:../../Drivers/STM32H7xx_HAL_Driver/Src/stm32h7xx_hal_exti.c ****         pcrlinepos = 1UL << linepos;
 352:../../Drivers/STM32H7xx_HAL_Driver/Src/stm32h7xx_hal_exti.c ****       }
 353:../../Drivers/STM32H7xx_HAL_Driver/Src/stm32h7xx_hal_exti.c ****       else
 354:../../Drivers/STM32H7xx_HAL_Driver/Src/stm32h7xx_hal_exti.c ****       {
 355:../../Drivers/STM32H7xx_HAL_Driver/Src/stm32h7xx_hal_exti.c ****         regaddr = (__IO uint32_t *)(&EXTI->D3PCR1H + (EXTI_CONFIG_OFFSET * offset));
 356:../../Drivers/STM32H7xx_HAL_Driver/Src/stm32h7xx_hal_exti.c ****         pcrlinepos = 1UL << (linepos - 16UL);
 357:../../Drivers/STM32H7xx_HAL_Driver/Src/stm32h7xx_hal_exti.c ****       }
 358:../../Drivers/STM32H7xx_HAL_Driver/Src/stm32h7xx_hal_exti.c **** 
 359:../../Drivers/STM32H7xx_HAL_Driver/Src/stm32h7xx_hal_exti.c ****       regval = (*regaddr & (~(pcrlinepos * pcrlinepos * 3UL))) | (pcrlinepos * pcrlinepos * (pExtiC
 360:../../Drivers/STM32H7xx_HAL_Driver/Src/stm32h7xx_hal_exti.c ****       *regaddr = regval;
 361:../../Drivers/STM32H7xx_HAL_Driver/Src/stm32h7xx_hal_exti.c ****     }
 362:../../Drivers/STM32H7xx_HAL_Driver/Src/stm32h7xx_hal_exti.c ****   }
 363:../../Drivers/STM32H7xx_HAL_Driver/Src/stm32h7xx_hal_exti.c **** 
 364:../../Drivers/STM32H7xx_HAL_Driver/Src/stm32h7xx_hal_exti.c ****   return HAL_OK;
 240              		.loc 1 364 10 view .LVU101
 241 00ce 0020     		movs	r0, #0
 242              	.LVL28:
 243              	.L2:
 365:../../Drivers/STM32H7xx_HAL_Driver/Src/stm32h7xx_hal_exti.c **** }
 244              		.loc 1 365 1 view .LVU102
 245 00d0 F0BD     		pop	{r4, r5, r6, r7, pc}
 246              	.LVL29:
 247              	.L4:
 213:../../Drivers/STM32H7xx_HAL_Driver/Src/stm32h7xx_hal_exti.c ****     }
 248              		.loc 1 213 7 is_stmt 1 view .LVU103
 213:../../Drivers/STM32H7xx_HAL_Driver/Src/stm32h7xx_hal_exti.c ****     }
 249              		.loc 1 213 14 is_stmt 0 view .LVU104
 250 00d2 24EA0304 		bic	r4, r4, r3
 251              	.LVL30:
 213:../../Drivers/STM32H7xx_HAL_Driver/Src/stm32h7xx_hal_exti.c ****     }
 252              		.loc 1 213 14 view .LVU105
 253 00d6 B2E7     		b	.L5
 254              	.LVL31:
 255              	.L6:
 230:../../Drivers/STM32H7xx_HAL_Driver/Src/stm32h7xx_hal_exti.c ****     }
 256              		.loc 1 230 7 is_stmt 1 view .LVU106
 230:../../Drivers/STM32H7xx_HAL_Driver/Src/stm32h7xx_hal_exti.c ****     }
 257              		.loc 1 230 14 is_stmt 0 view .LVU107
ARM GAS  /var/folders/2r/mdtt8xvd351gdc398t28_m2m0000gn/T//ccY3u57q.s 			page 12


 258 00d8 24EA0304 		bic	r4, r4, r3
 259              	.LVL32:
 230:../../Drivers/STM32H7xx_HAL_Driver/Src/stm32h7xx_hal_exti.c ****     }
 260              		.loc 1 230 14 view .LVU108
 261 00dc B9E7     		b	.L7
 262              	.LVL33:
 263              	.L26:
 239:../../Drivers/STM32H7xx_HAL_Driver/Src/stm32h7xx_hal_exti.c ****       assert_param(IS_EXTI_GPIO_PIN(linepos));
 264              		.loc 1 239 7 is_stmt 1 view .LVU109
 240:../../Drivers/STM32H7xx_HAL_Driver/Src/stm32h7xx_hal_exti.c **** 
 265              		.loc 1 240 7 view .LVU110
 242:../../Drivers/STM32H7xx_HAL_Driver/Src/stm32h7xx_hal_exti.c ****       regval &= ~(SYSCFG_EXTICR1_EXTI0 << (SYSCFG_EXTICR1_EXTI1_Pos * (linepos & 0x03U)));
 266              		.loc 1 242 7 view .LVU111
 242:../../Drivers/STM32H7xx_HAL_Driver/Src/stm32h7xx_hal_exti.c ****       regval &= ~(SYSCFG_EXTICR1_EXTI0 << (SYSCFG_EXTICR1_EXTI1_Pos * (linepos & 0x03U)));
 267              		.loc 1 242 47 is_stmt 0 view .LVU112
 268 00de C7F38102 		ubfx	r2, r7, #2, #2
 242:../../Drivers/STM32H7xx_HAL_Driver/Src/stm32h7xx_hal_exti.c ****       regval &= ~(SYSCFG_EXTICR1_EXTI0 << (SYSCFG_EXTICR1_EXTI1_Pos * (linepos & 0x03U)));
 269              		.loc 1 242 14 view .LVU113
 270 00e2 0232     		adds	r2, r2, #2
 271 00e4 284E     		ldr	r6, .L28
 272 00e6 56F82240 		ldr	r4, [r6, r2, lsl #2]
 273              	.LVL34:
 243:../../Drivers/STM32H7xx_HAL_Driver/Src/stm32h7xx_hal_exti.c ****       regval |= (pExtiConfig->GPIOSel << (SYSCFG_EXTICR1_EXTI1_Pos * (linepos & 0x03U)));
 274              		.loc 1 243 7 is_stmt 1 view .LVU114
 243:../../Drivers/STM32H7xx_HAL_Driver/Src/stm32h7xx_hal_exti.c ****       regval |= (pExtiConfig->GPIOSel << (SYSCFG_EXTICR1_EXTI1_Pos * (linepos & 0x03U)));
 275              		.loc 1 243 80 is_stmt 0 view .LVU115
 276 00ea 00F00305 		and	r5, r0, #3
 243:../../Drivers/STM32H7xx_HAL_Driver/Src/stm32h7xx_hal_exti.c ****       regval |= (pExtiConfig->GPIOSel << (SYSCFG_EXTICR1_EXTI1_Pos * (linepos & 0x03U)));
 277              		.loc 1 243 69 view .LVU116
 278 00ee AD00     		lsls	r5, r5, #2
 243:../../Drivers/STM32H7xx_HAL_Driver/Src/stm32h7xx_hal_exti.c ****       regval |= (pExtiConfig->GPIOSel << (SYSCFG_EXTICR1_EXTI1_Pos * (linepos & 0x03U)));
 279              		.loc 1 243 40 view .LVU117
 280 00f0 4FF00F0E 		mov	lr, #15
 281              	.LVL35:
 243:../../Drivers/STM32H7xx_HAL_Driver/Src/stm32h7xx_hal_exti.c ****       regval |= (pExtiConfig->GPIOSel << (SYSCFG_EXTICR1_EXTI1_Pos * (linepos & 0x03U)));
 282              		.loc 1 243 40 view .LVU118
 283 00f4 0EFA05FE 		lsl	lr, lr, r5
 243:../../Drivers/STM32H7xx_HAL_Driver/Src/stm32h7xx_hal_exti.c ****       regval |= (pExtiConfig->GPIOSel << (SYSCFG_EXTICR1_EXTI1_Pos * (linepos & 0x03U)));
 284              		.loc 1 243 14 view .LVU119
 285 00f8 24EA0E0E 		bic	lr, r4, lr
 286              	.LVL36:
 244:../../Drivers/STM32H7xx_HAL_Driver/Src/stm32h7xx_hal_exti.c ****       SYSCFG->EXTICR[(linepos >> 2U) & 0x03UL] = regval;
 287              		.loc 1 244 7 is_stmt 1 view .LVU120
 244:../../Drivers/STM32H7xx_HAL_Driver/Src/stm32h7xx_hal_exti.c ****       SYSCFG->EXTICR[(linepos >> 2U) & 0x03UL] = regval;
 288              		.loc 1 244 29 is_stmt 0 view .LVU121
 289 00fc CC68     		ldr	r4, [r1, #12]
 244:../../Drivers/STM32H7xx_HAL_Driver/Src/stm32h7xx_hal_exti.c ****       SYSCFG->EXTICR[(linepos >> 2U) & 0x03UL] = regval;
 290              		.loc 1 244 39 view .LVU122
 291 00fe AC40     		lsls	r4, r4, r5
 244:../../Drivers/STM32H7xx_HAL_Driver/Src/stm32h7xx_hal_exti.c ****       SYSCFG->EXTICR[(linepos >> 2U) & 0x03UL] = regval;
 292              		.loc 1 244 14 view .LVU123
 293 0100 44EA0E04 		orr	r4, r4, lr
 294              	.LVL37:
 245:../../Drivers/STM32H7xx_HAL_Driver/Src/stm32h7xx_hal_exti.c ****     }
 295              		.loc 1 245 7 is_stmt 1 view .LVU124
 245:../../Drivers/STM32H7xx_HAL_Driver/Src/stm32h7xx_hal_exti.c ****     }
 296              		.loc 1 245 48 is_stmt 0 view .LVU125
ARM GAS  /var/folders/2r/mdtt8xvd351gdc398t28_m2m0000gn/T//ccY3u57q.s 			page 13


 297 0104 46F82240 		str	r4, [r6, r2, lsl #2]
 298 0108 AAE7     		b	.L3
 299              	.LVL38:
 300              	.L8:
 260:../../Drivers/STM32H7xx_HAL_Driver/Src/stm32h7xx_hal_exti.c ****   }
 301              		.loc 1 260 5 is_stmt 1 view .LVU126
 260:../../Drivers/STM32H7xx_HAL_Driver/Src/stm32h7xx_hal_exti.c ****   }
 302              		.loc 1 260 12 is_stmt 0 view .LVU127
 303 010a 24EA0304 		bic	r4, r4, r3
 304              	.LVL39:
 260:../../Drivers/STM32H7xx_HAL_Driver/Src/stm32h7xx_hal_exti.c ****   }
 305              		.loc 1 260 12 view .LVU128
 306 010e B3E7     		b	.L9
 307              	.LVL40:
 308              	.L10:
 280:../../Drivers/STM32H7xx_HAL_Driver/Src/stm32h7xx_hal_exti.c ****   }
 309              		.loc 1 280 5 is_stmt 1 view .LVU129
 280:../../Drivers/STM32H7xx_HAL_Driver/Src/stm32h7xx_hal_exti.c ****   }
 310              		.loc 1 280 12 is_stmt 0 view .LVU130
 311 0110 24EA0304 		bic	r4, r4, r3
 312              	.LVL41:
 280:../../Drivers/STM32H7xx_HAL_Driver/Src/stm32h7xx_hal_exti.c ****   }
 313              		.loc 1 280 12 view .LVU131
 314 0114 BCE7     		b	.L11
 315              	.LVL42:
 316              	.L12:
 298:../../Drivers/STM32H7xx_HAL_Driver/Src/stm32h7xx_hal_exti.c ****   }
 317              		.loc 1 298 5 is_stmt 1 view .LVU132
 298:../../Drivers/STM32H7xx_HAL_Driver/Src/stm32h7xx_hal_exti.c ****   }
 318              		.loc 1 298 12 is_stmt 0 view .LVU133
 319 0116 25EA0305 		bic	r5, r5, r3
 320              	.LVL43:
 298:../../Drivers/STM32H7xx_HAL_Driver/Src/stm32h7xx_hal_exti.c ****   }
 321              		.loc 1 298 12 view .LVU134
 322 011a C5E7     		b	.L13
 323              	.LVL44:
 324              	.L14:
 318:../../Drivers/STM32H7xx_HAL_Driver/Src/stm32h7xx_hal_exti.c ****   }
 325              		.loc 1 318 5 is_stmt 1 view .LVU135
 318:../../Drivers/STM32H7xx_HAL_Driver/Src/stm32h7xx_hal_exti.c ****   }
 326              		.loc 1 318 12 is_stmt 0 view .LVU136
 327 011c 24EA0304 		bic	r4, r4, r3
 328              	.LVL45:
 318:../../Drivers/STM32H7xx_HAL_Driver/Src/stm32h7xx_hal_exti.c ****   }
 329              		.loc 1 318 12 view .LVU137
 330 0120 CDE7     		b	.L15
 331              	.LVL46:
 332              	.L27:
 328:../../Drivers/STM32H7xx_HAL_Driver/Src/stm32h7xx_hal_exti.c **** 
 333              		.loc 1 328 5 is_stmt 1 view .LVU138
 331:../../Drivers/STM32H7xx_HAL_Driver/Src/stm32h7xx_hal_exti.c ****     regval = *regaddr;
 334              		.loc 1 331 5 view .LVU139
 331:../../Drivers/STM32H7xx_HAL_Driver/Src/stm32h7xx_hal_exti.c ****     regval = *regaddr;
 335              		.loc 1 331 15 is_stmt 0 view .LVU140
 336 0122 4FEA4C1C 		lsl	ip, ip, #5
 337              	.LVL47:
 331:../../Drivers/STM32H7xx_HAL_Driver/Src/stm32h7xx_hal_exti.c ****     regval = *regaddr;
ARM GAS  /var/folders/2r/mdtt8xvd351gdc398t28_m2m0000gn/T//ccY3u57q.s 			page 14


 338              		.loc 1 331 13 view .LVU141
 339 0126 0CF1B044 		add	r4, ip, #1476395008
 340              	.LVL48:
 332:../../Drivers/STM32H7xx_HAL_Driver/Src/stm32h7xx_hal_exti.c **** 
 341              		.loc 1 332 5 is_stmt 1 view .LVU142
 332:../../Drivers/STM32H7xx_HAL_Driver/Src/stm32h7xx_hal_exti.c **** 
 342              		.loc 1 332 12 is_stmt 0 view .LVU143
 343 012a E268     		ldr	r2, [r4, #12]
 344              	.LVL49:
 334:../../Drivers/STM32H7xx_HAL_Driver/Src/stm32h7xx_hal_exti.c ****     {
 345              		.loc 1 334 5 is_stmt 1 view .LVU144
 334:../../Drivers/STM32H7xx_HAL_Driver/Src/stm32h7xx_hal_exti.c ****     {
 346              		.loc 1 334 19 is_stmt 0 view .LVU145
 347 012c 0D69     		ldr	r5, [r1, #16]
 334:../../Drivers/STM32H7xx_HAL_Driver/Src/stm32h7xx_hal_exti.c ****     {
 348              		.loc 1 334 7 view .LVU146
 349 012e 25B9     		cbnz	r5, .L16
 337:../../Drivers/STM32H7xx_HAL_Driver/Src/stm32h7xx_hal_exti.c ****       /* Store D3PMRx register value */
 350              		.loc 1 337 7 is_stmt 1 view .LVU147
 337:../../Drivers/STM32H7xx_HAL_Driver/Src/stm32h7xx_hal_exti.c ****       /* Store D3PMRx register value */
 351              		.loc 1 337 14 is_stmt 0 view .LVU148
 352 0130 22EA0302 		bic	r2, r2, r3
 353              	.LVL50:
 339:../../Drivers/STM32H7xx_HAL_Driver/Src/stm32h7xx_hal_exti.c ****     }
 354              		.loc 1 339 7 is_stmt 1 view .LVU149
 339:../../Drivers/STM32H7xx_HAL_Driver/Src/stm32h7xx_hal_exti.c ****     }
 355              		.loc 1 339 16 is_stmt 0 view .LVU150
 356 0134 E260     		str	r2, [r4, #12]
 364:../../Drivers/STM32H7xx_HAL_Driver/Src/stm32h7xx_hal_exti.c **** }
 357              		.loc 1 364 10 view .LVU151
 358 0136 2846     		mov	r0, r5
 359              	.LVL51:
 364:../../Drivers/STM32H7xx_HAL_Driver/Src/stm32h7xx_hal_exti.c **** }
 360              		.loc 1 364 10 view .LVU152
 361 0138 CAE7     		b	.L2
 362              	.LVL52:
 363              	.L16:
 344:../../Drivers/STM32H7xx_HAL_Driver/Src/stm32h7xx_hal_exti.c ****       /* Store D3PMRx register value */
 364              		.loc 1 344 7 is_stmt 1 view .LVU153
 344:../../Drivers/STM32H7xx_HAL_Driver/Src/stm32h7xx_hal_exti.c ****       /* Store D3PMRx register value */
 365              		.loc 1 344 14 is_stmt 0 view .LVU154
 366 013a 1A43     		orrs	r2, r2, r3
 367              	.LVL53:
 346:../../Drivers/STM32H7xx_HAL_Driver/Src/stm32h7xx_hal_exti.c **** 
 368              		.loc 1 346 7 is_stmt 1 view .LVU155
 346:../../Drivers/STM32H7xx_HAL_Driver/Src/stm32h7xx_hal_exti.c **** 
 369              		.loc 1 346 16 is_stmt 0 view .LVU156
 370 013c E260     		str	r2, [r4, #12]
 348:../../Drivers/STM32H7xx_HAL_Driver/Src/stm32h7xx_hal_exti.c ****       {
 371              		.loc 1 348 7 is_stmt 1 view .LVU157
 348:../../Drivers/STM32H7xx_HAL_Driver/Src/stm32h7xx_hal_exti.c ****       {
 372              		.loc 1 348 9 is_stmt 0 view .LVU158
 373 013e 10F0100F 		tst	r0, #16
 374 0142 14D1     		bne	.L17
 350:../../Drivers/STM32H7xx_HAL_Driver/Src/stm32h7xx_hal_exti.c ****         pcrlinepos = 1UL << linepos;
 375              		.loc 1 350 9 is_stmt 1 view .LVU159
 350:../../Drivers/STM32H7xx_HAL_Driver/Src/stm32h7xx_hal_exti.c ****         pcrlinepos = 1UL << linepos;
ARM GAS  /var/folders/2r/mdtt8xvd351gdc398t28_m2m0000gn/T//ccY3u57q.s 			page 15


 376              		.loc 1 350 17 is_stmt 0 view .LVU160
 377 0144 0CF1B04C 		add	ip, ip, #1476395008
 378 0148 0CF1100C 		add	ip, ip, #16
 379              	.LVL54:
 351:../../Drivers/STM32H7xx_HAL_Driver/Src/stm32h7xx_hal_exti.c ****       }
 380              		.loc 1 351 9 is_stmt 1 view .LVU161
 381              	.L18:
 359:../../Drivers/STM32H7xx_HAL_Driver/Src/stm32h7xx_hal_exti.c ****       *regaddr = regval;
 382              		.loc 1 359 7 view .LVU162
 359:../../Drivers/STM32H7xx_HAL_Driver/Src/stm32h7xx_hal_exti.c ****       *regaddr = regval;
 383              		.loc 1 359 17 is_stmt 0 view .LVU163
 384 014c DCF80020 		ldr	r2, [ip]
 359:../../Drivers/STM32H7xx_HAL_Driver/Src/stm32h7xx_hal_exti.c ****       *regaddr = regval;
 385              		.loc 1 359 42 view .LVU164
 386 0150 03FB03F3 		mul	r3, r3, r3
 387              	.LVL55:
 359:../../Drivers/STM32H7xx_HAL_Driver/Src/stm32h7xx_hal_exti.c ****       *regaddr = regval;
 388              		.loc 1 359 55 view .LVU165
 389 0154 03EB4300 		add	r0, r3, r3, lsl #1
 390              	.LVL56:
 359:../../Drivers/STM32H7xx_HAL_Driver/Src/stm32h7xx_hal_exti.c ****       *regaddr = regval;
 391              		.loc 1 359 26 view .LVU166
 392 0158 22EA0002 		bic	r2, r2, r0
 359:../../Drivers/STM32H7xx_HAL_Driver/Src/stm32h7xx_hal_exti.c ****       *regaddr = regval;
 393              		.loc 1 359 105 view .LVU167
 394 015c 0969     		ldr	r1, [r1, #16]
 395              	.LVL57:
 359:../../Drivers/STM32H7xx_HAL_Driver/Src/stm32h7xx_hal_exti.c ****       *regaddr = regval;
 396              		.loc 1 359 123 view .LVU168
 397 015e 0139     		subs	r1, r1, #1
 359:../../Drivers/STM32H7xx_HAL_Driver/Src/stm32h7xx_hal_exti.c ****       *regaddr = regval;
 398              		.loc 1 359 91 view .LVU169
 399 0160 01FB03F3 		mul	r3, r1, r3
 359:../../Drivers/STM32H7xx_HAL_Driver/Src/stm32h7xx_hal_exti.c ****       *regaddr = regval;
 400              		.loc 1 359 14 view .LVU170
 401 0164 1343     		orrs	r3, r3, r2
 402              	.LVL58:
 360:../../Drivers/STM32H7xx_HAL_Driver/Src/stm32h7xx_hal_exti.c ****     }
 403              		.loc 1 360 7 is_stmt 1 view .LVU171
 360:../../Drivers/STM32H7xx_HAL_Driver/Src/stm32h7xx_hal_exti.c ****     }
 404              		.loc 1 360 16 is_stmt 0 view .LVU172
 405 0166 CCF80030 		str	r3, [ip]
 364:../../Drivers/STM32H7xx_HAL_Driver/Src/stm32h7xx_hal_exti.c **** }
 406              		.loc 1 364 10 view .LVU173
 407 016a 0020     		movs	r0, #0
 408 016c B0E7     		b	.L2
 409              	.LVL59:
 410              	.L17:
 355:../../Drivers/STM32H7xx_HAL_Driver/Src/stm32h7xx_hal_exti.c ****         pcrlinepos = 1UL << (linepos - 16UL);
 411              		.loc 1 355 9 is_stmt 1 view .LVU174
 355:../../Drivers/STM32H7xx_HAL_Driver/Src/stm32h7xx_hal_exti.c ****         pcrlinepos = 1UL << (linepos - 16UL);
 412              		.loc 1 355 17 is_stmt 0 view .LVU175
 413 016e 0CF1B04C 		add	ip, ip, #1476395008
 414 0172 0CF1140C 		add	ip, ip, #20
 415              	.LVL60:
 356:../../Drivers/STM32H7xx_HAL_Driver/Src/stm32h7xx_hal_exti.c ****       }
 416              		.loc 1 356 9 is_stmt 1 view .LVU176
ARM GAS  /var/folders/2r/mdtt8xvd351gdc398t28_m2m0000gn/T//ccY3u57q.s 			page 16


 356:../../Drivers/STM32H7xx_HAL_Driver/Src/stm32h7xx_hal_exti.c ****       }
 417              		.loc 1 356 38 is_stmt 0 view .LVU177
 418 0176 A7F11002 		sub	r2, r7, #16
 419              	.LVL61:
 356:../../Drivers/STM32H7xx_HAL_Driver/Src/stm32h7xx_hal_exti.c ****       }
 420              		.loc 1 356 20 view .LVU178
 421 017a 0123     		movs	r3, #1
 422              	.LVL62:
 356:../../Drivers/STM32H7xx_HAL_Driver/Src/stm32h7xx_hal_exti.c ****       }
 423              		.loc 1 356 20 view .LVU179
 424 017c 9340     		lsls	r3, r3, r2
 425              	.LVL63:
 356:../../Drivers/STM32H7xx_HAL_Driver/Src/stm32h7xx_hal_exti.c ****       }
 426              		.loc 1 356 20 view .LVU180
 427 017e E5E7     		b	.L18
 428              	.LVL64:
 429              	.L19:
 430              	.LCFI1:
 431              		.cfi_def_cfa_offset 0
 432              		.cfi_restore 4
 433              		.cfi_restore 5
 434              		.cfi_restore 6
 435              		.cfi_restore 7
 436              		.cfi_restore 14
 182:../../Drivers/STM32H7xx_HAL_Driver/Src/stm32h7xx_hal_exti.c ****   }
 437              		.loc 1 182 12 view .LVU181
 438 0180 0120     		movs	r0, #1
 439              	.LVL65:
 182:../../Drivers/STM32H7xx_HAL_Driver/Src/stm32h7xx_hal_exti.c ****   }
 440              		.loc 1 182 12 view .LVU182
 441 0182 7047     		bx	lr
 442              	.LVL66:
 443              	.L20:
 182:../../Drivers/STM32H7xx_HAL_Driver/Src/stm32h7xx_hal_exti.c ****   }
 444              		.loc 1 182 12 view .LVU183
 445 0184 0120     		movs	r0, #1
 446              	.LVL67:
 447              		.loc 1 365 1 view .LVU184
 448 0186 7047     		bx	lr
 449              	.L29:
 450              		.align	2
 451              	.L28:
 452 0188 00040058 		.word	1476396032
 453              		.cfi_endproc
 454              	.LFE132:
 456              		.section	.text.HAL_EXTI_GetConfigLine,"ax",%progbits
 457              		.align	1
 458              		.global	HAL_EXTI_GetConfigLine
 459              		.syntax unified
 460              		.thumb
 461              		.thumb_func
 463              	HAL_EXTI_GetConfigLine:
 464              	.LVL68:
 465              	.LFB133:
 366:../../Drivers/STM32H7xx_HAL_Driver/Src/stm32h7xx_hal_exti.c **** 
 367:../../Drivers/STM32H7xx_HAL_Driver/Src/stm32h7xx_hal_exti.c **** 
 368:../../Drivers/STM32H7xx_HAL_Driver/Src/stm32h7xx_hal_exti.c **** /**
ARM GAS  /var/folders/2r/mdtt8xvd351gdc398t28_m2m0000gn/T//ccY3u57q.s 			page 17


 369:../../Drivers/STM32H7xx_HAL_Driver/Src/stm32h7xx_hal_exti.c ****   * @brief  Get configuration of a dedicated Exti line.
 370:../../Drivers/STM32H7xx_HAL_Driver/Src/stm32h7xx_hal_exti.c ****   * @param  hexti Exti handle.
 371:../../Drivers/STM32H7xx_HAL_Driver/Src/stm32h7xx_hal_exti.c ****   * @param  pExtiConfig Pointer on structure to store Exti configuration.
 372:../../Drivers/STM32H7xx_HAL_Driver/Src/stm32h7xx_hal_exti.c ****   * @retval HAL Status.
 373:../../Drivers/STM32H7xx_HAL_Driver/Src/stm32h7xx_hal_exti.c ****   */
 374:../../Drivers/STM32H7xx_HAL_Driver/Src/stm32h7xx_hal_exti.c **** HAL_StatusTypeDef HAL_EXTI_GetConfigLine(EXTI_HandleTypeDef *hexti, EXTI_ConfigTypeDef *pExtiConfig
 375:../../Drivers/STM32H7xx_HAL_Driver/Src/stm32h7xx_hal_exti.c **** {
 466              		.loc 1 375 1 is_stmt 1 view -0
 467              		.cfi_startproc
 468              		@ args = 0, pretend = 0, frame = 0
 469              		@ frame_needed = 0, uses_anonymous_args = 0
 376:../../Drivers/STM32H7xx_HAL_Driver/Src/stm32h7xx_hal_exti.c ****   __IO uint32_t *regaddr;
 470              		.loc 1 376 3 view .LVU186
 377:../../Drivers/STM32H7xx_HAL_Driver/Src/stm32h7xx_hal_exti.c ****   uint32_t regval;
 471              		.loc 1 377 3 view .LVU187
 378:../../Drivers/STM32H7xx_HAL_Driver/Src/stm32h7xx_hal_exti.c ****   uint32_t linepos;
 472              		.loc 1 378 3 view .LVU188
 379:../../Drivers/STM32H7xx_HAL_Driver/Src/stm32h7xx_hal_exti.c ****   uint32_t maskline;
 473              		.loc 1 379 3 view .LVU189
 380:../../Drivers/STM32H7xx_HAL_Driver/Src/stm32h7xx_hal_exti.c ****   uint32_t offset;
 474              		.loc 1 380 3 view .LVU190
 381:../../Drivers/STM32H7xx_HAL_Driver/Src/stm32h7xx_hal_exti.c ****   uint32_t pcrlinepos;
 475              		.loc 1 381 3 view .LVU191
 382:../../Drivers/STM32H7xx_HAL_Driver/Src/stm32h7xx_hal_exti.c **** 
 383:../../Drivers/STM32H7xx_HAL_Driver/Src/stm32h7xx_hal_exti.c ****   /* Check null pointer */
 384:../../Drivers/STM32H7xx_HAL_Driver/Src/stm32h7xx_hal_exti.c ****   if ((hexti == NULL) || (pExtiConfig == NULL))
 476              		.loc 1 384 3 view .LVU192
 477              		.loc 1 384 6 is_stmt 0 view .LVU193
 478 0000 0028     		cmp	r0, #0
 479 0002 00F08F80 		beq	.L41
 480              		.loc 1 384 23 discriminator 1 view .LVU194
 481 0006 0029     		cmp	r1, #0
 482 0008 00F08E80 		beq	.L42
 375:../../Drivers/STM32H7xx_HAL_Driver/Src/stm32h7xx_hal_exti.c ****   __IO uint32_t *regaddr;
 483              		.loc 1 375 1 view .LVU195
 484 000c 30B5     		push	{r4, r5, lr}
 485              	.LCFI2:
 486              		.cfi_def_cfa_offset 12
 487              		.cfi_offset 4, -12
 488              		.cfi_offset 5, -8
 489              		.cfi_offset 14, -4
 385:../../Drivers/STM32H7xx_HAL_Driver/Src/stm32h7xx_hal_exti.c ****   {
 386:../../Drivers/STM32H7xx_HAL_Driver/Src/stm32h7xx_hal_exti.c ****     return HAL_ERROR;
 387:../../Drivers/STM32H7xx_HAL_Driver/Src/stm32h7xx_hal_exti.c ****   }
 388:../../Drivers/STM32H7xx_HAL_Driver/Src/stm32h7xx_hal_exti.c **** 
 389:../../Drivers/STM32H7xx_HAL_Driver/Src/stm32h7xx_hal_exti.c ****   /* Check the parameter */
 390:../../Drivers/STM32H7xx_HAL_Driver/Src/stm32h7xx_hal_exti.c ****   assert_param(IS_EXTI_LINE(hexti->Line));
 490              		.loc 1 390 3 is_stmt 1 view .LVU196
 391:../../Drivers/STM32H7xx_HAL_Driver/Src/stm32h7xx_hal_exti.c **** 
 392:../../Drivers/STM32H7xx_HAL_Driver/Src/stm32h7xx_hal_exti.c ****   /* Store handle line number to configuration structure */
 393:../../Drivers/STM32H7xx_HAL_Driver/Src/stm32h7xx_hal_exti.c ****   pExtiConfig->Line = hexti->Line;
 491              		.loc 1 393 3 view .LVU197
 492              		.loc 1 393 28 is_stmt 0 view .LVU198
 493 000e 0068     		ldr	r0, [r0]
 494              	.LVL69:
 495              		.loc 1 393 21 view .LVU199
 496 0010 0860     		str	r0, [r1]
ARM GAS  /var/folders/2r/mdtt8xvd351gdc398t28_m2m0000gn/T//ccY3u57q.s 			page 18


 394:../../Drivers/STM32H7xx_HAL_Driver/Src/stm32h7xx_hal_exti.c **** 
 395:../../Drivers/STM32H7xx_HAL_Driver/Src/stm32h7xx_hal_exti.c ****   /* compute line register offset and line mask */
 396:../../Drivers/STM32H7xx_HAL_Driver/Src/stm32h7xx_hal_exti.c ****   offset = ((pExtiConfig->Line & EXTI_REG_MASK) >> EXTI_REG_SHIFT);
 497              		.loc 1 396 3 is_stmt 1 view .LVU200
 498              		.loc 1 396 10 is_stmt 0 view .LVU201
 499 0012 C0F3014C 		ubfx	ip, r0, #16, #2
 500              	.LVL70:
 397:../../Drivers/STM32H7xx_HAL_Driver/Src/stm32h7xx_hal_exti.c ****   linepos = (pExtiConfig->Line & EXTI_PIN_MASK);
 501              		.loc 1 397 3 is_stmt 1 view .LVU202
 502              		.loc 1 397 11 is_stmt 0 view .LVU203
 503 0016 00F01F0E 		and	lr, r0, #31
 504              	.LVL71:
 398:../../Drivers/STM32H7xx_HAL_Driver/Src/stm32h7xx_hal_exti.c ****   maskline = (1UL << linepos);
 505              		.loc 1 398 3 is_stmt 1 view .LVU204
 506              		.loc 1 398 12 is_stmt 0 view .LVU205
 507 001a 0123     		movs	r3, #1
 508 001c 03FA0EF3 		lsl	r3, r3, lr
 509              	.LVL72:
 399:../../Drivers/STM32H7xx_HAL_Driver/Src/stm32h7xx_hal_exti.c **** 
 400:../../Drivers/STM32H7xx_HAL_Driver/Src/stm32h7xx_hal_exti.c ****   /* 1] Get core mode : interrupt */
 401:../../Drivers/STM32H7xx_HAL_Driver/Src/stm32h7xx_hal_exti.c ****   regaddr = (__IO uint32_t *)(&EXTI->IMR1 + (EXTI_MODE_OFFSET * offset));
 510              		.loc 1 401 3 is_stmt 1 view .LVU206
 511              		.loc 1 401 13 is_stmt 0 view .LVU207
 512 0020 4FEA0C12 		lsl	r2, ip, #4
 513              		.loc 1 401 11 view .LVU208
 514 0024 02F1B044 		add	r4, r2, #1476395008
 515              	.LVL73:
 402:../../Drivers/STM32H7xx_HAL_Driver/Src/stm32h7xx_hal_exti.c ****   regval = *regaddr;
 516              		.loc 1 402 3 is_stmt 1 view .LVU209
 517              		.loc 1 402 10 is_stmt 0 view .LVU210
 518 0028 D4F88040 		ldr	r4, [r4, #128]
 519              	.LVL74:
 403:../../Drivers/STM32H7xx_HAL_Driver/Src/stm32h7xx_hal_exti.c **** 
 404:../../Drivers/STM32H7xx_HAL_Driver/Src/stm32h7xx_hal_exti.c ****   pExtiConfig->Mode = EXTI_MODE_NONE;
 520              		.loc 1 404 3 is_stmt 1 view .LVU211
 521              		.loc 1 404 21 is_stmt 0 view .LVU212
 522 002c 0025     		movs	r5, #0
 523 002e 4D60     		str	r5, [r1, #4]
 405:../../Drivers/STM32H7xx_HAL_Driver/Src/stm32h7xx_hal_exti.c **** 
 406:../../Drivers/STM32H7xx_HAL_Driver/Src/stm32h7xx_hal_exti.c ****   /* Check if selected line is enable */
 407:../../Drivers/STM32H7xx_HAL_Driver/Src/stm32h7xx_hal_exti.c ****   if ((regval & maskline) != 0x00U)
 524              		.loc 1 407 3 is_stmt 1 view .LVU213
 525              		.loc 1 407 6 is_stmt 0 view .LVU214
 526 0030 2342     		tst	r3, r4
 527 0032 01D0     		beq	.L32
 408:../../Drivers/STM32H7xx_HAL_Driver/Src/stm32h7xx_hal_exti.c ****   {
 409:../../Drivers/STM32H7xx_HAL_Driver/Src/stm32h7xx_hal_exti.c ****     pExtiConfig->Mode = EXTI_MODE_INTERRUPT;
 528              		.loc 1 409 5 is_stmt 1 view .LVU215
 529              		.loc 1 409 23 is_stmt 0 view .LVU216
 530 0034 0124     		movs	r4, #1
 531              	.LVL75:
 532              		.loc 1 409 23 view .LVU217
 533 0036 4C60     		str	r4, [r1, #4]
 534              	.L32:
 410:../../Drivers/STM32H7xx_HAL_Driver/Src/stm32h7xx_hal_exti.c ****   }
 411:../../Drivers/STM32H7xx_HAL_Driver/Src/stm32h7xx_hal_exti.c **** 
 412:../../Drivers/STM32H7xx_HAL_Driver/Src/stm32h7xx_hal_exti.c ****   /* Get event mode */
ARM GAS  /var/folders/2r/mdtt8xvd351gdc398t28_m2m0000gn/T//ccY3u57q.s 			page 19


 413:../../Drivers/STM32H7xx_HAL_Driver/Src/stm32h7xx_hal_exti.c ****   regaddr = (__IO uint32_t *)(&EXTI->EMR1 + (EXTI_MODE_OFFSET * offset));
 535              		.loc 1 413 3 is_stmt 1 view .LVU218
 536              		.loc 1 413 11 is_stmt 0 view .LVU219
 537 0038 02F1B044 		add	r4, r2, #1476395008
 538              	.LVL76:
 414:../../Drivers/STM32H7xx_HAL_Driver/Src/stm32h7xx_hal_exti.c ****   regval = *regaddr;
 539              		.loc 1 414 3 is_stmt 1 view .LVU220
 540              		.loc 1 414 10 is_stmt 0 view .LVU221
 541 003c D4F88440 		ldr	r4, [r4, #132]
 542              	.LVL77:
 415:../../Drivers/STM32H7xx_HAL_Driver/Src/stm32h7xx_hal_exti.c **** 
 416:../../Drivers/STM32H7xx_HAL_Driver/Src/stm32h7xx_hal_exti.c ****   /* Check if selected line is enable */
 417:../../Drivers/STM32H7xx_HAL_Driver/Src/stm32h7xx_hal_exti.c ****   if ((regval & maskline) != 0x00U)
 543              		.loc 1 417 3 is_stmt 1 view .LVU222
 544              		.loc 1 417 6 is_stmt 0 view .LVU223
 545 0040 2342     		tst	r3, r4
 546 0042 03D0     		beq	.L33
 418:../../Drivers/STM32H7xx_HAL_Driver/Src/stm32h7xx_hal_exti.c ****   {
 419:../../Drivers/STM32H7xx_HAL_Driver/Src/stm32h7xx_hal_exti.c ****     pExtiConfig->Mode |= EXTI_MODE_EVENT;
 547              		.loc 1 419 5 is_stmt 1 view .LVU224
 548              		.loc 1 419 23 is_stmt 0 view .LVU225
 549 0044 4C68     		ldr	r4, [r1, #4]
 550              	.LVL78:
 551              		.loc 1 419 23 view .LVU226
 552 0046 44F00204 		orr	r4, r4, #2
 553 004a 4C60     		str	r4, [r1, #4]
 554              	.L33:
 420:../../Drivers/STM32H7xx_HAL_Driver/Src/stm32h7xx_hal_exti.c ****   }
 421:../../Drivers/STM32H7xx_HAL_Driver/Src/stm32h7xx_hal_exti.c **** #if defined (DUAL_CORE)
 422:../../Drivers/STM32H7xx_HAL_Driver/Src/stm32h7xx_hal_exti.c ****   regaddr = (__IO uint32_t *)(&EXTI->C2IMR1 + (EXTI_MODE_OFFSET * offset));
 555              		.loc 1 422 3 is_stmt 1 view .LVU227
 556              		.loc 1 422 11 is_stmt 0 view .LVU228
 557 004c 02F1B044 		add	r4, r2, #1476395008
 558              	.LVL79:
 423:../../Drivers/STM32H7xx_HAL_Driver/Src/stm32h7xx_hal_exti.c ****   regval = *regaddr;
 559              		.loc 1 423 3 is_stmt 1 view .LVU229
 560              		.loc 1 423 10 is_stmt 0 view .LVU230
 561 0050 D4F8C040 		ldr	r4, [r4, #192]
 562              	.LVL80:
 424:../../Drivers/STM32H7xx_HAL_Driver/Src/stm32h7xx_hal_exti.c **** 
 425:../../Drivers/STM32H7xx_HAL_Driver/Src/stm32h7xx_hal_exti.c ****   /* Check if selected line is enable */
 426:../../Drivers/STM32H7xx_HAL_Driver/Src/stm32h7xx_hal_exti.c ****   if ((regval & maskline) != 0x00U)
 563              		.loc 1 426 3 is_stmt 1 view .LVU231
 564              		.loc 1 426 6 is_stmt 0 view .LVU232
 565 0054 2342     		tst	r3, r4
 566 0056 01D0     		beq	.L34
 427:../../Drivers/STM32H7xx_HAL_Driver/Src/stm32h7xx_hal_exti.c ****   {
 428:../../Drivers/STM32H7xx_HAL_Driver/Src/stm32h7xx_hal_exti.c ****     pExtiConfig->Mode = EXTI_MODE_CORE2_INTERRUPT;
 567              		.loc 1 428 5 is_stmt 1 view .LVU233
 568              		.loc 1 428 23 is_stmt 0 view .LVU234
 569 0058 1024     		movs	r4, #16
 570              	.LVL81:
 571              		.loc 1 428 23 view .LVU235
 572 005a 4C60     		str	r4, [r1, #4]
 573              	.L34:
 429:../../Drivers/STM32H7xx_HAL_Driver/Src/stm32h7xx_hal_exti.c ****   }
 430:../../Drivers/STM32H7xx_HAL_Driver/Src/stm32h7xx_hal_exti.c **** 
ARM GAS  /var/folders/2r/mdtt8xvd351gdc398t28_m2m0000gn/T//ccY3u57q.s 			page 20


 431:../../Drivers/STM32H7xx_HAL_Driver/Src/stm32h7xx_hal_exti.c ****   /* Get event mode */
 432:../../Drivers/STM32H7xx_HAL_Driver/Src/stm32h7xx_hal_exti.c ****   regaddr = (__IO uint32_t *)(&EXTI->C2EMR1 + (EXTI_MODE_OFFSET * offset));
 574              		.loc 1 432 3 is_stmt 1 view .LVU236
 575              		.loc 1 432 11 is_stmt 0 view .LVU237
 576 005c 02F1B042 		add	r2, r2, #1476395008
 577              	.LVL82:
 433:../../Drivers/STM32H7xx_HAL_Driver/Src/stm32h7xx_hal_exti.c ****   regval = *regaddr;
 578              		.loc 1 433 3 is_stmt 1 view .LVU238
 579              		.loc 1 433 10 is_stmt 0 view .LVU239
 580 0060 D2F8C420 		ldr	r2, [r2, #196]
 581              	.LVL83:
 434:../../Drivers/STM32H7xx_HAL_Driver/Src/stm32h7xx_hal_exti.c **** 
 435:../../Drivers/STM32H7xx_HAL_Driver/Src/stm32h7xx_hal_exti.c ****   /* Check if selected line is enable */
 436:../../Drivers/STM32H7xx_HAL_Driver/Src/stm32h7xx_hal_exti.c ****   if ((regval & maskline) != 0x00U)
 582              		.loc 1 436 3 is_stmt 1 view .LVU240
 583              		.loc 1 436 6 is_stmt 0 view .LVU241
 584 0064 1342     		tst	r3, r2
 585 0066 03D0     		beq	.L35
 437:../../Drivers/STM32H7xx_HAL_Driver/Src/stm32h7xx_hal_exti.c ****   {
 438:../../Drivers/STM32H7xx_HAL_Driver/Src/stm32h7xx_hal_exti.c ****     pExtiConfig->Mode |= EXTI_MODE_CORE2_EVENT;
 586              		.loc 1 438 5 is_stmt 1 view .LVU242
 587              		.loc 1 438 16 is_stmt 0 view .LVU243
 588 0068 4A68     		ldr	r2, [r1, #4]
 589              	.LVL84:
 590              		.loc 1 438 23 view .LVU244
 591 006a 42F02002 		orr	r2, r2, #32
 592 006e 4A60     		str	r2, [r1, #4]
 593              	.L35:
 439:../../Drivers/STM32H7xx_HAL_Driver/Src/stm32h7xx_hal_exti.c ****   }
 440:../../Drivers/STM32H7xx_HAL_Driver/Src/stm32h7xx_hal_exti.c **** #endif /*DUAL_CORE*/
 441:../../Drivers/STM32H7xx_HAL_Driver/Src/stm32h7xx_hal_exti.c **** 
 442:../../Drivers/STM32H7xx_HAL_Driver/Src/stm32h7xx_hal_exti.c ****   /* Get default Trigger and GPIOSel configuration */
 443:../../Drivers/STM32H7xx_HAL_Driver/Src/stm32h7xx_hal_exti.c ****   pExtiConfig->Trigger = EXTI_TRIGGER_NONE;
 594              		.loc 1 443 3 is_stmt 1 view .LVU245
 595              		.loc 1 443 24 is_stmt 0 view .LVU246
 596 0070 0022     		movs	r2, #0
 597 0072 8A60     		str	r2, [r1, #8]
 444:../../Drivers/STM32H7xx_HAL_Driver/Src/stm32h7xx_hal_exti.c ****   pExtiConfig->GPIOSel = 0x00U;
 598              		.loc 1 444 3 is_stmt 1 view .LVU247
 599              		.loc 1 444 24 is_stmt 0 view .LVU248
 600 0074 CA60     		str	r2, [r1, #12]
 445:../../Drivers/STM32H7xx_HAL_Driver/Src/stm32h7xx_hal_exti.c **** 
 446:../../Drivers/STM32H7xx_HAL_Driver/Src/stm32h7xx_hal_exti.c ****   /* 2] Get trigger for configurable lines : rising */
 447:../../Drivers/STM32H7xx_HAL_Driver/Src/stm32h7xx_hal_exti.c ****   if ((pExtiConfig->Line & EXTI_CONFIG) != 0x00U)
 601              		.loc 1 447 3 is_stmt 1 view .LVU249
 602              		.loc 1 447 6 is_stmt 0 view .LVU250
 603 0076 10F0007F 		tst	r0, #33554432
 604 007a 16D0     		beq	.L36
 448:../../Drivers/STM32H7xx_HAL_Driver/Src/stm32h7xx_hal_exti.c ****   {
 449:../../Drivers/STM32H7xx_HAL_Driver/Src/stm32h7xx_hal_exti.c ****     regaddr = (__IO uint32_t *)(&EXTI->RTSR1 + (EXTI_CONFIG_OFFSET * offset));
 605              		.loc 1 449 5 is_stmt 1 view .LVU251
 606              		.loc 1 449 15 is_stmt 0 view .LVU252
 607 007c 4FEA4C12 		lsl	r2, ip, #5
 608              		.loc 1 449 13 view .LVU253
 609 0080 02F1B044 		add	r4, r2, #1476395008
 610              	.LVL85:
 450:../../Drivers/STM32H7xx_HAL_Driver/Src/stm32h7xx_hal_exti.c ****     regval = *regaddr;
ARM GAS  /var/folders/2r/mdtt8xvd351gdc398t28_m2m0000gn/T//ccY3u57q.s 			page 21


 611              		.loc 1 450 5 is_stmt 1 view .LVU254
 612              		.loc 1 450 12 is_stmt 0 view .LVU255
 613 0084 2468     		ldr	r4, [r4]
 614              	.LVL86:
 451:../../Drivers/STM32H7xx_HAL_Driver/Src/stm32h7xx_hal_exti.c **** 
 452:../../Drivers/STM32H7xx_HAL_Driver/Src/stm32h7xx_hal_exti.c ****     /* Check if configuration of selected line is enable */
 453:../../Drivers/STM32H7xx_HAL_Driver/Src/stm32h7xx_hal_exti.c ****     if ((regval & maskline) != 0x00U)
 615              		.loc 1 453 5 is_stmt 1 view .LVU256
 616              		.loc 1 453 8 is_stmt 0 view .LVU257
 617 0086 2342     		tst	r3, r4
 618 0088 01D0     		beq	.L37
 454:../../Drivers/STM32H7xx_HAL_Driver/Src/stm32h7xx_hal_exti.c ****     {
 455:../../Drivers/STM32H7xx_HAL_Driver/Src/stm32h7xx_hal_exti.c ****       pExtiConfig->Trigger = EXTI_TRIGGER_RISING;
 619              		.loc 1 455 7 is_stmt 1 view .LVU258
 620              		.loc 1 455 28 is_stmt 0 view .LVU259
 621 008a 0124     		movs	r4, #1
 622              	.LVL87:
 623              		.loc 1 455 28 view .LVU260
 624 008c 8C60     		str	r4, [r1, #8]
 625              	.L37:
 456:../../Drivers/STM32H7xx_HAL_Driver/Src/stm32h7xx_hal_exti.c ****     }
 457:../../Drivers/STM32H7xx_HAL_Driver/Src/stm32h7xx_hal_exti.c **** 
 458:../../Drivers/STM32H7xx_HAL_Driver/Src/stm32h7xx_hal_exti.c ****     /* Get falling configuration */
 459:../../Drivers/STM32H7xx_HAL_Driver/Src/stm32h7xx_hal_exti.c ****     regaddr = (__IO uint32_t *)(&EXTI->FTSR1 + (EXTI_CONFIG_OFFSET * offset));
 626              		.loc 1 459 5 is_stmt 1 view .LVU261
 627              		.loc 1 459 13 is_stmt 0 view .LVU262
 628 008e 02F1B042 		add	r2, r2, #1476395008
 629              	.LVL88:
 460:../../Drivers/STM32H7xx_HAL_Driver/Src/stm32h7xx_hal_exti.c ****     regval = *regaddr;
 630              		.loc 1 460 5 is_stmt 1 view .LVU263
 631              		.loc 1 460 12 is_stmt 0 view .LVU264
 632 0092 5268     		ldr	r2, [r2, #4]
 633              	.LVL89:
 461:../../Drivers/STM32H7xx_HAL_Driver/Src/stm32h7xx_hal_exti.c **** 
 462:../../Drivers/STM32H7xx_HAL_Driver/Src/stm32h7xx_hal_exti.c ****     /* Check if configuration of selected line is enable */
 463:../../Drivers/STM32H7xx_HAL_Driver/Src/stm32h7xx_hal_exti.c ****     if ((regval & maskline) != 0x00U)
 634              		.loc 1 463 5 is_stmt 1 view .LVU265
 635              		.loc 1 463 8 is_stmt 0 view .LVU266
 636 0094 1342     		tst	r3, r2
 637 0096 03D0     		beq	.L38
 464:../../Drivers/STM32H7xx_HAL_Driver/Src/stm32h7xx_hal_exti.c ****     {
 465:../../Drivers/STM32H7xx_HAL_Driver/Src/stm32h7xx_hal_exti.c ****       pExtiConfig->Trigger |= EXTI_TRIGGER_FALLING;
 638              		.loc 1 465 7 is_stmt 1 view .LVU267
 639              		.loc 1 465 18 is_stmt 0 view .LVU268
 640 0098 8A68     		ldr	r2, [r1, #8]
 641              	.LVL90:
 642              		.loc 1 465 28 view .LVU269
 643 009a 42F00202 		orr	r2, r2, #2
 644 009e 8A60     		str	r2, [r1, #8]
 645              	.L38:
 466:../../Drivers/STM32H7xx_HAL_Driver/Src/stm32h7xx_hal_exti.c ****     }
 467:../../Drivers/STM32H7xx_HAL_Driver/Src/stm32h7xx_hal_exti.c **** 
 468:../../Drivers/STM32H7xx_HAL_Driver/Src/stm32h7xx_hal_exti.c ****     /* Get Gpio port selection for gpio lines */
 469:../../Drivers/STM32H7xx_HAL_Driver/Src/stm32h7xx_hal_exti.c ****     if ((pExtiConfig->Line & EXTI_GPIO) == EXTI_GPIO)
 646              		.loc 1 469 5 is_stmt 1 view .LVU270
 647              		.loc 1 469 28 is_stmt 0 view .LVU271
 648 00a0 00F0C062 		and	r2, r0, #100663296
ARM GAS  /var/folders/2r/mdtt8xvd351gdc398t28_m2m0000gn/T//ccY3u57q.s 			page 22


 649              		.loc 1 469 8 view .LVU272
 650 00a4 B2F1C06F 		cmp	r2, #100663296
 651 00a8 08D0     		beq	.L49
 652              	.LVL91:
 653              	.L36:
 470:../../Drivers/STM32H7xx_HAL_Driver/Src/stm32h7xx_hal_exti.c ****     {
 471:../../Drivers/STM32H7xx_HAL_Driver/Src/stm32h7xx_hal_exti.c ****       assert_param(IS_EXTI_GPIO_PIN(linepos));
 472:../../Drivers/STM32H7xx_HAL_Driver/Src/stm32h7xx_hal_exti.c **** 
 473:../../Drivers/STM32H7xx_HAL_Driver/Src/stm32h7xx_hal_exti.c ****       regval = SYSCFG->EXTICR[(linepos >> 2U) & 0x03UL];
 474:../../Drivers/STM32H7xx_HAL_Driver/Src/stm32h7xx_hal_exti.c ****       pExtiConfig->GPIOSel = (regval >> (SYSCFG_EXTICR1_EXTI1_Pos * (linepos & 0x03u))) & SYSCFG_EX
 475:../../Drivers/STM32H7xx_HAL_Driver/Src/stm32h7xx_hal_exti.c ****     }
 476:../../Drivers/STM32H7xx_HAL_Driver/Src/stm32h7xx_hal_exti.c ****   }
 477:../../Drivers/STM32H7xx_HAL_Driver/Src/stm32h7xx_hal_exti.c **** 
 478:../../Drivers/STM32H7xx_HAL_Driver/Src/stm32h7xx_hal_exti.c ****   /* Get default Pend Clear Source */
 479:../../Drivers/STM32H7xx_HAL_Driver/Src/stm32h7xx_hal_exti.c ****   pExtiConfig->PendClearSource = EXTI_D3_PENDCLR_SRC_NONE;
 654              		.loc 1 479 3 is_stmt 1 view .LVU273
 655              		.loc 1 479 32 is_stmt 0 view .LVU274
 656 00aa 0022     		movs	r2, #0
 657 00ac 0A61     		str	r2, [r1, #16]
 480:../../Drivers/STM32H7xx_HAL_Driver/Src/stm32h7xx_hal_exti.c **** 
 481:../../Drivers/STM32H7xx_HAL_Driver/Src/stm32h7xx_hal_exti.c ****   /* 3] Get D3 Pend Clear source */
 482:../../Drivers/STM32H7xx_HAL_Driver/Src/stm32h7xx_hal_exti.c ****   if ((pExtiConfig->Line & EXTI_TARGET_MASK) == EXTI_TARGET_MSK_ALL)
 658              		.loc 1 482 3 is_stmt 1 view .LVU275
 659              		.loc 1 482 26 is_stmt 0 view .LVU276
 660 00ae 00F4E002 		and	r2, r0, #7340032
 661              		.loc 1 482 6 view .LVU277
 662 00b2 B2F5E00F 		cmp	r2, #7340032
 663 00b6 0FD0     		beq	.L50
 483:../../Drivers/STM32H7xx_HAL_Driver/Src/stm32h7xx_hal_exti.c ****   {
 484:../../Drivers/STM32H7xx_HAL_Driver/Src/stm32h7xx_hal_exti.c ****     regaddr = (__IO uint32_t *)(&EXTI->D3PMR1 + (EXTI_CONFIG_OFFSET * offset));
 485:../../Drivers/STM32H7xx_HAL_Driver/Src/stm32h7xx_hal_exti.c ****     if(((*regaddr) & linepos) != 0UL)
 486:../../Drivers/STM32H7xx_HAL_Driver/Src/stm32h7xx_hal_exti.c ****     {
 487:../../Drivers/STM32H7xx_HAL_Driver/Src/stm32h7xx_hal_exti.c ****       /* if wakeup target is any and PMR set, the read pend clear source from  D3PCRxL/H */
 488:../../Drivers/STM32H7xx_HAL_Driver/Src/stm32h7xx_hal_exti.c ****       if(linepos < 16UL)
 489:../../Drivers/STM32H7xx_HAL_Driver/Src/stm32h7xx_hal_exti.c ****       {
 490:../../Drivers/STM32H7xx_HAL_Driver/Src/stm32h7xx_hal_exti.c ****         regaddr = (__IO uint32_t *)(&EXTI->D3PCR1L + (EXTI_CONFIG_OFFSET * offset));
 491:../../Drivers/STM32H7xx_HAL_Driver/Src/stm32h7xx_hal_exti.c ****         pcrlinepos = 1UL << linepos;
 492:../../Drivers/STM32H7xx_HAL_Driver/Src/stm32h7xx_hal_exti.c ****       }
 493:../../Drivers/STM32H7xx_HAL_Driver/Src/stm32h7xx_hal_exti.c ****       else
 494:../../Drivers/STM32H7xx_HAL_Driver/Src/stm32h7xx_hal_exti.c ****       {
 495:../../Drivers/STM32H7xx_HAL_Driver/Src/stm32h7xx_hal_exti.c ****         regaddr = (__IO uint32_t *)(&EXTI->D3PCR1H + (EXTI_CONFIG_OFFSET * offset));
 496:../../Drivers/STM32H7xx_HAL_Driver/Src/stm32h7xx_hal_exti.c ****         pcrlinepos = 1UL << (linepos - 16UL);
 497:../../Drivers/STM32H7xx_HAL_Driver/Src/stm32h7xx_hal_exti.c ****       }
 498:../../Drivers/STM32H7xx_HAL_Driver/Src/stm32h7xx_hal_exti.c **** 
 499:../../Drivers/STM32H7xx_HAL_Driver/Src/stm32h7xx_hal_exti.c ****       pExtiConfig->PendClearSource = 1UL + ((*regaddr & (pcrlinepos * pcrlinepos * 3UL)) / (pcrline
 500:../../Drivers/STM32H7xx_HAL_Driver/Src/stm32h7xx_hal_exti.c ****     }
 501:../../Drivers/STM32H7xx_HAL_Driver/Src/stm32h7xx_hal_exti.c ****   }
 502:../../Drivers/STM32H7xx_HAL_Driver/Src/stm32h7xx_hal_exti.c **** 
 503:../../Drivers/STM32H7xx_HAL_Driver/Src/stm32h7xx_hal_exti.c ****   return HAL_OK;
 664              		.loc 1 503 10 view .LVU278
 665 00b8 0020     		movs	r0, #0
 666              	.LVL92:
 667              	.L31:
 504:../../Drivers/STM32H7xx_HAL_Driver/Src/stm32h7xx_hal_exti.c **** }
 668              		.loc 1 504 1 view .LVU279
 669 00ba 30BD     		pop	{r4, r5, pc}
 670              	.LVL93:
ARM GAS  /var/folders/2r/mdtt8xvd351gdc398t28_m2m0000gn/T//ccY3u57q.s 			page 23


 671              	.L49:
 471:../../Drivers/STM32H7xx_HAL_Driver/Src/stm32h7xx_hal_exti.c **** 
 672              		.loc 1 471 7 is_stmt 1 view .LVU280
 473:../../Drivers/STM32H7xx_HAL_Driver/Src/stm32h7xx_hal_exti.c ****       pExtiConfig->GPIOSel = (regval >> (SYSCFG_EXTICR1_EXTI1_Pos * (linepos & 0x03u))) & SYSCFG_EX
 673              		.loc 1 473 7 view .LVU281
 473:../../Drivers/STM32H7xx_HAL_Driver/Src/stm32h7xx_hal_exti.c ****       pExtiConfig->GPIOSel = (regval >> (SYSCFG_EXTICR1_EXTI1_Pos * (linepos & 0x03u))) & SYSCFG_EX
 674              		.loc 1 473 47 is_stmt 0 view .LVU282
 675 00bc CEF38102 		ubfx	r2, lr, #2, #2
 473:../../Drivers/STM32H7xx_HAL_Driver/Src/stm32h7xx_hal_exti.c ****       pExtiConfig->GPIOSel = (regval >> (SYSCFG_EXTICR1_EXTI1_Pos * (linepos & 0x03u))) & SYSCFG_EX
 676              		.loc 1 473 14 view .LVU283
 677 00c0 0232     		adds	r2, r2, #2
 678 00c2 1B4C     		ldr	r4, .L51
 679 00c4 54F82220 		ldr	r2, [r4, r2, lsl #2]
 680              	.LVL94:
 474:../../Drivers/STM32H7xx_HAL_Driver/Src/stm32h7xx_hal_exti.c ****     }
 681              		.loc 1 474 7 is_stmt 1 view .LVU284
 474:../../Drivers/STM32H7xx_HAL_Driver/Src/stm32h7xx_hal_exti.c ****     }
 682              		.loc 1 474 78 is_stmt 0 view .LVU285
 683 00c8 00F00304 		and	r4, r0, #3
 474:../../Drivers/STM32H7xx_HAL_Driver/Src/stm32h7xx_hal_exti.c ****     }
 684              		.loc 1 474 67 view .LVU286
 685 00cc A400     		lsls	r4, r4, #2
 474:../../Drivers/STM32H7xx_HAL_Driver/Src/stm32h7xx_hal_exti.c ****     }
 686              		.loc 1 474 38 view .LVU287
 687 00ce E240     		lsrs	r2, r2, r4
 688              	.LVL95:
 474:../../Drivers/STM32H7xx_HAL_Driver/Src/stm32h7xx_hal_exti.c ****     }
 689              		.loc 1 474 89 view .LVU288
 690 00d0 02F00F02 		and	r2, r2, #15
 474:../../Drivers/STM32H7xx_HAL_Driver/Src/stm32h7xx_hal_exti.c ****     }
 691              		.loc 1 474 28 view .LVU289
 692 00d4 CA60     		str	r2, [r1, #12]
 693 00d6 E8E7     		b	.L36
 694              	.LVL96:
 695              	.L50:
 484:../../Drivers/STM32H7xx_HAL_Driver/Src/stm32h7xx_hal_exti.c ****     if(((*regaddr) & linepos) != 0UL)
 696              		.loc 1 484 5 is_stmt 1 view .LVU290
 484:../../Drivers/STM32H7xx_HAL_Driver/Src/stm32h7xx_hal_exti.c ****     if(((*regaddr) & linepos) != 0UL)
 697              		.loc 1 484 15 is_stmt 0 view .LVU291
 698 00d8 4FEA4C1C 		lsl	ip, ip, #5
 699              	.LVL97:
 484:../../Drivers/STM32H7xx_HAL_Driver/Src/stm32h7xx_hal_exti.c ****     if(((*regaddr) & linepos) != 0UL)
 700              		.loc 1 484 13 view .LVU292
 701 00dc 0CF1B042 		add	r2, ip, #1476395008
 702              	.LVL98:
 485:../../Drivers/STM32H7xx_HAL_Driver/Src/stm32h7xx_hal_exti.c ****     {
 703              		.loc 1 485 5 is_stmt 1 view .LVU293
 485:../../Drivers/STM32H7xx_HAL_Driver/Src/stm32h7xx_hal_exti.c ****     {
 704              		.loc 1 485 10 is_stmt 0 view .LVU294
 705 00e0 D268     		ldr	r2, [r2, #12]
 706              	.LVL99:
 485:../../Drivers/STM32H7xx_HAL_Driver/Src/stm32h7xx_hal_exti.c ****     {
 707              		.loc 1 485 7 view .LVU295
 708 00e2 12EA0E0F 		tst	r2, lr
 709 00e6 21D0     		beq	.L44
 488:../../Drivers/STM32H7xx_HAL_Driver/Src/stm32h7xx_hal_exti.c ****       {
 710              		.loc 1 488 7 is_stmt 1 view .LVU296
ARM GAS  /var/folders/2r/mdtt8xvd351gdc398t28_m2m0000gn/T//ccY3u57q.s 			page 24


 488:../../Drivers/STM32H7xx_HAL_Driver/Src/stm32h7xx_hal_exti.c ****       {
 711              		.loc 1 488 9 is_stmt 0 view .LVU297
 712 00e8 10F0100F 		tst	r0, #16
 713 00ec 10D1     		bne	.L39
 490:../../Drivers/STM32H7xx_HAL_Driver/Src/stm32h7xx_hal_exti.c ****         pcrlinepos = 1UL << linepos;
 714              		.loc 1 490 9 is_stmt 1 view .LVU298
 490:../../Drivers/STM32H7xx_HAL_Driver/Src/stm32h7xx_hal_exti.c ****         pcrlinepos = 1UL << linepos;
 715              		.loc 1 490 17 is_stmt 0 view .LVU299
 716 00ee 0CF1B04C 		add	ip, ip, #1476395008
 717              	.LVL100:
 490:../../Drivers/STM32H7xx_HAL_Driver/Src/stm32h7xx_hal_exti.c ****         pcrlinepos = 1UL << linepos;
 718              		.loc 1 490 17 view .LVU300
 719 00f2 0CF1100C 		add	ip, ip, #16
 720              	.LVL101:
 491:../../Drivers/STM32H7xx_HAL_Driver/Src/stm32h7xx_hal_exti.c ****       }
 721              		.loc 1 491 9 is_stmt 1 view .LVU301
 722              	.L40:
 499:../../Drivers/STM32H7xx_HAL_Driver/Src/stm32h7xx_hal_exti.c ****     }
 723              		.loc 1 499 7 view .LVU302
 499:../../Drivers/STM32H7xx_HAL_Driver/Src/stm32h7xx_hal_exti.c ****     }
 724              		.loc 1 499 46 is_stmt 0 view .LVU303
 725 00f6 DCF80020 		ldr	r2, [ip]
 499:../../Drivers/STM32H7xx_HAL_Driver/Src/stm32h7xx_hal_exti.c ****     }
 726              		.loc 1 499 69 view .LVU304
 727 00fa 03FB03F3 		mul	r3, r3, r3
 728              	.LVL102:
 499:../../Drivers/STM32H7xx_HAL_Driver/Src/stm32h7xx_hal_exti.c ****     }
 729              		.loc 1 499 82 view .LVU305
 730 00fe 03EB4300 		add	r0, r3, r3, lsl #1
 731              	.LVL103:
 499:../../Drivers/STM32H7xx_HAL_Driver/Src/stm32h7xx_hal_exti.c ****     }
 732              		.loc 1 499 55 view .LVU306
 733 0102 0240     		ands	r2, r2, r0
 499:../../Drivers/STM32H7xx_HAL_Driver/Src/stm32h7xx_hal_exti.c ****     }
 734              		.loc 1 499 90 view .LVU307
 735 0104 B2FBF3F3 		udiv	r3, r2, r3
 499:../../Drivers/STM32H7xx_HAL_Driver/Src/stm32h7xx_hal_exti.c ****     }
 736              		.loc 1 499 42 view .LVU308
 737 0108 0133     		adds	r3, r3, #1
 499:../../Drivers/STM32H7xx_HAL_Driver/Src/stm32h7xx_hal_exti.c ****     }
 738              		.loc 1 499 36 view .LVU309
 739 010a 0B61     		str	r3, [r1, #16]
 503:../../Drivers/STM32H7xx_HAL_Driver/Src/stm32h7xx_hal_exti.c **** }
 740              		.loc 1 503 10 view .LVU310
 741 010c 0020     		movs	r0, #0
 742 010e D4E7     		b	.L31
 743              	.LVL104:
 744              	.L39:
 495:../../Drivers/STM32H7xx_HAL_Driver/Src/stm32h7xx_hal_exti.c ****         pcrlinepos = 1UL << (linepos - 16UL);
 745              		.loc 1 495 9 is_stmt 1 view .LVU311
 495:../../Drivers/STM32H7xx_HAL_Driver/Src/stm32h7xx_hal_exti.c ****         pcrlinepos = 1UL << (linepos - 16UL);
 746              		.loc 1 495 17 is_stmt 0 view .LVU312
 747 0110 0CF1B04C 		add	ip, ip, #1476395008
 748              	.LVL105:
 495:../../Drivers/STM32H7xx_HAL_Driver/Src/stm32h7xx_hal_exti.c ****         pcrlinepos = 1UL << (linepos - 16UL);
 749              		.loc 1 495 17 view .LVU313
 750 0114 0CF1140C 		add	ip, ip, #20
ARM GAS  /var/folders/2r/mdtt8xvd351gdc398t28_m2m0000gn/T//ccY3u57q.s 			page 25


 751              	.LVL106:
 496:../../Drivers/STM32H7xx_HAL_Driver/Src/stm32h7xx_hal_exti.c ****       }
 752              		.loc 1 496 9 is_stmt 1 view .LVU314
 496:../../Drivers/STM32H7xx_HAL_Driver/Src/stm32h7xx_hal_exti.c ****       }
 753              		.loc 1 496 38 is_stmt 0 view .LVU315
 754 0118 AEF1100E 		sub	lr, lr, #16
 755              	.LVL107:
 496:../../Drivers/STM32H7xx_HAL_Driver/Src/stm32h7xx_hal_exti.c ****       }
 756              		.loc 1 496 20 view .LVU316
 757 011c 0123     		movs	r3, #1
 758              	.LVL108:
 496:../../Drivers/STM32H7xx_HAL_Driver/Src/stm32h7xx_hal_exti.c ****       }
 759              		.loc 1 496 20 view .LVU317
 760 011e 03FA0EF3 		lsl	r3, r3, lr
 761              	.LVL109:
 496:../../Drivers/STM32H7xx_HAL_Driver/Src/stm32h7xx_hal_exti.c ****       }
 762              		.loc 1 496 20 view .LVU318
 763 0122 E8E7     		b	.L40
 764              	.LVL110:
 765              	.L41:
 766              	.LCFI3:
 767              		.cfi_def_cfa_offset 0
 768              		.cfi_restore 4
 769              		.cfi_restore 5
 770              		.cfi_restore 14
 386:../../Drivers/STM32H7xx_HAL_Driver/Src/stm32h7xx_hal_exti.c ****   }
 771              		.loc 1 386 12 view .LVU319
 772 0124 0120     		movs	r0, #1
 773              	.LVL111:
 386:../../Drivers/STM32H7xx_HAL_Driver/Src/stm32h7xx_hal_exti.c ****   }
 774              		.loc 1 386 12 view .LVU320
 775 0126 7047     		bx	lr
 776              	.LVL112:
 777              	.L42:
 386:../../Drivers/STM32H7xx_HAL_Driver/Src/stm32h7xx_hal_exti.c ****   }
 778              		.loc 1 386 12 view .LVU321
 779 0128 0120     		movs	r0, #1
 780              	.LVL113:
 781              		.loc 1 504 1 view .LVU322
 782 012a 7047     		bx	lr
 783              	.LVL114:
 784              	.L44:
 785              	.LCFI4:
 786              		.cfi_def_cfa_offset 12
 787              		.cfi_offset 4, -12
 788              		.cfi_offset 5, -8
 789              		.cfi_offset 14, -4
 503:../../Drivers/STM32H7xx_HAL_Driver/Src/stm32h7xx_hal_exti.c **** }
 790              		.loc 1 503 10 view .LVU323
 791 012c 0020     		movs	r0, #0
 792              	.LVL115:
 503:../../Drivers/STM32H7xx_HAL_Driver/Src/stm32h7xx_hal_exti.c **** }
 793              		.loc 1 503 10 view .LVU324
 794 012e C4E7     		b	.L31
 795              	.L52:
 796              		.align	2
 797              	.L51:
ARM GAS  /var/folders/2r/mdtt8xvd351gdc398t28_m2m0000gn/T//ccY3u57q.s 			page 26


 798 0130 00040058 		.word	1476396032
 799              		.cfi_endproc
 800              	.LFE133:
 802              		.section	.text.HAL_EXTI_ClearConfigLine,"ax",%progbits
 803              		.align	1
 804              		.global	HAL_EXTI_ClearConfigLine
 805              		.syntax unified
 806              		.thumb
 807              		.thumb_func
 809              	HAL_EXTI_ClearConfigLine:
 810              	.LVL116:
 811              	.LFB134:
 505:../../Drivers/STM32H7xx_HAL_Driver/Src/stm32h7xx_hal_exti.c **** 
 506:../../Drivers/STM32H7xx_HAL_Driver/Src/stm32h7xx_hal_exti.c **** 
 507:../../Drivers/STM32H7xx_HAL_Driver/Src/stm32h7xx_hal_exti.c **** /**
 508:../../Drivers/STM32H7xx_HAL_Driver/Src/stm32h7xx_hal_exti.c ****   * @brief  Clear whole configuration of a dedicated Exti line.
 509:../../Drivers/STM32H7xx_HAL_Driver/Src/stm32h7xx_hal_exti.c ****   * @param  hexti Exti handle.
 510:../../Drivers/STM32H7xx_HAL_Driver/Src/stm32h7xx_hal_exti.c ****   * @retval HAL Status.
 511:../../Drivers/STM32H7xx_HAL_Driver/Src/stm32h7xx_hal_exti.c ****   */
 512:../../Drivers/STM32H7xx_HAL_Driver/Src/stm32h7xx_hal_exti.c **** HAL_StatusTypeDef HAL_EXTI_ClearConfigLine(const EXTI_HandleTypeDef *hexti)
 513:../../Drivers/STM32H7xx_HAL_Driver/Src/stm32h7xx_hal_exti.c **** {
 812              		.loc 1 513 1 is_stmt 1 view -0
 813              		.cfi_startproc
 814              		@ args = 0, pretend = 0, frame = 0
 815              		@ frame_needed = 0, uses_anonymous_args = 0
 514:../../Drivers/STM32H7xx_HAL_Driver/Src/stm32h7xx_hal_exti.c ****   __IO uint32_t *regaddr;
 816              		.loc 1 514 3 view .LVU326
 515:../../Drivers/STM32H7xx_HAL_Driver/Src/stm32h7xx_hal_exti.c ****   uint32_t regval;
 817              		.loc 1 515 3 view .LVU327
 516:../../Drivers/STM32H7xx_HAL_Driver/Src/stm32h7xx_hal_exti.c ****   uint32_t linepos;
 818              		.loc 1 516 3 view .LVU328
 517:../../Drivers/STM32H7xx_HAL_Driver/Src/stm32h7xx_hal_exti.c ****   uint32_t maskline;
 819              		.loc 1 517 3 view .LVU329
 518:../../Drivers/STM32H7xx_HAL_Driver/Src/stm32h7xx_hal_exti.c ****   uint32_t offset;
 820              		.loc 1 518 3 view .LVU330
 519:../../Drivers/STM32H7xx_HAL_Driver/Src/stm32h7xx_hal_exti.c ****   uint32_t pcrlinepos;
 821              		.loc 1 519 3 view .LVU331
 520:../../Drivers/STM32H7xx_HAL_Driver/Src/stm32h7xx_hal_exti.c **** 
 521:../../Drivers/STM32H7xx_HAL_Driver/Src/stm32h7xx_hal_exti.c ****   /* Check null pointer */
 522:../../Drivers/STM32H7xx_HAL_Driver/Src/stm32h7xx_hal_exti.c ****   if (hexti == NULL)
 822              		.loc 1 522 3 view .LVU332
 823              		.loc 1 522 6 is_stmt 0 view .LVU333
 824 0000 0028     		cmp	r0, #0
 825 0002 73D0     		beq	.L58
 513:../../Drivers/STM32H7xx_HAL_Driver/Src/stm32h7xx_hal_exti.c ****   __IO uint32_t *regaddr;
 826              		.loc 1 513 1 view .LVU334
 827 0004 2DE9F041 		push	{r4, r5, r6, r7, r8, lr}
 828              	.LCFI5:
 829              		.cfi_def_cfa_offset 24
 830              		.cfi_offset 4, -24
 831              		.cfi_offset 5, -20
 832              		.cfi_offset 6, -16
 833              		.cfi_offset 7, -12
 834              		.cfi_offset 8, -8
 835              		.cfi_offset 14, -4
 836 0008 8446     		mov	ip, r0
 523:../../Drivers/STM32H7xx_HAL_Driver/Src/stm32h7xx_hal_exti.c ****   {
ARM GAS  /var/folders/2r/mdtt8xvd351gdc398t28_m2m0000gn/T//ccY3u57q.s 			page 27


 524:../../Drivers/STM32H7xx_HAL_Driver/Src/stm32h7xx_hal_exti.c ****     return HAL_ERROR;
 525:../../Drivers/STM32H7xx_HAL_Driver/Src/stm32h7xx_hal_exti.c ****   }
 526:../../Drivers/STM32H7xx_HAL_Driver/Src/stm32h7xx_hal_exti.c **** 
 527:../../Drivers/STM32H7xx_HAL_Driver/Src/stm32h7xx_hal_exti.c ****   /* Check the parameter */
 528:../../Drivers/STM32H7xx_HAL_Driver/Src/stm32h7xx_hal_exti.c ****   assert_param(IS_EXTI_LINE(hexti->Line));
 837              		.loc 1 528 3 is_stmt 1 view .LVU335
 529:../../Drivers/STM32H7xx_HAL_Driver/Src/stm32h7xx_hal_exti.c **** 
 530:../../Drivers/STM32H7xx_HAL_Driver/Src/stm32h7xx_hal_exti.c ****   /* compute line register offset and line mask */
 531:../../Drivers/STM32H7xx_HAL_Driver/Src/stm32h7xx_hal_exti.c ****   offset = ((hexti->Line & EXTI_REG_MASK) >> EXTI_REG_SHIFT);
 838              		.loc 1 531 3 view .LVU336
 839              		.loc 1 531 19 is_stmt 0 view .LVU337
 840 000a D0F800E0 		ldr	lr, [r0]
 841              		.loc 1 531 10 view .LVU338
 842 000e CEF30141 		ubfx	r1, lr, #16, #2
 843              	.LVL117:
 532:../../Drivers/STM32H7xx_HAL_Driver/Src/stm32h7xx_hal_exti.c ****   linepos = (hexti->Line & EXTI_PIN_MASK);
 844              		.loc 1 532 3 is_stmt 1 view .LVU339
 845              		.loc 1 532 11 is_stmt 0 view .LVU340
 846 0012 0EF01F04 		and	r4, lr, #31
 847              	.LVL118:
 533:../../Drivers/STM32H7xx_HAL_Driver/Src/stm32h7xx_hal_exti.c ****   maskline = (1UL << linepos);
 848              		.loc 1 533 3 is_stmt 1 view .LVU341
 849              		.loc 1 533 12 is_stmt 0 view .LVU342
 850 0016 0122     		movs	r2, #1
 851 0018 A240     		lsls	r2, r2, r4
 852              	.LVL119:
 534:../../Drivers/STM32H7xx_HAL_Driver/Src/stm32h7xx_hal_exti.c **** 
 535:../../Drivers/STM32H7xx_HAL_Driver/Src/stm32h7xx_hal_exti.c ****   /* 1] Clear interrupt mode */
 536:../../Drivers/STM32H7xx_HAL_Driver/Src/stm32h7xx_hal_exti.c ****   regaddr = (__IO uint32_t *)(&EXTI->IMR1 + (EXTI_MODE_OFFSET * offset));
 853              		.loc 1 536 3 is_stmt 1 view .LVU343
 854              		.loc 1 536 13 is_stmt 0 view .LVU344
 855 001a 0B01     		lsls	r3, r1, #4
 856              		.loc 1 536 11 view .LVU345
 857 001c 03F1B043 		add	r3, r3, #1476395008
 858              	.LVL120:
 537:../../Drivers/STM32H7xx_HAL_Driver/Src/stm32h7xx_hal_exti.c ****   regval = (*regaddr & ~maskline);
 859              		.loc 1 537 3 is_stmt 1 view .LVU346
 860              		.loc 1 537 13 is_stmt 0 view .LVU347
 861 0020 D3F88000 		ldr	r0, [r3, #128]
 862              	.LVL121:
 863              		.loc 1 537 24 view .LVU348
 864 0024 D543     		mvns	r5, r2
 865              		.loc 1 537 10 view .LVU349
 866 0026 20EA0200 		bic	r0, r0, r2
 867              	.LVL122:
 538:../../Drivers/STM32H7xx_HAL_Driver/Src/stm32h7xx_hal_exti.c ****   *regaddr = regval;
 868              		.loc 1 538 3 is_stmt 1 view .LVU350
 869              		.loc 1 538 12 is_stmt 0 view .LVU351
 870 002a C3F88000 		str	r0, [r3, #128]
 539:../../Drivers/STM32H7xx_HAL_Driver/Src/stm32h7xx_hal_exti.c **** 
 540:../../Drivers/STM32H7xx_HAL_Driver/Src/stm32h7xx_hal_exti.c ****   /* 2] Clear event mode */
 541:../../Drivers/STM32H7xx_HAL_Driver/Src/stm32h7xx_hal_exti.c ****   regaddr = (__IO uint32_t *)(&EXTI->EMR1 + (EXTI_MODE_OFFSET * offset));
 871              		.loc 1 541 3 is_stmt 1 view .LVU352
 872              	.LVL123:
 542:../../Drivers/STM32H7xx_HAL_Driver/Src/stm32h7xx_hal_exti.c ****   regval = (*regaddr & ~maskline);
 873              		.loc 1 542 3 view .LVU353
 874              		.loc 1 542 13 is_stmt 0 view .LVU354
ARM GAS  /var/folders/2r/mdtt8xvd351gdc398t28_m2m0000gn/T//ccY3u57q.s 			page 28


 875 002e D3F88400 		ldr	r0, [r3, #132]
 876              	.LVL124:
 877              		.loc 1 542 10 view .LVU355
 878 0032 20EA0200 		bic	r0, r0, r2
 879              	.LVL125:
 543:../../Drivers/STM32H7xx_HAL_Driver/Src/stm32h7xx_hal_exti.c ****   *regaddr = regval;
 880              		.loc 1 543 3 is_stmt 1 view .LVU356
 881              		.loc 1 543 12 is_stmt 0 view .LVU357
 882 0036 C3F88400 		str	r0, [r3, #132]
 544:../../Drivers/STM32H7xx_HAL_Driver/Src/stm32h7xx_hal_exti.c **** 
 545:../../Drivers/STM32H7xx_HAL_Driver/Src/stm32h7xx_hal_exti.c **** #if defined (DUAL_CORE)
 546:../../Drivers/STM32H7xx_HAL_Driver/Src/stm32h7xx_hal_exti.c ****     /* 1] Clear CM4 interrupt mode */
 547:../../Drivers/STM32H7xx_HAL_Driver/Src/stm32h7xx_hal_exti.c ****   regaddr = (__IO uint32_t *)(&EXTI->C2IMR1 + (EXTI_MODE_OFFSET * offset));
 883              		.loc 1 547 3 is_stmt 1 view .LVU358
 884              	.LVL126:
 548:../../Drivers/STM32H7xx_HAL_Driver/Src/stm32h7xx_hal_exti.c ****   regval = (*regaddr & ~maskline);
 885              		.loc 1 548 3 view .LVU359
 886              		.loc 1 548 13 is_stmt 0 view .LVU360
 887 003a D3F8C000 		ldr	r0, [r3, #192]
 888              	.LVL127:
 889              		.loc 1 548 10 view .LVU361
 890 003e 20EA0200 		bic	r0, r0, r2
 891              	.LVL128:
 549:../../Drivers/STM32H7xx_HAL_Driver/Src/stm32h7xx_hal_exti.c ****   *regaddr = regval;
 892              		.loc 1 549 3 is_stmt 1 view .LVU362
 893              		.loc 1 549 12 is_stmt 0 view .LVU363
 894 0042 C3F8C000 		str	r0, [r3, #192]
 550:../../Drivers/STM32H7xx_HAL_Driver/Src/stm32h7xx_hal_exti.c **** 
 551:../../Drivers/STM32H7xx_HAL_Driver/Src/stm32h7xx_hal_exti.c ****   /* 2] Clear CM4 event mode */
 552:../../Drivers/STM32H7xx_HAL_Driver/Src/stm32h7xx_hal_exti.c ****   regaddr = (__IO uint32_t *)(&EXTI->C2EMR1 + (EXTI_MODE_OFFSET * offset));
 895              		.loc 1 552 3 is_stmt 1 view .LVU364
 896              	.LVL129:
 553:../../Drivers/STM32H7xx_HAL_Driver/Src/stm32h7xx_hal_exti.c ****   regval = (*regaddr & ~maskline);
 897              		.loc 1 553 3 view .LVU365
 898              		.loc 1 553 13 is_stmt 0 view .LVU366
 899 0046 D3F8C400 		ldr	r0, [r3, #196]
 900              	.LVL130:
 901              		.loc 1 553 10 view .LVU367
 902 004a 20EA0200 		bic	r0, r0, r2
 903              	.LVL131:
 554:../../Drivers/STM32H7xx_HAL_Driver/Src/stm32h7xx_hal_exti.c ****   *regaddr = regval;
 904              		.loc 1 554 3 is_stmt 1 view .LVU368
 905              		.loc 1 554 12 is_stmt 0 view .LVU369
 906 004e C3F8C400 		str	r0, [r3, #196]
 555:../../Drivers/STM32H7xx_HAL_Driver/Src/stm32h7xx_hal_exti.c **** #endif /* DUAL_CORE */
 556:../../Drivers/STM32H7xx_HAL_Driver/Src/stm32h7xx_hal_exti.c **** 
 557:../../Drivers/STM32H7xx_HAL_Driver/Src/stm32h7xx_hal_exti.c ****   /* 3] Clear triggers in case of configurable lines */
 558:../../Drivers/STM32H7xx_HAL_Driver/Src/stm32h7xx_hal_exti.c ****   if ((hexti->Line & EXTI_CONFIG) != 0x00U)
 907              		.loc 1 558 3 is_stmt 1 view .LVU370
 908              		.loc 1 558 13 is_stmt 0 view .LVU371
 909 0052 DCF80030 		ldr	r3, [ip]
 910              	.LVL132:
 911              		.loc 1 558 6 view .LVU372
 912 0056 13F0007F 		tst	r3, #33554432
 913 005a 0FD0     		beq	.L55
 559:../../Drivers/STM32H7xx_HAL_Driver/Src/stm32h7xx_hal_exti.c ****   {
 560:../../Drivers/STM32H7xx_HAL_Driver/Src/stm32h7xx_hal_exti.c ****     regaddr = (__IO uint32_t *)(&EXTI->RTSR1 + (EXTI_CONFIG_OFFSET * offset));
ARM GAS  /var/folders/2r/mdtt8xvd351gdc398t28_m2m0000gn/T//ccY3u57q.s 			page 29


 914              		.loc 1 560 5 is_stmt 1 view .LVU373
 915              		.loc 1 560 15 is_stmt 0 view .LVU374
 916 005c 4B01     		lsls	r3, r1, #5
 917              		.loc 1 560 13 view .LVU375
 918 005e 03F1B043 		add	r3, r3, #1476395008
 919              	.LVL133:
 561:../../Drivers/STM32H7xx_HAL_Driver/Src/stm32h7xx_hal_exti.c ****     regval = (*regaddr & ~maskline);
 920              		.loc 1 561 5 is_stmt 1 view .LVU376
 921              		.loc 1 561 15 is_stmt 0 view .LVU377
 922 0062 1868     		ldr	r0, [r3]
 923              	.LVL134:
 924              		.loc 1 561 12 view .LVU378
 925 0064 2840     		ands	r0, r0, r5
 926              	.LVL135:
 562:../../Drivers/STM32H7xx_HAL_Driver/Src/stm32h7xx_hal_exti.c ****     *regaddr = regval;
 927              		.loc 1 562 5 is_stmt 1 view .LVU379
 928              		.loc 1 562 14 is_stmt 0 view .LVU380
 929 0066 1860     		str	r0, [r3]
 563:../../Drivers/STM32H7xx_HAL_Driver/Src/stm32h7xx_hal_exti.c **** 
 564:../../Drivers/STM32H7xx_HAL_Driver/Src/stm32h7xx_hal_exti.c ****     regaddr = (__IO uint32_t *)(&EXTI->FTSR1 + (EXTI_CONFIG_OFFSET * offset));
 930              		.loc 1 564 5 is_stmt 1 view .LVU381
 931              	.LVL136:
 565:../../Drivers/STM32H7xx_HAL_Driver/Src/stm32h7xx_hal_exti.c ****     regval = (*regaddr & ~maskline);
 932              		.loc 1 565 5 view .LVU382
 933              		.loc 1 565 15 is_stmt 0 view .LVU383
 934 0068 5868     		ldr	r0, [r3, #4]
 935              	.LVL137:
 936              		.loc 1 565 12 view .LVU384
 937 006a 2840     		ands	r0, r0, r5
 938              	.LVL138:
 566:../../Drivers/STM32H7xx_HAL_Driver/Src/stm32h7xx_hal_exti.c ****     *regaddr = regval;
 939              		.loc 1 566 5 is_stmt 1 view .LVU385
 940              		.loc 1 566 14 is_stmt 0 view .LVU386
 941 006c 5860     		str	r0, [r3, #4]
 567:../../Drivers/STM32H7xx_HAL_Driver/Src/stm32h7xx_hal_exti.c **** 
 568:../../Drivers/STM32H7xx_HAL_Driver/Src/stm32h7xx_hal_exti.c ****     /* Get Gpio port selection for gpio lines */
 569:../../Drivers/STM32H7xx_HAL_Driver/Src/stm32h7xx_hal_exti.c ****     if ((hexti->Line & EXTI_GPIO) == EXTI_GPIO)
 942              		.loc 1 569 5 is_stmt 1 view .LVU387
 943              		.loc 1 569 15 is_stmt 0 view .LVU388
 944 006e DCF80030 		ldr	r3, [ip]
 945              	.LVL139:
 946              		.loc 1 569 22 view .LVU389
 947 0072 03F0C063 		and	r3, r3, #100663296
 948              		.loc 1 569 8 view .LVU390
 949 0076 B3F1C06F 		cmp	r3, #100663296
 950 007a 09D0     		beq	.L64
 951              	.LVL140:
 952              	.L55:
 570:../../Drivers/STM32H7xx_HAL_Driver/Src/stm32h7xx_hal_exti.c ****     {
 571:../../Drivers/STM32H7xx_HAL_Driver/Src/stm32h7xx_hal_exti.c ****       assert_param(IS_EXTI_GPIO_PIN(linepos));
 572:../../Drivers/STM32H7xx_HAL_Driver/Src/stm32h7xx_hal_exti.c **** 
 573:../../Drivers/STM32H7xx_HAL_Driver/Src/stm32h7xx_hal_exti.c ****       regval = SYSCFG->EXTICR[(linepos >> 2U) & 0x03UL];
 574:../../Drivers/STM32H7xx_HAL_Driver/Src/stm32h7xx_hal_exti.c ****       regval &= ~(SYSCFG_EXTICR1_EXTI0 << (SYSCFG_EXTICR1_EXTI1_Pos * (linepos & 0x03UL)));
 575:../../Drivers/STM32H7xx_HAL_Driver/Src/stm32h7xx_hal_exti.c ****       SYSCFG->EXTICR[(linepos >> 2U) & 0x03UL] = regval;
 576:../../Drivers/STM32H7xx_HAL_Driver/Src/stm32h7xx_hal_exti.c ****     }
 577:../../Drivers/STM32H7xx_HAL_Driver/Src/stm32h7xx_hal_exti.c ****   }
 578:../../Drivers/STM32H7xx_HAL_Driver/Src/stm32h7xx_hal_exti.c **** 
ARM GAS  /var/folders/2r/mdtt8xvd351gdc398t28_m2m0000gn/T//ccY3u57q.s 			page 30


 579:../../Drivers/STM32H7xx_HAL_Driver/Src/stm32h7xx_hal_exti.c ****   /* 4] Clear D3 Config lines */
 580:../../Drivers/STM32H7xx_HAL_Driver/Src/stm32h7xx_hal_exti.c ****   if ((hexti->Line & EXTI_TARGET_MASK) == EXTI_TARGET_MSK_ALL)
 953              		.loc 1 580 3 is_stmt 1 view .LVU391
 954              		.loc 1 580 13 is_stmt 0 view .LVU392
 955 007c DCF80030 		ldr	r3, [ip]
 956              		.loc 1 580 20 view .LVU393
 957 0080 03F4E003 		and	r3, r3, #7340032
 958              		.loc 1 580 6 view .LVU394
 959 0084 B3F5E00F 		cmp	r3, #7340032
 960 0088 14D0     		beq	.L65
 581:../../Drivers/STM32H7xx_HAL_Driver/Src/stm32h7xx_hal_exti.c ****   {
 582:../../Drivers/STM32H7xx_HAL_Driver/Src/stm32h7xx_hal_exti.c ****     regaddr = (__IO uint32_t *)(&EXTI->D3PMR1 + (EXTI_CONFIG_OFFSET * offset));
 583:../../Drivers/STM32H7xx_HAL_Driver/Src/stm32h7xx_hal_exti.c ****     *regaddr = (*regaddr & ~maskline);
 584:../../Drivers/STM32H7xx_HAL_Driver/Src/stm32h7xx_hal_exti.c **** 
 585:../../Drivers/STM32H7xx_HAL_Driver/Src/stm32h7xx_hal_exti.c ****     if(linepos < 16UL)
 586:../../Drivers/STM32H7xx_HAL_Driver/Src/stm32h7xx_hal_exti.c ****     {
 587:../../Drivers/STM32H7xx_HAL_Driver/Src/stm32h7xx_hal_exti.c ****       regaddr = (__IO uint32_t *)(&EXTI->D3PCR1L + (EXTI_CONFIG_OFFSET * offset));
 588:../../Drivers/STM32H7xx_HAL_Driver/Src/stm32h7xx_hal_exti.c ****       pcrlinepos = 1UL << linepos;
 589:../../Drivers/STM32H7xx_HAL_Driver/Src/stm32h7xx_hal_exti.c ****     }
 590:../../Drivers/STM32H7xx_HAL_Driver/Src/stm32h7xx_hal_exti.c ****     else
 591:../../Drivers/STM32H7xx_HAL_Driver/Src/stm32h7xx_hal_exti.c ****     {
 592:../../Drivers/STM32H7xx_HAL_Driver/Src/stm32h7xx_hal_exti.c ****       regaddr = (__IO uint32_t *)(&EXTI->D3PCR1H + (EXTI_CONFIG_OFFSET * offset));
 593:../../Drivers/STM32H7xx_HAL_Driver/Src/stm32h7xx_hal_exti.c ****       pcrlinepos = 1UL << (linepos - 16UL);
 594:../../Drivers/STM32H7xx_HAL_Driver/Src/stm32h7xx_hal_exti.c ****     }
 595:../../Drivers/STM32H7xx_HAL_Driver/Src/stm32h7xx_hal_exti.c **** 
 596:../../Drivers/STM32H7xx_HAL_Driver/Src/stm32h7xx_hal_exti.c ****     /*Clear D3 PendClear source */
 597:../../Drivers/STM32H7xx_HAL_Driver/Src/stm32h7xx_hal_exti.c ****     *regaddr &= (~(pcrlinepos * pcrlinepos * 3UL));
 598:../../Drivers/STM32H7xx_HAL_Driver/Src/stm32h7xx_hal_exti.c ****   }
 599:../../Drivers/STM32H7xx_HAL_Driver/Src/stm32h7xx_hal_exti.c **** 
 600:../../Drivers/STM32H7xx_HAL_Driver/Src/stm32h7xx_hal_exti.c ****   return HAL_OK;
 961              		.loc 1 600 10 view .LVU395
 962 008a 0020     		movs	r0, #0
 963              	.LVL141:
 964              	.L54:
 601:../../Drivers/STM32H7xx_HAL_Driver/Src/stm32h7xx_hal_exti.c **** }
 965              		.loc 1 601 1 view .LVU396
 966 008c BDE8F081 		pop	{r4, r5, r6, r7, r8, pc}
 967              	.LVL142:
 968              	.L64:
 571:../../Drivers/STM32H7xx_HAL_Driver/Src/stm32h7xx_hal_exti.c **** 
 969              		.loc 1 571 7 is_stmt 1 view .LVU397
 573:../../Drivers/STM32H7xx_HAL_Driver/Src/stm32h7xx_hal_exti.c ****       regval &= ~(SYSCFG_EXTICR1_EXTI0 << (SYSCFG_EXTICR1_EXTI1_Pos * (linepos & 0x03UL)));
 970              		.loc 1 573 7 view .LVU398
 573:../../Drivers/STM32H7xx_HAL_Driver/Src/stm32h7xx_hal_exti.c ****       regval &= ~(SYSCFG_EXTICR1_EXTI0 << (SYSCFG_EXTICR1_EXTI1_Pos * (linepos & 0x03UL)));
 971              		.loc 1 573 47 is_stmt 0 view .LVU399
 972 0090 C4F38103 		ubfx	r3, r4, #2, #2
 573:../../Drivers/STM32H7xx_HAL_Driver/Src/stm32h7xx_hal_exti.c ****       regval &= ~(SYSCFG_EXTICR1_EXTI0 << (SYSCFG_EXTICR1_EXTI1_Pos * (linepos & 0x03UL)));
 973              		.loc 1 573 14 view .LVU400
 974 0094 0233     		adds	r3, r3, #2
 975 0096 164F     		ldr	r7, .L66
 976 0098 57F82300 		ldr	r0, [r7, r3, lsl #2]
 977              	.LVL143:
 574:../../Drivers/STM32H7xx_HAL_Driver/Src/stm32h7xx_hal_exti.c ****       SYSCFG->EXTICR[(linepos >> 2U) & 0x03UL] = regval;
 978              		.loc 1 574 7 is_stmt 1 view .LVU401
 574:../../Drivers/STM32H7xx_HAL_Driver/Src/stm32h7xx_hal_exti.c ****       SYSCFG->EXTICR[(linepos >> 2U) & 0x03UL] = regval;
 979              		.loc 1 574 80 is_stmt 0 view .LVU402
 980 009c 0EF00306 		and	r6, lr, #3
ARM GAS  /var/folders/2r/mdtt8xvd351gdc398t28_m2m0000gn/T//ccY3u57q.s 			page 31


 574:../../Drivers/STM32H7xx_HAL_Driver/Src/stm32h7xx_hal_exti.c ****       SYSCFG->EXTICR[(linepos >> 2U) & 0x03UL] = regval;
 981              		.loc 1 574 69 view .LVU403
 982 00a0 B600     		lsls	r6, r6, #2
 574:../../Drivers/STM32H7xx_HAL_Driver/Src/stm32h7xx_hal_exti.c ****       SYSCFG->EXTICR[(linepos >> 2U) & 0x03UL] = regval;
 983              		.loc 1 574 40 view .LVU404
 984 00a2 4FF00F08 		mov	r8, #15
 985 00a6 08FA06F6 		lsl	r6, r8, r6
 574:../../Drivers/STM32H7xx_HAL_Driver/Src/stm32h7xx_hal_exti.c ****       SYSCFG->EXTICR[(linepos >> 2U) & 0x03UL] = regval;
 986              		.loc 1 574 14 view .LVU405
 987 00aa 20EA0600 		bic	r0, r0, r6
 988              	.LVL144:
 575:../../Drivers/STM32H7xx_HAL_Driver/Src/stm32h7xx_hal_exti.c ****     }
 989              		.loc 1 575 7 is_stmt 1 view .LVU406
 575:../../Drivers/STM32H7xx_HAL_Driver/Src/stm32h7xx_hal_exti.c ****     }
 990              		.loc 1 575 48 is_stmt 0 view .LVU407
 991 00ae 47F82300 		str	r0, [r7, r3, lsl #2]
 992 00b2 E3E7     		b	.L55
 993              	.LVL145:
 994              	.L65:
 582:../../Drivers/STM32H7xx_HAL_Driver/Src/stm32h7xx_hal_exti.c ****     *regaddr = (*regaddr & ~maskline);
 995              		.loc 1 582 5 is_stmt 1 view .LVU408
 582:../../Drivers/STM32H7xx_HAL_Driver/Src/stm32h7xx_hal_exti.c ****     *regaddr = (*regaddr & ~maskline);
 996              		.loc 1 582 15 is_stmt 0 view .LVU409
 997 00b4 4901     		lsls	r1, r1, #5
 998              	.LVL146:
 582:../../Drivers/STM32H7xx_HAL_Driver/Src/stm32h7xx_hal_exti.c ****     *regaddr = (*regaddr & ~maskline);
 999              		.loc 1 582 13 view .LVU410
 1000 00b6 01F1B043 		add	r3, r1, #1476395008
 1001              	.LVL147:
 583:../../Drivers/STM32H7xx_HAL_Driver/Src/stm32h7xx_hal_exti.c **** 
 1002              		.loc 1 583 5 is_stmt 1 view .LVU411
 583:../../Drivers/STM32H7xx_HAL_Driver/Src/stm32h7xx_hal_exti.c **** 
 1003              		.loc 1 583 17 is_stmt 0 view .LVU412
 1004 00ba D868     		ldr	r0, [r3, #12]
 1005              	.LVL148:
 583:../../Drivers/STM32H7xx_HAL_Driver/Src/stm32h7xx_hal_exti.c **** 
 1006              		.loc 1 583 26 view .LVU413
 1007 00bc 0540     		ands	r5, r5, r0
 583:../../Drivers/STM32H7xx_HAL_Driver/Src/stm32h7xx_hal_exti.c **** 
 1008              		.loc 1 583 14 view .LVU414
 1009 00be DD60     		str	r5, [r3, #12]
 585:../../Drivers/STM32H7xx_HAL_Driver/Src/stm32h7xx_hal_exti.c ****     {
 1010              		.loc 1 585 5 is_stmt 1 view .LVU415
 585:../../Drivers/STM32H7xx_HAL_Driver/Src/stm32h7xx_hal_exti.c ****     {
 1011              		.loc 1 585 7 is_stmt 0 view .LVU416
 1012 00c0 1EF0100F 		tst	lr, #16
 1013 00c4 0BD1     		bne	.L56
 587:../../Drivers/STM32H7xx_HAL_Driver/Src/stm32h7xx_hal_exti.c ****       pcrlinepos = 1UL << linepos;
 1014              		.loc 1 587 7 is_stmt 1 view .LVU417
 587:../../Drivers/STM32H7xx_HAL_Driver/Src/stm32h7xx_hal_exti.c ****       pcrlinepos = 1UL << linepos;
 1015              		.loc 1 587 15 is_stmt 0 view .LVU418
 1016 00c6 1946     		mov	r1, r3
 1017 00c8 1031     		adds	r1, r1, #16
 1018              	.LVL149:
 588:../../Drivers/STM32H7xx_HAL_Driver/Src/stm32h7xx_hal_exti.c ****     }
 1019              		.loc 1 588 7 is_stmt 1 view .LVU419
 1020              	.L57:
ARM GAS  /var/folders/2r/mdtt8xvd351gdc398t28_m2m0000gn/T//ccY3u57q.s 			page 32


 597:../../Drivers/STM32H7xx_HAL_Driver/Src/stm32h7xx_hal_exti.c ****   }
 1021              		.loc 1 597 5 view .LVU420
 1022 00ca 0B68     		ldr	r3, [r1]
 597:../../Drivers/STM32H7xx_HAL_Driver/Src/stm32h7xx_hal_exti.c ****   }
 1023              		.loc 1 597 31 is_stmt 0 view .LVU421
 1024 00cc 02FB02F2 		mul	r2, r2, r2
 1025              	.LVL150:
 597:../../Drivers/STM32H7xx_HAL_Driver/Src/stm32h7xx_hal_exti.c ****   }
 1026              		.loc 1 597 44 view .LVU422
 1027 00d0 02EB4202 		add	r2, r2, r2, lsl #1
 597:../../Drivers/STM32H7xx_HAL_Driver/Src/stm32h7xx_hal_exti.c ****   }
 1028              		.loc 1 597 14 view .LVU423
 1029 00d4 23EA0203 		bic	r3, r3, r2
 1030 00d8 0B60     		str	r3, [r1]
 600:../../Drivers/STM32H7xx_HAL_Driver/Src/stm32h7xx_hal_exti.c **** }
 1031              		.loc 1 600 10 view .LVU424
 1032 00da 0020     		movs	r0, #0
 1033 00dc D6E7     		b	.L54
 1034              	.LVL151:
 1035              	.L56:
 592:../../Drivers/STM32H7xx_HAL_Driver/Src/stm32h7xx_hal_exti.c ****       pcrlinepos = 1UL << (linepos - 16UL);
 1036              		.loc 1 592 7 is_stmt 1 view .LVU425
 592:../../Drivers/STM32H7xx_HAL_Driver/Src/stm32h7xx_hal_exti.c ****       pcrlinepos = 1UL << (linepos - 16UL);
 1037              		.loc 1 592 15 is_stmt 0 view .LVU426
 1038 00de 01F1B041 		add	r1, r1, #1476395008
 1039 00e2 1431     		adds	r1, r1, #20
 1040              	.LVL152:
 593:../../Drivers/STM32H7xx_HAL_Driver/Src/stm32h7xx_hal_exti.c ****     }
 1041              		.loc 1 593 7 is_stmt 1 view .LVU427
 593:../../Drivers/STM32H7xx_HAL_Driver/Src/stm32h7xx_hal_exti.c ****     }
 1042              		.loc 1 593 36 is_stmt 0 view .LVU428
 1043 00e4 103C     		subs	r4, r4, #16
 1044              	.LVL153:
 593:../../Drivers/STM32H7xx_HAL_Driver/Src/stm32h7xx_hal_exti.c ****     }
 1045              		.loc 1 593 18 view .LVU429
 1046 00e6 0122     		movs	r2, #1
 1047              	.LVL154:
 593:../../Drivers/STM32H7xx_HAL_Driver/Src/stm32h7xx_hal_exti.c ****     }
 1048              		.loc 1 593 18 view .LVU430
 1049 00e8 A240     		lsls	r2, r2, r4
 1050              	.LVL155:
 593:../../Drivers/STM32H7xx_HAL_Driver/Src/stm32h7xx_hal_exti.c ****     }
 1051              		.loc 1 593 18 view .LVU431
 1052 00ea EEE7     		b	.L57
 1053              	.LVL156:
 1054              	.L58:
 1055              	.LCFI6:
 1056              		.cfi_def_cfa_offset 0
 1057              		.cfi_restore 4
 1058              		.cfi_restore 5
 1059              		.cfi_restore 6
 1060              		.cfi_restore 7
 1061              		.cfi_restore 8
 1062              		.cfi_restore 14
 524:../../Drivers/STM32H7xx_HAL_Driver/Src/stm32h7xx_hal_exti.c ****   }
 1063              		.loc 1 524 12 view .LVU432
 1064 00ec 0120     		movs	r0, #1
ARM GAS  /var/folders/2r/mdtt8xvd351gdc398t28_m2m0000gn/T//ccY3u57q.s 			page 33


 1065              	.LVL157:
 1066              		.loc 1 601 1 view .LVU433
 1067 00ee 7047     		bx	lr
 1068              	.L67:
 1069              		.align	2
 1070              	.L66:
 1071 00f0 00040058 		.word	1476396032
 1072              		.cfi_endproc
 1073              	.LFE134:
 1075              		.section	.text.HAL_EXTI_RegisterCallback,"ax",%progbits
 1076              		.align	1
 1077              		.global	HAL_EXTI_RegisterCallback
 1078              		.syntax unified
 1079              		.thumb
 1080              		.thumb_func
 1082              	HAL_EXTI_RegisterCallback:
 1083              	.LVL158:
 1084              	.LFB135:
 602:../../Drivers/STM32H7xx_HAL_Driver/Src/stm32h7xx_hal_exti.c **** 
 603:../../Drivers/STM32H7xx_HAL_Driver/Src/stm32h7xx_hal_exti.c **** 
 604:../../Drivers/STM32H7xx_HAL_Driver/Src/stm32h7xx_hal_exti.c **** /**
 605:../../Drivers/STM32H7xx_HAL_Driver/Src/stm32h7xx_hal_exti.c ****   * @brief  Register callback for a dedicated Exti line.
 606:../../Drivers/STM32H7xx_HAL_Driver/Src/stm32h7xx_hal_exti.c ****   * @param  hexti Exti handle.
 607:../../Drivers/STM32H7xx_HAL_Driver/Src/stm32h7xx_hal_exti.c ****   * @param  CallbackID User callback identifier.
 608:../../Drivers/STM32H7xx_HAL_Driver/Src/stm32h7xx_hal_exti.c ****   *         This parameter can be one of @arg @ref EXTI_CallbackIDTypeDef values.
 609:../../Drivers/STM32H7xx_HAL_Driver/Src/stm32h7xx_hal_exti.c ****   * @param  pPendingCbfn function pointer to be stored as callback.
 610:../../Drivers/STM32H7xx_HAL_Driver/Src/stm32h7xx_hal_exti.c ****   * @retval HAL Status.
 611:../../Drivers/STM32H7xx_HAL_Driver/Src/stm32h7xx_hal_exti.c ****   */
 612:../../Drivers/STM32H7xx_HAL_Driver/Src/stm32h7xx_hal_exti.c **** HAL_StatusTypeDef HAL_EXTI_RegisterCallback(EXTI_HandleTypeDef *hexti, EXTI_CallbackIDTypeDef Callb
 613:../../Drivers/STM32H7xx_HAL_Driver/Src/stm32h7xx_hal_exti.c **** {
 1085              		.loc 1 613 1 is_stmt 1 view -0
 1086              		.cfi_startproc
 1087              		@ args = 0, pretend = 0, frame = 0
 1088              		@ frame_needed = 0, uses_anonymous_args = 0
 1089              		@ link register save eliminated.
 614:../../Drivers/STM32H7xx_HAL_Driver/Src/stm32h7xx_hal_exti.c ****   HAL_StatusTypeDef status = HAL_OK;
 1090              		.loc 1 614 3 view .LVU435
 615:../../Drivers/STM32H7xx_HAL_Driver/Src/stm32h7xx_hal_exti.c **** 
 616:../../Drivers/STM32H7xx_HAL_Driver/Src/stm32h7xx_hal_exti.c ****   /* Check null pointer */
 617:../../Drivers/STM32H7xx_HAL_Driver/Src/stm32h7xx_hal_exti.c ****   if (hexti == NULL)
 1091              		.loc 1 617 3 view .LVU436
 1092              		.loc 1 617 6 is_stmt 0 view .LVU437
 1093 0000 18B1     		cbz	r0, .L70
 618:../../Drivers/STM32H7xx_HAL_Driver/Src/stm32h7xx_hal_exti.c ****   {
 619:../../Drivers/STM32H7xx_HAL_Driver/Src/stm32h7xx_hal_exti.c ****     return HAL_ERROR;
 620:../../Drivers/STM32H7xx_HAL_Driver/Src/stm32h7xx_hal_exti.c ****   }
 621:../../Drivers/STM32H7xx_HAL_Driver/Src/stm32h7xx_hal_exti.c **** 
 622:../../Drivers/STM32H7xx_HAL_Driver/Src/stm32h7xx_hal_exti.c ****   switch (CallbackID)
 1094              		.loc 1 622 3 is_stmt 1 view .LVU438
 1095 0002 21B9     		cbnz	r1, .L71
 623:../../Drivers/STM32H7xx_HAL_Driver/Src/stm32h7xx_hal_exti.c ****   {
 624:../../Drivers/STM32H7xx_HAL_Driver/Src/stm32h7xx_hal_exti.c ****     case  HAL_EXTI_COMMON_CB_ID:
 625:../../Drivers/STM32H7xx_HAL_Driver/Src/stm32h7xx_hal_exti.c ****       hexti->PendingCallback = pPendingCbfn;
 1096              		.loc 1 625 7 view .LVU439
 1097              		.loc 1 625 30 is_stmt 0 view .LVU440
 1098 0004 4260     		str	r2, [r0, #4]
 626:../../Drivers/STM32H7xx_HAL_Driver/Src/stm32h7xx_hal_exti.c ****       break;
ARM GAS  /var/folders/2r/mdtt8xvd351gdc398t28_m2m0000gn/T//ccY3u57q.s 			page 34


 1099              		.loc 1 626 7 is_stmt 1 view .LVU441
 614:../../Drivers/STM32H7xx_HAL_Driver/Src/stm32h7xx_hal_exti.c **** 
 1100              		.loc 1 614 21 is_stmt 0 view .LVU442
 1101 0006 0846     		mov	r0, r1
 1102              	.LVL159:
 1103              		.loc 1 626 7 view .LVU443
 1104 0008 7047     		bx	lr
 1105              	.LVL160:
 1106              	.L70:
 619:../../Drivers/STM32H7xx_HAL_Driver/Src/stm32h7xx_hal_exti.c ****   }
 1107              		.loc 1 619 12 view .LVU444
 1108 000a 0120     		movs	r0, #1
 1109              	.LVL161:
 619:../../Drivers/STM32H7xx_HAL_Driver/Src/stm32h7xx_hal_exti.c ****   }
 1110              		.loc 1 619 12 view .LVU445
 1111 000c 7047     		bx	lr
 1112              	.LVL162:
 1113              	.L71:
 627:../../Drivers/STM32H7xx_HAL_Driver/Src/stm32h7xx_hal_exti.c **** 
 628:../../Drivers/STM32H7xx_HAL_Driver/Src/stm32h7xx_hal_exti.c ****     default:
 629:../../Drivers/STM32H7xx_HAL_Driver/Src/stm32h7xx_hal_exti.c ****       status = HAL_ERROR;
 1114              		.loc 1 629 14 view .LVU446
 1115 000e 0120     		movs	r0, #1
 1116              	.LVL163:
 630:../../Drivers/STM32H7xx_HAL_Driver/Src/stm32h7xx_hal_exti.c ****       break;
 631:../../Drivers/STM32H7xx_HAL_Driver/Src/stm32h7xx_hal_exti.c ****   }
 632:../../Drivers/STM32H7xx_HAL_Driver/Src/stm32h7xx_hal_exti.c **** 
 633:../../Drivers/STM32H7xx_HAL_Driver/Src/stm32h7xx_hal_exti.c ****   return status;
 634:../../Drivers/STM32H7xx_HAL_Driver/Src/stm32h7xx_hal_exti.c **** }
 1117              		.loc 1 634 1 view .LVU447
 1118 0010 7047     		bx	lr
 1119              		.cfi_endproc
 1120              	.LFE135:
 1122              		.section	.text.HAL_EXTI_GetHandle,"ax",%progbits
 1123              		.align	1
 1124              		.global	HAL_EXTI_GetHandle
 1125              		.syntax unified
 1126              		.thumb
 1127              		.thumb_func
 1129              	HAL_EXTI_GetHandle:
 1130              	.LVL164:
 1131              	.LFB136:
 635:../../Drivers/STM32H7xx_HAL_Driver/Src/stm32h7xx_hal_exti.c **** 
 636:../../Drivers/STM32H7xx_HAL_Driver/Src/stm32h7xx_hal_exti.c **** 
 637:../../Drivers/STM32H7xx_HAL_Driver/Src/stm32h7xx_hal_exti.c **** /**
 638:../../Drivers/STM32H7xx_HAL_Driver/Src/stm32h7xx_hal_exti.c ****   * @brief  Store line number as handle private field.
 639:../../Drivers/STM32H7xx_HAL_Driver/Src/stm32h7xx_hal_exti.c ****   * @param  hexti Exti handle.
 640:../../Drivers/STM32H7xx_HAL_Driver/Src/stm32h7xx_hal_exti.c ****   * @param  ExtiLine Exti line number.
 641:../../Drivers/STM32H7xx_HAL_Driver/Src/stm32h7xx_hal_exti.c ****   *         This parameter can be from 0 to @ref EXTI_LINE_NB.
 642:../../Drivers/STM32H7xx_HAL_Driver/Src/stm32h7xx_hal_exti.c ****   * @retval HAL Status.
 643:../../Drivers/STM32H7xx_HAL_Driver/Src/stm32h7xx_hal_exti.c ****   */
 644:../../Drivers/STM32H7xx_HAL_Driver/Src/stm32h7xx_hal_exti.c **** HAL_StatusTypeDef HAL_EXTI_GetHandle(EXTI_HandleTypeDef *hexti, uint32_t ExtiLine)
 645:../../Drivers/STM32H7xx_HAL_Driver/Src/stm32h7xx_hal_exti.c **** {
 1132              		.loc 1 645 1 is_stmt 1 view -0
 1133              		.cfi_startproc
 1134              		@ args = 0, pretend = 0, frame = 0
 1135              		@ frame_needed = 0, uses_anonymous_args = 0
ARM GAS  /var/folders/2r/mdtt8xvd351gdc398t28_m2m0000gn/T//ccY3u57q.s 			page 35


 1136              		@ link register save eliminated.
 646:../../Drivers/STM32H7xx_HAL_Driver/Src/stm32h7xx_hal_exti.c ****   /* Check the parameters */
 647:../../Drivers/STM32H7xx_HAL_Driver/Src/stm32h7xx_hal_exti.c ****   assert_param(IS_EXTI_LINE(ExtiLine));
 1137              		.loc 1 647 3 view .LVU449
 648:../../Drivers/STM32H7xx_HAL_Driver/Src/stm32h7xx_hal_exti.c **** 
 649:../../Drivers/STM32H7xx_HAL_Driver/Src/stm32h7xx_hal_exti.c ****   /* Check null pointer */
 650:../../Drivers/STM32H7xx_HAL_Driver/Src/stm32h7xx_hal_exti.c ****   if (hexti == NULL)
 1138              		.loc 1 650 3 view .LVU450
 1139              		.loc 1 650 6 is_stmt 0 view .LVU451
 1140 0000 10B1     		cbz	r0, .L74
 651:../../Drivers/STM32H7xx_HAL_Driver/Src/stm32h7xx_hal_exti.c ****   {
 652:../../Drivers/STM32H7xx_HAL_Driver/Src/stm32h7xx_hal_exti.c ****     return HAL_ERROR;
 653:../../Drivers/STM32H7xx_HAL_Driver/Src/stm32h7xx_hal_exti.c ****   }
 654:../../Drivers/STM32H7xx_HAL_Driver/Src/stm32h7xx_hal_exti.c ****   else
 655:../../Drivers/STM32H7xx_HAL_Driver/Src/stm32h7xx_hal_exti.c ****   {
 656:../../Drivers/STM32H7xx_HAL_Driver/Src/stm32h7xx_hal_exti.c ****     /* Store line number as handle private field */
 657:../../Drivers/STM32H7xx_HAL_Driver/Src/stm32h7xx_hal_exti.c ****     hexti->Line = ExtiLine;
 1141              		.loc 1 657 5 is_stmt 1 view .LVU452
 1142              		.loc 1 657 17 is_stmt 0 view .LVU453
 1143 0002 0160     		str	r1, [r0]
 658:../../Drivers/STM32H7xx_HAL_Driver/Src/stm32h7xx_hal_exti.c **** 
 659:../../Drivers/STM32H7xx_HAL_Driver/Src/stm32h7xx_hal_exti.c ****     return HAL_OK;
 1144              		.loc 1 659 5 is_stmt 1 view .LVU454
 1145              		.loc 1 659 12 is_stmt 0 view .LVU455
 1146 0004 0020     		movs	r0, #0
 1147              	.LVL165:
 1148              		.loc 1 659 12 view .LVU456
 1149 0006 7047     		bx	lr
 1150              	.LVL166:
 1151              	.L74:
 652:../../Drivers/STM32H7xx_HAL_Driver/Src/stm32h7xx_hal_exti.c ****   }
 1152              		.loc 1 652 12 view .LVU457
 1153 0008 0120     		movs	r0, #1
 1154              	.LVL167:
 660:../../Drivers/STM32H7xx_HAL_Driver/Src/stm32h7xx_hal_exti.c ****   }
 661:../../Drivers/STM32H7xx_HAL_Driver/Src/stm32h7xx_hal_exti.c **** }
 1155              		.loc 1 661 1 view .LVU458
 1156 000a 7047     		bx	lr
 1157              		.cfi_endproc
 1158              	.LFE136:
 1160              		.section	.text.HAL_EXTI_IRQHandler,"ax",%progbits
 1161              		.align	1
 1162              		.global	HAL_EXTI_IRQHandler
 1163              		.syntax unified
 1164              		.thumb
 1165              		.thumb_func
 1167              	HAL_EXTI_IRQHandler:
 1168              	.LVL168:
 1169              	.LFB137:
 662:../../Drivers/STM32H7xx_HAL_Driver/Src/stm32h7xx_hal_exti.c **** 
 663:../../Drivers/STM32H7xx_HAL_Driver/Src/stm32h7xx_hal_exti.c **** 
 664:../../Drivers/STM32H7xx_HAL_Driver/Src/stm32h7xx_hal_exti.c **** /**
 665:../../Drivers/STM32H7xx_HAL_Driver/Src/stm32h7xx_hal_exti.c ****   * @}
 666:../../Drivers/STM32H7xx_HAL_Driver/Src/stm32h7xx_hal_exti.c ****   */
 667:../../Drivers/STM32H7xx_HAL_Driver/Src/stm32h7xx_hal_exti.c **** 
 668:../../Drivers/STM32H7xx_HAL_Driver/Src/stm32h7xx_hal_exti.c **** /** @addtogroup EXTI_Exported_Functions_Group2
 669:../../Drivers/STM32H7xx_HAL_Driver/Src/stm32h7xx_hal_exti.c ****  *  @brief EXTI IO functions.
ARM GAS  /var/folders/2r/mdtt8xvd351gdc398t28_m2m0000gn/T//ccY3u57q.s 			page 36


 670:../../Drivers/STM32H7xx_HAL_Driver/Src/stm32h7xx_hal_exti.c ****  *
 671:../../Drivers/STM32H7xx_HAL_Driver/Src/stm32h7xx_hal_exti.c **** @verbatim
 672:../../Drivers/STM32H7xx_HAL_Driver/Src/stm32h7xx_hal_exti.c ****  ===============================================================================
 673:../../Drivers/STM32H7xx_HAL_Driver/Src/stm32h7xx_hal_exti.c ****                        ##### IO operation functions #####
 674:../../Drivers/STM32H7xx_HAL_Driver/Src/stm32h7xx_hal_exti.c ****  ===============================================================================
 675:../../Drivers/STM32H7xx_HAL_Driver/Src/stm32h7xx_hal_exti.c **** 
 676:../../Drivers/STM32H7xx_HAL_Driver/Src/stm32h7xx_hal_exti.c **** @endverbatim
 677:../../Drivers/STM32H7xx_HAL_Driver/Src/stm32h7xx_hal_exti.c ****   * @{
 678:../../Drivers/STM32H7xx_HAL_Driver/Src/stm32h7xx_hal_exti.c ****   */
 679:../../Drivers/STM32H7xx_HAL_Driver/Src/stm32h7xx_hal_exti.c **** 
 680:../../Drivers/STM32H7xx_HAL_Driver/Src/stm32h7xx_hal_exti.c **** /**
 681:../../Drivers/STM32H7xx_HAL_Driver/Src/stm32h7xx_hal_exti.c ****   * @brief  Handle EXTI interrupt request.
 682:../../Drivers/STM32H7xx_HAL_Driver/Src/stm32h7xx_hal_exti.c ****   * @param  hexti Exti handle.
 683:../../Drivers/STM32H7xx_HAL_Driver/Src/stm32h7xx_hal_exti.c ****   * @retval none.
 684:../../Drivers/STM32H7xx_HAL_Driver/Src/stm32h7xx_hal_exti.c ****   */
 685:../../Drivers/STM32H7xx_HAL_Driver/Src/stm32h7xx_hal_exti.c **** void HAL_EXTI_IRQHandler(const EXTI_HandleTypeDef *hexti)
 686:../../Drivers/STM32H7xx_HAL_Driver/Src/stm32h7xx_hal_exti.c **** {
 1170              		.loc 1 686 1 is_stmt 1 view -0
 1171              		.cfi_startproc
 1172              		@ args = 0, pretend = 0, frame = 0
 1173              		@ frame_needed = 0, uses_anonymous_args = 0
 1174              		.loc 1 686 1 is_stmt 0 view .LVU460
 1175 0000 70B5     		push	{r4, r5, r6, lr}
 1176              	.LCFI7:
 1177              		.cfi_def_cfa_offset 16
 1178              		.cfi_offset 4, -16
 1179              		.cfi_offset 5, -12
 1180              		.cfi_offset 6, -8
 1181              		.cfi_offset 14, -4
 1182 0002 0546     		mov	r5, r0
 687:../../Drivers/STM32H7xx_HAL_Driver/Src/stm32h7xx_hal_exti.c ****   __IO uint32_t *regaddr;
 1183              		.loc 1 687 3 is_stmt 1 view .LVU461
 688:../../Drivers/STM32H7xx_HAL_Driver/Src/stm32h7xx_hal_exti.c ****   uint32_t regval;
 1184              		.loc 1 688 3 view .LVU462
 689:../../Drivers/STM32H7xx_HAL_Driver/Src/stm32h7xx_hal_exti.c ****   uint32_t maskline;
 1185              		.loc 1 689 3 view .LVU463
 690:../../Drivers/STM32H7xx_HAL_Driver/Src/stm32h7xx_hal_exti.c ****   uint32_t offset;
 1186              		.loc 1 690 3 view .LVU464
 691:../../Drivers/STM32H7xx_HAL_Driver/Src/stm32h7xx_hal_exti.c **** 
 692:../../Drivers/STM32H7xx_HAL_Driver/Src/stm32h7xx_hal_exti.c ****   /* Compute line register offset and line mask */
 693:../../Drivers/STM32H7xx_HAL_Driver/Src/stm32h7xx_hal_exti.c ****   offset = ((hexti->Line & EXTI_REG_MASK) >> EXTI_REG_SHIFT);
 1187              		.loc 1 693 3 view .LVU465
 1188              		.loc 1 693 19 is_stmt 0 view .LVU466
 1189 0004 0368     		ldr	r3, [r0]
 1190              		.loc 1 693 10 view .LVU467
 1191 0006 C3F30144 		ubfx	r4, r3, #16, #2
 1192              	.LVL169:
 694:../../Drivers/STM32H7xx_HAL_Driver/Src/stm32h7xx_hal_exti.c ****   maskline = (1UL << (hexti->Line & EXTI_PIN_MASK));
 1193              		.loc 1 694 3 is_stmt 1 view .LVU468
 1194              		.loc 1 694 35 is_stmt 0 view .LVU469
 1195 000a 03F01F03 		and	r3, r3, #31
 1196              		.loc 1 694 12 view .LVU470
 1197 000e 0126     		movs	r6, #1
 1198 0010 9E40     		lsls	r6, r6, r3
 1199              	.LVL170:
 695:../../Drivers/STM32H7xx_HAL_Driver/Src/stm32h7xx_hal_exti.c **** 
 696:../../Drivers/STM32H7xx_HAL_Driver/Src/stm32h7xx_hal_exti.c **** #if defined(DUAL_CORE)
ARM GAS  /var/folders/2r/mdtt8xvd351gdc398t28_m2m0000gn/T//ccY3u57q.s 			page 37


 697:../../Drivers/STM32H7xx_HAL_Driver/Src/stm32h7xx_hal_exti.c ****   if (HAL_GetCurrentCPUID() == CM7_CPUID)
 1200              		.loc 1 697 3 is_stmt 1 view .LVU471
 1201              		.loc 1 697 7 is_stmt 0 view .LVU472
 1202 0012 FFF7FEFF 		bl	HAL_GetCurrentCPUID
 1203              	.LVL171:
 1204              		.loc 1 697 6 discriminator 1 view .LVU473
 1205 0016 0328     		cmp	r0, #3
 1206 0018 0BD0     		beq	.L80
 698:../../Drivers/STM32H7xx_HAL_Driver/Src/stm32h7xx_hal_exti.c ****   {
 699:../../Drivers/STM32H7xx_HAL_Driver/Src/stm32h7xx_hal_exti.c ****     /* Get pending register address */
 700:../../Drivers/STM32H7xx_HAL_Driver/Src/stm32h7xx_hal_exti.c ****     regaddr = (__IO uint32_t *)(&EXTI->PR1 + (EXTI_MODE_OFFSET * offset));
 701:../../Drivers/STM32H7xx_HAL_Driver/Src/stm32h7xx_hal_exti.c ****   }
 702:../../Drivers/STM32H7xx_HAL_Driver/Src/stm32h7xx_hal_exti.c ****   else /* Cortex-M4*/
 703:../../Drivers/STM32H7xx_HAL_Driver/Src/stm32h7xx_hal_exti.c ****   {
 704:../../Drivers/STM32H7xx_HAL_Driver/Src/stm32h7xx_hal_exti.c ****     /* Get pending register address */
 705:../../Drivers/STM32H7xx_HAL_Driver/Src/stm32h7xx_hal_exti.c ****     regaddr = (__IO uint32_t *)(&EXTI->C2PR1 + (EXTI_MODE_OFFSET * offset));
 1207              		.loc 1 705 5 is_stmt 1 view .LVU474
 1208              		.loc 1 705 15 is_stmt 0 view .LVU475
 1209 001a 2301     		lsls	r3, r4, #4
 1210              		.loc 1 705 13 view .LVU476
 1211 001c 03F1B043 		add	r3, r3, #1476395008
 1212 0020 C833     		adds	r3, r3, #200
 1213              	.L77:
 1214              	.LVL172:
 706:../../Drivers/STM32H7xx_HAL_Driver/Src/stm32h7xx_hal_exti.c ****   }
 707:../../Drivers/STM32H7xx_HAL_Driver/Src/stm32h7xx_hal_exti.c **** #else
 708:../../Drivers/STM32H7xx_HAL_Driver/Src/stm32h7xx_hal_exti.c ****   regaddr = (__IO uint32_t *)(&EXTI->PR1 + (EXTI_MODE_OFFSET * offset));
 709:../../Drivers/STM32H7xx_HAL_Driver/Src/stm32h7xx_hal_exti.c **** #endif /* DUAL_CORE */
 710:../../Drivers/STM32H7xx_HAL_Driver/Src/stm32h7xx_hal_exti.c **** 
 711:../../Drivers/STM32H7xx_HAL_Driver/Src/stm32h7xx_hal_exti.c ****   /* Get pending bit  */
 712:../../Drivers/STM32H7xx_HAL_Driver/Src/stm32h7xx_hal_exti.c ****   regval = (*regaddr & maskline);
 1215              		.loc 1 712 3 is_stmt 1 view .LVU477
 1216              		.loc 1 712 13 is_stmt 0 view .LVU478
 1217 0022 1A68     		ldr	r2, [r3]
 1218              	.LVL173:
 713:../../Drivers/STM32H7xx_HAL_Driver/Src/stm32h7xx_hal_exti.c **** 
 714:../../Drivers/STM32H7xx_HAL_Driver/Src/stm32h7xx_hal_exti.c ****   if (regval != 0x00U)
 1219              		.loc 1 714 3 is_stmt 1 view .LVU479
 1220              		.loc 1 714 6 is_stmt 0 view .LVU480
 1221 0024 3242     		tst	r2, r6
 1222 0026 03D0     		beq	.L75
 715:../../Drivers/STM32H7xx_HAL_Driver/Src/stm32h7xx_hal_exti.c ****   {
 716:../../Drivers/STM32H7xx_HAL_Driver/Src/stm32h7xx_hal_exti.c ****     /* Clear pending bit */
 717:../../Drivers/STM32H7xx_HAL_Driver/Src/stm32h7xx_hal_exti.c ****     *regaddr = maskline;
 1223              		.loc 1 717 5 is_stmt 1 view .LVU481
 1224              		.loc 1 717 14 is_stmt 0 view .LVU482
 1225 0028 1E60     		str	r6, [r3]
 718:../../Drivers/STM32H7xx_HAL_Driver/Src/stm32h7xx_hal_exti.c **** 
 719:../../Drivers/STM32H7xx_HAL_Driver/Src/stm32h7xx_hal_exti.c ****     /* Call callback */
 720:../../Drivers/STM32H7xx_HAL_Driver/Src/stm32h7xx_hal_exti.c ****     if (hexti->PendingCallback != NULL)
 1226              		.loc 1 720 5 is_stmt 1 view .LVU483
 1227              		.loc 1 720 14 is_stmt 0 view .LVU484
 1228 002a 6B68     		ldr	r3, [r5, #4]
 1229              	.LVL174:
 1230              		.loc 1 720 8 view .LVU485
 1231 002c 03B1     		cbz	r3, .L75
 721:../../Drivers/STM32H7xx_HAL_Driver/Src/stm32h7xx_hal_exti.c ****     {
ARM GAS  /var/folders/2r/mdtt8xvd351gdc398t28_m2m0000gn/T//ccY3u57q.s 			page 38


 722:../../Drivers/STM32H7xx_HAL_Driver/Src/stm32h7xx_hal_exti.c ****       hexti->PendingCallback();
 1232              		.loc 1 722 7 is_stmt 1 view .LVU486
 1233 002e 9847     		blx	r3
 1234              	.LVL175:
 1235              	.L75:
 723:../../Drivers/STM32H7xx_HAL_Driver/Src/stm32h7xx_hal_exti.c ****     }
 724:../../Drivers/STM32H7xx_HAL_Driver/Src/stm32h7xx_hal_exti.c ****   }
 725:../../Drivers/STM32H7xx_HAL_Driver/Src/stm32h7xx_hal_exti.c **** }
 1236              		.loc 1 725 1 is_stmt 0 view .LVU487
 1237 0030 70BD     		pop	{r4, r5, r6, pc}
 1238              	.LVL176:
 1239              	.L80:
 700:../../Drivers/STM32H7xx_HAL_Driver/Src/stm32h7xx_hal_exti.c ****   }
 1240              		.loc 1 700 5 is_stmt 1 view .LVU488
 700:../../Drivers/STM32H7xx_HAL_Driver/Src/stm32h7xx_hal_exti.c ****   }
 1241              		.loc 1 700 15 is_stmt 0 view .LVU489
 1242 0032 2301     		lsls	r3, r4, #4
 700:../../Drivers/STM32H7xx_HAL_Driver/Src/stm32h7xx_hal_exti.c ****   }
 1243              		.loc 1 700 13 view .LVU490
 1244 0034 03F1B043 		add	r3, r3, #1476395008
 1245 0038 8833     		adds	r3, r3, #136
 1246              	.LVL177:
 700:../../Drivers/STM32H7xx_HAL_Driver/Src/stm32h7xx_hal_exti.c ****   }
 1247              		.loc 1 700 13 view .LVU491
 1248 003a F2E7     		b	.L77
 1249              		.cfi_endproc
 1250              	.LFE137:
 1252              		.section	.text.HAL_EXTI_GetPending,"ax",%progbits
 1253              		.align	1
 1254              		.global	HAL_EXTI_GetPending
 1255              		.syntax unified
 1256              		.thumb
 1257              		.thumb_func
 1259              	HAL_EXTI_GetPending:
 1260              	.LVL178:
 1261              	.LFB138:
 726:../../Drivers/STM32H7xx_HAL_Driver/Src/stm32h7xx_hal_exti.c **** 
 727:../../Drivers/STM32H7xx_HAL_Driver/Src/stm32h7xx_hal_exti.c **** 
 728:../../Drivers/STM32H7xx_HAL_Driver/Src/stm32h7xx_hal_exti.c **** /**
 729:../../Drivers/STM32H7xx_HAL_Driver/Src/stm32h7xx_hal_exti.c ****   * @brief  Get interrupt pending bit of a dedicated line.
 730:../../Drivers/STM32H7xx_HAL_Driver/Src/stm32h7xx_hal_exti.c ****   * @param  hexti Exti handle.
 731:../../Drivers/STM32H7xx_HAL_Driver/Src/stm32h7xx_hal_exti.c ****   * @param  Edge Specify which pending edge as to be checked.
 732:../../Drivers/STM32H7xx_HAL_Driver/Src/stm32h7xx_hal_exti.c ****   *         This parameter can be one of the following values:
 733:../../Drivers/STM32H7xx_HAL_Driver/Src/stm32h7xx_hal_exti.c ****   *           @arg @ref EXTI_TRIGGER_RISING_FALLING
 734:../../Drivers/STM32H7xx_HAL_Driver/Src/stm32h7xx_hal_exti.c ****   *         This parameter is kept for compatibility with other series.
 735:../../Drivers/STM32H7xx_HAL_Driver/Src/stm32h7xx_hal_exti.c ****   * @retval 1 if interrupt is pending else 0.
 736:../../Drivers/STM32H7xx_HAL_Driver/Src/stm32h7xx_hal_exti.c ****   */
 737:../../Drivers/STM32H7xx_HAL_Driver/Src/stm32h7xx_hal_exti.c **** uint32_t HAL_EXTI_GetPending(const EXTI_HandleTypeDef *hexti, uint32_t Edge)
 738:../../Drivers/STM32H7xx_HAL_Driver/Src/stm32h7xx_hal_exti.c **** {
 1262              		.loc 1 738 1 is_stmt 1 view -0
 1263              		.cfi_startproc
 1264              		@ args = 0, pretend = 0, frame = 0
 1265              		@ frame_needed = 0, uses_anonymous_args = 0
 1266              		.loc 1 738 1 is_stmt 0 view .LVU493
 1267 0000 70B5     		push	{r4, r5, r6, lr}
 1268              	.LCFI8:
 1269              		.cfi_def_cfa_offset 16
ARM GAS  /var/folders/2r/mdtt8xvd351gdc398t28_m2m0000gn/T//ccY3u57q.s 			page 39


 1270              		.cfi_offset 4, -16
 1271              		.cfi_offset 5, -12
 1272              		.cfi_offset 6, -8
 1273              		.cfi_offset 14, -4
 739:../../Drivers/STM32H7xx_HAL_Driver/Src/stm32h7xx_hal_exti.c ****   const __IO uint32_t *regaddr;
 1274              		.loc 1 739 3 is_stmt 1 view .LVU494
 740:../../Drivers/STM32H7xx_HAL_Driver/Src/stm32h7xx_hal_exti.c ****   uint32_t regval;
 1275              		.loc 1 740 3 view .LVU495
 741:../../Drivers/STM32H7xx_HAL_Driver/Src/stm32h7xx_hal_exti.c ****   uint32_t linepos;
 1276              		.loc 1 741 3 view .LVU496
 742:../../Drivers/STM32H7xx_HAL_Driver/Src/stm32h7xx_hal_exti.c ****   uint32_t maskline;
 1277              		.loc 1 742 3 view .LVU497
 743:../../Drivers/STM32H7xx_HAL_Driver/Src/stm32h7xx_hal_exti.c ****   uint32_t offset;
 1278              		.loc 1 743 3 view .LVU498
 744:../../Drivers/STM32H7xx_HAL_Driver/Src/stm32h7xx_hal_exti.c **** 
 745:../../Drivers/STM32H7xx_HAL_Driver/Src/stm32h7xx_hal_exti.c ****   /* Prevent unused argument(s) compilation warning */
 746:../../Drivers/STM32H7xx_HAL_Driver/Src/stm32h7xx_hal_exti.c ****   UNUSED(Edge);
 1279              		.loc 1 746 3 view .LVU499
 747:../../Drivers/STM32H7xx_HAL_Driver/Src/stm32h7xx_hal_exti.c **** 
 748:../../Drivers/STM32H7xx_HAL_Driver/Src/stm32h7xx_hal_exti.c ****   /* Check parameters */
 749:../../Drivers/STM32H7xx_HAL_Driver/Src/stm32h7xx_hal_exti.c ****   assert_param(IS_EXTI_LINE(hexti->Line));
 1280              		.loc 1 749 3 view .LVU500
 750:../../Drivers/STM32H7xx_HAL_Driver/Src/stm32h7xx_hal_exti.c ****   assert_param(IS_EXTI_CONFIG_LINE(hexti->Line));
 1281              		.loc 1 750 3 view .LVU501
 751:../../Drivers/STM32H7xx_HAL_Driver/Src/stm32h7xx_hal_exti.c ****   assert_param(IS_EXTI_PENDING_EDGE(Edge));
 1282              		.loc 1 751 3 view .LVU502
 752:../../Drivers/STM32H7xx_HAL_Driver/Src/stm32h7xx_hal_exti.c **** 
 753:../../Drivers/STM32H7xx_HAL_Driver/Src/stm32h7xx_hal_exti.c ****   /* compute line register offset and line mask */
 754:../../Drivers/STM32H7xx_HAL_Driver/Src/stm32h7xx_hal_exti.c ****   offset = ((hexti->Line & EXTI_REG_MASK) >> EXTI_REG_SHIFT);
 1283              		.loc 1 754 3 view .LVU503
 1284              		.loc 1 754 19 is_stmt 0 view .LVU504
 1285 0002 0568     		ldr	r5, [r0]
 1286              		.loc 1 754 10 view .LVU505
 1287 0004 C5F30144 		ubfx	r4, r5, #16, #2
 1288              	.LVL179:
 755:../../Drivers/STM32H7xx_HAL_Driver/Src/stm32h7xx_hal_exti.c ****   linepos = (hexti->Line & EXTI_PIN_MASK);
 1289              		.loc 1 755 3 is_stmt 1 view .LVU506
 1290              		.loc 1 755 11 is_stmt 0 view .LVU507
 1291 0008 05F01F05 		and	r5, r5, #31
 1292              	.LVL180:
 756:../../Drivers/STM32H7xx_HAL_Driver/Src/stm32h7xx_hal_exti.c ****   maskline = (1UL << linepos);
 1293              		.loc 1 756 3 is_stmt 1 view .LVU508
 1294              		.loc 1 756 12 is_stmt 0 view .LVU509
 1295 000c 0126     		movs	r6, #1
 1296 000e AE40     		lsls	r6, r6, r5
 1297              	.LVL181:
 757:../../Drivers/STM32H7xx_HAL_Driver/Src/stm32h7xx_hal_exti.c **** 
 758:../../Drivers/STM32H7xx_HAL_Driver/Src/stm32h7xx_hal_exti.c **** #if defined(DUAL_CORE)
 759:../../Drivers/STM32H7xx_HAL_Driver/Src/stm32h7xx_hal_exti.c ****   if (HAL_GetCurrentCPUID() == CM7_CPUID)
 1298              		.loc 1 759 3 is_stmt 1 view .LVU510
 1299              		.loc 1 759 7 is_stmt 0 view .LVU511
 1300 0010 FFF7FEFF 		bl	HAL_GetCurrentCPUID
 1301              	.LVL182:
 1302              		.loc 1 759 6 discriminator 1 view .LVU512
 1303 0014 0328     		cmp	r0, #3
 1304 0016 07D0     		beq	.L85
 760:../../Drivers/STM32H7xx_HAL_Driver/Src/stm32h7xx_hal_exti.c ****   {
ARM GAS  /var/folders/2r/mdtt8xvd351gdc398t28_m2m0000gn/T//ccY3u57q.s 			page 40


 761:../../Drivers/STM32H7xx_HAL_Driver/Src/stm32h7xx_hal_exti.c ****     /* Get pending register address */
 762:../../Drivers/STM32H7xx_HAL_Driver/Src/stm32h7xx_hal_exti.c ****     regaddr = (__IO uint32_t *)(&EXTI->PR1 + (EXTI_MODE_OFFSET * offset));
 763:../../Drivers/STM32H7xx_HAL_Driver/Src/stm32h7xx_hal_exti.c ****   }
 764:../../Drivers/STM32H7xx_HAL_Driver/Src/stm32h7xx_hal_exti.c ****   else /* Cortex-M4 */
 765:../../Drivers/STM32H7xx_HAL_Driver/Src/stm32h7xx_hal_exti.c ****   {
 766:../../Drivers/STM32H7xx_HAL_Driver/Src/stm32h7xx_hal_exti.c ****     /* Get pending register address */
 767:../../Drivers/STM32H7xx_HAL_Driver/Src/stm32h7xx_hal_exti.c ****     regaddr = (__IO uint32_t *)(&EXTI->C2PR1 + (EXTI_MODE_OFFSET * offset));
 1305              		.loc 1 767 5 is_stmt 1 view .LVU513
 1306              		.loc 1 767 15 is_stmt 0 view .LVU514
 1307 0018 2301     		lsls	r3, r4, #4
 1308              		.loc 1 767 13 view .LVU515
 1309 001a 03F1B043 		add	r3, r3, #1476395008
 1310 001e C833     		adds	r3, r3, #200
 1311              	.L83:
 1312              	.LVL183:
 768:../../Drivers/STM32H7xx_HAL_Driver/Src/stm32h7xx_hal_exti.c ****   }
 769:../../Drivers/STM32H7xx_HAL_Driver/Src/stm32h7xx_hal_exti.c **** #else
 770:../../Drivers/STM32H7xx_HAL_Driver/Src/stm32h7xx_hal_exti.c ****   regaddr = (__IO uint32_t *)(&EXTI->PR1 + (EXTI_MODE_OFFSET * offset));
 771:../../Drivers/STM32H7xx_HAL_Driver/Src/stm32h7xx_hal_exti.c **** #endif /* DUAL_CORE */
 772:../../Drivers/STM32H7xx_HAL_Driver/Src/stm32h7xx_hal_exti.c **** 
 773:../../Drivers/STM32H7xx_HAL_Driver/Src/stm32h7xx_hal_exti.c ****   /* return 1 if bit is set else 0 */
 774:../../Drivers/STM32H7xx_HAL_Driver/Src/stm32h7xx_hal_exti.c ****   regval = ((*regaddr & maskline) >> linepos);
 1313              		.loc 1 774 3 is_stmt 1 view .LVU516
 1314              		.loc 1 774 14 is_stmt 0 view .LVU517
 1315 0020 1868     		ldr	r0, [r3]
 1316              		.loc 1 774 23 view .LVU518
 1317 0022 3040     		ands	r0, r0, r6
 1318              	.LVL184:
 775:../../Drivers/STM32H7xx_HAL_Driver/Src/stm32h7xx_hal_exti.c ****   return regval;
 1319              		.loc 1 775 3 is_stmt 1 view .LVU519
 776:../../Drivers/STM32H7xx_HAL_Driver/Src/stm32h7xx_hal_exti.c **** }
 1320              		.loc 1 776 1 is_stmt 0 view .LVU520
 1321 0024 E840     		lsrs	r0, r0, r5
 1322              	.LVL185:
 1323              		.loc 1 776 1 view .LVU521
 1324 0026 70BD     		pop	{r4, r5, r6, pc}
 1325              	.LVL186:
 1326              	.L85:
 762:../../Drivers/STM32H7xx_HAL_Driver/Src/stm32h7xx_hal_exti.c ****   }
 1327              		.loc 1 762 5 is_stmt 1 view .LVU522
 762:../../Drivers/STM32H7xx_HAL_Driver/Src/stm32h7xx_hal_exti.c ****   }
 1328              		.loc 1 762 15 is_stmt 0 view .LVU523
 1329 0028 2301     		lsls	r3, r4, #4
 762:../../Drivers/STM32H7xx_HAL_Driver/Src/stm32h7xx_hal_exti.c ****   }
 1330              		.loc 1 762 13 view .LVU524
 1331 002a 03F1B043 		add	r3, r3, #1476395008
 1332 002e 8833     		adds	r3, r3, #136
 1333              	.LVL187:
 762:../../Drivers/STM32H7xx_HAL_Driver/Src/stm32h7xx_hal_exti.c ****   }
 1334              		.loc 1 762 13 view .LVU525
 1335 0030 F6E7     		b	.L83
 1336              		.cfi_endproc
 1337              	.LFE138:
 1339              		.section	.text.HAL_EXTI_ClearPending,"ax",%progbits
 1340              		.align	1
 1341              		.global	HAL_EXTI_ClearPending
 1342              		.syntax unified
ARM GAS  /var/folders/2r/mdtt8xvd351gdc398t28_m2m0000gn/T//ccY3u57q.s 			page 41


 1343              		.thumb
 1344              		.thumb_func
 1346              	HAL_EXTI_ClearPending:
 1347              	.LVL188:
 1348              	.LFB139:
 777:../../Drivers/STM32H7xx_HAL_Driver/Src/stm32h7xx_hal_exti.c **** 
 778:../../Drivers/STM32H7xx_HAL_Driver/Src/stm32h7xx_hal_exti.c **** 
 779:../../Drivers/STM32H7xx_HAL_Driver/Src/stm32h7xx_hal_exti.c **** /**
 780:../../Drivers/STM32H7xx_HAL_Driver/Src/stm32h7xx_hal_exti.c ****   * @brief  Clear interrupt pending bit of a dedicated line.
 781:../../Drivers/STM32H7xx_HAL_Driver/Src/stm32h7xx_hal_exti.c ****   * @param  hexti Exti handle.
 782:../../Drivers/STM32H7xx_HAL_Driver/Src/stm32h7xx_hal_exti.c ****   * @param  Edge Specify which pending edge as to be clear.
 783:../../Drivers/STM32H7xx_HAL_Driver/Src/stm32h7xx_hal_exti.c ****   *         This parameter can be one of the following values:
 784:../../Drivers/STM32H7xx_HAL_Driver/Src/stm32h7xx_hal_exti.c ****   *           @arg @ref EXTI_TRIGGER_RISING_FALLING
 785:../../Drivers/STM32H7xx_HAL_Driver/Src/stm32h7xx_hal_exti.c ****   *         This parameter is kept for compatibility with other series.
 786:../../Drivers/STM32H7xx_HAL_Driver/Src/stm32h7xx_hal_exti.c ****   * @retval None.
 787:../../Drivers/STM32H7xx_HAL_Driver/Src/stm32h7xx_hal_exti.c ****   */
 788:../../Drivers/STM32H7xx_HAL_Driver/Src/stm32h7xx_hal_exti.c **** void HAL_EXTI_ClearPending(const EXTI_HandleTypeDef *hexti, uint32_t Edge)
 789:../../Drivers/STM32H7xx_HAL_Driver/Src/stm32h7xx_hal_exti.c **** {
 1349              		.loc 1 789 1 is_stmt 1 view -0
 1350              		.cfi_startproc
 1351              		@ args = 0, pretend = 0, frame = 0
 1352              		@ frame_needed = 0, uses_anonymous_args = 0
 1353              		.loc 1 789 1 is_stmt 0 view .LVU527
 1354 0000 38B5     		push	{r3, r4, r5, lr}
 1355              	.LCFI9:
 1356              		.cfi_def_cfa_offset 16
 1357              		.cfi_offset 3, -16
 1358              		.cfi_offset 4, -12
 1359              		.cfi_offset 5, -8
 1360              		.cfi_offset 14, -4
 790:../../Drivers/STM32H7xx_HAL_Driver/Src/stm32h7xx_hal_exti.c ****   __IO uint32_t *regaddr;
 1361              		.loc 1 790 3 is_stmt 1 view .LVU528
 791:../../Drivers/STM32H7xx_HAL_Driver/Src/stm32h7xx_hal_exti.c ****   uint32_t maskline;
 1362              		.loc 1 791 3 view .LVU529
 792:../../Drivers/STM32H7xx_HAL_Driver/Src/stm32h7xx_hal_exti.c ****   uint32_t offset;
 1363              		.loc 1 792 3 view .LVU530
 793:../../Drivers/STM32H7xx_HAL_Driver/Src/stm32h7xx_hal_exti.c **** 
 794:../../Drivers/STM32H7xx_HAL_Driver/Src/stm32h7xx_hal_exti.c ****   /* Prevent unused argument(s) compilation warning */
 795:../../Drivers/STM32H7xx_HAL_Driver/Src/stm32h7xx_hal_exti.c ****   UNUSED(Edge);
 1364              		.loc 1 795 3 view .LVU531
 796:../../Drivers/STM32H7xx_HAL_Driver/Src/stm32h7xx_hal_exti.c **** 
 797:../../Drivers/STM32H7xx_HAL_Driver/Src/stm32h7xx_hal_exti.c ****   /* Check parameters */
 798:../../Drivers/STM32H7xx_HAL_Driver/Src/stm32h7xx_hal_exti.c ****   assert_param(IS_EXTI_LINE(hexti->Line));
 1365              		.loc 1 798 3 view .LVU532
 799:../../Drivers/STM32H7xx_HAL_Driver/Src/stm32h7xx_hal_exti.c ****   assert_param(IS_EXTI_CONFIG_LINE(hexti->Line));
 1366              		.loc 1 799 3 view .LVU533
 800:../../Drivers/STM32H7xx_HAL_Driver/Src/stm32h7xx_hal_exti.c ****   assert_param(IS_EXTI_PENDING_EDGE(Edge));
 1367              		.loc 1 800 3 view .LVU534
 801:../../Drivers/STM32H7xx_HAL_Driver/Src/stm32h7xx_hal_exti.c **** 
 802:../../Drivers/STM32H7xx_HAL_Driver/Src/stm32h7xx_hal_exti.c ****   /* compute line register offset and line mask */
 803:../../Drivers/STM32H7xx_HAL_Driver/Src/stm32h7xx_hal_exti.c ****   offset = ((hexti->Line & EXTI_REG_MASK) >> EXTI_REG_SHIFT);
 1368              		.loc 1 803 3 view .LVU535
 1369              		.loc 1 803 19 is_stmt 0 view .LVU536
 1370 0002 0368     		ldr	r3, [r0]
 1371              		.loc 1 803 10 view .LVU537
 1372 0004 C3F30144 		ubfx	r4, r3, #16, #2
 1373              	.LVL189:
ARM GAS  /var/folders/2r/mdtt8xvd351gdc398t28_m2m0000gn/T//ccY3u57q.s 			page 42


 804:../../Drivers/STM32H7xx_HAL_Driver/Src/stm32h7xx_hal_exti.c ****   maskline = (1UL << (hexti->Line & EXTI_PIN_MASK));
 1374              		.loc 1 804 3 is_stmt 1 view .LVU538
 1375              		.loc 1 804 35 is_stmt 0 view .LVU539
 1376 0008 03F01F03 		and	r3, r3, #31
 1377              		.loc 1 804 12 view .LVU540
 1378 000c 0125     		movs	r5, #1
 1379 000e 9D40     		lsls	r5, r5, r3
 1380              	.LVL190:
 805:../../Drivers/STM32H7xx_HAL_Driver/Src/stm32h7xx_hal_exti.c **** 
 806:../../Drivers/STM32H7xx_HAL_Driver/Src/stm32h7xx_hal_exti.c **** #if defined(DUAL_CORE)
 807:../../Drivers/STM32H7xx_HAL_Driver/Src/stm32h7xx_hal_exti.c ****   if (HAL_GetCurrentCPUID() == CM7_CPUID)
 1381              		.loc 1 807 3 is_stmt 1 view .LVU541
 1382              		.loc 1 807 7 is_stmt 0 view .LVU542
 1383 0010 FFF7FEFF 		bl	HAL_GetCurrentCPUID
 1384              	.LVL191:
 1385              		.loc 1 807 6 discriminator 1 view .LVU543
 1386 0014 0328     		cmp	r0, #3
 1387 0016 05D0     		beq	.L90
 808:../../Drivers/STM32H7xx_HAL_Driver/Src/stm32h7xx_hal_exti.c ****   {
 809:../../Drivers/STM32H7xx_HAL_Driver/Src/stm32h7xx_hal_exti.c ****     /* Get pending register address */
 810:../../Drivers/STM32H7xx_HAL_Driver/Src/stm32h7xx_hal_exti.c ****     regaddr = (__IO uint32_t *)(&EXTI->PR1 + (EXTI_MODE_OFFSET * offset));
 811:../../Drivers/STM32H7xx_HAL_Driver/Src/stm32h7xx_hal_exti.c ****   }
 812:../../Drivers/STM32H7xx_HAL_Driver/Src/stm32h7xx_hal_exti.c ****   else /* Cortex-M4 */
 813:../../Drivers/STM32H7xx_HAL_Driver/Src/stm32h7xx_hal_exti.c ****   {
 814:../../Drivers/STM32H7xx_HAL_Driver/Src/stm32h7xx_hal_exti.c ****     /* Get pending register address */
 815:../../Drivers/STM32H7xx_HAL_Driver/Src/stm32h7xx_hal_exti.c ****     regaddr = (__IO uint32_t *)(&EXTI->C2PR1 + (EXTI_MODE_OFFSET * offset));
 1388              		.loc 1 815 5 is_stmt 1 view .LVU544
 1389              		.loc 1 815 15 is_stmt 0 view .LVU545
 1390 0018 2301     		lsls	r3, r4, #4
 1391              		.loc 1 815 13 view .LVU546
 1392 001a 03F1B043 		add	r3, r3, #1476395008
 1393 001e C833     		adds	r3, r3, #200
 1394              	.L88:
 1395              	.LVL192:
 816:../../Drivers/STM32H7xx_HAL_Driver/Src/stm32h7xx_hal_exti.c ****   }
 817:../../Drivers/STM32H7xx_HAL_Driver/Src/stm32h7xx_hal_exti.c **** #else
 818:../../Drivers/STM32H7xx_HAL_Driver/Src/stm32h7xx_hal_exti.c ****   regaddr = (__IO uint32_t *)(&EXTI->PR1 + (EXTI_MODE_OFFSET * offset));
 819:../../Drivers/STM32H7xx_HAL_Driver/Src/stm32h7xx_hal_exti.c **** #endif /* DUAL_CORE */
 820:../../Drivers/STM32H7xx_HAL_Driver/Src/stm32h7xx_hal_exti.c **** 
 821:../../Drivers/STM32H7xx_HAL_Driver/Src/stm32h7xx_hal_exti.c ****   /* Clear Pending bit */
 822:../../Drivers/STM32H7xx_HAL_Driver/Src/stm32h7xx_hal_exti.c ****   *regaddr =  maskline;
 1396              		.loc 1 822 3 is_stmt 1 view .LVU547
 1397              		.loc 1 822 12 is_stmt 0 view .LVU548
 1398 0020 1D60     		str	r5, [r3]
 823:../../Drivers/STM32H7xx_HAL_Driver/Src/stm32h7xx_hal_exti.c **** }
 1399              		.loc 1 823 1 view .LVU549
 1400 0022 38BD     		pop	{r3, r4, r5, pc}
 1401              	.LVL193:
 1402              	.L90:
 810:../../Drivers/STM32H7xx_HAL_Driver/Src/stm32h7xx_hal_exti.c ****   }
 1403              		.loc 1 810 5 is_stmt 1 view .LVU550
 810:../../Drivers/STM32H7xx_HAL_Driver/Src/stm32h7xx_hal_exti.c ****   }
 1404              		.loc 1 810 15 is_stmt 0 view .LVU551
 1405 0024 2301     		lsls	r3, r4, #4
 810:../../Drivers/STM32H7xx_HAL_Driver/Src/stm32h7xx_hal_exti.c ****   }
 1406              		.loc 1 810 13 view .LVU552
 1407 0026 03F1B043 		add	r3, r3, #1476395008
ARM GAS  /var/folders/2r/mdtt8xvd351gdc398t28_m2m0000gn/T//ccY3u57q.s 			page 43


 1408 002a 8833     		adds	r3, r3, #136
 1409              	.LVL194:
 810:../../Drivers/STM32H7xx_HAL_Driver/Src/stm32h7xx_hal_exti.c ****   }
 1410              		.loc 1 810 13 view .LVU553
 1411 002c F8E7     		b	.L88
 1412              		.cfi_endproc
 1413              	.LFE139:
 1415              		.section	.text.HAL_EXTI_GenerateSWI,"ax",%progbits
 1416              		.align	1
 1417              		.global	HAL_EXTI_GenerateSWI
 1418              		.syntax unified
 1419              		.thumb
 1420              		.thumb_func
 1422              	HAL_EXTI_GenerateSWI:
 1423              	.LVL195:
 1424              	.LFB140:
 824:../../Drivers/STM32H7xx_HAL_Driver/Src/stm32h7xx_hal_exti.c **** 
 825:../../Drivers/STM32H7xx_HAL_Driver/Src/stm32h7xx_hal_exti.c **** /**
 826:../../Drivers/STM32H7xx_HAL_Driver/Src/stm32h7xx_hal_exti.c ****   * @brief  Generate a software interrupt for a dedicated line.
 827:../../Drivers/STM32H7xx_HAL_Driver/Src/stm32h7xx_hal_exti.c ****   * @param  hexti Exti handle.
 828:../../Drivers/STM32H7xx_HAL_Driver/Src/stm32h7xx_hal_exti.c ****   * @retval None.
 829:../../Drivers/STM32H7xx_HAL_Driver/Src/stm32h7xx_hal_exti.c ****   */
 830:../../Drivers/STM32H7xx_HAL_Driver/Src/stm32h7xx_hal_exti.c **** void HAL_EXTI_GenerateSWI(const EXTI_HandleTypeDef *hexti)
 831:../../Drivers/STM32H7xx_HAL_Driver/Src/stm32h7xx_hal_exti.c **** {
 1425              		.loc 1 831 1 is_stmt 1 view -0
 1426              		.cfi_startproc
 1427              		@ args = 0, pretend = 0, frame = 0
 1428              		@ frame_needed = 0, uses_anonymous_args = 0
 1429              		@ link register save eliminated.
 832:../../Drivers/STM32H7xx_HAL_Driver/Src/stm32h7xx_hal_exti.c ****   __IO uint32_t *regaddr;
 1430              		.loc 1 832 3 view .LVU555
 833:../../Drivers/STM32H7xx_HAL_Driver/Src/stm32h7xx_hal_exti.c ****   uint32_t maskline;
 1431              		.loc 1 833 3 view .LVU556
 834:../../Drivers/STM32H7xx_HAL_Driver/Src/stm32h7xx_hal_exti.c ****   uint32_t offset;
 1432              		.loc 1 834 3 view .LVU557
 835:../../Drivers/STM32H7xx_HAL_Driver/Src/stm32h7xx_hal_exti.c **** 
 836:../../Drivers/STM32H7xx_HAL_Driver/Src/stm32h7xx_hal_exti.c ****   /* Check parameters */
 837:../../Drivers/STM32H7xx_HAL_Driver/Src/stm32h7xx_hal_exti.c ****   assert_param(IS_EXTI_LINE(hexti->Line));
 1433              		.loc 1 837 3 view .LVU558
 838:../../Drivers/STM32H7xx_HAL_Driver/Src/stm32h7xx_hal_exti.c ****   assert_param(IS_EXTI_CONFIG_LINE(hexti->Line));
 1434              		.loc 1 838 3 view .LVU559
 839:../../Drivers/STM32H7xx_HAL_Driver/Src/stm32h7xx_hal_exti.c **** 
 840:../../Drivers/STM32H7xx_HAL_Driver/Src/stm32h7xx_hal_exti.c ****   /* compute line register offset and line mask */
 841:../../Drivers/STM32H7xx_HAL_Driver/Src/stm32h7xx_hal_exti.c ****   offset = ((hexti->Line & EXTI_REG_MASK) >> EXTI_REG_SHIFT);
 1435              		.loc 1 841 3 view .LVU560
 1436              		.loc 1 841 19 is_stmt 0 view .LVU561
 1437 0000 0268     		ldr	r2, [r0]
 1438              		.loc 1 841 10 view .LVU562
 1439 0002 C2F30143 		ubfx	r3, r2, #16, #2
 1440              	.LVL196:
 842:../../Drivers/STM32H7xx_HAL_Driver/Src/stm32h7xx_hal_exti.c ****   maskline = (1UL << (hexti->Line & EXTI_PIN_MASK));
 1441              		.loc 1 842 3 is_stmt 1 view .LVU563
 1442              		.loc 1 842 35 is_stmt 0 view .LVU564
 1443 0006 02F01F02 		and	r2, r2, #31
 1444              		.loc 1 842 12 view .LVU565
 1445 000a 0121     		movs	r1, #1
 1446 000c 01FA02F2 		lsl	r2, r1, r2
ARM GAS  /var/folders/2r/mdtt8xvd351gdc398t28_m2m0000gn/T//ccY3u57q.s 			page 44


 1447              	.LVL197:
 843:../../Drivers/STM32H7xx_HAL_Driver/Src/stm32h7xx_hal_exti.c **** 
 844:../../Drivers/STM32H7xx_HAL_Driver/Src/stm32h7xx_hal_exti.c ****   regaddr = (__IO uint32_t *)(&EXTI->SWIER1 + (EXTI_CONFIG_OFFSET * offset));
 1448              		.loc 1 844 3 is_stmt 1 view .LVU566
 1449              		.loc 1 844 13 is_stmt 0 view .LVU567
 1450 0010 5B01     		lsls	r3, r3, #5
 1451              	.LVL198:
 1452              		.loc 1 844 11 view .LVU568
 1453 0012 03F1B043 		add	r3, r3, #1476395008
 1454              	.LVL199:
 845:../../Drivers/STM32H7xx_HAL_Driver/Src/stm32h7xx_hal_exti.c ****   *regaddr = maskline;
 1455              		.loc 1 845 3 is_stmt 1 view .LVU569
 1456              		.loc 1 845 12 is_stmt 0 view .LVU570
 1457 0016 9A60     		str	r2, [r3, #8]
 1458              	.LVL200:
 846:../../Drivers/STM32H7xx_HAL_Driver/Src/stm32h7xx_hal_exti.c **** }
 1459              		.loc 1 846 1 view .LVU571
 1460 0018 7047     		bx	lr
 1461              		.cfi_endproc
 1462              	.LFE140:
 1464              		.text
 1465              	.Letext0:
 1466              		.file 2 "/Applications/ArmGNUToolchain/15.2.rel1/arm-none-eabi/arm-none-eabi/include/machine/_defa
 1467              		.file 3 "/Applications/ArmGNUToolchain/15.2.rel1/arm-none-eabi/arm-none-eabi/include/sys/_stdint.h
 1468              		.file 4 "../../Drivers/CMSIS/Device/ST/STM32H7xx/Include/stm32h755xx.h"
 1469              		.file 5 "../../Drivers/STM32H7xx_HAL_Driver/Inc/stm32h7xx_hal_def.h"
 1470              		.file 6 "../../Drivers/STM32H7xx_HAL_Driver/Inc/stm32h7xx_hal_exti.h"
 1471              		.file 7 "../../Drivers/STM32H7xx_HAL_Driver/Inc/stm32h7xx_hal_cortex.h"
ARM GAS  /var/folders/2r/mdtt8xvd351gdc398t28_m2m0000gn/T//ccY3u57q.s 			page 45


DEFINED SYMBOLS
                            *ABS*:00000000 stm32h7xx_hal_exti.c
/var/folders/2r/mdtt8xvd351gdc398t28_m2m0000gn/T//ccY3u57q.s:19     .text.HAL_EXTI_SetConfigLine:00000000 $t
/var/folders/2r/mdtt8xvd351gdc398t28_m2m0000gn/T//ccY3u57q.s:25     .text.HAL_EXTI_SetConfigLine:00000000 HAL_EXTI_SetConfigLine
/var/folders/2r/mdtt8xvd351gdc398t28_m2m0000gn/T//ccY3u57q.s:452    .text.HAL_EXTI_SetConfigLine:00000188 $d
/var/folders/2r/mdtt8xvd351gdc398t28_m2m0000gn/T//ccY3u57q.s:457    .text.HAL_EXTI_GetConfigLine:00000000 $t
/var/folders/2r/mdtt8xvd351gdc398t28_m2m0000gn/T//ccY3u57q.s:463    .text.HAL_EXTI_GetConfigLine:00000000 HAL_EXTI_GetConfigLine
/var/folders/2r/mdtt8xvd351gdc398t28_m2m0000gn/T//ccY3u57q.s:798    .text.HAL_EXTI_GetConfigLine:00000130 $d
/var/folders/2r/mdtt8xvd351gdc398t28_m2m0000gn/T//ccY3u57q.s:803    .text.HAL_EXTI_ClearConfigLine:00000000 $t
/var/folders/2r/mdtt8xvd351gdc398t28_m2m0000gn/T//ccY3u57q.s:809    .text.HAL_EXTI_ClearConfigLine:00000000 HAL_EXTI_ClearConfigLine
/var/folders/2r/mdtt8xvd351gdc398t28_m2m0000gn/T//ccY3u57q.s:1071   .text.HAL_EXTI_ClearConfigLine:000000f0 $d
/var/folders/2r/mdtt8xvd351gdc398t28_m2m0000gn/T//ccY3u57q.s:1076   .text.HAL_EXTI_RegisterCallback:00000000 $t
/var/folders/2r/mdtt8xvd351gdc398t28_m2m0000gn/T//ccY3u57q.s:1082   .text.HAL_EXTI_RegisterCallback:00000000 HAL_EXTI_RegisterCallback
/var/folders/2r/mdtt8xvd351gdc398t28_m2m0000gn/T//ccY3u57q.s:1123   .text.HAL_EXTI_GetHandle:00000000 $t
/var/folders/2r/mdtt8xvd351gdc398t28_m2m0000gn/T//ccY3u57q.s:1129   .text.HAL_EXTI_GetHandle:00000000 HAL_EXTI_GetHandle
/var/folders/2r/mdtt8xvd351gdc398t28_m2m0000gn/T//ccY3u57q.s:1161   .text.HAL_EXTI_IRQHandler:00000000 $t
/var/folders/2r/mdtt8xvd351gdc398t28_m2m0000gn/T//ccY3u57q.s:1167   .text.HAL_EXTI_IRQHandler:00000000 HAL_EXTI_IRQHandler
/var/folders/2r/mdtt8xvd351gdc398t28_m2m0000gn/T//ccY3u57q.s:1253   .text.HAL_EXTI_GetPending:00000000 $t
/var/folders/2r/mdtt8xvd351gdc398t28_m2m0000gn/T//ccY3u57q.s:1259   .text.HAL_EXTI_GetPending:00000000 HAL_EXTI_GetPending
/var/folders/2r/mdtt8xvd351gdc398t28_m2m0000gn/T//ccY3u57q.s:1340   .text.HAL_EXTI_ClearPending:00000000 $t
/var/folders/2r/mdtt8xvd351gdc398t28_m2m0000gn/T//ccY3u57q.s:1346   .text.HAL_EXTI_ClearPending:00000000 HAL_EXTI_ClearPending
/var/folders/2r/mdtt8xvd351gdc398t28_m2m0000gn/T//ccY3u57q.s:1416   .text.HAL_EXTI_GenerateSWI:00000000 $t
/var/folders/2r/mdtt8xvd351gdc398t28_m2m0000gn/T//ccY3u57q.s:1422   .text.HAL_EXTI_GenerateSWI:00000000 HAL_EXTI_GenerateSWI

UNDEFINED SYMBOLS
HAL_GetCurrentCPUID
