ARM GAS  /var/folders/2r/mdtt8xvd351gdc398t28_m2m0000gn/T//ccZQ9BPT.s 			page 1


   1              		.cpu cortex-m4
   2              		.arch armv7e-m
   3              		.fpu softvfp
   4              		.eabi_attribute 20, 1
   5              		.eabi_attribute 21, 1
   6              		.eabi_attribute 23, 3
   7              		.eabi_attribute 24, 1
   8              		.eabi_attribute 25, 1
   9              		.eabi_attribute 26, 1
  10              		.eabi_attribute 30, 1
  11              		.eabi_attribute 34, 1
  12              		.eabi_attribute 18, 4
  13              		.file	"stm32h7xx_hal_flash_ex.c"
  14              		.text
  15              	.Ltext0:
  16              		.cfi_sections	.debug_frame
  17              		.file 1 "../../Drivers/STM32H7xx_HAL_Driver/Src/stm32h7xx_hal_flash_ex.c"
  18              		.section	.text.FLASH_MassErase,"ax",%progbits
  19              		.align	1
  20              		.syntax unified
  21              		.thumb
  22              		.thumb_func
  24              	FLASH_MassErase:
  25              	.LVL0:
  26              	.LFB141:
   1:../../Drivers/STM32H7xx_HAL_Driver/Src/stm32h7xx_hal_flash_ex.c **** /**
   2:../../Drivers/STM32H7xx_HAL_Driver/Src/stm32h7xx_hal_flash_ex.c ****   ******************************************************************************
   3:../../Drivers/STM32H7xx_HAL_Driver/Src/stm32h7xx_hal_flash_ex.c ****   * @file    stm32h7xx_hal_flash_ex.c
   4:../../Drivers/STM32H7xx_HAL_Driver/Src/stm32h7xx_hal_flash_ex.c ****   * @author  MCD Application Team
   5:../../Drivers/STM32H7xx_HAL_Driver/Src/stm32h7xx_hal_flash_ex.c ****   * @brief   Extended FLASH HAL module driver.
   6:../../Drivers/STM32H7xx_HAL_Driver/Src/stm32h7xx_hal_flash_ex.c ****   *          This file provides firmware functions to manage the following
   7:../../Drivers/STM32H7xx_HAL_Driver/Src/stm32h7xx_hal_flash_ex.c ****   *          functionalities of the FLASH extension peripheral:
   8:../../Drivers/STM32H7xx_HAL_Driver/Src/stm32h7xx_hal_flash_ex.c ****   *           + Extended programming operations functions
   9:../../Drivers/STM32H7xx_HAL_Driver/Src/stm32h7xx_hal_flash_ex.c ****   *
  10:../../Drivers/STM32H7xx_HAL_Driver/Src/stm32h7xx_hal_flash_ex.c ****  @verbatim
  11:../../Drivers/STM32H7xx_HAL_Driver/Src/stm32h7xx_hal_flash_ex.c ****  ==============================================================================
  12:../../Drivers/STM32H7xx_HAL_Driver/Src/stm32h7xx_hal_flash_ex.c ****                    ##### Flash Extension features #####
  13:../../Drivers/STM32H7xx_HAL_Driver/Src/stm32h7xx_hal_flash_ex.c ****   ==============================================================================
  14:../../Drivers/STM32H7xx_HAL_Driver/Src/stm32h7xx_hal_flash_ex.c **** 
  15:../../Drivers/STM32H7xx_HAL_Driver/Src/stm32h7xx_hal_flash_ex.c ****   [..] Comparing to other previous devices, the FLASH interface for STM32H7xx
  16:../../Drivers/STM32H7xx_HAL_Driver/Src/stm32h7xx_hal_flash_ex.c ****        devices contains the following additional features
  17:../../Drivers/STM32H7xx_HAL_Driver/Src/stm32h7xx_hal_flash_ex.c **** 
  18:../../Drivers/STM32H7xx_HAL_Driver/Src/stm32h7xx_hal_flash_ex.c ****        (+) Capacity up to 2 Mbyte with dual bank architecture supporting read-while-write
  19:../../Drivers/STM32H7xx_HAL_Driver/Src/stm32h7xx_hal_flash_ex.c ****            capability (RWW)
  20:../../Drivers/STM32H7xx_HAL_Driver/Src/stm32h7xx_hal_flash_ex.c ****        (+) Dual bank memory organization
  21:../../Drivers/STM32H7xx_HAL_Driver/Src/stm32h7xx_hal_flash_ex.c ****        (+) PCROP protection for all banks
  22:../../Drivers/STM32H7xx_HAL_Driver/Src/stm32h7xx_hal_flash_ex.c ****        (+) Global readout protection (RDP)
  23:../../Drivers/STM32H7xx_HAL_Driver/Src/stm32h7xx_hal_flash_ex.c ****        (+) Write protection
  24:../../Drivers/STM32H7xx_HAL_Driver/Src/stm32h7xx_hal_flash_ex.c ****        (+) Secure access only protection
  25:../../Drivers/STM32H7xx_HAL_Driver/Src/stm32h7xx_hal_flash_ex.c ****        (+) Bank / register swapping (when Dual-Bank)
  26:../../Drivers/STM32H7xx_HAL_Driver/Src/stm32h7xx_hal_flash_ex.c ****        (+) Cyclic Redundancy Check (CRC)
  27:../../Drivers/STM32H7xx_HAL_Driver/Src/stm32h7xx_hal_flash_ex.c **** 
  28:../../Drivers/STM32H7xx_HAL_Driver/Src/stm32h7xx_hal_flash_ex.c ****                         ##### How to use this driver #####
  29:../../Drivers/STM32H7xx_HAL_Driver/Src/stm32h7xx_hal_flash_ex.c ****  ==============================================================================
  30:../../Drivers/STM32H7xx_HAL_Driver/Src/stm32h7xx_hal_flash_ex.c ****   [..] This driver provides functions to configure and program the FLASH memory
  31:../../Drivers/STM32H7xx_HAL_Driver/Src/stm32h7xx_hal_flash_ex.c ****        of all STM32H7xx devices. It includes
  32:../../Drivers/STM32H7xx_HAL_Driver/Src/stm32h7xx_hal_flash_ex.c ****       (#) FLASH Memory Erase functions:
ARM GAS  /var/folders/2r/mdtt8xvd351gdc398t28_m2m0000gn/T//ccZQ9BPT.s 			page 2


  33:../../Drivers/STM32H7xx_HAL_Driver/Src/stm32h7xx_hal_flash_ex.c ****            (++) Lock and Unlock the FLASH interface using HAL_FLASH_Unlock() and
  34:../../Drivers/STM32H7xx_HAL_Driver/Src/stm32h7xx_hal_flash_ex.c ****                 HAL_FLASH_Lock() functions
  35:../../Drivers/STM32H7xx_HAL_Driver/Src/stm32h7xx_hal_flash_ex.c ****            (++) Erase function: Sector erase, bank erase and dual-bank mass erase
  36:../../Drivers/STM32H7xx_HAL_Driver/Src/stm32h7xx_hal_flash_ex.c ****            (++) There are two modes of erase :
  37:../../Drivers/STM32H7xx_HAL_Driver/Src/stm32h7xx_hal_flash_ex.c ****              (+++) Polling Mode using HAL_FLASHEx_Erase()
  38:../../Drivers/STM32H7xx_HAL_Driver/Src/stm32h7xx_hal_flash_ex.c ****              (+++) Interrupt Mode using HAL_FLASHEx_Erase_IT()
  39:../../Drivers/STM32H7xx_HAL_Driver/Src/stm32h7xx_hal_flash_ex.c **** 
  40:../../Drivers/STM32H7xx_HAL_Driver/Src/stm32h7xx_hal_flash_ex.c ****       (#) Option Bytes Programming functions: Use HAL_FLASHEx_OBProgram() to:
  41:../../Drivers/STM32H7xx_HAL_Driver/Src/stm32h7xx_hal_flash_ex.c ****         (++) Set/Reset the write protection per bank
  42:../../Drivers/STM32H7xx_HAL_Driver/Src/stm32h7xx_hal_flash_ex.c ****         (++) Set the Read protection Level
  43:../../Drivers/STM32H7xx_HAL_Driver/Src/stm32h7xx_hal_flash_ex.c ****         (++) Set the BOR level
  44:../../Drivers/STM32H7xx_HAL_Driver/Src/stm32h7xx_hal_flash_ex.c ****         (++) Program the user Option Bytes
  45:../../Drivers/STM32H7xx_HAL_Driver/Src/stm32h7xx_hal_flash_ex.c ****         (++) PCROP protection configuration and control per bank
  46:../../Drivers/STM32H7xx_HAL_Driver/Src/stm32h7xx_hal_flash_ex.c ****         (++) Secure area configuration and control per bank
  47:../../Drivers/STM32H7xx_HAL_Driver/Src/stm32h7xx_hal_flash_ex.c ****         (++) Core Boot address configuration
  48:../../Drivers/STM32H7xx_HAL_Driver/Src/stm32h7xx_hal_flash_ex.c ****         (++) TCM / AXI shared RAM configuration
  49:../../Drivers/STM32H7xx_HAL_Driver/Src/stm32h7xx_hal_flash_ex.c ****         (++) CPU Frequency Boost configuration
  50:../../Drivers/STM32H7xx_HAL_Driver/Src/stm32h7xx_hal_flash_ex.c **** 
  51:../../Drivers/STM32H7xx_HAL_Driver/Src/stm32h7xx_hal_flash_ex.c ****       (#) FLASH Memory Lock and unlock per Bank: HAL_FLASHEx_Lock_Bank1(), HAL_FLASHEx_Unlock_Bank1
  52:../../Drivers/STM32H7xx_HAL_Driver/Src/stm32h7xx_hal_flash_ex.c ****           HAL_FLASHEx_Lock_Bank2() and HAL_FLASHEx_Unlock_Bank2() functions
  53:../../Drivers/STM32H7xx_HAL_Driver/Src/stm32h7xx_hal_flash_ex.c **** 
  54:../../Drivers/STM32H7xx_HAL_Driver/Src/stm32h7xx_hal_flash_ex.c ****       (#) FLASH CRC computation function: Use HAL_FLASHEx_ComputeCRC() to:
  55:../../Drivers/STM32H7xx_HAL_Driver/Src/stm32h7xx_hal_flash_ex.c ****           (++) Enable CRC feature
  56:../../Drivers/STM32H7xx_HAL_Driver/Src/stm32h7xx_hal_flash_ex.c ****           (++) Program the desired burst size
  57:../../Drivers/STM32H7xx_HAL_Driver/Src/stm32h7xx_hal_flash_ex.c ****           (++) Define the user Flash Area on which the CRC has be computed
  58:../../Drivers/STM32H7xx_HAL_Driver/Src/stm32h7xx_hal_flash_ex.c ****           (++) Perform the CRC computation
  59:../../Drivers/STM32H7xx_HAL_Driver/Src/stm32h7xx_hal_flash_ex.c ****           (++) Disable CRC feature
  60:../../Drivers/STM32H7xx_HAL_Driver/Src/stm32h7xx_hal_flash_ex.c **** 
  61:../../Drivers/STM32H7xx_HAL_Driver/Src/stm32h7xx_hal_flash_ex.c ****       (#) Error correction code error functions:
  62:../../Drivers/STM32H7xx_HAL_Driver/Src/stm32h7xx_hal_flash_ex.c ****           (++) Use the HAL_FLASHEx_EnableEccCorrectionInterrupt() and HAL_FLASHEx_DisableEccCorrect
  63:../../Drivers/STM32H7xx_HAL_Driver/Src/stm32h7xx_hal_flash_ex.c ****                functions to enable and disable the FLASH ECC correction interruption.
  64:../../Drivers/STM32H7xx_HAL_Driver/Src/stm32h7xx_hal_flash_ex.c ****           (++) Use the HAL_FLASHEx_EnableEccDetectionInterrupt() and HAL_FLASHEx_DisableEccDetectio
  65:../../Drivers/STM32H7xx_HAL_Driver/Src/stm32h7xx_hal_flash_ex.c ****                functions to enable and disable the FLASH ECC Detection interruption.
  66:../../Drivers/STM32H7xx_HAL_Driver/Src/stm32h7xx_hal_flash_ex.c ****           (++) Handle ECCD interrupt by calling HAL_FLASHEx_BusFault_IRQHandler()
  67:../../Drivers/STM32H7xx_HAL_Driver/Src/stm32h7xx_hal_flash_ex.c ****           (++) Use HAL_FLASHEx_BusFault_IRQHandler() function called under BusFault_IRQHandler() in
  68:../../Drivers/STM32H7xx_HAL_Driver/Src/stm32h7xx_hal_flash_ex.c ****                to handle the ECCD interrupt.
  69:../../Drivers/STM32H7xx_HAL_Driver/Src/stm32h7xx_hal_flash_ex.c ****           (++) Use HAL_FLASHEx_GetEccInfo() function to get the flash ECC fail information.
  70:../../Drivers/STM32H7xx_HAL_Driver/Src/stm32h7xx_hal_flash_ex.c **** 
  71:../../Drivers/STM32H7xx_HAL_Driver/Src/stm32h7xx_hal_flash_ex.c ****  @endverbatim
  72:../../Drivers/STM32H7xx_HAL_Driver/Src/stm32h7xx_hal_flash_ex.c ****   ******************************************************************************
  73:../../Drivers/STM32H7xx_HAL_Driver/Src/stm32h7xx_hal_flash_ex.c ****   * @attention
  74:../../Drivers/STM32H7xx_HAL_Driver/Src/stm32h7xx_hal_flash_ex.c ****   *
  75:../../Drivers/STM32H7xx_HAL_Driver/Src/stm32h7xx_hal_flash_ex.c ****   * Copyright (c) 2017 STMicroelectronics.
  76:../../Drivers/STM32H7xx_HAL_Driver/Src/stm32h7xx_hal_flash_ex.c ****   * All rights reserved.
  77:../../Drivers/STM32H7xx_HAL_Driver/Src/stm32h7xx_hal_flash_ex.c ****   *
  78:../../Drivers/STM32H7xx_HAL_Driver/Src/stm32h7xx_hal_flash_ex.c ****   * This software is licensed under terms that can be found in the LICENSE file in
  79:../../Drivers/STM32H7xx_HAL_Driver/Src/stm32h7xx_hal_flash_ex.c ****   * the root directory of this software component.
  80:../../Drivers/STM32H7xx_HAL_Driver/Src/stm32h7xx_hal_flash_ex.c ****   * If no LICENSE file comes with this software, it is provided AS-IS.
  81:../../Drivers/STM32H7xx_HAL_Driver/Src/stm32h7xx_hal_flash_ex.c ****   ******************************************************************************
  82:../../Drivers/STM32H7xx_HAL_Driver/Src/stm32h7xx_hal_flash_ex.c ****   */
  83:../../Drivers/STM32H7xx_HAL_Driver/Src/stm32h7xx_hal_flash_ex.c **** 
  84:../../Drivers/STM32H7xx_HAL_Driver/Src/stm32h7xx_hal_flash_ex.c **** /* Includes ------------------------------------------------------------------*/
  85:../../Drivers/STM32H7xx_HAL_Driver/Src/stm32h7xx_hal_flash_ex.c **** #include "stm32h7xx_hal.h"
  86:../../Drivers/STM32H7xx_HAL_Driver/Src/stm32h7xx_hal_flash_ex.c **** 
  87:../../Drivers/STM32H7xx_HAL_Driver/Src/stm32h7xx_hal_flash_ex.c **** /** @addtogroup STM32H7xx_HAL_Driver
  88:../../Drivers/STM32H7xx_HAL_Driver/Src/stm32h7xx_hal_flash_ex.c ****   * @{
  89:../../Drivers/STM32H7xx_HAL_Driver/Src/stm32h7xx_hal_flash_ex.c ****   */
ARM GAS  /var/folders/2r/mdtt8xvd351gdc398t28_m2m0000gn/T//ccZQ9BPT.s 			page 3


  90:../../Drivers/STM32H7xx_HAL_Driver/Src/stm32h7xx_hal_flash_ex.c **** 
  91:../../Drivers/STM32H7xx_HAL_Driver/Src/stm32h7xx_hal_flash_ex.c **** /** @defgroup FLASHEx  FLASHEx
  92:../../Drivers/STM32H7xx_HAL_Driver/Src/stm32h7xx_hal_flash_ex.c ****   * @brief FLASH HAL Extension module driver
  93:../../Drivers/STM32H7xx_HAL_Driver/Src/stm32h7xx_hal_flash_ex.c ****   * @{
  94:../../Drivers/STM32H7xx_HAL_Driver/Src/stm32h7xx_hal_flash_ex.c ****   */
  95:../../Drivers/STM32H7xx_HAL_Driver/Src/stm32h7xx_hal_flash_ex.c **** 
  96:../../Drivers/STM32H7xx_HAL_Driver/Src/stm32h7xx_hal_flash_ex.c **** #ifdef HAL_FLASH_MODULE_ENABLED
  97:../../Drivers/STM32H7xx_HAL_Driver/Src/stm32h7xx_hal_flash_ex.c **** 
  98:../../Drivers/STM32H7xx_HAL_Driver/Src/stm32h7xx_hal_flash_ex.c **** /* Private typedef -----------------------------------------------------------*/
  99:../../Drivers/STM32H7xx_HAL_Driver/Src/stm32h7xx_hal_flash_ex.c **** /* Private define ------------------------------------------------------------*/
 100:../../Drivers/STM32H7xx_HAL_Driver/Src/stm32h7xx_hal_flash_ex.c **** /** @addtogroup FLASHEx_Private_Constants
 101:../../Drivers/STM32H7xx_HAL_Driver/Src/stm32h7xx_hal_flash_ex.c ****   * @{
 102:../../Drivers/STM32H7xx_HAL_Driver/Src/stm32h7xx_hal_flash_ex.c ****   */
 103:../../Drivers/STM32H7xx_HAL_Driver/Src/stm32h7xx_hal_flash_ex.c **** #define FLASH_TIMEOUT_VALUE       50000U /* 50 s */
 104:../../Drivers/STM32H7xx_HAL_Driver/Src/stm32h7xx_hal_flash_ex.c **** 
 105:../../Drivers/STM32H7xx_HAL_Driver/Src/stm32h7xx_hal_flash_ex.c **** /**
 106:../../Drivers/STM32H7xx_HAL_Driver/Src/stm32h7xx_hal_flash_ex.c ****   * @}
 107:../../Drivers/STM32H7xx_HAL_Driver/Src/stm32h7xx_hal_flash_ex.c ****   */
 108:../../Drivers/STM32H7xx_HAL_Driver/Src/stm32h7xx_hal_flash_ex.c **** /* Private macro -------------------------------------------------------------*/
 109:../../Drivers/STM32H7xx_HAL_Driver/Src/stm32h7xx_hal_flash_ex.c **** /* Private variables ---------------------------------------------------------*/
 110:../../Drivers/STM32H7xx_HAL_Driver/Src/stm32h7xx_hal_flash_ex.c **** /* Private function prototypes -----------------------------------------------*/
 111:../../Drivers/STM32H7xx_HAL_Driver/Src/stm32h7xx_hal_flash_ex.c **** /** @defgroup FLASHEx_Private_Functions FLASHEx Private Functions
 112:../../Drivers/STM32H7xx_HAL_Driver/Src/stm32h7xx_hal_flash_ex.c ****   * @{
 113:../../Drivers/STM32H7xx_HAL_Driver/Src/stm32h7xx_hal_flash_ex.c ****   */
 114:../../Drivers/STM32H7xx_HAL_Driver/Src/stm32h7xx_hal_flash_ex.c **** static void FLASH_MassErase(uint32_t VoltageRange, uint32_t Banks);
 115:../../Drivers/STM32H7xx_HAL_Driver/Src/stm32h7xx_hal_flash_ex.c **** static void FLASH_OB_EnableWRP(uint32_t WRPSector, uint32_t Banks);
 116:../../Drivers/STM32H7xx_HAL_Driver/Src/stm32h7xx_hal_flash_ex.c **** static void FLASH_OB_DisableWRP(uint32_t WRPSector, uint32_t Bank);
 117:../../Drivers/STM32H7xx_HAL_Driver/Src/stm32h7xx_hal_flash_ex.c **** static void FLASH_OB_GetWRP(uint32_t *WRPState, uint32_t *WRPSector, uint32_t Bank);
 118:../../Drivers/STM32H7xx_HAL_Driver/Src/stm32h7xx_hal_flash_ex.c **** static void FLASH_OB_RDPConfig(uint32_t RDPLevel);
 119:../../Drivers/STM32H7xx_HAL_Driver/Src/stm32h7xx_hal_flash_ex.c **** static uint32_t FLASH_OB_GetRDP(void);
 120:../../Drivers/STM32H7xx_HAL_Driver/Src/stm32h7xx_hal_flash_ex.c **** static void FLASH_OB_PCROPConfig(uint32_t PCROConfigRDP, uint32_t PCROPStartAddr, uint32_t PCROPEnd
 121:../../Drivers/STM32H7xx_HAL_Driver/Src/stm32h7xx_hal_flash_ex.c **** static void FLASH_OB_GetPCROP(uint32_t *PCROPConfig, uint32_t *PCROPStartAddr,uint32_t *PCROPEndAdd
 122:../../Drivers/STM32H7xx_HAL_Driver/Src/stm32h7xx_hal_flash_ex.c **** static void FLASH_OB_BOR_LevelConfig(uint32_t Level);
 123:../../Drivers/STM32H7xx_HAL_Driver/Src/stm32h7xx_hal_flash_ex.c **** static uint32_t FLASH_OB_GetBOR(void);
 124:../../Drivers/STM32H7xx_HAL_Driver/Src/stm32h7xx_hal_flash_ex.c **** static void FLASH_OB_UserConfig(uint32_t UserType, uint32_t UserConfig);
 125:../../Drivers/STM32H7xx_HAL_Driver/Src/stm32h7xx_hal_flash_ex.c **** static uint32_t FLASH_OB_GetUser(void);
 126:../../Drivers/STM32H7xx_HAL_Driver/Src/stm32h7xx_hal_flash_ex.c **** static void FLASH_OB_BootAddConfig(uint32_t BootOption, uint32_t BootAddress0, uint32_t BootAddress
 127:../../Drivers/STM32H7xx_HAL_Driver/Src/stm32h7xx_hal_flash_ex.c **** static void FLASH_OB_GetBootAdd(uint32_t *BootAddress0, uint32_t *BootAddress1);
 128:../../Drivers/STM32H7xx_HAL_Driver/Src/stm32h7xx_hal_flash_ex.c **** static void FLASH_OB_SecureAreaConfig(uint32_t SecureAreaConfig, uint32_t SecureAreaStartAddr, uint
 129:../../Drivers/STM32H7xx_HAL_Driver/Src/stm32h7xx_hal_flash_ex.c **** static void FLASH_OB_GetSecureArea(uint32_t *SecureAreaConfig, uint32_t *SecureAreaStartAddr, uint3
 130:../../Drivers/STM32H7xx_HAL_Driver/Src/stm32h7xx_hal_flash_ex.c **** static void FLASH_CRC_AddSector(uint32_t Sector, uint32_t Bank);
 131:../../Drivers/STM32H7xx_HAL_Driver/Src/stm32h7xx_hal_flash_ex.c **** static void FLASH_CRC_SelectAddress(uint32_t CRCStartAddr, uint32_t CRCEndAddr, uint32_t Bank);
 132:../../Drivers/STM32H7xx_HAL_Driver/Src/stm32h7xx_hal_flash_ex.c **** 
 133:../../Drivers/STM32H7xx_HAL_Driver/Src/stm32h7xx_hal_flash_ex.c **** #if defined (DUAL_CORE)
 134:../../Drivers/STM32H7xx_HAL_Driver/Src/stm32h7xx_hal_flash_ex.c **** static void FLASH_OB_CM4BootAddConfig(uint32_t BootOption, uint32_t BootAddress0, uint32_t BootAddr
 135:../../Drivers/STM32H7xx_HAL_Driver/Src/stm32h7xx_hal_flash_ex.c **** static void FLASH_OB_GetCM4BootAdd(uint32_t *BootAddress0, uint32_t *BootAddress1);
 136:../../Drivers/STM32H7xx_HAL_Driver/Src/stm32h7xx_hal_flash_ex.c **** #endif /*DUAL_CORE*/
 137:../../Drivers/STM32H7xx_HAL_Driver/Src/stm32h7xx_hal_flash_ex.c **** 
 138:../../Drivers/STM32H7xx_HAL_Driver/Src/stm32h7xx_hal_flash_ex.c **** #if defined (FLASH_OTPBL_LOCKBL)
 139:../../Drivers/STM32H7xx_HAL_Driver/Src/stm32h7xx_hal_flash_ex.c **** static void FLASH_OB_OTP_LockConfig(uint32_t OTP_Block);
 140:../../Drivers/STM32H7xx_HAL_Driver/Src/stm32h7xx_hal_flash_ex.c **** static uint32_t FLASH_OB_OTP_GetLock(void);
 141:../../Drivers/STM32H7xx_HAL_Driver/Src/stm32h7xx_hal_flash_ex.c **** #endif /* FLASH_OTPBL_LOCKBL */
 142:../../Drivers/STM32H7xx_HAL_Driver/Src/stm32h7xx_hal_flash_ex.c **** 
 143:../../Drivers/STM32H7xx_HAL_Driver/Src/stm32h7xx_hal_flash_ex.c **** #if defined (FLASH_OPTSR2_TCM_AXI_SHARED)
 144:../../Drivers/STM32H7xx_HAL_Driver/Src/stm32h7xx_hal_flash_ex.c **** static void FLASH_OB_SharedRAM_Config(uint32_t SharedRamConfig);
 145:../../Drivers/STM32H7xx_HAL_Driver/Src/stm32h7xx_hal_flash_ex.c **** static uint32_t FLASH_OB_SharedRAM_GetConfig(void);
 146:../../Drivers/STM32H7xx_HAL_Driver/Src/stm32h7xx_hal_flash_ex.c **** #endif /* FLASH_OPTSR2_TCM_AXI_SHARED */
ARM GAS  /var/folders/2r/mdtt8xvd351gdc398t28_m2m0000gn/T//ccZQ9BPT.s 			page 4


 147:../../Drivers/STM32H7xx_HAL_Driver/Src/stm32h7xx_hal_flash_ex.c **** 
 148:../../Drivers/STM32H7xx_HAL_Driver/Src/stm32h7xx_hal_flash_ex.c **** #if defined (FLASH_OPTSR2_CPUFREQ_BOOST)
 149:../../Drivers/STM32H7xx_HAL_Driver/Src/stm32h7xx_hal_flash_ex.c **** static void FLASH_OB_CPUFreq_BoostConfig(uint32_t FreqBoost);
 150:../../Drivers/STM32H7xx_HAL_Driver/Src/stm32h7xx_hal_flash_ex.c **** static uint32_t FLASH_OB_CPUFreq_GetBoost(void);
 151:../../Drivers/STM32H7xx_HAL_Driver/Src/stm32h7xx_hal_flash_ex.c **** #endif /* FLASH_OPTSR2_CPUFREQ_BOOST */
 152:../../Drivers/STM32H7xx_HAL_Driver/Src/stm32h7xx_hal_flash_ex.c **** /**
 153:../../Drivers/STM32H7xx_HAL_Driver/Src/stm32h7xx_hal_flash_ex.c ****   * @}
 154:../../Drivers/STM32H7xx_HAL_Driver/Src/stm32h7xx_hal_flash_ex.c ****   */
 155:../../Drivers/STM32H7xx_HAL_Driver/Src/stm32h7xx_hal_flash_ex.c **** 
 156:../../Drivers/STM32H7xx_HAL_Driver/Src/stm32h7xx_hal_flash_ex.c **** /* Exported functions ---------------------------------------------------------*/
 157:../../Drivers/STM32H7xx_HAL_Driver/Src/stm32h7xx_hal_flash_ex.c **** /** @defgroup FLASHEx_Exported_Functions FLASHEx Exported Functions
 158:../../Drivers/STM32H7xx_HAL_Driver/Src/stm32h7xx_hal_flash_ex.c ****   * @{
 159:../../Drivers/STM32H7xx_HAL_Driver/Src/stm32h7xx_hal_flash_ex.c ****   */
 160:../../Drivers/STM32H7xx_HAL_Driver/Src/stm32h7xx_hal_flash_ex.c **** 
 161:../../Drivers/STM32H7xx_HAL_Driver/Src/stm32h7xx_hal_flash_ex.c **** /** @defgroup FLASHEx_Exported_Functions_Group1 Extended IO operation functions
 162:../../Drivers/STM32H7xx_HAL_Driver/Src/stm32h7xx_hal_flash_ex.c ****  *  @brief   Extended IO operation functions
 163:../../Drivers/STM32H7xx_HAL_Driver/Src/stm32h7xx_hal_flash_ex.c ****  *
 164:../../Drivers/STM32H7xx_HAL_Driver/Src/stm32h7xx_hal_flash_ex.c **** @verbatim
 165:../../Drivers/STM32H7xx_HAL_Driver/Src/stm32h7xx_hal_flash_ex.c ****  ===============================================================================
 166:../../Drivers/STM32H7xx_HAL_Driver/Src/stm32h7xx_hal_flash_ex.c ****                 ##### Extended programming operation functions #####
 167:../../Drivers/STM32H7xx_HAL_Driver/Src/stm32h7xx_hal_flash_ex.c ****  ===============================================================================
 168:../../Drivers/STM32H7xx_HAL_Driver/Src/stm32h7xx_hal_flash_ex.c ****     [..]
 169:../../Drivers/STM32H7xx_HAL_Driver/Src/stm32h7xx_hal_flash_ex.c ****     This subsection provides a set of functions allowing to manage the Extension FLASH
 170:../../Drivers/STM32H7xx_HAL_Driver/Src/stm32h7xx_hal_flash_ex.c ****     programming operations Operations.
 171:../../Drivers/STM32H7xx_HAL_Driver/Src/stm32h7xx_hal_flash_ex.c **** 
 172:../../Drivers/STM32H7xx_HAL_Driver/Src/stm32h7xx_hal_flash_ex.c **** @endverbatim
 173:../../Drivers/STM32H7xx_HAL_Driver/Src/stm32h7xx_hal_flash_ex.c ****   * @{
 174:../../Drivers/STM32H7xx_HAL_Driver/Src/stm32h7xx_hal_flash_ex.c ****   */
 175:../../Drivers/STM32H7xx_HAL_Driver/Src/stm32h7xx_hal_flash_ex.c **** /**
 176:../../Drivers/STM32H7xx_HAL_Driver/Src/stm32h7xx_hal_flash_ex.c ****   * @brief  Perform a mass erase or erase the specified FLASH memory sectors
 177:../../Drivers/STM32H7xx_HAL_Driver/Src/stm32h7xx_hal_flash_ex.c ****   * @param[in]  pEraseInit pointer to an FLASH_EraseInitTypeDef structure that
 178:../../Drivers/STM32H7xx_HAL_Driver/Src/stm32h7xx_hal_flash_ex.c ****   *         contains the configuration information for the erasing.
 179:../../Drivers/STM32H7xx_HAL_Driver/Src/stm32h7xx_hal_flash_ex.c ****   *
 180:../../Drivers/STM32H7xx_HAL_Driver/Src/stm32h7xx_hal_flash_ex.c ****   * @param[out]  SectorError pointer to variable  that contains the configuration
 181:../../Drivers/STM32H7xx_HAL_Driver/Src/stm32h7xx_hal_flash_ex.c ****   *          information on faulty sector in case of error (0xFFFFFFFF means that all
 182:../../Drivers/STM32H7xx_HAL_Driver/Src/stm32h7xx_hal_flash_ex.c ****   *          the sectors have been correctly erased)
 183:../../Drivers/STM32H7xx_HAL_Driver/Src/stm32h7xx_hal_flash_ex.c ****   *
 184:../../Drivers/STM32H7xx_HAL_Driver/Src/stm32h7xx_hal_flash_ex.c ****   * @retval HAL Status
 185:../../Drivers/STM32H7xx_HAL_Driver/Src/stm32h7xx_hal_flash_ex.c ****   */
 186:../../Drivers/STM32H7xx_HAL_Driver/Src/stm32h7xx_hal_flash_ex.c **** HAL_StatusTypeDef HAL_FLASHEx_Erase(FLASH_EraseInitTypeDef *pEraseInit, uint32_t *SectorError)
 187:../../Drivers/STM32H7xx_HAL_Driver/Src/stm32h7xx_hal_flash_ex.c **** {
 188:../../Drivers/STM32H7xx_HAL_Driver/Src/stm32h7xx_hal_flash_ex.c ****   HAL_StatusTypeDef status = HAL_OK;
 189:../../Drivers/STM32H7xx_HAL_Driver/Src/stm32h7xx_hal_flash_ex.c ****   uint32_t sector_index;
 190:../../Drivers/STM32H7xx_HAL_Driver/Src/stm32h7xx_hal_flash_ex.c **** 
 191:../../Drivers/STM32H7xx_HAL_Driver/Src/stm32h7xx_hal_flash_ex.c ****   /* Check the parameters */
 192:../../Drivers/STM32H7xx_HAL_Driver/Src/stm32h7xx_hal_flash_ex.c ****   assert_param(IS_FLASH_TYPEERASE(pEraseInit->TypeErase));
 193:../../Drivers/STM32H7xx_HAL_Driver/Src/stm32h7xx_hal_flash_ex.c ****   assert_param(IS_FLASH_BANK(pEraseInit->Banks));
 194:../../Drivers/STM32H7xx_HAL_Driver/Src/stm32h7xx_hal_flash_ex.c **** 
 195:../../Drivers/STM32H7xx_HAL_Driver/Src/stm32h7xx_hal_flash_ex.c ****   /* Process Locked */
 196:../../Drivers/STM32H7xx_HAL_Driver/Src/stm32h7xx_hal_flash_ex.c ****   __HAL_LOCK(&pFlash);
 197:../../Drivers/STM32H7xx_HAL_Driver/Src/stm32h7xx_hal_flash_ex.c **** 
 198:../../Drivers/STM32H7xx_HAL_Driver/Src/stm32h7xx_hal_flash_ex.c ****   /* Reset error code */
 199:../../Drivers/STM32H7xx_HAL_Driver/Src/stm32h7xx_hal_flash_ex.c ****   pFlash.ErrorCode = HAL_FLASH_ERROR_NONE;
 200:../../Drivers/STM32H7xx_HAL_Driver/Src/stm32h7xx_hal_flash_ex.c **** 
 201:../../Drivers/STM32H7xx_HAL_Driver/Src/stm32h7xx_hal_flash_ex.c ****   /* Wait for last operation to be completed on Bank1 */
 202:../../Drivers/STM32H7xx_HAL_Driver/Src/stm32h7xx_hal_flash_ex.c ****   if((pEraseInit->Banks & FLASH_BANK_1) == FLASH_BANK_1)
 203:../../Drivers/STM32H7xx_HAL_Driver/Src/stm32h7xx_hal_flash_ex.c ****   {
ARM GAS  /var/folders/2r/mdtt8xvd351gdc398t28_m2m0000gn/T//ccZQ9BPT.s 			page 5


 204:../../Drivers/STM32H7xx_HAL_Driver/Src/stm32h7xx_hal_flash_ex.c ****     if(FLASH_WaitForLastOperation((uint32_t)FLASH_TIMEOUT_VALUE, FLASH_BANK_1) != HAL_OK)
 205:../../Drivers/STM32H7xx_HAL_Driver/Src/stm32h7xx_hal_flash_ex.c ****     {
 206:../../Drivers/STM32H7xx_HAL_Driver/Src/stm32h7xx_hal_flash_ex.c ****       status = HAL_ERROR;
 207:../../Drivers/STM32H7xx_HAL_Driver/Src/stm32h7xx_hal_flash_ex.c ****     }
 208:../../Drivers/STM32H7xx_HAL_Driver/Src/stm32h7xx_hal_flash_ex.c ****   }
 209:../../Drivers/STM32H7xx_HAL_Driver/Src/stm32h7xx_hal_flash_ex.c **** 
 210:../../Drivers/STM32H7xx_HAL_Driver/Src/stm32h7xx_hal_flash_ex.c **** #if defined (DUAL_BANK)
 211:../../Drivers/STM32H7xx_HAL_Driver/Src/stm32h7xx_hal_flash_ex.c ****   /* Wait for last operation to be completed on Bank2 */
 212:../../Drivers/STM32H7xx_HAL_Driver/Src/stm32h7xx_hal_flash_ex.c ****   if((pEraseInit->Banks & FLASH_BANK_2) == FLASH_BANK_2)
 213:../../Drivers/STM32H7xx_HAL_Driver/Src/stm32h7xx_hal_flash_ex.c ****   {
 214:../../Drivers/STM32H7xx_HAL_Driver/Src/stm32h7xx_hal_flash_ex.c ****     if(FLASH_WaitForLastOperation((uint32_t)FLASH_TIMEOUT_VALUE, FLASH_BANK_2) != HAL_OK)
 215:../../Drivers/STM32H7xx_HAL_Driver/Src/stm32h7xx_hal_flash_ex.c ****     {
 216:../../Drivers/STM32H7xx_HAL_Driver/Src/stm32h7xx_hal_flash_ex.c ****       status = HAL_ERROR;
 217:../../Drivers/STM32H7xx_HAL_Driver/Src/stm32h7xx_hal_flash_ex.c ****     }
 218:../../Drivers/STM32H7xx_HAL_Driver/Src/stm32h7xx_hal_flash_ex.c ****   }
 219:../../Drivers/STM32H7xx_HAL_Driver/Src/stm32h7xx_hal_flash_ex.c **** #endif /* DUAL_BANK */
 220:../../Drivers/STM32H7xx_HAL_Driver/Src/stm32h7xx_hal_flash_ex.c **** 
 221:../../Drivers/STM32H7xx_HAL_Driver/Src/stm32h7xx_hal_flash_ex.c ****   if(status == HAL_OK)
 222:../../Drivers/STM32H7xx_HAL_Driver/Src/stm32h7xx_hal_flash_ex.c ****   {
 223:../../Drivers/STM32H7xx_HAL_Driver/Src/stm32h7xx_hal_flash_ex.c ****     if(pEraseInit->TypeErase == FLASH_TYPEERASE_MASSERASE)
 224:../../Drivers/STM32H7xx_HAL_Driver/Src/stm32h7xx_hal_flash_ex.c ****     {
 225:../../Drivers/STM32H7xx_HAL_Driver/Src/stm32h7xx_hal_flash_ex.c ****       /* Mass erase to be done */
 226:../../Drivers/STM32H7xx_HAL_Driver/Src/stm32h7xx_hal_flash_ex.c ****       FLASH_MassErase(pEraseInit->VoltageRange, pEraseInit->Banks);
 227:../../Drivers/STM32H7xx_HAL_Driver/Src/stm32h7xx_hal_flash_ex.c **** 
 228:../../Drivers/STM32H7xx_HAL_Driver/Src/stm32h7xx_hal_flash_ex.c ****       /* Wait for last operation to be completed on Bank 1 */
 229:../../Drivers/STM32H7xx_HAL_Driver/Src/stm32h7xx_hal_flash_ex.c ****       if((pEraseInit->Banks & FLASH_BANK_1) == FLASH_BANK_1)
 230:../../Drivers/STM32H7xx_HAL_Driver/Src/stm32h7xx_hal_flash_ex.c ****       {
 231:../../Drivers/STM32H7xx_HAL_Driver/Src/stm32h7xx_hal_flash_ex.c ****         if(FLASH_WaitForLastOperation((uint32_t)FLASH_TIMEOUT_VALUE, FLASH_BANK_1) != HAL_OK)
 232:../../Drivers/STM32H7xx_HAL_Driver/Src/stm32h7xx_hal_flash_ex.c ****         {
 233:../../Drivers/STM32H7xx_HAL_Driver/Src/stm32h7xx_hal_flash_ex.c ****           status = HAL_ERROR;
 234:../../Drivers/STM32H7xx_HAL_Driver/Src/stm32h7xx_hal_flash_ex.c ****         }
 235:../../Drivers/STM32H7xx_HAL_Driver/Src/stm32h7xx_hal_flash_ex.c ****         /* if the erase operation is completed, disable the Bank1 BER Bit */
 236:../../Drivers/STM32H7xx_HAL_Driver/Src/stm32h7xx_hal_flash_ex.c ****         FLASH->CR1 &= (~FLASH_CR_BER);
 237:../../Drivers/STM32H7xx_HAL_Driver/Src/stm32h7xx_hal_flash_ex.c ****       }
 238:../../Drivers/STM32H7xx_HAL_Driver/Src/stm32h7xx_hal_flash_ex.c **** #if defined (DUAL_BANK)
 239:../../Drivers/STM32H7xx_HAL_Driver/Src/stm32h7xx_hal_flash_ex.c ****       /* Wait for last operation to be completed on Bank 2 */
 240:../../Drivers/STM32H7xx_HAL_Driver/Src/stm32h7xx_hal_flash_ex.c ****       if((pEraseInit->Banks & FLASH_BANK_2) == FLASH_BANK_2)
 241:../../Drivers/STM32H7xx_HAL_Driver/Src/stm32h7xx_hal_flash_ex.c ****       {
 242:../../Drivers/STM32H7xx_HAL_Driver/Src/stm32h7xx_hal_flash_ex.c ****         if(FLASH_WaitForLastOperation((uint32_t)FLASH_TIMEOUT_VALUE, FLASH_BANK_2) != HAL_OK)
 243:../../Drivers/STM32H7xx_HAL_Driver/Src/stm32h7xx_hal_flash_ex.c ****         {
 244:../../Drivers/STM32H7xx_HAL_Driver/Src/stm32h7xx_hal_flash_ex.c ****           status = HAL_ERROR;
 245:../../Drivers/STM32H7xx_HAL_Driver/Src/stm32h7xx_hal_flash_ex.c ****         }
 246:../../Drivers/STM32H7xx_HAL_Driver/Src/stm32h7xx_hal_flash_ex.c ****         /* if the erase operation is completed, disable the Bank2 BER Bit */
 247:../../Drivers/STM32H7xx_HAL_Driver/Src/stm32h7xx_hal_flash_ex.c ****         FLASH->CR2 &= (~FLASH_CR_BER);
 248:../../Drivers/STM32H7xx_HAL_Driver/Src/stm32h7xx_hal_flash_ex.c ****       }
 249:../../Drivers/STM32H7xx_HAL_Driver/Src/stm32h7xx_hal_flash_ex.c **** #endif /* DUAL_BANK */
 250:../../Drivers/STM32H7xx_HAL_Driver/Src/stm32h7xx_hal_flash_ex.c ****     }
 251:../../Drivers/STM32H7xx_HAL_Driver/Src/stm32h7xx_hal_flash_ex.c ****     else
 252:../../Drivers/STM32H7xx_HAL_Driver/Src/stm32h7xx_hal_flash_ex.c ****     {
 253:../../Drivers/STM32H7xx_HAL_Driver/Src/stm32h7xx_hal_flash_ex.c ****       /*Initialization of SectorError variable*/
 254:../../Drivers/STM32H7xx_HAL_Driver/Src/stm32h7xx_hal_flash_ex.c ****       *SectorError = 0xFFFFFFFFU;
 255:../../Drivers/STM32H7xx_HAL_Driver/Src/stm32h7xx_hal_flash_ex.c **** 
 256:../../Drivers/STM32H7xx_HAL_Driver/Src/stm32h7xx_hal_flash_ex.c ****       /* Erase by sector by sector to be done*/
 257:../../Drivers/STM32H7xx_HAL_Driver/Src/stm32h7xx_hal_flash_ex.c ****       for(sector_index = pEraseInit->Sector; sector_index < (pEraseInit->NbSectors + pEraseInit->Se
 258:../../Drivers/STM32H7xx_HAL_Driver/Src/stm32h7xx_hal_flash_ex.c ****       {
 259:../../Drivers/STM32H7xx_HAL_Driver/Src/stm32h7xx_hal_flash_ex.c ****         FLASH_Erase_Sector(sector_index, pEraseInit->Banks, pEraseInit->VoltageRange);
 260:../../Drivers/STM32H7xx_HAL_Driver/Src/stm32h7xx_hal_flash_ex.c **** 
ARM GAS  /var/folders/2r/mdtt8xvd351gdc398t28_m2m0000gn/T//ccZQ9BPT.s 			page 6


 261:../../Drivers/STM32H7xx_HAL_Driver/Src/stm32h7xx_hal_flash_ex.c ****         if((pEraseInit->Banks & FLASH_BANK_1) == FLASH_BANK_1)
 262:../../Drivers/STM32H7xx_HAL_Driver/Src/stm32h7xx_hal_flash_ex.c ****         {
 263:../../Drivers/STM32H7xx_HAL_Driver/Src/stm32h7xx_hal_flash_ex.c ****           /* Wait for last operation to be completed */
 264:../../Drivers/STM32H7xx_HAL_Driver/Src/stm32h7xx_hal_flash_ex.c ****           status = FLASH_WaitForLastOperation((uint32_t)FLASH_TIMEOUT_VALUE, FLASH_BANK_1);
 265:../../Drivers/STM32H7xx_HAL_Driver/Src/stm32h7xx_hal_flash_ex.c **** 
 266:../../Drivers/STM32H7xx_HAL_Driver/Src/stm32h7xx_hal_flash_ex.c ****           /* If the erase operation is completed, disable the SER Bit */
 267:../../Drivers/STM32H7xx_HAL_Driver/Src/stm32h7xx_hal_flash_ex.c ****           FLASH->CR1 &= (~(FLASH_CR_SER | FLASH_CR_SNB));
 268:../../Drivers/STM32H7xx_HAL_Driver/Src/stm32h7xx_hal_flash_ex.c ****         }
 269:../../Drivers/STM32H7xx_HAL_Driver/Src/stm32h7xx_hal_flash_ex.c **** #if defined (DUAL_BANK)
 270:../../Drivers/STM32H7xx_HAL_Driver/Src/stm32h7xx_hal_flash_ex.c ****         if((pEraseInit->Banks & FLASH_BANK_2) == FLASH_BANK_2)
 271:../../Drivers/STM32H7xx_HAL_Driver/Src/stm32h7xx_hal_flash_ex.c ****         {
 272:../../Drivers/STM32H7xx_HAL_Driver/Src/stm32h7xx_hal_flash_ex.c ****           /* Wait for last operation to be completed */
 273:../../Drivers/STM32H7xx_HAL_Driver/Src/stm32h7xx_hal_flash_ex.c ****           status = FLASH_WaitForLastOperation((uint32_t)FLASH_TIMEOUT_VALUE, FLASH_BANK_2);
 274:../../Drivers/STM32H7xx_HAL_Driver/Src/stm32h7xx_hal_flash_ex.c **** 
 275:../../Drivers/STM32H7xx_HAL_Driver/Src/stm32h7xx_hal_flash_ex.c ****           /* If the erase operation is completed, disable the SER Bit */
 276:../../Drivers/STM32H7xx_HAL_Driver/Src/stm32h7xx_hal_flash_ex.c ****           FLASH->CR2 &= (~(FLASH_CR_SER | FLASH_CR_SNB));
 277:../../Drivers/STM32H7xx_HAL_Driver/Src/stm32h7xx_hal_flash_ex.c ****         }
 278:../../Drivers/STM32H7xx_HAL_Driver/Src/stm32h7xx_hal_flash_ex.c **** #endif /* DUAL_BANK */
 279:../../Drivers/STM32H7xx_HAL_Driver/Src/stm32h7xx_hal_flash_ex.c **** 
 280:../../Drivers/STM32H7xx_HAL_Driver/Src/stm32h7xx_hal_flash_ex.c ****         if(status != HAL_OK)
 281:../../Drivers/STM32H7xx_HAL_Driver/Src/stm32h7xx_hal_flash_ex.c ****         {
 282:../../Drivers/STM32H7xx_HAL_Driver/Src/stm32h7xx_hal_flash_ex.c ****           /* In case of error, stop erase procedure and return the faulty sector */
 283:../../Drivers/STM32H7xx_HAL_Driver/Src/stm32h7xx_hal_flash_ex.c ****           *SectorError = sector_index;
 284:../../Drivers/STM32H7xx_HAL_Driver/Src/stm32h7xx_hal_flash_ex.c ****           break;
 285:../../Drivers/STM32H7xx_HAL_Driver/Src/stm32h7xx_hal_flash_ex.c ****         }
 286:../../Drivers/STM32H7xx_HAL_Driver/Src/stm32h7xx_hal_flash_ex.c ****       }
 287:../../Drivers/STM32H7xx_HAL_Driver/Src/stm32h7xx_hal_flash_ex.c ****     }
 288:../../Drivers/STM32H7xx_HAL_Driver/Src/stm32h7xx_hal_flash_ex.c ****   }
 289:../../Drivers/STM32H7xx_HAL_Driver/Src/stm32h7xx_hal_flash_ex.c **** 
 290:../../Drivers/STM32H7xx_HAL_Driver/Src/stm32h7xx_hal_flash_ex.c ****   /* Process Unlocked */
 291:../../Drivers/STM32H7xx_HAL_Driver/Src/stm32h7xx_hal_flash_ex.c ****   __HAL_UNLOCK(&pFlash);
 292:../../Drivers/STM32H7xx_HAL_Driver/Src/stm32h7xx_hal_flash_ex.c **** 
 293:../../Drivers/STM32H7xx_HAL_Driver/Src/stm32h7xx_hal_flash_ex.c ****   return status;
 294:../../Drivers/STM32H7xx_HAL_Driver/Src/stm32h7xx_hal_flash_ex.c **** }
 295:../../Drivers/STM32H7xx_HAL_Driver/Src/stm32h7xx_hal_flash_ex.c **** 
 296:../../Drivers/STM32H7xx_HAL_Driver/Src/stm32h7xx_hal_flash_ex.c **** /**
 297:../../Drivers/STM32H7xx_HAL_Driver/Src/stm32h7xx_hal_flash_ex.c ****   * @brief  Perform a mass erase or erase the specified FLASH memory sectors with interrupt enabled
 298:../../Drivers/STM32H7xx_HAL_Driver/Src/stm32h7xx_hal_flash_ex.c ****   * @param  pEraseInit pointer to an FLASH_EraseInitTypeDef structure that
 299:../../Drivers/STM32H7xx_HAL_Driver/Src/stm32h7xx_hal_flash_ex.c ****   *         contains the configuration information for the erasing.
 300:../../Drivers/STM32H7xx_HAL_Driver/Src/stm32h7xx_hal_flash_ex.c ****   *
 301:../../Drivers/STM32H7xx_HAL_Driver/Src/stm32h7xx_hal_flash_ex.c ****   * @retval HAL Status
 302:../../Drivers/STM32H7xx_HAL_Driver/Src/stm32h7xx_hal_flash_ex.c ****   */
 303:../../Drivers/STM32H7xx_HAL_Driver/Src/stm32h7xx_hal_flash_ex.c **** HAL_StatusTypeDef HAL_FLASHEx_Erase_IT(FLASH_EraseInitTypeDef *pEraseInit)
 304:../../Drivers/STM32H7xx_HAL_Driver/Src/stm32h7xx_hal_flash_ex.c **** {
 305:../../Drivers/STM32H7xx_HAL_Driver/Src/stm32h7xx_hal_flash_ex.c ****   HAL_StatusTypeDef status = HAL_OK;
 306:../../Drivers/STM32H7xx_HAL_Driver/Src/stm32h7xx_hal_flash_ex.c **** 
 307:../../Drivers/STM32H7xx_HAL_Driver/Src/stm32h7xx_hal_flash_ex.c ****   /* Check the parameters */
 308:../../Drivers/STM32H7xx_HAL_Driver/Src/stm32h7xx_hal_flash_ex.c ****   assert_param(IS_FLASH_TYPEERASE(pEraseInit->TypeErase));
 309:../../Drivers/STM32H7xx_HAL_Driver/Src/stm32h7xx_hal_flash_ex.c ****   assert_param(IS_FLASH_BANK(pEraseInit->Banks));
 310:../../Drivers/STM32H7xx_HAL_Driver/Src/stm32h7xx_hal_flash_ex.c **** 
 311:../../Drivers/STM32H7xx_HAL_Driver/Src/stm32h7xx_hal_flash_ex.c ****   /* Process Locked */
 312:../../Drivers/STM32H7xx_HAL_Driver/Src/stm32h7xx_hal_flash_ex.c ****   __HAL_LOCK(&pFlash);
 313:../../Drivers/STM32H7xx_HAL_Driver/Src/stm32h7xx_hal_flash_ex.c **** 
 314:../../Drivers/STM32H7xx_HAL_Driver/Src/stm32h7xx_hal_flash_ex.c ****   /* Reset error code */
 315:../../Drivers/STM32H7xx_HAL_Driver/Src/stm32h7xx_hal_flash_ex.c ****   pFlash.ErrorCode = HAL_FLASH_ERROR_NONE;
 316:../../Drivers/STM32H7xx_HAL_Driver/Src/stm32h7xx_hal_flash_ex.c **** 
 317:../../Drivers/STM32H7xx_HAL_Driver/Src/stm32h7xx_hal_flash_ex.c ****   /* Wait for last operation to be completed on Bank 1 */
ARM GAS  /var/folders/2r/mdtt8xvd351gdc398t28_m2m0000gn/T//ccZQ9BPT.s 			page 7


 318:../../Drivers/STM32H7xx_HAL_Driver/Src/stm32h7xx_hal_flash_ex.c ****   if((pEraseInit->Banks & FLASH_BANK_1) == FLASH_BANK_1)
 319:../../Drivers/STM32H7xx_HAL_Driver/Src/stm32h7xx_hal_flash_ex.c ****   {
 320:../../Drivers/STM32H7xx_HAL_Driver/Src/stm32h7xx_hal_flash_ex.c ****     if(FLASH_WaitForLastOperation((uint32_t)FLASH_TIMEOUT_VALUE, FLASH_BANK_1) != HAL_OK)
 321:../../Drivers/STM32H7xx_HAL_Driver/Src/stm32h7xx_hal_flash_ex.c ****     {
 322:../../Drivers/STM32H7xx_HAL_Driver/Src/stm32h7xx_hal_flash_ex.c ****       status = HAL_ERROR;
 323:../../Drivers/STM32H7xx_HAL_Driver/Src/stm32h7xx_hal_flash_ex.c ****     }
 324:../../Drivers/STM32H7xx_HAL_Driver/Src/stm32h7xx_hal_flash_ex.c ****   }
 325:../../Drivers/STM32H7xx_HAL_Driver/Src/stm32h7xx_hal_flash_ex.c **** 
 326:../../Drivers/STM32H7xx_HAL_Driver/Src/stm32h7xx_hal_flash_ex.c **** #if defined (DUAL_BANK)
 327:../../Drivers/STM32H7xx_HAL_Driver/Src/stm32h7xx_hal_flash_ex.c ****   /* Wait for last operation to be completed on Bank 2 */
 328:../../Drivers/STM32H7xx_HAL_Driver/Src/stm32h7xx_hal_flash_ex.c ****   if((pEraseInit->Banks & FLASH_BANK_2) == FLASH_BANK_2)
 329:../../Drivers/STM32H7xx_HAL_Driver/Src/stm32h7xx_hal_flash_ex.c ****   {
 330:../../Drivers/STM32H7xx_HAL_Driver/Src/stm32h7xx_hal_flash_ex.c ****     if(FLASH_WaitForLastOperation((uint32_t)FLASH_TIMEOUT_VALUE, FLASH_BANK_2) != HAL_OK)
 331:../../Drivers/STM32H7xx_HAL_Driver/Src/stm32h7xx_hal_flash_ex.c ****     {
 332:../../Drivers/STM32H7xx_HAL_Driver/Src/stm32h7xx_hal_flash_ex.c ****       status = HAL_ERROR;
 333:../../Drivers/STM32H7xx_HAL_Driver/Src/stm32h7xx_hal_flash_ex.c ****     }
 334:../../Drivers/STM32H7xx_HAL_Driver/Src/stm32h7xx_hal_flash_ex.c ****   }
 335:../../Drivers/STM32H7xx_HAL_Driver/Src/stm32h7xx_hal_flash_ex.c **** #endif /* DUAL_BANK */
 336:../../Drivers/STM32H7xx_HAL_Driver/Src/stm32h7xx_hal_flash_ex.c **** 
 337:../../Drivers/STM32H7xx_HAL_Driver/Src/stm32h7xx_hal_flash_ex.c ****   if (status != HAL_OK)
 338:../../Drivers/STM32H7xx_HAL_Driver/Src/stm32h7xx_hal_flash_ex.c ****   {
 339:../../Drivers/STM32H7xx_HAL_Driver/Src/stm32h7xx_hal_flash_ex.c ****     /* Process Unlocked */
 340:../../Drivers/STM32H7xx_HAL_Driver/Src/stm32h7xx_hal_flash_ex.c ****     __HAL_UNLOCK(&pFlash);
 341:../../Drivers/STM32H7xx_HAL_Driver/Src/stm32h7xx_hal_flash_ex.c ****   }
 342:../../Drivers/STM32H7xx_HAL_Driver/Src/stm32h7xx_hal_flash_ex.c ****   else
 343:../../Drivers/STM32H7xx_HAL_Driver/Src/stm32h7xx_hal_flash_ex.c ****   {
 344:../../Drivers/STM32H7xx_HAL_Driver/Src/stm32h7xx_hal_flash_ex.c ****     if((pEraseInit->Banks & FLASH_BANK_1) == FLASH_BANK_1)
 345:../../Drivers/STM32H7xx_HAL_Driver/Src/stm32h7xx_hal_flash_ex.c ****     {
 346:../../Drivers/STM32H7xx_HAL_Driver/Src/stm32h7xx_hal_flash_ex.c ****       /* Enable End of Operation and Error interrupts for Bank 1 */
 347:../../Drivers/STM32H7xx_HAL_Driver/Src/stm32h7xx_hal_flash_ex.c **** #if defined (FLASH_CR_OPERRIE)
 348:../../Drivers/STM32H7xx_HAL_Driver/Src/stm32h7xx_hal_flash_ex.c ****       __HAL_FLASH_ENABLE_IT_BANK1(FLASH_IT_EOP_BANK1     | FLASH_IT_WRPERR_BANK1 | FLASH_IT_PGSERR_
 349:../../Drivers/STM32H7xx_HAL_Driver/Src/stm32h7xx_hal_flash_ex.c ****                                   FLASH_IT_STRBERR_BANK1 | FLASH_IT_INCERR_BANK1 | FLASH_IT_OPERR_B
 350:../../Drivers/STM32H7xx_HAL_Driver/Src/stm32h7xx_hal_flash_ex.c **** #else
 351:../../Drivers/STM32H7xx_HAL_Driver/Src/stm32h7xx_hal_flash_ex.c ****       __HAL_FLASH_ENABLE_IT_BANK1(FLASH_IT_EOP_BANK1     | FLASH_IT_WRPERR_BANK1 | FLASH_IT_PGSERR_
 352:../../Drivers/STM32H7xx_HAL_Driver/Src/stm32h7xx_hal_flash_ex.c ****                                   FLASH_IT_STRBERR_BANK1 | FLASH_IT_INCERR_BANK1);
 353:../../Drivers/STM32H7xx_HAL_Driver/Src/stm32h7xx_hal_flash_ex.c **** #endif /* FLASH_CR_OPERRIE */
 354:../../Drivers/STM32H7xx_HAL_Driver/Src/stm32h7xx_hal_flash_ex.c ****     }
 355:../../Drivers/STM32H7xx_HAL_Driver/Src/stm32h7xx_hal_flash_ex.c **** #if defined (DUAL_BANK)
 356:../../Drivers/STM32H7xx_HAL_Driver/Src/stm32h7xx_hal_flash_ex.c ****     if((pEraseInit->Banks & FLASH_BANK_2) == FLASH_BANK_2)
 357:../../Drivers/STM32H7xx_HAL_Driver/Src/stm32h7xx_hal_flash_ex.c ****     {
 358:../../Drivers/STM32H7xx_HAL_Driver/Src/stm32h7xx_hal_flash_ex.c ****       /* Enable End of Operation and Error interrupts for Bank 2 */
 359:../../Drivers/STM32H7xx_HAL_Driver/Src/stm32h7xx_hal_flash_ex.c **** #if defined (FLASH_CR_OPERRIE)
 360:../../Drivers/STM32H7xx_HAL_Driver/Src/stm32h7xx_hal_flash_ex.c ****       __HAL_FLASH_ENABLE_IT_BANK2(FLASH_IT_EOP_BANK2     | FLASH_IT_WRPERR_BANK2 | FLASH_IT_PGSERR_
 361:../../Drivers/STM32H7xx_HAL_Driver/Src/stm32h7xx_hal_flash_ex.c ****                                   FLASH_IT_STRBERR_BANK2 | FLASH_IT_INCERR_BANK2 | FLASH_IT_OPERR_B
 362:../../Drivers/STM32H7xx_HAL_Driver/Src/stm32h7xx_hal_flash_ex.c **** #else
 363:../../Drivers/STM32H7xx_HAL_Driver/Src/stm32h7xx_hal_flash_ex.c ****       __HAL_FLASH_ENABLE_IT_BANK2(FLASH_IT_EOP_BANK2     | FLASH_IT_WRPERR_BANK2 | FLASH_IT_PGSERR_
 364:../../Drivers/STM32H7xx_HAL_Driver/Src/stm32h7xx_hal_flash_ex.c ****                                   FLASH_IT_STRBERR_BANK2 | FLASH_IT_INCERR_BANK2);
 365:../../Drivers/STM32H7xx_HAL_Driver/Src/stm32h7xx_hal_flash_ex.c **** #endif /* FLASH_CR_OPERRIE */
 366:../../Drivers/STM32H7xx_HAL_Driver/Src/stm32h7xx_hal_flash_ex.c ****     }
 367:../../Drivers/STM32H7xx_HAL_Driver/Src/stm32h7xx_hal_flash_ex.c **** #endif /* DUAL_BANK */
 368:../../Drivers/STM32H7xx_HAL_Driver/Src/stm32h7xx_hal_flash_ex.c **** 
 369:../../Drivers/STM32H7xx_HAL_Driver/Src/stm32h7xx_hal_flash_ex.c ****     if(pEraseInit->TypeErase == FLASH_TYPEERASE_MASSERASE)
 370:../../Drivers/STM32H7xx_HAL_Driver/Src/stm32h7xx_hal_flash_ex.c ****     {
 371:../../Drivers/STM32H7xx_HAL_Driver/Src/stm32h7xx_hal_flash_ex.c ****       /*Mass erase to be done*/
 372:../../Drivers/STM32H7xx_HAL_Driver/Src/stm32h7xx_hal_flash_ex.c ****       if(pEraseInit->Banks == FLASH_BANK_1)
 373:../../Drivers/STM32H7xx_HAL_Driver/Src/stm32h7xx_hal_flash_ex.c ****       {
 374:../../Drivers/STM32H7xx_HAL_Driver/Src/stm32h7xx_hal_flash_ex.c ****         pFlash.ProcedureOnGoing = FLASH_PROC_MASSERASE_BANK1;
ARM GAS  /var/folders/2r/mdtt8xvd351gdc398t28_m2m0000gn/T//ccZQ9BPT.s 			page 8


 375:../../Drivers/STM32H7xx_HAL_Driver/Src/stm32h7xx_hal_flash_ex.c ****       }
 376:../../Drivers/STM32H7xx_HAL_Driver/Src/stm32h7xx_hal_flash_ex.c **** #if defined (DUAL_BANK)
 377:../../Drivers/STM32H7xx_HAL_Driver/Src/stm32h7xx_hal_flash_ex.c ****       else if(pEraseInit->Banks == FLASH_BANK_2)
 378:../../Drivers/STM32H7xx_HAL_Driver/Src/stm32h7xx_hal_flash_ex.c ****       {
 379:../../Drivers/STM32H7xx_HAL_Driver/Src/stm32h7xx_hal_flash_ex.c ****         pFlash.ProcedureOnGoing = FLASH_PROC_MASSERASE_BANK2;
 380:../../Drivers/STM32H7xx_HAL_Driver/Src/stm32h7xx_hal_flash_ex.c ****       }
 381:../../Drivers/STM32H7xx_HAL_Driver/Src/stm32h7xx_hal_flash_ex.c **** #endif /* DUAL_BANK */
 382:../../Drivers/STM32H7xx_HAL_Driver/Src/stm32h7xx_hal_flash_ex.c ****       else
 383:../../Drivers/STM32H7xx_HAL_Driver/Src/stm32h7xx_hal_flash_ex.c ****       {
 384:../../Drivers/STM32H7xx_HAL_Driver/Src/stm32h7xx_hal_flash_ex.c ****         pFlash.ProcedureOnGoing = FLASH_PROC_ALLBANK_MASSERASE;
 385:../../Drivers/STM32H7xx_HAL_Driver/Src/stm32h7xx_hal_flash_ex.c ****       }
 386:../../Drivers/STM32H7xx_HAL_Driver/Src/stm32h7xx_hal_flash_ex.c **** 
 387:../../Drivers/STM32H7xx_HAL_Driver/Src/stm32h7xx_hal_flash_ex.c ****       FLASH_MassErase(pEraseInit->VoltageRange, pEraseInit->Banks);
 388:../../Drivers/STM32H7xx_HAL_Driver/Src/stm32h7xx_hal_flash_ex.c ****     }
 389:../../Drivers/STM32H7xx_HAL_Driver/Src/stm32h7xx_hal_flash_ex.c ****     else
 390:../../Drivers/STM32H7xx_HAL_Driver/Src/stm32h7xx_hal_flash_ex.c ****     {
 391:../../Drivers/STM32H7xx_HAL_Driver/Src/stm32h7xx_hal_flash_ex.c ****       /* Erase by sector to be done */
 392:../../Drivers/STM32H7xx_HAL_Driver/Src/stm32h7xx_hal_flash_ex.c **** #if defined (DUAL_BANK)
 393:../../Drivers/STM32H7xx_HAL_Driver/Src/stm32h7xx_hal_flash_ex.c ****       if(pEraseInit->Banks == FLASH_BANK_1)
 394:../../Drivers/STM32H7xx_HAL_Driver/Src/stm32h7xx_hal_flash_ex.c ****       {
 395:../../Drivers/STM32H7xx_HAL_Driver/Src/stm32h7xx_hal_flash_ex.c ****         pFlash.ProcedureOnGoing = FLASH_PROC_SECTERASE_BANK1;
 396:../../Drivers/STM32H7xx_HAL_Driver/Src/stm32h7xx_hal_flash_ex.c ****       }
 397:../../Drivers/STM32H7xx_HAL_Driver/Src/stm32h7xx_hal_flash_ex.c ****       else
 398:../../Drivers/STM32H7xx_HAL_Driver/Src/stm32h7xx_hal_flash_ex.c ****       {
 399:../../Drivers/STM32H7xx_HAL_Driver/Src/stm32h7xx_hal_flash_ex.c ****         pFlash.ProcedureOnGoing = FLASH_PROC_SECTERASE_BANK2;
 400:../../Drivers/STM32H7xx_HAL_Driver/Src/stm32h7xx_hal_flash_ex.c ****       }
 401:../../Drivers/STM32H7xx_HAL_Driver/Src/stm32h7xx_hal_flash_ex.c **** #else
 402:../../Drivers/STM32H7xx_HAL_Driver/Src/stm32h7xx_hal_flash_ex.c ****       pFlash.ProcedureOnGoing = FLASH_PROC_SECTERASE_BANK1;
 403:../../Drivers/STM32H7xx_HAL_Driver/Src/stm32h7xx_hal_flash_ex.c **** #endif /* DUAL_BANK */
 404:../../Drivers/STM32H7xx_HAL_Driver/Src/stm32h7xx_hal_flash_ex.c **** 
 405:../../Drivers/STM32H7xx_HAL_Driver/Src/stm32h7xx_hal_flash_ex.c ****       pFlash.NbSectorsToErase = pEraseInit->NbSectors;
 406:../../Drivers/STM32H7xx_HAL_Driver/Src/stm32h7xx_hal_flash_ex.c ****       pFlash.Sector = pEraseInit->Sector;
 407:../../Drivers/STM32H7xx_HAL_Driver/Src/stm32h7xx_hal_flash_ex.c ****       pFlash.VoltageForErase = pEraseInit->VoltageRange;
 408:../../Drivers/STM32H7xx_HAL_Driver/Src/stm32h7xx_hal_flash_ex.c **** 
 409:../../Drivers/STM32H7xx_HAL_Driver/Src/stm32h7xx_hal_flash_ex.c ****       /* Erase first sector and wait for IT */
 410:../../Drivers/STM32H7xx_HAL_Driver/Src/stm32h7xx_hal_flash_ex.c ****       FLASH_Erase_Sector(pEraseInit->Sector, pEraseInit->Banks, pEraseInit->VoltageRange);
 411:../../Drivers/STM32H7xx_HAL_Driver/Src/stm32h7xx_hal_flash_ex.c ****     }
 412:../../Drivers/STM32H7xx_HAL_Driver/Src/stm32h7xx_hal_flash_ex.c ****   }
 413:../../Drivers/STM32H7xx_HAL_Driver/Src/stm32h7xx_hal_flash_ex.c **** 
 414:../../Drivers/STM32H7xx_HAL_Driver/Src/stm32h7xx_hal_flash_ex.c ****   return status;
 415:../../Drivers/STM32H7xx_HAL_Driver/Src/stm32h7xx_hal_flash_ex.c **** }
 416:../../Drivers/STM32H7xx_HAL_Driver/Src/stm32h7xx_hal_flash_ex.c **** 
 417:../../Drivers/STM32H7xx_HAL_Driver/Src/stm32h7xx_hal_flash_ex.c **** /**
 418:../../Drivers/STM32H7xx_HAL_Driver/Src/stm32h7xx_hal_flash_ex.c ****   * @brief  Program option bytes
 419:../../Drivers/STM32H7xx_HAL_Driver/Src/stm32h7xx_hal_flash_ex.c ****   * @param  pOBInit pointer to an FLASH_OBProgramInitTypeDef structure that
 420:../../Drivers/STM32H7xx_HAL_Driver/Src/stm32h7xx_hal_flash_ex.c ****   *         contains the configuration information for the programming.
 421:../../Drivers/STM32H7xx_HAL_Driver/Src/stm32h7xx_hal_flash_ex.c ****   *
 422:../../Drivers/STM32H7xx_HAL_Driver/Src/stm32h7xx_hal_flash_ex.c ****   * @retval HAL Status
 423:../../Drivers/STM32H7xx_HAL_Driver/Src/stm32h7xx_hal_flash_ex.c ****   */
 424:../../Drivers/STM32H7xx_HAL_Driver/Src/stm32h7xx_hal_flash_ex.c **** HAL_StatusTypeDef HAL_FLASHEx_OBProgram(FLASH_OBProgramInitTypeDef *pOBInit)
 425:../../Drivers/STM32H7xx_HAL_Driver/Src/stm32h7xx_hal_flash_ex.c **** {
 426:../../Drivers/STM32H7xx_HAL_Driver/Src/stm32h7xx_hal_flash_ex.c ****   HAL_StatusTypeDef status;
 427:../../Drivers/STM32H7xx_HAL_Driver/Src/stm32h7xx_hal_flash_ex.c **** 
 428:../../Drivers/STM32H7xx_HAL_Driver/Src/stm32h7xx_hal_flash_ex.c ****   /* Check the parameters */
 429:../../Drivers/STM32H7xx_HAL_Driver/Src/stm32h7xx_hal_flash_ex.c ****   assert_param(IS_OPTIONBYTE(pOBInit->OptionType));
 430:../../Drivers/STM32H7xx_HAL_Driver/Src/stm32h7xx_hal_flash_ex.c **** 
 431:../../Drivers/STM32H7xx_HAL_Driver/Src/stm32h7xx_hal_flash_ex.c ****   /* Process Locked */
ARM GAS  /var/folders/2r/mdtt8xvd351gdc398t28_m2m0000gn/T//ccZQ9BPT.s 			page 9


 432:../../Drivers/STM32H7xx_HAL_Driver/Src/stm32h7xx_hal_flash_ex.c ****   __HAL_LOCK(&pFlash);
 433:../../Drivers/STM32H7xx_HAL_Driver/Src/stm32h7xx_hal_flash_ex.c **** 
 434:../../Drivers/STM32H7xx_HAL_Driver/Src/stm32h7xx_hal_flash_ex.c ****   /* Reset Error Code */
 435:../../Drivers/STM32H7xx_HAL_Driver/Src/stm32h7xx_hal_flash_ex.c ****   pFlash.ErrorCode = HAL_FLASH_ERROR_NONE;
 436:../../Drivers/STM32H7xx_HAL_Driver/Src/stm32h7xx_hal_flash_ex.c **** 
 437:../../Drivers/STM32H7xx_HAL_Driver/Src/stm32h7xx_hal_flash_ex.c ****   /* Wait for last operation to be completed */
 438:../../Drivers/STM32H7xx_HAL_Driver/Src/stm32h7xx_hal_flash_ex.c ****   if(FLASH_WaitForLastOperation((uint32_t)FLASH_TIMEOUT_VALUE, FLASH_BANK_1) != HAL_OK)
 439:../../Drivers/STM32H7xx_HAL_Driver/Src/stm32h7xx_hal_flash_ex.c ****   {
 440:../../Drivers/STM32H7xx_HAL_Driver/Src/stm32h7xx_hal_flash_ex.c ****     status = HAL_ERROR;
 441:../../Drivers/STM32H7xx_HAL_Driver/Src/stm32h7xx_hal_flash_ex.c ****   }
 442:../../Drivers/STM32H7xx_HAL_Driver/Src/stm32h7xx_hal_flash_ex.c **** #if defined (DUAL_BANK)
 443:../../Drivers/STM32H7xx_HAL_Driver/Src/stm32h7xx_hal_flash_ex.c ****   else if(FLASH_WaitForLastOperation((uint32_t)FLASH_TIMEOUT_VALUE, FLASH_BANK_2) != HAL_OK)
 444:../../Drivers/STM32H7xx_HAL_Driver/Src/stm32h7xx_hal_flash_ex.c ****   {
 445:../../Drivers/STM32H7xx_HAL_Driver/Src/stm32h7xx_hal_flash_ex.c ****     status = HAL_ERROR;
 446:../../Drivers/STM32H7xx_HAL_Driver/Src/stm32h7xx_hal_flash_ex.c ****   }
 447:../../Drivers/STM32H7xx_HAL_Driver/Src/stm32h7xx_hal_flash_ex.c **** #endif /* DUAL_BANK */
 448:../../Drivers/STM32H7xx_HAL_Driver/Src/stm32h7xx_hal_flash_ex.c ****   else
 449:../../Drivers/STM32H7xx_HAL_Driver/Src/stm32h7xx_hal_flash_ex.c ****   {
 450:../../Drivers/STM32H7xx_HAL_Driver/Src/stm32h7xx_hal_flash_ex.c ****     status = HAL_OK;
 451:../../Drivers/STM32H7xx_HAL_Driver/Src/stm32h7xx_hal_flash_ex.c ****   }
 452:../../Drivers/STM32H7xx_HAL_Driver/Src/stm32h7xx_hal_flash_ex.c **** 
 453:../../Drivers/STM32H7xx_HAL_Driver/Src/stm32h7xx_hal_flash_ex.c ****   if(status == HAL_OK)
 454:../../Drivers/STM32H7xx_HAL_Driver/Src/stm32h7xx_hal_flash_ex.c ****   {
 455:../../Drivers/STM32H7xx_HAL_Driver/Src/stm32h7xx_hal_flash_ex.c ****     /*Write protection configuration*/
 456:../../Drivers/STM32H7xx_HAL_Driver/Src/stm32h7xx_hal_flash_ex.c ****     if((pOBInit->OptionType & OPTIONBYTE_WRP) == OPTIONBYTE_WRP)
 457:../../Drivers/STM32H7xx_HAL_Driver/Src/stm32h7xx_hal_flash_ex.c ****     {
 458:../../Drivers/STM32H7xx_HAL_Driver/Src/stm32h7xx_hal_flash_ex.c ****       assert_param(IS_WRPSTATE(pOBInit->WRPState));
 459:../../Drivers/STM32H7xx_HAL_Driver/Src/stm32h7xx_hal_flash_ex.c **** 
 460:../../Drivers/STM32H7xx_HAL_Driver/Src/stm32h7xx_hal_flash_ex.c ****       if(pOBInit->WRPState == OB_WRPSTATE_ENABLE)
 461:../../Drivers/STM32H7xx_HAL_Driver/Src/stm32h7xx_hal_flash_ex.c ****       {
 462:../../Drivers/STM32H7xx_HAL_Driver/Src/stm32h7xx_hal_flash_ex.c ****         /*Enable of Write protection on the selected Sector*/
 463:../../Drivers/STM32H7xx_HAL_Driver/Src/stm32h7xx_hal_flash_ex.c ****         FLASH_OB_EnableWRP(pOBInit->WRPSector,pOBInit->Banks);
 464:../../Drivers/STM32H7xx_HAL_Driver/Src/stm32h7xx_hal_flash_ex.c ****       }
 465:../../Drivers/STM32H7xx_HAL_Driver/Src/stm32h7xx_hal_flash_ex.c ****       else
 466:../../Drivers/STM32H7xx_HAL_Driver/Src/stm32h7xx_hal_flash_ex.c ****       {
 467:../../Drivers/STM32H7xx_HAL_Driver/Src/stm32h7xx_hal_flash_ex.c ****         /*Disable of Write protection on the selected Sector*/
 468:../../Drivers/STM32H7xx_HAL_Driver/Src/stm32h7xx_hal_flash_ex.c ****         FLASH_OB_DisableWRP(pOBInit->WRPSector, pOBInit->Banks);
 469:../../Drivers/STM32H7xx_HAL_Driver/Src/stm32h7xx_hal_flash_ex.c ****       }
 470:../../Drivers/STM32H7xx_HAL_Driver/Src/stm32h7xx_hal_flash_ex.c ****     }
 471:../../Drivers/STM32H7xx_HAL_Driver/Src/stm32h7xx_hal_flash_ex.c **** 
 472:../../Drivers/STM32H7xx_HAL_Driver/Src/stm32h7xx_hal_flash_ex.c ****     /* Read protection configuration */
 473:../../Drivers/STM32H7xx_HAL_Driver/Src/stm32h7xx_hal_flash_ex.c ****     if((pOBInit->OptionType & OPTIONBYTE_RDP) != 0U)
 474:../../Drivers/STM32H7xx_HAL_Driver/Src/stm32h7xx_hal_flash_ex.c ****     {
 475:../../Drivers/STM32H7xx_HAL_Driver/Src/stm32h7xx_hal_flash_ex.c ****       /* Configure the Read protection level */
 476:../../Drivers/STM32H7xx_HAL_Driver/Src/stm32h7xx_hal_flash_ex.c ****       FLASH_OB_RDPConfig(pOBInit->RDPLevel);
 477:../../Drivers/STM32H7xx_HAL_Driver/Src/stm32h7xx_hal_flash_ex.c ****     }
 478:../../Drivers/STM32H7xx_HAL_Driver/Src/stm32h7xx_hal_flash_ex.c **** 
 479:../../Drivers/STM32H7xx_HAL_Driver/Src/stm32h7xx_hal_flash_ex.c ****     /* User Configuration */
 480:../../Drivers/STM32H7xx_HAL_Driver/Src/stm32h7xx_hal_flash_ex.c ****     if((pOBInit->OptionType & OPTIONBYTE_USER) != 0U)
 481:../../Drivers/STM32H7xx_HAL_Driver/Src/stm32h7xx_hal_flash_ex.c ****     {
 482:../../Drivers/STM32H7xx_HAL_Driver/Src/stm32h7xx_hal_flash_ex.c ****       /* Configure the user option bytes */
 483:../../Drivers/STM32H7xx_HAL_Driver/Src/stm32h7xx_hal_flash_ex.c ****       FLASH_OB_UserConfig(pOBInit->USERType, pOBInit->USERConfig);
 484:../../Drivers/STM32H7xx_HAL_Driver/Src/stm32h7xx_hal_flash_ex.c ****     }
 485:../../Drivers/STM32H7xx_HAL_Driver/Src/stm32h7xx_hal_flash_ex.c **** 
 486:../../Drivers/STM32H7xx_HAL_Driver/Src/stm32h7xx_hal_flash_ex.c ****     /* PCROP Configuration */
 487:../../Drivers/STM32H7xx_HAL_Driver/Src/stm32h7xx_hal_flash_ex.c ****     if((pOBInit->OptionType & OPTIONBYTE_PCROP) != 0U)
 488:../../Drivers/STM32H7xx_HAL_Driver/Src/stm32h7xx_hal_flash_ex.c ****     {
ARM GAS  /var/folders/2r/mdtt8xvd351gdc398t28_m2m0000gn/T//ccZQ9BPT.s 			page 10


 489:../../Drivers/STM32H7xx_HAL_Driver/Src/stm32h7xx_hal_flash_ex.c ****       assert_param(IS_FLASH_BANK(pOBInit->Banks));
 490:../../Drivers/STM32H7xx_HAL_Driver/Src/stm32h7xx_hal_flash_ex.c **** 
 491:../../Drivers/STM32H7xx_HAL_Driver/Src/stm32h7xx_hal_flash_ex.c ****       /*Configure the Proprietary code readout protection */
 492:../../Drivers/STM32H7xx_HAL_Driver/Src/stm32h7xx_hal_flash_ex.c ****       FLASH_OB_PCROPConfig(pOBInit->PCROPConfig, pOBInit->PCROPStartAddr, pOBInit->PCROPEndAddr, pO
 493:../../Drivers/STM32H7xx_HAL_Driver/Src/stm32h7xx_hal_flash_ex.c ****     }
 494:../../Drivers/STM32H7xx_HAL_Driver/Src/stm32h7xx_hal_flash_ex.c **** 
 495:../../Drivers/STM32H7xx_HAL_Driver/Src/stm32h7xx_hal_flash_ex.c ****     /* BOR Level configuration */
 496:../../Drivers/STM32H7xx_HAL_Driver/Src/stm32h7xx_hal_flash_ex.c ****     if((pOBInit->OptionType & OPTIONBYTE_BOR) == OPTIONBYTE_BOR)
 497:../../Drivers/STM32H7xx_HAL_Driver/Src/stm32h7xx_hal_flash_ex.c ****     {
 498:../../Drivers/STM32H7xx_HAL_Driver/Src/stm32h7xx_hal_flash_ex.c ****       FLASH_OB_BOR_LevelConfig(pOBInit->BORLevel);
 499:../../Drivers/STM32H7xx_HAL_Driver/Src/stm32h7xx_hal_flash_ex.c ****     }
 500:../../Drivers/STM32H7xx_HAL_Driver/Src/stm32h7xx_hal_flash_ex.c **** 
 501:../../Drivers/STM32H7xx_HAL_Driver/Src/stm32h7xx_hal_flash_ex.c **** #if defined(DUAL_CORE)
 502:../../Drivers/STM32H7xx_HAL_Driver/Src/stm32h7xx_hal_flash_ex.c ****     /* CM7 Boot Address  configuration */
 503:../../Drivers/STM32H7xx_HAL_Driver/Src/stm32h7xx_hal_flash_ex.c ****     if((pOBInit->OptionType & OPTIONBYTE_CM7_BOOTADD) == OPTIONBYTE_CM7_BOOTADD)
 504:../../Drivers/STM32H7xx_HAL_Driver/Src/stm32h7xx_hal_flash_ex.c ****     {
 505:../../Drivers/STM32H7xx_HAL_Driver/Src/stm32h7xx_hal_flash_ex.c ****       FLASH_OB_BootAddConfig(pOBInit->BootConfig, pOBInit->BootAddr0, pOBInit->BootAddr1);
 506:../../Drivers/STM32H7xx_HAL_Driver/Src/stm32h7xx_hal_flash_ex.c ****     }
 507:../../Drivers/STM32H7xx_HAL_Driver/Src/stm32h7xx_hal_flash_ex.c **** 
 508:../../Drivers/STM32H7xx_HAL_Driver/Src/stm32h7xx_hal_flash_ex.c ****     /* CM4 Boot Address  configuration */
 509:../../Drivers/STM32H7xx_HAL_Driver/Src/stm32h7xx_hal_flash_ex.c ****     if((pOBInit->OptionType & OPTIONBYTE_CM4_BOOTADD) == OPTIONBYTE_CM4_BOOTADD)
 510:../../Drivers/STM32H7xx_HAL_Driver/Src/stm32h7xx_hal_flash_ex.c ****     {
 511:../../Drivers/STM32H7xx_HAL_Driver/Src/stm32h7xx_hal_flash_ex.c ****       FLASH_OB_CM4BootAddConfig(pOBInit->CM4BootConfig, pOBInit->CM4BootAddr0, pOBInit->CM4BootAddr
 512:../../Drivers/STM32H7xx_HAL_Driver/Src/stm32h7xx_hal_flash_ex.c ****     }
 513:../../Drivers/STM32H7xx_HAL_Driver/Src/stm32h7xx_hal_flash_ex.c **** #else /* Single Core*/
 514:../../Drivers/STM32H7xx_HAL_Driver/Src/stm32h7xx_hal_flash_ex.c ****     /* Boot Address  configuration */
 515:../../Drivers/STM32H7xx_HAL_Driver/Src/stm32h7xx_hal_flash_ex.c ****     if((pOBInit->OptionType & OPTIONBYTE_BOOTADD) == OPTIONBYTE_BOOTADD)
 516:../../Drivers/STM32H7xx_HAL_Driver/Src/stm32h7xx_hal_flash_ex.c ****     {
 517:../../Drivers/STM32H7xx_HAL_Driver/Src/stm32h7xx_hal_flash_ex.c ****       FLASH_OB_BootAddConfig(pOBInit->BootConfig, pOBInit->BootAddr0, pOBInit->BootAddr1);
 518:../../Drivers/STM32H7xx_HAL_Driver/Src/stm32h7xx_hal_flash_ex.c ****     }
 519:../../Drivers/STM32H7xx_HAL_Driver/Src/stm32h7xx_hal_flash_ex.c **** #endif /*DUAL_CORE*/
 520:../../Drivers/STM32H7xx_HAL_Driver/Src/stm32h7xx_hal_flash_ex.c **** 
 521:../../Drivers/STM32H7xx_HAL_Driver/Src/stm32h7xx_hal_flash_ex.c ****     /* Secure area configuration */
 522:../../Drivers/STM32H7xx_HAL_Driver/Src/stm32h7xx_hal_flash_ex.c ****     if((pOBInit->OptionType & OPTIONBYTE_SECURE_AREA) == OPTIONBYTE_SECURE_AREA)
 523:../../Drivers/STM32H7xx_HAL_Driver/Src/stm32h7xx_hal_flash_ex.c ****     {
 524:../../Drivers/STM32H7xx_HAL_Driver/Src/stm32h7xx_hal_flash_ex.c ****       FLASH_OB_SecureAreaConfig(pOBInit->SecureAreaConfig, pOBInit->SecureAreaStartAddr, pOBInit->S
 525:../../Drivers/STM32H7xx_HAL_Driver/Src/stm32h7xx_hal_flash_ex.c ****     }
 526:../../Drivers/STM32H7xx_HAL_Driver/Src/stm32h7xx_hal_flash_ex.c **** 
 527:../../Drivers/STM32H7xx_HAL_Driver/Src/stm32h7xx_hal_flash_ex.c **** #if defined(FLASH_OTPBL_LOCKBL)
 528:../../Drivers/STM32H7xx_HAL_Driver/Src/stm32h7xx_hal_flash_ex.c ****     /* OTP Block Lock configuration */
 529:../../Drivers/STM32H7xx_HAL_Driver/Src/stm32h7xx_hal_flash_ex.c ****     if((pOBInit->OptionType & OPTIONBYTE_OTP_LOCK) == OPTIONBYTE_OTP_LOCK)
 530:../../Drivers/STM32H7xx_HAL_Driver/Src/stm32h7xx_hal_flash_ex.c ****     {
 531:../../Drivers/STM32H7xx_HAL_Driver/Src/stm32h7xx_hal_flash_ex.c ****       FLASH_OB_OTP_LockConfig(pOBInit->OTPBlockLock);
 532:../../Drivers/STM32H7xx_HAL_Driver/Src/stm32h7xx_hal_flash_ex.c ****     }
 533:../../Drivers/STM32H7xx_HAL_Driver/Src/stm32h7xx_hal_flash_ex.c **** #endif /* FLASH_OTPBL_LOCKBL */
 534:../../Drivers/STM32H7xx_HAL_Driver/Src/stm32h7xx_hal_flash_ex.c **** 
 535:../../Drivers/STM32H7xx_HAL_Driver/Src/stm32h7xx_hal_flash_ex.c **** #if defined(FLASH_OPTSR2_TCM_AXI_SHARED)
 536:../../Drivers/STM32H7xx_HAL_Driver/Src/stm32h7xx_hal_flash_ex.c ****     /* TCM / AXI Shared RAM configuration */
 537:../../Drivers/STM32H7xx_HAL_Driver/Src/stm32h7xx_hal_flash_ex.c ****     if((pOBInit->OptionType & OPTIONBYTE_SHARED_RAM) == OPTIONBYTE_SHARED_RAM)
 538:../../Drivers/STM32H7xx_HAL_Driver/Src/stm32h7xx_hal_flash_ex.c ****     {
 539:../../Drivers/STM32H7xx_HAL_Driver/Src/stm32h7xx_hal_flash_ex.c ****       FLASH_OB_SharedRAM_Config(pOBInit->SharedRamConfig);
 540:../../Drivers/STM32H7xx_HAL_Driver/Src/stm32h7xx_hal_flash_ex.c ****     }
 541:../../Drivers/STM32H7xx_HAL_Driver/Src/stm32h7xx_hal_flash_ex.c **** #endif /* FLASH_OPTSR2_TCM_AXI_SHARED */
 542:../../Drivers/STM32H7xx_HAL_Driver/Src/stm32h7xx_hal_flash_ex.c **** 
 543:../../Drivers/STM32H7xx_HAL_Driver/Src/stm32h7xx_hal_flash_ex.c **** #if defined(FLASH_OPTSR2_CPUFREQ_BOOST)
 544:../../Drivers/STM32H7xx_HAL_Driver/Src/stm32h7xx_hal_flash_ex.c ****     /* CPU Frequency Boost configuration */
 545:../../Drivers/STM32H7xx_HAL_Driver/Src/stm32h7xx_hal_flash_ex.c ****     if((pOBInit->OptionType & OPTIONBYTE_FREQ_BOOST) == OPTIONBYTE_FREQ_BOOST)
ARM GAS  /var/folders/2r/mdtt8xvd351gdc398t28_m2m0000gn/T//ccZQ9BPT.s 			page 11


 546:../../Drivers/STM32H7xx_HAL_Driver/Src/stm32h7xx_hal_flash_ex.c ****     {
 547:../../Drivers/STM32H7xx_HAL_Driver/Src/stm32h7xx_hal_flash_ex.c ****       FLASH_OB_CPUFreq_BoostConfig(pOBInit->FreqBoostState);
 548:../../Drivers/STM32H7xx_HAL_Driver/Src/stm32h7xx_hal_flash_ex.c ****     }
 549:../../Drivers/STM32H7xx_HAL_Driver/Src/stm32h7xx_hal_flash_ex.c **** #endif /* FLASH_OPTSR2_CPUFREQ_BOOST */
 550:../../Drivers/STM32H7xx_HAL_Driver/Src/stm32h7xx_hal_flash_ex.c ****   }
 551:../../Drivers/STM32H7xx_HAL_Driver/Src/stm32h7xx_hal_flash_ex.c **** 
 552:../../Drivers/STM32H7xx_HAL_Driver/Src/stm32h7xx_hal_flash_ex.c ****   /* Process Unlocked */
 553:../../Drivers/STM32H7xx_HAL_Driver/Src/stm32h7xx_hal_flash_ex.c ****   __HAL_UNLOCK(&pFlash);
 554:../../Drivers/STM32H7xx_HAL_Driver/Src/stm32h7xx_hal_flash_ex.c **** 
 555:../../Drivers/STM32H7xx_HAL_Driver/Src/stm32h7xx_hal_flash_ex.c ****   return status;
 556:../../Drivers/STM32H7xx_HAL_Driver/Src/stm32h7xx_hal_flash_ex.c **** }
 557:../../Drivers/STM32H7xx_HAL_Driver/Src/stm32h7xx_hal_flash_ex.c **** 
 558:../../Drivers/STM32H7xx_HAL_Driver/Src/stm32h7xx_hal_flash_ex.c **** /**
 559:../../Drivers/STM32H7xx_HAL_Driver/Src/stm32h7xx_hal_flash_ex.c ****   * @brief Get the Option byte configuration
 560:../../Drivers/STM32H7xx_HAL_Driver/Src/stm32h7xx_hal_flash_ex.c ****   * @param  pOBInit pointer to an FLASH_OBProgramInitTypeDef structure that
 561:../../Drivers/STM32H7xx_HAL_Driver/Src/stm32h7xx_hal_flash_ex.c ****   *         contains the configuration information for the programming.
 562:../../Drivers/STM32H7xx_HAL_Driver/Src/stm32h7xx_hal_flash_ex.c ****   * @note   The parameter Banks of the pOBInit structure must be set exclusively to FLASH_BANK_1 or
 563:../../Drivers/STM32H7xx_HAL_Driver/Src/stm32h7xx_hal_flash_ex.c ****   *         as this parameter is use to get the given Bank WRP, PCROP and secured area configuratio
 564:../../Drivers/STM32H7xx_HAL_Driver/Src/stm32h7xx_hal_flash_ex.c ****   *
 565:../../Drivers/STM32H7xx_HAL_Driver/Src/stm32h7xx_hal_flash_ex.c ****   * @retval None
 566:../../Drivers/STM32H7xx_HAL_Driver/Src/stm32h7xx_hal_flash_ex.c ****   */
 567:../../Drivers/STM32H7xx_HAL_Driver/Src/stm32h7xx_hal_flash_ex.c **** void HAL_FLASHEx_OBGetConfig(FLASH_OBProgramInitTypeDef *pOBInit)
 568:../../Drivers/STM32H7xx_HAL_Driver/Src/stm32h7xx_hal_flash_ex.c **** {
 569:../../Drivers/STM32H7xx_HAL_Driver/Src/stm32h7xx_hal_flash_ex.c ****   pOBInit->OptionType = (OPTIONBYTE_USER | OPTIONBYTE_RDP | OPTIONBYTE_BOR);
 570:../../Drivers/STM32H7xx_HAL_Driver/Src/stm32h7xx_hal_flash_ex.c **** 
 571:../../Drivers/STM32H7xx_HAL_Driver/Src/stm32h7xx_hal_flash_ex.c ****   /* Get Read protection level */
 572:../../Drivers/STM32H7xx_HAL_Driver/Src/stm32h7xx_hal_flash_ex.c ****   pOBInit->RDPLevel = FLASH_OB_GetRDP();
 573:../../Drivers/STM32H7xx_HAL_Driver/Src/stm32h7xx_hal_flash_ex.c **** 
 574:../../Drivers/STM32H7xx_HAL_Driver/Src/stm32h7xx_hal_flash_ex.c ****   /* Get the user option bytes */
 575:../../Drivers/STM32H7xx_HAL_Driver/Src/stm32h7xx_hal_flash_ex.c ****   pOBInit->USERConfig = FLASH_OB_GetUser();
 576:../../Drivers/STM32H7xx_HAL_Driver/Src/stm32h7xx_hal_flash_ex.c **** 
 577:../../Drivers/STM32H7xx_HAL_Driver/Src/stm32h7xx_hal_flash_ex.c ****   /*Get BOR Level*/
 578:../../Drivers/STM32H7xx_HAL_Driver/Src/stm32h7xx_hal_flash_ex.c ****   pOBInit->BORLevel = FLASH_OB_GetBOR();
 579:../../Drivers/STM32H7xx_HAL_Driver/Src/stm32h7xx_hal_flash_ex.c **** 
 580:../../Drivers/STM32H7xx_HAL_Driver/Src/stm32h7xx_hal_flash_ex.c **** #if defined (DUAL_BANK)
 581:../../Drivers/STM32H7xx_HAL_Driver/Src/stm32h7xx_hal_flash_ex.c ****   if ((pOBInit->Banks == FLASH_BANK_1) || (pOBInit->Banks == FLASH_BANK_2))
 582:../../Drivers/STM32H7xx_HAL_Driver/Src/stm32h7xx_hal_flash_ex.c **** #else
 583:../../Drivers/STM32H7xx_HAL_Driver/Src/stm32h7xx_hal_flash_ex.c ****   if (pOBInit->Banks == FLASH_BANK_1)
 584:../../Drivers/STM32H7xx_HAL_Driver/Src/stm32h7xx_hal_flash_ex.c **** #endif /* DUAL_BANK */
 585:../../Drivers/STM32H7xx_HAL_Driver/Src/stm32h7xx_hal_flash_ex.c ****   {
 586:../../Drivers/STM32H7xx_HAL_Driver/Src/stm32h7xx_hal_flash_ex.c ****     pOBInit->OptionType |= (OPTIONBYTE_WRP | OPTIONBYTE_PCROP | OPTIONBYTE_SECURE_AREA);
 587:../../Drivers/STM32H7xx_HAL_Driver/Src/stm32h7xx_hal_flash_ex.c **** 
 588:../../Drivers/STM32H7xx_HAL_Driver/Src/stm32h7xx_hal_flash_ex.c ****     /* Get write protection on the selected area */
 589:../../Drivers/STM32H7xx_HAL_Driver/Src/stm32h7xx_hal_flash_ex.c ****     FLASH_OB_GetWRP(&(pOBInit->WRPState), &(pOBInit->WRPSector), pOBInit->Banks);
 590:../../Drivers/STM32H7xx_HAL_Driver/Src/stm32h7xx_hal_flash_ex.c **** 
 591:../../Drivers/STM32H7xx_HAL_Driver/Src/stm32h7xx_hal_flash_ex.c ****     /* Get the Proprietary code readout protection */
 592:../../Drivers/STM32H7xx_HAL_Driver/Src/stm32h7xx_hal_flash_ex.c ****     FLASH_OB_GetPCROP(&(pOBInit->PCROPConfig), &(pOBInit->PCROPStartAddr), &(pOBInit->PCROPEndAddr)
 593:../../Drivers/STM32H7xx_HAL_Driver/Src/stm32h7xx_hal_flash_ex.c **** 
 594:../../Drivers/STM32H7xx_HAL_Driver/Src/stm32h7xx_hal_flash_ex.c ****     /*Get Bank Secure area*/
 595:../../Drivers/STM32H7xx_HAL_Driver/Src/stm32h7xx_hal_flash_ex.c ****     FLASH_OB_GetSecureArea(&(pOBInit->SecureAreaConfig), &(pOBInit->SecureAreaStartAddr), &(pOBInit
 596:../../Drivers/STM32H7xx_HAL_Driver/Src/stm32h7xx_hal_flash_ex.c ****   }
 597:../../Drivers/STM32H7xx_HAL_Driver/Src/stm32h7xx_hal_flash_ex.c **** 
 598:../../Drivers/STM32H7xx_HAL_Driver/Src/stm32h7xx_hal_flash_ex.c ****   /*Get Boot Address*/
 599:../../Drivers/STM32H7xx_HAL_Driver/Src/stm32h7xx_hal_flash_ex.c ****   FLASH_OB_GetBootAdd(&(pOBInit->BootAddr0), &(pOBInit->BootAddr1));
 600:../../Drivers/STM32H7xx_HAL_Driver/Src/stm32h7xx_hal_flash_ex.c **** #if defined(DUAL_CORE)
 601:../../Drivers/STM32H7xx_HAL_Driver/Src/stm32h7xx_hal_flash_ex.c ****   pOBInit->OptionType |= OPTIONBYTE_CM7_BOOTADD | OPTIONBYTE_CM4_BOOTADD;
 602:../../Drivers/STM32H7xx_HAL_Driver/Src/stm32h7xx_hal_flash_ex.c **** 
ARM GAS  /var/folders/2r/mdtt8xvd351gdc398t28_m2m0000gn/T//ccZQ9BPT.s 			page 12


 603:../../Drivers/STM32H7xx_HAL_Driver/Src/stm32h7xx_hal_flash_ex.c ****   /*Get CM4 Boot Address*/
 604:../../Drivers/STM32H7xx_HAL_Driver/Src/stm32h7xx_hal_flash_ex.c ****   FLASH_OB_GetCM4BootAdd(&(pOBInit->CM4BootAddr0), &(pOBInit->CM4BootAddr1));
 605:../../Drivers/STM32H7xx_HAL_Driver/Src/stm32h7xx_hal_flash_ex.c **** #else
 606:../../Drivers/STM32H7xx_HAL_Driver/Src/stm32h7xx_hal_flash_ex.c ****   pOBInit->OptionType |= OPTIONBYTE_BOOTADD;
 607:../../Drivers/STM32H7xx_HAL_Driver/Src/stm32h7xx_hal_flash_ex.c **** #endif /*DUAL_CORE*/
 608:../../Drivers/STM32H7xx_HAL_Driver/Src/stm32h7xx_hal_flash_ex.c **** 
 609:../../Drivers/STM32H7xx_HAL_Driver/Src/stm32h7xx_hal_flash_ex.c **** #if defined (FLASH_OTPBL_LOCKBL)
 610:../../Drivers/STM32H7xx_HAL_Driver/Src/stm32h7xx_hal_flash_ex.c ****   pOBInit->OptionType |= OPTIONBYTE_OTP_LOCK;
 611:../../Drivers/STM32H7xx_HAL_Driver/Src/stm32h7xx_hal_flash_ex.c **** 
 612:../../Drivers/STM32H7xx_HAL_Driver/Src/stm32h7xx_hal_flash_ex.c ****   /* Get OTP Block Lock */
 613:../../Drivers/STM32H7xx_HAL_Driver/Src/stm32h7xx_hal_flash_ex.c ****   pOBInit->OTPBlockLock = FLASH_OB_OTP_GetLock();
 614:../../Drivers/STM32H7xx_HAL_Driver/Src/stm32h7xx_hal_flash_ex.c **** #endif /* FLASH_OTPBL_LOCKBL */
 615:../../Drivers/STM32H7xx_HAL_Driver/Src/stm32h7xx_hal_flash_ex.c **** 
 616:../../Drivers/STM32H7xx_HAL_Driver/Src/stm32h7xx_hal_flash_ex.c **** #if defined (FLASH_OPTSR2_TCM_AXI_SHARED)
 617:../../Drivers/STM32H7xx_HAL_Driver/Src/stm32h7xx_hal_flash_ex.c ****   pOBInit->OptionType |= OPTIONBYTE_SHARED_RAM;
 618:../../Drivers/STM32H7xx_HAL_Driver/Src/stm32h7xx_hal_flash_ex.c **** 
 619:../../Drivers/STM32H7xx_HAL_Driver/Src/stm32h7xx_hal_flash_ex.c ****   /* Get TCM / AXI Shared RAM */
 620:../../Drivers/STM32H7xx_HAL_Driver/Src/stm32h7xx_hal_flash_ex.c ****   pOBInit->SharedRamConfig = FLASH_OB_SharedRAM_GetConfig();
 621:../../Drivers/STM32H7xx_HAL_Driver/Src/stm32h7xx_hal_flash_ex.c **** #endif /* FLASH_OPTSR2_TCM_AXI_SHARED */
 622:../../Drivers/STM32H7xx_HAL_Driver/Src/stm32h7xx_hal_flash_ex.c **** 
 623:../../Drivers/STM32H7xx_HAL_Driver/Src/stm32h7xx_hal_flash_ex.c **** #if defined (FLASH_OPTSR2_CPUFREQ_BOOST)
 624:../../Drivers/STM32H7xx_HAL_Driver/Src/stm32h7xx_hal_flash_ex.c ****   pOBInit->OptionType |= OPTIONBYTE_FREQ_BOOST;
 625:../../Drivers/STM32H7xx_HAL_Driver/Src/stm32h7xx_hal_flash_ex.c **** 
 626:../../Drivers/STM32H7xx_HAL_Driver/Src/stm32h7xx_hal_flash_ex.c ****   /* Get CPU Frequency Boost */
 627:../../Drivers/STM32H7xx_HAL_Driver/Src/stm32h7xx_hal_flash_ex.c ****   pOBInit->FreqBoostState = FLASH_OB_CPUFreq_GetBoost();
 628:../../Drivers/STM32H7xx_HAL_Driver/Src/stm32h7xx_hal_flash_ex.c **** #endif /* FLASH_OPTSR2_CPUFREQ_BOOST */
 629:../../Drivers/STM32H7xx_HAL_Driver/Src/stm32h7xx_hal_flash_ex.c **** }
 630:../../Drivers/STM32H7xx_HAL_Driver/Src/stm32h7xx_hal_flash_ex.c **** 
 631:../../Drivers/STM32H7xx_HAL_Driver/Src/stm32h7xx_hal_flash_ex.c **** /**
 632:../../Drivers/STM32H7xx_HAL_Driver/Src/stm32h7xx_hal_flash_ex.c ****   * @brief  Unlock the FLASH Bank1 control registers access
 633:../../Drivers/STM32H7xx_HAL_Driver/Src/stm32h7xx_hal_flash_ex.c ****   * @retval HAL Status
 634:../../Drivers/STM32H7xx_HAL_Driver/Src/stm32h7xx_hal_flash_ex.c ****   */
 635:../../Drivers/STM32H7xx_HAL_Driver/Src/stm32h7xx_hal_flash_ex.c **** HAL_StatusTypeDef HAL_FLASHEx_Unlock_Bank1(void)
 636:../../Drivers/STM32H7xx_HAL_Driver/Src/stm32h7xx_hal_flash_ex.c **** {
 637:../../Drivers/STM32H7xx_HAL_Driver/Src/stm32h7xx_hal_flash_ex.c ****   if(READ_BIT(FLASH->CR1, FLASH_CR_LOCK) != 0U)
 638:../../Drivers/STM32H7xx_HAL_Driver/Src/stm32h7xx_hal_flash_ex.c ****   {
 639:../../Drivers/STM32H7xx_HAL_Driver/Src/stm32h7xx_hal_flash_ex.c ****     /* Authorize the FLASH Bank1 Registers access */
 640:../../Drivers/STM32H7xx_HAL_Driver/Src/stm32h7xx_hal_flash_ex.c ****     WRITE_REG(FLASH->KEYR1, FLASH_KEY1);
 641:../../Drivers/STM32H7xx_HAL_Driver/Src/stm32h7xx_hal_flash_ex.c ****     WRITE_REG(FLASH->KEYR1, FLASH_KEY2);
 642:../../Drivers/STM32H7xx_HAL_Driver/Src/stm32h7xx_hal_flash_ex.c **** 
 643:../../Drivers/STM32H7xx_HAL_Driver/Src/stm32h7xx_hal_flash_ex.c ****     /* Verify Flash Bank1 is unlocked */
 644:../../Drivers/STM32H7xx_HAL_Driver/Src/stm32h7xx_hal_flash_ex.c ****     if (READ_BIT(FLASH->CR1, FLASH_CR_LOCK) != 0U)
 645:../../Drivers/STM32H7xx_HAL_Driver/Src/stm32h7xx_hal_flash_ex.c ****     {
 646:../../Drivers/STM32H7xx_HAL_Driver/Src/stm32h7xx_hal_flash_ex.c ****       return HAL_ERROR;
 647:../../Drivers/STM32H7xx_HAL_Driver/Src/stm32h7xx_hal_flash_ex.c ****     }
 648:../../Drivers/STM32H7xx_HAL_Driver/Src/stm32h7xx_hal_flash_ex.c ****   }
 649:../../Drivers/STM32H7xx_HAL_Driver/Src/stm32h7xx_hal_flash_ex.c **** 
 650:../../Drivers/STM32H7xx_HAL_Driver/Src/stm32h7xx_hal_flash_ex.c ****   return HAL_OK;
 651:../../Drivers/STM32H7xx_HAL_Driver/Src/stm32h7xx_hal_flash_ex.c **** }
 652:../../Drivers/STM32H7xx_HAL_Driver/Src/stm32h7xx_hal_flash_ex.c **** 
 653:../../Drivers/STM32H7xx_HAL_Driver/Src/stm32h7xx_hal_flash_ex.c **** /**
 654:../../Drivers/STM32H7xx_HAL_Driver/Src/stm32h7xx_hal_flash_ex.c ****   * @brief  Locks the FLASH Bank1 control registers access
 655:../../Drivers/STM32H7xx_HAL_Driver/Src/stm32h7xx_hal_flash_ex.c ****   * @retval HAL Status
 656:../../Drivers/STM32H7xx_HAL_Driver/Src/stm32h7xx_hal_flash_ex.c ****   */
 657:../../Drivers/STM32H7xx_HAL_Driver/Src/stm32h7xx_hal_flash_ex.c **** HAL_StatusTypeDef HAL_FLASHEx_Lock_Bank1(void)
 658:../../Drivers/STM32H7xx_HAL_Driver/Src/stm32h7xx_hal_flash_ex.c **** {
 659:../../Drivers/STM32H7xx_HAL_Driver/Src/stm32h7xx_hal_flash_ex.c ****   /* Set the LOCK Bit to lock the FLASH Bank1 Registers access */
ARM GAS  /var/folders/2r/mdtt8xvd351gdc398t28_m2m0000gn/T//ccZQ9BPT.s 			page 13


 660:../../Drivers/STM32H7xx_HAL_Driver/Src/stm32h7xx_hal_flash_ex.c ****   SET_BIT(FLASH->CR1, FLASH_CR_LOCK);
 661:../../Drivers/STM32H7xx_HAL_Driver/Src/stm32h7xx_hal_flash_ex.c ****   return HAL_OK;
 662:../../Drivers/STM32H7xx_HAL_Driver/Src/stm32h7xx_hal_flash_ex.c **** }
 663:../../Drivers/STM32H7xx_HAL_Driver/Src/stm32h7xx_hal_flash_ex.c **** 
 664:../../Drivers/STM32H7xx_HAL_Driver/Src/stm32h7xx_hal_flash_ex.c **** #if defined (DUAL_BANK)
 665:../../Drivers/STM32H7xx_HAL_Driver/Src/stm32h7xx_hal_flash_ex.c **** /**
 666:../../Drivers/STM32H7xx_HAL_Driver/Src/stm32h7xx_hal_flash_ex.c ****   * @brief  Unlock the FLASH Bank2 control registers access
 667:../../Drivers/STM32H7xx_HAL_Driver/Src/stm32h7xx_hal_flash_ex.c ****   * @retval HAL Status
 668:../../Drivers/STM32H7xx_HAL_Driver/Src/stm32h7xx_hal_flash_ex.c ****   */
 669:../../Drivers/STM32H7xx_HAL_Driver/Src/stm32h7xx_hal_flash_ex.c **** HAL_StatusTypeDef HAL_FLASHEx_Unlock_Bank2(void)
 670:../../Drivers/STM32H7xx_HAL_Driver/Src/stm32h7xx_hal_flash_ex.c **** {
 671:../../Drivers/STM32H7xx_HAL_Driver/Src/stm32h7xx_hal_flash_ex.c ****   if(READ_BIT(FLASH->CR2, FLASH_CR_LOCK) != 0U)
 672:../../Drivers/STM32H7xx_HAL_Driver/Src/stm32h7xx_hal_flash_ex.c ****   {
 673:../../Drivers/STM32H7xx_HAL_Driver/Src/stm32h7xx_hal_flash_ex.c ****     /* Authorize the FLASH Bank2 Registers access */
 674:../../Drivers/STM32H7xx_HAL_Driver/Src/stm32h7xx_hal_flash_ex.c ****     WRITE_REG(FLASH->KEYR2, FLASH_KEY1);
 675:../../Drivers/STM32H7xx_HAL_Driver/Src/stm32h7xx_hal_flash_ex.c ****     WRITE_REG(FLASH->KEYR2, FLASH_KEY2);
 676:../../Drivers/STM32H7xx_HAL_Driver/Src/stm32h7xx_hal_flash_ex.c **** 
 677:../../Drivers/STM32H7xx_HAL_Driver/Src/stm32h7xx_hal_flash_ex.c ****     /* Verify Flash Bank1 is unlocked */
 678:../../Drivers/STM32H7xx_HAL_Driver/Src/stm32h7xx_hal_flash_ex.c ****     if (READ_BIT(FLASH->CR2, FLASH_CR_LOCK) != 0U)
 679:../../Drivers/STM32H7xx_HAL_Driver/Src/stm32h7xx_hal_flash_ex.c ****     {
 680:../../Drivers/STM32H7xx_HAL_Driver/Src/stm32h7xx_hal_flash_ex.c ****       return HAL_ERROR;
 681:../../Drivers/STM32H7xx_HAL_Driver/Src/stm32h7xx_hal_flash_ex.c ****     }
 682:../../Drivers/STM32H7xx_HAL_Driver/Src/stm32h7xx_hal_flash_ex.c ****   }
 683:../../Drivers/STM32H7xx_HAL_Driver/Src/stm32h7xx_hal_flash_ex.c **** 
 684:../../Drivers/STM32H7xx_HAL_Driver/Src/stm32h7xx_hal_flash_ex.c ****   return HAL_OK;
 685:../../Drivers/STM32H7xx_HAL_Driver/Src/stm32h7xx_hal_flash_ex.c **** }
 686:../../Drivers/STM32H7xx_HAL_Driver/Src/stm32h7xx_hal_flash_ex.c **** 
 687:../../Drivers/STM32H7xx_HAL_Driver/Src/stm32h7xx_hal_flash_ex.c **** /**
 688:../../Drivers/STM32H7xx_HAL_Driver/Src/stm32h7xx_hal_flash_ex.c ****   * @brief  Locks the FLASH Bank2 control registers access
 689:../../Drivers/STM32H7xx_HAL_Driver/Src/stm32h7xx_hal_flash_ex.c ****   * @retval HAL Status
 690:../../Drivers/STM32H7xx_HAL_Driver/Src/stm32h7xx_hal_flash_ex.c ****   */
 691:../../Drivers/STM32H7xx_HAL_Driver/Src/stm32h7xx_hal_flash_ex.c **** HAL_StatusTypeDef HAL_FLASHEx_Lock_Bank2(void)
 692:../../Drivers/STM32H7xx_HAL_Driver/Src/stm32h7xx_hal_flash_ex.c **** {
 693:../../Drivers/STM32H7xx_HAL_Driver/Src/stm32h7xx_hal_flash_ex.c ****   /* Set the LOCK Bit to lock the FLASH Bank2 Registers access */
 694:../../Drivers/STM32H7xx_HAL_Driver/Src/stm32h7xx_hal_flash_ex.c ****   SET_BIT(FLASH->CR2, FLASH_CR_LOCK);
 695:../../Drivers/STM32H7xx_HAL_Driver/Src/stm32h7xx_hal_flash_ex.c ****   return HAL_OK;
 696:../../Drivers/STM32H7xx_HAL_Driver/Src/stm32h7xx_hal_flash_ex.c **** }
 697:../../Drivers/STM32H7xx_HAL_Driver/Src/stm32h7xx_hal_flash_ex.c **** #endif /* DUAL_BANK */
 698:../../Drivers/STM32H7xx_HAL_Driver/Src/stm32h7xx_hal_flash_ex.c **** 
 699:../../Drivers/STM32H7xx_HAL_Driver/Src/stm32h7xx_hal_flash_ex.c **** /*
 700:../../Drivers/STM32H7xx_HAL_Driver/Src/stm32h7xx_hal_flash_ex.c ****   * @brief  Perform a CRC computation on the specified FLASH memory area
 701:../../Drivers/STM32H7xx_HAL_Driver/Src/stm32h7xx_hal_flash_ex.c ****   * @param  pCRCInit pointer to an FLASH_CRCInitTypeDef structure that
 702:../../Drivers/STM32H7xx_HAL_Driver/Src/stm32h7xx_hal_flash_ex.c ****   *         contains the configuration information for the CRC computation.
 703:../../Drivers/STM32H7xx_HAL_Driver/Src/stm32h7xx_hal_flash_ex.c ****   * @note   CRC computation uses CRC-32 (Ethernet) polynomial 0x4C11DB7
 704:../../Drivers/STM32H7xx_HAL_Driver/Src/stm32h7xx_hal_flash_ex.c ****   * @note   The application should avoid running a CRC on PCROP or secure-only
 705:../../Drivers/STM32H7xx_HAL_Driver/Src/stm32h7xx_hal_flash_ex.c ****   *         user Flash memory area since it may alter the expected CRC value.
 706:../../Drivers/STM32H7xx_HAL_Driver/Src/stm32h7xx_hal_flash_ex.c ****   *         A special error flag (CRC read error: CRCRDERR) can be used to
 707:../../Drivers/STM32H7xx_HAL_Driver/Src/stm32h7xx_hal_flash_ex.c ****   *         detect such a case.
 708:../../Drivers/STM32H7xx_HAL_Driver/Src/stm32h7xx_hal_flash_ex.c ****   * @retval HAL Status
 709:../../Drivers/STM32H7xx_HAL_Driver/Src/stm32h7xx_hal_flash_ex.c **** */
 710:../../Drivers/STM32H7xx_HAL_Driver/Src/stm32h7xx_hal_flash_ex.c **** HAL_StatusTypeDef HAL_FLASHEx_ComputeCRC(FLASH_CRCInitTypeDef *pCRCInit, uint32_t *CRC_Result)
 711:../../Drivers/STM32H7xx_HAL_Driver/Src/stm32h7xx_hal_flash_ex.c **** {
 712:../../Drivers/STM32H7xx_HAL_Driver/Src/stm32h7xx_hal_flash_ex.c ****   HAL_StatusTypeDef status;
 713:../../Drivers/STM32H7xx_HAL_Driver/Src/stm32h7xx_hal_flash_ex.c ****   uint32_t sector_index;
 714:../../Drivers/STM32H7xx_HAL_Driver/Src/stm32h7xx_hal_flash_ex.c **** 
 715:../../Drivers/STM32H7xx_HAL_Driver/Src/stm32h7xx_hal_flash_ex.c ****   /* Check the parameters */
 716:../../Drivers/STM32H7xx_HAL_Driver/Src/stm32h7xx_hal_flash_ex.c ****   assert_param(IS_FLASH_BANK_EXCLUSIVE(pCRCInit->Bank));
ARM GAS  /var/folders/2r/mdtt8xvd351gdc398t28_m2m0000gn/T//ccZQ9BPT.s 			page 14


 717:../../Drivers/STM32H7xx_HAL_Driver/Src/stm32h7xx_hal_flash_ex.c ****   assert_param(IS_FLASH_TYPECRC(pCRCInit->TypeCRC));
 718:../../Drivers/STM32H7xx_HAL_Driver/Src/stm32h7xx_hal_flash_ex.c **** 
 719:../../Drivers/STM32H7xx_HAL_Driver/Src/stm32h7xx_hal_flash_ex.c ****   /* Wait for OB change operation to be completed */
 720:../../Drivers/STM32H7xx_HAL_Driver/Src/stm32h7xx_hal_flash_ex.c ****   status = FLASH_OB_WaitForLastOperation((uint32_t)FLASH_TIMEOUT_VALUE);
 721:../../Drivers/STM32H7xx_HAL_Driver/Src/stm32h7xx_hal_flash_ex.c **** 
 722:../../Drivers/STM32H7xx_HAL_Driver/Src/stm32h7xx_hal_flash_ex.c ****   if (status == HAL_OK)
 723:../../Drivers/STM32H7xx_HAL_Driver/Src/stm32h7xx_hal_flash_ex.c ****   {
 724:../../Drivers/STM32H7xx_HAL_Driver/Src/stm32h7xx_hal_flash_ex.c ****     if (pCRCInit->Bank == FLASH_BANK_1)
 725:../../Drivers/STM32H7xx_HAL_Driver/Src/stm32h7xx_hal_flash_ex.c ****     {
 726:../../Drivers/STM32H7xx_HAL_Driver/Src/stm32h7xx_hal_flash_ex.c ****       /* Enable CRC feature */
 727:../../Drivers/STM32H7xx_HAL_Driver/Src/stm32h7xx_hal_flash_ex.c ****       FLASH->CR1 |= FLASH_CR_CRC_EN;
 728:../../Drivers/STM32H7xx_HAL_Driver/Src/stm32h7xx_hal_flash_ex.c **** 
 729:../../Drivers/STM32H7xx_HAL_Driver/Src/stm32h7xx_hal_flash_ex.c ****       /* Clear CRC flags in Status Register: CRC end of calculation and CRC read error */
 730:../../Drivers/STM32H7xx_HAL_Driver/Src/stm32h7xx_hal_flash_ex.c ****       FLASH->CCR1 |= (FLASH_CCR_CLR_CRCEND | FLASH_CCR_CLR_CRCRDERR);
 731:../../Drivers/STM32H7xx_HAL_Driver/Src/stm32h7xx_hal_flash_ex.c **** 
 732:../../Drivers/STM32H7xx_HAL_Driver/Src/stm32h7xx_hal_flash_ex.c ****       /* Clear current CRC result, program burst size and define memory area on which CRC has to be
 733:../../Drivers/STM32H7xx_HAL_Driver/Src/stm32h7xx_hal_flash_ex.c ****       FLASH->CRCCR1 |= FLASH_CRCCR_CLEAN_CRC | pCRCInit->BurstSize | pCRCInit->TypeCRC;
 734:../../Drivers/STM32H7xx_HAL_Driver/Src/stm32h7xx_hal_flash_ex.c **** 
 735:../../Drivers/STM32H7xx_HAL_Driver/Src/stm32h7xx_hal_flash_ex.c ****       if (pCRCInit->TypeCRC == FLASH_CRC_SECTORS)
 736:../../Drivers/STM32H7xx_HAL_Driver/Src/stm32h7xx_hal_flash_ex.c ****       {
 737:../../Drivers/STM32H7xx_HAL_Driver/Src/stm32h7xx_hal_flash_ex.c ****         /* Clear sectors list */
 738:../../Drivers/STM32H7xx_HAL_Driver/Src/stm32h7xx_hal_flash_ex.c ****         FLASH->CRCCR1 |= FLASH_CRCCR_CLEAN_SECT;
 739:../../Drivers/STM32H7xx_HAL_Driver/Src/stm32h7xx_hal_flash_ex.c **** 
 740:../../Drivers/STM32H7xx_HAL_Driver/Src/stm32h7xx_hal_flash_ex.c ****         /* Select CRC sectors */
 741:../../Drivers/STM32H7xx_HAL_Driver/Src/stm32h7xx_hal_flash_ex.c ****         for(sector_index = pCRCInit->Sector; sector_index < (pCRCInit->NbSectors + pCRCInit->Sector
 742:../../Drivers/STM32H7xx_HAL_Driver/Src/stm32h7xx_hal_flash_ex.c ****         {
 743:../../Drivers/STM32H7xx_HAL_Driver/Src/stm32h7xx_hal_flash_ex.c ****           FLASH_CRC_AddSector(sector_index, FLASH_BANK_1);
 744:../../Drivers/STM32H7xx_HAL_Driver/Src/stm32h7xx_hal_flash_ex.c ****         }
 745:../../Drivers/STM32H7xx_HAL_Driver/Src/stm32h7xx_hal_flash_ex.c ****       }
 746:../../Drivers/STM32H7xx_HAL_Driver/Src/stm32h7xx_hal_flash_ex.c ****       else if (pCRCInit->TypeCRC == FLASH_CRC_BANK)
 747:../../Drivers/STM32H7xx_HAL_Driver/Src/stm32h7xx_hal_flash_ex.c ****       {
 748:../../Drivers/STM32H7xx_HAL_Driver/Src/stm32h7xx_hal_flash_ex.c ****         /* Enable Bank 1 CRC select bit */
 749:../../Drivers/STM32H7xx_HAL_Driver/Src/stm32h7xx_hal_flash_ex.c ****         FLASH->CRCCR1 |= FLASH_CRCCR_ALL_BANK;
 750:../../Drivers/STM32H7xx_HAL_Driver/Src/stm32h7xx_hal_flash_ex.c ****       }
 751:../../Drivers/STM32H7xx_HAL_Driver/Src/stm32h7xx_hal_flash_ex.c ****       else
 752:../../Drivers/STM32H7xx_HAL_Driver/Src/stm32h7xx_hal_flash_ex.c ****       {
 753:../../Drivers/STM32H7xx_HAL_Driver/Src/stm32h7xx_hal_flash_ex.c ****         /* Select CRC start and end addresses */
 754:../../Drivers/STM32H7xx_HAL_Driver/Src/stm32h7xx_hal_flash_ex.c ****         FLASH_CRC_SelectAddress(pCRCInit->CRCStartAddr, pCRCInit->CRCEndAddr, FLASH_BANK_1);
 755:../../Drivers/STM32H7xx_HAL_Driver/Src/stm32h7xx_hal_flash_ex.c ****       }
 756:../../Drivers/STM32H7xx_HAL_Driver/Src/stm32h7xx_hal_flash_ex.c **** 
 757:../../Drivers/STM32H7xx_HAL_Driver/Src/stm32h7xx_hal_flash_ex.c ****       /* Start the CRC calculation */
 758:../../Drivers/STM32H7xx_HAL_Driver/Src/stm32h7xx_hal_flash_ex.c ****       FLASH->CRCCR1 |= FLASH_CRCCR_START_CRC;
 759:../../Drivers/STM32H7xx_HAL_Driver/Src/stm32h7xx_hal_flash_ex.c **** 
 760:../../Drivers/STM32H7xx_HAL_Driver/Src/stm32h7xx_hal_flash_ex.c ****       /* Wait on CRC busy flag */
 761:../../Drivers/STM32H7xx_HAL_Driver/Src/stm32h7xx_hal_flash_ex.c ****       status = FLASH_CRC_WaitForLastOperation((uint32_t)FLASH_TIMEOUT_VALUE, FLASH_BANK_1);
 762:../../Drivers/STM32H7xx_HAL_Driver/Src/stm32h7xx_hal_flash_ex.c **** 
 763:../../Drivers/STM32H7xx_HAL_Driver/Src/stm32h7xx_hal_flash_ex.c ****       /* Return CRC result */
 764:../../Drivers/STM32H7xx_HAL_Driver/Src/stm32h7xx_hal_flash_ex.c ****       (*CRC_Result) = FLASH->CRCDATA;
 765:../../Drivers/STM32H7xx_HAL_Driver/Src/stm32h7xx_hal_flash_ex.c **** 
 766:../../Drivers/STM32H7xx_HAL_Driver/Src/stm32h7xx_hal_flash_ex.c ****       /* Disable CRC feature */
 767:../../Drivers/STM32H7xx_HAL_Driver/Src/stm32h7xx_hal_flash_ex.c ****       FLASH->CR1 &= (~FLASH_CR_CRC_EN);
 768:../../Drivers/STM32H7xx_HAL_Driver/Src/stm32h7xx_hal_flash_ex.c **** 
 769:../../Drivers/STM32H7xx_HAL_Driver/Src/stm32h7xx_hal_flash_ex.c ****       /* Clear CRC flags */
 770:../../Drivers/STM32H7xx_HAL_Driver/Src/stm32h7xx_hal_flash_ex.c ****       __HAL_FLASH_CLEAR_FLAG_BANK1(FLASH_FLAG_CRCEND_BANK1 | FLASH_FLAG_CRCRDERR_BANK1);
 771:../../Drivers/STM32H7xx_HAL_Driver/Src/stm32h7xx_hal_flash_ex.c ****     }
 772:../../Drivers/STM32H7xx_HAL_Driver/Src/stm32h7xx_hal_flash_ex.c **** #if defined (DUAL_BANK)
 773:../../Drivers/STM32H7xx_HAL_Driver/Src/stm32h7xx_hal_flash_ex.c ****     else
ARM GAS  /var/folders/2r/mdtt8xvd351gdc398t28_m2m0000gn/T//ccZQ9BPT.s 			page 15


 774:../../Drivers/STM32H7xx_HAL_Driver/Src/stm32h7xx_hal_flash_ex.c ****     {
 775:../../Drivers/STM32H7xx_HAL_Driver/Src/stm32h7xx_hal_flash_ex.c ****       /* Enable CRC feature */
 776:../../Drivers/STM32H7xx_HAL_Driver/Src/stm32h7xx_hal_flash_ex.c ****       FLASH->CR2 |= FLASH_CR_CRC_EN;
 777:../../Drivers/STM32H7xx_HAL_Driver/Src/stm32h7xx_hal_flash_ex.c **** 
 778:../../Drivers/STM32H7xx_HAL_Driver/Src/stm32h7xx_hal_flash_ex.c ****       /* Clear CRC flags in Status Register: CRC end of calculation and CRC read error */
 779:../../Drivers/STM32H7xx_HAL_Driver/Src/stm32h7xx_hal_flash_ex.c ****       FLASH->CCR2 |= (FLASH_CCR_CLR_CRCEND | FLASH_CCR_CLR_CRCRDERR);
 780:../../Drivers/STM32H7xx_HAL_Driver/Src/stm32h7xx_hal_flash_ex.c **** 
 781:../../Drivers/STM32H7xx_HAL_Driver/Src/stm32h7xx_hal_flash_ex.c ****       /* Clear current CRC result, program burst size and define memory area on which CRC has to be
 782:../../Drivers/STM32H7xx_HAL_Driver/Src/stm32h7xx_hal_flash_ex.c ****       FLASH->CRCCR2 |= FLASH_CRCCR_CLEAN_CRC | pCRCInit->BurstSize | pCRCInit->TypeCRC;
 783:../../Drivers/STM32H7xx_HAL_Driver/Src/stm32h7xx_hal_flash_ex.c **** 
 784:../../Drivers/STM32H7xx_HAL_Driver/Src/stm32h7xx_hal_flash_ex.c ****       if (pCRCInit->TypeCRC == FLASH_CRC_SECTORS)
 785:../../Drivers/STM32H7xx_HAL_Driver/Src/stm32h7xx_hal_flash_ex.c ****       {
 786:../../Drivers/STM32H7xx_HAL_Driver/Src/stm32h7xx_hal_flash_ex.c ****         /* Clear sectors list */
 787:../../Drivers/STM32H7xx_HAL_Driver/Src/stm32h7xx_hal_flash_ex.c ****         FLASH->CRCCR2 |= FLASH_CRCCR_CLEAN_SECT;
 788:../../Drivers/STM32H7xx_HAL_Driver/Src/stm32h7xx_hal_flash_ex.c **** 
 789:../../Drivers/STM32H7xx_HAL_Driver/Src/stm32h7xx_hal_flash_ex.c ****         /* Add CRC sectors */
 790:../../Drivers/STM32H7xx_HAL_Driver/Src/stm32h7xx_hal_flash_ex.c ****         for(sector_index = pCRCInit->Sector; sector_index < (pCRCInit->NbSectors + pCRCInit->Sector
 791:../../Drivers/STM32H7xx_HAL_Driver/Src/stm32h7xx_hal_flash_ex.c ****         {
 792:../../Drivers/STM32H7xx_HAL_Driver/Src/stm32h7xx_hal_flash_ex.c ****           FLASH_CRC_AddSector(sector_index, FLASH_BANK_2);
 793:../../Drivers/STM32H7xx_HAL_Driver/Src/stm32h7xx_hal_flash_ex.c ****         }
 794:../../Drivers/STM32H7xx_HAL_Driver/Src/stm32h7xx_hal_flash_ex.c ****       }
 795:../../Drivers/STM32H7xx_HAL_Driver/Src/stm32h7xx_hal_flash_ex.c ****       else if (pCRCInit->TypeCRC == FLASH_CRC_BANK)
 796:../../Drivers/STM32H7xx_HAL_Driver/Src/stm32h7xx_hal_flash_ex.c ****       {
 797:../../Drivers/STM32H7xx_HAL_Driver/Src/stm32h7xx_hal_flash_ex.c ****         /* Enable Bank 2 CRC select bit */
 798:../../Drivers/STM32H7xx_HAL_Driver/Src/stm32h7xx_hal_flash_ex.c ****         FLASH->CRCCR2 |= FLASH_CRCCR_ALL_BANK;
 799:../../Drivers/STM32H7xx_HAL_Driver/Src/stm32h7xx_hal_flash_ex.c ****       }
 800:../../Drivers/STM32H7xx_HAL_Driver/Src/stm32h7xx_hal_flash_ex.c ****       else
 801:../../Drivers/STM32H7xx_HAL_Driver/Src/stm32h7xx_hal_flash_ex.c ****       {
 802:../../Drivers/STM32H7xx_HAL_Driver/Src/stm32h7xx_hal_flash_ex.c ****         /* Select CRC start and end addresses */
 803:../../Drivers/STM32H7xx_HAL_Driver/Src/stm32h7xx_hal_flash_ex.c ****         FLASH_CRC_SelectAddress(pCRCInit->CRCStartAddr, pCRCInit->CRCEndAddr, FLASH_BANK_2);
 804:../../Drivers/STM32H7xx_HAL_Driver/Src/stm32h7xx_hal_flash_ex.c ****       }
 805:../../Drivers/STM32H7xx_HAL_Driver/Src/stm32h7xx_hal_flash_ex.c **** 
 806:../../Drivers/STM32H7xx_HAL_Driver/Src/stm32h7xx_hal_flash_ex.c ****       /* Start the CRC calculation */
 807:../../Drivers/STM32H7xx_HAL_Driver/Src/stm32h7xx_hal_flash_ex.c ****       FLASH->CRCCR2 |= FLASH_CRCCR_START_CRC;
 808:../../Drivers/STM32H7xx_HAL_Driver/Src/stm32h7xx_hal_flash_ex.c **** 
 809:../../Drivers/STM32H7xx_HAL_Driver/Src/stm32h7xx_hal_flash_ex.c ****       /* Wait on CRC busy flag */
 810:../../Drivers/STM32H7xx_HAL_Driver/Src/stm32h7xx_hal_flash_ex.c ****       status = FLASH_CRC_WaitForLastOperation((uint32_t)FLASH_TIMEOUT_VALUE, FLASH_BANK_2);
 811:../../Drivers/STM32H7xx_HAL_Driver/Src/stm32h7xx_hal_flash_ex.c **** 
 812:../../Drivers/STM32H7xx_HAL_Driver/Src/stm32h7xx_hal_flash_ex.c ****       /* Return CRC result */
 813:../../Drivers/STM32H7xx_HAL_Driver/Src/stm32h7xx_hal_flash_ex.c ****       (*CRC_Result) = FLASH->CRCDATA;
 814:../../Drivers/STM32H7xx_HAL_Driver/Src/stm32h7xx_hal_flash_ex.c **** 
 815:../../Drivers/STM32H7xx_HAL_Driver/Src/stm32h7xx_hal_flash_ex.c ****       /* Disable CRC feature */
 816:../../Drivers/STM32H7xx_HAL_Driver/Src/stm32h7xx_hal_flash_ex.c ****       FLASH->CR2 &= (~FLASH_CR_CRC_EN);
 817:../../Drivers/STM32H7xx_HAL_Driver/Src/stm32h7xx_hal_flash_ex.c **** 
 818:../../Drivers/STM32H7xx_HAL_Driver/Src/stm32h7xx_hal_flash_ex.c ****       /* Clear CRC flags */
 819:../../Drivers/STM32H7xx_HAL_Driver/Src/stm32h7xx_hal_flash_ex.c ****       __HAL_FLASH_CLEAR_FLAG_BANK2(FLASH_FLAG_CRCEND_BANK2 | FLASH_FLAG_CRCRDERR_BANK2);
 820:../../Drivers/STM32H7xx_HAL_Driver/Src/stm32h7xx_hal_flash_ex.c ****     }
 821:../../Drivers/STM32H7xx_HAL_Driver/Src/stm32h7xx_hal_flash_ex.c **** #endif /* DUAL_BANK */
 822:../../Drivers/STM32H7xx_HAL_Driver/Src/stm32h7xx_hal_flash_ex.c ****   }
 823:../../Drivers/STM32H7xx_HAL_Driver/Src/stm32h7xx_hal_flash_ex.c **** 
 824:../../Drivers/STM32H7xx_HAL_Driver/Src/stm32h7xx_hal_flash_ex.c ****   return status;
 825:../../Drivers/STM32H7xx_HAL_Driver/Src/stm32h7xx_hal_flash_ex.c **** }
 826:../../Drivers/STM32H7xx_HAL_Driver/Src/stm32h7xx_hal_flash_ex.c **** 
 827:../../Drivers/STM32H7xx_HAL_Driver/Src/stm32h7xx_hal_flash_ex.c **** /**
 828:../../Drivers/STM32H7xx_HAL_Driver/Src/stm32h7xx_hal_flash_ex.c ****   * @}
 829:../../Drivers/STM32H7xx_HAL_Driver/Src/stm32h7xx_hal_flash_ex.c ****   */
 830:../../Drivers/STM32H7xx_HAL_Driver/Src/stm32h7xx_hal_flash_ex.c **** 
ARM GAS  /var/folders/2r/mdtt8xvd351gdc398t28_m2m0000gn/T//ccZQ9BPT.s 			page 16


 831:../../Drivers/STM32H7xx_HAL_Driver/Src/stm32h7xx_hal_flash_ex.c **** #if (USE_FLASH_ECC == 1U)
 832:../../Drivers/STM32H7xx_HAL_Driver/Src/stm32h7xx_hal_flash_ex.c **** /** @defgroup FLASHEx_Exported_Functions_Group2 Extended ECC operation functions
 833:../../Drivers/STM32H7xx_HAL_Driver/Src/stm32h7xx_hal_flash_ex.c ****   *  @brief   Extended ECC operation functions
 834:../../Drivers/STM32H7xx_HAL_Driver/Src/stm32h7xx_hal_flash_ex.c ****   *
 835:../../Drivers/STM32H7xx_HAL_Driver/Src/stm32h7xx_hal_flash_ex.c **** @verbatim
 836:../../Drivers/STM32H7xx_HAL_Driver/Src/stm32h7xx_hal_flash_ex.c ****  ===============================================================================
 837:../../Drivers/STM32H7xx_HAL_Driver/Src/stm32h7xx_hal_flash_ex.c ****                   ##### Extended ECC operation functions #####
 838:../../Drivers/STM32H7xx_HAL_Driver/Src/stm32h7xx_hal_flash_ex.c ****  ===============================================================================
 839:../../Drivers/STM32H7xx_HAL_Driver/Src/stm32h7xx_hal_flash_ex.c ****     [..]
 840:../../Drivers/STM32H7xx_HAL_Driver/Src/stm32h7xx_hal_flash_ex.c ****     This subsection provides a set of functions allowing to manage the Extended FLASH
 841:../../Drivers/STM32H7xx_HAL_Driver/Src/stm32h7xx_hal_flash_ex.c ****     ECC Operations.
 842:../../Drivers/STM32H7xx_HAL_Driver/Src/stm32h7xx_hal_flash_ex.c **** 
 843:../../Drivers/STM32H7xx_HAL_Driver/Src/stm32h7xx_hal_flash_ex.c **** @endverbatim
 844:../../Drivers/STM32H7xx_HAL_Driver/Src/stm32h7xx_hal_flash_ex.c ****   * @{
 845:../../Drivers/STM32H7xx_HAL_Driver/Src/stm32h7xx_hal_flash_ex.c ****   */
 846:../../Drivers/STM32H7xx_HAL_Driver/Src/stm32h7xx_hal_flash_ex.c **** 
 847:../../Drivers/STM32H7xx_HAL_Driver/Src/stm32h7xx_hal_flash_ex.c **** /**
 848:../../Drivers/STM32H7xx_HAL_Driver/Src/stm32h7xx_hal_flash_ex.c ****   * @brief  Enable ECC correction interrupts on FLASH BANK1 and BANK2.
 849:../../Drivers/STM32H7xx_HAL_Driver/Src/stm32h7xx_hal_flash_ex.c ****   * @param  None
 850:../../Drivers/STM32H7xx_HAL_Driver/Src/stm32h7xx_hal_flash_ex.c ****   * @retval None
 851:../../Drivers/STM32H7xx_HAL_Driver/Src/stm32h7xx_hal_flash_ex.c ****   */
 852:../../Drivers/STM32H7xx_HAL_Driver/Src/stm32h7xx_hal_flash_ex.c **** void HAL_FLASHEx_EnableEccCorrectionInterrupt(void)
 853:../../Drivers/STM32H7xx_HAL_Driver/Src/stm32h7xx_hal_flash_ex.c **** {
 854:../../Drivers/STM32H7xx_HAL_Driver/Src/stm32h7xx_hal_flash_ex.c ****   __HAL_FLASH_ENABLE_IT(FLASH_IT_SNECCERR_BANK1);
 855:../../Drivers/STM32H7xx_HAL_Driver/Src/stm32h7xx_hal_flash_ex.c **** 
 856:../../Drivers/STM32H7xx_HAL_Driver/Src/stm32h7xx_hal_flash_ex.c **** #if defined (DUAL_BANK)
 857:../../Drivers/STM32H7xx_HAL_Driver/Src/stm32h7xx_hal_flash_ex.c ****   __HAL_FLASH_ENABLE_IT(FLASH_IT_SNECCERR_BANK2);
 858:../../Drivers/STM32H7xx_HAL_Driver/Src/stm32h7xx_hal_flash_ex.c **** #endif /* DUAL_BANK */
 859:../../Drivers/STM32H7xx_HAL_Driver/Src/stm32h7xx_hal_flash_ex.c **** }
 860:../../Drivers/STM32H7xx_HAL_Driver/Src/stm32h7xx_hal_flash_ex.c **** 
 861:../../Drivers/STM32H7xx_HAL_Driver/Src/stm32h7xx_hal_flash_ex.c **** /**
 862:../../Drivers/STM32H7xx_HAL_Driver/Src/stm32h7xx_hal_flash_ex.c ****   * @brief  Disable ECC correction interrupts on FLASH BANK1 and BANK2.
 863:../../Drivers/STM32H7xx_HAL_Driver/Src/stm32h7xx_hal_flash_ex.c ****   * @param  None
 864:../../Drivers/STM32H7xx_HAL_Driver/Src/stm32h7xx_hal_flash_ex.c ****   * @retval None
 865:../../Drivers/STM32H7xx_HAL_Driver/Src/stm32h7xx_hal_flash_ex.c ****   */
 866:../../Drivers/STM32H7xx_HAL_Driver/Src/stm32h7xx_hal_flash_ex.c **** void HAL_FLASHEx_DisableEccCorrectionInterrupt(void)
 867:../../Drivers/STM32H7xx_HAL_Driver/Src/stm32h7xx_hal_flash_ex.c **** {
 868:../../Drivers/STM32H7xx_HAL_Driver/Src/stm32h7xx_hal_flash_ex.c ****   __HAL_FLASH_DISABLE_IT(FLASH_IT_SNECCERR_BANK1);
 869:../../Drivers/STM32H7xx_HAL_Driver/Src/stm32h7xx_hal_flash_ex.c **** 
 870:../../Drivers/STM32H7xx_HAL_Driver/Src/stm32h7xx_hal_flash_ex.c **** #if defined (DUAL_BANK)
 871:../../Drivers/STM32H7xx_HAL_Driver/Src/stm32h7xx_hal_flash_ex.c ****   __HAL_FLASH_DISABLE_IT(FLASH_IT_SNECCERR_BANK2);
 872:../../Drivers/STM32H7xx_HAL_Driver/Src/stm32h7xx_hal_flash_ex.c **** #endif /* DUAL_BANK */
 873:../../Drivers/STM32H7xx_HAL_Driver/Src/stm32h7xx_hal_flash_ex.c **** }
 874:../../Drivers/STM32H7xx_HAL_Driver/Src/stm32h7xx_hal_flash_ex.c **** 
 875:../../Drivers/STM32H7xx_HAL_Driver/Src/stm32h7xx_hal_flash_ex.c **** /**
 876:../../Drivers/STM32H7xx_HAL_Driver/Src/stm32h7xx_hal_flash_ex.c ****   * @brief  Enable ECC correction interrupt on FLASH BANK1.
 877:../../Drivers/STM32H7xx_HAL_Driver/Src/stm32h7xx_hal_flash_ex.c ****   * @param  None
 878:../../Drivers/STM32H7xx_HAL_Driver/Src/stm32h7xx_hal_flash_ex.c ****   * @retval None
 879:../../Drivers/STM32H7xx_HAL_Driver/Src/stm32h7xx_hal_flash_ex.c ****   */
 880:../../Drivers/STM32H7xx_HAL_Driver/Src/stm32h7xx_hal_flash_ex.c **** void HAL_FLASHEx_EnableEccCorrectionInterrupt_Bank1(void)
 881:../../Drivers/STM32H7xx_HAL_Driver/Src/stm32h7xx_hal_flash_ex.c **** {
 882:../../Drivers/STM32H7xx_HAL_Driver/Src/stm32h7xx_hal_flash_ex.c ****   __HAL_FLASH_ENABLE_IT(FLASH_IT_SNECCERR_BANK1);
 883:../../Drivers/STM32H7xx_HAL_Driver/Src/stm32h7xx_hal_flash_ex.c **** }
 884:../../Drivers/STM32H7xx_HAL_Driver/Src/stm32h7xx_hal_flash_ex.c **** 
 885:../../Drivers/STM32H7xx_HAL_Driver/Src/stm32h7xx_hal_flash_ex.c **** /**
 886:../../Drivers/STM32H7xx_HAL_Driver/Src/stm32h7xx_hal_flash_ex.c ****   * @brief  Disable ECC correction interrupt on FLASH BANK1.
 887:../../Drivers/STM32H7xx_HAL_Driver/Src/stm32h7xx_hal_flash_ex.c ****   * @param  None
ARM GAS  /var/folders/2r/mdtt8xvd351gdc398t28_m2m0000gn/T//ccZQ9BPT.s 			page 17


 888:../../Drivers/STM32H7xx_HAL_Driver/Src/stm32h7xx_hal_flash_ex.c ****   * @retval None
 889:../../Drivers/STM32H7xx_HAL_Driver/Src/stm32h7xx_hal_flash_ex.c ****   */
 890:../../Drivers/STM32H7xx_HAL_Driver/Src/stm32h7xx_hal_flash_ex.c **** void HAL_FLASHEx_DisableEccCorrectionInterrupt_Bank1(void)
 891:../../Drivers/STM32H7xx_HAL_Driver/Src/stm32h7xx_hal_flash_ex.c **** {
 892:../../Drivers/STM32H7xx_HAL_Driver/Src/stm32h7xx_hal_flash_ex.c ****   __HAL_FLASH_DISABLE_IT(FLASH_IT_SNECCERR_BANK1);
 893:../../Drivers/STM32H7xx_HAL_Driver/Src/stm32h7xx_hal_flash_ex.c **** }
 894:../../Drivers/STM32H7xx_HAL_Driver/Src/stm32h7xx_hal_flash_ex.c **** 
 895:../../Drivers/STM32H7xx_HAL_Driver/Src/stm32h7xx_hal_flash_ex.c **** #if defined (DUAL_BANK)
 896:../../Drivers/STM32H7xx_HAL_Driver/Src/stm32h7xx_hal_flash_ex.c **** /**
 897:../../Drivers/STM32H7xx_HAL_Driver/Src/stm32h7xx_hal_flash_ex.c ****   * @brief  Enable ECC correction interrupt on FLASH BANK2.
 898:../../Drivers/STM32H7xx_HAL_Driver/Src/stm32h7xx_hal_flash_ex.c ****   * @param  None
 899:../../Drivers/STM32H7xx_HAL_Driver/Src/stm32h7xx_hal_flash_ex.c ****   * @retval None
 900:../../Drivers/STM32H7xx_HAL_Driver/Src/stm32h7xx_hal_flash_ex.c ****   */
 901:../../Drivers/STM32H7xx_HAL_Driver/Src/stm32h7xx_hal_flash_ex.c **** void HAL_FLASHEx_EnableEccCorrectionInterrupt_Bank2(void)
 902:../../Drivers/STM32H7xx_HAL_Driver/Src/stm32h7xx_hal_flash_ex.c **** {
 903:../../Drivers/STM32H7xx_HAL_Driver/Src/stm32h7xx_hal_flash_ex.c ****   __HAL_FLASH_ENABLE_IT(FLASH_IT_SNECCERR_BANK2);
 904:../../Drivers/STM32H7xx_HAL_Driver/Src/stm32h7xx_hal_flash_ex.c **** }
 905:../../Drivers/STM32H7xx_HAL_Driver/Src/stm32h7xx_hal_flash_ex.c **** 
 906:../../Drivers/STM32H7xx_HAL_Driver/Src/stm32h7xx_hal_flash_ex.c **** /**
 907:../../Drivers/STM32H7xx_HAL_Driver/Src/stm32h7xx_hal_flash_ex.c ****   * @brief  Disable ECC correction interrupt on FLASH BANK2.
 908:../../Drivers/STM32H7xx_HAL_Driver/Src/stm32h7xx_hal_flash_ex.c ****   * @param  None
 909:../../Drivers/STM32H7xx_HAL_Driver/Src/stm32h7xx_hal_flash_ex.c ****   * @retval None
 910:../../Drivers/STM32H7xx_HAL_Driver/Src/stm32h7xx_hal_flash_ex.c ****   */
 911:../../Drivers/STM32H7xx_HAL_Driver/Src/stm32h7xx_hal_flash_ex.c **** void HAL_FLASHEx_DisableEccCorrectionInterrupt_Bank2(void)
 912:../../Drivers/STM32H7xx_HAL_Driver/Src/stm32h7xx_hal_flash_ex.c **** {
 913:../../Drivers/STM32H7xx_HAL_Driver/Src/stm32h7xx_hal_flash_ex.c ****   __HAL_FLASH_DISABLE_IT(FLASH_IT_SNECCERR_BANK2);
 914:../../Drivers/STM32H7xx_HAL_Driver/Src/stm32h7xx_hal_flash_ex.c **** }
 915:../../Drivers/STM32H7xx_HAL_Driver/Src/stm32h7xx_hal_flash_ex.c **** #endif /* DUAL_BANK */
 916:../../Drivers/STM32H7xx_HAL_Driver/Src/stm32h7xx_hal_flash_ex.c **** 
 917:../../Drivers/STM32H7xx_HAL_Driver/Src/stm32h7xx_hal_flash_ex.c **** /**
 918:../../Drivers/STM32H7xx_HAL_Driver/Src/stm32h7xx_hal_flash_ex.c ****   * @brief  Enable ECC Detection interrupts on FLASH BANK1 and BANK2.
 919:../../Drivers/STM32H7xx_HAL_Driver/Src/stm32h7xx_hal_flash_ex.c ****   * @param  None
 920:../../Drivers/STM32H7xx_HAL_Driver/Src/stm32h7xx_hal_flash_ex.c ****   * @retval None
 921:../../Drivers/STM32H7xx_HAL_Driver/Src/stm32h7xx_hal_flash_ex.c ****   */
 922:../../Drivers/STM32H7xx_HAL_Driver/Src/stm32h7xx_hal_flash_ex.c **** void HAL_FLASHEx_EnableEccDetectionInterrupt(void)
 923:../../Drivers/STM32H7xx_HAL_Driver/Src/stm32h7xx_hal_flash_ex.c **** {
 924:../../Drivers/STM32H7xx_HAL_Driver/Src/stm32h7xx_hal_flash_ex.c ****   __HAL_FLASH_ENABLE_IT(FLASH_IT_DBECCERR_BANK1);
 925:../../Drivers/STM32H7xx_HAL_Driver/Src/stm32h7xx_hal_flash_ex.c **** 
 926:../../Drivers/STM32H7xx_HAL_Driver/Src/stm32h7xx_hal_flash_ex.c **** #if defined (DUAL_BANK)
 927:../../Drivers/STM32H7xx_HAL_Driver/Src/stm32h7xx_hal_flash_ex.c ****   __HAL_FLASH_ENABLE_IT(FLASH_IT_DBECCERR_BANK2);
 928:../../Drivers/STM32H7xx_HAL_Driver/Src/stm32h7xx_hal_flash_ex.c **** #endif /* DUAL_BANK */
 929:../../Drivers/STM32H7xx_HAL_Driver/Src/stm32h7xx_hal_flash_ex.c **** }
 930:../../Drivers/STM32H7xx_HAL_Driver/Src/stm32h7xx_hal_flash_ex.c **** 
 931:../../Drivers/STM32H7xx_HAL_Driver/Src/stm32h7xx_hal_flash_ex.c **** /**
 932:../../Drivers/STM32H7xx_HAL_Driver/Src/stm32h7xx_hal_flash_ex.c ****   * @brief  Disable ECC Detection interrupts on FLASH BANK1 and BANK2.
 933:../../Drivers/STM32H7xx_HAL_Driver/Src/stm32h7xx_hal_flash_ex.c ****   * @param  None
 934:../../Drivers/STM32H7xx_HAL_Driver/Src/stm32h7xx_hal_flash_ex.c ****   * @retval None
 935:../../Drivers/STM32H7xx_HAL_Driver/Src/stm32h7xx_hal_flash_ex.c ****   */
 936:../../Drivers/STM32H7xx_HAL_Driver/Src/stm32h7xx_hal_flash_ex.c **** void HAL_FLASHEx_DisableEccDetectionInterrupt(void)
 937:../../Drivers/STM32H7xx_HAL_Driver/Src/stm32h7xx_hal_flash_ex.c **** {
 938:../../Drivers/STM32H7xx_HAL_Driver/Src/stm32h7xx_hal_flash_ex.c ****   __HAL_FLASH_DISABLE_IT(FLASH_IT_DBECCERR_BANK1);
 939:../../Drivers/STM32H7xx_HAL_Driver/Src/stm32h7xx_hal_flash_ex.c **** 
 940:../../Drivers/STM32H7xx_HAL_Driver/Src/stm32h7xx_hal_flash_ex.c **** #if defined (DUAL_BANK)
 941:../../Drivers/STM32H7xx_HAL_Driver/Src/stm32h7xx_hal_flash_ex.c ****   __HAL_FLASH_DISABLE_IT(FLASH_IT_DBECCERR_BANK2);
 942:../../Drivers/STM32H7xx_HAL_Driver/Src/stm32h7xx_hal_flash_ex.c **** #endif /* DUAL_BANK */
 943:../../Drivers/STM32H7xx_HAL_Driver/Src/stm32h7xx_hal_flash_ex.c **** }
 944:../../Drivers/STM32H7xx_HAL_Driver/Src/stm32h7xx_hal_flash_ex.c **** 
ARM GAS  /var/folders/2r/mdtt8xvd351gdc398t28_m2m0000gn/T//ccZQ9BPT.s 			page 18


 945:../../Drivers/STM32H7xx_HAL_Driver/Src/stm32h7xx_hal_flash_ex.c **** /**
 946:../../Drivers/STM32H7xx_HAL_Driver/Src/stm32h7xx_hal_flash_ex.c ****   * @brief  Enable ECC Detection interrupt on FLASH BANK1.
 947:../../Drivers/STM32H7xx_HAL_Driver/Src/stm32h7xx_hal_flash_ex.c ****   * @param  None
 948:../../Drivers/STM32H7xx_HAL_Driver/Src/stm32h7xx_hal_flash_ex.c ****   * @retval None
 949:../../Drivers/STM32H7xx_HAL_Driver/Src/stm32h7xx_hal_flash_ex.c ****   */
 950:../../Drivers/STM32H7xx_HAL_Driver/Src/stm32h7xx_hal_flash_ex.c **** void HAL_FLASHEx_EnableEccDetectionInterrupt_Bank1(void)
 951:../../Drivers/STM32H7xx_HAL_Driver/Src/stm32h7xx_hal_flash_ex.c **** {
 952:../../Drivers/STM32H7xx_HAL_Driver/Src/stm32h7xx_hal_flash_ex.c ****   __HAL_FLASH_ENABLE_IT(FLASH_IT_DBECCERR_BANK1);
 953:../../Drivers/STM32H7xx_HAL_Driver/Src/stm32h7xx_hal_flash_ex.c **** }
 954:../../Drivers/STM32H7xx_HAL_Driver/Src/stm32h7xx_hal_flash_ex.c **** 
 955:../../Drivers/STM32H7xx_HAL_Driver/Src/stm32h7xx_hal_flash_ex.c **** /**
 956:../../Drivers/STM32H7xx_HAL_Driver/Src/stm32h7xx_hal_flash_ex.c ****   * @brief  Disable ECC correction interrupt on FLASH BANK1.
 957:../../Drivers/STM32H7xx_HAL_Driver/Src/stm32h7xx_hal_flash_ex.c ****   * @param  None
 958:../../Drivers/STM32H7xx_HAL_Driver/Src/stm32h7xx_hal_flash_ex.c ****   * @retval None
 959:../../Drivers/STM32H7xx_HAL_Driver/Src/stm32h7xx_hal_flash_ex.c ****   */
 960:../../Drivers/STM32H7xx_HAL_Driver/Src/stm32h7xx_hal_flash_ex.c **** void HAL_FLASHEx_DisableEccDetectionInterrupt_Bank1(void)
 961:../../Drivers/STM32H7xx_HAL_Driver/Src/stm32h7xx_hal_flash_ex.c **** {
 962:../../Drivers/STM32H7xx_HAL_Driver/Src/stm32h7xx_hal_flash_ex.c ****   __HAL_FLASH_DISABLE_IT(FLASH_IT_DBECCERR_BANK1);
 963:../../Drivers/STM32H7xx_HAL_Driver/Src/stm32h7xx_hal_flash_ex.c **** }
 964:../../Drivers/STM32H7xx_HAL_Driver/Src/stm32h7xx_hal_flash_ex.c **** 
 965:../../Drivers/STM32H7xx_HAL_Driver/Src/stm32h7xx_hal_flash_ex.c **** #if defined (DUAL_BANK)
 966:../../Drivers/STM32H7xx_HAL_Driver/Src/stm32h7xx_hal_flash_ex.c **** /**
 967:../../Drivers/STM32H7xx_HAL_Driver/Src/stm32h7xx_hal_flash_ex.c ****   * @brief  Enable ECC Detection interrupt on FLASH BANK2.
 968:../../Drivers/STM32H7xx_HAL_Driver/Src/stm32h7xx_hal_flash_ex.c ****   * @param  None
 969:../../Drivers/STM32H7xx_HAL_Driver/Src/stm32h7xx_hal_flash_ex.c ****   * @retval None
 970:../../Drivers/STM32H7xx_HAL_Driver/Src/stm32h7xx_hal_flash_ex.c ****   */
 971:../../Drivers/STM32H7xx_HAL_Driver/Src/stm32h7xx_hal_flash_ex.c **** void HAL_FLASHEx_EnableEccDetectionInterrupt_Bank2(void)
 972:../../Drivers/STM32H7xx_HAL_Driver/Src/stm32h7xx_hal_flash_ex.c **** {
 973:../../Drivers/STM32H7xx_HAL_Driver/Src/stm32h7xx_hal_flash_ex.c ****   __HAL_FLASH_ENABLE_IT(FLASH_IT_DBECCERR_BANK2);
 974:../../Drivers/STM32H7xx_HAL_Driver/Src/stm32h7xx_hal_flash_ex.c **** }
 975:../../Drivers/STM32H7xx_HAL_Driver/Src/stm32h7xx_hal_flash_ex.c **** 
 976:../../Drivers/STM32H7xx_HAL_Driver/Src/stm32h7xx_hal_flash_ex.c **** /**
 977:../../Drivers/STM32H7xx_HAL_Driver/Src/stm32h7xx_hal_flash_ex.c ****   * @brief  Disable ECC Detection interrupt on FLASH BANK2.
 978:../../Drivers/STM32H7xx_HAL_Driver/Src/stm32h7xx_hal_flash_ex.c ****   * @param  None
 979:../../Drivers/STM32H7xx_HAL_Driver/Src/stm32h7xx_hal_flash_ex.c ****   * @retval None
 980:../../Drivers/STM32H7xx_HAL_Driver/Src/stm32h7xx_hal_flash_ex.c ****   */
 981:../../Drivers/STM32H7xx_HAL_Driver/Src/stm32h7xx_hal_flash_ex.c **** void HAL_FLASHEx_DisableEccDetectionInterrupt_Bank2(void)
 982:../../Drivers/STM32H7xx_HAL_Driver/Src/stm32h7xx_hal_flash_ex.c **** {
 983:../../Drivers/STM32H7xx_HAL_Driver/Src/stm32h7xx_hal_flash_ex.c ****   __HAL_FLASH_DISABLE_IT(FLASH_IT_DBECCERR_BANK2);
 984:../../Drivers/STM32H7xx_HAL_Driver/Src/stm32h7xx_hal_flash_ex.c **** }
 985:../../Drivers/STM32H7xx_HAL_Driver/Src/stm32h7xx_hal_flash_ex.c **** #endif /* DUAL_BANK */
 986:../../Drivers/STM32H7xx_HAL_Driver/Src/stm32h7xx_hal_flash_ex.c **** 
 987:../../Drivers/STM32H7xx_HAL_Driver/Src/stm32h7xx_hal_flash_ex.c **** /**
 988:../../Drivers/STM32H7xx_HAL_Driver/Src/stm32h7xx_hal_flash_ex.c ****   * @brief  Get the ECC error information.
 989:../../Drivers/STM32H7xx_HAL_Driver/Src/stm32h7xx_hal_flash_ex.c ****   * @param  pData Pointer to an FLASH_EccInfoTypeDef structure that contains the
 990:../../Drivers/STM32H7xx_HAL_Driver/Src/stm32h7xx_hal_flash_ex.c ****   *         ECC error information.
 991:../../Drivers/STM32H7xx_HAL_Driver/Src/stm32h7xx_hal_flash_ex.c ****   * @note   This function should be called before ECC bit is cleared
 992:../../Drivers/STM32H7xx_HAL_Driver/Src/stm32h7xx_hal_flash_ex.c ****   *         (in callback function)
 993:../../Drivers/STM32H7xx_HAL_Driver/Src/stm32h7xx_hal_flash_ex.c ****   * @retval None
 994:../../Drivers/STM32H7xx_HAL_Driver/Src/stm32h7xx_hal_flash_ex.c ****   */
 995:../../Drivers/STM32H7xx_HAL_Driver/Src/stm32h7xx_hal_flash_ex.c **** void HAL_FLASHEx_GetEccInfo(FLASH_EccInfoTypeDef *pData)
 996:../../Drivers/STM32H7xx_HAL_Driver/Src/stm32h7xx_hal_flash_ex.c **** {
 997:../../Drivers/STM32H7xx_HAL_Driver/Src/stm32h7xx_hal_flash_ex.c ****   uint32_t errorflag;
 998:../../Drivers/STM32H7xx_HAL_Driver/Src/stm32h7xx_hal_flash_ex.c **** 
 999:../../Drivers/STM32H7xx_HAL_Driver/Src/stm32h7xx_hal_flash_ex.c ****   /* Check FLASH Bank1 ECC single correction and double detection error flags */
1000:../../Drivers/STM32H7xx_HAL_Driver/Src/stm32h7xx_hal_flash_ex.c ****   errorflag = FLASH->SR1 & (FLASH_FLAG_SNECCERR_BANK1 | FLASH_FLAG_DBECCERR_BANK1);
1001:../../Drivers/STM32H7xx_HAL_Driver/Src/stm32h7xx_hal_flash_ex.c ****   if(errorflag != 0U)
ARM GAS  /var/folders/2r/mdtt8xvd351gdc398t28_m2m0000gn/T//ccZQ9BPT.s 			page 19


1002:../../Drivers/STM32H7xx_HAL_Driver/Src/stm32h7xx_hal_flash_ex.c ****   {
1003:../../Drivers/STM32H7xx_HAL_Driver/Src/stm32h7xx_hal_flash_ex.c ****     pData->Area = FLASH_ECC_AREA_USER_BANK1;
1004:../../Drivers/STM32H7xx_HAL_Driver/Src/stm32h7xx_hal_flash_ex.c ****     pData->Address = ((((FLASH->ECC_FA1 & FLASH_ECC_FA_FAIL_ECC_ADDR))* FLASH_NB_32BITWORD_IN_FLASH
1005:../../Drivers/STM32H7xx_HAL_Driver/Src/stm32h7xx_hal_flash_ex.c ****   }
1006:../../Drivers/STM32H7xx_HAL_Driver/Src/stm32h7xx_hal_flash_ex.c **** #if defined (DUAL_BANK)
1007:../../Drivers/STM32H7xx_HAL_Driver/Src/stm32h7xx_hal_flash_ex.c ****   /* Check FLASH Bank2 ECC single correction and double detection error flags */
1008:../../Drivers/STM32H7xx_HAL_Driver/Src/stm32h7xx_hal_flash_ex.c ****   errorflag = FLASH->SR2 & (FLASH_FLAG_SNECCERR_BANK2 | FLASH_FLAG_DBECCERR_BANK2);
1009:../../Drivers/STM32H7xx_HAL_Driver/Src/stm32h7xx_hal_flash_ex.c ****   if(errorflag != 0U)
1010:../../Drivers/STM32H7xx_HAL_Driver/Src/stm32h7xx_hal_flash_ex.c ****   {
1011:../../Drivers/STM32H7xx_HAL_Driver/Src/stm32h7xx_hal_flash_ex.c ****     pData->Area = FLASH_ECC_AREA_USER_BANK2;
1012:../../Drivers/STM32H7xx_HAL_Driver/Src/stm32h7xx_hal_flash_ex.c ****     pData->Address = ((((FLASH->ECC_FA2 & FLASH_ECC_FA_FAIL_ECC_ADDR))* FLASH_NB_32BITWORD_IN_FLASH
1013:../../Drivers/STM32H7xx_HAL_Driver/Src/stm32h7xx_hal_flash_ex.c ****   }
1014:../../Drivers/STM32H7xx_HAL_Driver/Src/stm32h7xx_hal_flash_ex.c **** #endif /* DUAL_BANK */
1015:../../Drivers/STM32H7xx_HAL_Driver/Src/stm32h7xx_hal_flash_ex.c **** }
1016:../../Drivers/STM32H7xx_HAL_Driver/Src/stm32h7xx_hal_flash_ex.c **** 
1017:../../Drivers/STM32H7xx_HAL_Driver/Src/stm32h7xx_hal_flash_ex.c **** /**
1018:../../Drivers/STM32H7xx_HAL_Driver/Src/stm32h7xx_hal_flash_ex.c ****   * @brief Handle Flash ECC Detection interrupt request.
1019:../../Drivers/STM32H7xx_HAL_Driver/Src/stm32h7xx_hal_flash_ex.c ****   * @retval None
1020:../../Drivers/STM32H7xx_HAL_Driver/Src/stm32h7xx_hal_flash_ex.c ****   */
1021:../../Drivers/STM32H7xx_HAL_Driver/Src/stm32h7xx_hal_flash_ex.c **** void HAL_FLASHEx_BusFault_IRQHandler(void)
1022:../../Drivers/STM32H7xx_HAL_Driver/Src/stm32h7xx_hal_flash_ex.c **** {
1023:../../Drivers/STM32H7xx_HAL_Driver/Src/stm32h7xx_hal_flash_ex.c ****   /* Check if the ECC double error occurred*/
1024:../../Drivers/STM32H7xx_HAL_Driver/Src/stm32h7xx_hal_flash_ex.c ****   if ((FLASH->SR1 & FLASH_FLAG_DBECCERR_BANK1)  != 0)
1025:../../Drivers/STM32H7xx_HAL_Driver/Src/stm32h7xx_hal_flash_ex.c ****   {
1026:../../Drivers/STM32H7xx_HAL_Driver/Src/stm32h7xx_hal_flash_ex.c ****     /* FLASH ECC detection user callback */
1027:../../Drivers/STM32H7xx_HAL_Driver/Src/stm32h7xx_hal_flash_ex.c ****     HAL_FLASHEx_EccDetectionCallback();
1028:../../Drivers/STM32H7xx_HAL_Driver/Src/stm32h7xx_hal_flash_ex.c **** 
1029:../../Drivers/STM32H7xx_HAL_Driver/Src/stm32h7xx_hal_flash_ex.c ****     /* Clear Bank 1 ECC double detection error flag
1030:../../Drivers/STM32H7xx_HAL_Driver/Src/stm32h7xx_hal_flash_ex.c ****     note : this step will clear all the information related to the flash ECC detection
1031:../../Drivers/STM32H7xx_HAL_Driver/Src/stm32h7xx_hal_flash_ex.c ****     */
1032:../../Drivers/STM32H7xx_HAL_Driver/Src/stm32h7xx_hal_flash_ex.c ****     __HAL_FLASH_CLEAR_FLAG_BANK1(FLASH_FLAG_DBECCERR_BANK1);
1033:../../Drivers/STM32H7xx_HAL_Driver/Src/stm32h7xx_hal_flash_ex.c ****   }
1034:../../Drivers/STM32H7xx_HAL_Driver/Src/stm32h7xx_hal_flash_ex.c **** #if defined (DUAL_BANK)
1035:../../Drivers/STM32H7xx_HAL_Driver/Src/stm32h7xx_hal_flash_ex.c ****   /* Check if the ECC double error occurred*/
1036:../../Drivers/STM32H7xx_HAL_Driver/Src/stm32h7xx_hal_flash_ex.c ****   if ((FLASH->SR2 & FLASH_FLAG_DBECCERR_BANK2)  != 0)
1037:../../Drivers/STM32H7xx_HAL_Driver/Src/stm32h7xx_hal_flash_ex.c ****   {
1038:../../Drivers/STM32H7xx_HAL_Driver/Src/stm32h7xx_hal_flash_ex.c ****     /* FLASH ECC detection user callback */
1039:../../Drivers/STM32H7xx_HAL_Driver/Src/stm32h7xx_hal_flash_ex.c ****     HAL_FLASHEx_EccDetectionCallback();
1040:../../Drivers/STM32H7xx_HAL_Driver/Src/stm32h7xx_hal_flash_ex.c **** 
1041:../../Drivers/STM32H7xx_HAL_Driver/Src/stm32h7xx_hal_flash_ex.c ****     /* Clear Bank 2 ECC double detection error flag
1042:../../Drivers/STM32H7xx_HAL_Driver/Src/stm32h7xx_hal_flash_ex.c ****     note : this step will clear all the information related to the flash ECC detection
1043:../../Drivers/STM32H7xx_HAL_Driver/Src/stm32h7xx_hal_flash_ex.c ****     */
1044:../../Drivers/STM32H7xx_HAL_Driver/Src/stm32h7xx_hal_flash_ex.c ****     __HAL_FLASH_CLEAR_FLAG_BANK2(FLASH_FLAG_DBECCERR_BANK2);
1045:../../Drivers/STM32H7xx_HAL_Driver/Src/stm32h7xx_hal_flash_ex.c ****   }
1046:../../Drivers/STM32H7xx_HAL_Driver/Src/stm32h7xx_hal_flash_ex.c **** #endif /* DUAL_BANK */
1047:../../Drivers/STM32H7xx_HAL_Driver/Src/stm32h7xx_hal_flash_ex.c **** }
1048:../../Drivers/STM32H7xx_HAL_Driver/Src/stm32h7xx_hal_flash_ex.c **** 
1049:../../Drivers/STM32H7xx_HAL_Driver/Src/stm32h7xx_hal_flash_ex.c **** /**
1050:../../Drivers/STM32H7xx_HAL_Driver/Src/stm32h7xx_hal_flash_ex.c ****   * @brief  FLASH ECC Correction interrupt callback.
1051:../../Drivers/STM32H7xx_HAL_Driver/Src/stm32h7xx_hal_flash_ex.c ****   * @retval None
1052:../../Drivers/STM32H7xx_HAL_Driver/Src/stm32h7xx_hal_flash_ex.c ****   */
1053:../../Drivers/STM32H7xx_HAL_Driver/Src/stm32h7xx_hal_flash_ex.c **** __weak void HAL_FLASHEx_EccCorrectionCallback(void)
1054:../../Drivers/STM32H7xx_HAL_Driver/Src/stm32h7xx_hal_flash_ex.c **** {
1055:../../Drivers/STM32H7xx_HAL_Driver/Src/stm32h7xx_hal_flash_ex.c ****   /* NOTE : This function should not be modified, when the callback is needed,
1056:../../Drivers/STM32H7xx_HAL_Driver/Src/stm32h7xx_hal_flash_ex.c ****             the HAL_FLASHEx_EccCorrectionCallback could be implemented in the user file
1057:../../Drivers/STM32H7xx_HAL_Driver/Src/stm32h7xx_hal_flash_ex.c ****    */
1058:../../Drivers/STM32H7xx_HAL_Driver/Src/stm32h7xx_hal_flash_ex.c **** }
ARM GAS  /var/folders/2r/mdtt8xvd351gdc398t28_m2m0000gn/T//ccZQ9BPT.s 			page 20


1059:../../Drivers/STM32H7xx_HAL_Driver/Src/stm32h7xx_hal_flash_ex.c **** 
1060:../../Drivers/STM32H7xx_HAL_Driver/Src/stm32h7xx_hal_flash_ex.c **** /**
1061:../../Drivers/STM32H7xx_HAL_Driver/Src/stm32h7xx_hal_flash_ex.c ****   * @brief  FLASH ECC Detection interrupt callback.
1062:../../Drivers/STM32H7xx_HAL_Driver/Src/stm32h7xx_hal_flash_ex.c ****   * @retval None
1063:../../Drivers/STM32H7xx_HAL_Driver/Src/stm32h7xx_hal_flash_ex.c ****   */
1064:../../Drivers/STM32H7xx_HAL_Driver/Src/stm32h7xx_hal_flash_ex.c **** __weak void HAL_FLASHEx_EccDetectionCallback(void)
1065:../../Drivers/STM32H7xx_HAL_Driver/Src/stm32h7xx_hal_flash_ex.c **** {
1066:../../Drivers/STM32H7xx_HAL_Driver/Src/stm32h7xx_hal_flash_ex.c ****   /* NOTE : This function should not be modified, when the callback is needed,
1067:../../Drivers/STM32H7xx_HAL_Driver/Src/stm32h7xx_hal_flash_ex.c ****             the HAL_FLASHEx_EccDetectionCallback could be implemented in the user file
1068:../../Drivers/STM32H7xx_HAL_Driver/Src/stm32h7xx_hal_flash_ex.c ****    */
1069:../../Drivers/STM32H7xx_HAL_Driver/Src/stm32h7xx_hal_flash_ex.c **** }
1070:../../Drivers/STM32H7xx_HAL_Driver/Src/stm32h7xx_hal_flash_ex.c **** 
1071:../../Drivers/STM32H7xx_HAL_Driver/Src/stm32h7xx_hal_flash_ex.c **** /**
1072:../../Drivers/STM32H7xx_HAL_Driver/Src/stm32h7xx_hal_flash_ex.c ****   * @}
1073:../../Drivers/STM32H7xx_HAL_Driver/Src/stm32h7xx_hal_flash_ex.c ****   */
1074:../../Drivers/STM32H7xx_HAL_Driver/Src/stm32h7xx_hal_flash_ex.c **** #endif /* USE_FLASH_ECC */
1075:../../Drivers/STM32H7xx_HAL_Driver/Src/stm32h7xx_hal_flash_ex.c **** 
1076:../../Drivers/STM32H7xx_HAL_Driver/Src/stm32h7xx_hal_flash_ex.c **** /**
1077:../../Drivers/STM32H7xx_HAL_Driver/Src/stm32h7xx_hal_flash_ex.c ****   * @}
1078:../../Drivers/STM32H7xx_HAL_Driver/Src/stm32h7xx_hal_flash_ex.c ****   */
1079:../../Drivers/STM32H7xx_HAL_Driver/Src/stm32h7xx_hal_flash_ex.c **** 
1080:../../Drivers/STM32H7xx_HAL_Driver/Src/stm32h7xx_hal_flash_ex.c **** /* Private functions ---------------------------------------------------------*/
1081:../../Drivers/STM32H7xx_HAL_Driver/Src/stm32h7xx_hal_flash_ex.c **** 
1082:../../Drivers/STM32H7xx_HAL_Driver/Src/stm32h7xx_hal_flash_ex.c **** /** @addtogroup FLASHEx_Private_Functions
1083:../../Drivers/STM32H7xx_HAL_Driver/Src/stm32h7xx_hal_flash_ex.c ****   * @{
1084:../../Drivers/STM32H7xx_HAL_Driver/Src/stm32h7xx_hal_flash_ex.c ****   */
1085:../../Drivers/STM32H7xx_HAL_Driver/Src/stm32h7xx_hal_flash_ex.c **** 
1086:../../Drivers/STM32H7xx_HAL_Driver/Src/stm32h7xx_hal_flash_ex.c **** /**
1087:../../Drivers/STM32H7xx_HAL_Driver/Src/stm32h7xx_hal_flash_ex.c ****   * @brief  Mass erase of FLASH memory
1088:../../Drivers/STM32H7xx_HAL_Driver/Src/stm32h7xx_hal_flash_ex.c ****   * @param  VoltageRange The device program/erase parallelism.
1089:../../Drivers/STM32H7xx_HAL_Driver/Src/stm32h7xx_hal_flash_ex.c ****   *          This parameter can be one of the following values:
1090:../../Drivers/STM32H7xx_HAL_Driver/Src/stm32h7xx_hal_flash_ex.c ****   *            @arg FLASH_VOLTAGE_RANGE_1 : Flash program/erase by 8 bits
1091:../../Drivers/STM32H7xx_HAL_Driver/Src/stm32h7xx_hal_flash_ex.c ****   *            @arg FLASH_VOLTAGE_RANGE_2 : Flash program/erase by 16 bits
1092:../../Drivers/STM32H7xx_HAL_Driver/Src/stm32h7xx_hal_flash_ex.c ****   *            @arg FLASH_VOLTAGE_RANGE_3 : Flash program/erase by 32 bits
1093:../../Drivers/STM32H7xx_HAL_Driver/Src/stm32h7xx_hal_flash_ex.c ****   *            @arg FLASH_VOLTAGE_RANGE_4 : Flash program/erase by 64 bits
1094:../../Drivers/STM32H7xx_HAL_Driver/Src/stm32h7xx_hal_flash_ex.c ****   *
1095:../../Drivers/STM32H7xx_HAL_Driver/Src/stm32h7xx_hal_flash_ex.c ****   * @param  Banks Banks to be erased
1096:../../Drivers/STM32H7xx_HAL_Driver/Src/stm32h7xx_hal_flash_ex.c ****   *          This parameter can be one of the following values:
1097:../../Drivers/STM32H7xx_HAL_Driver/Src/stm32h7xx_hal_flash_ex.c ****   *            @arg FLASH_BANK_1: Bank1 to be erased
1098:../../Drivers/STM32H7xx_HAL_Driver/Src/stm32h7xx_hal_flash_ex.c ****   *            @arg FLASH_BANK_2: Bank2 to be erased
1099:../../Drivers/STM32H7xx_HAL_Driver/Src/stm32h7xx_hal_flash_ex.c ****   *            @arg FLASH_BANK_BOTH: Bank1 and Bank2 to be erased
1100:../../Drivers/STM32H7xx_HAL_Driver/Src/stm32h7xx_hal_flash_ex.c ****   *
1101:../../Drivers/STM32H7xx_HAL_Driver/Src/stm32h7xx_hal_flash_ex.c ****   * @retval HAL Status
1102:../../Drivers/STM32H7xx_HAL_Driver/Src/stm32h7xx_hal_flash_ex.c ****   */
1103:../../Drivers/STM32H7xx_HAL_Driver/Src/stm32h7xx_hal_flash_ex.c **** static void FLASH_MassErase(uint32_t VoltageRange, uint32_t Banks)
1104:../../Drivers/STM32H7xx_HAL_Driver/Src/stm32h7xx_hal_flash_ex.c **** {
  27              		.loc 1 1104 1 view -0
  28              		.cfi_startproc
  29              		@ args = 0, pretend = 0, frame = 0
  30              		@ frame_needed = 0, uses_anonymous_args = 0
  31              		@ link register save eliminated.
1105:../../Drivers/STM32H7xx_HAL_Driver/Src/stm32h7xx_hal_flash_ex.c ****   /* Check the parameters */
1106:../../Drivers/STM32H7xx_HAL_Driver/Src/stm32h7xx_hal_flash_ex.c **** #if defined (FLASH_CR_PSIZE)
1107:../../Drivers/STM32H7xx_HAL_Driver/Src/stm32h7xx_hal_flash_ex.c ****   assert_param(IS_VOLTAGERANGE(VoltageRange));
  32              		.loc 1 1107 3 view .LVU1
1108:../../Drivers/STM32H7xx_HAL_Driver/Src/stm32h7xx_hal_flash_ex.c **** #else
1109:../../Drivers/STM32H7xx_HAL_Driver/Src/stm32h7xx_hal_flash_ex.c ****   UNUSED(VoltageRange);
ARM GAS  /var/folders/2r/mdtt8xvd351gdc398t28_m2m0000gn/T//ccZQ9BPT.s 			page 21


1110:../../Drivers/STM32H7xx_HAL_Driver/Src/stm32h7xx_hal_flash_ex.c **** #endif /* FLASH_CR_PSIZE */
1111:../../Drivers/STM32H7xx_HAL_Driver/Src/stm32h7xx_hal_flash_ex.c ****   assert_param(IS_FLASH_BANK(Banks));
  33              		.loc 1 1111 3 view .LVU2
1112:../../Drivers/STM32H7xx_HAL_Driver/Src/stm32h7xx_hal_flash_ex.c **** 
1113:../../Drivers/STM32H7xx_HAL_Driver/Src/stm32h7xx_hal_flash_ex.c **** #if defined (DUAL_BANK)
1114:../../Drivers/STM32H7xx_HAL_Driver/Src/stm32h7xx_hal_flash_ex.c ****   /* Flash Mass Erase */
1115:../../Drivers/STM32H7xx_HAL_Driver/Src/stm32h7xx_hal_flash_ex.c ****   if((Banks & FLASH_BANK_BOTH) == FLASH_BANK_BOTH)
  34              		.loc 1 1115 3 view .LVU3
  35              		.loc 1 1115 13 is_stmt 0 view .LVU4
  36 0000 01F00303 		and	r3, r1, #3
  37              		.loc 1 1115 5 view .LVU5
  38 0004 032B     		cmp	r3, #3
  39 0006 24D0     		beq	.L5
1116:../../Drivers/STM32H7xx_HAL_Driver/Src/stm32h7xx_hal_flash_ex.c ****   {
1117:../../Drivers/STM32H7xx_HAL_Driver/Src/stm32h7xx_hal_flash_ex.c **** #if defined (FLASH_CR_PSIZE)
1118:../../Drivers/STM32H7xx_HAL_Driver/Src/stm32h7xx_hal_flash_ex.c ****     /* Reset Program/erase VoltageRange for Bank1 and Bank2 */
1119:../../Drivers/STM32H7xx_HAL_Driver/Src/stm32h7xx_hal_flash_ex.c ****     FLASH->CR1 &= (~FLASH_CR_PSIZE);
1120:../../Drivers/STM32H7xx_HAL_Driver/Src/stm32h7xx_hal_flash_ex.c ****     FLASH->CR2 &= (~FLASH_CR_PSIZE);
1121:../../Drivers/STM32H7xx_HAL_Driver/Src/stm32h7xx_hal_flash_ex.c **** 
1122:../../Drivers/STM32H7xx_HAL_Driver/Src/stm32h7xx_hal_flash_ex.c ****     /* Set voltage range */
1123:../../Drivers/STM32H7xx_HAL_Driver/Src/stm32h7xx_hal_flash_ex.c ****     FLASH->CR1 |= VoltageRange;
1124:../../Drivers/STM32H7xx_HAL_Driver/Src/stm32h7xx_hal_flash_ex.c ****     FLASH->CR2 |= VoltageRange;
1125:../../Drivers/STM32H7xx_HAL_Driver/Src/stm32h7xx_hal_flash_ex.c **** #endif /* FLASH_CR_PSIZE */
1126:../../Drivers/STM32H7xx_HAL_Driver/Src/stm32h7xx_hal_flash_ex.c **** 
1127:../../Drivers/STM32H7xx_HAL_Driver/Src/stm32h7xx_hal_flash_ex.c ****     /* Set Mass Erase Bit */
1128:../../Drivers/STM32H7xx_HAL_Driver/Src/stm32h7xx_hal_flash_ex.c ****     FLASH->OPTCR |= FLASH_OPTCR_MER;
1129:../../Drivers/STM32H7xx_HAL_Driver/Src/stm32h7xx_hal_flash_ex.c ****   }
1130:../../Drivers/STM32H7xx_HAL_Driver/Src/stm32h7xx_hal_flash_ex.c ****   else
1131:../../Drivers/STM32H7xx_HAL_Driver/Src/stm32h7xx_hal_flash_ex.c **** #endif /* DUAL_BANK */
1132:../../Drivers/STM32H7xx_HAL_Driver/Src/stm32h7xx_hal_flash_ex.c ****   {
1133:../../Drivers/STM32H7xx_HAL_Driver/Src/stm32h7xx_hal_flash_ex.c ****     /* Proceed to erase Flash Bank  */
1134:../../Drivers/STM32H7xx_HAL_Driver/Src/stm32h7xx_hal_flash_ex.c ****     if((Banks & FLASH_BANK_1) == FLASH_BANK_1)
  40              		.loc 1 1134 5 is_stmt 1 view .LVU6
  41              		.loc 1 1134 7 is_stmt 0 view .LVU7
  42 0008 11F0010F 		tst	r1, #1
  43 000c 0BD0     		beq	.L4
1135:../../Drivers/STM32H7xx_HAL_Driver/Src/stm32h7xx_hal_flash_ex.c ****     {
1136:../../Drivers/STM32H7xx_HAL_Driver/Src/stm32h7xx_hal_flash_ex.c **** #if defined (FLASH_CR_PSIZE)
1137:../../Drivers/STM32H7xx_HAL_Driver/Src/stm32h7xx_hal_flash_ex.c ****       /* Set Program/erase VoltageRange for Bank1 */
1138:../../Drivers/STM32H7xx_HAL_Driver/Src/stm32h7xx_hal_flash_ex.c ****       FLASH->CR1 &= (~FLASH_CR_PSIZE);
  44              		.loc 1 1138 7 is_stmt 1 view .LVU8
  45              		.loc 1 1138 12 is_stmt 0 view .LVU9
  46 000e 1D4B     		ldr	r3, .L6
  47 0010 DA68     		ldr	r2, [r3, #12]
  48              		.loc 1 1138 18 view .LVU10
  49 0012 22F03002 		bic	r2, r2, #48
  50 0016 DA60     		str	r2, [r3, #12]
1139:../../Drivers/STM32H7xx_HAL_Driver/Src/stm32h7xx_hal_flash_ex.c ****       FLASH->CR1 |=  VoltageRange;
  51              		.loc 1 1139 7 is_stmt 1 view .LVU11
  52              		.loc 1 1139 12 is_stmt 0 view .LVU12
  53 0018 DA68     		ldr	r2, [r3, #12]
  54              		.loc 1 1139 18 view .LVU13
  55 001a 0243     		orrs	r2, r2, r0
  56 001c DA60     		str	r2, [r3, #12]
1140:../../Drivers/STM32H7xx_HAL_Driver/Src/stm32h7xx_hal_flash_ex.c **** #endif /* FLASH_CR_PSIZE */
1141:../../Drivers/STM32H7xx_HAL_Driver/Src/stm32h7xx_hal_flash_ex.c **** 
1142:../../Drivers/STM32H7xx_HAL_Driver/Src/stm32h7xx_hal_flash_ex.c ****       /* Erase Bank1 */
ARM GAS  /var/folders/2r/mdtt8xvd351gdc398t28_m2m0000gn/T//ccZQ9BPT.s 			page 22


1143:../../Drivers/STM32H7xx_HAL_Driver/Src/stm32h7xx_hal_flash_ex.c ****       FLASH->CR1 |= (FLASH_CR_BER | FLASH_CR_START);
  57              		.loc 1 1143 7 is_stmt 1 view .LVU14
  58              		.loc 1 1143 12 is_stmt 0 view .LVU15
  59 001e DA68     		ldr	r2, [r3, #12]
  60              		.loc 1 1143 18 view .LVU16
  61 0020 42F08802 		orr	r2, r2, #136
  62 0024 DA60     		str	r2, [r3, #12]
  63              	.L4:
1144:../../Drivers/STM32H7xx_HAL_Driver/Src/stm32h7xx_hal_flash_ex.c ****     }
1145:../../Drivers/STM32H7xx_HAL_Driver/Src/stm32h7xx_hal_flash_ex.c **** 
1146:../../Drivers/STM32H7xx_HAL_Driver/Src/stm32h7xx_hal_flash_ex.c **** #if defined (DUAL_BANK)
1147:../../Drivers/STM32H7xx_HAL_Driver/Src/stm32h7xx_hal_flash_ex.c ****     if((Banks & FLASH_BANK_2) == FLASH_BANK_2)
  64              		.loc 1 1147 5 is_stmt 1 view .LVU17
  65              		.loc 1 1147 7 is_stmt 0 view .LVU18
  66 0026 11F0020F 		tst	r1, #2
  67 002a 11D0     		beq	.L1
1148:../../Drivers/STM32H7xx_HAL_Driver/Src/stm32h7xx_hal_flash_ex.c ****     {
1149:../../Drivers/STM32H7xx_HAL_Driver/Src/stm32h7xx_hal_flash_ex.c **** #if defined (FLASH_CR_PSIZE)
1150:../../Drivers/STM32H7xx_HAL_Driver/Src/stm32h7xx_hal_flash_ex.c ****       /* Set Program/erase VoltageRange for Bank2 */
1151:../../Drivers/STM32H7xx_HAL_Driver/Src/stm32h7xx_hal_flash_ex.c ****       FLASH->CR2 &= (~FLASH_CR_PSIZE);
  68              		.loc 1 1151 7 is_stmt 1 view .LVU19
  69              		.loc 1 1151 12 is_stmt 0 view .LVU20
  70 002c 154B     		ldr	r3, .L6
  71 002e D3F80C21 		ldr	r2, [r3, #268]
  72              		.loc 1 1151 18 view .LVU21
  73 0032 22F03002 		bic	r2, r2, #48
  74 0036 C3F80C21 		str	r2, [r3, #268]
1152:../../Drivers/STM32H7xx_HAL_Driver/Src/stm32h7xx_hal_flash_ex.c ****       FLASH->CR2 |= VoltageRange;
  75              		.loc 1 1152 7 is_stmt 1 view .LVU22
  76              		.loc 1 1152 12 is_stmt 0 view .LVU23
  77 003a D3F80C21 		ldr	r2, [r3, #268]
  78              		.loc 1 1152 18 view .LVU24
  79 003e 0243     		orrs	r2, r2, r0
  80 0040 C3F80C21 		str	r2, [r3, #268]
1153:../../Drivers/STM32H7xx_HAL_Driver/Src/stm32h7xx_hal_flash_ex.c **** #endif /* FLASH_CR_PSIZE */
1154:../../Drivers/STM32H7xx_HAL_Driver/Src/stm32h7xx_hal_flash_ex.c **** 
1155:../../Drivers/STM32H7xx_HAL_Driver/Src/stm32h7xx_hal_flash_ex.c ****       /* Erase Bank2 */
1156:../../Drivers/STM32H7xx_HAL_Driver/Src/stm32h7xx_hal_flash_ex.c ****       FLASH->CR2 |= (FLASH_CR_BER | FLASH_CR_START);
  81              		.loc 1 1156 7 is_stmt 1 view .LVU25
  82              		.loc 1 1156 12 is_stmt 0 view .LVU26
  83 0044 D3F80C21 		ldr	r2, [r3, #268]
  84              		.loc 1 1156 18 view .LVU27
  85 0048 42F08802 		orr	r2, r2, #136
  86 004c C3F80C21 		str	r2, [r3, #268]
  87              	.L1:
1157:../../Drivers/STM32H7xx_HAL_Driver/Src/stm32h7xx_hal_flash_ex.c ****     }
1158:../../Drivers/STM32H7xx_HAL_Driver/Src/stm32h7xx_hal_flash_ex.c **** #endif /* DUAL_BANK */
1159:../../Drivers/STM32H7xx_HAL_Driver/Src/stm32h7xx_hal_flash_ex.c ****   }
1160:../../Drivers/STM32H7xx_HAL_Driver/Src/stm32h7xx_hal_flash_ex.c **** }
  88              		.loc 1 1160 1 view .LVU28
  89 0050 7047     		bx	lr
  90              	.L5:
1119:../../Drivers/STM32H7xx_HAL_Driver/Src/stm32h7xx_hal_flash_ex.c ****     FLASH->CR2 &= (~FLASH_CR_PSIZE);
  91              		.loc 1 1119 5 is_stmt 1 view .LVU29
1119:../../Drivers/STM32H7xx_HAL_Driver/Src/stm32h7xx_hal_flash_ex.c ****     FLASH->CR2 &= (~FLASH_CR_PSIZE);
  92              		.loc 1 1119 10 is_stmt 0 view .LVU30
  93 0052 0C4B     		ldr	r3, .L6
ARM GAS  /var/folders/2r/mdtt8xvd351gdc398t28_m2m0000gn/T//ccZQ9BPT.s 			page 23


  94 0054 DA68     		ldr	r2, [r3, #12]
1119:../../Drivers/STM32H7xx_HAL_Driver/Src/stm32h7xx_hal_flash_ex.c ****     FLASH->CR2 &= (~FLASH_CR_PSIZE);
  95              		.loc 1 1119 16 view .LVU31
  96 0056 22F03002 		bic	r2, r2, #48
  97 005a DA60     		str	r2, [r3, #12]
1120:../../Drivers/STM32H7xx_HAL_Driver/Src/stm32h7xx_hal_flash_ex.c **** 
  98              		.loc 1 1120 5 is_stmt 1 view .LVU32
1120:../../Drivers/STM32H7xx_HAL_Driver/Src/stm32h7xx_hal_flash_ex.c **** 
  99              		.loc 1 1120 10 is_stmt 0 view .LVU33
 100 005c D3F80C21 		ldr	r2, [r3, #268]
1120:../../Drivers/STM32H7xx_HAL_Driver/Src/stm32h7xx_hal_flash_ex.c **** 
 101              		.loc 1 1120 16 view .LVU34
 102 0060 22F03002 		bic	r2, r2, #48
 103 0064 C3F80C21 		str	r2, [r3, #268]
1123:../../Drivers/STM32H7xx_HAL_Driver/Src/stm32h7xx_hal_flash_ex.c ****     FLASH->CR2 |= VoltageRange;
 104              		.loc 1 1123 5 is_stmt 1 view .LVU35
1123:../../Drivers/STM32H7xx_HAL_Driver/Src/stm32h7xx_hal_flash_ex.c ****     FLASH->CR2 |= VoltageRange;
 105              		.loc 1 1123 10 is_stmt 0 view .LVU36
 106 0068 DA68     		ldr	r2, [r3, #12]
1123:../../Drivers/STM32H7xx_HAL_Driver/Src/stm32h7xx_hal_flash_ex.c ****     FLASH->CR2 |= VoltageRange;
 107              		.loc 1 1123 16 view .LVU37
 108 006a 0243     		orrs	r2, r2, r0
 109 006c DA60     		str	r2, [r3, #12]
1124:../../Drivers/STM32H7xx_HAL_Driver/Src/stm32h7xx_hal_flash_ex.c **** #endif /* FLASH_CR_PSIZE */
 110              		.loc 1 1124 5 is_stmt 1 view .LVU38
1124:../../Drivers/STM32H7xx_HAL_Driver/Src/stm32h7xx_hal_flash_ex.c **** #endif /* FLASH_CR_PSIZE */
 111              		.loc 1 1124 10 is_stmt 0 view .LVU39
 112 006e D3F80C21 		ldr	r2, [r3, #268]
1124:../../Drivers/STM32H7xx_HAL_Driver/Src/stm32h7xx_hal_flash_ex.c **** #endif /* FLASH_CR_PSIZE */
 113              		.loc 1 1124 16 view .LVU40
 114 0072 0243     		orrs	r2, r2, r0
 115 0074 C3F80C21 		str	r2, [r3, #268]
1128:../../Drivers/STM32H7xx_HAL_Driver/Src/stm32h7xx_hal_flash_ex.c ****   }
 116              		.loc 1 1128 5 is_stmt 1 view .LVU41
1128:../../Drivers/STM32H7xx_HAL_Driver/Src/stm32h7xx_hal_flash_ex.c ****   }
 117              		.loc 1 1128 10 is_stmt 0 view .LVU42
 118 0078 9A69     		ldr	r2, [r3, #24]
1128:../../Drivers/STM32H7xx_HAL_Driver/Src/stm32h7xx_hal_flash_ex.c ****   }
 119              		.loc 1 1128 18 view .LVU43
 120 007a 42F01002 		orr	r2, r2, #16
 121 007e 9A61     		str	r2, [r3, #24]
 122 0080 7047     		bx	lr
 123              	.L7:
 124 0082 00BF     		.align	2
 125              	.L6:
 126 0084 00200052 		.word	1375739904
 127              		.cfi_endproc
 128              	.LFE141:
 130              		.section	.text.FLASH_OB_EnableWRP,"ax",%progbits
 131              		.align	1
 132              		.syntax unified
 133              		.thumb
 134              		.thumb_func
 136              	FLASH_OB_EnableWRP:
 137              	.LVL1:
 138              	.LFB143:
1161:../../Drivers/STM32H7xx_HAL_Driver/Src/stm32h7xx_hal_flash_ex.c **** 
ARM GAS  /var/folders/2r/mdtt8xvd351gdc398t28_m2m0000gn/T//ccZQ9BPT.s 			page 24


1162:../../Drivers/STM32H7xx_HAL_Driver/Src/stm32h7xx_hal_flash_ex.c **** /**
1163:../../Drivers/STM32H7xx_HAL_Driver/Src/stm32h7xx_hal_flash_ex.c ****   * @brief  Erase the specified FLASH memory sector
1164:../../Drivers/STM32H7xx_HAL_Driver/Src/stm32h7xx_hal_flash_ex.c ****   * @param  Sector FLASH sector to erase
1165:../../Drivers/STM32H7xx_HAL_Driver/Src/stm32h7xx_hal_flash_ex.c ****   *          This parameter can be a value of @ref FLASH_Sectors
1166:../../Drivers/STM32H7xx_HAL_Driver/Src/stm32h7xx_hal_flash_ex.c ****   * @param  Banks Banks to be erased
1167:../../Drivers/STM32H7xx_HAL_Driver/Src/stm32h7xx_hal_flash_ex.c ****   *          This parameter can be one of the following values:
1168:../../Drivers/STM32H7xx_HAL_Driver/Src/stm32h7xx_hal_flash_ex.c ****   *            @arg FLASH_BANK_1: Bank1 to be erased
1169:../../Drivers/STM32H7xx_HAL_Driver/Src/stm32h7xx_hal_flash_ex.c ****   *            @arg FLASH_BANK_2: Bank2 to be erased
1170:../../Drivers/STM32H7xx_HAL_Driver/Src/stm32h7xx_hal_flash_ex.c ****   *            @arg FLASH_BANK_BOTH: Bank1 and Bank2 to be erased
1171:../../Drivers/STM32H7xx_HAL_Driver/Src/stm32h7xx_hal_flash_ex.c ****   * @param  VoltageRange The device program/erase parallelism.
1172:../../Drivers/STM32H7xx_HAL_Driver/Src/stm32h7xx_hal_flash_ex.c ****   *          This parameter can be one of the following values:
1173:../../Drivers/STM32H7xx_HAL_Driver/Src/stm32h7xx_hal_flash_ex.c ****   *            @arg FLASH_VOLTAGE_RANGE_1 : Flash program/erase by 8 bits
1174:../../Drivers/STM32H7xx_HAL_Driver/Src/stm32h7xx_hal_flash_ex.c ****   *            @arg FLASH_VOLTAGE_RANGE_2 : Flash program/erase by 16 bits
1175:../../Drivers/STM32H7xx_HAL_Driver/Src/stm32h7xx_hal_flash_ex.c ****   *            @arg FLASH_VOLTAGE_RANGE_3 : Flash program/erase by 32 bits
1176:../../Drivers/STM32H7xx_HAL_Driver/Src/stm32h7xx_hal_flash_ex.c ****   *            @arg FLASH_VOLTAGE_RANGE_4 : Flash program/erase by 64 bits
1177:../../Drivers/STM32H7xx_HAL_Driver/Src/stm32h7xx_hal_flash_ex.c ****   *
1178:../../Drivers/STM32H7xx_HAL_Driver/Src/stm32h7xx_hal_flash_ex.c ****   * @retval None
1179:../../Drivers/STM32H7xx_HAL_Driver/Src/stm32h7xx_hal_flash_ex.c ****   */
1180:../../Drivers/STM32H7xx_HAL_Driver/Src/stm32h7xx_hal_flash_ex.c **** void FLASH_Erase_Sector(uint32_t Sector, uint32_t Banks, uint32_t VoltageRange)
1181:../../Drivers/STM32H7xx_HAL_Driver/Src/stm32h7xx_hal_flash_ex.c **** {
1182:../../Drivers/STM32H7xx_HAL_Driver/Src/stm32h7xx_hal_flash_ex.c ****   assert_param(IS_FLASH_SECTOR(Sector));
1183:../../Drivers/STM32H7xx_HAL_Driver/Src/stm32h7xx_hal_flash_ex.c ****   assert_param(IS_FLASH_BANK_EXCLUSIVE(Banks));
1184:../../Drivers/STM32H7xx_HAL_Driver/Src/stm32h7xx_hal_flash_ex.c **** #if defined (FLASH_CR_PSIZE)
1185:../../Drivers/STM32H7xx_HAL_Driver/Src/stm32h7xx_hal_flash_ex.c ****   assert_param(IS_VOLTAGERANGE(VoltageRange));
1186:../../Drivers/STM32H7xx_HAL_Driver/Src/stm32h7xx_hal_flash_ex.c **** #else
1187:../../Drivers/STM32H7xx_HAL_Driver/Src/stm32h7xx_hal_flash_ex.c ****   UNUSED(VoltageRange);
1188:../../Drivers/STM32H7xx_HAL_Driver/Src/stm32h7xx_hal_flash_ex.c **** #endif /* FLASH_CR_PSIZE */
1189:../../Drivers/STM32H7xx_HAL_Driver/Src/stm32h7xx_hal_flash_ex.c **** 
1190:../../Drivers/STM32H7xx_HAL_Driver/Src/stm32h7xx_hal_flash_ex.c ****   if((Banks & FLASH_BANK_1) == FLASH_BANK_1)
1191:../../Drivers/STM32H7xx_HAL_Driver/Src/stm32h7xx_hal_flash_ex.c ****   {
1192:../../Drivers/STM32H7xx_HAL_Driver/Src/stm32h7xx_hal_flash_ex.c **** #if defined (FLASH_CR_PSIZE)
1193:../../Drivers/STM32H7xx_HAL_Driver/Src/stm32h7xx_hal_flash_ex.c ****     /* Reset Program/erase VoltageRange and Sector Number for Bank1 */
1194:../../Drivers/STM32H7xx_HAL_Driver/Src/stm32h7xx_hal_flash_ex.c ****     FLASH->CR1 &= ~(FLASH_CR_PSIZE | FLASH_CR_SNB);
1195:../../Drivers/STM32H7xx_HAL_Driver/Src/stm32h7xx_hal_flash_ex.c **** 
1196:../../Drivers/STM32H7xx_HAL_Driver/Src/stm32h7xx_hal_flash_ex.c ****     FLASH->CR1 |= (FLASH_CR_SER | VoltageRange | (Sector << FLASH_CR_SNB_Pos) | FLASH_CR_START);
1197:../../Drivers/STM32H7xx_HAL_Driver/Src/stm32h7xx_hal_flash_ex.c **** #else
1198:../../Drivers/STM32H7xx_HAL_Driver/Src/stm32h7xx_hal_flash_ex.c ****     /* Reset Sector Number for Bank1 */
1199:../../Drivers/STM32H7xx_HAL_Driver/Src/stm32h7xx_hal_flash_ex.c ****     FLASH->CR1 &= ~(FLASH_CR_SNB);
1200:../../Drivers/STM32H7xx_HAL_Driver/Src/stm32h7xx_hal_flash_ex.c **** 
1201:../../Drivers/STM32H7xx_HAL_Driver/Src/stm32h7xx_hal_flash_ex.c ****     FLASH->CR1 |= (FLASH_CR_SER | (Sector << FLASH_CR_SNB_Pos) | FLASH_CR_START);
1202:../../Drivers/STM32H7xx_HAL_Driver/Src/stm32h7xx_hal_flash_ex.c **** #endif /* FLASH_CR_PSIZE */
1203:../../Drivers/STM32H7xx_HAL_Driver/Src/stm32h7xx_hal_flash_ex.c ****   }
1204:../../Drivers/STM32H7xx_HAL_Driver/Src/stm32h7xx_hal_flash_ex.c **** 
1205:../../Drivers/STM32H7xx_HAL_Driver/Src/stm32h7xx_hal_flash_ex.c **** #if defined (DUAL_BANK)
1206:../../Drivers/STM32H7xx_HAL_Driver/Src/stm32h7xx_hal_flash_ex.c ****   if((Banks & FLASH_BANK_2) == FLASH_BANK_2)
1207:../../Drivers/STM32H7xx_HAL_Driver/Src/stm32h7xx_hal_flash_ex.c ****   {
1208:../../Drivers/STM32H7xx_HAL_Driver/Src/stm32h7xx_hal_flash_ex.c **** #if defined (FLASH_CR_PSIZE)
1209:../../Drivers/STM32H7xx_HAL_Driver/Src/stm32h7xx_hal_flash_ex.c ****     /* Reset Program/erase VoltageRange and Sector Number for Bank2 */
1210:../../Drivers/STM32H7xx_HAL_Driver/Src/stm32h7xx_hal_flash_ex.c ****     FLASH->CR2 &= ~(FLASH_CR_PSIZE | FLASH_CR_SNB);
1211:../../Drivers/STM32H7xx_HAL_Driver/Src/stm32h7xx_hal_flash_ex.c **** 
1212:../../Drivers/STM32H7xx_HAL_Driver/Src/stm32h7xx_hal_flash_ex.c ****     FLASH->CR2 |= (FLASH_CR_SER | VoltageRange  | (Sector << FLASH_CR_SNB_Pos) | FLASH_CR_START);
1213:../../Drivers/STM32H7xx_HAL_Driver/Src/stm32h7xx_hal_flash_ex.c **** #else
1214:../../Drivers/STM32H7xx_HAL_Driver/Src/stm32h7xx_hal_flash_ex.c ****     /* Reset Sector Number for Bank2 */
1215:../../Drivers/STM32H7xx_HAL_Driver/Src/stm32h7xx_hal_flash_ex.c ****     FLASH->CR2 &= ~(FLASH_CR_SNB);
1216:../../Drivers/STM32H7xx_HAL_Driver/Src/stm32h7xx_hal_flash_ex.c **** 
1217:../../Drivers/STM32H7xx_HAL_Driver/Src/stm32h7xx_hal_flash_ex.c ****     FLASH->CR2 |= (FLASH_CR_SER | (Sector << FLASH_CR_SNB_Pos) | FLASH_CR_START);
1218:../../Drivers/STM32H7xx_HAL_Driver/Src/stm32h7xx_hal_flash_ex.c **** #endif /* FLASH_CR_PSIZE */
ARM GAS  /var/folders/2r/mdtt8xvd351gdc398t28_m2m0000gn/T//ccZQ9BPT.s 			page 25


1219:../../Drivers/STM32H7xx_HAL_Driver/Src/stm32h7xx_hal_flash_ex.c ****   }
1220:../../Drivers/STM32H7xx_HAL_Driver/Src/stm32h7xx_hal_flash_ex.c **** #endif /* DUAL_BANK */
1221:../../Drivers/STM32H7xx_HAL_Driver/Src/stm32h7xx_hal_flash_ex.c **** }
1222:../../Drivers/STM32H7xx_HAL_Driver/Src/stm32h7xx_hal_flash_ex.c **** 
1223:../../Drivers/STM32H7xx_HAL_Driver/Src/stm32h7xx_hal_flash_ex.c **** /**
1224:../../Drivers/STM32H7xx_HAL_Driver/Src/stm32h7xx_hal_flash_ex.c ****   * @brief  Enable the write protection of the desired bank1 or bank 2 sectors
1225:../../Drivers/STM32H7xx_HAL_Driver/Src/stm32h7xx_hal_flash_ex.c ****   * @param  WRPSector specifies the sector(s) to be write protected.
1226:../../Drivers/STM32H7xx_HAL_Driver/Src/stm32h7xx_hal_flash_ex.c ****   *          This parameter can be one of the following values:
1227:../../Drivers/STM32H7xx_HAL_Driver/Src/stm32h7xx_hal_flash_ex.c ****   *            @arg WRPSector:  A combination of OB_WRP_SECTOR_0 to OB_WRP_SECTOR_7 or OB_WRP_SECTO
1228:../../Drivers/STM32H7xx_HAL_Driver/Src/stm32h7xx_hal_flash_ex.c ****   *
1229:../../Drivers/STM32H7xx_HAL_Driver/Src/stm32h7xx_hal_flash_ex.c ****   * @param  Banks the specific bank to apply WRP sectors
1230:../../Drivers/STM32H7xx_HAL_Driver/Src/stm32h7xx_hal_flash_ex.c ****   *          This parameter can be one of the following values:
1231:../../Drivers/STM32H7xx_HAL_Driver/Src/stm32h7xx_hal_flash_ex.c ****   *            @arg FLASH_BANK_1: enable WRP on specified bank1 sectors
1232:../../Drivers/STM32H7xx_HAL_Driver/Src/stm32h7xx_hal_flash_ex.c ****   *            @arg FLASH_BANK_2: enable WRP on specified bank2 sectors
1233:../../Drivers/STM32H7xx_HAL_Driver/Src/stm32h7xx_hal_flash_ex.c ****   *            @arg FLASH_BANK_BOTH: enable WRP on both bank1 and bank2 specified sectors
1234:../../Drivers/STM32H7xx_HAL_Driver/Src/stm32h7xx_hal_flash_ex.c ****   *
1235:../../Drivers/STM32H7xx_HAL_Driver/Src/stm32h7xx_hal_flash_ex.c ****   * @retval HAL FLASH State
1236:../../Drivers/STM32H7xx_HAL_Driver/Src/stm32h7xx_hal_flash_ex.c ****   */
1237:../../Drivers/STM32H7xx_HAL_Driver/Src/stm32h7xx_hal_flash_ex.c **** static void FLASH_OB_EnableWRP(uint32_t WRPSector, uint32_t Banks)
1238:../../Drivers/STM32H7xx_HAL_Driver/Src/stm32h7xx_hal_flash_ex.c **** {
 139              		.loc 1 1238 1 is_stmt 1 view -0
 140              		.cfi_startproc
 141              		@ args = 0, pretend = 0, frame = 0
 142              		@ frame_needed = 0, uses_anonymous_args = 0
 143              		@ link register save eliminated.
1239:../../Drivers/STM32H7xx_HAL_Driver/Src/stm32h7xx_hal_flash_ex.c ****   /* Check the parameters */
1240:../../Drivers/STM32H7xx_HAL_Driver/Src/stm32h7xx_hal_flash_ex.c ****   assert_param(IS_OB_WRP_SECTOR(WRPSector));
 144              		.loc 1 1240 3 view .LVU45
1241:../../Drivers/STM32H7xx_HAL_Driver/Src/stm32h7xx_hal_flash_ex.c ****   assert_param(IS_FLASH_BANK(Banks));
 145              		.loc 1 1241 3 view .LVU46
1242:../../Drivers/STM32H7xx_HAL_Driver/Src/stm32h7xx_hal_flash_ex.c **** 
1243:../../Drivers/STM32H7xx_HAL_Driver/Src/stm32h7xx_hal_flash_ex.c ****   if((Banks & FLASH_BANK_1) == FLASH_BANK_1)
 146              		.loc 1 1243 3 view .LVU47
 147              		.loc 1 1243 5 is_stmt 0 view .LVU48
 148 0000 11F0010F 		tst	r1, #1
 149 0004 06D0     		beq	.L9
1244:../../Drivers/STM32H7xx_HAL_Driver/Src/stm32h7xx_hal_flash_ex.c ****   {
1245:../../Drivers/STM32H7xx_HAL_Driver/Src/stm32h7xx_hal_flash_ex.c ****     /* Enable Write Protection for bank 1 */
1246:../../Drivers/STM32H7xx_HAL_Driver/Src/stm32h7xx_hal_flash_ex.c ****     FLASH->WPSN_PRG1 &= (~(WRPSector & FLASH_WPSN_WRPSN));
 150              		.loc 1 1246 5 is_stmt 1 view .LVU49
 151              		.loc 1 1246 10 is_stmt 0 view .LVU50
 152 0006 094A     		ldr	r2, .L11
 153 0008 D36B     		ldr	r3, [r2, #60]
 154              		.loc 1 1246 38 view .LVU51
 155 000a 5FFA80FC 		uxtb	ip, r0
 156              		.loc 1 1246 22 view .LVU52
 157 000e 23EA0C03 		bic	r3, r3, ip
 158 0012 D363     		str	r3, [r2, #60]
 159              	.L9:
1247:../../Drivers/STM32H7xx_HAL_Driver/Src/stm32h7xx_hal_flash_ex.c ****   }
1248:../../Drivers/STM32H7xx_HAL_Driver/Src/stm32h7xx_hal_flash_ex.c **** 
1249:../../Drivers/STM32H7xx_HAL_Driver/Src/stm32h7xx_hal_flash_ex.c **** #if defined (DUAL_BANK)
1250:../../Drivers/STM32H7xx_HAL_Driver/Src/stm32h7xx_hal_flash_ex.c ****   if((Banks & FLASH_BANK_2) == FLASH_BANK_2)
 160              		.loc 1 1250 3 is_stmt 1 view .LVU53
 161              		.loc 1 1250 5 is_stmt 0 view .LVU54
 162 0014 11F0020F 		tst	r1, #2
 163 0018 07D0     		beq	.L8
ARM GAS  /var/folders/2r/mdtt8xvd351gdc398t28_m2m0000gn/T//ccZQ9BPT.s 			page 26


1251:../../Drivers/STM32H7xx_HAL_Driver/Src/stm32h7xx_hal_flash_ex.c ****   {
1252:../../Drivers/STM32H7xx_HAL_Driver/Src/stm32h7xx_hal_flash_ex.c ****     /* Enable Write Protection for bank 2 */
1253:../../Drivers/STM32H7xx_HAL_Driver/Src/stm32h7xx_hal_flash_ex.c ****     FLASH->WPSN_PRG2 &= (~(WRPSector & FLASH_WPSN_WRPSN));
 164              		.loc 1 1253 5 is_stmt 1 view .LVU55
 165              		.loc 1 1253 10 is_stmt 0 view .LVU56
 166 001a 044A     		ldr	r2, .L11
 167 001c D2F83C31 		ldr	r3, [r2, #316]
 168              		.loc 1 1253 38 view .LVU57
 169 0020 C0B2     		uxtb	r0, r0
 170              	.LVL2:
 171              		.loc 1 1253 22 view .LVU58
 172 0022 23EA0003 		bic	r3, r3, r0
 173 0026 C2F83C31 		str	r3, [r2, #316]
 174              	.L8:
1254:../../Drivers/STM32H7xx_HAL_Driver/Src/stm32h7xx_hal_flash_ex.c ****   }
1255:../../Drivers/STM32H7xx_HAL_Driver/Src/stm32h7xx_hal_flash_ex.c **** #endif /* DUAL_BANK */
1256:../../Drivers/STM32H7xx_HAL_Driver/Src/stm32h7xx_hal_flash_ex.c **** }
 175              		.loc 1 1256 1 view .LVU59
 176 002a 7047     		bx	lr
 177              	.L12:
 178              		.align	2
 179              	.L11:
 180 002c 00200052 		.word	1375739904
 181              		.cfi_endproc
 182              	.LFE143:
 184              		.section	.text.FLASH_OB_DisableWRP,"ax",%progbits
 185              		.align	1
 186              		.syntax unified
 187              		.thumb
 188              		.thumb_func
 190              	FLASH_OB_DisableWRP:
 191              	.LVL3:
 192              	.LFB144:
1257:../../Drivers/STM32H7xx_HAL_Driver/Src/stm32h7xx_hal_flash_ex.c **** 
1258:../../Drivers/STM32H7xx_HAL_Driver/Src/stm32h7xx_hal_flash_ex.c **** /**
1259:../../Drivers/STM32H7xx_HAL_Driver/Src/stm32h7xx_hal_flash_ex.c ****   * @brief  Disable the write protection of the desired bank1 or bank 2 sectors
1260:../../Drivers/STM32H7xx_HAL_Driver/Src/stm32h7xx_hal_flash_ex.c ****   * @param  WRPSector specifies the sector(s) to disable write protection.
1261:../../Drivers/STM32H7xx_HAL_Driver/Src/stm32h7xx_hal_flash_ex.c ****   *          This parameter can be one of the following values:
1262:../../Drivers/STM32H7xx_HAL_Driver/Src/stm32h7xx_hal_flash_ex.c ****   *            @arg WRPSector:  A combination of FLASH_OB_WRP_SECTOR_0 to FLASH_OB_WRP_SECTOR_7 or 
1263:../../Drivers/STM32H7xx_HAL_Driver/Src/stm32h7xx_hal_flash_ex.c ****   *
1264:../../Drivers/STM32H7xx_HAL_Driver/Src/stm32h7xx_hal_flash_ex.c ****   * @param  Banks the specific bank to apply WRP sectors
1265:../../Drivers/STM32H7xx_HAL_Driver/Src/stm32h7xx_hal_flash_ex.c ****   *          This parameter can be one of the following values:
1266:../../Drivers/STM32H7xx_HAL_Driver/Src/stm32h7xx_hal_flash_ex.c ****   *            @arg FLASH_BANK_1: disable WRP on specified bank1 sectors
1267:../../Drivers/STM32H7xx_HAL_Driver/Src/stm32h7xx_hal_flash_ex.c ****   *            @arg FLASH_BANK_2: disable WRP on specified bank2 sectors
1268:../../Drivers/STM32H7xx_HAL_Driver/Src/stm32h7xx_hal_flash_ex.c ****   *            @arg FLASH_BANK_BOTH: disable WRP on both bank1 and bank2 specified sectors
1269:../../Drivers/STM32H7xx_HAL_Driver/Src/stm32h7xx_hal_flash_ex.c ****   *
1270:../../Drivers/STM32H7xx_HAL_Driver/Src/stm32h7xx_hal_flash_ex.c ****   * @retval HAL FLASH State
1271:../../Drivers/STM32H7xx_HAL_Driver/Src/stm32h7xx_hal_flash_ex.c ****   */
1272:../../Drivers/STM32H7xx_HAL_Driver/Src/stm32h7xx_hal_flash_ex.c **** static void FLASH_OB_DisableWRP(uint32_t WRPSector, uint32_t Banks)
1273:../../Drivers/STM32H7xx_HAL_Driver/Src/stm32h7xx_hal_flash_ex.c **** {
 193              		.loc 1 1273 1 is_stmt 1 view -0
 194              		.cfi_startproc
 195              		@ args = 0, pretend = 0, frame = 0
 196              		@ frame_needed = 0, uses_anonymous_args = 0
 197              		@ link register save eliminated.
1274:../../Drivers/STM32H7xx_HAL_Driver/Src/stm32h7xx_hal_flash_ex.c ****   /* Check the parameters */
1275:../../Drivers/STM32H7xx_HAL_Driver/Src/stm32h7xx_hal_flash_ex.c ****   assert_param(IS_OB_WRP_SECTOR(WRPSector));
ARM GAS  /var/folders/2r/mdtt8xvd351gdc398t28_m2m0000gn/T//ccZQ9BPT.s 			page 27


 198              		.loc 1 1275 3 view .LVU61
1276:../../Drivers/STM32H7xx_HAL_Driver/Src/stm32h7xx_hal_flash_ex.c ****   assert_param(IS_FLASH_BANK(Banks));
 199              		.loc 1 1276 3 view .LVU62
1277:../../Drivers/STM32H7xx_HAL_Driver/Src/stm32h7xx_hal_flash_ex.c **** 
1278:../../Drivers/STM32H7xx_HAL_Driver/Src/stm32h7xx_hal_flash_ex.c ****   if((Banks & FLASH_BANK_1) == FLASH_BANK_1)
 200              		.loc 1 1278 3 view .LVU63
 201              		.loc 1 1278 5 is_stmt 0 view .LVU64
 202 0000 11F0010F 		tst	r1, #1
 203 0004 06D0     		beq	.L14
1279:../../Drivers/STM32H7xx_HAL_Driver/Src/stm32h7xx_hal_flash_ex.c ****   {
1280:../../Drivers/STM32H7xx_HAL_Driver/Src/stm32h7xx_hal_flash_ex.c ****     /* Disable Write Protection for bank 1 */
1281:../../Drivers/STM32H7xx_HAL_Driver/Src/stm32h7xx_hal_flash_ex.c ****     FLASH->WPSN_PRG1 |= (WRPSector & FLASH_WPSN_WRPSN);
 204              		.loc 1 1281 5 is_stmt 1 view .LVU65
 205              		.loc 1 1281 10 is_stmt 0 view .LVU66
 206 0006 094A     		ldr	r2, .L16
 207 0008 D36B     		ldr	r3, [r2, #60]
 208              		.loc 1 1281 36 view .LVU67
 209 000a 5FFA80FC 		uxtb	ip, r0
 210              		.loc 1 1281 22 view .LVU68
 211 000e 43EA0C03 		orr	r3, r3, ip
 212 0012 D363     		str	r3, [r2, #60]
 213              	.L14:
1282:../../Drivers/STM32H7xx_HAL_Driver/Src/stm32h7xx_hal_flash_ex.c ****   }
1283:../../Drivers/STM32H7xx_HAL_Driver/Src/stm32h7xx_hal_flash_ex.c **** 
1284:../../Drivers/STM32H7xx_HAL_Driver/Src/stm32h7xx_hal_flash_ex.c **** #if defined (DUAL_BANK)
1285:../../Drivers/STM32H7xx_HAL_Driver/Src/stm32h7xx_hal_flash_ex.c ****   if((Banks & FLASH_BANK_2) == FLASH_BANK_2)
 214              		.loc 1 1285 3 is_stmt 1 view .LVU69
 215              		.loc 1 1285 5 is_stmt 0 view .LVU70
 216 0014 11F0020F 		tst	r1, #2
 217 0018 06D0     		beq	.L13
1286:../../Drivers/STM32H7xx_HAL_Driver/Src/stm32h7xx_hal_flash_ex.c ****   {
1287:../../Drivers/STM32H7xx_HAL_Driver/Src/stm32h7xx_hal_flash_ex.c ****     /* Disable Write Protection for bank 2 */
1288:../../Drivers/STM32H7xx_HAL_Driver/Src/stm32h7xx_hal_flash_ex.c ****     FLASH->WPSN_PRG2 |= (WRPSector & FLASH_WPSN_WRPSN);
 218              		.loc 1 1288 5 is_stmt 1 view .LVU71
 219              		.loc 1 1288 10 is_stmt 0 view .LVU72
 220 001a 044A     		ldr	r2, .L16
 221 001c D2F83C31 		ldr	r3, [r2, #316]
 222              		.loc 1 1288 36 view .LVU73
 223 0020 C0B2     		uxtb	r0, r0
 224              	.LVL4:
 225              		.loc 1 1288 22 view .LVU74
 226 0022 0343     		orrs	r3, r3, r0
 227 0024 C2F83C31 		str	r3, [r2, #316]
 228              	.L13:
1289:../../Drivers/STM32H7xx_HAL_Driver/Src/stm32h7xx_hal_flash_ex.c ****   }
1290:../../Drivers/STM32H7xx_HAL_Driver/Src/stm32h7xx_hal_flash_ex.c **** #endif /* DUAL_BANK */
1291:../../Drivers/STM32H7xx_HAL_Driver/Src/stm32h7xx_hal_flash_ex.c **** }
 229              		.loc 1 1291 1 view .LVU75
 230 0028 7047     		bx	lr
 231              	.L17:
 232 002a 00BF     		.align	2
 233              	.L16:
 234 002c 00200052 		.word	1375739904
 235              		.cfi_endproc
 236              	.LFE144:
 238              		.section	.text.FLASH_OB_GetWRP,"ax",%progbits
 239              		.align	1
ARM GAS  /var/folders/2r/mdtt8xvd351gdc398t28_m2m0000gn/T//ccZQ9BPT.s 			page 28


 240              		.syntax unified
 241              		.thumb
 242              		.thumb_func
 244              	FLASH_OB_GetWRP:
 245              	.LVL5:
 246              	.LFB145:
1292:../../Drivers/STM32H7xx_HAL_Driver/Src/stm32h7xx_hal_flash_ex.c **** 
1293:../../Drivers/STM32H7xx_HAL_Driver/Src/stm32h7xx_hal_flash_ex.c **** /**
1294:../../Drivers/STM32H7xx_HAL_Driver/Src/stm32h7xx_hal_flash_ex.c ****   * @brief  Get the write protection of the given bank 1 or bank 2 sectors
1295:../../Drivers/STM32H7xx_HAL_Driver/Src/stm32h7xx_hal_flash_ex.c ****   * @param  WRPState gives the write protection state on the given bank.
1296:../../Drivers/STM32H7xx_HAL_Driver/Src/stm32h7xx_hal_flash_ex.c ****   *          This parameter can be one of the following values:
1297:../../Drivers/STM32H7xx_HAL_Driver/Src/stm32h7xx_hal_flash_ex.c ****   *          @arg WRPState: OB_WRPSTATE_DISABLE or OB_WRPSTATE_ENABLE
1298:../../Drivers/STM32H7xx_HAL_Driver/Src/stm32h7xx_hal_flash_ex.c **** 
1299:../../Drivers/STM32H7xx_HAL_Driver/Src/stm32h7xx_hal_flash_ex.c ****   * @param  WRPSector gives the write protected sector(s) on the given bank .
1300:../../Drivers/STM32H7xx_HAL_Driver/Src/stm32h7xx_hal_flash_ex.c ****   *          This parameter can be one of the following values:
1301:../../Drivers/STM32H7xx_HAL_Driver/Src/stm32h7xx_hal_flash_ex.c ****   *          @arg WRPSector: A combination of FLASH_OB_WRP_SECTOR_0 to FLASH_OB_WRP_SECTOR_7 or FLA
1302:../../Drivers/STM32H7xx_HAL_Driver/Src/stm32h7xx_hal_flash_ex.c ****   *
1303:../../Drivers/STM32H7xx_HAL_Driver/Src/stm32h7xx_hal_flash_ex.c ****   * @param  Bank the specific bank to apply WRP sectors
1304:../../Drivers/STM32H7xx_HAL_Driver/Src/stm32h7xx_hal_flash_ex.c ****   *          This parameter can be exclusively one of the following values:
1305:../../Drivers/STM32H7xx_HAL_Driver/Src/stm32h7xx_hal_flash_ex.c ****   *            @arg FLASH_BANK_1: Get bank1 WRP sectors
1306:../../Drivers/STM32H7xx_HAL_Driver/Src/stm32h7xx_hal_flash_ex.c ****   *            @arg FLASH_BANK_2: Get bank2 WRP sectors
1307:../../Drivers/STM32H7xx_HAL_Driver/Src/stm32h7xx_hal_flash_ex.c ****   *            @arg FLASH_BANK_BOTH: note allowed in this functions
1308:../../Drivers/STM32H7xx_HAL_Driver/Src/stm32h7xx_hal_flash_ex.c ****   *
1309:../../Drivers/STM32H7xx_HAL_Driver/Src/stm32h7xx_hal_flash_ex.c ****   * @retval HAL FLASH State
1310:../../Drivers/STM32H7xx_HAL_Driver/Src/stm32h7xx_hal_flash_ex.c ****   */
1311:../../Drivers/STM32H7xx_HAL_Driver/Src/stm32h7xx_hal_flash_ex.c **** static void FLASH_OB_GetWRP(uint32_t *WRPState, uint32_t *WRPSector, uint32_t Bank)
1312:../../Drivers/STM32H7xx_HAL_Driver/Src/stm32h7xx_hal_flash_ex.c **** {
 247              		.loc 1 1312 1 is_stmt 1 view -0
 248              		.cfi_startproc
 249              		@ args = 0, pretend = 0, frame = 0
 250              		@ frame_needed = 0, uses_anonymous_args = 0
 251              		@ link register save eliminated.
1313:../../Drivers/STM32H7xx_HAL_Driver/Src/stm32h7xx_hal_flash_ex.c ****   uint32_t regvalue = 0U;
 252              		.loc 1 1313 3 view .LVU77
1314:../../Drivers/STM32H7xx_HAL_Driver/Src/stm32h7xx_hal_flash_ex.c **** 
1315:../../Drivers/STM32H7xx_HAL_Driver/Src/stm32h7xx_hal_flash_ex.c ****   if(Bank == FLASH_BANK_1)
 253              		.loc 1 1315 3 view .LVU78
 254              		.loc 1 1315 5 is_stmt 0 view .LVU79
 255 0000 012A     		cmp	r2, #1
 256 0002 08D0     		beq	.L24
1316:../../Drivers/STM32H7xx_HAL_Driver/Src/stm32h7xx_hal_flash_ex.c ****   {
1317:../../Drivers/STM32H7xx_HAL_Driver/Src/stm32h7xx_hal_flash_ex.c ****     regvalue = FLASH->WPSN_CUR1;
1318:../../Drivers/STM32H7xx_HAL_Driver/Src/stm32h7xx_hal_flash_ex.c ****   }
1319:../../Drivers/STM32H7xx_HAL_Driver/Src/stm32h7xx_hal_flash_ex.c **** 
1320:../../Drivers/STM32H7xx_HAL_Driver/Src/stm32h7xx_hal_flash_ex.c **** #if defined (DUAL_BANK)
1321:../../Drivers/STM32H7xx_HAL_Driver/Src/stm32h7xx_hal_flash_ex.c ****   if(Bank == FLASH_BANK_2)
 257              		.loc 1 1321 3 is_stmt 1 view .LVU80
 258              		.loc 1 1321 5 is_stmt 0 view .LVU81
 259 0004 022A     		cmp	r2, #2
 260 0006 09D0     		beq	.L25
 261 0008 0023     		movs	r3, #0
 262              	.LVL6:
 263              	.L20:
1322:../../Drivers/STM32H7xx_HAL_Driver/Src/stm32h7xx_hal_flash_ex.c ****   {
1323:../../Drivers/STM32H7xx_HAL_Driver/Src/stm32h7xx_hal_flash_ex.c ****     regvalue = FLASH->WPSN_CUR2;
1324:../../Drivers/STM32H7xx_HAL_Driver/Src/stm32h7xx_hal_flash_ex.c ****   }
1325:../../Drivers/STM32H7xx_HAL_Driver/Src/stm32h7xx_hal_flash_ex.c **** #endif /* DUAL_BANK */
ARM GAS  /var/folders/2r/mdtt8xvd351gdc398t28_m2m0000gn/T//ccZQ9BPT.s 			page 29


1326:../../Drivers/STM32H7xx_HAL_Driver/Src/stm32h7xx_hal_flash_ex.c **** 
1327:../../Drivers/STM32H7xx_HAL_Driver/Src/stm32h7xx_hal_flash_ex.c ****   (*WRPSector) = (~regvalue) & FLASH_WPSN_WRPSN;
 264              		.loc 1 1327 3 is_stmt 1 view .LVU82
 265              		.loc 1 1327 19 is_stmt 0 view .LVU83
 266 000a DB43     		mvns	r3, r3
 267              	.LVL7:
 268              		.loc 1 1327 30 view .LVU84
 269 000c DBB2     		uxtb	r3, r3
 270              	.LVL8:
 271              		.loc 1 1327 16 view .LVU85
 272 000e 0B60     		str	r3, [r1]
1328:../../Drivers/STM32H7xx_HAL_Driver/Src/stm32h7xx_hal_flash_ex.c **** 
1329:../../Drivers/STM32H7xx_HAL_Driver/Src/stm32h7xx_hal_flash_ex.c ****   if(*WRPSector == 0U)
 273              		.loc 1 1329 3 is_stmt 1 view .LVU86
 274              		.loc 1 1329 5 is_stmt 0 view .LVU87
 275 0010 43B9     		cbnz	r3, .L21
1330:../../Drivers/STM32H7xx_HAL_Driver/Src/stm32h7xx_hal_flash_ex.c ****   {
1331:../../Drivers/STM32H7xx_HAL_Driver/Src/stm32h7xx_hal_flash_ex.c ****     (*WRPState) = OB_WRPSTATE_DISABLE;
 276              		.loc 1 1331 5 is_stmt 1 view .LVU88
 277              		.loc 1 1331 17 is_stmt 0 view .LVU89
 278 0012 0360     		str	r3, [r0]
 279 0014 7047     		bx	lr
 280              	.LVL9:
 281              	.L24:
1317:../../Drivers/STM32H7xx_HAL_Driver/Src/stm32h7xx_hal_flash_ex.c ****   }
 282              		.loc 1 1317 5 is_stmt 1 view .LVU90
1317:../../Drivers/STM32H7xx_HAL_Driver/Src/stm32h7xx_hal_flash_ex.c ****   }
 283              		.loc 1 1317 14 is_stmt 0 view .LVU91
 284 0016 054B     		ldr	r3, .L26
 285 0018 9B6B     		ldr	r3, [r3, #56]
 286              	.LVL10:
1321:../../Drivers/STM32H7xx_HAL_Driver/Src/stm32h7xx_hal_flash_ex.c ****   {
 287              		.loc 1 1321 3 is_stmt 1 view .LVU92
 288 001a F6E7     		b	.L20
 289              	.LVL11:
 290              	.L25:
1323:../../Drivers/STM32H7xx_HAL_Driver/Src/stm32h7xx_hal_flash_ex.c ****   }
 291              		.loc 1 1323 5 view .LVU93
1323:../../Drivers/STM32H7xx_HAL_Driver/Src/stm32h7xx_hal_flash_ex.c ****   }
 292              		.loc 1 1323 14 is_stmt 0 view .LVU94
 293 001c 034B     		ldr	r3, .L26
 294 001e D3F83831 		ldr	r3, [r3, #312]
 295              	.LVL12:
1323:../../Drivers/STM32H7xx_HAL_Driver/Src/stm32h7xx_hal_flash_ex.c ****   }
 296              		.loc 1 1323 14 view .LVU95
 297 0022 F2E7     		b	.L20
 298              	.LVL13:
 299              	.L21:
1332:../../Drivers/STM32H7xx_HAL_Driver/Src/stm32h7xx_hal_flash_ex.c ****   }
1333:../../Drivers/STM32H7xx_HAL_Driver/Src/stm32h7xx_hal_flash_ex.c ****   else
1334:../../Drivers/STM32H7xx_HAL_Driver/Src/stm32h7xx_hal_flash_ex.c ****   {
1335:../../Drivers/STM32H7xx_HAL_Driver/Src/stm32h7xx_hal_flash_ex.c ****     (*WRPState) = OB_WRPSTATE_ENABLE;
 300              		.loc 1 1335 5 is_stmt 1 view .LVU96
 301              		.loc 1 1335 17 is_stmt 0 view .LVU97
 302 0024 0123     		movs	r3, #1
 303 0026 0360     		str	r3, [r0]
1336:../../Drivers/STM32H7xx_HAL_Driver/Src/stm32h7xx_hal_flash_ex.c ****   }
ARM GAS  /var/folders/2r/mdtt8xvd351gdc398t28_m2m0000gn/T//ccZQ9BPT.s 			page 30


1337:../../Drivers/STM32H7xx_HAL_Driver/Src/stm32h7xx_hal_flash_ex.c **** }
 304              		.loc 1 1337 1 view .LVU98
 305 0028 7047     		bx	lr
 306              	.L27:
 307 002a 00BF     		.align	2
 308              	.L26:
 309 002c 00200052 		.word	1375739904
 310              		.cfi_endproc
 311              	.LFE145:
 313              		.section	.text.FLASH_OB_RDPConfig,"ax",%progbits
 314              		.align	1
 315              		.syntax unified
 316              		.thumb
 317              		.thumb_func
 319              	FLASH_OB_RDPConfig:
 320              	.LVL14:
 321              	.LFB146:
1338:../../Drivers/STM32H7xx_HAL_Driver/Src/stm32h7xx_hal_flash_ex.c **** 
1339:../../Drivers/STM32H7xx_HAL_Driver/Src/stm32h7xx_hal_flash_ex.c **** /**
1340:../../Drivers/STM32H7xx_HAL_Driver/Src/stm32h7xx_hal_flash_ex.c ****   * @brief  Set the read protection level.
1341:../../Drivers/STM32H7xx_HAL_Driver/Src/stm32h7xx_hal_flash_ex.c ****   *
1342:../../Drivers/STM32H7xx_HAL_Driver/Src/stm32h7xx_hal_flash_ex.c ****   * @note   To configure the RDP level, the option lock bit OPTLOCK must be
1343:../../Drivers/STM32H7xx_HAL_Driver/Src/stm32h7xx_hal_flash_ex.c ****   *         cleared with the call of the HAL_FLASH_OB_Unlock() function.
1344:../../Drivers/STM32H7xx_HAL_Driver/Src/stm32h7xx_hal_flash_ex.c ****   * @note   To validate the RDP level, the option bytes must be reloaded
1345:../../Drivers/STM32H7xx_HAL_Driver/Src/stm32h7xx_hal_flash_ex.c ****   *         through the call of the HAL_FLASH_OB_Launch() function.
1346:../../Drivers/STM32H7xx_HAL_Driver/Src/stm32h7xx_hal_flash_ex.c ****   * @note   !!! Warning : When enabling OB_RDP level 2 it's no more possible
1347:../../Drivers/STM32H7xx_HAL_Driver/Src/stm32h7xx_hal_flash_ex.c ****   *         to go back to level 1 or 0 !!!
1348:../../Drivers/STM32H7xx_HAL_Driver/Src/stm32h7xx_hal_flash_ex.c ****   *
1349:../../Drivers/STM32H7xx_HAL_Driver/Src/stm32h7xx_hal_flash_ex.c ****   * @param  RDPLevel specifies the read protection level.
1350:../../Drivers/STM32H7xx_HAL_Driver/Src/stm32h7xx_hal_flash_ex.c ****   *         This parameter can be one of the following values:
1351:../../Drivers/STM32H7xx_HAL_Driver/Src/stm32h7xx_hal_flash_ex.c ****   *            @arg OB_RDP_LEVEL_0: No protection
1352:../../Drivers/STM32H7xx_HAL_Driver/Src/stm32h7xx_hal_flash_ex.c ****   *            @arg OB_RDP_LEVEL_1: Read protection of the memory
1353:../../Drivers/STM32H7xx_HAL_Driver/Src/stm32h7xx_hal_flash_ex.c ****   *            @arg OB_RDP_LEVEL_2: Full chip protection
1354:../../Drivers/STM32H7xx_HAL_Driver/Src/stm32h7xx_hal_flash_ex.c ****   *
1355:../../Drivers/STM32H7xx_HAL_Driver/Src/stm32h7xx_hal_flash_ex.c ****   * @retval HAL status
1356:../../Drivers/STM32H7xx_HAL_Driver/Src/stm32h7xx_hal_flash_ex.c ****   */
1357:../../Drivers/STM32H7xx_HAL_Driver/Src/stm32h7xx_hal_flash_ex.c **** static void FLASH_OB_RDPConfig(uint32_t RDPLevel)
1358:../../Drivers/STM32H7xx_HAL_Driver/Src/stm32h7xx_hal_flash_ex.c **** {
 322              		.loc 1 1358 1 is_stmt 1 view -0
 323              		.cfi_startproc
 324              		@ args = 0, pretend = 0, frame = 0
 325              		@ frame_needed = 0, uses_anonymous_args = 0
 326              		@ link register save eliminated.
1359:../../Drivers/STM32H7xx_HAL_Driver/Src/stm32h7xx_hal_flash_ex.c ****   /* Check the parameters */
1360:../../Drivers/STM32H7xx_HAL_Driver/Src/stm32h7xx_hal_flash_ex.c ****   assert_param(IS_OB_RDP_LEVEL(RDPLevel));
 327              		.loc 1 1360 3 view .LVU100
1361:../../Drivers/STM32H7xx_HAL_Driver/Src/stm32h7xx_hal_flash_ex.c **** 
1362:../../Drivers/STM32H7xx_HAL_Driver/Src/stm32h7xx_hal_flash_ex.c ****   /* Configure the RDP level in the option bytes register */
1363:../../Drivers/STM32H7xx_HAL_Driver/Src/stm32h7xx_hal_flash_ex.c ****   MODIFY_REG(FLASH->OPTSR_PRG, FLASH_OPTSR_RDP, RDPLevel);
 328              		.loc 1 1363 3 view .LVU101
 329 0000 034A     		ldr	r2, .L29
 330 0002 136A     		ldr	r3, [r2, #32]
 331 0004 23F47F43 		bic	r3, r3, #65280
 332 0008 0343     		orrs	r3, r3, r0
 333 000a 1362     		str	r3, [r2, #32]
1364:../../Drivers/STM32H7xx_HAL_Driver/Src/stm32h7xx_hal_flash_ex.c **** }
 334              		.loc 1 1364 1 is_stmt 0 view .LVU102
ARM GAS  /var/folders/2r/mdtt8xvd351gdc398t28_m2m0000gn/T//ccZQ9BPT.s 			page 31


 335 000c 7047     		bx	lr
 336              	.L30:
 337 000e 00BF     		.align	2
 338              	.L29:
 339 0010 00200052 		.word	1375739904
 340              		.cfi_endproc
 341              	.LFE146:
 343              		.section	.text.FLASH_OB_GetRDP,"ax",%progbits
 344              		.align	1
 345              		.syntax unified
 346              		.thumb
 347              		.thumb_func
 349              	FLASH_OB_GetRDP:
 350              	.LFB147:
1365:../../Drivers/STM32H7xx_HAL_Driver/Src/stm32h7xx_hal_flash_ex.c **** 
1366:../../Drivers/STM32H7xx_HAL_Driver/Src/stm32h7xx_hal_flash_ex.c **** /**
1367:../../Drivers/STM32H7xx_HAL_Driver/Src/stm32h7xx_hal_flash_ex.c ****   * @brief  Get the read protection level.
1368:../../Drivers/STM32H7xx_HAL_Driver/Src/stm32h7xx_hal_flash_ex.c ****   * @retval RDPLevel specifies the read protection level.
1369:../../Drivers/STM32H7xx_HAL_Driver/Src/stm32h7xx_hal_flash_ex.c ****   *         This return value can be one of the following values:
1370:../../Drivers/STM32H7xx_HAL_Driver/Src/stm32h7xx_hal_flash_ex.c ****   *            @arg OB_RDP_LEVEL_0: No protection
1371:../../Drivers/STM32H7xx_HAL_Driver/Src/stm32h7xx_hal_flash_ex.c ****   *            @arg OB_RDP_LEVEL_1: Read protection of the memory
1372:../../Drivers/STM32H7xx_HAL_Driver/Src/stm32h7xx_hal_flash_ex.c ****   *            @arg OB_RDP_LEVEL_2: Full chip protection
1373:../../Drivers/STM32H7xx_HAL_Driver/Src/stm32h7xx_hal_flash_ex.c ****   */
1374:../../Drivers/STM32H7xx_HAL_Driver/Src/stm32h7xx_hal_flash_ex.c **** static uint32_t FLASH_OB_GetRDP(void)
1375:../../Drivers/STM32H7xx_HAL_Driver/Src/stm32h7xx_hal_flash_ex.c **** {
 351              		.loc 1 1375 1 is_stmt 1 view -0
 352              		.cfi_startproc
 353              		@ args = 0, pretend = 0, frame = 0
 354              		@ frame_needed = 0, uses_anonymous_args = 0
 355              		@ link register save eliminated.
1376:../../Drivers/STM32H7xx_HAL_Driver/Src/stm32h7xx_hal_flash_ex.c ****   uint32_t rdp_level = READ_BIT(FLASH->OPTSR_CUR, FLASH_OPTSR_RDP);
 356              		.loc 1 1376 3 view .LVU104
 357              		.loc 1 1376 24 is_stmt 0 view .LVU105
 358 0000 064B     		ldr	r3, .L34
 359 0002 D869     		ldr	r0, [r3, #28]
 360              		.loc 1 1376 12 view .LVU106
 361 0004 00F47F40 		and	r0, r0, #65280
 362              	.LVL15:
1377:../../Drivers/STM32H7xx_HAL_Driver/Src/stm32h7xx_hal_flash_ex.c ****   
1378:../../Drivers/STM32H7xx_HAL_Driver/Src/stm32h7xx_hal_flash_ex.c ****   if ((rdp_level != OB_RDP_LEVEL_0) && (rdp_level != OB_RDP_LEVEL_2))
 363              		.loc 1 1378 3 is_stmt 1 view .LVU107
 364              		.loc 1 1378 6 is_stmt 0 view .LVU108
 365 0008 B0F52A4F 		cmp	r0, #43520
 366 000c 04D0     		beq	.L31
 367              		.loc 1 1378 37 discriminator 1 view .LVU109
 368 000e B0F54C4F 		cmp	r0, #52224
 369 0012 01D0     		beq	.L31
1379:../../Drivers/STM32H7xx_HAL_Driver/Src/stm32h7xx_hal_flash_ex.c ****   {
1380:../../Drivers/STM32H7xx_HAL_Driver/Src/stm32h7xx_hal_flash_ex.c ****     return (OB_RDP_LEVEL_1);
 370              		.loc 1 1380 12 view .LVU110
 371 0014 4FF4AA40 		mov	r0, #21760
 372              	.LVL16:
 373              	.L31:
1381:../../Drivers/STM32H7xx_HAL_Driver/Src/stm32h7xx_hal_flash_ex.c ****   }
1382:../../Drivers/STM32H7xx_HAL_Driver/Src/stm32h7xx_hal_flash_ex.c ****   else
1383:../../Drivers/STM32H7xx_HAL_Driver/Src/stm32h7xx_hal_flash_ex.c ****   {
1384:../../Drivers/STM32H7xx_HAL_Driver/Src/stm32h7xx_hal_flash_ex.c ****     return rdp_level;
ARM GAS  /var/folders/2r/mdtt8xvd351gdc398t28_m2m0000gn/T//ccZQ9BPT.s 			page 32


1385:../../Drivers/STM32H7xx_HAL_Driver/Src/stm32h7xx_hal_flash_ex.c ****   }
1386:../../Drivers/STM32H7xx_HAL_Driver/Src/stm32h7xx_hal_flash_ex.c **** }
 374              		.loc 1 1386 1 view .LVU111
 375 0018 7047     		bx	lr
 376              	.L35:
 377 001a 00BF     		.align	2
 378              	.L34:
 379 001c 00200052 		.word	1375739904
 380              		.cfi_endproc
 381              	.LFE147:
 383              		.section	.text.FLASH_OB_UserConfig,"ax",%progbits
 384              		.align	1
 385              		.syntax unified
 386              		.thumb
 387              		.thumb_func
 389              	FLASH_OB_UserConfig:
 390              	.LVL17:
 391              	.LFB148:
1387:../../Drivers/STM32H7xx_HAL_Driver/Src/stm32h7xx_hal_flash_ex.c **** 
1388:../../Drivers/STM32H7xx_HAL_Driver/Src/stm32h7xx_hal_flash_ex.c **** #if defined(DUAL_CORE)
1389:../../Drivers/STM32H7xx_HAL_Driver/Src/stm32h7xx_hal_flash_ex.c **** /**
1390:../../Drivers/STM32H7xx_HAL_Driver/Src/stm32h7xx_hal_flash_ex.c ****   * @brief  Program the FLASH User Option Byte.
1391:../../Drivers/STM32H7xx_HAL_Driver/Src/stm32h7xx_hal_flash_ex.c ****   *
1392:../../Drivers/STM32H7xx_HAL_Driver/Src/stm32h7xx_hal_flash_ex.c ****   * @note   To configure the user option bytes, the option lock bit OPTLOCK must
1393:../../Drivers/STM32H7xx_HAL_Driver/Src/stm32h7xx_hal_flash_ex.c ****   *         be cleared with the call of the HAL_FLASH_OB_Unlock() function.
1394:../../Drivers/STM32H7xx_HAL_Driver/Src/stm32h7xx_hal_flash_ex.c ****   *
1395:../../Drivers/STM32H7xx_HAL_Driver/Src/stm32h7xx_hal_flash_ex.c ****   * @note   To validate the user option bytes, the option bytes must be reloaded
1396:../../Drivers/STM32H7xx_HAL_Driver/Src/stm32h7xx_hal_flash_ex.c ****   *         through the call of the HAL_FLASH_OB_Launch() function.
1397:../../Drivers/STM32H7xx_HAL_Driver/Src/stm32h7xx_hal_flash_ex.c ****   *
1398:../../Drivers/STM32H7xx_HAL_Driver/Src/stm32h7xx_hal_flash_ex.c ****   * @param  UserType The FLASH User Option Bytes to be modified :
1399:../../Drivers/STM32H7xx_HAL_Driver/Src/stm32h7xx_hal_flash_ex.c ****   *                   a combination of @ref FLASHEx_OB_USER_Type
1400:../../Drivers/STM32H7xx_HAL_Driver/Src/stm32h7xx_hal_flash_ex.c ****   *
1401:../../Drivers/STM32H7xx_HAL_Driver/Src/stm32h7xx_hal_flash_ex.c ****   * @param  UserConfig The FLASH User Option Bytes values:
1402:../../Drivers/STM32H7xx_HAL_Driver/Src/stm32h7xx_hal_flash_ex.c ****   *         IWDG1_SW(Bit4), IWDG2_SW(Bit 5), nRST_STOP_D1(Bit 6), nRST_STDY_D1(Bit 7),
1403:../../Drivers/STM32H7xx_HAL_Driver/Src/stm32h7xx_hal_flash_ex.c ****   *         FZ_IWDG_STOP(Bit 17), FZ_IWDG_SDBY(Bit 18), ST_RAM_SIZE(Bit[19:20]),
1404:../../Drivers/STM32H7xx_HAL_Driver/Src/stm32h7xx_hal_flash_ex.c ****   *         SECURITY(Bit 21), BCM4(Bit 22), BCM7(Bit 23), nRST_STOP_D2(Bit 24),
1405:../../Drivers/STM32H7xx_HAL_Driver/Src/stm32h7xx_hal_flash_ex.c ****   *         nRST_STDY_D2(Bit 25), IO_HSLV (Bit 29) and SWAP_BANK_OPT(Bit 31).
1406:../../Drivers/STM32H7xx_HAL_Driver/Src/stm32h7xx_hal_flash_ex.c ****   *
1407:../../Drivers/STM32H7xx_HAL_Driver/Src/stm32h7xx_hal_flash_ex.c ****   * @retval HAL status
1408:../../Drivers/STM32H7xx_HAL_Driver/Src/stm32h7xx_hal_flash_ex.c ****   */
1409:../../Drivers/STM32H7xx_HAL_Driver/Src/stm32h7xx_hal_flash_ex.c **** #else
1410:../../Drivers/STM32H7xx_HAL_Driver/Src/stm32h7xx_hal_flash_ex.c **** /**
1411:../../Drivers/STM32H7xx_HAL_Driver/Src/stm32h7xx_hal_flash_ex.c ****   * @brief  Program the FLASH User Option Byte.
1412:../../Drivers/STM32H7xx_HAL_Driver/Src/stm32h7xx_hal_flash_ex.c ****   *
1413:../../Drivers/STM32H7xx_HAL_Driver/Src/stm32h7xx_hal_flash_ex.c ****   * @note   To configure the user option bytes, the option lock bit OPTLOCK must
1414:../../Drivers/STM32H7xx_HAL_Driver/Src/stm32h7xx_hal_flash_ex.c ****   *         be cleared with the call of the HAL_FLASH_OB_Unlock() function.
1415:../../Drivers/STM32H7xx_HAL_Driver/Src/stm32h7xx_hal_flash_ex.c ****   *
1416:../../Drivers/STM32H7xx_HAL_Driver/Src/stm32h7xx_hal_flash_ex.c ****   * @note   To validate the user option bytes, the option bytes must be reloaded
1417:../../Drivers/STM32H7xx_HAL_Driver/Src/stm32h7xx_hal_flash_ex.c ****   *         through the call of the HAL_FLASH_OB_Launch() function.
1418:../../Drivers/STM32H7xx_HAL_Driver/Src/stm32h7xx_hal_flash_ex.c ****   *
1419:../../Drivers/STM32H7xx_HAL_Driver/Src/stm32h7xx_hal_flash_ex.c ****   * @param  UserType The FLASH User Option Bytes to be modified :
1420:../../Drivers/STM32H7xx_HAL_Driver/Src/stm32h7xx_hal_flash_ex.c ****   *                   a combination of @arg FLASHEx_OB_USER_Type
1421:../../Drivers/STM32H7xx_HAL_Driver/Src/stm32h7xx_hal_flash_ex.c ****   *
1422:../../Drivers/STM32H7xx_HAL_Driver/Src/stm32h7xx_hal_flash_ex.c ****   * @param  UserConfig The FLASH User Option Bytes values:
1423:../../Drivers/STM32H7xx_HAL_Driver/Src/stm32h7xx_hal_flash_ex.c ****   *         IWDG_SW(Bit4), nRST_STOP_D1(Bit 6), nRST_STDY_D1(Bit 7),
1424:../../Drivers/STM32H7xx_HAL_Driver/Src/stm32h7xx_hal_flash_ex.c ****   *         FZ_IWDG_STOP(Bit 17), FZ_IWDG_SDBY(Bit 18), ST_RAM_SIZE(Bit[19:20]),
1425:../../Drivers/STM32H7xx_HAL_Driver/Src/stm32h7xx_hal_flash_ex.c ****   *         SECURITY(Bit 21), IO_HSLV (Bit 29) and SWAP_BANK_OPT(Bit 31).
ARM GAS  /var/folders/2r/mdtt8xvd351gdc398t28_m2m0000gn/T//ccZQ9BPT.s 			page 33


1426:../../Drivers/STM32H7xx_HAL_Driver/Src/stm32h7xx_hal_flash_ex.c ****   *
1427:../../Drivers/STM32H7xx_HAL_Driver/Src/stm32h7xx_hal_flash_ex.c ****   * @retval HAL status
1428:../../Drivers/STM32H7xx_HAL_Driver/Src/stm32h7xx_hal_flash_ex.c ****   */
1429:../../Drivers/STM32H7xx_HAL_Driver/Src/stm32h7xx_hal_flash_ex.c **** #endif /*DUAL_CORE*/
1430:../../Drivers/STM32H7xx_HAL_Driver/Src/stm32h7xx_hal_flash_ex.c **** static void FLASH_OB_UserConfig(uint32_t UserType, uint32_t UserConfig)
1431:../../Drivers/STM32H7xx_HAL_Driver/Src/stm32h7xx_hal_flash_ex.c **** {
 392              		.loc 1 1431 1 is_stmt 1 view -0
 393              		.cfi_startproc
 394              		@ args = 0, pretend = 0, frame = 0
 395              		@ frame_needed = 0, uses_anonymous_args = 0
 396              		.loc 1 1431 1 is_stmt 0 view .LVU113
 397 0000 00B5     		push	{lr}
 398              	.LCFI0:
 399              		.cfi_def_cfa_offset 4
 400              		.cfi_offset 14, -4
1432:../../Drivers/STM32H7xx_HAL_Driver/Src/stm32h7xx_hal_flash_ex.c ****   uint32_t optr_reg_val = 0;
 401              		.loc 1 1432 3 is_stmt 1 view .LVU114
 402              	.LVL18:
1433:../../Drivers/STM32H7xx_HAL_Driver/Src/stm32h7xx_hal_flash_ex.c ****   uint32_t optr_reg_mask = 0;
 403              		.loc 1 1433 3 view .LVU115
1434:../../Drivers/STM32H7xx_HAL_Driver/Src/stm32h7xx_hal_flash_ex.c **** 
1435:../../Drivers/STM32H7xx_HAL_Driver/Src/stm32h7xx_hal_flash_ex.c ****   /* Check the parameters */
1436:../../Drivers/STM32H7xx_HAL_Driver/Src/stm32h7xx_hal_flash_ex.c ****   assert_param(IS_OB_USER_TYPE(UserType));
 404              		.loc 1 1436 3 view .LVU116
1437:../../Drivers/STM32H7xx_HAL_Driver/Src/stm32h7xx_hal_flash_ex.c **** 
1438:../../Drivers/STM32H7xx_HAL_Driver/Src/stm32h7xx_hal_flash_ex.c ****   if((UserType & OB_USER_IWDG1_SW) != 0U)
 405              		.loc 1 1438 3 view .LVU117
 406              		.loc 1 1438 5 is_stmt 0 view .LVU118
 407 0002 10F0010C 		ands	ip, r0, #1
 408 0006 00F08180 		beq	.L51
1439:../../Drivers/STM32H7xx_HAL_Driver/Src/stm32h7xx_hal_flash_ex.c ****   {
1440:../../Drivers/STM32H7xx_HAL_Driver/Src/stm32h7xx_hal_flash_ex.c ****     /* IWDG_HW option byte should be modified */
1441:../../Drivers/STM32H7xx_HAL_Driver/Src/stm32h7xx_hal_flash_ex.c ****     assert_param(IS_OB_IWDG1_SOURCE(UserConfig & FLASH_OPTSR_IWDG1_SW));
 409              		.loc 1 1441 5 is_stmt 1 view .LVU119
1442:../../Drivers/STM32H7xx_HAL_Driver/Src/stm32h7xx_hal_flash_ex.c **** 
1443:../../Drivers/STM32H7xx_HAL_Driver/Src/stm32h7xx_hal_flash_ex.c ****     /* Set value and mask for IWDG_HW option byte */
1444:../../Drivers/STM32H7xx_HAL_Driver/Src/stm32h7xx_hal_flash_ex.c ****     optr_reg_val |= (UserConfig & FLASH_OPTSR_IWDG1_SW);
 410              		.loc 1 1444 5 view .LVU120
 411              		.loc 1 1444 33 is_stmt 0 view .LVU121
 412 000a 01F0100C 		and	ip, r1, #16
 413              	.LVL19:
1445:../../Drivers/STM32H7xx_HAL_Driver/Src/stm32h7xx_hal_flash_ex.c ****     optr_reg_mask |= FLASH_OPTSR_IWDG1_SW;
 414              		.loc 1 1445 5 is_stmt 1 view .LVU122
 415              		.loc 1 1445 19 is_stmt 0 view .LVU123
 416 000e 4FF0100E 		mov	lr, #16
 417              	.LVL20:
 418              	.L37:
1446:../../Drivers/STM32H7xx_HAL_Driver/Src/stm32h7xx_hal_flash_ex.c ****   }
1447:../../Drivers/STM32H7xx_HAL_Driver/Src/stm32h7xx_hal_flash_ex.c **** #if defined(DUAL_CORE)
1448:../../Drivers/STM32H7xx_HAL_Driver/Src/stm32h7xx_hal_flash_ex.c ****   if((UserType & OB_USER_IWDG2_SW) != 0U)
 419              		.loc 1 1448 3 is_stmt 1 view .LVU124
 420              		.loc 1 1448 5 is_stmt 0 view .LVU125
 421 0012 10F4007F 		tst	r0, #512
 422 0016 05D0     		beq	.L38
1449:../../Drivers/STM32H7xx_HAL_Driver/Src/stm32h7xx_hal_flash_ex.c ****   {
1450:../../Drivers/STM32H7xx_HAL_Driver/Src/stm32h7xx_hal_flash_ex.c ****     /* IWDG2_SW option byte should be modified */
1451:../../Drivers/STM32H7xx_HAL_Driver/Src/stm32h7xx_hal_flash_ex.c ****     assert_param(IS_OB_IWDG2_SOURCE(UserConfig & FLASH_OPTSR_IWDG2_SW));
ARM GAS  /var/folders/2r/mdtt8xvd351gdc398t28_m2m0000gn/T//ccZQ9BPT.s 			page 34


 423              		.loc 1 1451 5 is_stmt 1 view .LVU126
1452:../../Drivers/STM32H7xx_HAL_Driver/Src/stm32h7xx_hal_flash_ex.c **** 
1453:../../Drivers/STM32H7xx_HAL_Driver/Src/stm32h7xx_hal_flash_ex.c ****     /* Set value and mask for IWDG2_SW option byte */
1454:../../Drivers/STM32H7xx_HAL_Driver/Src/stm32h7xx_hal_flash_ex.c ****     optr_reg_val |= (UserConfig & FLASH_OPTSR_IWDG2_SW);
 424              		.loc 1 1454 5 view .LVU127
 425              		.loc 1 1454 33 is_stmt 0 view .LVU128
 426 0018 01F02003 		and	r3, r1, #32
 427              		.loc 1 1454 18 view .LVU129
 428 001c 4CEA030C 		orr	ip, ip, r3
 429              	.LVL21:
1455:../../Drivers/STM32H7xx_HAL_Driver/Src/stm32h7xx_hal_flash_ex.c ****     optr_reg_mask |= FLASH_OPTSR_IWDG2_SW;
 430              		.loc 1 1455 5 is_stmt 1 view .LVU130
 431              		.loc 1 1455 19 is_stmt 0 view .LVU131
 432 0020 4EF0200E 		orr	lr, lr, #32
 433              	.LVL22:
 434              	.L38:
1456:../../Drivers/STM32H7xx_HAL_Driver/Src/stm32h7xx_hal_flash_ex.c ****   }
1457:../../Drivers/STM32H7xx_HAL_Driver/Src/stm32h7xx_hal_flash_ex.c **** #endif /*DUAL_CORE*/
1458:../../Drivers/STM32H7xx_HAL_Driver/Src/stm32h7xx_hal_flash_ex.c ****   if((UserType & OB_USER_NRST_STOP_D1) != 0U)
 435              		.loc 1 1458 3 is_stmt 1 view .LVU132
 436              		.loc 1 1458 5 is_stmt 0 view .LVU133
 437 0024 10F0020F 		tst	r0, #2
 438 0028 05D0     		beq	.L39
1459:../../Drivers/STM32H7xx_HAL_Driver/Src/stm32h7xx_hal_flash_ex.c ****   {
1460:../../Drivers/STM32H7xx_HAL_Driver/Src/stm32h7xx_hal_flash_ex.c ****     /* NRST_STOP option byte should be modified */
1461:../../Drivers/STM32H7xx_HAL_Driver/Src/stm32h7xx_hal_flash_ex.c ****     assert_param(IS_OB_STOP_D1_RESET(UserConfig & FLASH_OPTSR_NRST_STOP_D1));
 439              		.loc 1 1461 5 is_stmt 1 view .LVU134
1462:../../Drivers/STM32H7xx_HAL_Driver/Src/stm32h7xx_hal_flash_ex.c **** 
1463:../../Drivers/STM32H7xx_HAL_Driver/Src/stm32h7xx_hal_flash_ex.c ****     /* Set value and mask for NRST_STOP option byte */
1464:../../Drivers/STM32H7xx_HAL_Driver/Src/stm32h7xx_hal_flash_ex.c ****     optr_reg_val |= (UserConfig & FLASH_OPTSR_NRST_STOP_D1);
 440              		.loc 1 1464 5 view .LVU135
 441              		.loc 1 1464 33 is_stmt 0 view .LVU136
 442 002a 01F04003 		and	r3, r1, #64
 443              		.loc 1 1464 18 view .LVU137
 444 002e 4CEA030C 		orr	ip, ip, r3
 445              	.LVL23:
1465:../../Drivers/STM32H7xx_HAL_Driver/Src/stm32h7xx_hal_flash_ex.c ****     optr_reg_mask |= FLASH_OPTSR_NRST_STOP_D1;
 446              		.loc 1 1465 5 is_stmt 1 view .LVU138
 447              		.loc 1 1465 19 is_stmt 0 view .LVU139
 448 0032 4EF0400E 		orr	lr, lr, #64
 449              	.LVL24:
 450              	.L39:
1466:../../Drivers/STM32H7xx_HAL_Driver/Src/stm32h7xx_hal_flash_ex.c ****   }
1467:../../Drivers/STM32H7xx_HAL_Driver/Src/stm32h7xx_hal_flash_ex.c **** 
1468:../../Drivers/STM32H7xx_HAL_Driver/Src/stm32h7xx_hal_flash_ex.c ****   if((UserType & OB_USER_NRST_STDBY_D1) != 0U)
 451              		.loc 1 1468 3 is_stmt 1 view .LVU140
 452              		.loc 1 1468 5 is_stmt 0 view .LVU141
 453 0036 10F0040F 		tst	r0, #4
 454 003a 05D0     		beq	.L40
1469:../../Drivers/STM32H7xx_HAL_Driver/Src/stm32h7xx_hal_flash_ex.c ****   {
1470:../../Drivers/STM32H7xx_HAL_Driver/Src/stm32h7xx_hal_flash_ex.c ****     /* NRST_STDBY option byte should be modified */
1471:../../Drivers/STM32H7xx_HAL_Driver/Src/stm32h7xx_hal_flash_ex.c ****     assert_param(IS_OB_STDBY_D1_RESET(UserConfig & FLASH_OPTSR_NRST_STBY_D1));
 455              		.loc 1 1471 5 is_stmt 1 view .LVU142
1472:../../Drivers/STM32H7xx_HAL_Driver/Src/stm32h7xx_hal_flash_ex.c **** 
1473:../../Drivers/STM32H7xx_HAL_Driver/Src/stm32h7xx_hal_flash_ex.c ****     /* Set value and mask for NRST_STDBY option byte */
1474:../../Drivers/STM32H7xx_HAL_Driver/Src/stm32h7xx_hal_flash_ex.c ****     optr_reg_val |= (UserConfig & FLASH_OPTSR_NRST_STBY_D1);
 456              		.loc 1 1474 5 view .LVU143
ARM GAS  /var/folders/2r/mdtt8xvd351gdc398t28_m2m0000gn/T//ccZQ9BPT.s 			page 35


 457              		.loc 1 1474 33 is_stmt 0 view .LVU144
 458 003c 01F08003 		and	r3, r1, #128
 459              		.loc 1 1474 18 view .LVU145
 460 0040 4CEA030C 		orr	ip, ip, r3
 461              	.LVL25:
1475:../../Drivers/STM32H7xx_HAL_Driver/Src/stm32h7xx_hal_flash_ex.c ****     optr_reg_mask |= FLASH_OPTSR_NRST_STBY_D1;
 462              		.loc 1 1475 5 is_stmt 1 view .LVU146
 463              		.loc 1 1475 19 is_stmt 0 view .LVU147
 464 0044 4EF0800E 		orr	lr, lr, #128
 465              	.LVL26:
 466              	.L40:
1476:../../Drivers/STM32H7xx_HAL_Driver/Src/stm32h7xx_hal_flash_ex.c ****   }
1477:../../Drivers/STM32H7xx_HAL_Driver/Src/stm32h7xx_hal_flash_ex.c **** 
1478:../../Drivers/STM32H7xx_HAL_Driver/Src/stm32h7xx_hal_flash_ex.c ****   if((UserType & OB_USER_IWDG_STOP) != 0U)
 467              		.loc 1 1478 3 is_stmt 1 view .LVU148
 468              		.loc 1 1478 5 is_stmt 0 view .LVU149
 469 0048 10F0080F 		tst	r0, #8
 470 004c 05D0     		beq	.L41
1479:../../Drivers/STM32H7xx_HAL_Driver/Src/stm32h7xx_hal_flash_ex.c ****   {
1480:../../Drivers/STM32H7xx_HAL_Driver/Src/stm32h7xx_hal_flash_ex.c ****     /* IWDG_STOP option byte should be modified */
1481:../../Drivers/STM32H7xx_HAL_Driver/Src/stm32h7xx_hal_flash_ex.c ****     assert_param(IS_OB_USER_IWDG_STOP(UserConfig & FLASH_OPTSR_FZ_IWDG_STOP));
 471              		.loc 1 1481 5 is_stmt 1 view .LVU150
1482:../../Drivers/STM32H7xx_HAL_Driver/Src/stm32h7xx_hal_flash_ex.c **** 
1483:../../Drivers/STM32H7xx_HAL_Driver/Src/stm32h7xx_hal_flash_ex.c ****     /* Set value and mask for IWDG_STOP option byte */
1484:../../Drivers/STM32H7xx_HAL_Driver/Src/stm32h7xx_hal_flash_ex.c ****     optr_reg_val |= (UserConfig & FLASH_OPTSR_FZ_IWDG_STOP);
 472              		.loc 1 1484 5 view .LVU151
 473              		.loc 1 1484 33 is_stmt 0 view .LVU152
 474 004e 01F40033 		and	r3, r1, #131072
 475              		.loc 1 1484 18 view .LVU153
 476 0052 4CEA030C 		orr	ip, ip, r3
 477              	.LVL27:
1485:../../Drivers/STM32H7xx_HAL_Driver/Src/stm32h7xx_hal_flash_ex.c ****     optr_reg_mask |= FLASH_OPTSR_FZ_IWDG_STOP;
 478              		.loc 1 1485 5 is_stmt 1 view .LVU154
 479              		.loc 1 1485 19 is_stmt 0 view .LVU155
 480 0056 4EF4003E 		orr	lr, lr, #131072
 481              	.LVL28:
 482              	.L41:
1486:../../Drivers/STM32H7xx_HAL_Driver/Src/stm32h7xx_hal_flash_ex.c ****   }
1487:../../Drivers/STM32H7xx_HAL_Driver/Src/stm32h7xx_hal_flash_ex.c **** 
1488:../../Drivers/STM32H7xx_HAL_Driver/Src/stm32h7xx_hal_flash_ex.c ****   if((UserType & OB_USER_IWDG_STDBY) != 0U)
 483              		.loc 1 1488 3 is_stmt 1 view .LVU156
 484              		.loc 1 1488 5 is_stmt 0 view .LVU157
 485 005a 10F0100F 		tst	r0, #16
 486 005e 05D0     		beq	.L42
1489:../../Drivers/STM32H7xx_HAL_Driver/Src/stm32h7xx_hal_flash_ex.c ****   {
1490:../../Drivers/STM32H7xx_HAL_Driver/Src/stm32h7xx_hal_flash_ex.c ****     /* IWDG_STDBY option byte should be modified */
1491:../../Drivers/STM32H7xx_HAL_Driver/Src/stm32h7xx_hal_flash_ex.c ****     assert_param(IS_OB_USER_IWDG_STDBY(UserConfig & FLASH_OPTSR_FZ_IWDG_SDBY));
 487              		.loc 1 1491 5 is_stmt 1 view .LVU158
1492:../../Drivers/STM32H7xx_HAL_Driver/Src/stm32h7xx_hal_flash_ex.c **** 
1493:../../Drivers/STM32H7xx_HAL_Driver/Src/stm32h7xx_hal_flash_ex.c ****     /* Set value and mask for IWDG_STDBY option byte */
1494:../../Drivers/STM32H7xx_HAL_Driver/Src/stm32h7xx_hal_flash_ex.c ****     optr_reg_val |= (UserConfig & FLASH_OPTSR_FZ_IWDG_SDBY);
 488              		.loc 1 1494 5 view .LVU159
 489              		.loc 1 1494 33 is_stmt 0 view .LVU160
 490 0060 01F48023 		and	r3, r1, #262144
 491              		.loc 1 1494 18 view .LVU161
 492 0064 4CEA030C 		orr	ip, ip, r3
 493              	.LVL29:
ARM GAS  /var/folders/2r/mdtt8xvd351gdc398t28_m2m0000gn/T//ccZQ9BPT.s 			page 36


1495:../../Drivers/STM32H7xx_HAL_Driver/Src/stm32h7xx_hal_flash_ex.c ****     optr_reg_mask |= FLASH_OPTSR_FZ_IWDG_SDBY;
 494              		.loc 1 1495 5 is_stmt 1 view .LVU162
 495              		.loc 1 1495 19 is_stmt 0 view .LVU163
 496 0068 4EF4802E 		orr	lr, lr, #262144
 497              	.LVL30:
 498              	.L42:
1496:../../Drivers/STM32H7xx_HAL_Driver/Src/stm32h7xx_hal_flash_ex.c ****   }
1497:../../Drivers/STM32H7xx_HAL_Driver/Src/stm32h7xx_hal_flash_ex.c **** 
1498:../../Drivers/STM32H7xx_HAL_Driver/Src/stm32h7xx_hal_flash_ex.c ****   if((UserType & OB_USER_ST_RAM_SIZE) != 0U)
 499              		.loc 1 1498 3 is_stmt 1 view .LVU164
 500              		.loc 1 1498 5 is_stmt 0 view .LVU165
 501 006c 10F0200F 		tst	r0, #32
 502 0070 05D0     		beq	.L43
1499:../../Drivers/STM32H7xx_HAL_Driver/Src/stm32h7xx_hal_flash_ex.c ****   {
1500:../../Drivers/STM32H7xx_HAL_Driver/Src/stm32h7xx_hal_flash_ex.c ****     /* ST_RAM_SIZE option byte should be modified */
1501:../../Drivers/STM32H7xx_HAL_Driver/Src/stm32h7xx_hal_flash_ex.c ****     assert_param(IS_OB_USER_ST_RAM_SIZE(UserConfig & FLASH_OPTSR_ST_RAM_SIZE));
 503              		.loc 1 1501 5 is_stmt 1 view .LVU166
1502:../../Drivers/STM32H7xx_HAL_Driver/Src/stm32h7xx_hal_flash_ex.c **** 
1503:../../Drivers/STM32H7xx_HAL_Driver/Src/stm32h7xx_hal_flash_ex.c ****     /* Set value and mask for ST_RAM_SIZE option byte */
1504:../../Drivers/STM32H7xx_HAL_Driver/Src/stm32h7xx_hal_flash_ex.c ****     optr_reg_val |= (UserConfig & FLASH_OPTSR_ST_RAM_SIZE);
 504              		.loc 1 1504 5 view .LVU167
 505              		.loc 1 1504 33 is_stmt 0 view .LVU168
 506 0072 01F4C013 		and	r3, r1, #1572864
 507              		.loc 1 1504 18 view .LVU169
 508 0076 4CEA030C 		orr	ip, ip, r3
 509              	.LVL31:
1505:../../Drivers/STM32H7xx_HAL_Driver/Src/stm32h7xx_hal_flash_ex.c ****     optr_reg_mask |= FLASH_OPTSR_ST_RAM_SIZE;
 510              		.loc 1 1505 5 is_stmt 1 view .LVU170
 511              		.loc 1 1505 19 is_stmt 0 view .LVU171
 512 007a 4EF4C01E 		orr	lr, lr, #1572864
 513              	.LVL32:
 514              	.L43:
1506:../../Drivers/STM32H7xx_HAL_Driver/Src/stm32h7xx_hal_flash_ex.c ****   }
1507:../../Drivers/STM32H7xx_HAL_Driver/Src/stm32h7xx_hal_flash_ex.c **** 
1508:../../Drivers/STM32H7xx_HAL_Driver/Src/stm32h7xx_hal_flash_ex.c ****   if((UserType & OB_USER_SECURITY) != 0U)
 515              		.loc 1 1508 3 is_stmt 1 view .LVU172
 516              		.loc 1 1508 5 is_stmt 0 view .LVU173
 517 007e 10F0400F 		tst	r0, #64
 518 0082 05D0     		beq	.L44
1509:../../Drivers/STM32H7xx_HAL_Driver/Src/stm32h7xx_hal_flash_ex.c ****   {
1510:../../Drivers/STM32H7xx_HAL_Driver/Src/stm32h7xx_hal_flash_ex.c ****     /* SECURITY option byte should be modified */
1511:../../Drivers/STM32H7xx_HAL_Driver/Src/stm32h7xx_hal_flash_ex.c ****     assert_param(IS_OB_USER_SECURITY(UserConfig & FLASH_OPTSR_SECURITY));
 519              		.loc 1 1511 5 is_stmt 1 view .LVU174
1512:../../Drivers/STM32H7xx_HAL_Driver/Src/stm32h7xx_hal_flash_ex.c **** 
1513:../../Drivers/STM32H7xx_HAL_Driver/Src/stm32h7xx_hal_flash_ex.c ****     /* Set value and mask for SECURITY option byte */
1514:../../Drivers/STM32H7xx_HAL_Driver/Src/stm32h7xx_hal_flash_ex.c ****     optr_reg_val |= (UserConfig & FLASH_OPTSR_SECURITY);
 520              		.loc 1 1514 5 view .LVU175
 521              		.loc 1 1514 33 is_stmt 0 view .LVU176
 522 0084 01F40013 		and	r3, r1, #2097152
 523              		.loc 1 1514 18 view .LVU177
 524 0088 4CEA030C 		orr	ip, ip, r3
 525              	.LVL33:
1515:../../Drivers/STM32H7xx_HAL_Driver/Src/stm32h7xx_hal_flash_ex.c ****     optr_reg_mask |= FLASH_OPTSR_SECURITY;
 526              		.loc 1 1515 5 is_stmt 1 view .LVU178
 527              		.loc 1 1515 19 is_stmt 0 view .LVU179
 528 008c 4EF4001E 		orr	lr, lr, #2097152
 529              	.LVL34:
ARM GAS  /var/folders/2r/mdtt8xvd351gdc398t28_m2m0000gn/T//ccZQ9BPT.s 			page 37


 530              	.L44:
1516:../../Drivers/STM32H7xx_HAL_Driver/Src/stm32h7xx_hal_flash_ex.c ****   }
1517:../../Drivers/STM32H7xx_HAL_Driver/Src/stm32h7xx_hal_flash_ex.c **** 
1518:../../Drivers/STM32H7xx_HAL_Driver/Src/stm32h7xx_hal_flash_ex.c **** #if defined(DUAL_CORE)
1519:../../Drivers/STM32H7xx_HAL_Driver/Src/stm32h7xx_hal_flash_ex.c ****   if((UserType & OB_USER_BCM4) != 0U)
 531              		.loc 1 1519 3 is_stmt 1 view .LVU180
 532              		.loc 1 1519 5 is_stmt 0 view .LVU181
 533 0090 10F4806F 		tst	r0, #1024
 534 0094 05D0     		beq	.L45
1520:../../Drivers/STM32H7xx_HAL_Driver/Src/stm32h7xx_hal_flash_ex.c ****   {
1521:../../Drivers/STM32H7xx_HAL_Driver/Src/stm32h7xx_hal_flash_ex.c ****     /* BCM4 option byte should be modified */
1522:../../Drivers/STM32H7xx_HAL_Driver/Src/stm32h7xx_hal_flash_ex.c ****     assert_param(IS_OB_USER_BCM4(UserConfig & FLASH_OPTSR_BCM4));
 535              		.loc 1 1522 5 is_stmt 1 view .LVU182
1523:../../Drivers/STM32H7xx_HAL_Driver/Src/stm32h7xx_hal_flash_ex.c **** 
1524:../../Drivers/STM32H7xx_HAL_Driver/Src/stm32h7xx_hal_flash_ex.c ****     /* Set value and mask for BCM4 option byte */
1525:../../Drivers/STM32H7xx_HAL_Driver/Src/stm32h7xx_hal_flash_ex.c ****     optr_reg_val |= (UserConfig & FLASH_OPTSR_BCM4);
 536              		.loc 1 1525 5 view .LVU183
 537              		.loc 1 1525 33 is_stmt 0 view .LVU184
 538 0096 01F48003 		and	r3, r1, #4194304
 539              		.loc 1 1525 18 view .LVU185
 540 009a 4CEA030C 		orr	ip, ip, r3
 541              	.LVL35:
1526:../../Drivers/STM32H7xx_HAL_Driver/Src/stm32h7xx_hal_flash_ex.c ****     optr_reg_mask |= FLASH_OPTSR_BCM4;
 542              		.loc 1 1526 5 is_stmt 1 view .LVU186
 543              		.loc 1 1526 19 is_stmt 0 view .LVU187
 544 009e 4EF4800E 		orr	lr, lr, #4194304
 545              	.LVL36:
 546              	.L45:
1527:../../Drivers/STM32H7xx_HAL_Driver/Src/stm32h7xx_hal_flash_ex.c ****   }
1528:../../Drivers/STM32H7xx_HAL_Driver/Src/stm32h7xx_hal_flash_ex.c **** 
1529:../../Drivers/STM32H7xx_HAL_Driver/Src/stm32h7xx_hal_flash_ex.c ****   if((UserType & OB_USER_BCM7) != 0U)
 547              		.loc 1 1529 3 is_stmt 1 view .LVU188
 548              		.loc 1 1529 5 is_stmt 0 view .LVU189
 549 00a2 10F4006F 		tst	r0, #2048
 550 00a6 05D0     		beq	.L46
1530:../../Drivers/STM32H7xx_HAL_Driver/Src/stm32h7xx_hal_flash_ex.c ****   {
1531:../../Drivers/STM32H7xx_HAL_Driver/Src/stm32h7xx_hal_flash_ex.c ****     /* BCM7 option byte should be modified */
1532:../../Drivers/STM32H7xx_HAL_Driver/Src/stm32h7xx_hal_flash_ex.c ****     assert_param(IS_OB_USER_BCM7(UserConfig & FLASH_OPTSR_BCM7));
 551              		.loc 1 1532 5 is_stmt 1 view .LVU190
1533:../../Drivers/STM32H7xx_HAL_Driver/Src/stm32h7xx_hal_flash_ex.c **** 
1534:../../Drivers/STM32H7xx_HAL_Driver/Src/stm32h7xx_hal_flash_ex.c ****     /* Set value and mask for BCM7 option byte */
1535:../../Drivers/STM32H7xx_HAL_Driver/Src/stm32h7xx_hal_flash_ex.c ****     optr_reg_val |= (UserConfig & FLASH_OPTSR_BCM7);
 552              		.loc 1 1535 5 view .LVU191
 553              		.loc 1 1535 33 is_stmt 0 view .LVU192
 554 00a8 01F40003 		and	r3, r1, #8388608
 555              		.loc 1 1535 18 view .LVU193
 556 00ac 4CEA030C 		orr	ip, ip, r3
 557              	.LVL37:
1536:../../Drivers/STM32H7xx_HAL_Driver/Src/stm32h7xx_hal_flash_ex.c ****     optr_reg_mask |= FLASH_OPTSR_BCM7;
 558              		.loc 1 1536 5 is_stmt 1 view .LVU194
 559              		.loc 1 1536 19 is_stmt 0 view .LVU195
 560 00b0 4EF4000E 		orr	lr, lr, #8388608
 561              	.LVL38:
 562              	.L46:
1537:../../Drivers/STM32H7xx_HAL_Driver/Src/stm32h7xx_hal_flash_ex.c ****   }
1538:../../Drivers/STM32H7xx_HAL_Driver/Src/stm32h7xx_hal_flash_ex.c **** #endif /* DUAL_CORE */
1539:../../Drivers/STM32H7xx_HAL_Driver/Src/stm32h7xx_hal_flash_ex.c **** 
ARM GAS  /var/folders/2r/mdtt8xvd351gdc398t28_m2m0000gn/T//ccZQ9BPT.s 			page 38


1540:../../Drivers/STM32H7xx_HAL_Driver/Src/stm32h7xx_hal_flash_ex.c **** #if defined (FLASH_OPTSR_NRST_STOP_D2)
1541:../../Drivers/STM32H7xx_HAL_Driver/Src/stm32h7xx_hal_flash_ex.c ****   if((UserType & OB_USER_NRST_STOP_D2) != 0U)
 563              		.loc 1 1541 3 is_stmt 1 view .LVU196
 564              		.loc 1 1541 5 is_stmt 0 view .LVU197
 565 00b4 10F4805F 		tst	r0, #4096
 566 00b8 05D0     		beq	.L47
1542:../../Drivers/STM32H7xx_HAL_Driver/Src/stm32h7xx_hal_flash_ex.c ****   {
1543:../../Drivers/STM32H7xx_HAL_Driver/Src/stm32h7xx_hal_flash_ex.c ****     /* NRST_STOP option byte should be modified */
1544:../../Drivers/STM32H7xx_HAL_Driver/Src/stm32h7xx_hal_flash_ex.c ****     assert_param(IS_OB_STOP_D2_RESET(UserConfig & FLASH_OPTSR_NRST_STOP_D2));
 567              		.loc 1 1544 5 is_stmt 1 view .LVU198
1545:../../Drivers/STM32H7xx_HAL_Driver/Src/stm32h7xx_hal_flash_ex.c **** 
1546:../../Drivers/STM32H7xx_HAL_Driver/Src/stm32h7xx_hal_flash_ex.c ****     /* Set value and mask for NRST_STOP option byte */
1547:../../Drivers/STM32H7xx_HAL_Driver/Src/stm32h7xx_hal_flash_ex.c ****     optr_reg_val |= (UserConfig & FLASH_OPTSR_NRST_STOP_D2);
 568              		.loc 1 1547 5 view .LVU199
 569              		.loc 1 1547 33 is_stmt 0 view .LVU200
 570 00ba 01F08073 		and	r3, r1, #16777216
 571              		.loc 1 1547 18 view .LVU201
 572 00be 4CEA030C 		orr	ip, ip, r3
 573              	.LVL39:
1548:../../Drivers/STM32H7xx_HAL_Driver/Src/stm32h7xx_hal_flash_ex.c ****     optr_reg_mask |= FLASH_OPTSR_NRST_STOP_D2;
 574              		.loc 1 1548 5 is_stmt 1 view .LVU202
 575              		.loc 1 1548 19 is_stmt 0 view .LVU203
 576 00c2 4EF0807E 		orr	lr, lr, #16777216
 577              	.LVL40:
 578              	.L47:
1549:../../Drivers/STM32H7xx_HAL_Driver/Src/stm32h7xx_hal_flash_ex.c ****   }
1550:../../Drivers/STM32H7xx_HAL_Driver/Src/stm32h7xx_hal_flash_ex.c **** 
1551:../../Drivers/STM32H7xx_HAL_Driver/Src/stm32h7xx_hal_flash_ex.c ****   if((UserType & OB_USER_NRST_STDBY_D2) != 0U)
 579              		.loc 1 1551 3 is_stmt 1 view .LVU204
 580              		.loc 1 1551 5 is_stmt 0 view .LVU205
 581 00c6 10F4005F 		tst	r0, #8192
 582 00ca 05D0     		beq	.L48
1552:../../Drivers/STM32H7xx_HAL_Driver/Src/stm32h7xx_hal_flash_ex.c ****   {
1553:../../Drivers/STM32H7xx_HAL_Driver/Src/stm32h7xx_hal_flash_ex.c ****     /* NRST_STDBY option byte should be modified */
1554:../../Drivers/STM32H7xx_HAL_Driver/Src/stm32h7xx_hal_flash_ex.c ****     assert_param(IS_OB_STDBY_D2_RESET(UserConfig & FLASH_OPTSR_NRST_STBY_D2));
 583              		.loc 1 1554 5 is_stmt 1 view .LVU206
1555:../../Drivers/STM32H7xx_HAL_Driver/Src/stm32h7xx_hal_flash_ex.c **** 
1556:../../Drivers/STM32H7xx_HAL_Driver/Src/stm32h7xx_hal_flash_ex.c ****     /* Set value and mask for NRST_STDBY option byte */
1557:../../Drivers/STM32H7xx_HAL_Driver/Src/stm32h7xx_hal_flash_ex.c ****     optr_reg_val |= (UserConfig & FLASH_OPTSR_NRST_STBY_D2);
 584              		.loc 1 1557 5 view .LVU207
 585              		.loc 1 1557 33 is_stmt 0 view .LVU208
 586 00cc 01F00073 		and	r3, r1, #33554432
 587              		.loc 1 1557 18 view .LVU209
 588 00d0 4CEA030C 		orr	ip, ip, r3
 589              	.LVL41:
1558:../../Drivers/STM32H7xx_HAL_Driver/Src/stm32h7xx_hal_flash_ex.c ****     optr_reg_mask |= FLASH_OPTSR_NRST_STBY_D2;
 590              		.loc 1 1558 5 is_stmt 1 view .LVU210
 591              		.loc 1 1558 19 is_stmt 0 view .LVU211
 592 00d4 4EF0007E 		orr	lr, lr, #33554432
 593              	.LVL42:
 594              	.L48:
1559:../../Drivers/STM32H7xx_HAL_Driver/Src/stm32h7xx_hal_flash_ex.c ****   }
1560:../../Drivers/STM32H7xx_HAL_Driver/Src/stm32h7xx_hal_flash_ex.c **** #endif /* FLASH_OPTSR_NRST_STOP_D2 */
1561:../../Drivers/STM32H7xx_HAL_Driver/Src/stm32h7xx_hal_flash_ex.c **** 
1562:../../Drivers/STM32H7xx_HAL_Driver/Src/stm32h7xx_hal_flash_ex.c **** #if defined (DUAL_BANK)
1563:../../Drivers/STM32H7xx_HAL_Driver/Src/stm32h7xx_hal_flash_ex.c ****   if((UserType & OB_USER_SWAP_BANK) != 0U)
 595              		.loc 1 1563 3 is_stmt 1 view .LVU212
ARM GAS  /var/folders/2r/mdtt8xvd351gdc398t28_m2m0000gn/T//ccZQ9BPT.s 			page 39


 596              		.loc 1 1563 5 is_stmt 0 view .LVU213
 597 00d8 10F4807F 		tst	r0, #256
 598 00dc 05D0     		beq	.L49
1564:../../Drivers/STM32H7xx_HAL_Driver/Src/stm32h7xx_hal_flash_ex.c ****   {
1565:../../Drivers/STM32H7xx_HAL_Driver/Src/stm32h7xx_hal_flash_ex.c ****     /* SWAP_BANK_OPT option byte should be modified */
1566:../../Drivers/STM32H7xx_HAL_Driver/Src/stm32h7xx_hal_flash_ex.c ****     assert_param(IS_OB_USER_SWAP_BANK(UserConfig & FLASH_OPTSR_SWAP_BANK_OPT));
 599              		.loc 1 1566 5 is_stmt 1 view .LVU214
1567:../../Drivers/STM32H7xx_HAL_Driver/Src/stm32h7xx_hal_flash_ex.c **** 
1568:../../Drivers/STM32H7xx_HAL_Driver/Src/stm32h7xx_hal_flash_ex.c ****     /* Set value and mask for SWAP_BANK_OPT option byte */
1569:../../Drivers/STM32H7xx_HAL_Driver/Src/stm32h7xx_hal_flash_ex.c ****     optr_reg_val |= (UserConfig & FLASH_OPTSR_SWAP_BANK_OPT);
 600              		.loc 1 1569 5 view .LVU215
 601              		.loc 1 1569 33 is_stmt 0 view .LVU216
 602 00de 01F00043 		and	r3, r1, #-2147483648
 603              		.loc 1 1569 18 view .LVU217
 604 00e2 4CEA030C 		orr	ip, ip, r3
 605              	.LVL43:
1570:../../Drivers/STM32H7xx_HAL_Driver/Src/stm32h7xx_hal_flash_ex.c ****     optr_reg_mask |= FLASH_OPTSR_SWAP_BANK_OPT;
 606              		.loc 1 1570 5 is_stmt 1 view .LVU218
 607              		.loc 1 1570 19 is_stmt 0 view .LVU219
 608 00e6 4EF0004E 		orr	lr, lr, #-2147483648
 609              	.LVL44:
 610              	.L49:
1571:../../Drivers/STM32H7xx_HAL_Driver/Src/stm32h7xx_hal_flash_ex.c ****   }
1572:../../Drivers/STM32H7xx_HAL_Driver/Src/stm32h7xx_hal_flash_ex.c **** #endif /* DUAL_BANK */
1573:../../Drivers/STM32H7xx_HAL_Driver/Src/stm32h7xx_hal_flash_ex.c **** 
1574:../../Drivers/STM32H7xx_HAL_Driver/Src/stm32h7xx_hal_flash_ex.c ****   if((UserType & OB_USER_IOHSLV) != 0U)
 611              		.loc 1 1574 3 is_stmt 1 view .LVU220
 612              		.loc 1 1574 5 is_stmt 0 view .LVU221
 613 00ea 10F0800F 		tst	r0, #128
 614 00ee 05D0     		beq	.L50
1575:../../Drivers/STM32H7xx_HAL_Driver/Src/stm32h7xx_hal_flash_ex.c ****   {
1576:../../Drivers/STM32H7xx_HAL_Driver/Src/stm32h7xx_hal_flash_ex.c ****     /* IOHSLV_OPT option byte should be modified */
1577:../../Drivers/STM32H7xx_HAL_Driver/Src/stm32h7xx_hal_flash_ex.c ****     assert_param(IS_OB_USER_IOHSLV(UserConfig & FLASH_OPTSR_IO_HSLV));
 615              		.loc 1 1577 5 is_stmt 1 view .LVU222
1578:../../Drivers/STM32H7xx_HAL_Driver/Src/stm32h7xx_hal_flash_ex.c **** 
1579:../../Drivers/STM32H7xx_HAL_Driver/Src/stm32h7xx_hal_flash_ex.c ****     /* Set value and mask for IOHSLV_OPT option byte */
1580:../../Drivers/STM32H7xx_HAL_Driver/Src/stm32h7xx_hal_flash_ex.c ****     optr_reg_val |= (UserConfig & FLASH_OPTSR_IO_HSLV);
 616              		.loc 1 1580 5 view .LVU223
 617              		.loc 1 1580 33 is_stmt 0 view .LVU224
 618 00f0 01F00051 		and	r1, r1, #536870912
 619              	.LVL45:
 620              		.loc 1 1580 18 view .LVU225
 621 00f4 4CEA010C 		orr	ip, ip, r1
 622              	.LVL46:
1581:../../Drivers/STM32H7xx_HAL_Driver/Src/stm32h7xx_hal_flash_ex.c ****     optr_reg_mask |= FLASH_OPTSR_IO_HSLV;
 623              		.loc 1 1581 5 is_stmt 1 view .LVU226
 624              		.loc 1 1581 19 is_stmt 0 view .LVU227
 625 00f8 4EF0005E 		orr	lr, lr, #536870912
 626              	.LVL47:
 627              	.L50:
1582:../../Drivers/STM32H7xx_HAL_Driver/Src/stm32h7xx_hal_flash_ex.c ****   }
1583:../../Drivers/STM32H7xx_HAL_Driver/Src/stm32h7xx_hal_flash_ex.c **** 
1584:../../Drivers/STM32H7xx_HAL_Driver/Src/stm32h7xx_hal_flash_ex.c **** #if defined (FLASH_OPTSR_VDDMMC_HSLV)
1585:../../Drivers/STM32H7xx_HAL_Driver/Src/stm32h7xx_hal_flash_ex.c ****   if((UserType & OB_USER_VDDMMC_HSLV) != 0U)
1586:../../Drivers/STM32H7xx_HAL_Driver/Src/stm32h7xx_hal_flash_ex.c ****   {
1587:../../Drivers/STM32H7xx_HAL_Driver/Src/stm32h7xx_hal_flash_ex.c ****     /* VDDMMC_HSLV option byte should be modified */
1588:../../Drivers/STM32H7xx_HAL_Driver/Src/stm32h7xx_hal_flash_ex.c ****     assert_param(IS_OB_USER_VDDMMC_HSLV(UserConfig & FLASH_OPTSR_VDDMMC_HSLV));
ARM GAS  /var/folders/2r/mdtt8xvd351gdc398t28_m2m0000gn/T//ccZQ9BPT.s 			page 40


1589:../../Drivers/STM32H7xx_HAL_Driver/Src/stm32h7xx_hal_flash_ex.c **** 
1590:../../Drivers/STM32H7xx_HAL_Driver/Src/stm32h7xx_hal_flash_ex.c ****     /* Set value and mask for VDDMMC_HSLV option byte */
1591:../../Drivers/STM32H7xx_HAL_Driver/Src/stm32h7xx_hal_flash_ex.c ****     optr_reg_val |= (UserConfig & FLASH_OPTSR_VDDMMC_HSLV);
1592:../../Drivers/STM32H7xx_HAL_Driver/Src/stm32h7xx_hal_flash_ex.c ****     optr_reg_mask |= FLASH_OPTSR_VDDMMC_HSLV;
1593:../../Drivers/STM32H7xx_HAL_Driver/Src/stm32h7xx_hal_flash_ex.c ****   }
1594:../../Drivers/STM32H7xx_HAL_Driver/Src/stm32h7xx_hal_flash_ex.c **** #endif /* FLASH_OPTSR_VDDMMC_HSLV */
1595:../../Drivers/STM32H7xx_HAL_Driver/Src/stm32h7xx_hal_flash_ex.c **** 
1596:../../Drivers/STM32H7xx_HAL_Driver/Src/stm32h7xx_hal_flash_ex.c ****   /* Configure the option bytes register */
1597:../../Drivers/STM32H7xx_HAL_Driver/Src/stm32h7xx_hal_flash_ex.c ****   MODIFY_REG(FLASH->OPTSR_PRG, optr_reg_mask, optr_reg_val);
 628              		.loc 1 1597 3 is_stmt 1 view .LVU228
 629 00fc 044A     		ldr	r2, .L53
 630 00fe 136A     		ldr	r3, [r2, #32]
 631 0100 23EA0E03 		bic	r3, r3, lr
 632 0104 43EA0C03 		orr	r3, r3, ip
 633 0108 1362     		str	r3, [r2, #32]
1598:../../Drivers/STM32H7xx_HAL_Driver/Src/stm32h7xx_hal_flash_ex.c **** }
 634              		.loc 1 1598 1 is_stmt 0 view .LVU229
 635 010a 00BD     		pop	{pc}
 636              	.LVL48:
 637              	.L51:
1433:../../Drivers/STM32H7xx_HAL_Driver/Src/stm32h7xx_hal_flash_ex.c **** 
 638              		.loc 1 1433 12 view .LVU230
 639 010c E646     		mov	lr, ip
 640 010e 80E7     		b	.L37
 641              	.L54:
 642              		.align	2
 643              	.L53:
 644 0110 00200052 		.word	1375739904
 645              		.cfi_endproc
 646              	.LFE148:
 648              		.section	.text.FLASH_OB_GetUser,"ax",%progbits
 649              		.align	1
 650              		.syntax unified
 651              		.thumb
 652              		.thumb_func
 654              	FLASH_OB_GetUser:
 655              	.LFB149:
1599:../../Drivers/STM32H7xx_HAL_Driver/Src/stm32h7xx_hal_flash_ex.c **** 
1600:../../Drivers/STM32H7xx_HAL_Driver/Src/stm32h7xx_hal_flash_ex.c **** #if defined(DUAL_CORE)
1601:../../Drivers/STM32H7xx_HAL_Driver/Src/stm32h7xx_hal_flash_ex.c **** /**
1602:../../Drivers/STM32H7xx_HAL_Driver/Src/stm32h7xx_hal_flash_ex.c ****   * @brief  Return the FLASH User Option Byte value.
1603:../../Drivers/STM32H7xx_HAL_Driver/Src/stm32h7xx_hal_flash_ex.c ****   * @retval The FLASH User Option Bytes values
1604:../../Drivers/STM32H7xx_HAL_Driver/Src/stm32h7xx_hal_flash_ex.c ****   *         IWDG1_SW(Bit4), IWDG2_SW(Bit 5), nRST_STOP_D1(Bit 6), nRST_STDY_D1(Bit 7),
1605:../../Drivers/STM32H7xx_HAL_Driver/Src/stm32h7xx_hal_flash_ex.c ****   *         FZ_IWDG_STOP(Bit 17), FZ_IWDG_SDBY(Bit 18), ST_RAM_SIZE(Bit[19:20]),
1606:../../Drivers/STM32H7xx_HAL_Driver/Src/stm32h7xx_hal_flash_ex.c ****   *         SECURITY(Bit 21), BCM4(Bit 22), BCM7(Bit 23), nRST_STOP_D2(Bit 24),
1607:../../Drivers/STM32H7xx_HAL_Driver/Src/stm32h7xx_hal_flash_ex.c ****   *         nRST_STDY_D2(Bit 25), IO_HSLV (Bit 29) and SWAP_BANK_OPT(Bit 31).
1608:../../Drivers/STM32H7xx_HAL_Driver/Src/stm32h7xx_hal_flash_ex.c ****   */
1609:../../Drivers/STM32H7xx_HAL_Driver/Src/stm32h7xx_hal_flash_ex.c **** #else
1610:../../Drivers/STM32H7xx_HAL_Driver/Src/stm32h7xx_hal_flash_ex.c **** /**
1611:../../Drivers/STM32H7xx_HAL_Driver/Src/stm32h7xx_hal_flash_ex.c ****   * @brief  Return the FLASH User Option Byte value.
1612:../../Drivers/STM32H7xx_HAL_Driver/Src/stm32h7xx_hal_flash_ex.c ****   * @retval The FLASH User Option Bytes values
1613:../../Drivers/STM32H7xx_HAL_Driver/Src/stm32h7xx_hal_flash_ex.c ****   *         IWDG_SW(Bit4), nRST_STOP_D1(Bit 6), nRST_STDY_D1(Bit 7),
1614:../../Drivers/STM32H7xx_HAL_Driver/Src/stm32h7xx_hal_flash_ex.c ****   *         FZ_IWDG_STOP(Bit 17), FZ_IWDG_SDBY(Bit 18), ST_RAM_SIZE(Bit[19:20]),
1615:../../Drivers/STM32H7xx_HAL_Driver/Src/stm32h7xx_hal_flash_ex.c ****   *         SECURITY(Bit 21), IO_HSLV (Bit 29) and SWAP_BANK_OPT(Bit 31).
1616:../../Drivers/STM32H7xx_HAL_Driver/Src/stm32h7xx_hal_flash_ex.c ****   */
1617:../../Drivers/STM32H7xx_HAL_Driver/Src/stm32h7xx_hal_flash_ex.c **** #endif /*DUAL_CORE*/
1618:../../Drivers/STM32H7xx_HAL_Driver/Src/stm32h7xx_hal_flash_ex.c **** static uint32_t FLASH_OB_GetUser(void)
ARM GAS  /var/folders/2r/mdtt8xvd351gdc398t28_m2m0000gn/T//ccZQ9BPT.s 			page 41


1619:../../Drivers/STM32H7xx_HAL_Driver/Src/stm32h7xx_hal_flash_ex.c **** {
 656              		.loc 1 1619 1 is_stmt 1 view -0
 657              		.cfi_startproc
 658              		@ args = 0, pretend = 0, frame = 0
 659              		@ frame_needed = 0, uses_anonymous_args = 0
 660              		@ link register save eliminated.
1620:../../Drivers/STM32H7xx_HAL_Driver/Src/stm32h7xx_hal_flash_ex.c ****   uint32_t userConfig = READ_REG(FLASH->OPTSR_CUR);
 661              		.loc 1 1620 3 view .LVU232
 662              		.loc 1 1620 12 is_stmt 0 view .LVU233
 663 0000 034B     		ldr	r3, .L56
 664 0002 D869     		ldr	r0, [r3, #28]
 665              	.LVL49:
1621:../../Drivers/STM32H7xx_HAL_Driver/Src/stm32h7xx_hal_flash_ex.c ****   userConfig &= (~(FLASH_OPTSR_BOR_LEV | FLASH_OPTSR_RDP));
 666              		.loc 1 1621 3 is_stmt 1 view .LVU234
1622:../../Drivers/STM32H7xx_HAL_Driver/Src/stm32h7xx_hal_flash_ex.c **** 
1623:../../Drivers/STM32H7xx_HAL_Driver/Src/stm32h7xx_hal_flash_ex.c ****   return userConfig;
 667              		.loc 1 1623 3 view .LVU235
1624:../../Drivers/STM32H7xx_HAL_Driver/Src/stm32h7xx_hal_flash_ex.c **** }
 668              		.loc 1 1624 1 is_stmt 0 view .LVU236
 669 0004 20F47F40 		bic	r0, r0, #65280
 670              	.LVL50:
 671              		.loc 1 1624 1 view .LVU237
 672 0008 20F00C00 		bic	r0, r0, #12
 673 000c 7047     		bx	lr
 674              	.L57:
 675 000e 00BF     		.align	2
 676              	.L56:
 677 0010 00200052 		.word	1375739904
 678              		.cfi_endproc
 679              	.LFE149:
 681              		.section	.text.FLASH_OB_PCROPConfig,"ax",%progbits
 682              		.align	1
 683              		.syntax unified
 684              		.thumb
 685              		.thumb_func
 687              	FLASH_OB_PCROPConfig:
 688              	.LVL51:
 689              	.LFB150:
1625:../../Drivers/STM32H7xx_HAL_Driver/Src/stm32h7xx_hal_flash_ex.c **** 
1626:../../Drivers/STM32H7xx_HAL_Driver/Src/stm32h7xx_hal_flash_ex.c **** /**
1627:../../Drivers/STM32H7xx_HAL_Driver/Src/stm32h7xx_hal_flash_ex.c ****   * @brief  Configure the Proprietary code readout protection of the desired addresses
1628:../../Drivers/STM32H7xx_HAL_Driver/Src/stm32h7xx_hal_flash_ex.c ****   *
1629:../../Drivers/STM32H7xx_HAL_Driver/Src/stm32h7xx_hal_flash_ex.c ****   * @note   To configure the PCROP options, the option lock bit OPTLOCK must be
1630:../../Drivers/STM32H7xx_HAL_Driver/Src/stm32h7xx_hal_flash_ex.c ****   *         cleared with the call of the HAL_FLASH_OB_Unlock() function.
1631:../../Drivers/STM32H7xx_HAL_Driver/Src/stm32h7xx_hal_flash_ex.c ****   * @note   To validate the PCROP options, the option bytes must be reloaded
1632:../../Drivers/STM32H7xx_HAL_Driver/Src/stm32h7xx_hal_flash_ex.c ****   *         through the call of the HAL_FLASH_OB_Launch() function.
1633:../../Drivers/STM32H7xx_HAL_Driver/Src/stm32h7xx_hal_flash_ex.c ****   *
1634:../../Drivers/STM32H7xx_HAL_Driver/Src/stm32h7xx_hal_flash_ex.c ****   * @param  PCROPConfig specifies if the PCROP area for the given Bank shall be erased or not
1635:../../Drivers/STM32H7xx_HAL_Driver/Src/stm32h7xx_hal_flash_ex.c ****   *         when RDP level decreased from Level 1 to Level 0, or after a bank erase with protection
1636:../../Drivers/STM32H7xx_HAL_Driver/Src/stm32h7xx_hal_flash_ex.c ****   *         This parameter must be a value of @arg FLASHEx_OB_PCROP_RDP enumeration
1637:../../Drivers/STM32H7xx_HAL_Driver/Src/stm32h7xx_hal_flash_ex.c ****   *
1638:../../Drivers/STM32H7xx_HAL_Driver/Src/stm32h7xx_hal_flash_ex.c ****   * @param  PCROPStartAddr specifies the start address of the Proprietary code readout protection
1639:../../Drivers/STM32H7xx_HAL_Driver/Src/stm32h7xx_hal_flash_ex.c ****   *          This parameter can be an address between begin and end of the bank
1640:../../Drivers/STM32H7xx_HAL_Driver/Src/stm32h7xx_hal_flash_ex.c ****   *
1641:../../Drivers/STM32H7xx_HAL_Driver/Src/stm32h7xx_hal_flash_ex.c ****   * @param  PCROPEndAddr specifies the end address of the Proprietary code readout protection
1642:../../Drivers/STM32H7xx_HAL_Driver/Src/stm32h7xx_hal_flash_ex.c ****   *          This parameter can be an address between PCROPStartAddr and end of the bank
1643:../../Drivers/STM32H7xx_HAL_Driver/Src/stm32h7xx_hal_flash_ex.c ****   *
ARM GAS  /var/folders/2r/mdtt8xvd351gdc398t28_m2m0000gn/T//ccZQ9BPT.s 			page 42


1644:../../Drivers/STM32H7xx_HAL_Driver/Src/stm32h7xx_hal_flash_ex.c ****   * @param  Banks the specific bank to apply PCROP protection
1645:../../Drivers/STM32H7xx_HAL_Driver/Src/stm32h7xx_hal_flash_ex.c ****   *          This parameter can be one of the following values:
1646:../../Drivers/STM32H7xx_HAL_Driver/Src/stm32h7xx_hal_flash_ex.c ****   *            @arg FLASH_BANK_1: PCROP on specified bank1 area
1647:../../Drivers/STM32H7xx_HAL_Driver/Src/stm32h7xx_hal_flash_ex.c ****   *            @arg FLASH_BANK_2: PCROP on specified bank2 area
1648:../../Drivers/STM32H7xx_HAL_Driver/Src/stm32h7xx_hal_flash_ex.c ****   *            @arg FLASH_BANK_BOTH: PCROP on specified bank1 and bank2 area (same config will be a
1649:../../Drivers/STM32H7xx_HAL_Driver/Src/stm32h7xx_hal_flash_ex.c ****   *
1650:../../Drivers/STM32H7xx_HAL_Driver/Src/stm32h7xx_hal_flash_ex.c ****   * @retval None
1651:../../Drivers/STM32H7xx_HAL_Driver/Src/stm32h7xx_hal_flash_ex.c ****   */
1652:../../Drivers/STM32H7xx_HAL_Driver/Src/stm32h7xx_hal_flash_ex.c **** static void FLASH_OB_PCROPConfig(uint32_t PCROPConfig, uint32_t PCROPStartAddr, uint32_t PCROPEndAd
1653:../../Drivers/STM32H7xx_HAL_Driver/Src/stm32h7xx_hal_flash_ex.c **** {
 690              		.loc 1 1653 1 is_stmt 1 view -0
 691              		.cfi_startproc
 692              		@ args = 0, pretend = 0, frame = 0
 693              		@ frame_needed = 0, uses_anonymous_args = 0
 694              		.loc 1 1653 1 is_stmt 0 view .LVU239
 695 0000 00B5     		push	{lr}
 696              	.LCFI1:
 697              		.cfi_def_cfa_offset 4
 698              		.cfi_offset 14, -4
 699 0002 8646     		mov	lr, r0
1654:../../Drivers/STM32H7xx_HAL_Driver/Src/stm32h7xx_hal_flash_ex.c ****   /* Check the parameters */
1655:../../Drivers/STM32H7xx_HAL_Driver/Src/stm32h7xx_hal_flash_ex.c ****   assert_param(IS_FLASH_BANK(Banks));
 700              		.loc 1 1655 3 is_stmt 1 view .LVU240
1656:../../Drivers/STM32H7xx_HAL_Driver/Src/stm32h7xx_hal_flash_ex.c ****   assert_param(IS_OB_PCROP_RDP(PCROPConfig));
 701              		.loc 1 1656 3 view .LVU241
1657:../../Drivers/STM32H7xx_HAL_Driver/Src/stm32h7xx_hal_flash_ex.c **** 
1658:../../Drivers/STM32H7xx_HAL_Driver/Src/stm32h7xx_hal_flash_ex.c ****   if((Banks & FLASH_BANK_1) == FLASH_BANK_1)
 702              		.loc 1 1658 3 view .LVU242
 703              		.loc 1 1658 5 is_stmt 0 view .LVU243
 704 0004 13F0010F 		tst	r3, #1
 705 0008 0DD0     		beq	.L59
1659:../../Drivers/STM32H7xx_HAL_Driver/Src/stm32h7xx_hal_flash_ex.c ****   {
1660:../../Drivers/STM32H7xx_HAL_Driver/Src/stm32h7xx_hal_flash_ex.c ****     assert_param(IS_FLASH_PROGRAM_ADDRESS_BANK1(PCROPStartAddr));
 706              		.loc 1 1660 5 is_stmt 1 view .LVU244
1661:../../Drivers/STM32H7xx_HAL_Driver/Src/stm32h7xx_hal_flash_ex.c ****     assert_param(IS_FLASH_PROGRAM_ADDRESS_BANK1(PCROPEndAddr));
 707              		.loc 1 1661 5 view .LVU245
1662:../../Drivers/STM32H7xx_HAL_Driver/Src/stm32h7xx_hal_flash_ex.c **** 
1663:../../Drivers/STM32H7xx_HAL_Driver/Src/stm32h7xx_hal_flash_ex.c ****     /* Configure the Proprietary code readout protection */
1664:../../Drivers/STM32H7xx_HAL_Driver/Src/stm32h7xx_hal_flash_ex.c ****     FLASH->PRAR_PRG1 = ((PCROPStartAddr - FLASH_BANK1_BASE) >> 8)                                 |
 708              		.loc 1 1664 5 view .LVU246
 709              		.loc 1 1664 41 is_stmt 0 view .LVU247
 710 000a 01F1784C 		add	ip, r1, #-134217728
1665:../../Drivers/STM32H7xx_HAL_Driver/Src/stm32h7xx_hal_flash_ex.c ****                        (((PCROPEndAddr - FLASH_BANK1_BASE) >> 8) << FLASH_PRAR_PROT_AREA_END_Pos) |
 711              		.loc 1 1665 40 view .LVU248
 712 000e 02F17840 		add	r0, r2, #-134217728
 713              	.LVL52:
 714              		.loc 1 1665 60 view .LVU249
 715 0012 000A     		lsrs	r0, r0, #8
 716              		.loc 1 1665 66 view .LVU250
 717 0014 0004     		lsls	r0, r0, #16
1664:../../Drivers/STM32H7xx_HAL_Driver/Src/stm32h7xx_hal_flash_ex.c ****                        (((PCROPEndAddr - FLASH_BANK1_BASE) >> 8) << FLASH_PRAR_PROT_AREA_END_Pos) |
 718              		.loc 1 1664 99 view .LVU251
 719 0016 40EA1C2C 		orr	ip, r0, ip, lsr #8
 720              		.loc 1 1665 99 view .LVU252
 721 001a 4CEA0E00 		orr	r0, ip, lr
1664:../../Drivers/STM32H7xx_HAL_Driver/Src/stm32h7xx_hal_flash_ex.c ****                        (((PCROPEndAddr - FLASH_BANK1_BASE) >> 8) << FLASH_PRAR_PROT_AREA_END_Pos) |
 722              		.loc 1 1664 22 view .LVU253
ARM GAS  /var/folders/2r/mdtt8xvd351gdc398t28_m2m0000gn/T//ccZQ9BPT.s 			page 43


 723 001e DFF828C0 		ldr	ip, .L62
 724 0022 CCF82C00 		str	r0, [ip, #44]
 725              	.L59:
1666:../../Drivers/STM32H7xx_HAL_Driver/Src/stm32h7xx_hal_flash_ex.c ****                        PCROPConfig;
1667:../../Drivers/STM32H7xx_HAL_Driver/Src/stm32h7xx_hal_flash_ex.c ****   }
1668:../../Drivers/STM32H7xx_HAL_Driver/Src/stm32h7xx_hal_flash_ex.c **** 
1669:../../Drivers/STM32H7xx_HAL_Driver/Src/stm32h7xx_hal_flash_ex.c **** #if defined (DUAL_BANK)
1670:../../Drivers/STM32H7xx_HAL_Driver/Src/stm32h7xx_hal_flash_ex.c ****   if((Banks & FLASH_BANK_2) == FLASH_BANK_2)
 726              		.loc 1 1670 3 is_stmt 1 view .LVU254
 727              		.loc 1 1670 5 is_stmt 0 view .LVU255
 728 0026 13F0020F 		tst	r3, #2
 729 002a 0CD0     		beq	.L58
1671:../../Drivers/STM32H7xx_HAL_Driver/Src/stm32h7xx_hal_flash_ex.c ****   {
1672:../../Drivers/STM32H7xx_HAL_Driver/Src/stm32h7xx_hal_flash_ex.c ****     assert_param(IS_FLASH_PROGRAM_ADDRESS_BANK2(PCROPStartAddr));
 730              		.loc 1 1672 5 is_stmt 1 view .LVU256
1673:../../Drivers/STM32H7xx_HAL_Driver/Src/stm32h7xx_hal_flash_ex.c ****     assert_param(IS_FLASH_PROGRAM_ADDRESS_BANK2(PCROPEndAddr));
 731              		.loc 1 1673 5 view .LVU257
1674:../../Drivers/STM32H7xx_HAL_Driver/Src/stm32h7xx_hal_flash_ex.c **** 
1675:../../Drivers/STM32H7xx_HAL_Driver/Src/stm32h7xx_hal_flash_ex.c ****     /* Configure the Proprietary code readout protection */
1676:../../Drivers/STM32H7xx_HAL_Driver/Src/stm32h7xx_hal_flash_ex.c ****     FLASH->PRAR_PRG2 = ((PCROPStartAddr - FLASH_BANK2_BASE) >> 8)                                 |
 732              		.loc 1 1676 5 view .LVU258
 733              		.loc 1 1676 41 is_stmt 0 view .LVU259
 734 002c A1F10161 		sub	r1, r1, #135266304
 735              	.LVL53:
1677:../../Drivers/STM32H7xx_HAL_Driver/Src/stm32h7xx_hal_flash_ex.c ****                        (((PCROPEndAddr - FLASH_BANK2_BASE) >> 8) << FLASH_PRAR_PROT_AREA_END_Pos) |
 736              		.loc 1 1677 40 view .LVU260
 737 0030 A2F10162 		sub	r2, r2, #135266304
 738              	.LVL54:
 739              		.loc 1 1677 60 view .LVU261
 740 0034 120A     		lsrs	r2, r2, #8
 741              	.LVL55:
 742              		.loc 1 1677 66 view .LVU262
 743 0036 1204     		lsls	r2, r2, #16
1676:../../Drivers/STM32H7xx_HAL_Driver/Src/stm32h7xx_hal_flash_ex.c ****                        (((PCROPEndAddr - FLASH_BANK2_BASE) >> 8) << FLASH_PRAR_PROT_AREA_END_Pos) |
 744              		.loc 1 1676 99 view .LVU263
 745 0038 42EA1121 		orr	r1, r2, r1, lsr #8
 746              	.LVL56:
 747              		.loc 1 1677 99 view .LVU264
 748 003c 41EA0E01 		orr	r1, r1, lr
1676:../../Drivers/STM32H7xx_HAL_Driver/Src/stm32h7xx_hal_flash_ex.c ****                        (((PCROPEndAddr - FLASH_BANK2_BASE) >> 8) << FLASH_PRAR_PROT_AREA_END_Pos) |
 749              		.loc 1 1676 22 view .LVU265
 750 0040 014B     		ldr	r3, .L62
 751              	.LVL57:
1676:../../Drivers/STM32H7xx_HAL_Driver/Src/stm32h7xx_hal_flash_ex.c ****                        (((PCROPEndAddr - FLASH_BANK2_BASE) >> 8) << FLASH_PRAR_PROT_AREA_END_Pos) |
 752              		.loc 1 1676 22 view .LVU266
 753 0042 C3F82C11 		str	r1, [r3, #300]
 754              	.L58:
1678:../../Drivers/STM32H7xx_HAL_Driver/Src/stm32h7xx_hal_flash_ex.c ****                        PCROPConfig;
1679:../../Drivers/STM32H7xx_HAL_Driver/Src/stm32h7xx_hal_flash_ex.c ****   }
1680:../../Drivers/STM32H7xx_HAL_Driver/Src/stm32h7xx_hal_flash_ex.c **** #endif /* DUAL_BANK */
1681:../../Drivers/STM32H7xx_HAL_Driver/Src/stm32h7xx_hal_flash_ex.c **** }
 755              		.loc 1 1681 1 view .LVU267
 756 0046 00BD     		pop	{pc}
 757              	.L63:
 758              		.align	2
 759              	.L62:
 760 0048 00200052 		.word	1375739904
ARM GAS  /var/folders/2r/mdtt8xvd351gdc398t28_m2m0000gn/T//ccZQ9BPT.s 			page 44


 761              		.cfi_endproc
 762              	.LFE150:
 764              		.section	.text.FLASH_OB_GetPCROP,"ax",%progbits
 765              		.align	1
 766              		.syntax unified
 767              		.thumb
 768              		.thumb_func
 770              	FLASH_OB_GetPCROP:
 771              	.LVL58:
 772              	.LFB151:
1682:../../Drivers/STM32H7xx_HAL_Driver/Src/stm32h7xx_hal_flash_ex.c **** 
1683:../../Drivers/STM32H7xx_HAL_Driver/Src/stm32h7xx_hal_flash_ex.c **** /**
1684:../../Drivers/STM32H7xx_HAL_Driver/Src/stm32h7xx_hal_flash_ex.c ****   * @brief  Get the Proprietary code readout protection configuration on a given Bank
1685:../../Drivers/STM32H7xx_HAL_Driver/Src/stm32h7xx_hal_flash_ex.c ****   *
1686:../../Drivers/STM32H7xx_HAL_Driver/Src/stm32h7xx_hal_flash_ex.c ****   * @param  PCROPConfig indicates if the PCROP area for the given Bank shall be erased or not
1687:../../Drivers/STM32H7xx_HAL_Driver/Src/stm32h7xx_hal_flash_ex.c ****   *         when RDP level decreased from Level 1 to Level 0 or after a bank erase with protection 
1688:../../Drivers/STM32H7xx_HAL_Driver/Src/stm32h7xx_hal_flash_ex.c ****   *
1689:../../Drivers/STM32H7xx_HAL_Driver/Src/stm32h7xx_hal_flash_ex.c ****   * @param  PCROPStartAddr gives the start address of the Proprietary code readout protection of th
1690:../../Drivers/STM32H7xx_HAL_Driver/Src/stm32h7xx_hal_flash_ex.c ****   *
1691:../../Drivers/STM32H7xx_HAL_Driver/Src/stm32h7xx_hal_flash_ex.c ****   * @param  PCROPEndAddr gives the end address of the Proprietary code readout protection of the ba
1692:../../Drivers/STM32H7xx_HAL_Driver/Src/stm32h7xx_hal_flash_ex.c ****   *
1693:../../Drivers/STM32H7xx_HAL_Driver/Src/stm32h7xx_hal_flash_ex.c ****   * @param  Bank the specific bank to apply PCROP protection
1694:../../Drivers/STM32H7xx_HAL_Driver/Src/stm32h7xx_hal_flash_ex.c ****   *          This parameter can be exclusively one of the following values:
1695:../../Drivers/STM32H7xx_HAL_Driver/Src/stm32h7xx_hal_flash_ex.c ****   *            @arg FLASH_BANK_1: PCROP on specified bank1 area
1696:../../Drivers/STM32H7xx_HAL_Driver/Src/stm32h7xx_hal_flash_ex.c ****   *            @arg FLASH_BANK_2: PCROP on specified bank2 area
1697:../../Drivers/STM32H7xx_HAL_Driver/Src/stm32h7xx_hal_flash_ex.c ****   *            @arg FLASH_BANK_BOTH: is  not allowed here
1698:../../Drivers/STM32H7xx_HAL_Driver/Src/stm32h7xx_hal_flash_ex.c ****   *
1699:../../Drivers/STM32H7xx_HAL_Driver/Src/stm32h7xx_hal_flash_ex.c ****   * @retval None
1700:../../Drivers/STM32H7xx_HAL_Driver/Src/stm32h7xx_hal_flash_ex.c ****   */
1701:../../Drivers/STM32H7xx_HAL_Driver/Src/stm32h7xx_hal_flash_ex.c **** static void FLASH_OB_GetPCROP(uint32_t *PCROPConfig, uint32_t *PCROPStartAddr, uint32_t *PCROPEndAd
1702:../../Drivers/STM32H7xx_HAL_Driver/Src/stm32h7xx_hal_flash_ex.c **** {
 773              		.loc 1 1702 1 is_stmt 1 view -0
 774              		.cfi_startproc
 775              		@ args = 0, pretend = 0, frame = 0
 776              		@ frame_needed = 0, uses_anonymous_args = 0
 777              		.loc 1 1702 1 is_stmt 0 view .LVU269
 778 0000 00B5     		push	{lr}
 779              	.LCFI2:
 780              		.cfi_def_cfa_offset 4
 781              		.cfi_offset 14, -4
 782 0002 8E46     		mov	lr, r1
1703:../../Drivers/STM32H7xx_HAL_Driver/Src/stm32h7xx_hal_flash_ex.c ****   uint32_t regvalue = 0;
 783              		.loc 1 1703 3 is_stmt 1 view .LVU270
 784              	.LVL59:
1704:../../Drivers/STM32H7xx_HAL_Driver/Src/stm32h7xx_hal_flash_ex.c ****   uint32_t bankBase = 0;
 785              		.loc 1 1704 3 view .LVU271
1705:../../Drivers/STM32H7xx_HAL_Driver/Src/stm32h7xx_hal_flash_ex.c **** 
1706:../../Drivers/STM32H7xx_HAL_Driver/Src/stm32h7xx_hal_flash_ex.c ****   if(Bank == FLASH_BANK_1)
 786              		.loc 1 1706 3 view .LVU272
 787              		.loc 1 1706 5 is_stmt 0 view .LVU273
 788 0004 012B     		cmp	r3, #1
 789 0006 14D0     		beq	.L69
1707:../../Drivers/STM32H7xx_HAL_Driver/Src/stm32h7xx_hal_flash_ex.c ****   {
1708:../../Drivers/STM32H7xx_HAL_Driver/Src/stm32h7xx_hal_flash_ex.c ****     regvalue = FLASH->PRAR_CUR1;
1709:../../Drivers/STM32H7xx_HAL_Driver/Src/stm32h7xx_hal_flash_ex.c ****     bankBase = FLASH_BANK1_BASE;
1710:../../Drivers/STM32H7xx_HAL_Driver/Src/stm32h7xx_hal_flash_ex.c ****   }
1711:../../Drivers/STM32H7xx_HAL_Driver/Src/stm32h7xx_hal_flash_ex.c **** 
ARM GAS  /var/folders/2r/mdtt8xvd351gdc398t28_m2m0000gn/T//ccZQ9BPT.s 			page 45


1712:../../Drivers/STM32H7xx_HAL_Driver/Src/stm32h7xx_hal_flash_ex.c **** #if defined (DUAL_BANK)
1713:../../Drivers/STM32H7xx_HAL_Driver/Src/stm32h7xx_hal_flash_ex.c ****   if(Bank == FLASH_BANK_2)
 790              		.loc 1 1713 3 is_stmt 1 view .LVU274
 791              		.loc 1 1713 5 is_stmt 0 view .LVU275
 792 0008 022B     		cmp	r3, #2
 793 000a 17D0     		beq	.L70
 794 000c 4FF0000C 		mov	ip, #0
 795 0010 6346     		mov	r3, ip
 796              	.LVL60:
 797              	.L66:
1714:../../Drivers/STM32H7xx_HAL_Driver/Src/stm32h7xx_hal_flash_ex.c ****   {
1715:../../Drivers/STM32H7xx_HAL_Driver/Src/stm32h7xx_hal_flash_ex.c ****     regvalue = FLASH->PRAR_CUR2;
1716:../../Drivers/STM32H7xx_HAL_Driver/Src/stm32h7xx_hal_flash_ex.c ****     bankBase = FLASH_BANK2_BASE;
1717:../../Drivers/STM32H7xx_HAL_Driver/Src/stm32h7xx_hal_flash_ex.c ****   }
1718:../../Drivers/STM32H7xx_HAL_Driver/Src/stm32h7xx_hal_flash_ex.c **** #endif /* DUAL_BANK */
1719:../../Drivers/STM32H7xx_HAL_Driver/Src/stm32h7xx_hal_flash_ex.c **** 
1720:../../Drivers/STM32H7xx_HAL_Driver/Src/stm32h7xx_hal_flash_ex.c ****   (*PCROPConfig) =  (regvalue & FLASH_PRAR_DMEP);
 798              		.loc 1 1720 3 is_stmt 1 view .LVU276
 799              		.loc 1 1720 31 is_stmt 0 view .LVU277
 800 0012 03F00041 		and	r1, r3, #-2147483648
 801              	.LVL61:
 802              		.loc 1 1720 18 view .LVU278
 803 0016 0160     		str	r1, [r0]
1721:../../Drivers/STM32H7xx_HAL_Driver/Src/stm32h7xx_hal_flash_ex.c **** 
1722:../../Drivers/STM32H7xx_HAL_Driver/Src/stm32h7xx_hal_flash_ex.c ****   (*PCROPStartAddr) = ((regvalue & FLASH_PRAR_PROT_AREA_START) << 8) + bankBase;
 804              		.loc 1 1722 3 is_stmt 1 view .LVU279
 805              		.loc 1 1722 64 is_stmt 0 view .LVU280
 806 0018 0B48     		ldr	r0, .L71
 807              	.LVL62:
 808              		.loc 1 1722 64 view .LVU281
 809 001a 00EA0320 		and	r0, r0, r3, lsl #8
 810              		.loc 1 1722 70 view .LVU282
 811 001e 6044     		add	r0, r0, ip
 812              		.loc 1 1722 21 view .LVU283
 813 0020 CEF80000 		str	r0, [lr]
1723:../../Drivers/STM32H7xx_HAL_Driver/Src/stm32h7xx_hal_flash_ex.c ****   (*PCROPEndAddr) = (regvalue & FLASH_PRAR_PROT_AREA_END) >> FLASH_PRAR_PROT_AREA_END_Pos;
 814              		.loc 1 1723 3 is_stmt 1 view .LVU284
 815              		.loc 1 1723 59 is_stmt 0 view .LVU285
 816 0024 C3F30B43 		ubfx	r3, r3, #16, #12
 817              	.LVL63:
 818              		.loc 1 1723 19 view .LVU286
 819 0028 1360     		str	r3, [r2]
1724:../../Drivers/STM32H7xx_HAL_Driver/Src/stm32h7xx_hal_flash_ex.c ****   (*PCROPEndAddr) = ((*PCROPEndAddr) << 8) + bankBase;
 820              		.loc 1 1724 3 is_stmt 1 view .LVU287
 821              		.loc 1 1724 44 is_stmt 0 view .LVU288
 822 002a 0CEB0323 		add	r3, ip, r3, lsl #8
 823              		.loc 1 1724 19 view .LVU289
 824 002e 1360     		str	r3, [r2]
1725:../../Drivers/STM32H7xx_HAL_Driver/Src/stm32h7xx_hal_flash_ex.c **** }
 825              		.loc 1 1725 1 view .LVU290
 826 0030 00BD     		pop	{pc}
 827              	.LVL64:
 828              	.L69:
1708:../../Drivers/STM32H7xx_HAL_Driver/Src/stm32h7xx_hal_flash_ex.c ****     bankBase = FLASH_BANK1_BASE;
 829              		.loc 1 1708 5 is_stmt 1 view .LVU291
1708:../../Drivers/STM32H7xx_HAL_Driver/Src/stm32h7xx_hal_flash_ex.c ****     bankBase = FLASH_BANK1_BASE;
 830              		.loc 1 1708 14 is_stmt 0 view .LVU292
ARM GAS  /var/folders/2r/mdtt8xvd351gdc398t28_m2m0000gn/T//ccZQ9BPT.s 			page 46


 831 0032 064B     		ldr	r3, .L71+4
 832              	.LVL65:
1708:../../Drivers/STM32H7xx_HAL_Driver/Src/stm32h7xx_hal_flash_ex.c ****     bankBase = FLASH_BANK1_BASE;
 833              		.loc 1 1708 14 view .LVU293
 834 0034 9B6A     		ldr	r3, [r3, #40]
 835              	.LVL66:
1709:../../Drivers/STM32H7xx_HAL_Driver/Src/stm32h7xx_hal_flash_ex.c ****   }
 836              		.loc 1 1709 5 is_stmt 1 view .LVU294
1713:../../Drivers/STM32H7xx_HAL_Driver/Src/stm32h7xx_hal_flash_ex.c ****   {
 837              		.loc 1 1713 3 view .LVU295
1709:../../Drivers/STM32H7xx_HAL_Driver/Src/stm32h7xx_hal_flash_ex.c ****   }
 838              		.loc 1 1709 14 is_stmt 0 view .LVU296
 839 0036 4FF0006C 		mov	ip, #134217728
 840 003a EAE7     		b	.L66
 841              	.LVL67:
 842              	.L70:
1715:../../Drivers/STM32H7xx_HAL_Driver/Src/stm32h7xx_hal_flash_ex.c ****     bankBase = FLASH_BANK2_BASE;
 843              		.loc 1 1715 5 is_stmt 1 view .LVU297
1715:../../Drivers/STM32H7xx_HAL_Driver/Src/stm32h7xx_hal_flash_ex.c ****     bankBase = FLASH_BANK2_BASE;
 844              		.loc 1 1715 14 is_stmt 0 view .LVU298
 845 003c 034B     		ldr	r3, .L71+4
 846              	.LVL68:
1715:../../Drivers/STM32H7xx_HAL_Driver/Src/stm32h7xx_hal_flash_ex.c ****     bankBase = FLASH_BANK2_BASE;
 847              		.loc 1 1715 14 view .LVU299
 848 003e D3F82831 		ldr	r3, [r3, #296]
 849              	.LVL69:
1716:../../Drivers/STM32H7xx_HAL_Driver/Src/stm32h7xx_hal_flash_ex.c ****   }
 850              		.loc 1 1716 5 is_stmt 1 view .LVU300
1716:../../Drivers/STM32H7xx_HAL_Driver/Src/stm32h7xx_hal_flash_ex.c ****   }
 851              		.loc 1 1716 14 is_stmt 0 view .LVU301
 852 0042 4FF0016C 		mov	ip, #135266304
 853 0046 E4E7     		b	.L66
 854              	.L72:
 855              		.align	2
 856              	.L71:
 857 0048 00FF0F00 		.word	1048320
 858 004c 00200052 		.word	1375739904
 859              		.cfi_endproc
 860              	.LFE151:
 862              		.section	.text.FLASH_OB_BOR_LevelConfig,"ax",%progbits
 863              		.align	1
 864              		.syntax unified
 865              		.thumb
 866              		.thumb_func
 868              	FLASH_OB_BOR_LevelConfig:
 869              	.LVL70:
 870              	.LFB152:
1726:../../Drivers/STM32H7xx_HAL_Driver/Src/stm32h7xx_hal_flash_ex.c **** 
1727:../../Drivers/STM32H7xx_HAL_Driver/Src/stm32h7xx_hal_flash_ex.c **** /**
1728:../../Drivers/STM32H7xx_HAL_Driver/Src/stm32h7xx_hal_flash_ex.c ****   * @brief  Set the BOR Level.
1729:../../Drivers/STM32H7xx_HAL_Driver/Src/stm32h7xx_hal_flash_ex.c ****   * @param  Level specifies the Option Bytes BOR Reset Level.
1730:../../Drivers/STM32H7xx_HAL_Driver/Src/stm32h7xx_hal_flash_ex.c ****   *          This parameter can be one of the following values:
1731:../../Drivers/STM32H7xx_HAL_Driver/Src/stm32h7xx_hal_flash_ex.c ****   *            @arg OB_BOR_LEVEL0: Reset level threshold is set to 1.6V
1732:../../Drivers/STM32H7xx_HAL_Driver/Src/stm32h7xx_hal_flash_ex.c ****   *            @arg OB_BOR_LEVEL1: Reset level threshold is set to 2.1V
1733:../../Drivers/STM32H7xx_HAL_Driver/Src/stm32h7xx_hal_flash_ex.c ****   *            @arg OB_BOR_LEVEL2: Reset level threshold is set to 2.4V
1734:../../Drivers/STM32H7xx_HAL_Driver/Src/stm32h7xx_hal_flash_ex.c ****   *            @arg OB_BOR_LEVEL3: Reset level threshold is set to 2.7V
1735:../../Drivers/STM32H7xx_HAL_Driver/Src/stm32h7xx_hal_flash_ex.c ****   * @retval None
ARM GAS  /var/folders/2r/mdtt8xvd351gdc398t28_m2m0000gn/T//ccZQ9BPT.s 			page 47


1736:../../Drivers/STM32H7xx_HAL_Driver/Src/stm32h7xx_hal_flash_ex.c ****   */
1737:../../Drivers/STM32H7xx_HAL_Driver/Src/stm32h7xx_hal_flash_ex.c **** static void FLASH_OB_BOR_LevelConfig(uint32_t Level)
1738:../../Drivers/STM32H7xx_HAL_Driver/Src/stm32h7xx_hal_flash_ex.c **** {
 871              		.loc 1 1738 1 is_stmt 1 view -0
 872              		.cfi_startproc
 873              		@ args = 0, pretend = 0, frame = 0
 874              		@ frame_needed = 0, uses_anonymous_args = 0
 875              		@ link register save eliminated.
1739:../../Drivers/STM32H7xx_HAL_Driver/Src/stm32h7xx_hal_flash_ex.c ****   assert_param(IS_OB_BOR_LEVEL(Level));
 876              		.loc 1 1739 3 view .LVU303
1740:../../Drivers/STM32H7xx_HAL_Driver/Src/stm32h7xx_hal_flash_ex.c **** 
1741:../../Drivers/STM32H7xx_HAL_Driver/Src/stm32h7xx_hal_flash_ex.c ****   /* Configure BOR_LEV option byte */
1742:../../Drivers/STM32H7xx_HAL_Driver/Src/stm32h7xx_hal_flash_ex.c ****   MODIFY_REG(FLASH->OPTSR_PRG, FLASH_OPTSR_BOR_LEV, Level);
 877              		.loc 1 1742 3 view .LVU304
 878 0000 034A     		ldr	r2, .L74
 879 0002 136A     		ldr	r3, [r2, #32]
 880 0004 23F00C03 		bic	r3, r3, #12
 881 0008 0343     		orrs	r3, r3, r0
 882 000a 1362     		str	r3, [r2, #32]
1743:../../Drivers/STM32H7xx_HAL_Driver/Src/stm32h7xx_hal_flash_ex.c **** }
 883              		.loc 1 1743 1 is_stmt 0 view .LVU305
 884 000c 7047     		bx	lr
 885              	.L75:
 886 000e 00BF     		.align	2
 887              	.L74:
 888 0010 00200052 		.word	1375739904
 889              		.cfi_endproc
 890              	.LFE152:
 892              		.section	.text.FLASH_OB_GetBOR,"ax",%progbits
 893              		.align	1
 894              		.syntax unified
 895              		.thumb
 896              		.thumb_func
 898              	FLASH_OB_GetBOR:
 899              	.LFB153:
1744:../../Drivers/STM32H7xx_HAL_Driver/Src/stm32h7xx_hal_flash_ex.c **** 
1745:../../Drivers/STM32H7xx_HAL_Driver/Src/stm32h7xx_hal_flash_ex.c **** /**
1746:../../Drivers/STM32H7xx_HAL_Driver/Src/stm32h7xx_hal_flash_ex.c ****   * @brief  Get the BOR Level.
1747:../../Drivers/STM32H7xx_HAL_Driver/Src/stm32h7xx_hal_flash_ex.c ****   * @retval The Option Bytes BOR Reset Level.
1748:../../Drivers/STM32H7xx_HAL_Driver/Src/stm32h7xx_hal_flash_ex.c ****   *            This parameter can be one of the following values:
1749:../../Drivers/STM32H7xx_HAL_Driver/Src/stm32h7xx_hal_flash_ex.c ****   *            @arg OB_BOR_LEVEL0: Reset level threshold is set to 1.6V
1750:../../Drivers/STM32H7xx_HAL_Driver/Src/stm32h7xx_hal_flash_ex.c ****   *            @arg OB_BOR_LEVEL1: Reset level threshold is set to 2.1V
1751:../../Drivers/STM32H7xx_HAL_Driver/Src/stm32h7xx_hal_flash_ex.c ****   *            @arg OB_BOR_LEVEL2: Reset level threshold is set to 2.4V
1752:../../Drivers/STM32H7xx_HAL_Driver/Src/stm32h7xx_hal_flash_ex.c ****   *            @arg OB_BOR_LEVEL3: Reset level threshold is set to 2.7V
1753:../../Drivers/STM32H7xx_HAL_Driver/Src/stm32h7xx_hal_flash_ex.c ****   */
1754:../../Drivers/STM32H7xx_HAL_Driver/Src/stm32h7xx_hal_flash_ex.c **** static uint32_t FLASH_OB_GetBOR(void)
1755:../../Drivers/STM32H7xx_HAL_Driver/Src/stm32h7xx_hal_flash_ex.c **** {
 900              		.loc 1 1755 1 is_stmt 1 view -0
 901              		.cfi_startproc
 902              		@ args = 0, pretend = 0, frame = 0
 903              		@ frame_needed = 0, uses_anonymous_args = 0
 904              		@ link register save eliminated.
1756:../../Drivers/STM32H7xx_HAL_Driver/Src/stm32h7xx_hal_flash_ex.c ****   return (FLASH->OPTSR_CUR & FLASH_OPTSR_BOR_LEV);
 905              		.loc 1 1756 3 view .LVU307
 906              		.loc 1 1756 16 is_stmt 0 view .LVU308
 907 0000 024B     		ldr	r3, .L77
 908 0002 D869     		ldr	r0, [r3, #28]
ARM GAS  /var/folders/2r/mdtt8xvd351gdc398t28_m2m0000gn/T//ccZQ9BPT.s 			page 48


1757:../../Drivers/STM32H7xx_HAL_Driver/Src/stm32h7xx_hal_flash_ex.c **** }
 909              		.loc 1 1757 1 view .LVU309
 910 0004 00F00C00 		and	r0, r0, #12
 911 0008 7047     		bx	lr
 912              	.L78:
 913 000a 00BF     		.align	2
 914              	.L77:
 915 000c 00200052 		.word	1375739904
 916              		.cfi_endproc
 917              	.LFE153:
 919              		.section	.text.FLASH_OB_BootAddConfig,"ax",%progbits
 920              		.align	1
 921              		.syntax unified
 922              		.thumb
 923              		.thumb_func
 925              	FLASH_OB_BootAddConfig:
 926              	.LVL71:
 927              	.LFB154:
1758:../../Drivers/STM32H7xx_HAL_Driver/Src/stm32h7xx_hal_flash_ex.c **** 
1759:../../Drivers/STM32H7xx_HAL_Driver/Src/stm32h7xx_hal_flash_ex.c **** /**
1760:../../Drivers/STM32H7xx_HAL_Driver/Src/stm32h7xx_hal_flash_ex.c ****   * @brief  Set Boot address
1761:../../Drivers/STM32H7xx_HAL_Driver/Src/stm32h7xx_hal_flash_ex.c ****   * @param  BootOption Boot address option byte to be programmed,
1762:../../Drivers/STM32H7xx_HAL_Driver/Src/stm32h7xx_hal_flash_ex.c ****   *                     This parameter must be a value of @ref FLASHEx_OB_BOOT_OPTION
1763:../../Drivers/STM32H7xx_HAL_Driver/Src/stm32h7xx_hal_flash_ex.c ****                         (OB_BOOT_ADD0, OB_BOOT_ADD1 or OB_BOOT_ADD_BOTH)
1764:../../Drivers/STM32H7xx_HAL_Driver/Src/stm32h7xx_hal_flash_ex.c ****   *
1765:../../Drivers/STM32H7xx_HAL_Driver/Src/stm32h7xx_hal_flash_ex.c ****   * @param  BootAddress0 Specifies the Boot Address 0
1766:../../Drivers/STM32H7xx_HAL_Driver/Src/stm32h7xx_hal_flash_ex.c ****   * @param  BootAddress1 Specifies the Boot Address 1
1767:../../Drivers/STM32H7xx_HAL_Driver/Src/stm32h7xx_hal_flash_ex.c ****   * @retval HAL Status
1768:../../Drivers/STM32H7xx_HAL_Driver/Src/stm32h7xx_hal_flash_ex.c ****   */
1769:../../Drivers/STM32H7xx_HAL_Driver/Src/stm32h7xx_hal_flash_ex.c **** static void FLASH_OB_BootAddConfig(uint32_t BootOption, uint32_t BootAddress0, uint32_t BootAddress
1770:../../Drivers/STM32H7xx_HAL_Driver/Src/stm32h7xx_hal_flash_ex.c **** {
 928              		.loc 1 1770 1 is_stmt 1 view -0
 929              		.cfi_startproc
 930              		@ args = 0, pretend = 0, frame = 0
 931              		@ frame_needed = 0, uses_anonymous_args = 0
 932              		@ link register save eliminated.
1771:../../Drivers/STM32H7xx_HAL_Driver/Src/stm32h7xx_hal_flash_ex.c ****   /* Check the parameters */
1772:../../Drivers/STM32H7xx_HAL_Driver/Src/stm32h7xx_hal_flash_ex.c ****   assert_param(IS_OB_BOOT_ADD_OPTION(BootOption));
 933              		.loc 1 1772 3 view .LVU311
1773:../../Drivers/STM32H7xx_HAL_Driver/Src/stm32h7xx_hal_flash_ex.c **** 
1774:../../Drivers/STM32H7xx_HAL_Driver/Src/stm32h7xx_hal_flash_ex.c ****   if((BootOption & OB_BOOT_ADD0) == OB_BOOT_ADD0)
 934              		.loc 1 1774 3 view .LVU312
 935              		.loc 1 1774 5 is_stmt 0 view .LVU313
 936 0000 10F0010F 		tst	r0, #1
 937 0004 09D0     		beq	.L80
1775:../../Drivers/STM32H7xx_HAL_Driver/Src/stm32h7xx_hal_flash_ex.c ****   {
1776:../../Drivers/STM32H7xx_HAL_Driver/Src/stm32h7xx_hal_flash_ex.c ****     /* Check the parameters */
1777:../../Drivers/STM32H7xx_HAL_Driver/Src/stm32h7xx_hal_flash_ex.c ****     assert_param(IS_BOOT_ADDRESS(BootAddress0));
 938              		.loc 1 1777 5 is_stmt 1 view .LVU314
1778:../../Drivers/STM32H7xx_HAL_Driver/Src/stm32h7xx_hal_flash_ex.c **** 
1779:../../Drivers/STM32H7xx_HAL_Driver/Src/stm32h7xx_hal_flash_ex.c ****     /* Configure CM7 BOOT ADD0 */
1780:../../Drivers/STM32H7xx_HAL_Driver/Src/stm32h7xx_hal_flash_ex.c **** #if defined(DUAL_CORE)
1781:../../Drivers/STM32H7xx_HAL_Driver/Src/stm32h7xx_hal_flash_ex.c ****     MODIFY_REG(FLASH->BOOT7_PRG, FLASH_BOOT7_BCM7_ADD0, (BootAddress0 >> 16));
 939              		.loc 1 1781 5 view .LVU315
 940 0006 DFF824C0 		ldr	ip, .L82
 941 000a DCF84430 		ldr	r3, [ip, #68]
 942 000e 6FF30F03 		bfc	r3, #0, #16
ARM GAS  /var/folders/2r/mdtt8xvd351gdc398t28_m2m0000gn/T//ccZQ9BPT.s 			page 49


 943 0012 43EA1143 		orr	r3, r3, r1, lsr #16
 944 0016 CCF84430 		str	r3, [ip, #68]
 945              	.L80:
1782:../../Drivers/STM32H7xx_HAL_Driver/Src/stm32h7xx_hal_flash_ex.c **** #else /* Single Core*/
1783:../../Drivers/STM32H7xx_HAL_Driver/Src/stm32h7xx_hal_flash_ex.c ****     MODIFY_REG(FLASH->BOOT_PRG, FLASH_BOOT_ADD0, (BootAddress0 >> 16));
1784:../../Drivers/STM32H7xx_HAL_Driver/Src/stm32h7xx_hal_flash_ex.c **** #endif /* DUAL_CORE */
1785:../../Drivers/STM32H7xx_HAL_Driver/Src/stm32h7xx_hal_flash_ex.c ****   }
1786:../../Drivers/STM32H7xx_HAL_Driver/Src/stm32h7xx_hal_flash_ex.c **** 
1787:../../Drivers/STM32H7xx_HAL_Driver/Src/stm32h7xx_hal_flash_ex.c ****   if((BootOption & OB_BOOT_ADD1) == OB_BOOT_ADD1)
 946              		.loc 1 1787 3 view .LVU316
 947              		.loc 1 1787 5 is_stmt 0 view .LVU317
 948 001a 10F0020F 		tst	r0, #2
 949 001e 04D0     		beq	.L79
1788:../../Drivers/STM32H7xx_HAL_Driver/Src/stm32h7xx_hal_flash_ex.c ****   {
1789:../../Drivers/STM32H7xx_HAL_Driver/Src/stm32h7xx_hal_flash_ex.c ****     /* Check the parameters */
1790:../../Drivers/STM32H7xx_HAL_Driver/Src/stm32h7xx_hal_flash_ex.c ****     assert_param(IS_BOOT_ADDRESS(BootAddress1));
 950              		.loc 1 1790 5 is_stmt 1 view .LVU318
1791:../../Drivers/STM32H7xx_HAL_Driver/Src/stm32h7xx_hal_flash_ex.c **** 
1792:../../Drivers/STM32H7xx_HAL_Driver/Src/stm32h7xx_hal_flash_ex.c ****     /* Configure CM7 BOOT ADD1 */
1793:../../Drivers/STM32H7xx_HAL_Driver/Src/stm32h7xx_hal_flash_ex.c **** #if defined(DUAL_CORE)
1794:../../Drivers/STM32H7xx_HAL_Driver/Src/stm32h7xx_hal_flash_ex.c ****     MODIFY_REG(FLASH->BOOT7_PRG, FLASH_BOOT7_BCM7_ADD1, BootAddress1);
 951              		.loc 1 1794 5 view .LVU319
 952 0020 0249     		ldr	r1, .L82
 953              	.LVL72:
 954              		.loc 1 1794 5 is_stmt 0 view .LVU320
 955 0022 4B6C     		ldr	r3, [r1, #68]
 956 0024 9BB2     		uxth	r3, r3
 957 0026 1343     		orrs	r3, r3, r2
 958 0028 4B64     		str	r3, [r1, #68]
 959              	.L79:
1795:../../Drivers/STM32H7xx_HAL_Driver/Src/stm32h7xx_hal_flash_ex.c **** #else /* Single Core*/
1796:../../Drivers/STM32H7xx_HAL_Driver/Src/stm32h7xx_hal_flash_ex.c ****     MODIFY_REG(FLASH->BOOT_PRG, FLASH_BOOT_ADD1, BootAddress1);
1797:../../Drivers/STM32H7xx_HAL_Driver/Src/stm32h7xx_hal_flash_ex.c **** #endif /* DUAL_CORE */
1798:../../Drivers/STM32H7xx_HAL_Driver/Src/stm32h7xx_hal_flash_ex.c ****   }
1799:../../Drivers/STM32H7xx_HAL_Driver/Src/stm32h7xx_hal_flash_ex.c **** }
 960              		.loc 1 1799 1 view .LVU321
 961 002a 7047     		bx	lr
 962              	.L83:
 963              		.align	2
 964              	.L82:
 965 002c 00200052 		.word	1375739904
 966              		.cfi_endproc
 967              	.LFE154:
 969              		.section	.text.FLASH_OB_GetBootAdd,"ax",%progbits
 970              		.align	1
 971              		.syntax unified
 972              		.thumb
 973              		.thumb_func
 975              	FLASH_OB_GetBootAdd:
 976              	.LVL73:
 977              	.LFB155:
1800:../../Drivers/STM32H7xx_HAL_Driver/Src/stm32h7xx_hal_flash_ex.c **** 
1801:../../Drivers/STM32H7xx_HAL_Driver/Src/stm32h7xx_hal_flash_ex.c **** /**
1802:../../Drivers/STM32H7xx_HAL_Driver/Src/stm32h7xx_hal_flash_ex.c ****   * @brief  Get Boot address
1803:../../Drivers/STM32H7xx_HAL_Driver/Src/stm32h7xx_hal_flash_ex.c ****   * @param  BootAddress0 Specifies the Boot Address 0.
1804:../../Drivers/STM32H7xx_HAL_Driver/Src/stm32h7xx_hal_flash_ex.c ****   * @param  BootAddress1 Specifies the Boot Address 1.
1805:../../Drivers/STM32H7xx_HAL_Driver/Src/stm32h7xx_hal_flash_ex.c ****   * @retval HAL Status
ARM GAS  /var/folders/2r/mdtt8xvd351gdc398t28_m2m0000gn/T//ccZQ9BPT.s 			page 50


1806:../../Drivers/STM32H7xx_HAL_Driver/Src/stm32h7xx_hal_flash_ex.c ****   */
1807:../../Drivers/STM32H7xx_HAL_Driver/Src/stm32h7xx_hal_flash_ex.c **** static void FLASH_OB_GetBootAdd(uint32_t *BootAddress0, uint32_t *BootAddress1)
1808:../../Drivers/STM32H7xx_HAL_Driver/Src/stm32h7xx_hal_flash_ex.c **** {
 978              		.loc 1 1808 1 is_stmt 1 view -0
 979              		.cfi_startproc
 980              		@ args = 0, pretend = 0, frame = 0
 981              		@ frame_needed = 0, uses_anonymous_args = 0
 982              		@ link register save eliminated.
1809:../../Drivers/STM32H7xx_HAL_Driver/Src/stm32h7xx_hal_flash_ex.c ****   uint32_t regvalue;
 983              		.loc 1 1809 3 view .LVU323
1810:../../Drivers/STM32H7xx_HAL_Driver/Src/stm32h7xx_hal_flash_ex.c **** 
1811:../../Drivers/STM32H7xx_HAL_Driver/Src/stm32h7xx_hal_flash_ex.c **** #if defined(DUAL_CORE)
1812:../../Drivers/STM32H7xx_HAL_Driver/Src/stm32h7xx_hal_flash_ex.c ****   regvalue = FLASH->BOOT7_CUR;
 984              		.loc 1 1812 3 view .LVU324
 985              		.loc 1 1812 12 is_stmt 0 view .LVU325
 986 0000 034B     		ldr	r3, .L85
 987 0002 1B6C     		ldr	r3, [r3, #64]
 988              	.LVL74:
1813:../../Drivers/STM32H7xx_HAL_Driver/Src/stm32h7xx_hal_flash_ex.c **** 
1814:../../Drivers/STM32H7xx_HAL_Driver/Src/stm32h7xx_hal_flash_ex.c ****   (*BootAddress0) = (regvalue & FLASH_BOOT7_BCM7_ADD0) << 16;
 989              		.loc 1 1814 3 is_stmt 1 view .LVU326
 990              		.loc 1 1814 56 is_stmt 0 view .LVU327
 991 0004 1A04     		lsls	r2, r3, #16
 992              		.loc 1 1814 19 view .LVU328
 993 0006 0260     		str	r2, [r0]
1815:../../Drivers/STM32H7xx_HAL_Driver/Src/stm32h7xx_hal_flash_ex.c ****   (*BootAddress1) = (regvalue & FLASH_BOOT7_BCM7_ADD1);
 994              		.loc 1 1815 3 is_stmt 1 view .LVU329
 995              		.loc 1 1815 31 is_stmt 0 view .LVU330
 996 0008 6FF30F03 		bfc	r3, #0, #16
 997              	.LVL75:
 998              		.loc 1 1815 19 view .LVU331
 999 000c 0B60     		str	r3, [r1]
1816:../../Drivers/STM32H7xx_HAL_Driver/Src/stm32h7xx_hal_flash_ex.c **** #else /* Single Core */
1817:../../Drivers/STM32H7xx_HAL_Driver/Src/stm32h7xx_hal_flash_ex.c ****   regvalue = FLASH->BOOT_CUR;
1818:../../Drivers/STM32H7xx_HAL_Driver/Src/stm32h7xx_hal_flash_ex.c **** 
1819:../../Drivers/STM32H7xx_HAL_Driver/Src/stm32h7xx_hal_flash_ex.c ****   (*BootAddress0) = (regvalue & FLASH_BOOT_ADD0) << 16;
1820:../../Drivers/STM32H7xx_HAL_Driver/Src/stm32h7xx_hal_flash_ex.c ****   (*BootAddress1) = (regvalue & FLASH_BOOT_ADD1);
1821:../../Drivers/STM32H7xx_HAL_Driver/Src/stm32h7xx_hal_flash_ex.c **** #endif /* DUAL_CORE */
1822:../../Drivers/STM32H7xx_HAL_Driver/Src/stm32h7xx_hal_flash_ex.c **** }
 1000              		.loc 1 1822 1 view .LVU332
 1001 000e 7047     		bx	lr
 1002              	.L86:
 1003              		.align	2
 1004              	.L85:
 1005 0010 00200052 		.word	1375739904
 1006              		.cfi_endproc
 1007              	.LFE155:
 1009              		.section	.text.FLASH_OB_CM4BootAddConfig,"ax",%progbits
 1010              		.align	1
 1011              		.syntax unified
 1012              		.thumb
 1013              		.thumb_func
 1015              	FLASH_OB_CM4BootAddConfig:
 1016              	.LVL76:
 1017              	.LFB156:
1823:../../Drivers/STM32H7xx_HAL_Driver/Src/stm32h7xx_hal_flash_ex.c **** 
1824:../../Drivers/STM32H7xx_HAL_Driver/Src/stm32h7xx_hal_flash_ex.c **** #if defined(DUAL_CORE)
ARM GAS  /var/folders/2r/mdtt8xvd351gdc398t28_m2m0000gn/T//ccZQ9BPT.s 			page 51


1825:../../Drivers/STM32H7xx_HAL_Driver/Src/stm32h7xx_hal_flash_ex.c **** /**
1826:../../Drivers/STM32H7xx_HAL_Driver/Src/stm32h7xx_hal_flash_ex.c ****   * @brief  Set CM4 Boot address
1827:../../Drivers/STM32H7xx_HAL_Driver/Src/stm32h7xx_hal_flash_ex.c ****   * @param  BootOption Boot address option byte to be programmed,
1828:../../Drivers/STM32H7xx_HAL_Driver/Src/stm32h7xx_hal_flash_ex.c ****   *                     This parameter must be a value of @ref FLASHEx_OB_BOOT_OPTION
1829:../../Drivers/STM32H7xx_HAL_Driver/Src/stm32h7xx_hal_flash_ex.c ****                         (OB_BOOT_ADD0, OB_BOOT_ADD1 or OB_BOOT_ADD_BOTH)
1830:../../Drivers/STM32H7xx_HAL_Driver/Src/stm32h7xx_hal_flash_ex.c ****   *
1831:../../Drivers/STM32H7xx_HAL_Driver/Src/stm32h7xx_hal_flash_ex.c ****   * @param  BootAddress0 Specifies the CM4 Boot Address 0.
1832:../../Drivers/STM32H7xx_HAL_Driver/Src/stm32h7xx_hal_flash_ex.c ****   * @param  BootAddress1 Specifies the CM4 Boot Address 1.
1833:../../Drivers/STM32H7xx_HAL_Driver/Src/stm32h7xx_hal_flash_ex.c ****   * @retval HAL Status
1834:../../Drivers/STM32H7xx_HAL_Driver/Src/stm32h7xx_hal_flash_ex.c ****   */
1835:../../Drivers/STM32H7xx_HAL_Driver/Src/stm32h7xx_hal_flash_ex.c **** static void FLASH_OB_CM4BootAddConfig(uint32_t BootOption, uint32_t BootAddress0, uint32_t BootAddr
1836:../../Drivers/STM32H7xx_HAL_Driver/Src/stm32h7xx_hal_flash_ex.c **** {
 1018              		.loc 1 1836 1 is_stmt 1 view -0
 1019              		.cfi_startproc
 1020              		@ args = 0, pretend = 0, frame = 0
 1021              		@ frame_needed = 0, uses_anonymous_args = 0
 1022              		@ link register save eliminated.
1837:../../Drivers/STM32H7xx_HAL_Driver/Src/stm32h7xx_hal_flash_ex.c ****   /* Check the parameters */
1838:../../Drivers/STM32H7xx_HAL_Driver/Src/stm32h7xx_hal_flash_ex.c ****   assert_param(IS_OB_BOOT_ADD_OPTION(BootOption));
 1023              		.loc 1 1838 3 view .LVU334
1839:../../Drivers/STM32H7xx_HAL_Driver/Src/stm32h7xx_hal_flash_ex.c **** 
1840:../../Drivers/STM32H7xx_HAL_Driver/Src/stm32h7xx_hal_flash_ex.c ****   if((BootOption & OB_BOOT_ADD0) == OB_BOOT_ADD0)
 1024              		.loc 1 1840 3 view .LVU335
 1025              		.loc 1 1840 5 is_stmt 0 view .LVU336
 1026 0000 10F0010F 		tst	r0, #1
 1027 0004 09D0     		beq	.L88
1841:../../Drivers/STM32H7xx_HAL_Driver/Src/stm32h7xx_hal_flash_ex.c ****   {
1842:../../Drivers/STM32H7xx_HAL_Driver/Src/stm32h7xx_hal_flash_ex.c ****     /* Check the parameters */
1843:../../Drivers/STM32H7xx_HAL_Driver/Src/stm32h7xx_hal_flash_ex.c ****     assert_param(IS_BOOT_ADDRESS(BootAddress0));
 1028              		.loc 1 1843 5 is_stmt 1 view .LVU337
1844:../../Drivers/STM32H7xx_HAL_Driver/Src/stm32h7xx_hal_flash_ex.c **** 
1845:../../Drivers/STM32H7xx_HAL_Driver/Src/stm32h7xx_hal_flash_ex.c ****     /* Configure CM4 BOOT ADD0 */
1846:../../Drivers/STM32H7xx_HAL_Driver/Src/stm32h7xx_hal_flash_ex.c ****     MODIFY_REG(FLASH->BOOT4_PRG, FLASH_BOOT4_BCM4_ADD0, (BootAddress0 >> 16));
 1029              		.loc 1 1846 5 view .LVU338
 1030 0006 DFF824C0 		ldr	ip, .L90
 1031 000a DCF84C30 		ldr	r3, [ip, #76]
 1032 000e 6FF30F03 		bfc	r3, #0, #16
 1033 0012 43EA1143 		orr	r3, r3, r1, lsr #16
 1034 0016 CCF84C30 		str	r3, [ip, #76]
 1035              	.L88:
1847:../../Drivers/STM32H7xx_HAL_Driver/Src/stm32h7xx_hal_flash_ex.c **** 
1848:../../Drivers/STM32H7xx_HAL_Driver/Src/stm32h7xx_hal_flash_ex.c ****   }
1849:../../Drivers/STM32H7xx_HAL_Driver/Src/stm32h7xx_hal_flash_ex.c **** 
1850:../../Drivers/STM32H7xx_HAL_Driver/Src/stm32h7xx_hal_flash_ex.c ****   if((BootOption & OB_BOOT_ADD1) == OB_BOOT_ADD1)
 1036              		.loc 1 1850 3 view .LVU339
 1037              		.loc 1 1850 5 is_stmt 0 view .LVU340
 1038 001a 10F0020F 		tst	r0, #2
 1039 001e 04D0     		beq	.L87
1851:../../Drivers/STM32H7xx_HAL_Driver/Src/stm32h7xx_hal_flash_ex.c ****   {
1852:../../Drivers/STM32H7xx_HAL_Driver/Src/stm32h7xx_hal_flash_ex.c ****     /* Check the parameters */
1853:../../Drivers/STM32H7xx_HAL_Driver/Src/stm32h7xx_hal_flash_ex.c ****     assert_param(IS_BOOT_ADDRESS(BootAddress1));
 1040              		.loc 1 1853 5 is_stmt 1 view .LVU341
1854:../../Drivers/STM32H7xx_HAL_Driver/Src/stm32h7xx_hal_flash_ex.c **** 
1855:../../Drivers/STM32H7xx_HAL_Driver/Src/stm32h7xx_hal_flash_ex.c ****     /* Configure CM4 BOOT ADD1 */
1856:../../Drivers/STM32H7xx_HAL_Driver/Src/stm32h7xx_hal_flash_ex.c ****     MODIFY_REG(FLASH->BOOT4_PRG, FLASH_BOOT4_BCM4_ADD1, BootAddress1);
 1041              		.loc 1 1856 5 view .LVU342
 1042 0020 0249     		ldr	r1, .L90
ARM GAS  /var/folders/2r/mdtt8xvd351gdc398t28_m2m0000gn/T//ccZQ9BPT.s 			page 52


 1043              	.LVL77:
 1044              		.loc 1 1856 5 is_stmt 0 view .LVU343
 1045 0022 CB6C     		ldr	r3, [r1, #76]
 1046 0024 9BB2     		uxth	r3, r3
 1047 0026 1343     		orrs	r3, r3, r2
 1048 0028 CB64     		str	r3, [r1, #76]
 1049              	.L87:
1857:../../Drivers/STM32H7xx_HAL_Driver/Src/stm32h7xx_hal_flash_ex.c ****   }
1858:../../Drivers/STM32H7xx_HAL_Driver/Src/stm32h7xx_hal_flash_ex.c **** }
 1050              		.loc 1 1858 1 view .LVU344
 1051 002a 7047     		bx	lr
 1052              	.L91:
 1053              		.align	2
 1054              	.L90:
 1055 002c 00200052 		.word	1375739904
 1056              		.cfi_endproc
 1057              	.LFE156:
 1059              		.section	.text.FLASH_OB_GetCM4BootAdd,"ax",%progbits
 1060              		.align	1
 1061              		.syntax unified
 1062              		.thumb
 1063              		.thumb_func
 1065              	FLASH_OB_GetCM4BootAdd:
 1066              	.LVL78:
 1067              	.LFB157:
1859:../../Drivers/STM32H7xx_HAL_Driver/Src/stm32h7xx_hal_flash_ex.c **** 
1860:../../Drivers/STM32H7xx_HAL_Driver/Src/stm32h7xx_hal_flash_ex.c **** /**
1861:../../Drivers/STM32H7xx_HAL_Driver/Src/stm32h7xx_hal_flash_ex.c ****   * @brief  Get CM4 Boot address
1862:../../Drivers/STM32H7xx_HAL_Driver/Src/stm32h7xx_hal_flash_ex.c ****   * @param  BootAddress0 Specifies the CM4 Boot Address 0.
1863:../../Drivers/STM32H7xx_HAL_Driver/Src/stm32h7xx_hal_flash_ex.c ****   * @param  BootAddress1 Specifies the CM4 Boot Address 1.
1864:../../Drivers/STM32H7xx_HAL_Driver/Src/stm32h7xx_hal_flash_ex.c ****   * @retval HAL Status
1865:../../Drivers/STM32H7xx_HAL_Driver/Src/stm32h7xx_hal_flash_ex.c ****   */
1866:../../Drivers/STM32H7xx_HAL_Driver/Src/stm32h7xx_hal_flash_ex.c **** static void FLASH_OB_GetCM4BootAdd(uint32_t *BootAddress0, uint32_t *BootAddress1)
1867:../../Drivers/STM32H7xx_HAL_Driver/Src/stm32h7xx_hal_flash_ex.c **** {
 1068              		.loc 1 1867 1 is_stmt 1 view -0
 1069              		.cfi_startproc
 1070              		@ args = 0, pretend = 0, frame = 0
 1071              		@ frame_needed = 0, uses_anonymous_args = 0
 1072              		@ link register save eliminated.
1868:../../Drivers/STM32H7xx_HAL_Driver/Src/stm32h7xx_hal_flash_ex.c ****   uint32_t regvalue;
 1073              		.loc 1 1868 3 view .LVU346
1869:../../Drivers/STM32H7xx_HAL_Driver/Src/stm32h7xx_hal_flash_ex.c **** 
1870:../../Drivers/STM32H7xx_HAL_Driver/Src/stm32h7xx_hal_flash_ex.c ****   regvalue = FLASH->BOOT4_CUR;
 1074              		.loc 1 1870 3 view .LVU347
 1075              		.loc 1 1870 12 is_stmt 0 view .LVU348
 1076 0000 034B     		ldr	r3, .L93
 1077 0002 9B6C     		ldr	r3, [r3, #72]
 1078              	.LVL79:
1871:../../Drivers/STM32H7xx_HAL_Driver/Src/stm32h7xx_hal_flash_ex.c **** 
1872:../../Drivers/STM32H7xx_HAL_Driver/Src/stm32h7xx_hal_flash_ex.c ****   (*BootAddress0) = (regvalue & FLASH_BOOT4_BCM4_ADD0) << 16;
 1079              		.loc 1 1872 3 is_stmt 1 view .LVU349
 1080              		.loc 1 1872 56 is_stmt 0 view .LVU350
 1081 0004 1A04     		lsls	r2, r3, #16
 1082              		.loc 1 1872 19 view .LVU351
 1083 0006 0260     		str	r2, [r0]
1873:../../Drivers/STM32H7xx_HAL_Driver/Src/stm32h7xx_hal_flash_ex.c ****   (*BootAddress1) = (regvalue & FLASH_BOOT4_BCM4_ADD1);
 1084              		.loc 1 1873 3 is_stmt 1 view .LVU352
ARM GAS  /var/folders/2r/mdtt8xvd351gdc398t28_m2m0000gn/T//ccZQ9BPT.s 			page 53


 1085              		.loc 1 1873 31 is_stmt 0 view .LVU353
 1086 0008 6FF30F03 		bfc	r3, #0, #16
 1087              	.LVL80:
 1088              		.loc 1 1873 19 view .LVU354
 1089 000c 0B60     		str	r3, [r1]
1874:../../Drivers/STM32H7xx_HAL_Driver/Src/stm32h7xx_hal_flash_ex.c **** }
 1090              		.loc 1 1874 1 view .LVU355
 1091 000e 7047     		bx	lr
 1092              	.L94:
 1093              		.align	2
 1094              	.L93:
 1095 0010 00200052 		.word	1375739904
 1096              		.cfi_endproc
 1097              	.LFE157:
 1099              		.section	.text.FLASH_OB_SecureAreaConfig,"ax",%progbits
 1100              		.align	1
 1101              		.syntax unified
 1102              		.thumb
 1103              		.thumb_func
 1105              	FLASH_OB_SecureAreaConfig:
 1106              	.LVL81:
 1107              	.LFB158:
1875:../../Drivers/STM32H7xx_HAL_Driver/Src/stm32h7xx_hal_flash_ex.c **** #endif /*DUAL_CORE*/
1876:../../Drivers/STM32H7xx_HAL_Driver/Src/stm32h7xx_hal_flash_ex.c **** 
1877:../../Drivers/STM32H7xx_HAL_Driver/Src/stm32h7xx_hal_flash_ex.c **** /**
1878:../../Drivers/STM32H7xx_HAL_Driver/Src/stm32h7xx_hal_flash_ex.c ****   * @brief  Set secure area configuration
1879:../../Drivers/STM32H7xx_HAL_Driver/Src/stm32h7xx_hal_flash_ex.c ****   * @param  SecureAreaConfig specify if the secure area will be deleted or not
1880:../../Drivers/STM32H7xx_HAL_Driver/Src/stm32h7xx_hal_flash_ex.c ****   *         when RDP level decreased from Level 1 to Level 0 or during a mass erase.
1881:../../Drivers/STM32H7xx_HAL_Driver/Src/stm32h7xx_hal_flash_ex.c ****   *
1882:../../Drivers/STM32H7xx_HAL_Driver/Src/stm32h7xx_hal_flash_ex.c ****   * @param  SecureAreaStartAddr Specifies the secure area start address
1883:../../Drivers/STM32H7xx_HAL_Driver/Src/stm32h7xx_hal_flash_ex.c ****   * @param  SecureAreaEndAddr Specifies the secure area end address
1884:../../Drivers/STM32H7xx_HAL_Driver/Src/stm32h7xx_hal_flash_ex.c ****   * @param  Banks the specific bank to apply Security protection
1885:../../Drivers/STM32H7xx_HAL_Driver/Src/stm32h7xx_hal_flash_ex.c ****   *          This parameter can be one of the following values:
1886:../../Drivers/STM32H7xx_HAL_Driver/Src/stm32h7xx_hal_flash_ex.c ****   *            @arg FLASH_BANK_1: Secure area on specified bank1 area
1887:../../Drivers/STM32H7xx_HAL_Driver/Src/stm32h7xx_hal_flash_ex.c ****   *            @arg FLASH_BANK_2: Secure area on specified bank2 area
1888:../../Drivers/STM32H7xx_HAL_Driver/Src/stm32h7xx_hal_flash_ex.c ****   *            @arg FLASH_BANK_BOTH: Secure area on specified bank1 and bank2 area (same config wil
1889:../../Drivers/STM32H7xx_HAL_Driver/Src/stm32h7xx_hal_flash_ex.c ****   * @retval None
1890:../../Drivers/STM32H7xx_HAL_Driver/Src/stm32h7xx_hal_flash_ex.c ****   */
1891:../../Drivers/STM32H7xx_HAL_Driver/Src/stm32h7xx_hal_flash_ex.c **** static void FLASH_OB_SecureAreaConfig(uint32_t SecureAreaConfig, uint32_t SecureAreaStartAddr, uint
1892:../../Drivers/STM32H7xx_HAL_Driver/Src/stm32h7xx_hal_flash_ex.c **** {
 1108              		.loc 1 1892 1 is_stmt 1 view -0
 1109              		.cfi_startproc
 1110              		@ args = 0, pretend = 0, frame = 0
 1111              		@ frame_needed = 0, uses_anonymous_args = 0
 1112              		.loc 1 1892 1 is_stmt 0 view .LVU357
 1113 0000 00B5     		push	{lr}
 1114              	.LCFI3:
 1115              		.cfi_def_cfa_offset 4
 1116              		.cfi_offset 14, -4
1893:../../Drivers/STM32H7xx_HAL_Driver/Src/stm32h7xx_hal_flash_ex.c ****   /* Check the parameters */
1894:../../Drivers/STM32H7xx_HAL_Driver/Src/stm32h7xx_hal_flash_ex.c ****   assert_param(IS_FLASH_BANK(Banks));
 1117              		.loc 1 1894 3 is_stmt 1 view .LVU358
1895:../../Drivers/STM32H7xx_HAL_Driver/Src/stm32h7xx_hal_flash_ex.c ****   assert_param(IS_OB_SECURE_RDP(SecureAreaConfig));
 1118              		.loc 1 1895 3 view .LVU359
1896:../../Drivers/STM32H7xx_HAL_Driver/Src/stm32h7xx_hal_flash_ex.c **** 
1897:../../Drivers/STM32H7xx_HAL_Driver/Src/stm32h7xx_hal_flash_ex.c ****   if((Banks & FLASH_BANK_1) == FLASH_BANK_1)
 1119              		.loc 1 1897 3 view .LVU360
ARM GAS  /var/folders/2r/mdtt8xvd351gdc398t28_m2m0000gn/T//ccZQ9BPT.s 			page 54


 1120              		.loc 1 1897 5 is_stmt 0 view .LVU361
 1121 0002 13F0010F 		tst	r3, #1
 1122 0006 11D0     		beq	.L96
1898:../../Drivers/STM32H7xx_HAL_Driver/Src/stm32h7xx_hal_flash_ex.c ****   {
1899:../../Drivers/STM32H7xx_HAL_Driver/Src/stm32h7xx_hal_flash_ex.c ****     /* Check the parameters */
1900:../../Drivers/STM32H7xx_HAL_Driver/Src/stm32h7xx_hal_flash_ex.c ****     assert_param(IS_FLASH_PROGRAM_ADDRESS_BANK1(SecureAreaStartAddr));
 1123              		.loc 1 1900 5 is_stmt 1 view .LVU362
1901:../../Drivers/STM32H7xx_HAL_Driver/Src/stm32h7xx_hal_flash_ex.c ****     assert_param(IS_FLASH_PROGRAM_ADDRESS_BANK1(SecureAreaEndAddr));
 1124              		.loc 1 1901 5 view .LVU363
1902:../../Drivers/STM32H7xx_HAL_Driver/Src/stm32h7xx_hal_flash_ex.c **** 
1903:../../Drivers/STM32H7xx_HAL_Driver/Src/stm32h7xx_hal_flash_ex.c ****     /* Configure the secure area */
1904:../../Drivers/STM32H7xx_HAL_Driver/Src/stm32h7xx_hal_flash_ex.c ****     FLASH->SCAR_PRG1 = ((SecureAreaStartAddr - FLASH_BANK1_BASE) >> 8)                             
 1125              		.loc 1 1904 5 view .LVU364
 1126              		.loc 1 1904 46 is_stmt 0 view .LVU365
 1127 0008 01F1784E 		add	lr, r1, #-134217728
1905:../../Drivers/STM32H7xx_HAL_Driver/Src/stm32h7xx_hal_flash_ex.c ****                        (((SecureAreaEndAddr - FLASH_BANK1_BASE) >> 8) << FLASH_SCAR_SEC_AREA_END_Po
 1128              		.loc 1 1905 45 view .LVU366
 1129 000c 02F1784C 		add	ip, r2, #-134217728
 1130              		.loc 1 1905 65 view .LVU367
 1131 0010 4FEA1C2C 		lsr	ip, ip, #8
 1132              		.loc 1 1905 71 view .LVU368
 1133 0014 4FEA0C4C 		lsl	ip, ip, #16
1904:../../Drivers/STM32H7xx_HAL_Driver/Src/stm32h7xx_hal_flash_ex.c ****                        (((SecureAreaEndAddr - FLASH_BANK1_BASE) >> 8) << FLASH_SCAR_SEC_AREA_END_Po
 1134              		.loc 1 1904 103 view .LVU369
 1135 0018 4CEA1E2C 		orr	ip, ip, lr, lsr #8
1906:../../Drivers/STM32H7xx_HAL_Driver/Src/stm32h7xx_hal_flash_ex.c ****                        (SecureAreaConfig & FLASH_SCAR_DMES);
 1136              		.loc 1 1906 42 view .LVU370
 1137 001c 00F0004E 		and	lr, r0, #-2147483648
1905:../../Drivers/STM32H7xx_HAL_Driver/Src/stm32h7xx_hal_flash_ex.c ****                        (((SecureAreaEndAddr - FLASH_BANK1_BASE) >> 8) << FLASH_SCAR_SEC_AREA_END_Po
 1138              		.loc 1 1905 103 view .LVU371
 1139 0020 4CEA0E0C 		orr	ip, ip, lr
1904:../../Drivers/STM32H7xx_HAL_Driver/Src/stm32h7xx_hal_flash_ex.c ****                        (((SecureAreaEndAddr - FLASH_BANK1_BASE) >> 8) << FLASH_SCAR_SEC_AREA_END_Po
 1140              		.loc 1 1904 22 view .LVU372
 1141 0024 DFF828E0 		ldr	lr, .L99
 1142 0028 CEF834C0 		str	ip, [lr, #52]
 1143              	.L96:
1907:../../Drivers/STM32H7xx_HAL_Driver/Src/stm32h7xx_hal_flash_ex.c ****   }
1908:../../Drivers/STM32H7xx_HAL_Driver/Src/stm32h7xx_hal_flash_ex.c **** 
1909:../../Drivers/STM32H7xx_HAL_Driver/Src/stm32h7xx_hal_flash_ex.c **** #if defined (DUAL_BANK)
1910:../../Drivers/STM32H7xx_HAL_Driver/Src/stm32h7xx_hal_flash_ex.c ****   if((Banks & FLASH_BANK_2) == FLASH_BANK_2)
 1144              		.loc 1 1910 3 is_stmt 1 view .LVU373
 1145              		.loc 1 1910 5 is_stmt 0 view .LVU374
 1146 002c 13F0020F 		tst	r3, #2
 1147 0030 0DD0     		beq	.L95
1911:../../Drivers/STM32H7xx_HAL_Driver/Src/stm32h7xx_hal_flash_ex.c ****   {
1912:../../Drivers/STM32H7xx_HAL_Driver/Src/stm32h7xx_hal_flash_ex.c ****     /* Check the parameters */
1913:../../Drivers/STM32H7xx_HAL_Driver/Src/stm32h7xx_hal_flash_ex.c ****     assert_param(IS_FLASH_PROGRAM_ADDRESS_BANK2(SecureAreaStartAddr));
 1148              		.loc 1 1913 5 is_stmt 1 view .LVU375
1914:../../Drivers/STM32H7xx_HAL_Driver/Src/stm32h7xx_hal_flash_ex.c ****     assert_param(IS_FLASH_PROGRAM_ADDRESS_BANK2(SecureAreaEndAddr));
 1149              		.loc 1 1914 5 view .LVU376
1915:../../Drivers/STM32H7xx_HAL_Driver/Src/stm32h7xx_hal_flash_ex.c **** 
1916:../../Drivers/STM32H7xx_HAL_Driver/Src/stm32h7xx_hal_flash_ex.c ****     /* Configure the secure area */
1917:../../Drivers/STM32H7xx_HAL_Driver/Src/stm32h7xx_hal_flash_ex.c ****     FLASH->SCAR_PRG2 = ((SecureAreaStartAddr - FLASH_BANK2_BASE) >> 8)                             
 1150              		.loc 1 1917 5 view .LVU377
 1151              		.loc 1 1917 46 is_stmt 0 view .LVU378
 1152 0032 A1F10161 		sub	r1, r1, #135266304
 1153              	.LVL82:
ARM GAS  /var/folders/2r/mdtt8xvd351gdc398t28_m2m0000gn/T//ccZQ9BPT.s 			page 55


1918:../../Drivers/STM32H7xx_HAL_Driver/Src/stm32h7xx_hal_flash_ex.c ****                        (((SecureAreaEndAddr - FLASH_BANK2_BASE) >> 8) << FLASH_SCAR_SEC_AREA_END_Po
 1154              		.loc 1 1918 45 view .LVU379
 1155 0036 A2F10162 		sub	r2, r2, #135266304
 1156              	.LVL83:
 1157              		.loc 1 1918 65 view .LVU380
 1158 003a 120A     		lsrs	r2, r2, #8
 1159              	.LVL84:
 1160              		.loc 1 1918 71 view .LVU381
 1161 003c 1204     		lsls	r2, r2, #16
1917:../../Drivers/STM32H7xx_HAL_Driver/Src/stm32h7xx_hal_flash_ex.c ****                        (((SecureAreaEndAddr - FLASH_BANK2_BASE) >> 8) << FLASH_SCAR_SEC_AREA_END_Po
 1162              		.loc 1 1917 103 view .LVU382
 1163 003e 42EA1121 		orr	r1, r2, r1, lsr #8
 1164              	.LVL85:
1919:../../Drivers/STM32H7xx_HAL_Driver/Src/stm32h7xx_hal_flash_ex.c ****                        (SecureAreaConfig & FLASH_SCAR_DMES);
 1165              		.loc 1 1919 42 view .LVU383
 1166 0042 00F00040 		and	r0, r0, #-2147483648
 1167              	.LVL86:
1918:../../Drivers/STM32H7xx_HAL_Driver/Src/stm32h7xx_hal_flash_ex.c ****                        (((SecureAreaEndAddr - FLASH_BANK2_BASE) >> 8) << FLASH_SCAR_SEC_AREA_END_Po
 1168              		.loc 1 1918 103 view .LVU384
 1169 0046 0843     		orrs	r0, r0, r1
1917:../../Drivers/STM32H7xx_HAL_Driver/Src/stm32h7xx_hal_flash_ex.c ****                        (((SecureAreaEndAddr - FLASH_BANK2_BASE) >> 8) << FLASH_SCAR_SEC_AREA_END_Po
 1170              		.loc 1 1917 22 view .LVU385
 1171 0048 014B     		ldr	r3, .L99
 1172              	.LVL87:
1917:../../Drivers/STM32H7xx_HAL_Driver/Src/stm32h7xx_hal_flash_ex.c ****                        (((SecureAreaEndAddr - FLASH_BANK2_BASE) >> 8) << FLASH_SCAR_SEC_AREA_END_Po
 1173              		.loc 1 1917 22 view .LVU386
 1174 004a C3F83401 		str	r0, [r3, #308]
 1175              	.L95:
1920:../../Drivers/STM32H7xx_HAL_Driver/Src/stm32h7xx_hal_flash_ex.c ****   }
1921:../../Drivers/STM32H7xx_HAL_Driver/Src/stm32h7xx_hal_flash_ex.c **** #endif /* DUAL_BANK */
1922:../../Drivers/STM32H7xx_HAL_Driver/Src/stm32h7xx_hal_flash_ex.c **** }
 1176              		.loc 1 1922 1 view .LVU387
 1177 004e 00BD     		pop	{pc}
 1178              	.L100:
 1179              		.align	2
 1180              	.L99:
 1181 0050 00200052 		.word	1375739904
 1182              		.cfi_endproc
 1183              	.LFE158:
 1185              		.section	.text.FLASH_OB_GetSecureArea,"ax",%progbits
 1186              		.align	1
 1187              		.syntax unified
 1188              		.thumb
 1189              		.thumb_func
 1191              	FLASH_OB_GetSecureArea:
 1192              	.LVL88:
 1193              	.LFB159:
1923:../../Drivers/STM32H7xx_HAL_Driver/Src/stm32h7xx_hal_flash_ex.c **** 
1924:../../Drivers/STM32H7xx_HAL_Driver/Src/stm32h7xx_hal_flash_ex.c **** /**
1925:../../Drivers/STM32H7xx_HAL_Driver/Src/stm32h7xx_hal_flash_ex.c ****   * @brief  Get secure area configuration
1926:../../Drivers/STM32H7xx_HAL_Driver/Src/stm32h7xx_hal_flash_ex.c ****   * @param  SecureAreaConfig indicates if the secure area will be deleted or not
1927:../../Drivers/STM32H7xx_HAL_Driver/Src/stm32h7xx_hal_flash_ex.c ****   *         when RDP level decreased from Level 1 to Level 0 or during a mass erase.
1928:../../Drivers/STM32H7xx_HAL_Driver/Src/stm32h7xx_hal_flash_ex.c ****   * @param  SecureAreaStartAddr gives the secure area start address
1929:../../Drivers/STM32H7xx_HAL_Driver/Src/stm32h7xx_hal_flash_ex.c ****   * @param  SecureAreaEndAddr gives the secure area end address
1930:../../Drivers/STM32H7xx_HAL_Driver/Src/stm32h7xx_hal_flash_ex.c ****   * @param  Bank Specifies the Bank
1931:../../Drivers/STM32H7xx_HAL_Driver/Src/stm32h7xx_hal_flash_ex.c ****   * @retval None
1932:../../Drivers/STM32H7xx_HAL_Driver/Src/stm32h7xx_hal_flash_ex.c ****   */
ARM GAS  /var/folders/2r/mdtt8xvd351gdc398t28_m2m0000gn/T//ccZQ9BPT.s 			page 56


1933:../../Drivers/STM32H7xx_HAL_Driver/Src/stm32h7xx_hal_flash_ex.c **** static void FLASH_OB_GetSecureArea(uint32_t *SecureAreaConfig, uint32_t *SecureAreaStartAddr, uint3
1934:../../Drivers/STM32H7xx_HAL_Driver/Src/stm32h7xx_hal_flash_ex.c **** {
 1194              		.loc 1 1934 1 is_stmt 1 view -0
 1195              		.cfi_startproc
 1196              		@ args = 0, pretend = 0, frame = 0
 1197              		@ frame_needed = 0, uses_anonymous_args = 0
 1198              		.loc 1 1934 1 is_stmt 0 view .LVU389
 1199 0000 00B5     		push	{lr}
 1200              	.LCFI4:
 1201              		.cfi_def_cfa_offset 4
 1202              		.cfi_offset 14, -4
 1203 0002 8E46     		mov	lr, r1
1935:../../Drivers/STM32H7xx_HAL_Driver/Src/stm32h7xx_hal_flash_ex.c ****   uint32_t regvalue = 0;
 1204              		.loc 1 1935 3 is_stmt 1 view .LVU390
 1205              	.LVL89:
1936:../../Drivers/STM32H7xx_HAL_Driver/Src/stm32h7xx_hal_flash_ex.c ****   uint32_t bankBase = 0;
 1206              		.loc 1 1936 3 view .LVU391
1937:../../Drivers/STM32H7xx_HAL_Driver/Src/stm32h7xx_hal_flash_ex.c **** 
1938:../../Drivers/STM32H7xx_HAL_Driver/Src/stm32h7xx_hal_flash_ex.c ****   /* Check Bank parameter value */
1939:../../Drivers/STM32H7xx_HAL_Driver/Src/stm32h7xx_hal_flash_ex.c ****   if(Bank == FLASH_BANK_1)
 1207              		.loc 1 1939 3 view .LVU392
 1208              		.loc 1 1939 5 is_stmt 0 view .LVU393
 1209 0004 012B     		cmp	r3, #1
 1210 0006 14D0     		beq	.L106
1940:../../Drivers/STM32H7xx_HAL_Driver/Src/stm32h7xx_hal_flash_ex.c ****   {
1941:../../Drivers/STM32H7xx_HAL_Driver/Src/stm32h7xx_hal_flash_ex.c ****     regvalue = FLASH->SCAR_CUR1;
1942:../../Drivers/STM32H7xx_HAL_Driver/Src/stm32h7xx_hal_flash_ex.c ****     bankBase = FLASH_BANK1_BASE;
1943:../../Drivers/STM32H7xx_HAL_Driver/Src/stm32h7xx_hal_flash_ex.c ****   }
1944:../../Drivers/STM32H7xx_HAL_Driver/Src/stm32h7xx_hal_flash_ex.c **** 
1945:../../Drivers/STM32H7xx_HAL_Driver/Src/stm32h7xx_hal_flash_ex.c **** #if defined (DUAL_BANK)
1946:../../Drivers/STM32H7xx_HAL_Driver/Src/stm32h7xx_hal_flash_ex.c ****   if(Bank == FLASH_BANK_2)
 1211              		.loc 1 1946 3 is_stmt 1 view .LVU394
 1212              		.loc 1 1946 5 is_stmt 0 view .LVU395
 1213 0008 022B     		cmp	r3, #2
 1214 000a 17D0     		beq	.L107
 1215 000c 4FF0000C 		mov	ip, #0
 1216 0010 6346     		mov	r3, ip
 1217              	.LVL90:
 1218              	.L103:
1947:../../Drivers/STM32H7xx_HAL_Driver/Src/stm32h7xx_hal_flash_ex.c ****   {
1948:../../Drivers/STM32H7xx_HAL_Driver/Src/stm32h7xx_hal_flash_ex.c ****     regvalue = FLASH->SCAR_CUR2;
1949:../../Drivers/STM32H7xx_HAL_Driver/Src/stm32h7xx_hal_flash_ex.c ****     bankBase = FLASH_BANK2_BASE;
1950:../../Drivers/STM32H7xx_HAL_Driver/Src/stm32h7xx_hal_flash_ex.c ****   }
1951:../../Drivers/STM32H7xx_HAL_Driver/Src/stm32h7xx_hal_flash_ex.c **** #endif /* DUAL_BANK */
1952:../../Drivers/STM32H7xx_HAL_Driver/Src/stm32h7xx_hal_flash_ex.c **** 
1953:../../Drivers/STM32H7xx_HAL_Driver/Src/stm32h7xx_hal_flash_ex.c ****   /* Get the secure area settings */
1954:../../Drivers/STM32H7xx_HAL_Driver/Src/stm32h7xx_hal_flash_ex.c ****   (*SecureAreaConfig) = (regvalue & FLASH_SCAR_DMES);
 1219              		.loc 1 1954 3 is_stmt 1 view .LVU396
 1220              		.loc 1 1954 35 is_stmt 0 view .LVU397
 1221 0012 03F00041 		and	r1, r3, #-2147483648
 1222              	.LVL91:
 1223              		.loc 1 1954 23 view .LVU398
 1224 0016 0160     		str	r1, [r0]
1955:../../Drivers/STM32H7xx_HAL_Driver/Src/stm32h7xx_hal_flash_ex.c ****   (*SecureAreaStartAddr) = ((regvalue & FLASH_SCAR_SEC_AREA_START) << 8) + bankBase;
 1225              		.loc 1 1955 3 is_stmt 1 view .LVU399
 1226              		.loc 1 1955 68 is_stmt 0 view .LVU400
 1227 0018 0B48     		ldr	r0, .L108
ARM GAS  /var/folders/2r/mdtt8xvd351gdc398t28_m2m0000gn/T//ccZQ9BPT.s 			page 57


 1228              	.LVL92:
 1229              		.loc 1 1955 68 view .LVU401
 1230 001a 00EA0320 		and	r0, r0, r3, lsl #8
 1231              		.loc 1 1955 74 view .LVU402
 1232 001e 6044     		add	r0, r0, ip
 1233              		.loc 1 1955 26 view .LVU403
 1234 0020 CEF80000 		str	r0, [lr]
1956:../../Drivers/STM32H7xx_HAL_Driver/Src/stm32h7xx_hal_flash_ex.c ****   (*SecureAreaEndAddr) = (regvalue & FLASH_SCAR_SEC_AREA_END) >> FLASH_SCAR_SEC_AREA_END_Pos;
 1235              		.loc 1 1956 3 is_stmt 1 view .LVU404
 1236              		.loc 1 1956 63 is_stmt 0 view .LVU405
 1237 0024 C3F30B43 		ubfx	r3, r3, #16, #12
 1238              	.LVL93:
 1239              		.loc 1 1956 24 view .LVU406
 1240 0028 1360     		str	r3, [r2]
1957:../../Drivers/STM32H7xx_HAL_Driver/Src/stm32h7xx_hal_flash_ex.c ****   (*SecureAreaEndAddr) = ((*SecureAreaEndAddr) << 8) + bankBase;
 1241              		.loc 1 1957 3 is_stmt 1 view .LVU407
 1242              		.loc 1 1957 54 is_stmt 0 view .LVU408
 1243 002a 0CEB0323 		add	r3, ip, r3, lsl #8
 1244              		.loc 1 1957 24 view .LVU409
 1245 002e 1360     		str	r3, [r2]
1958:../../Drivers/STM32H7xx_HAL_Driver/Src/stm32h7xx_hal_flash_ex.c **** }
 1246              		.loc 1 1958 1 view .LVU410
 1247 0030 00BD     		pop	{pc}
 1248              	.LVL94:
 1249              	.L106:
1941:../../Drivers/STM32H7xx_HAL_Driver/Src/stm32h7xx_hal_flash_ex.c ****     bankBase = FLASH_BANK1_BASE;
 1250              		.loc 1 1941 5 is_stmt 1 view .LVU411
1941:../../Drivers/STM32H7xx_HAL_Driver/Src/stm32h7xx_hal_flash_ex.c ****     bankBase = FLASH_BANK1_BASE;
 1251              		.loc 1 1941 14 is_stmt 0 view .LVU412
 1252 0032 064B     		ldr	r3, .L108+4
 1253              	.LVL95:
1941:../../Drivers/STM32H7xx_HAL_Driver/Src/stm32h7xx_hal_flash_ex.c ****     bankBase = FLASH_BANK1_BASE;
 1254              		.loc 1 1941 14 view .LVU413
 1255 0034 1B6B     		ldr	r3, [r3, #48]
 1256              	.LVL96:
1942:../../Drivers/STM32H7xx_HAL_Driver/Src/stm32h7xx_hal_flash_ex.c ****   }
 1257              		.loc 1 1942 5 is_stmt 1 view .LVU414
1946:../../Drivers/STM32H7xx_HAL_Driver/Src/stm32h7xx_hal_flash_ex.c ****   {
 1258              		.loc 1 1946 3 view .LVU415
1942:../../Drivers/STM32H7xx_HAL_Driver/Src/stm32h7xx_hal_flash_ex.c ****   }
 1259              		.loc 1 1942 14 is_stmt 0 view .LVU416
 1260 0036 4FF0006C 		mov	ip, #134217728
 1261 003a EAE7     		b	.L103
 1262              	.LVL97:
 1263              	.L107:
1948:../../Drivers/STM32H7xx_HAL_Driver/Src/stm32h7xx_hal_flash_ex.c ****     bankBase = FLASH_BANK2_BASE;
 1264              		.loc 1 1948 5 is_stmt 1 view .LVU417
1948:../../Drivers/STM32H7xx_HAL_Driver/Src/stm32h7xx_hal_flash_ex.c ****     bankBase = FLASH_BANK2_BASE;
 1265              		.loc 1 1948 14 is_stmt 0 view .LVU418
 1266 003c 034B     		ldr	r3, .L108+4
 1267              	.LVL98:
1948:../../Drivers/STM32H7xx_HAL_Driver/Src/stm32h7xx_hal_flash_ex.c ****     bankBase = FLASH_BANK2_BASE;
 1268              		.loc 1 1948 14 view .LVU419
 1269 003e D3F83031 		ldr	r3, [r3, #304]
 1270              	.LVL99:
1949:../../Drivers/STM32H7xx_HAL_Driver/Src/stm32h7xx_hal_flash_ex.c ****   }
 1271              		.loc 1 1949 5 is_stmt 1 view .LVU420
ARM GAS  /var/folders/2r/mdtt8xvd351gdc398t28_m2m0000gn/T//ccZQ9BPT.s 			page 58


1949:../../Drivers/STM32H7xx_HAL_Driver/Src/stm32h7xx_hal_flash_ex.c ****   }
 1272              		.loc 1 1949 14 is_stmt 0 view .LVU421
 1273 0042 4FF0016C 		mov	ip, #135266304
 1274 0046 E4E7     		b	.L103
 1275              	.L109:
 1276              		.align	2
 1277              	.L108:
 1278 0048 00FF0F00 		.word	1048320
 1279 004c 00200052 		.word	1375739904
 1280              		.cfi_endproc
 1281              	.LFE159:
 1283              		.section	.text.FLASH_CRC_AddSector,"ax",%progbits
 1284              		.align	1
 1285              		.syntax unified
 1286              		.thumb
 1287              		.thumb_func
 1289              	FLASH_CRC_AddSector:
 1290              	.LVL100:
 1291              	.LFB160:
1959:../../Drivers/STM32H7xx_HAL_Driver/Src/stm32h7xx_hal_flash_ex.c **** 
1960:../../Drivers/STM32H7xx_HAL_Driver/Src/stm32h7xx_hal_flash_ex.c **** /**
1961:../../Drivers/STM32H7xx_HAL_Driver/Src/stm32h7xx_hal_flash_ex.c ****   * @brief  Add a CRC sector to the list of sectors on which the CRC will be calculated
1962:../../Drivers/STM32H7xx_HAL_Driver/Src/stm32h7xx_hal_flash_ex.c ****   * @param  Sector Specifies the CRC sector number
1963:../../Drivers/STM32H7xx_HAL_Driver/Src/stm32h7xx_hal_flash_ex.c ****   * @param  Bank Specifies the Bank
1964:../../Drivers/STM32H7xx_HAL_Driver/Src/stm32h7xx_hal_flash_ex.c ****   * @retval None
1965:../../Drivers/STM32H7xx_HAL_Driver/Src/stm32h7xx_hal_flash_ex.c ****   */
1966:../../Drivers/STM32H7xx_HAL_Driver/Src/stm32h7xx_hal_flash_ex.c **** static void FLASH_CRC_AddSector(uint32_t Sector, uint32_t Bank)
1967:../../Drivers/STM32H7xx_HAL_Driver/Src/stm32h7xx_hal_flash_ex.c **** {
 1292              		.loc 1 1967 1 is_stmt 1 view -0
 1293              		.cfi_startproc
 1294              		@ args = 0, pretend = 0, frame = 0
 1295              		@ frame_needed = 0, uses_anonymous_args = 0
 1296              		@ link register save eliminated.
1968:../../Drivers/STM32H7xx_HAL_Driver/Src/stm32h7xx_hal_flash_ex.c ****   /* Check the parameters */
1969:../../Drivers/STM32H7xx_HAL_Driver/Src/stm32h7xx_hal_flash_ex.c ****   assert_param(IS_FLASH_SECTOR(Sector));
 1297              		.loc 1 1969 3 view .LVU423
1970:../../Drivers/STM32H7xx_HAL_Driver/Src/stm32h7xx_hal_flash_ex.c **** 
1971:../../Drivers/STM32H7xx_HAL_Driver/Src/stm32h7xx_hal_flash_ex.c ****   if (Bank == FLASH_BANK_1)
 1298              		.loc 1 1971 3 view .LVU424
 1299              		.loc 1 1971 6 is_stmt 0 view .LVU425
 1300 0000 0129     		cmp	r1, #1
 1301 0002 0ED0     		beq	.L113
1972:../../Drivers/STM32H7xx_HAL_Driver/Src/stm32h7xx_hal_flash_ex.c ****   {
1973:../../Drivers/STM32H7xx_HAL_Driver/Src/stm32h7xx_hal_flash_ex.c ****     /* Clear CRC sector */
1974:../../Drivers/STM32H7xx_HAL_Driver/Src/stm32h7xx_hal_flash_ex.c ****     FLASH->CRCCR1 &= (~FLASH_CRCCR_CRC_SECT);
1975:../../Drivers/STM32H7xx_HAL_Driver/Src/stm32h7xx_hal_flash_ex.c **** 
1976:../../Drivers/STM32H7xx_HAL_Driver/Src/stm32h7xx_hal_flash_ex.c ****     /* Select CRC Sector and activate ADD_SECT bit */
1977:../../Drivers/STM32H7xx_HAL_Driver/Src/stm32h7xx_hal_flash_ex.c ****     FLASH->CRCCR1 |= Sector | FLASH_CRCCR_ADD_SECT;
1978:../../Drivers/STM32H7xx_HAL_Driver/Src/stm32h7xx_hal_flash_ex.c ****   }
1979:../../Drivers/STM32H7xx_HAL_Driver/Src/stm32h7xx_hal_flash_ex.c **** #if defined (DUAL_BANK)
1980:../../Drivers/STM32H7xx_HAL_Driver/Src/stm32h7xx_hal_flash_ex.c ****   else
1981:../../Drivers/STM32H7xx_HAL_Driver/Src/stm32h7xx_hal_flash_ex.c ****   {
1982:../../Drivers/STM32H7xx_HAL_Driver/Src/stm32h7xx_hal_flash_ex.c ****     /* Clear CRC sector */
1983:../../Drivers/STM32H7xx_HAL_Driver/Src/stm32h7xx_hal_flash_ex.c ****     FLASH->CRCCR2 &= (~FLASH_CRCCR_CRC_SECT);
 1302              		.loc 1 1983 5 is_stmt 1 view .LVU426
 1303              		.loc 1 1983 10 is_stmt 0 view .LVU427
 1304 0004 0C4A     		ldr	r2, .L114
ARM GAS  /var/folders/2r/mdtt8xvd351gdc398t28_m2m0000gn/T//ccZQ9BPT.s 			page 59


 1305 0006 D2F85031 		ldr	r3, [r2, #336]
 1306              		.loc 1 1983 19 view .LVU428
 1307 000a 23F00703 		bic	r3, r3, #7
 1308 000e C2F85031 		str	r3, [r2, #336]
1984:../../Drivers/STM32H7xx_HAL_Driver/Src/stm32h7xx_hal_flash_ex.c **** 
1985:../../Drivers/STM32H7xx_HAL_Driver/Src/stm32h7xx_hal_flash_ex.c ****     /* Select CRC Sector and activate ADD_SECT bit */
1986:../../Drivers/STM32H7xx_HAL_Driver/Src/stm32h7xx_hal_flash_ex.c ****     FLASH->CRCCR2 |= Sector | FLASH_CRCCR_ADD_SECT;
 1309              		.loc 1 1986 5 is_stmt 1 view .LVU429
 1310              		.loc 1 1986 10 is_stmt 0 view .LVU430
 1311 0012 D2F85031 		ldr	r3, [r2, #336]
 1312              		.loc 1 1986 19 view .LVU431
 1313 0016 0343     		orrs	r3, r3, r0
 1314 0018 43F40073 		orr	r3, r3, #512
 1315 001c C2F85031 		str	r3, [r2, #336]
1987:../../Drivers/STM32H7xx_HAL_Driver/Src/stm32h7xx_hal_flash_ex.c ****   }
1988:../../Drivers/STM32H7xx_HAL_Driver/Src/stm32h7xx_hal_flash_ex.c **** #endif /* DUAL_BANK */
1989:../../Drivers/STM32H7xx_HAL_Driver/Src/stm32h7xx_hal_flash_ex.c **** }
 1316              		.loc 1 1989 1 view .LVU432
 1317 0020 7047     		bx	lr
 1318              	.L113:
1974:../../Drivers/STM32H7xx_HAL_Driver/Src/stm32h7xx_hal_flash_ex.c **** 
 1319              		.loc 1 1974 5 is_stmt 1 view .LVU433
1974:../../Drivers/STM32H7xx_HAL_Driver/Src/stm32h7xx_hal_flash_ex.c **** 
 1320              		.loc 1 1974 10 is_stmt 0 view .LVU434
 1321 0022 054A     		ldr	r2, .L114
 1322 0024 136D     		ldr	r3, [r2, #80]
1974:../../Drivers/STM32H7xx_HAL_Driver/Src/stm32h7xx_hal_flash_ex.c **** 
 1323              		.loc 1 1974 19 view .LVU435
 1324 0026 23F00703 		bic	r3, r3, #7
 1325 002a 1365     		str	r3, [r2, #80]
1977:../../Drivers/STM32H7xx_HAL_Driver/Src/stm32h7xx_hal_flash_ex.c ****   }
 1326              		.loc 1 1977 5 is_stmt 1 view .LVU436
1977:../../Drivers/STM32H7xx_HAL_Driver/Src/stm32h7xx_hal_flash_ex.c ****   }
 1327              		.loc 1 1977 10 is_stmt 0 view .LVU437
 1328 002c 136D     		ldr	r3, [r2, #80]
1977:../../Drivers/STM32H7xx_HAL_Driver/Src/stm32h7xx_hal_flash_ex.c ****   }
 1329              		.loc 1 1977 19 view .LVU438
 1330 002e 0343     		orrs	r3, r3, r0
 1331 0030 43F40073 		orr	r3, r3, #512
 1332 0034 1365     		str	r3, [r2, #80]
 1333 0036 7047     		bx	lr
 1334              	.L115:
 1335              		.align	2
 1336              	.L114:
 1337 0038 00200052 		.word	1375739904
 1338              		.cfi_endproc
 1339              	.LFE160:
 1341              		.section	.text.FLASH_CRC_SelectAddress,"ax",%progbits
 1342              		.align	1
 1343              		.syntax unified
 1344              		.thumb
 1345              		.thumb_func
 1347              	FLASH_CRC_SelectAddress:
 1348              	.LVL101:
 1349              	.LFB161:
1990:../../Drivers/STM32H7xx_HAL_Driver/Src/stm32h7xx_hal_flash_ex.c **** 
1991:../../Drivers/STM32H7xx_HAL_Driver/Src/stm32h7xx_hal_flash_ex.c **** /**
ARM GAS  /var/folders/2r/mdtt8xvd351gdc398t28_m2m0000gn/T//ccZQ9BPT.s 			page 60


1992:../../Drivers/STM32H7xx_HAL_Driver/Src/stm32h7xx_hal_flash_ex.c ****   * @brief  Select CRC start and end memory addresses on which the CRC will be calculated
1993:../../Drivers/STM32H7xx_HAL_Driver/Src/stm32h7xx_hal_flash_ex.c ****   * @param  CRCStartAddr Specifies the CRC start address
1994:../../Drivers/STM32H7xx_HAL_Driver/Src/stm32h7xx_hal_flash_ex.c ****   * @param  CRCEndAddr Specifies the CRC end address
1995:../../Drivers/STM32H7xx_HAL_Driver/Src/stm32h7xx_hal_flash_ex.c ****   * @param  Bank Specifies the Bank
1996:../../Drivers/STM32H7xx_HAL_Driver/Src/stm32h7xx_hal_flash_ex.c ****   * @retval None
1997:../../Drivers/STM32H7xx_HAL_Driver/Src/stm32h7xx_hal_flash_ex.c ****   */
1998:../../Drivers/STM32H7xx_HAL_Driver/Src/stm32h7xx_hal_flash_ex.c **** static void FLASH_CRC_SelectAddress(uint32_t CRCStartAddr, uint32_t CRCEndAddr, uint32_t Bank)
1999:../../Drivers/STM32H7xx_HAL_Driver/Src/stm32h7xx_hal_flash_ex.c **** {
 1350              		.loc 1 1999 1 is_stmt 1 view -0
 1351              		.cfi_startproc
 1352              		@ args = 0, pretend = 0, frame = 0
 1353              		@ frame_needed = 0, uses_anonymous_args = 0
 1354              		@ link register save eliminated.
2000:../../Drivers/STM32H7xx_HAL_Driver/Src/stm32h7xx_hal_flash_ex.c ****   if (Bank == FLASH_BANK_1)
 1355              		.loc 1 2000 3 view .LVU440
 1356              		.loc 1 2000 6 is_stmt 0 view .LVU441
 1357 0000 012A     		cmp	r2, #1
 1358 0002 05D0     		beq	.L119
2001:../../Drivers/STM32H7xx_HAL_Driver/Src/stm32h7xx_hal_flash_ex.c ****   {
2002:../../Drivers/STM32H7xx_HAL_Driver/Src/stm32h7xx_hal_flash_ex.c ****     assert_param(IS_FLASH_PROGRAM_ADDRESS_BANK1(CRCStartAddr));
2003:../../Drivers/STM32H7xx_HAL_Driver/Src/stm32h7xx_hal_flash_ex.c ****     assert_param(IS_FLASH_PROGRAM_ADDRESS_BANK1(CRCEndAddr));
2004:../../Drivers/STM32H7xx_HAL_Driver/Src/stm32h7xx_hal_flash_ex.c **** 
2005:../../Drivers/STM32H7xx_HAL_Driver/Src/stm32h7xx_hal_flash_ex.c ****     /* Write CRC Start and End addresses */
2006:../../Drivers/STM32H7xx_HAL_Driver/Src/stm32h7xx_hal_flash_ex.c ****     FLASH->CRCSADD1 = CRCStartAddr;
2007:../../Drivers/STM32H7xx_HAL_Driver/Src/stm32h7xx_hal_flash_ex.c ****     FLASH->CRCEADD1 = CRCEndAddr;
2008:../../Drivers/STM32H7xx_HAL_Driver/Src/stm32h7xx_hal_flash_ex.c ****   }
2009:../../Drivers/STM32H7xx_HAL_Driver/Src/stm32h7xx_hal_flash_ex.c **** #if defined (DUAL_BANK)
2010:../../Drivers/STM32H7xx_HAL_Driver/Src/stm32h7xx_hal_flash_ex.c ****   else
2011:../../Drivers/STM32H7xx_HAL_Driver/Src/stm32h7xx_hal_flash_ex.c ****   {
2012:../../Drivers/STM32H7xx_HAL_Driver/Src/stm32h7xx_hal_flash_ex.c ****     assert_param(IS_FLASH_PROGRAM_ADDRESS_BANK2(CRCStartAddr));
 1359              		.loc 1 2012 5 is_stmt 1 view .LVU442
2013:../../Drivers/STM32H7xx_HAL_Driver/Src/stm32h7xx_hal_flash_ex.c ****     assert_param(IS_FLASH_PROGRAM_ADDRESS_BANK2(CRCEndAddr));
 1360              		.loc 1 2013 5 view .LVU443
2014:../../Drivers/STM32H7xx_HAL_Driver/Src/stm32h7xx_hal_flash_ex.c **** 
2015:../../Drivers/STM32H7xx_HAL_Driver/Src/stm32h7xx_hal_flash_ex.c ****     /* Write CRC Start and End addresses */
2016:../../Drivers/STM32H7xx_HAL_Driver/Src/stm32h7xx_hal_flash_ex.c ****     FLASH->CRCSADD2 = CRCStartAddr;
 1361              		.loc 1 2016 5 view .LVU444
 1362              		.loc 1 2016 21 is_stmt 0 view .LVU445
 1363 0004 044B     		ldr	r3, .L120
 1364 0006 C3F85401 		str	r0, [r3, #340]
2017:../../Drivers/STM32H7xx_HAL_Driver/Src/stm32h7xx_hal_flash_ex.c ****     FLASH->CRCEADD2 = CRCEndAddr;
 1365              		.loc 1 2017 5 is_stmt 1 view .LVU446
 1366              		.loc 1 2017 21 is_stmt 0 view .LVU447
 1367 000a C3F85811 		str	r1, [r3, #344]
2018:../../Drivers/STM32H7xx_HAL_Driver/Src/stm32h7xx_hal_flash_ex.c ****   }
2019:../../Drivers/STM32H7xx_HAL_Driver/Src/stm32h7xx_hal_flash_ex.c **** #endif /* DUAL_BANK */
2020:../../Drivers/STM32H7xx_HAL_Driver/Src/stm32h7xx_hal_flash_ex.c **** }
 1368              		.loc 1 2020 1 view .LVU448
 1369 000e 7047     		bx	lr
 1370              	.L119:
2002:../../Drivers/STM32H7xx_HAL_Driver/Src/stm32h7xx_hal_flash_ex.c ****     assert_param(IS_FLASH_PROGRAM_ADDRESS_BANK1(CRCEndAddr));
 1371              		.loc 1 2002 5 is_stmt 1 view .LVU449
2003:../../Drivers/STM32H7xx_HAL_Driver/Src/stm32h7xx_hal_flash_ex.c **** 
 1372              		.loc 1 2003 5 view .LVU450
2006:../../Drivers/STM32H7xx_HAL_Driver/Src/stm32h7xx_hal_flash_ex.c ****     FLASH->CRCEADD1 = CRCEndAddr;
 1373              		.loc 1 2006 5 view .LVU451
2006:../../Drivers/STM32H7xx_HAL_Driver/Src/stm32h7xx_hal_flash_ex.c ****     FLASH->CRCEADD1 = CRCEndAddr;
ARM GAS  /var/folders/2r/mdtt8xvd351gdc398t28_m2m0000gn/T//ccZQ9BPT.s 			page 61


 1374              		.loc 1 2006 21 is_stmt 0 view .LVU452
 1375 0010 014B     		ldr	r3, .L120
 1376 0012 5865     		str	r0, [r3, #84]
2007:../../Drivers/STM32H7xx_HAL_Driver/Src/stm32h7xx_hal_flash_ex.c ****   }
 1377              		.loc 1 2007 5 is_stmt 1 view .LVU453
2007:../../Drivers/STM32H7xx_HAL_Driver/Src/stm32h7xx_hal_flash_ex.c ****   }
 1378              		.loc 1 2007 21 is_stmt 0 view .LVU454
 1379 0014 9965     		str	r1, [r3, #88]
 1380 0016 7047     		bx	lr
 1381              	.L121:
 1382              		.align	2
 1383              	.L120:
 1384 0018 00200052 		.word	1375739904
 1385              		.cfi_endproc
 1386              	.LFE161:
 1388              		.section	.text.HAL_FLASHEx_OBProgram,"ax",%progbits
 1389              		.align	1
 1390              		.global	HAL_FLASHEx_OBProgram
 1391              		.syntax unified
 1392              		.thumb
 1393              		.thumb_func
 1395              	HAL_FLASHEx_OBProgram:
 1396              	.LVL102:
 1397              	.LFB134:
 425:../../Drivers/STM32H7xx_HAL_Driver/Src/stm32h7xx_hal_flash_ex.c ****   HAL_StatusTypeDef status;
 1398              		.loc 1 425 1 is_stmt 1 view -0
 1399              		.cfi_startproc
 1400              		@ args = 0, pretend = 0, frame = 0
 1401              		@ frame_needed = 0, uses_anonymous_args = 0
 425:../../Drivers/STM32H7xx_HAL_Driver/Src/stm32h7xx_hal_flash_ex.c ****   HAL_StatusTypeDef status;
 1402              		.loc 1 425 1 is_stmt 0 view .LVU456
 1403 0000 38B5     		push	{r3, r4, r5, lr}
 1404              	.LCFI5:
 1405              		.cfi_def_cfa_offset 16
 1406              		.cfi_offset 3, -16
 1407              		.cfi_offset 4, -12
 1408              		.cfi_offset 5, -8
 1409              		.cfi_offset 14, -4
 426:../../Drivers/STM32H7xx_HAL_Driver/Src/stm32h7xx_hal_flash_ex.c **** 
 1410              		.loc 1 426 3 is_stmt 1 view .LVU457
 429:../../Drivers/STM32H7xx_HAL_Driver/Src/stm32h7xx_hal_flash_ex.c **** 
 1411              		.loc 1 429 3 view .LVU458
 432:../../Drivers/STM32H7xx_HAL_Driver/Src/stm32h7xx_hal_flash_ex.c **** 
 1412              		.loc 1 432 3 view .LVU459
 432:../../Drivers/STM32H7xx_HAL_Driver/Src/stm32h7xx_hal_flash_ex.c **** 
 1413              		.loc 1 432 3 view .LVU460
 1414 0002 3B4B     		ldr	r3, .L145
 1415 0004 1B7D     		ldrb	r3, [r3, #20]	@ zero_extendqisi2
 1416 0006 012B     		cmp	r3, #1
 1417 0008 6FD0     		beq	.L133
 1418 000a 0446     		mov	r4, r0
 432:../../Drivers/STM32H7xx_HAL_Driver/Src/stm32h7xx_hal_flash_ex.c **** 
 1419              		.loc 1 432 3 discriminator 2 view .LVU461
 1420 000c 384B     		ldr	r3, .L145
 1421 000e 0121     		movs	r1, #1
 1422 0010 1975     		strb	r1, [r3, #20]
 432:../../Drivers/STM32H7xx_HAL_Driver/Src/stm32h7xx_hal_flash_ex.c **** 
ARM GAS  /var/folders/2r/mdtt8xvd351gdc398t28_m2m0000gn/T//ccZQ9BPT.s 			page 62


 1423              		.loc 1 432 3 view .LVU462
 435:../../Drivers/STM32H7xx_HAL_Driver/Src/stm32h7xx_hal_flash_ex.c **** 
 1424              		.loc 1 435 3 view .LVU463
 435:../../Drivers/STM32H7xx_HAL_Driver/Src/stm32h7xx_hal_flash_ex.c **** 
 1425              		.loc 1 435 20 is_stmt 0 view .LVU464
 1426 0012 0022     		movs	r2, #0
 1427 0014 9A61     		str	r2, [r3, #24]
 438:../../Drivers/STM32H7xx_HAL_Driver/Src/stm32h7xx_hal_flash_ex.c ****   {
 1428              		.loc 1 438 3 is_stmt 1 view .LVU465
 438:../../Drivers/STM32H7xx_HAL_Driver/Src/stm32h7xx_hal_flash_ex.c ****   {
 1429              		.loc 1 438 6 is_stmt 0 view .LVU466
 1430 0016 4CF25030 		movw	r0, #50000
 1431              	.LVL103:
 438:../../Drivers/STM32H7xx_HAL_Driver/Src/stm32h7xx_hal_flash_ex.c ****   {
 1432              		.loc 1 438 6 view .LVU467
 1433 001a FFF7FEFF 		bl	FLASH_WaitForLastOperation
 1434              	.LVL104:
 438:../../Drivers/STM32H7xx_HAL_Driver/Src/stm32h7xx_hal_flash_ex.c ****   {
 1435              		.loc 1 438 5 discriminator 1 view .LVU468
 1436 001e 30B1     		cbz	r0, .L137
 440:../../Drivers/STM32H7xx_HAL_Driver/Src/stm32h7xx_hal_flash_ex.c ****   }
 1437              		.loc 1 440 12 view .LVU469
 1438 0020 0123     		movs	r3, #1
 1439 0022 1D46     		mov	r5, r3
 1440              	.L124:
 553:../../Drivers/STM32H7xx_HAL_Driver/Src/stm32h7xx_hal_flash_ex.c **** 
 1441              		.loc 1 553 3 is_stmt 1 view .LVU470
 553:../../Drivers/STM32H7xx_HAL_Driver/Src/stm32h7xx_hal_flash_ex.c **** 
 1442              		.loc 1 553 3 view .LVU471
 1443 0024 324B     		ldr	r3, .L145
 1444 0026 0022     		movs	r2, #0
 1445 0028 1A75     		strb	r2, [r3, #20]
 553:../../Drivers/STM32H7xx_HAL_Driver/Src/stm32h7xx_hal_flash_ex.c **** 
 1446              		.loc 1 553 3 view .LVU472
 555:../../Drivers/STM32H7xx_HAL_Driver/Src/stm32h7xx_hal_flash_ex.c **** }
 1447              		.loc 1 555 3 view .LVU473
 1448              	.LVL105:
 1449              	.L123:
 556:../../Drivers/STM32H7xx_HAL_Driver/Src/stm32h7xx_hal_flash_ex.c **** 
 1450              		.loc 1 556 1 is_stmt 0 view .LVU474
 1451 002a 2846     		mov	r0, r5
 1452 002c 38BD     		pop	{r3, r4, r5, pc}
 1453              	.LVL106:
 1454              	.L137:
 443:../../Drivers/STM32H7xx_HAL_Driver/Src/stm32h7xx_hal_flash_ex.c ****   {
 1455              		.loc 1 443 8 is_stmt 1 view .LVU475
 443:../../Drivers/STM32H7xx_HAL_Driver/Src/stm32h7xx_hal_flash_ex.c ****   {
 1456              		.loc 1 443 11 is_stmt 0 view .LVU476
 1457 002e 0221     		movs	r1, #2
 1458 0030 4CF25030 		movw	r0, #50000
 1459 0034 FFF7FEFF 		bl	FLASH_WaitForLastOperation
 1460              	.LVL107:
 443:../../Drivers/STM32H7xx_HAL_Driver/Src/stm32h7xx_hal_flash_ex.c ****   {
 1461              		.loc 1 443 10 discriminator 1 view .LVU477
 1462 0038 0546     		mov	r5, r0
 1463 003a 0028     		cmp	r0, #0
 1464 003c 52D1     		bne	.L135
ARM GAS  /var/folders/2r/mdtt8xvd351gdc398t28_m2m0000gn/T//ccZQ9BPT.s 			page 63


 450:../../Drivers/STM32H7xx_HAL_Driver/Src/stm32h7xx_hal_flash_ex.c ****   }
 1465              		.loc 1 450 5 is_stmt 1 view .LVU478
 1466              	.LVL108:
 453:../../Drivers/STM32H7xx_HAL_Driver/Src/stm32h7xx_hal_flash_ex.c ****   {
 1467              		.loc 1 453 3 view .LVU479
 456:../../Drivers/STM32H7xx_HAL_Driver/Src/stm32h7xx_hal_flash_ex.c ****     {
 1468              		.loc 1 456 5 view .LVU480
 456:../../Drivers/STM32H7xx_HAL_Driver/Src/stm32h7xx_hal_flash_ex.c ****     {
 1469              		.loc 1 456 16 is_stmt 0 view .LVU481
 1470 003e 2368     		ldr	r3, [r4]
 456:../../Drivers/STM32H7xx_HAL_Driver/Src/stm32h7xx_hal_flash_ex.c ****     {
 1471              		.loc 1 456 7 view .LVU482
 1472 0040 13F0010F 		tst	r3, #1
 1473 0044 06D0     		beq	.L125
 458:../../Drivers/STM32H7xx_HAL_Driver/Src/stm32h7xx_hal_flash_ex.c **** 
 1474              		.loc 1 458 7 is_stmt 1 view .LVU483
 460:../../Drivers/STM32H7xx_HAL_Driver/Src/stm32h7xx_hal_flash_ex.c ****       {
 1475              		.loc 1 460 7 view .LVU484
 460:../../Drivers/STM32H7xx_HAL_Driver/Src/stm32h7xx_hal_flash_ex.c ****       {
 1476              		.loc 1 460 17 is_stmt 0 view .LVU485
 1477 0046 6368     		ldr	r3, [r4, #4]
 460:../../Drivers/STM32H7xx_HAL_Driver/Src/stm32h7xx_hal_flash_ex.c ****       {
 1478              		.loc 1 460 9 view .LVU486
 1479 0048 012B     		cmp	r3, #1
 1480 004a 26D0     		beq	.L138
 468:../../Drivers/STM32H7xx_HAL_Driver/Src/stm32h7xx_hal_flash_ex.c ****       }
 1481              		.loc 1 468 9 is_stmt 1 view .LVU487
 1482 004c E169     		ldr	r1, [r4, #28]
 1483 004e A068     		ldr	r0, [r4, #8]
 1484 0050 FFF7FEFF 		bl	FLASH_OB_DisableWRP
 1485              	.LVL109:
 1486              	.L125:
 473:../../Drivers/STM32H7xx_HAL_Driver/Src/stm32h7xx_hal_flash_ex.c ****     {
 1487              		.loc 1 473 5 view .LVU488
 473:../../Drivers/STM32H7xx_HAL_Driver/Src/stm32h7xx_hal_flash_ex.c ****     {
 1488              		.loc 1 473 16 is_stmt 0 view .LVU489
 1489 0054 2368     		ldr	r3, [r4]
 473:../../Drivers/STM32H7xx_HAL_Driver/Src/stm32h7xx_hal_flash_ex.c ****     {
 1490              		.loc 1 473 7 view .LVU490
 1491 0056 13F0020F 		tst	r3, #2
 1492 005a 23D1     		bne	.L139
 1493              	.L127:
 480:../../Drivers/STM32H7xx_HAL_Driver/Src/stm32h7xx_hal_flash_ex.c ****     {
 1494              		.loc 1 480 5 is_stmt 1 view .LVU491
 480:../../Drivers/STM32H7xx_HAL_Driver/Src/stm32h7xx_hal_flash_ex.c ****     {
 1495              		.loc 1 480 16 is_stmt 0 view .LVU492
 1496 005c 2368     		ldr	r3, [r4]
 480:../../Drivers/STM32H7xx_HAL_Driver/Src/stm32h7xx_hal_flash_ex.c ****     {
 1497              		.loc 1 480 7 view .LVU493
 1498 005e 13F0040F 		tst	r3, #4
 1499 0062 23D1     		bne	.L140
 1500              	.L128:
 487:../../Drivers/STM32H7xx_HAL_Driver/Src/stm32h7xx_hal_flash_ex.c ****     {
 1501              		.loc 1 487 5 is_stmt 1 view .LVU494
 487:../../Drivers/STM32H7xx_HAL_Driver/Src/stm32h7xx_hal_flash_ex.c ****     {
 1502              		.loc 1 487 16 is_stmt 0 view .LVU495
 1503 0064 2368     		ldr	r3, [r4]
ARM GAS  /var/folders/2r/mdtt8xvd351gdc398t28_m2m0000gn/T//ccZQ9BPT.s 			page 64


 487:../../Drivers/STM32H7xx_HAL_Driver/Src/stm32h7xx_hal_flash_ex.c ****     {
 1504              		.loc 1 487 7 view .LVU496
 1505 0066 13F0080F 		tst	r3, #8
 1506 006a 24D1     		bne	.L141
 1507              	.L129:
 496:../../Drivers/STM32H7xx_HAL_Driver/Src/stm32h7xx_hal_flash_ex.c ****     {
 1508              		.loc 1 496 5 is_stmt 1 view .LVU497
 496:../../Drivers/STM32H7xx_HAL_Driver/Src/stm32h7xx_hal_flash_ex.c ****     {
 1509              		.loc 1 496 16 is_stmt 0 view .LVU498
 1510 006c 2368     		ldr	r3, [r4]
 496:../../Drivers/STM32H7xx_HAL_Driver/Src/stm32h7xx_hal_flash_ex.c ****     {
 1511              		.loc 1 496 7 view .LVU499
 1512 006e 13F0100F 		tst	r3, #16
 1513 0072 27D1     		bne	.L142
 1514              	.L130:
 503:../../Drivers/STM32H7xx_HAL_Driver/Src/stm32h7xx_hal_flash_ex.c ****     {
 1515              		.loc 1 503 5 is_stmt 1 view .LVU500
 503:../../Drivers/STM32H7xx_HAL_Driver/Src/stm32h7xx_hal_flash_ex.c ****     {
 1516              		.loc 1 503 16 is_stmt 0 view .LVU501
 1517 0074 2368     		ldr	r3, [r4]
 503:../../Drivers/STM32H7xx_HAL_Driver/Src/stm32h7xx_hal_flash_ex.c ****     {
 1518              		.loc 1 503 7 view .LVU502
 1519 0076 13F0400F 		tst	r3, #64
 1520 007a 27D1     		bne	.L143
 1521              	.L131:
 509:../../Drivers/STM32H7xx_HAL_Driver/Src/stm32h7xx_hal_flash_ex.c ****     {
 1522              		.loc 1 509 5 is_stmt 1 view .LVU503
 509:../../Drivers/STM32H7xx_HAL_Driver/Src/stm32h7xx_hal_flash_ex.c ****     {
 1523              		.loc 1 509 16 is_stmt 0 view .LVU504
 1524 007c 2368     		ldr	r3, [r4]
 509:../../Drivers/STM32H7xx_HAL_Driver/Src/stm32h7xx_hal_flash_ex.c ****     {
 1525              		.loc 1 509 7 view .LVU505
 1526 007e 13F0800F 		tst	r3, #128
 1527 0082 29D1     		bne	.L144
 1528              	.L132:
 522:../../Drivers/STM32H7xx_HAL_Driver/Src/stm32h7xx_hal_flash_ex.c ****     {
 1529              		.loc 1 522 5 is_stmt 1 view .LVU506
 522:../../Drivers/STM32H7xx_HAL_Driver/Src/stm32h7xx_hal_flash_ex.c ****     {
 1530              		.loc 1 522 16 is_stmt 0 view .LVU507
 1531 0084 2368     		ldr	r3, [r4]
 522:../../Drivers/STM32H7xx_HAL_Driver/Src/stm32h7xx_hal_flash_ex.c ****     {
 1532              		.loc 1 522 7 view .LVU508
 1533 0086 13F0200F 		tst	r3, #32
 1534 008a CBD0     		beq	.L124
 524:../../Drivers/STM32H7xx_HAL_Driver/Src/stm32h7xx_hal_flash_ex.c ****     }
 1535              		.loc 1 524 7 is_stmt 1 view .LVU509
 1536 008c E369     		ldr	r3, [r4, #28]
 1537 008e E26C     		ldr	r2, [r4, #76]
 1538 0090 A16C     		ldr	r1, [r4, #72]
 1539 0092 606C     		ldr	r0, [r4, #68]
 1540 0094 FFF7FEFF 		bl	FLASH_OB_SecureAreaConfig
 1541              	.LVL110:
 1542 0098 C4E7     		b	.L124
 1543              	.L138:
 463:../../Drivers/STM32H7xx_HAL_Driver/Src/stm32h7xx_hal_flash_ex.c ****       }
 1544              		.loc 1 463 9 view .LVU510
 1545 009a E169     		ldr	r1, [r4, #28]
ARM GAS  /var/folders/2r/mdtt8xvd351gdc398t28_m2m0000gn/T//ccZQ9BPT.s 			page 65


 1546 009c A068     		ldr	r0, [r4, #8]
 1547 009e FFF7FEFF 		bl	FLASH_OB_EnableWRP
 1548              	.LVL111:
 1549 00a2 D7E7     		b	.L125
 1550              	.L139:
 476:../../Drivers/STM32H7xx_HAL_Driver/Src/stm32h7xx_hal_flash_ex.c ****     }
 1551              		.loc 1 476 7 view .LVU511
 1552 00a4 E068     		ldr	r0, [r4, #12]
 1553 00a6 FFF7FEFF 		bl	FLASH_OB_RDPConfig
 1554              	.LVL112:
 1555 00aa D7E7     		b	.L127
 1556              	.L140:
 483:../../Drivers/STM32H7xx_HAL_Driver/Src/stm32h7xx_hal_flash_ex.c ****     }
 1557              		.loc 1 483 7 view .LVU512
 1558 00ac A169     		ldr	r1, [r4, #24]
 1559 00ae 6069     		ldr	r0, [r4, #20]
 1560 00b0 FFF7FEFF 		bl	FLASH_OB_UserConfig
 1561              	.LVL113:
 1562 00b4 D6E7     		b	.L128
 1563              	.L141:
 489:../../Drivers/STM32H7xx_HAL_Driver/Src/stm32h7xx_hal_flash_ex.c **** 
 1564              		.loc 1 489 7 view .LVU513
 492:../../Drivers/STM32H7xx_HAL_Driver/Src/stm32h7xx_hal_flash_ex.c ****     }
 1565              		.loc 1 492 7 view .LVU514
 1566 00b6 E369     		ldr	r3, [r4, #28]
 1567 00b8 A26A     		ldr	r2, [r4, #40]
 1568 00ba 616A     		ldr	r1, [r4, #36]
 1569 00bc 206A     		ldr	r0, [r4, #32]
 1570 00be FFF7FEFF 		bl	FLASH_OB_PCROPConfig
 1571              	.LVL114:
 1572 00c2 D3E7     		b	.L129
 1573              	.L142:
 498:../../Drivers/STM32H7xx_HAL_Driver/Src/stm32h7xx_hal_flash_ex.c ****     }
 1574              		.loc 1 498 7 view .LVU515
 1575 00c4 2069     		ldr	r0, [r4, #16]
 1576 00c6 FFF7FEFF 		bl	FLASH_OB_BOR_LevelConfig
 1577              	.LVL115:
 1578 00ca D3E7     		b	.L130
 1579              	.L143:
 505:../../Drivers/STM32H7xx_HAL_Driver/Src/stm32h7xx_hal_flash_ex.c ****     }
 1580              		.loc 1 505 7 view .LVU516
 1581 00cc 626B     		ldr	r2, [r4, #52]
 1582 00ce 216B     		ldr	r1, [r4, #48]
 1583 00d0 E06A     		ldr	r0, [r4, #44]
 1584 00d2 FFF7FEFF 		bl	FLASH_OB_BootAddConfig
 1585              	.LVL116:
 1586 00d6 D1E7     		b	.L131
 1587              	.L144:
 511:../../Drivers/STM32H7xx_HAL_Driver/Src/stm32h7xx_hal_flash_ex.c ****     }
 1588              		.loc 1 511 7 view .LVU517
 1589 00d8 226C     		ldr	r2, [r4, #64]
 1590 00da E16B     		ldr	r1, [r4, #60]
 1591 00dc A06B     		ldr	r0, [r4, #56]
 1592 00de FFF7FEFF 		bl	FLASH_OB_CM4BootAddConfig
 1593              	.LVL117:
 1594 00e2 CFE7     		b	.L132
 1595              	.LVL118:
ARM GAS  /var/folders/2r/mdtt8xvd351gdc398t28_m2m0000gn/T//ccZQ9BPT.s 			page 66


 1596              	.L135:
 445:../../Drivers/STM32H7xx_HAL_Driver/Src/stm32h7xx_hal_flash_ex.c ****   }
 1597              		.loc 1 445 12 is_stmt 0 view .LVU518
 1598 00e4 0123     		movs	r3, #1
 1599 00e6 1D46     		mov	r5, r3
 1600 00e8 9CE7     		b	.L124
 1601              	.LVL119:
 1602              	.L133:
 432:../../Drivers/STM32H7xx_HAL_Driver/Src/stm32h7xx_hal_flash_ex.c **** 
 1603              		.loc 1 432 3 discriminator 1 view .LVU519
 1604 00ea 0223     		movs	r3, #2
 1605 00ec 1D46     		mov	r5, r3
 1606 00ee 9CE7     		b	.L123
 1607              	.L146:
 1608              		.align	2
 1609              	.L145:
 1610 00f0 00000000 		.word	pFlash
 1611              		.cfi_endproc
 1612              	.LFE134:
 1614              		.section	.text.HAL_FLASHEx_OBGetConfig,"ax",%progbits
 1615              		.align	1
 1616              		.global	HAL_FLASHEx_OBGetConfig
 1617              		.syntax unified
 1618              		.thumb
 1619              		.thumb_func
 1621              	HAL_FLASHEx_OBGetConfig:
 1622              	.LVL120:
 1623              	.LFB135:
 568:../../Drivers/STM32H7xx_HAL_Driver/Src/stm32h7xx_hal_flash_ex.c ****   pOBInit->OptionType = (OPTIONBYTE_USER | OPTIONBYTE_RDP | OPTIONBYTE_BOR);
 1624              		.loc 1 568 1 is_stmt 1 view -0
 1625              		.cfi_startproc
 1626              		@ args = 0, pretend = 0, frame = 0
 1627              		@ frame_needed = 0, uses_anonymous_args = 0
 568:../../Drivers/STM32H7xx_HAL_Driver/Src/stm32h7xx_hal_flash_ex.c ****   pOBInit->OptionType = (OPTIONBYTE_USER | OPTIONBYTE_RDP | OPTIONBYTE_BOR);
 1628              		.loc 1 568 1 is_stmt 0 view .LVU521
 1629 0000 10B5     		push	{r4, lr}
 1630              	.LCFI6:
 1631              		.cfi_def_cfa_offset 8
 1632              		.cfi_offset 4, -8
 1633              		.cfi_offset 14, -4
 1634 0002 0446     		mov	r4, r0
 569:../../Drivers/STM32H7xx_HAL_Driver/Src/stm32h7xx_hal_flash_ex.c **** 
 1635              		.loc 1 569 3 is_stmt 1 view .LVU522
 569:../../Drivers/STM32H7xx_HAL_Driver/Src/stm32h7xx_hal_flash_ex.c **** 
 1636              		.loc 1 569 23 is_stmt 0 view .LVU523
 1637 0004 1623     		movs	r3, #22
 1638 0006 0360     		str	r3, [r0]
 572:../../Drivers/STM32H7xx_HAL_Driver/Src/stm32h7xx_hal_flash_ex.c **** 
 1639              		.loc 1 572 3 is_stmt 1 view .LVU524
 572:../../Drivers/STM32H7xx_HAL_Driver/Src/stm32h7xx_hal_flash_ex.c **** 
 1640              		.loc 1 572 23 is_stmt 0 view .LVU525
 1641 0008 FFF7FEFF 		bl	FLASH_OB_GetRDP
 1642              	.LVL121:
 572:../../Drivers/STM32H7xx_HAL_Driver/Src/stm32h7xx_hal_flash_ex.c **** 
 1643              		.loc 1 572 21 discriminator 1 view .LVU526
 1644 000c E060     		str	r0, [r4, #12]
 575:../../Drivers/STM32H7xx_HAL_Driver/Src/stm32h7xx_hal_flash_ex.c **** 
ARM GAS  /var/folders/2r/mdtt8xvd351gdc398t28_m2m0000gn/T//ccZQ9BPT.s 			page 67


 1645              		.loc 1 575 3 is_stmt 1 view .LVU527
 575:../../Drivers/STM32H7xx_HAL_Driver/Src/stm32h7xx_hal_flash_ex.c **** 
 1646              		.loc 1 575 25 is_stmt 0 view .LVU528
 1647 000e FFF7FEFF 		bl	FLASH_OB_GetUser
 1648              	.LVL122:
 575:../../Drivers/STM32H7xx_HAL_Driver/Src/stm32h7xx_hal_flash_ex.c **** 
 1649              		.loc 1 575 23 discriminator 1 view .LVU529
 1650 0012 A061     		str	r0, [r4, #24]
 578:../../Drivers/STM32H7xx_HAL_Driver/Src/stm32h7xx_hal_flash_ex.c **** 
 1651              		.loc 1 578 3 is_stmt 1 view .LVU530
 578:../../Drivers/STM32H7xx_HAL_Driver/Src/stm32h7xx_hal_flash_ex.c **** 
 1652              		.loc 1 578 23 is_stmt 0 view .LVU531
 1653 0014 FFF7FEFF 		bl	FLASH_OB_GetBOR
 1654              	.LVL123:
 578:../../Drivers/STM32H7xx_HAL_Driver/Src/stm32h7xx_hal_flash_ex.c **** 
 1655              		.loc 1 578 21 discriminator 1 view .LVU532
 1656 0018 2061     		str	r0, [r4, #16]
 581:../../Drivers/STM32H7xx_HAL_Driver/Src/stm32h7xx_hal_flash_ex.c **** #else
 1657              		.loc 1 581 3 is_stmt 1 view .LVU533
 581:../../Drivers/STM32H7xx_HAL_Driver/Src/stm32h7xx_hal_flash_ex.c **** #else
 1658              		.loc 1 581 15 is_stmt 0 view .LVU534
 1659 001a E269     		ldr	r2, [r4, #28]
 581:../../Drivers/STM32H7xx_HAL_Driver/Src/stm32h7xx_hal_flash_ex.c **** #else
 1660              		.loc 1 581 40 view .LVU535
 1661 001c 531E     		subs	r3, r2, #1
 581:../../Drivers/STM32H7xx_HAL_Driver/Src/stm32h7xx_hal_flash_ex.c **** #else
 1662              		.loc 1 581 6 view .LVU536
 1663 001e 012B     		cmp	r3, #1
 1664 0020 10D9     		bls	.L150
 1665              	.L148:
 599:../../Drivers/STM32H7xx_HAL_Driver/Src/stm32h7xx_hal_flash_ex.c **** #if defined(DUAL_CORE)
 1666              		.loc 1 599 3 is_stmt 1 view .LVU537
 1667 0022 04F13401 		add	r1, r4, #52
 1668 0026 04F13000 		add	r0, r4, #48
 1669 002a FFF7FEFF 		bl	FLASH_OB_GetBootAdd
 1670              	.LVL124:
 601:../../Drivers/STM32H7xx_HAL_Driver/Src/stm32h7xx_hal_flash_ex.c **** 
 1671              		.loc 1 601 3 view .LVU538
 601:../../Drivers/STM32H7xx_HAL_Driver/Src/stm32h7xx_hal_flash_ex.c **** 
 1672              		.loc 1 601 10 is_stmt 0 view .LVU539
 1673 002e 2368     		ldr	r3, [r4]
 601:../../Drivers/STM32H7xx_HAL_Driver/Src/stm32h7xx_hal_flash_ex.c **** 
 1674              		.loc 1 601 23 view .LVU540
 1675 0030 43F0C003 		orr	r3, r3, #192
 1676 0034 2146     		mov	r1, r4
 1677 0036 41F8403B 		str	r3, [r1], #64
 604:../../Drivers/STM32H7xx_HAL_Driver/Src/stm32h7xx_hal_flash_ex.c **** #else
 1678              		.loc 1 604 3 is_stmt 1 view .LVU541
 1679 003a 04F13C00 		add	r0, r4, #60
 1680 003e FFF7FEFF 		bl	FLASH_OB_GetCM4BootAdd
 1681              	.LVL125:
 629:../../Drivers/STM32H7xx_HAL_Driver/Src/stm32h7xx_hal_flash_ex.c **** 
 1682              		.loc 1 629 1 is_stmt 0 view .LVU542
 1683 0042 10BD     		pop	{r4, pc}
 1684              	.LVL126:
 1685              	.L150:
 586:../../Drivers/STM32H7xx_HAL_Driver/Src/stm32h7xx_hal_flash_ex.c **** 
ARM GAS  /var/folders/2r/mdtt8xvd351gdc398t28_m2m0000gn/T//ccZQ9BPT.s 			page 68


 1686              		.loc 1 586 5 is_stmt 1 view .LVU543
 586:../../Drivers/STM32H7xx_HAL_Driver/Src/stm32h7xx_hal_flash_ex.c **** 
 1687              		.loc 1 586 12 is_stmt 0 view .LVU544
 1688 0044 2368     		ldr	r3, [r4]
 586:../../Drivers/STM32H7xx_HAL_Driver/Src/stm32h7xx_hal_flash_ex.c **** 
 1689              		.loc 1 586 25 view .LVU545
 1690 0046 43F02903 		orr	r3, r3, #41
 1691 004a 2146     		mov	r1, r4
 1692 004c 41F8083B 		str	r3, [r1], #8
 589:../../Drivers/STM32H7xx_HAL_Driver/Src/stm32h7xx_hal_flash_ex.c **** 
 1693              		.loc 1 589 5 is_stmt 1 view .LVU546
 1694 0050 201D     		adds	r0, r4, #4
 1695 0052 FFF7FEFF 		bl	FLASH_OB_GetWRP
 1696              	.LVL127:
 592:../../Drivers/STM32H7xx_HAL_Driver/Src/stm32h7xx_hal_flash_ex.c **** 
 1697              		.loc 1 592 5 view .LVU547
 1698 0056 E369     		ldr	r3, [r4, #28]
 1699 0058 04F12802 		add	r2, r4, #40
 1700 005c 04F12401 		add	r1, r4, #36
 1701 0060 04F12000 		add	r0, r4, #32
 1702 0064 FFF7FEFF 		bl	FLASH_OB_GetPCROP
 1703              	.LVL128:
 595:../../Drivers/STM32H7xx_HAL_Driver/Src/stm32h7xx_hal_flash_ex.c ****   }
 1704              		.loc 1 595 5 view .LVU548
 1705 0068 E369     		ldr	r3, [r4, #28]
 1706 006a 04F14C02 		add	r2, r4, #76
 1707 006e 04F14801 		add	r1, r4, #72
 1708 0072 04F14400 		add	r0, r4, #68
 1709 0076 FFF7FEFF 		bl	FLASH_OB_GetSecureArea
 1710              	.LVL129:
 1711 007a D2E7     		b	.L148
 1712              		.cfi_endproc
 1713              	.LFE135:
 1715              		.section	.text.HAL_FLASHEx_Unlock_Bank1,"ax",%progbits
 1716              		.align	1
 1717              		.global	HAL_FLASHEx_Unlock_Bank1
 1718              		.syntax unified
 1719              		.thumb
 1720              		.thumb_func
 1722              	HAL_FLASHEx_Unlock_Bank1:
 1723              	.LFB136:
 636:../../Drivers/STM32H7xx_HAL_Driver/Src/stm32h7xx_hal_flash_ex.c ****   if(READ_BIT(FLASH->CR1, FLASH_CR_LOCK) != 0U)
 1724              		.loc 1 636 1 view -0
 1725              		.cfi_startproc
 1726              		@ args = 0, pretend = 0, frame = 0
 1727              		@ frame_needed = 0, uses_anonymous_args = 0
 1728              		@ link register save eliminated.
 637:../../Drivers/STM32H7xx_HAL_Driver/Src/stm32h7xx_hal_flash_ex.c ****   {
 1729              		.loc 1 637 3 view .LVU550
 637:../../Drivers/STM32H7xx_HAL_Driver/Src/stm32h7xx_hal_flash_ex.c ****   {
 1730              		.loc 1 637 6 is_stmt 0 view .LVU551
 1731 0000 0A4B     		ldr	r3, .L155
 1732 0002 DB68     		ldr	r3, [r3, #12]
 637:../../Drivers/STM32H7xx_HAL_Driver/Src/stm32h7xx_hal_flash_ex.c ****   {
 1733              		.loc 1 637 5 view .LVU552
 1734 0004 13F0010F 		tst	r3, #1
 1735 0008 0BD0     		beq	.L153
ARM GAS  /var/folders/2r/mdtt8xvd351gdc398t28_m2m0000gn/T//ccZQ9BPT.s 			page 69


 640:../../Drivers/STM32H7xx_HAL_Driver/Src/stm32h7xx_hal_flash_ex.c ****     WRITE_REG(FLASH->KEYR1, FLASH_KEY2);
 1736              		.loc 1 640 5 is_stmt 1 view .LVU553
 1737 000a 084B     		ldr	r3, .L155
 1738 000c 084A     		ldr	r2, .L155+4
 1739 000e 5A60     		str	r2, [r3, #4]
 641:../../Drivers/STM32H7xx_HAL_Driver/Src/stm32h7xx_hal_flash_ex.c **** 
 1740              		.loc 1 641 5 view .LVU554
 1741 0010 02F18832 		add	r2, r2, #-2004318072
 1742 0014 5A60     		str	r2, [r3, #4]
 644:../../Drivers/STM32H7xx_HAL_Driver/Src/stm32h7xx_hal_flash_ex.c ****     {
 1743              		.loc 1 644 5 view .LVU555
 644:../../Drivers/STM32H7xx_HAL_Driver/Src/stm32h7xx_hal_flash_ex.c ****     {
 1744              		.loc 1 644 9 is_stmt 0 view .LVU556
 1745 0016 DB68     		ldr	r3, [r3, #12]
 644:../../Drivers/STM32H7xx_HAL_Driver/Src/stm32h7xx_hal_flash_ex.c ****     {
 1746              		.loc 1 644 8 view .LVU557
 1747 0018 13F0010F 		tst	r3, #1
 1748 001c 03D1     		bne	.L154
 650:../../Drivers/STM32H7xx_HAL_Driver/Src/stm32h7xx_hal_flash_ex.c **** }
 1749              		.loc 1 650 10 view .LVU558
 1750 001e 0020     		movs	r0, #0
 1751 0020 7047     		bx	lr
 1752              	.L153:
 1753 0022 0020     		movs	r0, #0
 1754 0024 7047     		bx	lr
 1755              	.L154:
 646:../../Drivers/STM32H7xx_HAL_Driver/Src/stm32h7xx_hal_flash_ex.c ****     }
 1756              		.loc 1 646 14 view .LVU559
 1757 0026 0120     		movs	r0, #1
 651:../../Drivers/STM32H7xx_HAL_Driver/Src/stm32h7xx_hal_flash_ex.c **** 
 1758              		.loc 1 651 1 view .LVU560
 1759 0028 7047     		bx	lr
 1760              	.L156:
 1761 002a 00BF     		.align	2
 1762              	.L155:
 1763 002c 00200052 		.word	1375739904
 1764 0030 23016745 		.word	1164378403
 1765              		.cfi_endproc
 1766              	.LFE136:
 1768              		.section	.text.HAL_FLASHEx_Lock_Bank1,"ax",%progbits
 1769              		.align	1
 1770              		.global	HAL_FLASHEx_Lock_Bank1
 1771              		.syntax unified
 1772              		.thumb
 1773              		.thumb_func
 1775              	HAL_FLASHEx_Lock_Bank1:
 1776              	.LFB137:
 658:../../Drivers/STM32H7xx_HAL_Driver/Src/stm32h7xx_hal_flash_ex.c ****   /* Set the LOCK Bit to lock the FLASH Bank1 Registers access */
 1777              		.loc 1 658 1 is_stmt 1 view -0
 1778              		.cfi_startproc
 1779              		@ args = 0, pretend = 0, frame = 0
 1780              		@ frame_needed = 0, uses_anonymous_args = 0
 1781              		@ link register save eliminated.
 660:../../Drivers/STM32H7xx_HAL_Driver/Src/stm32h7xx_hal_flash_ex.c ****   return HAL_OK;
 1782              		.loc 1 660 3 view .LVU562
 1783 0000 034A     		ldr	r2, .L158
 1784 0002 D368     		ldr	r3, [r2, #12]
ARM GAS  /var/folders/2r/mdtt8xvd351gdc398t28_m2m0000gn/T//ccZQ9BPT.s 			page 70


 1785 0004 43F00103 		orr	r3, r3, #1
 1786 0008 D360     		str	r3, [r2, #12]
 661:../../Drivers/STM32H7xx_HAL_Driver/Src/stm32h7xx_hal_flash_ex.c **** }
 1787              		.loc 1 661 3 view .LVU563
 662:../../Drivers/STM32H7xx_HAL_Driver/Src/stm32h7xx_hal_flash_ex.c **** 
 1788              		.loc 1 662 1 is_stmt 0 view .LVU564
 1789 000a 0020     		movs	r0, #0
 1790 000c 7047     		bx	lr
 1791              	.L159:
 1792 000e 00BF     		.align	2
 1793              	.L158:
 1794 0010 00200052 		.word	1375739904
 1795              		.cfi_endproc
 1796              	.LFE137:
 1798              		.section	.text.HAL_FLASHEx_Unlock_Bank2,"ax",%progbits
 1799              		.align	1
 1800              		.global	HAL_FLASHEx_Unlock_Bank2
 1801              		.syntax unified
 1802              		.thumb
 1803              		.thumb_func
 1805              	HAL_FLASHEx_Unlock_Bank2:
 1806              	.LFB138:
 670:../../Drivers/STM32H7xx_HAL_Driver/Src/stm32h7xx_hal_flash_ex.c ****   if(READ_BIT(FLASH->CR2, FLASH_CR_LOCK) != 0U)
 1807              		.loc 1 670 1 is_stmt 1 view -0
 1808              		.cfi_startproc
 1809              		@ args = 0, pretend = 0, frame = 0
 1810              		@ frame_needed = 0, uses_anonymous_args = 0
 1811              		@ link register save eliminated.
 671:../../Drivers/STM32H7xx_HAL_Driver/Src/stm32h7xx_hal_flash_ex.c ****   {
 1812              		.loc 1 671 3 view .LVU566
 671:../../Drivers/STM32H7xx_HAL_Driver/Src/stm32h7xx_hal_flash_ex.c ****   {
 1813              		.loc 1 671 6 is_stmt 0 view .LVU567
 1814 0000 0C4B     		ldr	r3, .L164
 1815 0002 D3F80C31 		ldr	r3, [r3, #268]
 671:../../Drivers/STM32H7xx_HAL_Driver/Src/stm32h7xx_hal_flash_ex.c ****   {
 1816              		.loc 1 671 5 view .LVU568
 1817 0006 13F0010F 		tst	r3, #1
 1818 000a 0ED0     		beq	.L162
 674:../../Drivers/STM32H7xx_HAL_Driver/Src/stm32h7xx_hal_flash_ex.c ****     WRITE_REG(FLASH->KEYR2, FLASH_KEY2);
 1819              		.loc 1 674 5 is_stmt 1 view .LVU569
 1820 000c 094B     		ldr	r3, .L164
 1821 000e 0A4A     		ldr	r2, .L164+4
 1822 0010 C3F80421 		str	r2, [r3, #260]
 675:../../Drivers/STM32H7xx_HAL_Driver/Src/stm32h7xx_hal_flash_ex.c **** 
 1823              		.loc 1 675 5 view .LVU570
 1824 0014 02F18832 		add	r2, r2, #-2004318072
 1825 0018 C3F80421 		str	r2, [r3, #260]
 678:../../Drivers/STM32H7xx_HAL_Driver/Src/stm32h7xx_hal_flash_ex.c ****     {
 1826              		.loc 1 678 5 view .LVU571
 678:../../Drivers/STM32H7xx_HAL_Driver/Src/stm32h7xx_hal_flash_ex.c ****     {
 1827              		.loc 1 678 9 is_stmt 0 view .LVU572
 1828 001c D3F80C31 		ldr	r3, [r3, #268]
 678:../../Drivers/STM32H7xx_HAL_Driver/Src/stm32h7xx_hal_flash_ex.c ****     {
 1829              		.loc 1 678 8 view .LVU573
 1830 0020 13F0010F 		tst	r3, #1
 1831 0024 03D1     		bne	.L163
 684:../../Drivers/STM32H7xx_HAL_Driver/Src/stm32h7xx_hal_flash_ex.c **** }
ARM GAS  /var/folders/2r/mdtt8xvd351gdc398t28_m2m0000gn/T//ccZQ9BPT.s 			page 71


 1832              		.loc 1 684 10 view .LVU574
 1833 0026 0020     		movs	r0, #0
 1834 0028 7047     		bx	lr
 1835              	.L162:
 1836 002a 0020     		movs	r0, #0
 1837 002c 7047     		bx	lr
 1838              	.L163:
 680:../../Drivers/STM32H7xx_HAL_Driver/Src/stm32h7xx_hal_flash_ex.c ****     }
 1839              		.loc 1 680 14 view .LVU575
 1840 002e 0120     		movs	r0, #1
 685:../../Drivers/STM32H7xx_HAL_Driver/Src/stm32h7xx_hal_flash_ex.c **** 
 1841              		.loc 1 685 1 view .LVU576
 1842 0030 7047     		bx	lr
 1843              	.L165:
 1844 0032 00BF     		.align	2
 1845              	.L164:
 1846 0034 00200052 		.word	1375739904
 1847 0038 23016745 		.word	1164378403
 1848              		.cfi_endproc
 1849              	.LFE138:
 1851              		.section	.text.HAL_FLASHEx_Lock_Bank2,"ax",%progbits
 1852              		.align	1
 1853              		.global	HAL_FLASHEx_Lock_Bank2
 1854              		.syntax unified
 1855              		.thumb
 1856              		.thumb_func
 1858              	HAL_FLASHEx_Lock_Bank2:
 1859              	.LFB139:
 692:../../Drivers/STM32H7xx_HAL_Driver/Src/stm32h7xx_hal_flash_ex.c ****   /* Set the LOCK Bit to lock the FLASH Bank2 Registers access */
 1860              		.loc 1 692 1 is_stmt 1 view -0
 1861              		.cfi_startproc
 1862              		@ args = 0, pretend = 0, frame = 0
 1863              		@ frame_needed = 0, uses_anonymous_args = 0
 1864              		@ link register save eliminated.
 694:../../Drivers/STM32H7xx_HAL_Driver/Src/stm32h7xx_hal_flash_ex.c ****   return HAL_OK;
 1865              		.loc 1 694 3 view .LVU578
 1866 0000 044A     		ldr	r2, .L167
 1867 0002 D2F80C31 		ldr	r3, [r2, #268]
 1868 0006 43F00103 		orr	r3, r3, #1
 1869 000a C2F80C31 		str	r3, [r2, #268]
 695:../../Drivers/STM32H7xx_HAL_Driver/Src/stm32h7xx_hal_flash_ex.c **** }
 1870              		.loc 1 695 3 view .LVU579
 696:../../Drivers/STM32H7xx_HAL_Driver/Src/stm32h7xx_hal_flash_ex.c **** #endif /* DUAL_BANK */
 1871              		.loc 1 696 1 is_stmt 0 view .LVU580
 1872 000e 0020     		movs	r0, #0
 1873 0010 7047     		bx	lr
 1874              	.L168:
 1875 0012 00BF     		.align	2
 1876              	.L167:
 1877 0014 00200052 		.word	1375739904
 1878              		.cfi_endproc
 1879              	.LFE139:
 1881              		.section	.text.HAL_FLASHEx_ComputeCRC,"ax",%progbits
 1882              		.align	1
 1883              		.global	HAL_FLASHEx_ComputeCRC
 1884              		.syntax unified
 1885              		.thumb
ARM GAS  /var/folders/2r/mdtt8xvd351gdc398t28_m2m0000gn/T//ccZQ9BPT.s 			page 72


 1886              		.thumb_func
 1888              	HAL_FLASHEx_ComputeCRC:
 1889              	.LVL130:
 1890              	.LFB140:
 711:../../Drivers/STM32H7xx_HAL_Driver/Src/stm32h7xx_hal_flash_ex.c ****   HAL_StatusTypeDef status;
 1891              		.loc 1 711 1 is_stmt 1 view -0
 1892              		.cfi_startproc
 1893              		@ args = 0, pretend = 0, frame = 0
 1894              		@ frame_needed = 0, uses_anonymous_args = 0
 711:../../Drivers/STM32H7xx_HAL_Driver/Src/stm32h7xx_hal_flash_ex.c ****   HAL_StatusTypeDef status;
 1895              		.loc 1 711 1 is_stmt 0 view .LVU582
 1896 0000 70B5     		push	{r4, r5, r6, lr}
 1897              	.LCFI7:
 1898              		.cfi_def_cfa_offset 16
 1899              		.cfi_offset 4, -16
 1900              		.cfi_offset 5, -12
 1901              		.cfi_offset 6, -8
 1902              		.cfi_offset 14, -4
 1903 0002 0446     		mov	r4, r0
 1904 0004 0E46     		mov	r6, r1
 712:../../Drivers/STM32H7xx_HAL_Driver/Src/stm32h7xx_hal_flash_ex.c ****   uint32_t sector_index;
 1905              		.loc 1 712 3 is_stmt 1 view .LVU583
 713:../../Drivers/STM32H7xx_HAL_Driver/Src/stm32h7xx_hal_flash_ex.c **** 
 1906              		.loc 1 713 3 view .LVU584
 716:../../Drivers/STM32H7xx_HAL_Driver/Src/stm32h7xx_hal_flash_ex.c ****   assert_param(IS_FLASH_TYPECRC(pCRCInit->TypeCRC));
 1907              		.loc 1 716 3 view .LVU585
 717:../../Drivers/STM32H7xx_HAL_Driver/Src/stm32h7xx_hal_flash_ex.c **** 
 1908              		.loc 1 717 3 view .LVU586
 720:../../Drivers/STM32H7xx_HAL_Driver/Src/stm32h7xx_hal_flash_ex.c **** 
 1909              		.loc 1 720 3 view .LVU587
 720:../../Drivers/STM32H7xx_HAL_Driver/Src/stm32h7xx_hal_flash_ex.c **** 
 1910              		.loc 1 720 12 is_stmt 0 view .LVU588
 1911 0006 4CF25030 		movw	r0, #50000
 1912              	.LVL131:
 720:../../Drivers/STM32H7xx_HAL_Driver/Src/stm32h7xx_hal_flash_ex.c **** 
 1913              		.loc 1 720 12 view .LVU589
 1914 000a FFF7FEFF 		bl	FLASH_OB_WaitForLastOperation
 1915              	.LVL132:
 722:../../Drivers/STM32H7xx_HAL_Driver/Src/stm32h7xx_hal_flash_ex.c ****   {
 1916              		.loc 1 722 3 is_stmt 1 view .LVU590
 722:../../Drivers/STM32H7xx_HAL_Driver/Src/stm32h7xx_hal_flash_ex.c ****   {
 1917              		.loc 1 722 6 is_stmt 0 view .LVU591
 1918 000e 0028     		cmp	r0, #0
 1919 0010 40F09D80 		bne	.L170
 724:../../Drivers/STM32H7xx_HAL_Driver/Src/stm32h7xx_hal_flash_ex.c ****     {
 1920              		.loc 1 724 5 is_stmt 1 view .LVU592
 724:../../Drivers/STM32H7xx_HAL_Driver/Src/stm32h7xx_hal_flash_ex.c ****     {
 1921              		.loc 1 724 17 is_stmt 0 view .LVU593
 1922 0014 A368     		ldr	r3, [r4, #8]
 724:../../Drivers/STM32H7xx_HAL_Driver/Src/stm32h7xx_hal_flash_ex.c ****     {
 1923              		.loc 1 724 8 view .LVU594
 1924 0016 012B     		cmp	r3, #1
 1925 0018 25D0     		beq	.L183
 776:../../Drivers/STM32H7xx_HAL_Driver/Src/stm32h7xx_hal_flash_ex.c **** 
 1926              		.loc 1 776 7 is_stmt 1 view .LVU595
 776:../../Drivers/STM32H7xx_HAL_Driver/Src/stm32h7xx_hal_flash_ex.c **** 
 1927              		.loc 1 776 12 is_stmt 0 view .LVU596
ARM GAS  /var/folders/2r/mdtt8xvd351gdc398t28_m2m0000gn/T//ccZQ9BPT.s 			page 73


 1928 001a 504B     		ldr	r3, .L186
 1929 001c D3F80C21 		ldr	r2, [r3, #268]
 776:../../Drivers/STM32H7xx_HAL_Driver/Src/stm32h7xx_hal_flash_ex.c **** 
 1930              		.loc 1 776 18 view .LVU597
 1931 0020 42F40042 		orr	r2, r2, #32768
 1932 0024 C3F80C21 		str	r2, [r3, #268]
 779:../../Drivers/STM32H7xx_HAL_Driver/Src/stm32h7xx_hal_flash_ex.c **** 
 1933              		.loc 1 779 7 is_stmt 1 view .LVU598
 779:../../Drivers/STM32H7xx_HAL_Driver/Src/stm32h7xx_hal_flash_ex.c **** 
 1934              		.loc 1 779 12 is_stmt 0 view .LVU599
 1935 0028 D3F81421 		ldr	r2, [r3, #276]
 779:../../Drivers/STM32H7xx_HAL_Driver/Src/stm32h7xx_hal_flash_ex.c **** 
 1936              		.loc 1 779 19 view .LVU600
 1937 002c 42F0C052 		orr	r2, r2, #402653184
 1938 0030 C3F81421 		str	r2, [r3, #276]
 782:../../Drivers/STM32H7xx_HAL_Driver/Src/stm32h7xx_hal_flash_ex.c **** 
 1939              		.loc 1 782 7 is_stmt 1 view .LVU601
 782:../../Drivers/STM32H7xx_HAL_Driver/Src/stm32h7xx_hal_flash_ex.c **** 
 1940              		.loc 1 782 12 is_stmt 0 view .LVU602
 1941 0034 D3F85021 		ldr	r2, [r3, #336]
 782:../../Drivers/STM32H7xx_HAL_Driver/Src/stm32h7xx_hal_flash_ex.c **** 
 1942              		.loc 1 782 56 view .LVU603
 1943 0038 6168     		ldr	r1, [r4, #4]
 782:../../Drivers/STM32H7xx_HAL_Driver/Src/stm32h7xx_hal_flash_ex.c **** 
 1944              		.loc 1 782 78 view .LVU604
 1945 003a 2068     		ldr	r0, [r4]
 782:../../Drivers/STM32H7xx_HAL_Driver/Src/stm32h7xx_hal_flash_ex.c **** 
 1946              		.loc 1 782 68 view .LVU605
 1947 003c 0143     		orrs	r1, r1, r0
 782:../../Drivers/STM32H7xx_HAL_Driver/Src/stm32h7xx_hal_flash_ex.c **** 
 1948              		.loc 1 782 21 view .LVU606
 1949 003e 0A43     		orrs	r2, r2, r1
 1950 0040 42F40032 		orr	r2, r2, #131072
 1951 0044 C3F85021 		str	r2, [r3, #336]
 784:../../Drivers/STM32H7xx_HAL_Driver/Src/stm32h7xx_hal_flash_ex.c ****       {
 1952              		.loc 1 784 7 is_stmt 1 view .LVU607
 784:../../Drivers/STM32H7xx_HAL_Driver/Src/stm32h7xx_hal_flash_ex.c ****       {
 1953              		.loc 1 784 19 is_stmt 0 view .LVU608
 1954 0048 2368     		ldr	r3, [r4]
 784:../../Drivers/STM32H7xx_HAL_Driver/Src/stm32h7xx_hal_flash_ex.c ****       {
 1955              		.loc 1 784 10 view .LVU609
 1956 004a B3F5807F 		cmp	r3, #256
 1957 004e 53D0     		beq	.L184
 795:../../Drivers/STM32H7xx_HAL_Driver/Src/stm32h7xx_hal_flash_ex.c ****       {
 1958              		.loc 1 795 12 is_stmt 1 view .LVU610
 795:../../Drivers/STM32H7xx_HAL_Driver/Src/stm32h7xx_hal_flash_ex.c ****       {
 1959              		.loc 1 795 15 is_stmt 0 view .LVU611
 1960 0050 434A     		ldr	r2, .L186+4
 1961 0052 9342     		cmp	r3, r2
 1962 0054 7CD1     		bne	.L181
 798:../../Drivers/STM32H7xx_HAL_Driver/Src/stm32h7xx_hal_flash_ex.c ****       }
 1963              		.loc 1 798 9 is_stmt 1 view .LVU612
 798:../../Drivers/STM32H7xx_HAL_Driver/Src/stm32h7xx_hal_flash_ex.c ****       }
 1964              		.loc 1 798 14 is_stmt 0 view .LVU613
 1965 0056 414A     		ldr	r2, .L186
 1966 0058 D2F85031 		ldr	r3, [r2, #336]
 798:../../Drivers/STM32H7xx_HAL_Driver/Src/stm32h7xx_hal_flash_ex.c ****       }
ARM GAS  /var/folders/2r/mdtt8xvd351gdc398t28_m2m0000gn/T//ccZQ9BPT.s 			page 74


 1967              		.loc 1 798 23 view .LVU614
 1968 005c 43F48003 		orr	r3, r3, #4194304
 1969 0060 C2F85031 		str	r3, [r2, #336]
 1970 0064 5BE0     		b	.L180
 1971              	.L183:
 727:../../Drivers/STM32H7xx_HAL_Driver/Src/stm32h7xx_hal_flash_ex.c **** 
 1972              		.loc 1 727 7 is_stmt 1 view .LVU615
 727:../../Drivers/STM32H7xx_HAL_Driver/Src/stm32h7xx_hal_flash_ex.c **** 
 1973              		.loc 1 727 12 is_stmt 0 view .LVU616
 1974 0066 3D4B     		ldr	r3, .L186
 1975 0068 DA68     		ldr	r2, [r3, #12]
 727:../../Drivers/STM32H7xx_HAL_Driver/Src/stm32h7xx_hal_flash_ex.c **** 
 1976              		.loc 1 727 18 view .LVU617
 1977 006a 42F40042 		orr	r2, r2, #32768
 1978 006e DA60     		str	r2, [r3, #12]
 730:../../Drivers/STM32H7xx_HAL_Driver/Src/stm32h7xx_hal_flash_ex.c **** 
 1979              		.loc 1 730 7 is_stmt 1 view .LVU618
 730:../../Drivers/STM32H7xx_HAL_Driver/Src/stm32h7xx_hal_flash_ex.c **** 
 1980              		.loc 1 730 12 is_stmt 0 view .LVU619
 1981 0070 5A69     		ldr	r2, [r3, #20]
 730:../../Drivers/STM32H7xx_HAL_Driver/Src/stm32h7xx_hal_flash_ex.c **** 
 1982              		.loc 1 730 19 view .LVU620
 1983 0072 42F0C052 		orr	r2, r2, #402653184
 1984 0076 5A61     		str	r2, [r3, #20]
 733:../../Drivers/STM32H7xx_HAL_Driver/Src/stm32h7xx_hal_flash_ex.c **** 
 1985              		.loc 1 733 7 is_stmt 1 view .LVU621
 733:../../Drivers/STM32H7xx_HAL_Driver/Src/stm32h7xx_hal_flash_ex.c **** 
 1986              		.loc 1 733 12 is_stmt 0 view .LVU622
 1987 0078 1A6D     		ldr	r2, [r3, #80]
 733:../../Drivers/STM32H7xx_HAL_Driver/Src/stm32h7xx_hal_flash_ex.c **** 
 1988              		.loc 1 733 56 view .LVU623
 1989 007a 6168     		ldr	r1, [r4, #4]
 733:../../Drivers/STM32H7xx_HAL_Driver/Src/stm32h7xx_hal_flash_ex.c **** 
 1990              		.loc 1 733 78 view .LVU624
 1991 007c 2068     		ldr	r0, [r4]
 733:../../Drivers/STM32H7xx_HAL_Driver/Src/stm32h7xx_hal_flash_ex.c **** 
 1992              		.loc 1 733 68 view .LVU625
 1993 007e 0143     		orrs	r1, r1, r0
 733:../../Drivers/STM32H7xx_HAL_Driver/Src/stm32h7xx_hal_flash_ex.c **** 
 1994              		.loc 1 733 21 view .LVU626
 1995 0080 0A43     		orrs	r2, r2, r1
 1996 0082 42F40032 		orr	r2, r2, #131072
 1997 0086 1A65     		str	r2, [r3, #80]
 735:../../Drivers/STM32H7xx_HAL_Driver/Src/stm32h7xx_hal_flash_ex.c ****       {
 1998              		.loc 1 735 7 is_stmt 1 view .LVU627
 735:../../Drivers/STM32H7xx_HAL_Driver/Src/stm32h7xx_hal_flash_ex.c ****       {
 1999              		.loc 1 735 19 is_stmt 0 view .LVU628
 2000 0088 2368     		ldr	r3, [r4]
 735:../../Drivers/STM32H7xx_HAL_Driver/Src/stm32h7xx_hal_flash_ex.c ****       {
 2001              		.loc 1 735 10 view .LVU629
 2002 008a B3F5807F 		cmp	r3, #256
 2003 008e 08D0     		beq	.L185
 746:../../Drivers/STM32H7xx_HAL_Driver/Src/stm32h7xx_hal_flash_ex.c ****       {
 2004              		.loc 1 746 12 is_stmt 1 view .LVU630
 746:../../Drivers/STM32H7xx_HAL_Driver/Src/stm32h7xx_hal_flash_ex.c ****       {
 2005              		.loc 1 746 15 is_stmt 0 view .LVU631
 2006 0090 334A     		ldr	r2, .L186+4
ARM GAS  /var/folders/2r/mdtt8xvd351gdc398t28_m2m0000gn/T//ccZQ9BPT.s 			page 75


 2007 0092 9342     		cmp	r3, r2
 2008 0094 2AD1     		bne	.L176
 749:../../Drivers/STM32H7xx_HAL_Driver/Src/stm32h7xx_hal_flash_ex.c ****       }
 2009              		.loc 1 749 9 is_stmt 1 view .LVU632
 749:../../Drivers/STM32H7xx_HAL_Driver/Src/stm32h7xx_hal_flash_ex.c ****       }
 2010              		.loc 1 749 14 is_stmt 0 view .LVU633
 2011 0096 314A     		ldr	r2, .L186
 2012 0098 136D     		ldr	r3, [r2, #80]
 749:../../Drivers/STM32H7xx_HAL_Driver/Src/stm32h7xx_hal_flash_ex.c ****       }
 2013              		.loc 1 749 23 view .LVU634
 2014 009a 43F48003 		orr	r3, r3, #4194304
 2015 009e 1365     		str	r3, [r2, #80]
 2016 00a0 10E0     		b	.L175
 2017              	.L185:
 738:../../Drivers/STM32H7xx_HAL_Driver/Src/stm32h7xx_hal_flash_ex.c **** 
 2018              		.loc 1 738 9 is_stmt 1 view .LVU635
 738:../../Drivers/STM32H7xx_HAL_Driver/Src/stm32h7xx_hal_flash_ex.c **** 
 2019              		.loc 1 738 14 is_stmt 0 view .LVU636
 2020 00a2 2E4A     		ldr	r2, .L186
 2021 00a4 136D     		ldr	r3, [r2, #80]
 738:../../Drivers/STM32H7xx_HAL_Driver/Src/stm32h7xx_hal_flash_ex.c **** 
 2022              		.loc 1 738 23 view .LVU637
 2023 00a6 43F48063 		orr	r3, r3, #1024
 2024 00aa 1365     		str	r3, [r2, #80]
 741:../../Drivers/STM32H7xx_HAL_Driver/Src/stm32h7xx_hal_flash_ex.c ****         {
 2025              		.loc 1 741 9 is_stmt 1 view .LVU638
 741:../../Drivers/STM32H7xx_HAL_Driver/Src/stm32h7xx_hal_flash_ex.c ****         {
 2026              		.loc 1 741 26 is_stmt 0 view .LVU639
 2027 00ac E568     		ldr	r5, [r4, #12]
 2028              	.LVL133:
 741:../../Drivers/STM32H7xx_HAL_Driver/Src/stm32h7xx_hal_flash_ex.c ****         {
 2029              		.loc 1 741 9 view .LVU640
 2030 00ae 04E0     		b	.L173
 2031              	.L174:
 743:../../Drivers/STM32H7xx_HAL_Driver/Src/stm32h7xx_hal_flash_ex.c ****         }
 2032              		.loc 1 743 11 is_stmt 1 view .LVU641
 2033 00b0 0121     		movs	r1, #1
 2034 00b2 2846     		mov	r0, r5
 2035 00b4 FFF7FEFF 		bl	FLASH_CRC_AddSector
 2036              	.LVL134:
 741:../../Drivers/STM32H7xx_HAL_Driver/Src/stm32h7xx_hal_flash_ex.c ****         {
 2037              		.loc 1 741 115 discriminator 3 view .LVU642
 2038 00b8 0135     		adds	r5, r5, #1
 2039              	.LVL135:
 2040              	.L173:
 741:../../Drivers/STM32H7xx_HAL_Driver/Src/stm32h7xx_hal_flash_ex.c ****         {
 2041              		.loc 1 741 59 discriminator 1 view .LVU643
 741:../../Drivers/STM32H7xx_HAL_Driver/Src/stm32h7xx_hal_flash_ex.c ****         {
 2042              		.loc 1 741 70 is_stmt 0 discriminator 1 view .LVU644
 2043 00ba 2369     		ldr	r3, [r4, #16]
 741:../../Drivers/STM32H7xx_HAL_Driver/Src/stm32h7xx_hal_flash_ex.c ****         {
 2044              		.loc 1 741 92 discriminator 1 view .LVU645
 2045 00bc E268     		ldr	r2, [r4, #12]
 741:../../Drivers/STM32H7xx_HAL_Driver/Src/stm32h7xx_hal_flash_ex.c ****         {
 2046              		.loc 1 741 82 discriminator 1 view .LVU646
 2047 00be 1344     		add	r3, r3, r2
 741:../../Drivers/STM32H7xx_HAL_Driver/Src/stm32h7xx_hal_flash_ex.c ****         {
ARM GAS  /var/folders/2r/mdtt8xvd351gdc398t28_m2m0000gn/T//ccZQ9BPT.s 			page 76


 2048              		.loc 1 741 59 discriminator 1 view .LVU647
 2049 00c0 AB42     		cmp	r3, r5
 2050 00c2 F5D8     		bhi	.L174
 2051              	.LVL136:
 2052              	.L175:
 758:../../Drivers/STM32H7xx_HAL_Driver/Src/stm32h7xx_hal_flash_ex.c **** 
 2053              		.loc 1 758 7 is_stmt 1 view .LVU648
 758:../../Drivers/STM32H7xx_HAL_Driver/Src/stm32h7xx_hal_flash_ex.c **** 
 2054              		.loc 1 758 12 is_stmt 0 view .LVU649
 2055 00c4 254C     		ldr	r4, .L186
 2056              	.LVL137:
 758:../../Drivers/STM32H7xx_HAL_Driver/Src/stm32h7xx_hal_flash_ex.c **** 
 2057              		.loc 1 758 12 view .LVU650
 2058 00c6 236D     		ldr	r3, [r4, #80]
 758:../../Drivers/STM32H7xx_HAL_Driver/Src/stm32h7xx_hal_flash_ex.c **** 
 2059              		.loc 1 758 21 view .LVU651
 2060 00c8 43F48033 		orr	r3, r3, #65536
 2061 00cc 2365     		str	r3, [r4, #80]
 761:../../Drivers/STM32H7xx_HAL_Driver/Src/stm32h7xx_hal_flash_ex.c **** 
 2062              		.loc 1 761 7 is_stmt 1 view .LVU652
 761:../../Drivers/STM32H7xx_HAL_Driver/Src/stm32h7xx_hal_flash_ex.c **** 
 2063              		.loc 1 761 16 is_stmt 0 view .LVU653
 2064 00ce 0121     		movs	r1, #1
 2065 00d0 4CF25030 		movw	r0, #50000
 2066 00d4 FFF7FEFF 		bl	FLASH_CRC_WaitForLastOperation
 2067              	.LVL138:
 764:../../Drivers/STM32H7xx_HAL_Driver/Src/stm32h7xx_hal_flash_ex.c **** 
 2068              		.loc 1 764 7 is_stmt 1 view .LVU654
 764:../../Drivers/STM32H7xx_HAL_Driver/Src/stm32h7xx_hal_flash_ex.c **** 
 2069              		.loc 1 764 28 is_stmt 0 view .LVU655
 2070 00d8 E36D     		ldr	r3, [r4, #92]
 764:../../Drivers/STM32H7xx_HAL_Driver/Src/stm32h7xx_hal_flash_ex.c **** 
 2071              		.loc 1 764 21 view .LVU656
 2072 00da 3360     		str	r3, [r6]
 767:../../Drivers/STM32H7xx_HAL_Driver/Src/stm32h7xx_hal_flash_ex.c **** 
 2073              		.loc 1 767 7 is_stmt 1 view .LVU657
 767:../../Drivers/STM32H7xx_HAL_Driver/Src/stm32h7xx_hal_flash_ex.c **** 
 2074              		.loc 1 767 12 is_stmt 0 view .LVU658
 2075 00dc E368     		ldr	r3, [r4, #12]
 767:../../Drivers/STM32H7xx_HAL_Driver/Src/stm32h7xx_hal_flash_ex.c **** 
 2076              		.loc 1 767 18 view .LVU659
 2077 00de 23F40043 		bic	r3, r3, #32768
 2078 00e2 E360     		str	r3, [r4, #12]
 770:../../Drivers/STM32H7xx_HAL_Driver/Src/stm32h7xx_hal_flash_ex.c ****     }
 2079              		.loc 1 770 7 is_stmt 1 view .LVU660
 2080 00e4 4FF0C053 		mov	r3, #402653184
 2081 00e8 6361     		str	r3, [r4, #20]
 2082 00ea 30E0     		b	.L170
 2083              	.LVL139:
 2084              	.L176:
 754:../../Drivers/STM32H7xx_HAL_Driver/Src/stm32h7xx_hal_flash_ex.c ****       }
 2085              		.loc 1 754 9 view .LVU661
 2086 00ec 0122     		movs	r2, #1
 2087 00ee A169     		ldr	r1, [r4, #24]
 2088 00f0 6069     		ldr	r0, [r4, #20]
 2089 00f2 FFF7FEFF 		bl	FLASH_CRC_SelectAddress
 2090              	.LVL140:
ARM GAS  /var/folders/2r/mdtt8xvd351gdc398t28_m2m0000gn/T//ccZQ9BPT.s 			page 77


 2091 00f6 E5E7     		b	.L175
 2092              	.L184:
 787:../../Drivers/STM32H7xx_HAL_Driver/Src/stm32h7xx_hal_flash_ex.c **** 
 2093              		.loc 1 787 9 view .LVU662
 787:../../Drivers/STM32H7xx_HAL_Driver/Src/stm32h7xx_hal_flash_ex.c **** 
 2094              		.loc 1 787 14 is_stmt 0 view .LVU663
 2095 00f8 184A     		ldr	r2, .L186
 2096 00fa D2F85031 		ldr	r3, [r2, #336]
 787:../../Drivers/STM32H7xx_HAL_Driver/Src/stm32h7xx_hal_flash_ex.c **** 
 2097              		.loc 1 787 23 view .LVU664
 2098 00fe 43F48063 		orr	r3, r3, #1024
 2099 0102 C2F85031 		str	r3, [r2, #336]
 790:../../Drivers/STM32H7xx_HAL_Driver/Src/stm32h7xx_hal_flash_ex.c ****         {
 2100              		.loc 1 790 9 is_stmt 1 view .LVU665
 790:../../Drivers/STM32H7xx_HAL_Driver/Src/stm32h7xx_hal_flash_ex.c ****         {
 2101              		.loc 1 790 26 is_stmt 0 view .LVU666
 2102 0106 E568     		ldr	r5, [r4, #12]
 2103              	.LVL141:
 790:../../Drivers/STM32H7xx_HAL_Driver/Src/stm32h7xx_hal_flash_ex.c ****         {
 2104              		.loc 1 790 9 view .LVU667
 2105 0108 04E0     		b	.L178
 2106              	.L179:
 792:../../Drivers/STM32H7xx_HAL_Driver/Src/stm32h7xx_hal_flash_ex.c ****         }
 2107              		.loc 1 792 11 is_stmt 1 view .LVU668
 2108 010a 0221     		movs	r1, #2
 2109 010c 2846     		mov	r0, r5
 2110 010e FFF7FEFF 		bl	FLASH_CRC_AddSector
 2111              	.LVL142:
 790:../../Drivers/STM32H7xx_HAL_Driver/Src/stm32h7xx_hal_flash_ex.c ****         {
 2112              		.loc 1 790 115 discriminator 3 view .LVU669
 2113 0112 0135     		adds	r5, r5, #1
 2114              	.LVL143:
 2115              	.L178:
 790:../../Drivers/STM32H7xx_HAL_Driver/Src/stm32h7xx_hal_flash_ex.c ****         {
 2116              		.loc 1 790 59 discriminator 1 view .LVU670
 790:../../Drivers/STM32H7xx_HAL_Driver/Src/stm32h7xx_hal_flash_ex.c ****         {
 2117              		.loc 1 790 70 is_stmt 0 discriminator 1 view .LVU671
 2118 0114 2369     		ldr	r3, [r4, #16]
 790:../../Drivers/STM32H7xx_HAL_Driver/Src/stm32h7xx_hal_flash_ex.c ****         {
 2119              		.loc 1 790 92 discriminator 1 view .LVU672
 2120 0116 E268     		ldr	r2, [r4, #12]
 790:../../Drivers/STM32H7xx_HAL_Driver/Src/stm32h7xx_hal_flash_ex.c ****         {
 2121              		.loc 1 790 82 discriminator 1 view .LVU673
 2122 0118 1344     		add	r3, r3, r2
 790:../../Drivers/STM32H7xx_HAL_Driver/Src/stm32h7xx_hal_flash_ex.c ****         {
 2123              		.loc 1 790 59 discriminator 1 view .LVU674
 2124 011a AB42     		cmp	r3, r5
 2125 011c F5D8     		bhi	.L179
 2126              	.LVL144:
 2127              	.L180:
 807:../../Drivers/STM32H7xx_HAL_Driver/Src/stm32h7xx_hal_flash_ex.c **** 
 2128              		.loc 1 807 7 is_stmt 1 view .LVU675
 807:../../Drivers/STM32H7xx_HAL_Driver/Src/stm32h7xx_hal_flash_ex.c **** 
 2129              		.loc 1 807 12 is_stmt 0 view .LVU676
 2130 011e 0F4C     		ldr	r4, .L186
 2131              	.LVL145:
 807:../../Drivers/STM32H7xx_HAL_Driver/Src/stm32h7xx_hal_flash_ex.c **** 
ARM GAS  /var/folders/2r/mdtt8xvd351gdc398t28_m2m0000gn/T//ccZQ9BPT.s 			page 78


 2132              		.loc 1 807 12 view .LVU677
 2133 0120 D4F85031 		ldr	r3, [r4, #336]
 807:../../Drivers/STM32H7xx_HAL_Driver/Src/stm32h7xx_hal_flash_ex.c **** 
 2134              		.loc 1 807 21 view .LVU678
 2135 0124 43F48033 		orr	r3, r3, #65536
 2136 0128 C4F85031 		str	r3, [r4, #336]
 810:../../Drivers/STM32H7xx_HAL_Driver/Src/stm32h7xx_hal_flash_ex.c **** 
 2137              		.loc 1 810 7 is_stmt 1 view .LVU679
 810:../../Drivers/STM32H7xx_HAL_Driver/Src/stm32h7xx_hal_flash_ex.c **** 
 2138              		.loc 1 810 16 is_stmt 0 view .LVU680
 2139 012c 0221     		movs	r1, #2
 2140 012e 4CF25030 		movw	r0, #50000
 2141 0132 FFF7FEFF 		bl	FLASH_CRC_WaitForLastOperation
 2142              	.LVL146:
 813:../../Drivers/STM32H7xx_HAL_Driver/Src/stm32h7xx_hal_flash_ex.c **** 
 2143              		.loc 1 813 7 is_stmt 1 view .LVU681
 813:../../Drivers/STM32H7xx_HAL_Driver/Src/stm32h7xx_hal_flash_ex.c **** 
 2144              		.loc 1 813 28 is_stmt 0 view .LVU682
 2145 0136 E36D     		ldr	r3, [r4, #92]
 813:../../Drivers/STM32H7xx_HAL_Driver/Src/stm32h7xx_hal_flash_ex.c **** 
 2146              		.loc 1 813 21 view .LVU683
 2147 0138 3360     		str	r3, [r6]
 816:../../Drivers/STM32H7xx_HAL_Driver/Src/stm32h7xx_hal_flash_ex.c **** 
 2148              		.loc 1 816 7 is_stmt 1 view .LVU684
 816:../../Drivers/STM32H7xx_HAL_Driver/Src/stm32h7xx_hal_flash_ex.c **** 
 2149              		.loc 1 816 12 is_stmt 0 view .LVU685
 2150 013a D4F80C31 		ldr	r3, [r4, #268]
 816:../../Drivers/STM32H7xx_HAL_Driver/Src/stm32h7xx_hal_flash_ex.c **** 
 2151              		.loc 1 816 18 view .LVU686
 2152 013e 23F40043 		bic	r3, r3, #32768
 2153 0142 C4F80C31 		str	r3, [r4, #268]
 819:../../Drivers/STM32H7xx_HAL_Driver/Src/stm32h7xx_hal_flash_ex.c ****     }
 2154              		.loc 1 819 7 is_stmt 1 view .LVU687
 2155 0146 4FF0C053 		mov	r3, #402653184
 2156 014a C4F81431 		str	r3, [r4, #276]
 2157              	.LVL147:
 2158              	.L170:
 824:../../Drivers/STM32H7xx_HAL_Driver/Src/stm32h7xx_hal_flash_ex.c **** }
 2159              		.loc 1 824 3 view .LVU688
 825:../../Drivers/STM32H7xx_HAL_Driver/Src/stm32h7xx_hal_flash_ex.c **** 
 2160              		.loc 1 825 1 is_stmt 0 view .LVU689
 2161 014e 70BD     		pop	{r4, r5, r6, pc}
 2162              	.LVL148:
 2163              	.L181:
 803:../../Drivers/STM32H7xx_HAL_Driver/Src/stm32h7xx_hal_flash_ex.c ****       }
 2164              		.loc 1 803 9 is_stmt 1 view .LVU690
 2165 0150 0222     		movs	r2, #2
 2166 0152 A169     		ldr	r1, [r4, #24]
 2167 0154 6069     		ldr	r0, [r4, #20]
 2168 0156 FFF7FEFF 		bl	FLASH_CRC_SelectAddress
 2169              	.LVL149:
 2170 015a E0E7     		b	.L180
 2171              	.L187:
 2172              		.align	2
 2173              	.L186:
 2174 015c 00200052 		.word	1375739904
 2175 0160 00014000 		.word	4194560
ARM GAS  /var/folders/2r/mdtt8xvd351gdc398t28_m2m0000gn/T//ccZQ9BPT.s 			page 79


 2176              		.cfi_endproc
 2177              	.LFE140:
 2179              		.section	.text.FLASH_Erase_Sector,"ax",%progbits
 2180              		.align	1
 2181              		.global	FLASH_Erase_Sector
 2182              		.syntax unified
 2183              		.thumb
 2184              		.thumb_func
 2186              	FLASH_Erase_Sector:
 2187              	.LVL150:
 2188              	.LFB142:
1181:../../Drivers/STM32H7xx_HAL_Driver/Src/stm32h7xx_hal_flash_ex.c ****   assert_param(IS_FLASH_SECTOR(Sector));
 2189              		.loc 1 1181 1 view -0
 2190              		.cfi_startproc
 2191              		@ args = 0, pretend = 0, frame = 0
 2192              		@ frame_needed = 0, uses_anonymous_args = 0
1181:../../Drivers/STM32H7xx_HAL_Driver/Src/stm32h7xx_hal_flash_ex.c ****   assert_param(IS_FLASH_SECTOR(Sector));
 2193              		.loc 1 1181 1 is_stmt 0 view .LVU692
 2194 0000 00B5     		push	{lr}
 2195              	.LCFI8:
 2196              		.cfi_def_cfa_offset 4
 2197              		.cfi_offset 14, -4
1182:../../Drivers/STM32H7xx_HAL_Driver/Src/stm32h7xx_hal_flash_ex.c ****   assert_param(IS_FLASH_BANK_EXCLUSIVE(Banks));
 2198              		.loc 1 1182 3 is_stmt 1 view .LVU693
1183:../../Drivers/STM32H7xx_HAL_Driver/Src/stm32h7xx_hal_flash_ex.c **** #if defined (FLASH_CR_PSIZE)
 2199              		.loc 1 1183 3 view .LVU694
1185:../../Drivers/STM32H7xx_HAL_Driver/Src/stm32h7xx_hal_flash_ex.c **** #else
 2200              		.loc 1 1185 3 view .LVU695
1190:../../Drivers/STM32H7xx_HAL_Driver/Src/stm32h7xx_hal_flash_ex.c ****   {
 2201              		.loc 1 1190 3 view .LVU696
1190:../../Drivers/STM32H7xx_HAL_Driver/Src/stm32h7xx_hal_flash_ex.c ****   {
 2202              		.loc 1 1190 5 is_stmt 0 view .LVU697
 2203 0002 11F0010F 		tst	r1, #1
 2204 0006 11D0     		beq	.L189
1194:../../Drivers/STM32H7xx_HAL_Driver/Src/stm32h7xx_hal_flash_ex.c **** 
 2205              		.loc 1 1194 5 is_stmt 1 view .LVU698
1194:../../Drivers/STM32H7xx_HAL_Driver/Src/stm32h7xx_hal_flash_ex.c **** 
 2206              		.loc 1 1194 10 is_stmt 0 view .LVU699
 2207 0008 DFF848C0 		ldr	ip, .L192
 2208 000c DCF80C30 		ldr	r3, [ip, #12]
1194:../../Drivers/STM32H7xx_HAL_Driver/Src/stm32h7xx_hal_flash_ex.c **** 
 2209              		.loc 1 1194 16 view .LVU700
 2210 0010 23F4E663 		bic	r3, r3, #1840
 2211 0014 CCF80C30 		str	r3, [ip, #12]
1196:../../Drivers/STM32H7xx_HAL_Driver/Src/stm32h7xx_hal_flash_ex.c **** #else
 2212              		.loc 1 1196 5 is_stmt 1 view .LVU701
1196:../../Drivers/STM32H7xx_HAL_Driver/Src/stm32h7xx_hal_flash_ex.c **** #else
 2213              		.loc 1 1196 10 is_stmt 0 view .LVU702
 2214 0018 DCF80C30 		ldr	r3, [ip, #12]
1196:../../Drivers/STM32H7xx_HAL_Driver/Src/stm32h7xx_hal_flash_ex.c **** #else
 2215              		.loc 1 1196 48 view .LVU703
 2216 001c 42EA002E 		orr	lr, r2, r0, lsl #8
1196:../../Drivers/STM32H7xx_HAL_Driver/Src/stm32h7xx_hal_flash_ex.c **** #else
 2217              		.loc 1 1196 16 view .LVU704
 2218 0020 43EA0E03 		orr	r3, r3, lr
 2219 0024 43F08403 		orr	r3, r3, #132
 2220 0028 CCF80C30 		str	r3, [ip, #12]
ARM GAS  /var/folders/2r/mdtt8xvd351gdc398t28_m2m0000gn/T//ccZQ9BPT.s 			page 80


 2221              	.L189:
1206:../../Drivers/STM32H7xx_HAL_Driver/Src/stm32h7xx_hal_flash_ex.c ****   {
 2222              		.loc 1 1206 3 is_stmt 1 view .LVU705
1206:../../Drivers/STM32H7xx_HAL_Driver/Src/stm32h7xx_hal_flash_ex.c ****   {
 2223              		.loc 1 1206 5 is_stmt 0 view .LVU706
 2224 002c 11F0020F 		tst	r1, #2
 2225 0030 0FD0     		beq	.L188
1210:../../Drivers/STM32H7xx_HAL_Driver/Src/stm32h7xx_hal_flash_ex.c **** 
 2226              		.loc 1 1210 5 is_stmt 1 view .LVU707
1210:../../Drivers/STM32H7xx_HAL_Driver/Src/stm32h7xx_hal_flash_ex.c **** 
 2227              		.loc 1 1210 10 is_stmt 0 view .LVU708
 2228 0032 0849     		ldr	r1, .L192
 2229              	.LVL151:
1210:../../Drivers/STM32H7xx_HAL_Driver/Src/stm32h7xx_hal_flash_ex.c **** 
 2230              		.loc 1 1210 10 view .LVU709
 2231 0034 D1F80C31 		ldr	r3, [r1, #268]
1210:../../Drivers/STM32H7xx_HAL_Driver/Src/stm32h7xx_hal_flash_ex.c **** 
 2232              		.loc 1 1210 16 view .LVU710
 2233 0038 23F4E663 		bic	r3, r3, #1840
 2234 003c C1F80C31 		str	r3, [r1, #268]
1212:../../Drivers/STM32H7xx_HAL_Driver/Src/stm32h7xx_hal_flash_ex.c **** #else
 2235              		.loc 1 1212 5 is_stmt 1 view .LVU711
1212:../../Drivers/STM32H7xx_HAL_Driver/Src/stm32h7xx_hal_flash_ex.c **** #else
 2236              		.loc 1 1212 10 is_stmt 0 view .LVU712
 2237 0040 D1F80C31 		ldr	r3, [r1, #268]
1212:../../Drivers/STM32H7xx_HAL_Driver/Src/stm32h7xx_hal_flash_ex.c **** #else
 2238              		.loc 1 1212 49 view .LVU713
 2239 0044 42EA0022 		orr	r2, r2, r0, lsl #8
 2240              	.LVL152:
1212:../../Drivers/STM32H7xx_HAL_Driver/Src/stm32h7xx_hal_flash_ex.c **** #else
 2241              		.loc 1 1212 16 view .LVU714
 2242 0048 1343     		orrs	r3, r3, r2
 2243 004a 43F08403 		orr	r3, r3, #132
 2244 004e C1F80C31 		str	r3, [r1, #268]
 2245              	.L188:
1221:../../Drivers/STM32H7xx_HAL_Driver/Src/stm32h7xx_hal_flash_ex.c **** 
 2246              		.loc 1 1221 1 view .LVU715
 2247 0052 00BD     		pop	{pc}
 2248              	.L193:
 2249              		.align	2
 2250              	.L192:
 2251 0054 00200052 		.word	1375739904
 2252              		.cfi_endproc
 2253              	.LFE142:
 2255              		.section	.text.HAL_FLASHEx_Erase,"ax",%progbits
 2256              		.align	1
 2257              		.global	HAL_FLASHEx_Erase
 2258              		.syntax unified
 2259              		.thumb
 2260              		.thumb_func
 2262              	HAL_FLASHEx_Erase:
 2263              	.LVL153:
 2264              	.LFB132:
 187:../../Drivers/STM32H7xx_HAL_Driver/Src/stm32h7xx_hal_flash_ex.c ****   HAL_StatusTypeDef status = HAL_OK;
 2265              		.loc 1 187 1 is_stmt 1 view -0
 2266              		.cfi_startproc
 2267              		@ args = 0, pretend = 0, frame = 0
ARM GAS  /var/folders/2r/mdtt8xvd351gdc398t28_m2m0000gn/T//ccZQ9BPT.s 			page 81


 2268              		@ frame_needed = 0, uses_anonymous_args = 0
 187:../../Drivers/STM32H7xx_HAL_Driver/Src/stm32h7xx_hal_flash_ex.c ****   HAL_StatusTypeDef status = HAL_OK;
 2269              		.loc 1 187 1 is_stmt 0 view .LVU717
 2270 0000 F8B5     		push	{r3, r4, r5, r6, r7, lr}
 2271              	.LCFI9:
 2272              		.cfi_def_cfa_offset 24
 2273              		.cfi_offset 3, -24
 2274              		.cfi_offset 4, -20
 2275              		.cfi_offset 5, -16
 2276              		.cfi_offset 6, -12
 2277              		.cfi_offset 7, -8
 2278              		.cfi_offset 14, -4
 188:../../Drivers/STM32H7xx_HAL_Driver/Src/stm32h7xx_hal_flash_ex.c ****   uint32_t sector_index;
 2279              		.loc 1 188 3 is_stmt 1 view .LVU718
 2280              	.LVL154:
 189:../../Drivers/STM32H7xx_HAL_Driver/Src/stm32h7xx_hal_flash_ex.c **** 
 2281              		.loc 1 189 3 view .LVU719
 192:../../Drivers/STM32H7xx_HAL_Driver/Src/stm32h7xx_hal_flash_ex.c ****   assert_param(IS_FLASH_BANK(pEraseInit->Banks));
 2282              		.loc 1 192 3 view .LVU720
 193:../../Drivers/STM32H7xx_HAL_Driver/Src/stm32h7xx_hal_flash_ex.c **** 
 2283              		.loc 1 193 3 view .LVU721
 196:../../Drivers/STM32H7xx_HAL_Driver/Src/stm32h7xx_hal_flash_ex.c **** 
 2284              		.loc 1 196 3 view .LVU722
 196:../../Drivers/STM32H7xx_HAL_Driver/Src/stm32h7xx_hal_flash_ex.c **** 
 2285              		.loc 1 196 3 view .LVU723
 2286 0002 494B     		ldr	r3, .L221
 2287 0004 1B7D     		ldrb	r3, [r3, #20]	@ zero_extendqisi2
 2288 0006 012B     		cmp	r3, #1
 2289 0008 00F08C80 		beq	.L208
 2290 000c 0446     		mov	r4, r0
 2291 000e 0F46     		mov	r7, r1
 196:../../Drivers/STM32H7xx_HAL_Driver/Src/stm32h7xx_hal_flash_ex.c **** 
 2292              		.loc 1 196 3 discriminator 2 view .LVU724
 2293 0010 454B     		ldr	r3, .L221
 2294 0012 0122     		movs	r2, #1
 2295 0014 1A75     		strb	r2, [r3, #20]
 196:../../Drivers/STM32H7xx_HAL_Driver/Src/stm32h7xx_hal_flash_ex.c **** 
 2296              		.loc 1 196 3 view .LVU725
 199:../../Drivers/STM32H7xx_HAL_Driver/Src/stm32h7xx_hal_flash_ex.c **** 
 2297              		.loc 1 199 3 view .LVU726
 199:../../Drivers/STM32H7xx_HAL_Driver/Src/stm32h7xx_hal_flash_ex.c **** 
 2298              		.loc 1 199 20 is_stmt 0 view .LVU727
 2299 0016 0022     		movs	r2, #0
 2300 0018 9A61     		str	r2, [r3, #24]
 202:../../Drivers/STM32H7xx_HAL_Driver/Src/stm32h7xx_hal_flash_ex.c ****   {
 2301              		.loc 1 202 3 is_stmt 1 view .LVU728
 202:../../Drivers/STM32H7xx_HAL_Driver/Src/stm32h7xx_hal_flash_ex.c ****   {
 2302              		.loc 1 202 17 is_stmt 0 view .LVU729
 2303 001a 4368     		ldr	r3, [r0, #4]
 202:../../Drivers/STM32H7xx_HAL_Driver/Src/stm32h7xx_hal_flash_ex.c ****   {
 2304              		.loc 1 202 5 view .LVU730
 2305 001c 13F0010F 		tst	r3, #1
 2306 0020 0DD1     		bne	.L215
 188:../../Drivers/STM32H7xx_HAL_Driver/Src/stm32h7xx_hal_flash_ex.c ****   uint32_t sector_index;
 2307              		.loc 1 188 21 view .LVU731
 2308 0022 0025     		movs	r5, #0
 2309              	.LVL155:
ARM GAS  /var/folders/2r/mdtt8xvd351gdc398t28_m2m0000gn/T//ccZQ9BPT.s 			page 82


 2310              	.L196:
 212:../../Drivers/STM32H7xx_HAL_Driver/Src/stm32h7xx_hal_flash_ex.c ****   {
 2311              		.loc 1 212 3 is_stmt 1 view .LVU732
 212:../../Drivers/STM32H7xx_HAL_Driver/Src/stm32h7xx_hal_flash_ex.c ****   {
 2312              		.loc 1 212 17 is_stmt 0 view .LVU733
 2313 0024 6368     		ldr	r3, [r4, #4]
 212:../../Drivers/STM32H7xx_HAL_Driver/Src/stm32h7xx_hal_flash_ex.c ****   {
 2314              		.loc 1 212 5 view .LVU734
 2315 0026 13F0020F 		tst	r3, #2
 2316 002a 12D1     		bne	.L216
 2317              	.L197:
 221:../../Drivers/STM32H7xx_HAL_Driver/Src/stm32h7xx_hal_flash_ex.c ****   {
 2318              		.loc 1 221 3 is_stmt 1 view .LVU735
 221:../../Drivers/STM32H7xx_HAL_Driver/Src/stm32h7xx_hal_flash_ex.c ****   {
 2319              		.loc 1 221 5 is_stmt 0 view .LVU736
 2320 002c CDB9     		cbnz	r5, .L198
 223:../../Drivers/STM32H7xx_HAL_Driver/Src/stm32h7xx_hal_flash_ex.c ****     {
 2321              		.loc 1 223 5 is_stmt 1 view .LVU737
 223:../../Drivers/STM32H7xx_HAL_Driver/Src/stm32h7xx_hal_flash_ex.c ****     {
 2322              		.loc 1 223 18 is_stmt 0 view .LVU738
 2323 002e 2368     		ldr	r3, [r4]
 223:../../Drivers/STM32H7xx_HAL_Driver/Src/stm32h7xx_hal_flash_ex.c ****     {
 2324              		.loc 1 223 7 view .LVU739
 2325 0030 012B     		cmp	r3, #1
 2326 0032 1BD0     		beq	.L217
 254:../../Drivers/STM32H7xx_HAL_Driver/Src/stm32h7xx_hal_flash_ex.c **** 
 2327              		.loc 1 254 7 is_stmt 1 view .LVU740
 254:../../Drivers/STM32H7xx_HAL_Driver/Src/stm32h7xx_hal_flash_ex.c **** 
 2328              		.loc 1 254 20 is_stmt 0 view .LVU741
 2329 0034 4FF0FF33 		mov	r3, #-1
 2330 0038 3B60     		str	r3, [r7]
 257:../../Drivers/STM32H7xx_HAL_Driver/Src/stm32h7xx_hal_flash_ex.c ****       {
 2331              		.loc 1 257 7 is_stmt 1 view .LVU742
 257:../../Drivers/STM32H7xx_HAL_Driver/Src/stm32h7xx_hal_flash_ex.c ****       {
 2332              		.loc 1 257 24 is_stmt 0 view .LVU743
 2333 003a A668     		ldr	r6, [r4, #8]
 2334              	.LVL156:
 257:../../Drivers/STM32H7xx_HAL_Driver/Src/stm32h7xx_hal_flash_ex.c ****       {
 2335              		.loc 1 257 7 view .LVU744
 2336 003c 4EE0     		b	.L203
 2337              	.LVL157:
 2338              	.L215:
 204:../../Drivers/STM32H7xx_HAL_Driver/Src/stm32h7xx_hal_flash_ex.c ****     {
 2339              		.loc 1 204 5 is_stmt 1 view .LVU745
 204:../../Drivers/STM32H7xx_HAL_Driver/Src/stm32h7xx_hal_flash_ex.c ****     {
 2340              		.loc 1 204 8 is_stmt 0 view .LVU746
 2341 003e 0121     		movs	r1, #1
 2342              	.LVL158:
 204:../../Drivers/STM32H7xx_HAL_Driver/Src/stm32h7xx_hal_flash_ex.c ****     {
 2343              		.loc 1 204 8 view .LVU747
 2344 0040 4CF25030 		movw	r0, #50000
 2345              	.LVL159:
 204:../../Drivers/STM32H7xx_HAL_Driver/Src/stm32h7xx_hal_flash_ex.c ****     {
 2346              		.loc 1 204 8 view .LVU748
 2347 0044 FFF7FEFF 		bl	FLASH_WaitForLastOperation
 2348              	.LVL160:
 204:../../Drivers/STM32H7xx_HAL_Driver/Src/stm32h7xx_hal_flash_ex.c ****     {
ARM GAS  /var/folders/2r/mdtt8xvd351gdc398t28_m2m0000gn/T//ccZQ9BPT.s 			page 83


 2349              		.loc 1 204 7 discriminator 1 view .LVU749
 2350 0048 0546     		mov	r5, r0
 2351 004a 0028     		cmp	r0, #0
 2352 004c EAD0     		beq	.L196
 206:../../Drivers/STM32H7xx_HAL_Driver/Src/stm32h7xx_hal_flash_ex.c ****     }
 2353              		.loc 1 206 14 view .LVU750
 2354 004e 0125     		movs	r5, #1
 2355 0050 E8E7     		b	.L196
 2356              	.LVL161:
 2357              	.L216:
 214:../../Drivers/STM32H7xx_HAL_Driver/Src/stm32h7xx_hal_flash_ex.c ****     {
 2358              		.loc 1 214 5 is_stmt 1 view .LVU751
 214:../../Drivers/STM32H7xx_HAL_Driver/Src/stm32h7xx_hal_flash_ex.c ****     {
 2359              		.loc 1 214 8 is_stmt 0 view .LVU752
 2360 0052 0221     		movs	r1, #2
 2361 0054 4CF25030 		movw	r0, #50000
 2362 0058 FFF7FEFF 		bl	FLASH_WaitForLastOperation
 2363              	.LVL162:
 214:../../Drivers/STM32H7xx_HAL_Driver/Src/stm32h7xx_hal_flash_ex.c ****     {
 2364              		.loc 1 214 7 discriminator 1 view .LVU753
 2365 005c 0028     		cmp	r0, #0
 2366 005e E5D0     		beq	.L197
 216:../../Drivers/STM32H7xx_HAL_Driver/Src/stm32h7xx_hal_flash_ex.c ****     }
 2367              		.loc 1 216 14 view .LVU754
 2368 0060 0125     		movs	r5, #1
 2369              	.LVL163:
 2370              	.L198:
 291:../../Drivers/STM32H7xx_HAL_Driver/Src/stm32h7xx_hal_flash_ex.c **** 
 2371              		.loc 1 291 3 is_stmt 1 view .LVU755
 291:../../Drivers/STM32H7xx_HAL_Driver/Src/stm32h7xx_hal_flash_ex.c **** 
 2372              		.loc 1 291 3 view .LVU756
 2373 0062 314B     		ldr	r3, .L221
 2374 0064 0022     		movs	r2, #0
 2375 0066 1A75     		strb	r2, [r3, #20]
 291:../../Drivers/STM32H7xx_HAL_Driver/Src/stm32h7xx_hal_flash_ex.c **** 
 2376              		.loc 1 291 3 view .LVU757
 293:../../Drivers/STM32H7xx_HAL_Driver/Src/stm32h7xx_hal_flash_ex.c **** }
 2377              		.loc 1 293 3 view .LVU758
 2378              	.LVL164:
 2379              	.L195:
 294:../../Drivers/STM32H7xx_HAL_Driver/Src/stm32h7xx_hal_flash_ex.c **** 
 2380              		.loc 1 294 1 is_stmt 0 view .LVU759
 2381 0068 2846     		mov	r0, r5
 2382 006a F8BD     		pop	{r3, r4, r5, r6, r7, pc}
 2383              	.LVL165:
 2384              	.L217:
 226:../../Drivers/STM32H7xx_HAL_Driver/Src/stm32h7xx_hal_flash_ex.c **** 
 2385              		.loc 1 226 7 is_stmt 1 view .LVU760
 2386 006c 6168     		ldr	r1, [r4, #4]
 2387 006e 2069     		ldr	r0, [r4, #16]
 2388 0070 FFF7FEFF 		bl	FLASH_MassErase
 2389              	.LVL166:
 229:../../Drivers/STM32H7xx_HAL_Driver/Src/stm32h7xx_hal_flash_ex.c ****       {
 2390              		.loc 1 229 7 view .LVU761
 229:../../Drivers/STM32H7xx_HAL_Driver/Src/stm32h7xx_hal_flash_ex.c ****       {
 2391              		.loc 1 229 21 is_stmt 0 view .LVU762
 2392 0074 6368     		ldr	r3, [r4, #4]
ARM GAS  /var/folders/2r/mdtt8xvd351gdc398t28_m2m0000gn/T//ccZQ9BPT.s 			page 84


 229:../../Drivers/STM32H7xx_HAL_Driver/Src/stm32h7xx_hal_flash_ex.c ****       {
 2393              		.loc 1 229 9 view .LVU763
 2394 0076 13F0010F 		tst	r3, #1
 2395 007a 12D1     		bne	.L218
 2396              	.L200:
 240:../../Drivers/STM32H7xx_HAL_Driver/Src/stm32h7xx_hal_flash_ex.c ****       {
 2397              		.loc 1 240 7 is_stmt 1 view .LVU764
 240:../../Drivers/STM32H7xx_HAL_Driver/Src/stm32h7xx_hal_flash_ex.c ****       {
 2398              		.loc 1 240 21 is_stmt 0 view .LVU765
 2399 007c 6368     		ldr	r3, [r4, #4]
 240:../../Drivers/STM32H7xx_HAL_Driver/Src/stm32h7xx_hal_flash_ex.c ****       {
 2400              		.loc 1 240 9 view .LVU766
 2401 007e 13F0020F 		tst	r3, #2
 2402 0082 EED0     		beq	.L198
 242:../../Drivers/STM32H7xx_HAL_Driver/Src/stm32h7xx_hal_flash_ex.c ****         {
 2403              		.loc 1 242 9 is_stmt 1 view .LVU767
 242:../../Drivers/STM32H7xx_HAL_Driver/Src/stm32h7xx_hal_flash_ex.c ****         {
 2404              		.loc 1 242 12 is_stmt 0 view .LVU768
 2405 0084 0221     		movs	r1, #2
 2406 0086 4CF25030 		movw	r0, #50000
 2407 008a FFF7FEFF 		bl	FLASH_WaitForLastOperation
 2408              	.LVL167:
 242:../../Drivers/STM32H7xx_HAL_Driver/Src/stm32h7xx_hal_flash_ex.c ****         {
 2409              		.loc 1 242 11 discriminator 1 view .LVU769
 2410 008e 00B1     		cbz	r0, .L202
 244:../../Drivers/STM32H7xx_HAL_Driver/Src/stm32h7xx_hal_flash_ex.c ****         }
 2411              		.loc 1 244 18 view .LVU770
 2412 0090 0125     		movs	r5, #1
 2413              	.LVL168:
 2414              	.L202:
 247:../../Drivers/STM32H7xx_HAL_Driver/Src/stm32h7xx_hal_flash_ex.c ****       }
 2415              		.loc 1 247 9 is_stmt 1 view .LVU771
 247:../../Drivers/STM32H7xx_HAL_Driver/Src/stm32h7xx_hal_flash_ex.c ****       }
 2416              		.loc 1 247 14 is_stmt 0 view .LVU772
 2417 0092 264A     		ldr	r2, .L221+4
 2418 0094 D2F80C31 		ldr	r3, [r2, #268]
 247:../../Drivers/STM32H7xx_HAL_Driver/Src/stm32h7xx_hal_flash_ex.c ****       }
 2419              		.loc 1 247 20 view .LVU773
 2420 0098 23F00803 		bic	r3, r3, #8
 2421 009c C2F80C31 		str	r3, [r2, #268]
 2422 00a0 DFE7     		b	.L198
 2423              	.L218:
 231:../../Drivers/STM32H7xx_HAL_Driver/Src/stm32h7xx_hal_flash_ex.c ****         {
 2424              		.loc 1 231 9 is_stmt 1 view .LVU774
 231:../../Drivers/STM32H7xx_HAL_Driver/Src/stm32h7xx_hal_flash_ex.c ****         {
 2425              		.loc 1 231 12 is_stmt 0 view .LVU775
 2426 00a2 0121     		movs	r1, #1
 2427 00a4 4CF25030 		movw	r0, #50000
 2428 00a8 FFF7FEFF 		bl	FLASH_WaitForLastOperation
 2429              	.LVL169:
 231:../../Drivers/STM32H7xx_HAL_Driver/Src/stm32h7xx_hal_flash_ex.c ****         {
 2430              		.loc 1 231 11 discriminator 1 view .LVU776
 2431 00ac 00B1     		cbz	r0, .L201
 233:../../Drivers/STM32H7xx_HAL_Driver/Src/stm32h7xx_hal_flash_ex.c ****         }
 2432              		.loc 1 233 18 view .LVU777
 2433 00ae 0125     		movs	r5, #1
 2434              	.LVL170:
ARM GAS  /var/folders/2r/mdtt8xvd351gdc398t28_m2m0000gn/T//ccZQ9BPT.s 			page 85


 2435              	.L201:
 236:../../Drivers/STM32H7xx_HAL_Driver/Src/stm32h7xx_hal_flash_ex.c ****       }
 2436              		.loc 1 236 9 is_stmt 1 view .LVU778
 236:../../Drivers/STM32H7xx_HAL_Driver/Src/stm32h7xx_hal_flash_ex.c ****       }
 2437              		.loc 1 236 14 is_stmt 0 view .LVU779
 2438 00b0 1E4A     		ldr	r2, .L221+4
 2439 00b2 D368     		ldr	r3, [r2, #12]
 236:../../Drivers/STM32H7xx_HAL_Driver/Src/stm32h7xx_hal_flash_ex.c ****       }
 2440              		.loc 1 236 20 view .LVU780
 2441 00b4 23F00803 		bic	r3, r3, #8
 2442 00b8 D360     		str	r3, [r2, #12]
 2443 00ba DFE7     		b	.L200
 2444              	.LVL171:
 2445              	.L220:
 264:../../Drivers/STM32H7xx_HAL_Driver/Src/stm32h7xx_hal_flash_ex.c **** 
 2446              		.loc 1 264 11 is_stmt 1 view .LVU781
 264:../../Drivers/STM32H7xx_HAL_Driver/Src/stm32h7xx_hal_flash_ex.c **** 
 2447              		.loc 1 264 20 is_stmt 0 view .LVU782
 2448 00bc 0121     		movs	r1, #1
 2449 00be 4CF25030 		movw	r0, #50000
 2450 00c2 FFF7FEFF 		bl	FLASH_WaitForLastOperation
 2451              	.LVL172:
 2452 00c6 0546     		mov	r5, r0
 2453              	.LVL173:
 267:../../Drivers/STM32H7xx_HAL_Driver/Src/stm32h7xx_hal_flash_ex.c ****         }
 2454              		.loc 1 267 11 is_stmt 1 view .LVU783
 267:../../Drivers/STM32H7xx_HAL_Driver/Src/stm32h7xx_hal_flash_ex.c ****         }
 2455              		.loc 1 267 16 is_stmt 0 view .LVU784
 2456 00c8 184A     		ldr	r2, .L221+4
 2457 00ca D368     		ldr	r3, [r2, #12]
 267:../../Drivers/STM32H7xx_HAL_Driver/Src/stm32h7xx_hal_flash_ex.c ****         }
 2458              		.loc 1 267 22 view .LVU785
 2459 00cc 23F4E063 		bic	r3, r3, #1792
 2460 00d0 23F00403 		bic	r3, r3, #4
 2461 00d4 D360     		str	r3, [r2, #12]
 2462 00d6 0FE0     		b	.L204
 2463              	.L205:
 280:../../Drivers/STM32H7xx_HAL_Driver/Src/stm32h7xx_hal_flash_ex.c ****         {
 2464              		.loc 1 280 9 is_stmt 1 view .LVU786
 280:../../Drivers/STM32H7xx_HAL_Driver/Src/stm32h7xx_hal_flash_ex.c ****         {
 2465              		.loc 1 280 11 is_stmt 0 view .LVU787
 2466 00d8 15BB     		cbnz	r5, .L219
 257:../../Drivers/STM32H7xx_HAL_Driver/Src/stm32h7xx_hal_flash_ex.c ****       {
 2467              		.loc 1 257 119 is_stmt 1 discriminator 2 view .LVU788
 2468 00da 0136     		adds	r6, r6, #1
 2469              	.LVL174:
 2470              	.L203:
 257:../../Drivers/STM32H7xx_HAL_Driver/Src/stm32h7xx_hal_flash_ex.c ****       {
 2471              		.loc 1 257 59 discriminator 1 view .LVU789
 257:../../Drivers/STM32H7xx_HAL_Driver/Src/stm32h7xx_hal_flash_ex.c ****       {
 2472              		.loc 1 257 72 is_stmt 0 discriminator 1 view .LVU790
 2473 00dc E368     		ldr	r3, [r4, #12]
 257:../../Drivers/STM32H7xx_HAL_Driver/Src/stm32h7xx_hal_flash_ex.c ****       {
 2474              		.loc 1 257 96 discriminator 1 view .LVU791
 2475 00de A268     		ldr	r2, [r4, #8]
 257:../../Drivers/STM32H7xx_HAL_Driver/Src/stm32h7xx_hal_flash_ex.c ****       {
 2476              		.loc 1 257 84 discriminator 1 view .LVU792
ARM GAS  /var/folders/2r/mdtt8xvd351gdc398t28_m2m0000gn/T//ccZQ9BPT.s 			page 86


 2477 00e0 1344     		add	r3, r3, r2
 257:../../Drivers/STM32H7xx_HAL_Driver/Src/stm32h7xx_hal_flash_ex.c ****       {
 2478              		.loc 1 257 59 discriminator 1 view .LVU793
 2479 00e2 B342     		cmp	r3, r6
 2480 00e4 BDD9     		bls	.L198
 259:../../Drivers/STM32H7xx_HAL_Driver/Src/stm32h7xx_hal_flash_ex.c **** 
 2481              		.loc 1 259 9 is_stmt 1 view .LVU794
 2482 00e6 2269     		ldr	r2, [r4, #16]
 2483 00e8 6168     		ldr	r1, [r4, #4]
 2484 00ea 3046     		mov	r0, r6
 2485 00ec FFF7FEFF 		bl	FLASH_Erase_Sector
 2486              	.LVL175:
 261:../../Drivers/STM32H7xx_HAL_Driver/Src/stm32h7xx_hal_flash_ex.c ****         {
 2487              		.loc 1 261 9 view .LVU795
 261:../../Drivers/STM32H7xx_HAL_Driver/Src/stm32h7xx_hal_flash_ex.c ****         {
 2488              		.loc 1 261 23 is_stmt 0 view .LVU796
 2489 00f0 6368     		ldr	r3, [r4, #4]
 261:../../Drivers/STM32H7xx_HAL_Driver/Src/stm32h7xx_hal_flash_ex.c ****         {
 2490              		.loc 1 261 11 view .LVU797
 2491 00f2 13F0010F 		tst	r3, #1
 2492 00f6 E1D1     		bne	.L220
 2493              	.L204:
 270:../../Drivers/STM32H7xx_HAL_Driver/Src/stm32h7xx_hal_flash_ex.c ****         {
 2494              		.loc 1 270 9 is_stmt 1 view .LVU798
 270:../../Drivers/STM32H7xx_HAL_Driver/Src/stm32h7xx_hal_flash_ex.c ****         {
 2495              		.loc 1 270 23 is_stmt 0 view .LVU799
 2496 00f8 6368     		ldr	r3, [r4, #4]
 270:../../Drivers/STM32H7xx_HAL_Driver/Src/stm32h7xx_hal_flash_ex.c ****         {
 2497              		.loc 1 270 11 view .LVU800
 2498 00fa 13F0020F 		tst	r3, #2
 2499 00fe EBD0     		beq	.L205
 273:../../Drivers/STM32H7xx_HAL_Driver/Src/stm32h7xx_hal_flash_ex.c **** 
 2500              		.loc 1 273 11 is_stmt 1 view .LVU801
 273:../../Drivers/STM32H7xx_HAL_Driver/Src/stm32h7xx_hal_flash_ex.c **** 
 2501              		.loc 1 273 20 is_stmt 0 view .LVU802
 2502 0100 0221     		movs	r1, #2
 2503 0102 4CF25030 		movw	r0, #50000
 2504 0106 FFF7FEFF 		bl	FLASH_WaitForLastOperation
 2505              	.LVL176:
 2506 010a 0546     		mov	r5, r0
 2507              	.LVL177:
 276:../../Drivers/STM32H7xx_HAL_Driver/Src/stm32h7xx_hal_flash_ex.c ****         }
 2508              		.loc 1 276 11 is_stmt 1 view .LVU803
 276:../../Drivers/STM32H7xx_HAL_Driver/Src/stm32h7xx_hal_flash_ex.c ****         }
 2509              		.loc 1 276 16 is_stmt 0 view .LVU804
 2510 010c 074A     		ldr	r2, .L221+4
 2511 010e D2F80C31 		ldr	r3, [r2, #268]
 276:../../Drivers/STM32H7xx_HAL_Driver/Src/stm32h7xx_hal_flash_ex.c ****         }
 2512              		.loc 1 276 22 view .LVU805
 2513 0112 23F4E063 		bic	r3, r3, #1792
 2514 0116 23F00403 		bic	r3, r3, #4
 2515 011a C2F80C31 		str	r3, [r2, #268]
 2516 011e DBE7     		b	.L205
 2517              	.L219:
 283:../../Drivers/STM32H7xx_HAL_Driver/Src/stm32h7xx_hal_flash_ex.c ****           break;
 2518              		.loc 1 283 11 is_stmt 1 view .LVU806
 283:../../Drivers/STM32H7xx_HAL_Driver/Src/stm32h7xx_hal_flash_ex.c ****           break;
ARM GAS  /var/folders/2r/mdtt8xvd351gdc398t28_m2m0000gn/T//ccZQ9BPT.s 			page 87


 2519              		.loc 1 283 24 is_stmt 0 view .LVU807
 2520 0120 3E60     		str	r6, [r7]
 284:../../Drivers/STM32H7xx_HAL_Driver/Src/stm32h7xx_hal_flash_ex.c ****         }
 2521              		.loc 1 284 11 is_stmt 1 view .LVU808
 2522 0122 9EE7     		b	.L198
 2523              	.LVL178:
 2524              	.L208:
 196:../../Drivers/STM32H7xx_HAL_Driver/Src/stm32h7xx_hal_flash_ex.c **** 
 2525              		.loc 1 196 3 is_stmt 0 discriminator 1 view .LVU809
 2526 0124 0225     		movs	r5, #2
 2527 0126 9FE7     		b	.L195
 2528              	.L222:
 2529              		.align	2
 2530              	.L221:
 2531 0128 00000000 		.word	pFlash
 2532 012c 00200052 		.word	1375739904
 2533              		.cfi_endproc
 2534              	.LFE132:
 2536              		.section	.text.HAL_FLASHEx_Erase_IT,"ax",%progbits
 2537              		.align	1
 2538              		.global	HAL_FLASHEx_Erase_IT
 2539              		.syntax unified
 2540              		.thumb
 2541              		.thumb_func
 2543              	HAL_FLASHEx_Erase_IT:
 2544              	.LVL179:
 2545              	.LFB133:
 304:../../Drivers/STM32H7xx_HAL_Driver/Src/stm32h7xx_hal_flash_ex.c ****   HAL_StatusTypeDef status = HAL_OK;
 2546              		.loc 1 304 1 is_stmt 1 view -0
 2547              		.cfi_startproc
 2548              		@ args = 0, pretend = 0, frame = 0
 2549              		@ frame_needed = 0, uses_anonymous_args = 0
 304:../../Drivers/STM32H7xx_HAL_Driver/Src/stm32h7xx_hal_flash_ex.c ****   HAL_StatusTypeDef status = HAL_OK;
 2550              		.loc 1 304 1 is_stmt 0 view .LVU811
 2551 0000 38B5     		push	{r3, r4, r5, lr}
 2552              	.LCFI10:
 2553              		.cfi_def_cfa_offset 16
 2554              		.cfi_offset 3, -16
 2555              		.cfi_offset 4, -12
 2556              		.cfi_offset 5, -8
 2557              		.cfi_offset 14, -4
 305:../../Drivers/STM32H7xx_HAL_Driver/Src/stm32h7xx_hal_flash_ex.c **** 
 2558              		.loc 1 305 3 is_stmt 1 view .LVU812
 2559              	.LVL180:
 308:../../Drivers/STM32H7xx_HAL_Driver/Src/stm32h7xx_hal_flash_ex.c ****   assert_param(IS_FLASH_BANK(pEraseInit->Banks));
 2560              		.loc 1 308 3 view .LVU813
 309:../../Drivers/STM32H7xx_HAL_Driver/Src/stm32h7xx_hal_flash_ex.c **** 
 2561              		.loc 1 309 3 view .LVU814
 312:../../Drivers/STM32H7xx_HAL_Driver/Src/stm32h7xx_hal_flash_ex.c **** 
 2562              		.loc 1 312 3 view .LVU815
 312:../../Drivers/STM32H7xx_HAL_Driver/Src/stm32h7xx_hal_flash_ex.c **** 
 2563              		.loc 1 312 3 view .LVU816
 2564 0002 374B     		ldr	r3, .L248
 2565 0004 1B7D     		ldrb	r3, [r3, #20]	@ zero_extendqisi2
 2566 0006 012B     		cmp	r3, #1
 2567 0008 68D0     		beq	.L237
 2568 000a 0446     		mov	r4, r0
ARM GAS  /var/folders/2r/mdtt8xvd351gdc398t28_m2m0000gn/T//ccZQ9BPT.s 			page 88


 312:../../Drivers/STM32H7xx_HAL_Driver/Src/stm32h7xx_hal_flash_ex.c **** 
 2569              		.loc 1 312 3 discriminator 2 view .LVU817
 2570 000c 344B     		ldr	r3, .L248
 2571 000e 0122     		movs	r2, #1
 2572 0010 1A75     		strb	r2, [r3, #20]
 312:../../Drivers/STM32H7xx_HAL_Driver/Src/stm32h7xx_hal_flash_ex.c **** 
 2573              		.loc 1 312 3 view .LVU818
 315:../../Drivers/STM32H7xx_HAL_Driver/Src/stm32h7xx_hal_flash_ex.c **** 
 2574              		.loc 1 315 3 view .LVU819
 315:../../Drivers/STM32H7xx_HAL_Driver/Src/stm32h7xx_hal_flash_ex.c **** 
 2575              		.loc 1 315 20 is_stmt 0 view .LVU820
 2576 0012 0022     		movs	r2, #0
 2577 0014 9A61     		str	r2, [r3, #24]
 318:../../Drivers/STM32H7xx_HAL_Driver/Src/stm32h7xx_hal_flash_ex.c ****   {
 2578              		.loc 1 318 3 is_stmt 1 view .LVU821
 318:../../Drivers/STM32H7xx_HAL_Driver/Src/stm32h7xx_hal_flash_ex.c ****   {
 2579              		.loc 1 318 17 is_stmt 0 view .LVU822
 2580 0016 4368     		ldr	r3, [r0, #4]
 318:../../Drivers/STM32H7xx_HAL_Driver/Src/stm32h7xx_hal_flash_ex.c ****   {
 2581              		.loc 1 318 5 view .LVU823
 2582 0018 13F0010F 		tst	r3, #1
 2583 001c 0AD1     		bne	.L242
 305:../../Drivers/STM32H7xx_HAL_Driver/Src/stm32h7xx_hal_flash_ex.c **** 
 2584              		.loc 1 305 21 view .LVU824
 2585 001e 0025     		movs	r5, #0
 2586              	.LVL181:
 2587              	.L225:
 328:../../Drivers/STM32H7xx_HAL_Driver/Src/stm32h7xx_hal_flash_ex.c ****   {
 2588              		.loc 1 328 3 is_stmt 1 view .LVU825
 328:../../Drivers/STM32H7xx_HAL_Driver/Src/stm32h7xx_hal_flash_ex.c ****   {
 2589              		.loc 1 328 17 is_stmt 0 view .LVU826
 2590 0020 6368     		ldr	r3, [r4, #4]
 328:../../Drivers/STM32H7xx_HAL_Driver/Src/stm32h7xx_hal_flash_ex.c ****   {
 2591              		.loc 1 328 5 view .LVU827
 2592 0022 13F0020F 		tst	r3, #2
 2593 0026 0FD1     		bne	.L243
 2594              	.L226:
 337:../../Drivers/STM32H7xx_HAL_Driver/Src/stm32h7xx_hal_flash_ex.c ****   {
 2595              		.loc 1 337 3 is_stmt 1 view .LVU828
 337:../../Drivers/STM32H7xx_HAL_Driver/Src/stm32h7xx_hal_flash_ex.c ****   {
 2596              		.loc 1 337 6 is_stmt 0 view .LVU829
 2597 0028 BDB1     		cbz	r5, .L228
 2598              	.LVL182:
 2599              	.L227:
 340:../../Drivers/STM32H7xx_HAL_Driver/Src/stm32h7xx_hal_flash_ex.c ****   }
 2600              		.loc 1 340 5 is_stmt 1 view .LVU830
 340:../../Drivers/STM32H7xx_HAL_Driver/Src/stm32h7xx_hal_flash_ex.c ****   }
 2601              		.loc 1 340 5 view .LVU831
 2602 002a 2D4B     		ldr	r3, .L248
 2603 002c 0022     		movs	r2, #0
 2604 002e 1A75     		strb	r2, [r3, #20]
 340:../../Drivers/STM32H7xx_HAL_Driver/Src/stm32h7xx_hal_flash_ex.c ****   }
 2605              		.loc 1 340 5 view .LVU832
 2606              	.LVL183:
 2607              	.L224:
 415:../../Drivers/STM32H7xx_HAL_Driver/Src/stm32h7xx_hal_flash_ex.c **** 
 2608              		.loc 1 415 1 is_stmt 0 view .LVU833
ARM GAS  /var/folders/2r/mdtt8xvd351gdc398t28_m2m0000gn/T//ccZQ9BPT.s 			page 89


 2609 0030 2846     		mov	r0, r5
 2610 0032 38BD     		pop	{r3, r4, r5, pc}
 2611              	.LVL184:
 2612              	.L242:
 320:../../Drivers/STM32H7xx_HAL_Driver/Src/stm32h7xx_hal_flash_ex.c ****     {
 2613              		.loc 1 320 5 is_stmt 1 view .LVU834
 320:../../Drivers/STM32H7xx_HAL_Driver/Src/stm32h7xx_hal_flash_ex.c ****     {
 2614              		.loc 1 320 8 is_stmt 0 view .LVU835
 2615 0034 0121     		movs	r1, #1
 2616 0036 4CF25030 		movw	r0, #50000
 2617              	.LVL185:
 320:../../Drivers/STM32H7xx_HAL_Driver/Src/stm32h7xx_hal_flash_ex.c ****     {
 2618              		.loc 1 320 8 view .LVU836
 2619 003a FFF7FEFF 		bl	FLASH_WaitForLastOperation
 2620              	.LVL186:
 320:../../Drivers/STM32H7xx_HAL_Driver/Src/stm32h7xx_hal_flash_ex.c ****     {
 2621              		.loc 1 320 7 discriminator 1 view .LVU837
 2622 003e 0546     		mov	r5, r0
 2623 0040 0028     		cmp	r0, #0
 2624 0042 EDD0     		beq	.L225
 322:../../Drivers/STM32H7xx_HAL_Driver/Src/stm32h7xx_hal_flash_ex.c ****     }
 2625              		.loc 1 322 14 view .LVU838
 2626 0044 0125     		movs	r5, #1
 2627 0046 EBE7     		b	.L225
 2628              	.LVL187:
 2629              	.L243:
 330:../../Drivers/STM32H7xx_HAL_Driver/Src/stm32h7xx_hal_flash_ex.c ****     {
 2630              		.loc 1 330 5 is_stmt 1 view .LVU839
 330:../../Drivers/STM32H7xx_HAL_Driver/Src/stm32h7xx_hal_flash_ex.c ****     {
 2631              		.loc 1 330 8 is_stmt 0 view .LVU840
 2632 0048 0221     		movs	r1, #2
 2633 004a 4CF25030 		movw	r0, #50000
 2634 004e FFF7FEFF 		bl	FLASH_WaitForLastOperation
 2635              	.LVL188:
 330:../../Drivers/STM32H7xx_HAL_Driver/Src/stm32h7xx_hal_flash_ex.c ****     {
 2636              		.loc 1 330 7 discriminator 1 view .LVU841
 2637 0052 0028     		cmp	r0, #0
 2638 0054 E8D0     		beq	.L226
 332:../../Drivers/STM32H7xx_HAL_Driver/Src/stm32h7xx_hal_flash_ex.c ****     }
 2639              		.loc 1 332 14 view .LVU842
 2640 0056 0125     		movs	r5, #1
 2641              	.LVL189:
 332:../../Drivers/STM32H7xx_HAL_Driver/Src/stm32h7xx_hal_flash_ex.c ****     }
 2642              		.loc 1 332 14 view .LVU843
 2643 0058 E7E7     		b	.L227
 2644              	.LVL190:
 2645              	.L228:
 344:../../Drivers/STM32H7xx_HAL_Driver/Src/stm32h7xx_hal_flash_ex.c ****     {
 2646              		.loc 1 344 5 is_stmt 1 view .LVU844
 344:../../Drivers/STM32H7xx_HAL_Driver/Src/stm32h7xx_hal_flash_ex.c ****     {
 2647              		.loc 1 344 19 is_stmt 0 view .LVU845
 2648 005a 6368     		ldr	r3, [r4, #4]
 344:../../Drivers/STM32H7xx_HAL_Driver/Src/stm32h7xx_hal_flash_ex.c ****     {
 2649              		.loc 1 344 7 view .LVU846
 2650 005c 13F0010F 		tst	r3, #1
 2651 0060 04D0     		beq	.L229
 348:../../Drivers/STM32H7xx_HAL_Driver/Src/stm32h7xx_hal_flash_ex.c ****                                   FLASH_IT_STRBERR_BANK1 | FLASH_IT_INCERR_BANK1 | FLASH_IT_OPERR_B
ARM GAS  /var/folders/2r/mdtt8xvd351gdc398t28_m2m0000gn/T//ccZQ9BPT.s 			page 90


 2652              		.loc 1 348 7 is_stmt 1 view .LVU847
 2653 0062 204A     		ldr	r2, .L248+4
 2654 0064 D368     		ldr	r3, [r2, #12]
 2655 0066 43F4DE03 		orr	r3, r3, #7274496
 2656 006a D360     		str	r3, [r2, #12]
 2657              	.L229:
 356:../../Drivers/STM32H7xx_HAL_Driver/Src/stm32h7xx_hal_flash_ex.c ****     {
 2658              		.loc 1 356 5 view .LVU848
 356:../../Drivers/STM32H7xx_HAL_Driver/Src/stm32h7xx_hal_flash_ex.c ****     {
 2659              		.loc 1 356 19 is_stmt 0 view .LVU849
 2660 006c 6368     		ldr	r3, [r4, #4]
 356:../../Drivers/STM32H7xx_HAL_Driver/Src/stm32h7xx_hal_flash_ex.c ****     {
 2661              		.loc 1 356 7 view .LVU850
 2662 006e 13F0020F 		tst	r3, #2
 2663 0072 06D0     		beq	.L230
 360:../../Drivers/STM32H7xx_HAL_Driver/Src/stm32h7xx_hal_flash_ex.c ****                                   FLASH_IT_STRBERR_BANK2 | FLASH_IT_INCERR_BANK2 | FLASH_IT_OPERR_B
 2664              		.loc 1 360 7 is_stmt 1 view .LVU851
 2665 0074 1B4A     		ldr	r2, .L248+4
 2666 0076 D2F80C31 		ldr	r3, [r2, #268]
 2667 007a 43F4DE03 		orr	r3, r3, #7274496
 2668 007e C2F80C31 		str	r3, [r2, #268]
 2669              	.L230:
 369:../../Drivers/STM32H7xx_HAL_Driver/Src/stm32h7xx_hal_flash_ex.c ****     {
 2670              		.loc 1 369 5 view .LVU852
 369:../../Drivers/STM32H7xx_HAL_Driver/Src/stm32h7xx_hal_flash_ex.c ****     {
 2671              		.loc 1 369 18 is_stmt 0 view .LVU853
 2672 0082 2368     		ldr	r3, [r4]
 369:../../Drivers/STM32H7xx_HAL_Driver/Src/stm32h7xx_hal_flash_ex.c ****     {
 2673              		.loc 1 369 7 view .LVU854
 2674 0084 012B     		cmp	r3, #1
 2675 0086 11D0     		beq	.L244
 393:../../Drivers/STM32H7xx_HAL_Driver/Src/stm32h7xx_hal_flash_ex.c ****       {
 2676              		.loc 1 393 7 is_stmt 1 view .LVU855
 393:../../Drivers/STM32H7xx_HAL_Driver/Src/stm32h7xx_hal_flash_ex.c ****       {
 2677              		.loc 1 393 20 is_stmt 0 view .LVU856
 2678 0088 6368     		ldr	r3, [r4, #4]
 393:../../Drivers/STM32H7xx_HAL_Driver/Src/stm32h7xx_hal_flash_ex.c ****       {
 2679              		.loc 1 393 9 view .LVU857
 2680 008a 012B     		cmp	r3, #1
 2681 008c 22D0     		beq	.L245
 399:../../Drivers/STM32H7xx_HAL_Driver/Src/stm32h7xx_hal_flash_ex.c ****       }
 2682              		.loc 1 399 9 is_stmt 1 view .LVU858
 399:../../Drivers/STM32H7xx_HAL_Driver/Src/stm32h7xx_hal_flash_ex.c ****       }
 2683              		.loc 1 399 33 is_stmt 0 view .LVU859
 2684 008e 144B     		ldr	r3, .L248
 2685 0090 0422     		movs	r2, #4
 2686 0092 1A70     		strb	r2, [r3]
 2687              	.L236:
 405:../../Drivers/STM32H7xx_HAL_Driver/Src/stm32h7xx_hal_flash_ex.c ****       pFlash.Sector = pEraseInit->Sector;
 2688              		.loc 1 405 7 is_stmt 1 view .LVU860
 405:../../Drivers/STM32H7xx_HAL_Driver/Src/stm32h7xx_hal_flash_ex.c ****       pFlash.Sector = pEraseInit->Sector;
 2689              		.loc 1 405 43 is_stmt 0 view .LVU861
 2690 0094 E268     		ldr	r2, [r4, #12]
 405:../../Drivers/STM32H7xx_HAL_Driver/Src/stm32h7xx_hal_flash_ex.c ****       pFlash.Sector = pEraseInit->Sector;
 2691              		.loc 1 405 31 view .LVU862
 2692 0096 124B     		ldr	r3, .L248
 2693 0098 5A60     		str	r2, [r3, #4]
ARM GAS  /var/folders/2r/mdtt8xvd351gdc398t28_m2m0000gn/T//ccZQ9BPT.s 			page 91


 406:../../Drivers/STM32H7xx_HAL_Driver/Src/stm32h7xx_hal_flash_ex.c ****       pFlash.VoltageForErase = pEraseInit->VoltageRange;
 2694              		.loc 1 406 7 is_stmt 1 view .LVU863
 406:../../Drivers/STM32H7xx_HAL_Driver/Src/stm32h7xx_hal_flash_ex.c ****       pFlash.VoltageForErase = pEraseInit->VoltageRange;
 2695              		.loc 1 406 33 is_stmt 0 view .LVU864
 2696 009a A268     		ldr	r2, [r4, #8]
 406:../../Drivers/STM32H7xx_HAL_Driver/Src/stm32h7xx_hal_flash_ex.c ****       pFlash.VoltageForErase = pEraseInit->VoltageRange;
 2697              		.loc 1 406 21 view .LVU865
 2698 009c DA60     		str	r2, [r3, #12]
 407:../../Drivers/STM32H7xx_HAL_Driver/Src/stm32h7xx_hal_flash_ex.c **** 
 2699              		.loc 1 407 7 is_stmt 1 view .LVU866
 407:../../Drivers/STM32H7xx_HAL_Driver/Src/stm32h7xx_hal_flash_ex.c **** 
 2700              		.loc 1 407 42 is_stmt 0 view .LVU867
 2701 009e 2269     		ldr	r2, [r4, #16]
 407:../../Drivers/STM32H7xx_HAL_Driver/Src/stm32h7xx_hal_flash_ex.c **** 
 2702              		.loc 1 407 30 view .LVU868
 2703 00a0 9A60     		str	r2, [r3, #8]
 410:../../Drivers/STM32H7xx_HAL_Driver/Src/stm32h7xx_hal_flash_ex.c ****     }
 2704              		.loc 1 410 7 is_stmt 1 view .LVU869
 2705 00a2 6168     		ldr	r1, [r4, #4]
 2706 00a4 A068     		ldr	r0, [r4, #8]
 2707 00a6 FFF7FEFF 		bl	FLASH_Erase_Sector
 2708              	.LVL191:
 2709 00aa C1E7     		b	.L224
 2710              	.L244:
 372:../../Drivers/STM32H7xx_HAL_Driver/Src/stm32h7xx_hal_flash_ex.c ****       {
 2711              		.loc 1 372 7 view .LVU870
 372:../../Drivers/STM32H7xx_HAL_Driver/Src/stm32h7xx_hal_flash_ex.c ****       {
 2712              		.loc 1 372 20 is_stmt 0 view .LVU871
 2713 00ac 6168     		ldr	r1, [r4, #4]
 372:../../Drivers/STM32H7xx_HAL_Driver/Src/stm32h7xx_hal_flash_ex.c ****       {
 2714              		.loc 1 372 9 view .LVU872
 2715 00ae 0129     		cmp	r1, #1
 2716 00b0 08D0     		beq	.L246
 377:../../Drivers/STM32H7xx_HAL_Driver/Src/stm32h7xx_hal_flash_ex.c ****       {
 2717              		.loc 1 377 12 is_stmt 1 view .LVU873
 377:../../Drivers/STM32H7xx_HAL_Driver/Src/stm32h7xx_hal_flash_ex.c ****       {
 2718              		.loc 1 377 14 is_stmt 0 view .LVU874
 2719 00b2 0229     		cmp	r1, #2
 2720 00b4 0AD0     		beq	.L247
 384:../../Drivers/STM32H7xx_HAL_Driver/Src/stm32h7xx_hal_flash_ex.c ****       }
 2721              		.loc 1 384 9 is_stmt 1 view .LVU875
 384:../../Drivers/STM32H7xx_HAL_Driver/Src/stm32h7xx_hal_flash_ex.c ****       }
 2722              		.loc 1 384 33 is_stmt 0 view .LVU876
 2723 00b6 0A4B     		ldr	r3, .L248
 2724 00b8 0722     		movs	r2, #7
 2725 00ba 1A70     		strb	r2, [r3]
 2726              	.L233:
 387:../../Drivers/STM32H7xx_HAL_Driver/Src/stm32h7xx_hal_flash_ex.c ****     }
 2727              		.loc 1 387 7 is_stmt 1 view .LVU877
 2728 00bc 2069     		ldr	r0, [r4, #16]
 2729 00be FFF7FEFF 		bl	FLASH_MassErase
 2730              	.LVL192:
 2731 00c2 B5E7     		b	.L224
 2732              	.L246:
 374:../../Drivers/STM32H7xx_HAL_Driver/Src/stm32h7xx_hal_flash_ex.c ****       }
 2733              		.loc 1 374 9 view .LVU878
 374:../../Drivers/STM32H7xx_HAL_Driver/Src/stm32h7xx_hal_flash_ex.c ****       }
ARM GAS  /var/folders/2r/mdtt8xvd351gdc398t28_m2m0000gn/T//ccZQ9BPT.s 			page 92


 2734              		.loc 1 374 33 is_stmt 0 view .LVU879
 2735 00c4 064B     		ldr	r3, .L248
 2736 00c6 0222     		movs	r2, #2
 2737 00c8 1A70     		strb	r2, [r3]
 2738 00ca F7E7     		b	.L233
 2739              	.L247:
 379:../../Drivers/STM32H7xx_HAL_Driver/Src/stm32h7xx_hal_flash_ex.c ****       }
 2740              		.loc 1 379 9 is_stmt 1 view .LVU880
 379:../../Drivers/STM32H7xx_HAL_Driver/Src/stm32h7xx_hal_flash_ex.c ****       }
 2741              		.loc 1 379 33 is_stmt 0 view .LVU881
 2742 00cc 044B     		ldr	r3, .L248
 2743 00ce 0522     		movs	r2, #5
 2744 00d0 1A70     		strb	r2, [r3]
 2745 00d2 F3E7     		b	.L233
 2746              	.L245:
 395:../../Drivers/STM32H7xx_HAL_Driver/Src/stm32h7xx_hal_flash_ex.c ****       }
 2747              		.loc 1 395 9 is_stmt 1 view .LVU882
 395:../../Drivers/STM32H7xx_HAL_Driver/Src/stm32h7xx_hal_flash_ex.c ****       }
 2748              		.loc 1 395 33 is_stmt 0 view .LVU883
 2749 00d4 024B     		ldr	r3, .L248
 2750 00d6 0122     		movs	r2, #1
 2751 00d8 1A70     		strb	r2, [r3]
 2752 00da DBE7     		b	.L236
 2753              	.LVL193:
 2754              	.L237:
 312:../../Drivers/STM32H7xx_HAL_Driver/Src/stm32h7xx_hal_flash_ex.c **** 
 2755              		.loc 1 312 3 discriminator 1 view .LVU884
 2756 00dc 0225     		movs	r5, #2
 2757 00de A7E7     		b	.L224
 2758              	.L249:
 2759              		.align	2
 2760              	.L248:
 2761 00e0 00000000 		.word	pFlash
 2762 00e4 00200052 		.word	1375739904
 2763              		.cfi_endproc
 2764              	.LFE133:
 2766              		.text
 2767              	.Letext0:
 2768              		.file 2 "/Applications/ArmGNUToolchain/15.2.rel1/arm-none-eabi/arm-none-eabi/include/machine/_defa
 2769              		.file 3 "/Applications/ArmGNUToolchain/15.2.rel1/arm-none-eabi/arm-none-eabi/include/sys/_stdint.h
 2770              		.file 4 "../../Drivers/CMSIS/Device/ST/STM32H7xx/Include/stm32h755xx.h"
 2771              		.file 5 "../../Drivers/STM32H7xx_HAL_Driver/Inc/stm32h7xx_hal_def.h"
 2772              		.file 6 "../../Drivers/STM32H7xx_HAL_Driver/Inc/stm32h7xx_hal_flash.h"
 2773              		.file 7 "../../Drivers/STM32H7xx_HAL_Driver/Inc/stm32h7xx_hal_flash_ex.h"
ARM GAS  /var/folders/2r/mdtt8xvd351gdc398t28_m2m0000gn/T//ccZQ9BPT.s 			page 93


DEFINED SYMBOLS
                            *ABS*:00000000 stm32h7xx_hal_flash_ex.c
/var/folders/2r/mdtt8xvd351gdc398t28_m2m0000gn/T//ccZQ9BPT.s:19     .text.FLASH_MassErase:00000000 $t
/var/folders/2r/mdtt8xvd351gdc398t28_m2m0000gn/T//ccZQ9BPT.s:24     .text.FLASH_MassErase:00000000 FLASH_MassErase
/var/folders/2r/mdtt8xvd351gdc398t28_m2m0000gn/T//ccZQ9BPT.s:126    .text.FLASH_MassErase:00000084 $d
/var/folders/2r/mdtt8xvd351gdc398t28_m2m0000gn/T//ccZQ9BPT.s:131    .text.FLASH_OB_EnableWRP:00000000 $t
/var/folders/2r/mdtt8xvd351gdc398t28_m2m0000gn/T//ccZQ9BPT.s:136    .text.FLASH_OB_EnableWRP:00000000 FLASH_OB_EnableWRP
/var/folders/2r/mdtt8xvd351gdc398t28_m2m0000gn/T//ccZQ9BPT.s:180    .text.FLASH_OB_EnableWRP:0000002c $d
/var/folders/2r/mdtt8xvd351gdc398t28_m2m0000gn/T//ccZQ9BPT.s:185    .text.FLASH_OB_DisableWRP:00000000 $t
/var/folders/2r/mdtt8xvd351gdc398t28_m2m0000gn/T//ccZQ9BPT.s:190    .text.FLASH_OB_DisableWRP:00000000 FLASH_OB_DisableWRP
/var/folders/2r/mdtt8xvd351gdc398t28_m2m0000gn/T//ccZQ9BPT.s:234    .text.FLASH_OB_DisableWRP:0000002c $d
/var/folders/2r/mdtt8xvd351gdc398t28_m2m0000gn/T//ccZQ9BPT.s:239    .text.FLASH_OB_GetWRP:00000000 $t
/var/folders/2r/mdtt8xvd351gdc398t28_m2m0000gn/T//ccZQ9BPT.s:244    .text.FLASH_OB_GetWRP:00000000 FLASH_OB_GetWRP
/var/folders/2r/mdtt8xvd351gdc398t28_m2m0000gn/T//ccZQ9BPT.s:309    .text.FLASH_OB_GetWRP:0000002c $d
/var/folders/2r/mdtt8xvd351gdc398t28_m2m0000gn/T//ccZQ9BPT.s:314    .text.FLASH_OB_RDPConfig:00000000 $t
/var/folders/2r/mdtt8xvd351gdc398t28_m2m0000gn/T//ccZQ9BPT.s:319    .text.FLASH_OB_RDPConfig:00000000 FLASH_OB_RDPConfig
/var/folders/2r/mdtt8xvd351gdc398t28_m2m0000gn/T//ccZQ9BPT.s:339    .text.FLASH_OB_RDPConfig:00000010 $d
/var/folders/2r/mdtt8xvd351gdc398t28_m2m0000gn/T//ccZQ9BPT.s:344    .text.FLASH_OB_GetRDP:00000000 $t
/var/folders/2r/mdtt8xvd351gdc398t28_m2m0000gn/T//ccZQ9BPT.s:349    .text.FLASH_OB_GetRDP:00000000 FLASH_OB_GetRDP
/var/folders/2r/mdtt8xvd351gdc398t28_m2m0000gn/T//ccZQ9BPT.s:379    .text.FLASH_OB_GetRDP:0000001c $d
/var/folders/2r/mdtt8xvd351gdc398t28_m2m0000gn/T//ccZQ9BPT.s:384    .text.FLASH_OB_UserConfig:00000000 $t
/var/folders/2r/mdtt8xvd351gdc398t28_m2m0000gn/T//ccZQ9BPT.s:389    .text.FLASH_OB_UserConfig:00000000 FLASH_OB_UserConfig
/var/folders/2r/mdtt8xvd351gdc398t28_m2m0000gn/T//ccZQ9BPT.s:644    .text.FLASH_OB_UserConfig:00000110 $d
/var/folders/2r/mdtt8xvd351gdc398t28_m2m0000gn/T//ccZQ9BPT.s:649    .text.FLASH_OB_GetUser:00000000 $t
/var/folders/2r/mdtt8xvd351gdc398t28_m2m0000gn/T//ccZQ9BPT.s:654    .text.FLASH_OB_GetUser:00000000 FLASH_OB_GetUser
/var/folders/2r/mdtt8xvd351gdc398t28_m2m0000gn/T//ccZQ9BPT.s:677    .text.FLASH_OB_GetUser:00000010 $d
/var/folders/2r/mdtt8xvd351gdc398t28_m2m0000gn/T//ccZQ9BPT.s:682    .text.FLASH_OB_PCROPConfig:00000000 $t
/var/folders/2r/mdtt8xvd351gdc398t28_m2m0000gn/T//ccZQ9BPT.s:687    .text.FLASH_OB_PCROPConfig:00000000 FLASH_OB_PCROPConfig
/var/folders/2r/mdtt8xvd351gdc398t28_m2m0000gn/T//ccZQ9BPT.s:760    .text.FLASH_OB_PCROPConfig:00000048 $d
/var/folders/2r/mdtt8xvd351gdc398t28_m2m0000gn/T//ccZQ9BPT.s:765    .text.FLASH_OB_GetPCROP:00000000 $t
/var/folders/2r/mdtt8xvd351gdc398t28_m2m0000gn/T//ccZQ9BPT.s:770    .text.FLASH_OB_GetPCROP:00000000 FLASH_OB_GetPCROP
/var/folders/2r/mdtt8xvd351gdc398t28_m2m0000gn/T//ccZQ9BPT.s:857    .text.FLASH_OB_GetPCROP:00000048 $d
/var/folders/2r/mdtt8xvd351gdc398t28_m2m0000gn/T//ccZQ9BPT.s:863    .text.FLASH_OB_BOR_LevelConfig:00000000 $t
/var/folders/2r/mdtt8xvd351gdc398t28_m2m0000gn/T//ccZQ9BPT.s:868    .text.FLASH_OB_BOR_LevelConfig:00000000 FLASH_OB_BOR_LevelConfig
/var/folders/2r/mdtt8xvd351gdc398t28_m2m0000gn/T//ccZQ9BPT.s:888    .text.FLASH_OB_BOR_LevelConfig:00000010 $d
/var/folders/2r/mdtt8xvd351gdc398t28_m2m0000gn/T//ccZQ9BPT.s:893    .text.FLASH_OB_GetBOR:00000000 $t
/var/folders/2r/mdtt8xvd351gdc398t28_m2m0000gn/T//ccZQ9BPT.s:898    .text.FLASH_OB_GetBOR:00000000 FLASH_OB_GetBOR
/var/folders/2r/mdtt8xvd351gdc398t28_m2m0000gn/T//ccZQ9BPT.s:915    .text.FLASH_OB_GetBOR:0000000c $d
/var/folders/2r/mdtt8xvd351gdc398t28_m2m0000gn/T//ccZQ9BPT.s:920    .text.FLASH_OB_BootAddConfig:00000000 $t
/var/folders/2r/mdtt8xvd351gdc398t28_m2m0000gn/T//ccZQ9BPT.s:925    .text.FLASH_OB_BootAddConfig:00000000 FLASH_OB_BootAddConfig
/var/folders/2r/mdtt8xvd351gdc398t28_m2m0000gn/T//ccZQ9BPT.s:965    .text.FLASH_OB_BootAddConfig:0000002c $d
/var/folders/2r/mdtt8xvd351gdc398t28_m2m0000gn/T//ccZQ9BPT.s:970    .text.FLASH_OB_GetBootAdd:00000000 $t
/var/folders/2r/mdtt8xvd351gdc398t28_m2m0000gn/T//ccZQ9BPT.s:975    .text.FLASH_OB_GetBootAdd:00000000 FLASH_OB_GetBootAdd
/var/folders/2r/mdtt8xvd351gdc398t28_m2m0000gn/T//ccZQ9BPT.s:1005   .text.FLASH_OB_GetBootAdd:00000010 $d
/var/folders/2r/mdtt8xvd351gdc398t28_m2m0000gn/T//ccZQ9BPT.s:1010   .text.FLASH_OB_CM4BootAddConfig:00000000 $t
/var/folders/2r/mdtt8xvd351gdc398t28_m2m0000gn/T//ccZQ9BPT.s:1015   .text.FLASH_OB_CM4BootAddConfig:00000000 FLASH_OB_CM4BootAddConfig
/var/folders/2r/mdtt8xvd351gdc398t28_m2m0000gn/T//ccZQ9BPT.s:1055   .text.FLASH_OB_CM4BootAddConfig:0000002c $d
/var/folders/2r/mdtt8xvd351gdc398t28_m2m0000gn/T//ccZQ9BPT.s:1060   .text.FLASH_OB_GetCM4BootAdd:00000000 $t
/var/folders/2r/mdtt8xvd351gdc398t28_m2m0000gn/T//ccZQ9BPT.s:1065   .text.FLASH_OB_GetCM4BootAdd:00000000 FLASH_OB_GetCM4BootAdd
/var/folders/2r/mdtt8xvd351gdc398t28_m2m0000gn/T//ccZQ9BPT.s:1095   .text.FLASH_OB_GetCM4BootAdd:00000010 $d
/var/folders/2r/mdtt8xvd351gdc398t28_m2m0000gn/T//ccZQ9BPT.s:1100   .text.FLASH_OB_SecureAreaConfig:00000000 $t
/var/folders/2r/mdtt8xvd351gdc398t28_m2m0000gn/T//ccZQ9BPT.s:1105   .text.FLASH_OB_SecureAreaConfig:00000000 FLASH_OB_SecureAreaConfig
/var/folders/2r/mdtt8xvd351gdc398t28_m2m0000gn/T//ccZQ9BPT.s:1181   .text.FLASH_OB_SecureAreaConfig:00000050 $d
/var/folders/2r/mdtt8xvd351gdc398t28_m2m0000gn/T//ccZQ9BPT.s:1186   .text.FLASH_OB_GetSecureArea:00000000 $t
/var/folders/2r/mdtt8xvd351gdc398t28_m2m0000gn/T//ccZQ9BPT.s:1191   .text.FLASH_OB_GetSecureArea:00000000 FLASH_OB_GetSecureArea
/var/folders/2r/mdtt8xvd351gdc398t28_m2m0000gn/T//ccZQ9BPT.s:1278   .text.FLASH_OB_GetSecureArea:00000048 $d
/var/folders/2r/mdtt8xvd351gdc398t28_m2m0000gn/T//ccZQ9BPT.s:1284   .text.FLASH_CRC_AddSector:00000000 $t
ARM GAS  /var/folders/2r/mdtt8xvd351gdc398t28_m2m0000gn/T//ccZQ9BPT.s 			page 94


/var/folders/2r/mdtt8xvd351gdc398t28_m2m0000gn/T//ccZQ9BPT.s:1289   .text.FLASH_CRC_AddSector:00000000 FLASH_CRC_AddSector
/var/folders/2r/mdtt8xvd351gdc398t28_m2m0000gn/T//ccZQ9BPT.s:1337   .text.FLASH_CRC_AddSector:00000038 $d
/var/folders/2r/mdtt8xvd351gdc398t28_m2m0000gn/T//ccZQ9BPT.s:1342   .text.FLASH_CRC_SelectAddress:00000000 $t
/var/folders/2r/mdtt8xvd351gdc398t28_m2m0000gn/T//ccZQ9BPT.s:1347   .text.FLASH_CRC_SelectAddress:00000000 FLASH_CRC_SelectAddress
/var/folders/2r/mdtt8xvd351gdc398t28_m2m0000gn/T//ccZQ9BPT.s:1384   .text.FLASH_CRC_SelectAddress:00000018 $d
/var/folders/2r/mdtt8xvd351gdc398t28_m2m0000gn/T//ccZQ9BPT.s:1389   .text.HAL_FLASHEx_OBProgram:00000000 $t
/var/folders/2r/mdtt8xvd351gdc398t28_m2m0000gn/T//ccZQ9BPT.s:1395   .text.HAL_FLASHEx_OBProgram:00000000 HAL_FLASHEx_OBProgram
/var/folders/2r/mdtt8xvd351gdc398t28_m2m0000gn/T//ccZQ9BPT.s:1610   .text.HAL_FLASHEx_OBProgram:000000f0 $d
/var/folders/2r/mdtt8xvd351gdc398t28_m2m0000gn/T//ccZQ9BPT.s:1615   .text.HAL_FLASHEx_OBGetConfig:00000000 $t
/var/folders/2r/mdtt8xvd351gdc398t28_m2m0000gn/T//ccZQ9BPT.s:1621   .text.HAL_FLASHEx_OBGetConfig:00000000 HAL_FLASHEx_OBGetConfig
/var/folders/2r/mdtt8xvd351gdc398t28_m2m0000gn/T//ccZQ9BPT.s:1716   .text.HAL_FLASHEx_Unlock_Bank1:00000000 $t
/var/folders/2r/mdtt8xvd351gdc398t28_m2m0000gn/T//ccZQ9BPT.s:1722   .text.HAL_FLASHEx_Unlock_Bank1:00000000 HAL_FLASHEx_Unlock_Bank1
/var/folders/2r/mdtt8xvd351gdc398t28_m2m0000gn/T//ccZQ9BPT.s:1763   .text.HAL_FLASHEx_Unlock_Bank1:0000002c $d
/var/folders/2r/mdtt8xvd351gdc398t28_m2m0000gn/T//ccZQ9BPT.s:1769   .text.HAL_FLASHEx_Lock_Bank1:00000000 $t
/var/folders/2r/mdtt8xvd351gdc398t28_m2m0000gn/T//ccZQ9BPT.s:1775   .text.HAL_FLASHEx_Lock_Bank1:00000000 HAL_FLASHEx_Lock_Bank1
/var/folders/2r/mdtt8xvd351gdc398t28_m2m0000gn/T//ccZQ9BPT.s:1794   .text.HAL_FLASHEx_Lock_Bank1:00000010 $d
/var/folders/2r/mdtt8xvd351gdc398t28_m2m0000gn/T//ccZQ9BPT.s:1799   .text.HAL_FLASHEx_Unlock_Bank2:00000000 $t
/var/folders/2r/mdtt8xvd351gdc398t28_m2m0000gn/T//ccZQ9BPT.s:1805   .text.HAL_FLASHEx_Unlock_Bank2:00000000 HAL_FLASHEx_Unlock_Bank2
/var/folders/2r/mdtt8xvd351gdc398t28_m2m0000gn/T//ccZQ9BPT.s:1846   .text.HAL_FLASHEx_Unlock_Bank2:00000034 $d
/var/folders/2r/mdtt8xvd351gdc398t28_m2m0000gn/T//ccZQ9BPT.s:1852   .text.HAL_FLASHEx_Lock_Bank2:00000000 $t
/var/folders/2r/mdtt8xvd351gdc398t28_m2m0000gn/T//ccZQ9BPT.s:1858   .text.HAL_FLASHEx_Lock_Bank2:00000000 HAL_FLASHEx_Lock_Bank2
/var/folders/2r/mdtt8xvd351gdc398t28_m2m0000gn/T//ccZQ9BPT.s:1877   .text.HAL_FLASHEx_Lock_Bank2:00000014 $d
/var/folders/2r/mdtt8xvd351gdc398t28_m2m0000gn/T//ccZQ9BPT.s:1882   .text.HAL_FLASHEx_ComputeCRC:00000000 $t
/var/folders/2r/mdtt8xvd351gdc398t28_m2m0000gn/T//ccZQ9BPT.s:1888   .text.HAL_FLASHEx_ComputeCRC:00000000 HAL_FLASHEx_ComputeCRC
/var/folders/2r/mdtt8xvd351gdc398t28_m2m0000gn/T//ccZQ9BPT.s:2174   .text.HAL_FLASHEx_ComputeCRC:0000015c $d
/var/folders/2r/mdtt8xvd351gdc398t28_m2m0000gn/T//ccZQ9BPT.s:2180   .text.FLASH_Erase_Sector:00000000 $t
/var/folders/2r/mdtt8xvd351gdc398t28_m2m0000gn/T//ccZQ9BPT.s:2186   .text.FLASH_Erase_Sector:00000000 FLASH_Erase_Sector
/var/folders/2r/mdtt8xvd351gdc398t28_m2m0000gn/T//ccZQ9BPT.s:2251   .text.FLASH_Erase_Sector:00000054 $d
/var/folders/2r/mdtt8xvd351gdc398t28_m2m0000gn/T//ccZQ9BPT.s:2256   .text.HAL_FLASHEx_Erase:00000000 $t
/var/folders/2r/mdtt8xvd351gdc398t28_m2m0000gn/T//ccZQ9BPT.s:2262   .text.HAL_FLASHEx_Erase:00000000 HAL_FLASHEx_Erase
/var/folders/2r/mdtt8xvd351gdc398t28_m2m0000gn/T//ccZQ9BPT.s:2531   .text.HAL_FLASHEx_Erase:00000128 $d
/var/folders/2r/mdtt8xvd351gdc398t28_m2m0000gn/T//ccZQ9BPT.s:2537   .text.HAL_FLASHEx_Erase_IT:00000000 $t
/var/folders/2r/mdtt8xvd351gdc398t28_m2m0000gn/T//ccZQ9BPT.s:2543   .text.HAL_FLASHEx_Erase_IT:00000000 HAL_FLASHEx_Erase_IT
/var/folders/2r/mdtt8xvd351gdc398t28_m2m0000gn/T//ccZQ9BPT.s:2761   .text.HAL_FLASHEx_Erase_IT:000000e0 $d

UNDEFINED SYMBOLS
FLASH_WaitForLastOperation
pFlash
FLASH_OB_WaitForLastOperation
FLASH_CRC_WaitForLastOperation
