ARM GAS  /var/folders/2r/mdtt8xvd351gdc398t28_m2m0000gn/T//ccdEwLBV.s 			page 1


   1              		.cpu cortex-m4
   2              		.arch armv7e-m
   3              		.fpu softvfp
   4              		.eabi_attribute 20, 1
   5              		.eabi_attribute 21, 1
   6              		.eabi_attribute 23, 3
   7              		.eabi_attribute 24, 1
   8              		.eabi_attribute 25, 1
   9              		.eabi_attribute 26, 1
  10              		.eabi_attribute 30, 1
  11              		.eabi_attribute 34, 1
  12              		.eabi_attribute 18, 4
  13              		.file	"stm32h7xx_hal_dma.c"
  14              		.text
  15              	.Ltext0:
  16              		.cfi_sections	.debug_frame
  17              		.file 1 "../../Drivers/STM32H7xx_HAL_Driver/Src/stm32h7xx_hal_dma.c"
  18              		.section	.text.DMA_SetConfig,"ax",%progbits
  19              		.align	1
  20              		.syntax unified
  21              		.thumb
  22              		.thumb_func
  24              	DMA_SetConfig:
  25              	.LVL0:
  26              	.LFB144:
   1:../../Drivers/STM32H7xx_HAL_Driver/Src/stm32h7xx_hal_dma.c **** /**
   2:../../Drivers/STM32H7xx_HAL_Driver/Src/stm32h7xx_hal_dma.c ****   ******************************************************************************
   3:../../Drivers/STM32H7xx_HAL_Driver/Src/stm32h7xx_hal_dma.c ****   * @file    stm32h7xx_hal_dma.c
   4:../../Drivers/STM32H7xx_HAL_Driver/Src/stm32h7xx_hal_dma.c ****   * @author  MCD Application Team
   5:../../Drivers/STM32H7xx_HAL_Driver/Src/stm32h7xx_hal_dma.c ****   * @brief   DMA HAL module driver.
   6:../../Drivers/STM32H7xx_HAL_Driver/Src/stm32h7xx_hal_dma.c ****   *          This file provides firmware functions to manage the following
   7:../../Drivers/STM32H7xx_HAL_Driver/Src/stm32h7xx_hal_dma.c ****   *          functionalities of the Direct Memory Access (DMA) peripheral:
   8:../../Drivers/STM32H7xx_HAL_Driver/Src/stm32h7xx_hal_dma.c ****   *           + Initialization and de-initialization functions
   9:../../Drivers/STM32H7xx_HAL_Driver/Src/stm32h7xx_hal_dma.c ****   *           + IO operation functions
  10:../../Drivers/STM32H7xx_HAL_Driver/Src/stm32h7xx_hal_dma.c ****   *           + Peripheral State and errors functions
  11:../../Drivers/STM32H7xx_HAL_Driver/Src/stm32h7xx_hal_dma.c ****   ******************************************************************************
  12:../../Drivers/STM32H7xx_HAL_Driver/Src/stm32h7xx_hal_dma.c ****   * @attention
  13:../../Drivers/STM32H7xx_HAL_Driver/Src/stm32h7xx_hal_dma.c ****   *
  14:../../Drivers/STM32H7xx_HAL_Driver/Src/stm32h7xx_hal_dma.c ****   * Copyright (c) 2017 STMicroelectronics.
  15:../../Drivers/STM32H7xx_HAL_Driver/Src/stm32h7xx_hal_dma.c ****   * All rights reserved.
  16:../../Drivers/STM32H7xx_HAL_Driver/Src/stm32h7xx_hal_dma.c ****   *
  17:../../Drivers/STM32H7xx_HAL_Driver/Src/stm32h7xx_hal_dma.c ****   * This software is licensed under terms that can be found in the LICENSE file
  18:../../Drivers/STM32H7xx_HAL_Driver/Src/stm32h7xx_hal_dma.c ****   * in the root directory of this software component.
  19:../../Drivers/STM32H7xx_HAL_Driver/Src/stm32h7xx_hal_dma.c ****   * If no LICENSE file comes with this software, it is provided AS-IS.
  20:../../Drivers/STM32H7xx_HAL_Driver/Src/stm32h7xx_hal_dma.c ****   *
  21:../../Drivers/STM32H7xx_HAL_Driver/Src/stm32h7xx_hal_dma.c ****   ******************************************************************************
  22:../../Drivers/STM32H7xx_HAL_Driver/Src/stm32h7xx_hal_dma.c ****   @verbatim
  23:../../Drivers/STM32H7xx_HAL_Driver/Src/stm32h7xx_hal_dma.c ****   ==============================================================================
  24:../../Drivers/STM32H7xx_HAL_Driver/Src/stm32h7xx_hal_dma.c ****                         ##### How to use this driver #####
  25:../../Drivers/STM32H7xx_HAL_Driver/Src/stm32h7xx_hal_dma.c ****   ==============================================================================
  26:../../Drivers/STM32H7xx_HAL_Driver/Src/stm32h7xx_hal_dma.c ****   [..]
  27:../../Drivers/STM32H7xx_HAL_Driver/Src/stm32h7xx_hal_dma.c ****    (#) Enable and configure the peripheral to be connected to the DMA Stream
  28:../../Drivers/STM32H7xx_HAL_Driver/Src/stm32h7xx_hal_dma.c ****        (except for internal SRAM/FLASH memories: no initialization is
  29:../../Drivers/STM32H7xx_HAL_Driver/Src/stm32h7xx_hal_dma.c ****        necessary) please refer to Reference manual for connection between peripherals
  30:../../Drivers/STM32H7xx_HAL_Driver/Src/stm32h7xx_hal_dma.c ****        and DMA requests .
  31:../../Drivers/STM32H7xx_HAL_Driver/Src/stm32h7xx_hal_dma.c **** 
  32:../../Drivers/STM32H7xx_HAL_Driver/Src/stm32h7xx_hal_dma.c ****    (#) For a given Stream, program the required configuration through the following parameters:
ARM GAS  /var/folders/2r/mdtt8xvd351gdc398t28_m2m0000gn/T//ccdEwLBV.s 			page 2


  33:../../Drivers/STM32H7xx_HAL_Driver/Src/stm32h7xx_hal_dma.c ****        Transfer Direction, Source and Destination data formats,
  34:../../Drivers/STM32H7xx_HAL_Driver/Src/stm32h7xx_hal_dma.c ****        Circular, Normal or peripheral flow control mode, Stream Priority level,
  35:../../Drivers/STM32H7xx_HAL_Driver/Src/stm32h7xx_hal_dma.c ****        Source and Destination Increment mode, FIFO mode and its Threshold (if needed),
  36:../../Drivers/STM32H7xx_HAL_Driver/Src/stm32h7xx_hal_dma.c ****        Burst mode for Source and/or Destination (if needed) using HAL_DMA_Init() function.
  37:../../Drivers/STM32H7xx_HAL_Driver/Src/stm32h7xx_hal_dma.c **** 
  38:../../Drivers/STM32H7xx_HAL_Driver/Src/stm32h7xx_hal_dma.c ****      *** Polling mode IO operation ***
  39:../../Drivers/STM32H7xx_HAL_Driver/Src/stm32h7xx_hal_dma.c ****      =================================
  40:../../Drivers/STM32H7xx_HAL_Driver/Src/stm32h7xx_hal_dma.c ****     [..]
  41:../../Drivers/STM32H7xx_HAL_Driver/Src/stm32h7xx_hal_dma.c ****           (+) Use HAL_DMA_Start() to start DMA transfer after the configuration of Source
  42:../../Drivers/STM32H7xx_HAL_Driver/Src/stm32h7xx_hal_dma.c ****               address and destination address and the Length of data to be transferred
  43:../../Drivers/STM32H7xx_HAL_Driver/Src/stm32h7xx_hal_dma.c ****           (+) Use HAL_DMA_PollForTransfer() to poll for the end of current transfer, in this
  44:../../Drivers/STM32H7xx_HAL_Driver/Src/stm32h7xx_hal_dma.c ****               case a fixed Timeout can be configured by User depending from his application.
  45:../../Drivers/STM32H7xx_HAL_Driver/Src/stm32h7xx_hal_dma.c **** 
  46:../../Drivers/STM32H7xx_HAL_Driver/Src/stm32h7xx_hal_dma.c ****      *** Interrupt mode IO operation ***
  47:../../Drivers/STM32H7xx_HAL_Driver/Src/stm32h7xx_hal_dma.c ****      ===================================
  48:../../Drivers/STM32H7xx_HAL_Driver/Src/stm32h7xx_hal_dma.c ****     [..]
  49:../../Drivers/STM32H7xx_HAL_Driver/Src/stm32h7xx_hal_dma.c ****           (+) Configure the DMA interrupt priority using HAL_NVIC_SetPriority()
  50:../../Drivers/STM32H7xx_HAL_Driver/Src/stm32h7xx_hal_dma.c ****           (+) Enable the DMA IRQ handler using HAL_NVIC_EnableIRQ()
  51:../../Drivers/STM32H7xx_HAL_Driver/Src/stm32h7xx_hal_dma.c ****           (+) Use HAL_DMA_Start_IT() to start DMA transfer after the configuration of
  52:../../Drivers/STM32H7xx_HAL_Driver/Src/stm32h7xx_hal_dma.c ****               Source address and destination address and the Length of data to be transferred. In t
  53:../../Drivers/STM32H7xx_HAL_Driver/Src/stm32h7xx_hal_dma.c ****               case the DMA interrupt is configured
  54:../../Drivers/STM32H7xx_HAL_Driver/Src/stm32h7xx_hal_dma.c ****           (+) Use HAL_DMA_IRQHandler() called under DMA_IRQHandler() Interrupt subroutine
  55:../../Drivers/STM32H7xx_HAL_Driver/Src/stm32h7xx_hal_dma.c ****           (+) At the end of data transfer HAL_DMA_IRQHandler() function is executed and user can
  56:../../Drivers/STM32H7xx_HAL_Driver/Src/stm32h7xx_hal_dma.c ****               add his own function by customization of function pointer XferCpltCallback and
  57:../../Drivers/STM32H7xx_HAL_Driver/Src/stm32h7xx_hal_dma.c ****               XferErrorCallback (i.e a member of DMA handle structure).
  58:../../Drivers/STM32H7xx_HAL_Driver/Src/stm32h7xx_hal_dma.c ****     [..]
  59:../../Drivers/STM32H7xx_HAL_Driver/Src/stm32h7xx_hal_dma.c ****      (#) Use HAL_DMA_GetState() function to return the DMA state and HAL_DMA_GetError() in case of 
  60:../../Drivers/STM32H7xx_HAL_Driver/Src/stm32h7xx_hal_dma.c ****          detection.
  61:../../Drivers/STM32H7xx_HAL_Driver/Src/stm32h7xx_hal_dma.c **** 
  62:../../Drivers/STM32H7xx_HAL_Driver/Src/stm32h7xx_hal_dma.c ****      (#) Use HAL_DMA_Abort() function to abort the current transfer
  63:../../Drivers/STM32H7xx_HAL_Driver/Src/stm32h7xx_hal_dma.c **** 
  64:../../Drivers/STM32H7xx_HAL_Driver/Src/stm32h7xx_hal_dma.c ****      -@-   In Memory-to-Memory transfer mode, Circular mode is not allowed.
  65:../../Drivers/STM32H7xx_HAL_Driver/Src/stm32h7xx_hal_dma.c **** 
  66:../../Drivers/STM32H7xx_HAL_Driver/Src/stm32h7xx_hal_dma.c ****      -@-   The FIFO is used mainly to reduce bus usage and to allow data packing/unpacking: it is
  67:../../Drivers/STM32H7xx_HAL_Driver/Src/stm32h7xx_hal_dma.c ****            possible to set different Data Sizes for the Peripheral and the Memory (ie. you can set
  68:../../Drivers/STM32H7xx_HAL_Driver/Src/stm32h7xx_hal_dma.c ****            Half-Word data size for the peripheral to access its data register and set Word data siz
  69:../../Drivers/STM32H7xx_HAL_Driver/Src/stm32h7xx_hal_dma.c ****            for the Memory to gain in access time. Each two half words will be packed and written in
  70:../../Drivers/STM32H7xx_HAL_Driver/Src/stm32h7xx_hal_dma.c ****            a single access to a Word in the Memory).
  71:../../Drivers/STM32H7xx_HAL_Driver/Src/stm32h7xx_hal_dma.c **** 
  72:../../Drivers/STM32H7xx_HAL_Driver/Src/stm32h7xx_hal_dma.c ****      -@-   When FIFO is disabled, it is not allowed to configure different Data Sizes for Source
  73:../../Drivers/STM32H7xx_HAL_Driver/Src/stm32h7xx_hal_dma.c ****            and Destination. In this case the Peripheral Data Size will be applied to both Source
  74:../../Drivers/STM32H7xx_HAL_Driver/Src/stm32h7xx_hal_dma.c ****            and Destination.
  75:../../Drivers/STM32H7xx_HAL_Driver/Src/stm32h7xx_hal_dma.c **** 
  76:../../Drivers/STM32H7xx_HAL_Driver/Src/stm32h7xx_hal_dma.c ****      *** DMA HAL driver macros list ***
  77:../../Drivers/STM32H7xx_HAL_Driver/Src/stm32h7xx_hal_dma.c ****      =============================================
  78:../../Drivers/STM32H7xx_HAL_Driver/Src/stm32h7xx_hal_dma.c ****      [..]
  79:../../Drivers/STM32H7xx_HAL_Driver/Src/stm32h7xx_hal_dma.c ****        Below the list of most used macros in DMA HAL driver.
  80:../../Drivers/STM32H7xx_HAL_Driver/Src/stm32h7xx_hal_dma.c **** 
  81:../../Drivers/STM32H7xx_HAL_Driver/Src/stm32h7xx_hal_dma.c ****       (+) __HAL_DMA_ENABLE: Enable the specified DMA Stream.
  82:../../Drivers/STM32H7xx_HAL_Driver/Src/stm32h7xx_hal_dma.c ****       (+) __HAL_DMA_DISABLE: Disable the specified DMA Stream.
  83:../../Drivers/STM32H7xx_HAL_Driver/Src/stm32h7xx_hal_dma.c ****       (+) __HAL_DMA_GET_FS: Return the current DMA Stream FIFO filled level.
  84:../../Drivers/STM32H7xx_HAL_Driver/Src/stm32h7xx_hal_dma.c ****       (+) __HAL_DMA_ENABLE_IT: Enable the specified DMA Stream interrupts.
  85:../../Drivers/STM32H7xx_HAL_Driver/Src/stm32h7xx_hal_dma.c ****       (+) __HAL_DMA_DISABLE_IT: Disable the specified DMA Stream interrupts.
  86:../../Drivers/STM32H7xx_HAL_Driver/Src/stm32h7xx_hal_dma.c ****       (+) __HAL_DMA_GET_IT_SOURCE: Check whether the specified DMA Stream interrupt has occurred or
  87:../../Drivers/STM32H7xx_HAL_Driver/Src/stm32h7xx_hal_dma.c **** 
  88:../../Drivers/STM32H7xx_HAL_Driver/Src/stm32h7xx_hal_dma.c ****      [..]
  89:../../Drivers/STM32H7xx_HAL_Driver/Src/stm32h7xx_hal_dma.c ****       (@) You can refer to the DMA HAL driver header file for more useful macros.
ARM GAS  /var/folders/2r/mdtt8xvd351gdc398t28_m2m0000gn/T//ccdEwLBV.s 			page 3


  90:../../Drivers/STM32H7xx_HAL_Driver/Src/stm32h7xx_hal_dma.c **** 
  91:../../Drivers/STM32H7xx_HAL_Driver/Src/stm32h7xx_hal_dma.c ****   @endverbatim
  92:../../Drivers/STM32H7xx_HAL_Driver/Src/stm32h7xx_hal_dma.c ****   */
  93:../../Drivers/STM32H7xx_HAL_Driver/Src/stm32h7xx_hal_dma.c **** 
  94:../../Drivers/STM32H7xx_HAL_Driver/Src/stm32h7xx_hal_dma.c **** /* Includes ------------------------------------------------------------------*/
  95:../../Drivers/STM32H7xx_HAL_Driver/Src/stm32h7xx_hal_dma.c **** #include "stm32h7xx_hal.h"
  96:../../Drivers/STM32H7xx_HAL_Driver/Src/stm32h7xx_hal_dma.c **** 
  97:../../Drivers/STM32H7xx_HAL_Driver/Src/stm32h7xx_hal_dma.c **** /** @addtogroup STM32H7xx_HAL_Driver
  98:../../Drivers/STM32H7xx_HAL_Driver/Src/stm32h7xx_hal_dma.c ****   * @{
  99:../../Drivers/STM32H7xx_HAL_Driver/Src/stm32h7xx_hal_dma.c ****   */
 100:../../Drivers/STM32H7xx_HAL_Driver/Src/stm32h7xx_hal_dma.c **** 
 101:../../Drivers/STM32H7xx_HAL_Driver/Src/stm32h7xx_hal_dma.c **** /** @defgroup DMA DMA
 102:../../Drivers/STM32H7xx_HAL_Driver/Src/stm32h7xx_hal_dma.c ****   * @brief DMA HAL module driver
 103:../../Drivers/STM32H7xx_HAL_Driver/Src/stm32h7xx_hal_dma.c ****   * @{
 104:../../Drivers/STM32H7xx_HAL_Driver/Src/stm32h7xx_hal_dma.c ****   */
 105:../../Drivers/STM32H7xx_HAL_Driver/Src/stm32h7xx_hal_dma.c **** 
 106:../../Drivers/STM32H7xx_HAL_Driver/Src/stm32h7xx_hal_dma.c **** #ifdef HAL_DMA_MODULE_ENABLED
 107:../../Drivers/STM32H7xx_HAL_Driver/Src/stm32h7xx_hal_dma.c **** 
 108:../../Drivers/STM32H7xx_HAL_Driver/Src/stm32h7xx_hal_dma.c **** /* Private types -------------------------------------------------------------*/
 109:../../Drivers/STM32H7xx_HAL_Driver/Src/stm32h7xx_hal_dma.c **** /** @addtogroup DMA_Private_Types
 110:../../Drivers/STM32H7xx_HAL_Driver/Src/stm32h7xx_hal_dma.c ****   * @{
 111:../../Drivers/STM32H7xx_HAL_Driver/Src/stm32h7xx_hal_dma.c ****   */
 112:../../Drivers/STM32H7xx_HAL_Driver/Src/stm32h7xx_hal_dma.c **** typedef struct
 113:../../Drivers/STM32H7xx_HAL_Driver/Src/stm32h7xx_hal_dma.c **** {
 114:../../Drivers/STM32H7xx_HAL_Driver/Src/stm32h7xx_hal_dma.c ****   __IO uint32_t ISR;   /*!< DMA interrupt status register */
 115:../../Drivers/STM32H7xx_HAL_Driver/Src/stm32h7xx_hal_dma.c ****   __IO uint32_t Reserved0;
 116:../../Drivers/STM32H7xx_HAL_Driver/Src/stm32h7xx_hal_dma.c ****   __IO uint32_t IFCR;  /*!< DMA interrupt flag clear register */
 117:../../Drivers/STM32H7xx_HAL_Driver/Src/stm32h7xx_hal_dma.c **** } DMA_Base_Registers;
 118:../../Drivers/STM32H7xx_HAL_Driver/Src/stm32h7xx_hal_dma.c **** 
 119:../../Drivers/STM32H7xx_HAL_Driver/Src/stm32h7xx_hal_dma.c **** typedef struct
 120:../../Drivers/STM32H7xx_HAL_Driver/Src/stm32h7xx_hal_dma.c **** {
 121:../../Drivers/STM32H7xx_HAL_Driver/Src/stm32h7xx_hal_dma.c ****   __IO uint32_t ISR;   /*!< BDMA interrupt status register */
 122:../../Drivers/STM32H7xx_HAL_Driver/Src/stm32h7xx_hal_dma.c ****   __IO uint32_t IFCR;  /*!< BDMA interrupt flag clear register */
 123:../../Drivers/STM32H7xx_HAL_Driver/Src/stm32h7xx_hal_dma.c **** } BDMA_Base_Registers;
 124:../../Drivers/STM32H7xx_HAL_Driver/Src/stm32h7xx_hal_dma.c **** /**
 125:../../Drivers/STM32H7xx_HAL_Driver/Src/stm32h7xx_hal_dma.c ****   * @}
 126:../../Drivers/STM32H7xx_HAL_Driver/Src/stm32h7xx_hal_dma.c ****   */
 127:../../Drivers/STM32H7xx_HAL_Driver/Src/stm32h7xx_hal_dma.c **** 
 128:../../Drivers/STM32H7xx_HAL_Driver/Src/stm32h7xx_hal_dma.c **** /* Private variables ---------------------------------------------------------*/
 129:../../Drivers/STM32H7xx_HAL_Driver/Src/stm32h7xx_hal_dma.c **** /* Private constants ---------------------------------------------------------*/
 130:../../Drivers/STM32H7xx_HAL_Driver/Src/stm32h7xx_hal_dma.c **** /** @addtogroup DMA_Private_Constants
 131:../../Drivers/STM32H7xx_HAL_Driver/Src/stm32h7xx_hal_dma.c ****  * @{
 132:../../Drivers/STM32H7xx_HAL_Driver/Src/stm32h7xx_hal_dma.c ****  */
 133:../../Drivers/STM32H7xx_HAL_Driver/Src/stm32h7xx_hal_dma.c **** #define HAL_TIMEOUT_DMA_ABORT         (5U)  /* 5 ms */
 134:../../Drivers/STM32H7xx_HAL_Driver/Src/stm32h7xx_hal_dma.c **** 
 135:../../Drivers/STM32H7xx_HAL_Driver/Src/stm32h7xx_hal_dma.c **** #define BDMA_PERIPH_TO_MEMORY         (0x00000000U)                /*!< Peripheral to memory direct
 136:../../Drivers/STM32H7xx_HAL_Driver/Src/stm32h7xx_hal_dma.c **** #define BDMA_MEMORY_TO_PERIPH         ((uint32_t)BDMA_CCR_DIR)     /*!< Memory to peripheral direct
 137:../../Drivers/STM32H7xx_HAL_Driver/Src/stm32h7xx_hal_dma.c **** #define BDMA_MEMORY_TO_MEMORY         ((uint32_t)BDMA_CCR_MEM2MEM) /*!< Memory to memory direction 
 138:../../Drivers/STM32H7xx_HAL_Driver/Src/stm32h7xx_hal_dma.c **** 
 139:../../Drivers/STM32H7xx_HAL_Driver/Src/stm32h7xx_hal_dma.c **** /* DMA to BDMA conversion */
 140:../../Drivers/STM32H7xx_HAL_Driver/Src/stm32h7xx_hal_dma.c **** #define DMA_TO_BDMA_DIRECTION(__DMA_DIRECTION__) (((__DMA_DIRECTION__) == DMA_MEMORY_TO_PERIPH)? BD
 141:../../Drivers/STM32H7xx_HAL_Driver/Src/stm32h7xx_hal_dma.c ****                                                   ((__DMA_DIRECTION__) == DMA_MEMORY_TO_MEMORY)? BD
 142:../../Drivers/STM32H7xx_HAL_Driver/Src/stm32h7xx_hal_dma.c ****                                                   BDMA_PERIPH_TO_MEMORY)
 143:../../Drivers/STM32H7xx_HAL_Driver/Src/stm32h7xx_hal_dma.c **** 
 144:../../Drivers/STM32H7xx_HAL_Driver/Src/stm32h7xx_hal_dma.c **** #define DMA_TO_BDMA_PERIPHERAL_INC(__DMA_PERIPHERAL_INC__) ((__DMA_PERIPHERAL_INC__) >> 3U)
 145:../../Drivers/STM32H7xx_HAL_Driver/Src/stm32h7xx_hal_dma.c **** #define DMA_TO_BDMA_MEMORY_INC(__DMA_MEMORY_INC__) ((__DMA_MEMORY_INC__) >> 3U)
 146:../../Drivers/STM32H7xx_HAL_Driver/Src/stm32h7xx_hal_dma.c **** 
ARM GAS  /var/folders/2r/mdtt8xvd351gdc398t28_m2m0000gn/T//ccdEwLBV.s 			page 4


 147:../../Drivers/STM32H7xx_HAL_Driver/Src/stm32h7xx_hal_dma.c **** #define DMA_TO_BDMA_PDATA_SIZE(__DMA_PDATA_SIZE__) ((__DMA_PDATA_SIZE__) >> 3U)
 148:../../Drivers/STM32H7xx_HAL_Driver/Src/stm32h7xx_hal_dma.c **** #define DMA_TO_BDMA_MDATA_SIZE(__DMA_MDATA_SIZE__) ((__DMA_MDATA_SIZE__) >> 3U)
 149:../../Drivers/STM32H7xx_HAL_Driver/Src/stm32h7xx_hal_dma.c **** 
 150:../../Drivers/STM32H7xx_HAL_Driver/Src/stm32h7xx_hal_dma.c **** #define DMA_TO_BDMA_MODE(__DMA_MODE__) ((__DMA_MODE__) >> 3U)
 151:../../Drivers/STM32H7xx_HAL_Driver/Src/stm32h7xx_hal_dma.c **** 
 152:../../Drivers/STM32H7xx_HAL_Driver/Src/stm32h7xx_hal_dma.c **** #define DMA_TO_BDMA_PRIORITY(__DMA_PRIORITY__) ((__DMA_PRIORITY__) >> 4U)
 153:../../Drivers/STM32H7xx_HAL_Driver/Src/stm32h7xx_hal_dma.c **** 
 154:../../Drivers/STM32H7xx_HAL_Driver/Src/stm32h7xx_hal_dma.c **** #if defined(UART9)
 155:../../Drivers/STM32H7xx_HAL_Driver/Src/stm32h7xx_hal_dma.c **** #define IS_DMA_UART_USART_REQUEST(__REQUEST__) ((((__REQUEST__) >= DMA_REQUEST_USART1_RX)  &&  ((__
 156:../../Drivers/STM32H7xx_HAL_Driver/Src/stm32h7xx_hal_dma.c ****                                                  (((__REQUEST__) >= DMA_REQUEST_UART4_RX)  &&  ((__
 157:../../Drivers/STM32H7xx_HAL_Driver/Src/stm32h7xx_hal_dma.c ****                                                  (((__REQUEST__) >= DMA_REQUEST_USART6_RX) &&  ((__
 158:../../Drivers/STM32H7xx_HAL_Driver/Src/stm32h7xx_hal_dma.c ****                                                  (((__REQUEST__) >= DMA_REQUEST_UART7_RX)  &&  ((__
 159:../../Drivers/STM32H7xx_HAL_Driver/Src/stm32h7xx_hal_dma.c ****                                                  (((__REQUEST__) >= DMA_REQUEST_UART9_RX)  &&  ((__
 160:../../Drivers/STM32H7xx_HAL_Driver/Src/stm32h7xx_hal_dma.c **** #else
 161:../../Drivers/STM32H7xx_HAL_Driver/Src/stm32h7xx_hal_dma.c **** #define IS_DMA_UART_USART_REQUEST(__REQUEST__) ((((__REQUEST__) >= DMA_REQUEST_USART1_RX)  &&  ((__
 162:../../Drivers/STM32H7xx_HAL_Driver/Src/stm32h7xx_hal_dma.c ****                                                  (((__REQUEST__) >= DMA_REQUEST_UART4_RX)  &&  ((__
 163:../../Drivers/STM32H7xx_HAL_Driver/Src/stm32h7xx_hal_dma.c ****                                                  (((__REQUEST__) >= DMA_REQUEST_USART6_RX) &&  ((__
 164:../../Drivers/STM32H7xx_HAL_Driver/Src/stm32h7xx_hal_dma.c ****                                                  (((__REQUEST__) >= DMA_REQUEST_UART7_RX)  &&  ((__
 165:../../Drivers/STM32H7xx_HAL_Driver/Src/stm32h7xx_hal_dma.c **** 
 166:../../Drivers/STM32H7xx_HAL_Driver/Src/stm32h7xx_hal_dma.c **** #endif
 167:../../Drivers/STM32H7xx_HAL_Driver/Src/stm32h7xx_hal_dma.c **** /**
 168:../../Drivers/STM32H7xx_HAL_Driver/Src/stm32h7xx_hal_dma.c ****   * @}
 169:../../Drivers/STM32H7xx_HAL_Driver/Src/stm32h7xx_hal_dma.c ****   */
 170:../../Drivers/STM32H7xx_HAL_Driver/Src/stm32h7xx_hal_dma.c **** /* Private macros ------------------------------------------------------------*/
 171:../../Drivers/STM32H7xx_HAL_Driver/Src/stm32h7xx_hal_dma.c **** /* Private functions ---------------------------------------------------------*/
 172:../../Drivers/STM32H7xx_HAL_Driver/Src/stm32h7xx_hal_dma.c **** /** @addtogroup DMA_Private_Functions
 173:../../Drivers/STM32H7xx_HAL_Driver/Src/stm32h7xx_hal_dma.c ****   * @{
 174:../../Drivers/STM32H7xx_HAL_Driver/Src/stm32h7xx_hal_dma.c ****   */
 175:../../Drivers/STM32H7xx_HAL_Driver/Src/stm32h7xx_hal_dma.c **** static void DMA_SetConfig(DMA_HandleTypeDef *hdma, uint32_t SrcAddress, uint32_t DstAddress, uint32
 176:../../Drivers/STM32H7xx_HAL_Driver/Src/stm32h7xx_hal_dma.c **** static uint32_t DMA_CalcBaseAndBitshift(DMA_HandleTypeDef *hdma);
 177:../../Drivers/STM32H7xx_HAL_Driver/Src/stm32h7xx_hal_dma.c **** static HAL_StatusTypeDef DMA_CheckFifoParam(const DMA_HandleTypeDef *hdma);
 178:../../Drivers/STM32H7xx_HAL_Driver/Src/stm32h7xx_hal_dma.c **** static void DMA_CalcDMAMUXChannelBaseAndMask(DMA_HandleTypeDef *hdma);
 179:../../Drivers/STM32H7xx_HAL_Driver/Src/stm32h7xx_hal_dma.c **** static void DMA_CalcDMAMUXRequestGenBaseAndMask(DMA_HandleTypeDef *hdma);
 180:../../Drivers/STM32H7xx_HAL_Driver/Src/stm32h7xx_hal_dma.c **** 
 181:../../Drivers/STM32H7xx_HAL_Driver/Src/stm32h7xx_hal_dma.c **** /**
 182:../../Drivers/STM32H7xx_HAL_Driver/Src/stm32h7xx_hal_dma.c ****   * @}
 183:../../Drivers/STM32H7xx_HAL_Driver/Src/stm32h7xx_hal_dma.c ****   */
 184:../../Drivers/STM32H7xx_HAL_Driver/Src/stm32h7xx_hal_dma.c **** 
 185:../../Drivers/STM32H7xx_HAL_Driver/Src/stm32h7xx_hal_dma.c **** /* Exported functions ---------------------------------------------------------*/
 186:../../Drivers/STM32H7xx_HAL_Driver/Src/stm32h7xx_hal_dma.c **** /** @addtogroup DMA_Exported_Functions
 187:../../Drivers/STM32H7xx_HAL_Driver/Src/stm32h7xx_hal_dma.c ****   * @{
 188:../../Drivers/STM32H7xx_HAL_Driver/Src/stm32h7xx_hal_dma.c ****   */
 189:../../Drivers/STM32H7xx_HAL_Driver/Src/stm32h7xx_hal_dma.c **** 
 190:../../Drivers/STM32H7xx_HAL_Driver/Src/stm32h7xx_hal_dma.c **** /** @addtogroup DMA_Exported_Functions_Group1
 191:../../Drivers/STM32H7xx_HAL_Driver/Src/stm32h7xx_hal_dma.c ****   *
 192:../../Drivers/STM32H7xx_HAL_Driver/Src/stm32h7xx_hal_dma.c **** @verbatim
 193:../../Drivers/STM32H7xx_HAL_Driver/Src/stm32h7xx_hal_dma.c ****  ===============================================================================
 194:../../Drivers/STM32H7xx_HAL_Driver/Src/stm32h7xx_hal_dma.c ****              ##### Initialization and de-initialization functions  #####
 195:../../Drivers/STM32H7xx_HAL_Driver/Src/stm32h7xx_hal_dma.c ****  ===============================================================================
 196:../../Drivers/STM32H7xx_HAL_Driver/Src/stm32h7xx_hal_dma.c ****     [..]
 197:../../Drivers/STM32H7xx_HAL_Driver/Src/stm32h7xx_hal_dma.c ****     This section provides functions allowing to initialize the DMA Stream source
 198:../../Drivers/STM32H7xx_HAL_Driver/Src/stm32h7xx_hal_dma.c ****     and destination incrementation and data sizes, transfer direction,
 199:../../Drivers/STM32H7xx_HAL_Driver/Src/stm32h7xx_hal_dma.c ****     circular/normal mode selection, memory-to-memory mode selection and Stream priority value.
 200:../../Drivers/STM32H7xx_HAL_Driver/Src/stm32h7xx_hal_dma.c ****     [..]
 201:../../Drivers/STM32H7xx_HAL_Driver/Src/stm32h7xx_hal_dma.c ****     The HAL_DMA_Init() function follows the DMA configuration procedures as described in
 202:../../Drivers/STM32H7xx_HAL_Driver/Src/stm32h7xx_hal_dma.c ****     reference manual.
 203:../../Drivers/STM32H7xx_HAL_Driver/Src/stm32h7xx_hal_dma.c ****     The HAL_DMA_DeInit function allows to deinitialize the DMA stream.
ARM GAS  /var/folders/2r/mdtt8xvd351gdc398t28_m2m0000gn/T//ccdEwLBV.s 			page 5


 204:../../Drivers/STM32H7xx_HAL_Driver/Src/stm32h7xx_hal_dma.c **** 
 205:../../Drivers/STM32H7xx_HAL_Driver/Src/stm32h7xx_hal_dma.c **** @endverbatim
 206:../../Drivers/STM32H7xx_HAL_Driver/Src/stm32h7xx_hal_dma.c ****   * @{
 207:../../Drivers/STM32H7xx_HAL_Driver/Src/stm32h7xx_hal_dma.c ****   */
 208:../../Drivers/STM32H7xx_HAL_Driver/Src/stm32h7xx_hal_dma.c **** 
 209:../../Drivers/STM32H7xx_HAL_Driver/Src/stm32h7xx_hal_dma.c **** /**
 210:../../Drivers/STM32H7xx_HAL_Driver/Src/stm32h7xx_hal_dma.c ****   * @brief  Initialize the DMA according to the specified
 211:../../Drivers/STM32H7xx_HAL_Driver/Src/stm32h7xx_hal_dma.c ****   *         parameters in the DMA_InitTypeDef and create the associated handle.
 212:../../Drivers/STM32H7xx_HAL_Driver/Src/stm32h7xx_hal_dma.c ****   * @param  hdma: Pointer to a DMA_HandleTypeDef structure that contains
 213:../../Drivers/STM32H7xx_HAL_Driver/Src/stm32h7xx_hal_dma.c ****   *               the configuration information for the specified DMA Stream.
 214:../../Drivers/STM32H7xx_HAL_Driver/Src/stm32h7xx_hal_dma.c ****   * @retval HAL status
 215:../../Drivers/STM32H7xx_HAL_Driver/Src/stm32h7xx_hal_dma.c ****   */
 216:../../Drivers/STM32H7xx_HAL_Driver/Src/stm32h7xx_hal_dma.c **** HAL_StatusTypeDef HAL_DMA_Init(DMA_HandleTypeDef *hdma)
 217:../../Drivers/STM32H7xx_HAL_Driver/Src/stm32h7xx_hal_dma.c **** {
 218:../../Drivers/STM32H7xx_HAL_Driver/Src/stm32h7xx_hal_dma.c ****   uint32_t registerValue;
 219:../../Drivers/STM32H7xx_HAL_Driver/Src/stm32h7xx_hal_dma.c ****   uint32_t tickstart = HAL_GetTick();
 220:../../Drivers/STM32H7xx_HAL_Driver/Src/stm32h7xx_hal_dma.c ****   DMA_Base_Registers *regs_dma;
 221:../../Drivers/STM32H7xx_HAL_Driver/Src/stm32h7xx_hal_dma.c ****   BDMA_Base_Registers *regs_bdma;
 222:../../Drivers/STM32H7xx_HAL_Driver/Src/stm32h7xx_hal_dma.c **** 
 223:../../Drivers/STM32H7xx_HAL_Driver/Src/stm32h7xx_hal_dma.c ****   /* Check the DMA peripheral handle */
 224:../../Drivers/STM32H7xx_HAL_Driver/Src/stm32h7xx_hal_dma.c ****   if(hdma == NULL)
 225:../../Drivers/STM32H7xx_HAL_Driver/Src/stm32h7xx_hal_dma.c ****   {
 226:../../Drivers/STM32H7xx_HAL_Driver/Src/stm32h7xx_hal_dma.c ****     return HAL_ERROR;
 227:../../Drivers/STM32H7xx_HAL_Driver/Src/stm32h7xx_hal_dma.c ****   }
 228:../../Drivers/STM32H7xx_HAL_Driver/Src/stm32h7xx_hal_dma.c **** 
 229:../../Drivers/STM32H7xx_HAL_Driver/Src/stm32h7xx_hal_dma.c ****   /* Check the parameters */
 230:../../Drivers/STM32H7xx_HAL_Driver/Src/stm32h7xx_hal_dma.c ****   assert_param(IS_DMA_ALL_INSTANCE(hdma->Instance));
 231:../../Drivers/STM32H7xx_HAL_Driver/Src/stm32h7xx_hal_dma.c ****   assert_param(IS_DMA_DIRECTION(hdma->Init.Direction));
 232:../../Drivers/STM32H7xx_HAL_Driver/Src/stm32h7xx_hal_dma.c ****   assert_param(IS_DMA_PERIPHERAL_INC_STATE(hdma->Init.PeriphInc));
 233:../../Drivers/STM32H7xx_HAL_Driver/Src/stm32h7xx_hal_dma.c ****   assert_param(IS_DMA_MEMORY_INC_STATE(hdma->Init.MemInc));
 234:../../Drivers/STM32H7xx_HAL_Driver/Src/stm32h7xx_hal_dma.c ****   assert_param(IS_DMA_PERIPHERAL_DATA_SIZE(hdma->Init.PeriphDataAlignment));
 235:../../Drivers/STM32H7xx_HAL_Driver/Src/stm32h7xx_hal_dma.c ****   assert_param(IS_DMA_MEMORY_DATA_SIZE(hdma->Init.MemDataAlignment));
 236:../../Drivers/STM32H7xx_HAL_Driver/Src/stm32h7xx_hal_dma.c ****   assert_param(IS_DMA_MODE(hdma->Init.Mode));
 237:../../Drivers/STM32H7xx_HAL_Driver/Src/stm32h7xx_hal_dma.c ****   assert_param(IS_DMA_PRIORITY(hdma->Init.Priority));
 238:../../Drivers/STM32H7xx_HAL_Driver/Src/stm32h7xx_hal_dma.c **** 
 239:../../Drivers/STM32H7xx_HAL_Driver/Src/stm32h7xx_hal_dma.c ****   if(IS_DMA_STREAM_INSTANCE(hdma->Instance) != 0U) /* DMA1 or DMA2 instance */
 240:../../Drivers/STM32H7xx_HAL_Driver/Src/stm32h7xx_hal_dma.c ****   {
 241:../../Drivers/STM32H7xx_HAL_Driver/Src/stm32h7xx_hal_dma.c ****     assert_param(IS_DMA_REQUEST(hdma->Init.Request));
 242:../../Drivers/STM32H7xx_HAL_Driver/Src/stm32h7xx_hal_dma.c ****     assert_param(IS_DMA_FIFO_MODE_STATE(hdma->Init.FIFOMode));
 243:../../Drivers/STM32H7xx_HAL_Driver/Src/stm32h7xx_hal_dma.c ****     /* Check the memory burst, peripheral burst and FIFO threshold parameters only
 244:../../Drivers/STM32H7xx_HAL_Driver/Src/stm32h7xx_hal_dma.c ****        when FIFO mode is enabled */
 245:../../Drivers/STM32H7xx_HAL_Driver/Src/stm32h7xx_hal_dma.c ****     if(hdma->Init.FIFOMode != DMA_FIFOMODE_DISABLE)
 246:../../Drivers/STM32H7xx_HAL_Driver/Src/stm32h7xx_hal_dma.c ****     {
 247:../../Drivers/STM32H7xx_HAL_Driver/Src/stm32h7xx_hal_dma.c ****       assert_param(IS_DMA_FIFO_THRESHOLD(hdma->Init.FIFOThreshold));
 248:../../Drivers/STM32H7xx_HAL_Driver/Src/stm32h7xx_hal_dma.c ****       assert_param(IS_DMA_MEMORY_BURST(hdma->Init.MemBurst));
 249:../../Drivers/STM32H7xx_HAL_Driver/Src/stm32h7xx_hal_dma.c ****       assert_param(IS_DMA_PERIPHERAL_BURST(hdma->Init.PeriphBurst));
 250:../../Drivers/STM32H7xx_HAL_Driver/Src/stm32h7xx_hal_dma.c ****     }
 251:../../Drivers/STM32H7xx_HAL_Driver/Src/stm32h7xx_hal_dma.c **** 
 252:../../Drivers/STM32H7xx_HAL_Driver/Src/stm32h7xx_hal_dma.c ****     /* Change DMA peripheral state */
 253:../../Drivers/STM32H7xx_HAL_Driver/Src/stm32h7xx_hal_dma.c ****     hdma->State = HAL_DMA_STATE_BUSY;
 254:../../Drivers/STM32H7xx_HAL_Driver/Src/stm32h7xx_hal_dma.c **** 
 255:../../Drivers/STM32H7xx_HAL_Driver/Src/stm32h7xx_hal_dma.c ****     /* Allocate lock resource */
 256:../../Drivers/STM32H7xx_HAL_Driver/Src/stm32h7xx_hal_dma.c ****     __HAL_UNLOCK(hdma);
 257:../../Drivers/STM32H7xx_HAL_Driver/Src/stm32h7xx_hal_dma.c **** 
 258:../../Drivers/STM32H7xx_HAL_Driver/Src/stm32h7xx_hal_dma.c ****     /* Disable the peripheral */
 259:../../Drivers/STM32H7xx_HAL_Driver/Src/stm32h7xx_hal_dma.c ****     __HAL_DMA_DISABLE(hdma);
 260:../../Drivers/STM32H7xx_HAL_Driver/Src/stm32h7xx_hal_dma.c **** 
ARM GAS  /var/folders/2r/mdtt8xvd351gdc398t28_m2m0000gn/T//ccdEwLBV.s 			page 6


 261:../../Drivers/STM32H7xx_HAL_Driver/Src/stm32h7xx_hal_dma.c ****     /* Check if the DMA Stream is effectively disabled */
 262:../../Drivers/STM32H7xx_HAL_Driver/Src/stm32h7xx_hal_dma.c ****     while((((DMA_Stream_TypeDef   *)hdma->Instance)->CR & DMA_SxCR_EN) != 0U)
 263:../../Drivers/STM32H7xx_HAL_Driver/Src/stm32h7xx_hal_dma.c ****     {
 264:../../Drivers/STM32H7xx_HAL_Driver/Src/stm32h7xx_hal_dma.c ****       /* Check for the Timeout */
 265:../../Drivers/STM32H7xx_HAL_Driver/Src/stm32h7xx_hal_dma.c ****       if((HAL_GetTick() - tickstart ) > HAL_TIMEOUT_DMA_ABORT)
 266:../../Drivers/STM32H7xx_HAL_Driver/Src/stm32h7xx_hal_dma.c ****       {
 267:../../Drivers/STM32H7xx_HAL_Driver/Src/stm32h7xx_hal_dma.c ****         /* Update error code */
 268:../../Drivers/STM32H7xx_HAL_Driver/Src/stm32h7xx_hal_dma.c ****         hdma->ErrorCode = HAL_DMA_ERROR_TIMEOUT;
 269:../../Drivers/STM32H7xx_HAL_Driver/Src/stm32h7xx_hal_dma.c **** 
 270:../../Drivers/STM32H7xx_HAL_Driver/Src/stm32h7xx_hal_dma.c ****         /* Change the DMA state */
 271:../../Drivers/STM32H7xx_HAL_Driver/Src/stm32h7xx_hal_dma.c ****         hdma->State = HAL_DMA_STATE_ERROR;
 272:../../Drivers/STM32H7xx_HAL_Driver/Src/stm32h7xx_hal_dma.c **** 
 273:../../Drivers/STM32H7xx_HAL_Driver/Src/stm32h7xx_hal_dma.c ****         return HAL_ERROR;
 274:../../Drivers/STM32H7xx_HAL_Driver/Src/stm32h7xx_hal_dma.c ****       }
 275:../../Drivers/STM32H7xx_HAL_Driver/Src/stm32h7xx_hal_dma.c ****     }
 276:../../Drivers/STM32H7xx_HAL_Driver/Src/stm32h7xx_hal_dma.c **** 
 277:../../Drivers/STM32H7xx_HAL_Driver/Src/stm32h7xx_hal_dma.c ****     /* Get the CR register value */
 278:../../Drivers/STM32H7xx_HAL_Driver/Src/stm32h7xx_hal_dma.c ****     registerValue = ((DMA_Stream_TypeDef   *)hdma->Instance)->CR;
 279:../../Drivers/STM32H7xx_HAL_Driver/Src/stm32h7xx_hal_dma.c **** 
 280:../../Drivers/STM32H7xx_HAL_Driver/Src/stm32h7xx_hal_dma.c ****     /* Clear CHSEL, MBURST, PBURST, PL, MSIZE, PSIZE, MINC, PINC, CIRC, DIR, CT and DBM bits */
 281:../../Drivers/STM32H7xx_HAL_Driver/Src/stm32h7xx_hal_dma.c ****     registerValue &= ((uint32_t)~(DMA_SxCR_MBURST | DMA_SxCR_PBURST | \
 282:../../Drivers/STM32H7xx_HAL_Driver/Src/stm32h7xx_hal_dma.c ****                         DMA_SxCR_PL    | DMA_SxCR_MSIZE  | DMA_SxCR_PSIZE  | \
 283:../../Drivers/STM32H7xx_HAL_Driver/Src/stm32h7xx_hal_dma.c ****                         DMA_SxCR_MINC  | DMA_SxCR_PINC   | DMA_SxCR_CIRC   | \
 284:../../Drivers/STM32H7xx_HAL_Driver/Src/stm32h7xx_hal_dma.c ****                         DMA_SxCR_DIR   | DMA_SxCR_CT     | DMA_SxCR_DBM));
 285:../../Drivers/STM32H7xx_HAL_Driver/Src/stm32h7xx_hal_dma.c **** 
 286:../../Drivers/STM32H7xx_HAL_Driver/Src/stm32h7xx_hal_dma.c ****     /* Prepare the DMA Stream configuration */
 287:../../Drivers/STM32H7xx_HAL_Driver/Src/stm32h7xx_hal_dma.c ****     registerValue |=  hdma->Init.Direction           |
 288:../../Drivers/STM32H7xx_HAL_Driver/Src/stm32h7xx_hal_dma.c ****             hdma->Init.PeriphInc           | hdma->Init.MemInc           |
 289:../../Drivers/STM32H7xx_HAL_Driver/Src/stm32h7xx_hal_dma.c ****             hdma->Init.PeriphDataAlignment | hdma->Init.MemDataAlignment |
 290:../../Drivers/STM32H7xx_HAL_Driver/Src/stm32h7xx_hal_dma.c ****             hdma->Init.Mode                | hdma->Init.Priority;
 291:../../Drivers/STM32H7xx_HAL_Driver/Src/stm32h7xx_hal_dma.c **** 
 292:../../Drivers/STM32H7xx_HAL_Driver/Src/stm32h7xx_hal_dma.c ****     /* the Memory burst and peripheral burst are not used when the FIFO is disabled */
 293:../../Drivers/STM32H7xx_HAL_Driver/Src/stm32h7xx_hal_dma.c ****     if(hdma->Init.FIFOMode == DMA_FIFOMODE_ENABLE)
 294:../../Drivers/STM32H7xx_HAL_Driver/Src/stm32h7xx_hal_dma.c ****     {
 295:../../Drivers/STM32H7xx_HAL_Driver/Src/stm32h7xx_hal_dma.c ****       /* Get memory burst and peripheral burst */
 296:../../Drivers/STM32H7xx_HAL_Driver/Src/stm32h7xx_hal_dma.c ****       registerValue |=  hdma->Init.MemBurst | hdma->Init.PeriphBurst;
 297:../../Drivers/STM32H7xx_HAL_Driver/Src/stm32h7xx_hal_dma.c ****     }
 298:../../Drivers/STM32H7xx_HAL_Driver/Src/stm32h7xx_hal_dma.c **** 
 299:../../Drivers/STM32H7xx_HAL_Driver/Src/stm32h7xx_hal_dma.c ****     /* Work around for Errata 2.22: UART/USART- DMA transfer lock: DMA stream could be
 300:../../Drivers/STM32H7xx_HAL_Driver/Src/stm32h7xx_hal_dma.c ****                                     lock when transferring data to/from USART/UART */
 301:../../Drivers/STM32H7xx_HAL_Driver/Src/stm32h7xx_hal_dma.c **** #if (STM32H7_DEV_ID == 0x450UL)
 302:../../Drivers/STM32H7xx_HAL_Driver/Src/stm32h7xx_hal_dma.c ****     if((DBGMCU->IDCODE & 0xFFFF0000U) >= 0x20000000U)
 303:../../Drivers/STM32H7xx_HAL_Driver/Src/stm32h7xx_hal_dma.c ****     {
 304:../../Drivers/STM32H7xx_HAL_Driver/Src/stm32h7xx_hal_dma.c **** #endif /* STM32H7_DEV_ID == 0x450UL */
 305:../../Drivers/STM32H7xx_HAL_Driver/Src/stm32h7xx_hal_dma.c ****       if(IS_DMA_UART_USART_REQUEST(hdma->Init.Request) != 0U)
 306:../../Drivers/STM32H7xx_HAL_Driver/Src/stm32h7xx_hal_dma.c ****       {
 307:../../Drivers/STM32H7xx_HAL_Driver/Src/stm32h7xx_hal_dma.c ****         registerValue |= DMA_SxCR_TRBUFF;
 308:../../Drivers/STM32H7xx_HAL_Driver/Src/stm32h7xx_hal_dma.c ****       }
 309:../../Drivers/STM32H7xx_HAL_Driver/Src/stm32h7xx_hal_dma.c **** #if (STM32H7_DEV_ID == 0x450UL)
 310:../../Drivers/STM32H7xx_HAL_Driver/Src/stm32h7xx_hal_dma.c ****     }
 311:../../Drivers/STM32H7xx_HAL_Driver/Src/stm32h7xx_hal_dma.c **** #endif /* STM32H7_DEV_ID == 0x450UL */
 312:../../Drivers/STM32H7xx_HAL_Driver/Src/stm32h7xx_hal_dma.c **** 
 313:../../Drivers/STM32H7xx_HAL_Driver/Src/stm32h7xx_hal_dma.c ****     /* Write to DMA Stream CR register */
 314:../../Drivers/STM32H7xx_HAL_Driver/Src/stm32h7xx_hal_dma.c ****     ((DMA_Stream_TypeDef   *)hdma->Instance)->CR = registerValue;
 315:../../Drivers/STM32H7xx_HAL_Driver/Src/stm32h7xx_hal_dma.c **** 
 316:../../Drivers/STM32H7xx_HAL_Driver/Src/stm32h7xx_hal_dma.c ****     /* Get the FCR register value */
 317:../../Drivers/STM32H7xx_HAL_Driver/Src/stm32h7xx_hal_dma.c ****     registerValue = ((DMA_Stream_TypeDef   *)hdma->Instance)->FCR;
ARM GAS  /var/folders/2r/mdtt8xvd351gdc398t28_m2m0000gn/T//ccdEwLBV.s 			page 7


 318:../../Drivers/STM32H7xx_HAL_Driver/Src/stm32h7xx_hal_dma.c **** 
 319:../../Drivers/STM32H7xx_HAL_Driver/Src/stm32h7xx_hal_dma.c ****     /* Clear Direct mode and FIFO threshold bits */
 320:../../Drivers/STM32H7xx_HAL_Driver/Src/stm32h7xx_hal_dma.c ****     registerValue &= (uint32_t)~(DMA_SxFCR_DMDIS | DMA_SxFCR_FTH);
 321:../../Drivers/STM32H7xx_HAL_Driver/Src/stm32h7xx_hal_dma.c **** 
 322:../../Drivers/STM32H7xx_HAL_Driver/Src/stm32h7xx_hal_dma.c ****     /* Prepare the DMA Stream FIFO configuration */
 323:../../Drivers/STM32H7xx_HAL_Driver/Src/stm32h7xx_hal_dma.c ****     registerValue |= hdma->Init.FIFOMode;
 324:../../Drivers/STM32H7xx_HAL_Driver/Src/stm32h7xx_hal_dma.c **** 
 325:../../Drivers/STM32H7xx_HAL_Driver/Src/stm32h7xx_hal_dma.c ****     /* the FIFO threshold is not used when the FIFO mode is disabled */
 326:../../Drivers/STM32H7xx_HAL_Driver/Src/stm32h7xx_hal_dma.c ****     if(hdma->Init.FIFOMode == DMA_FIFOMODE_ENABLE)
 327:../../Drivers/STM32H7xx_HAL_Driver/Src/stm32h7xx_hal_dma.c ****     {
 328:../../Drivers/STM32H7xx_HAL_Driver/Src/stm32h7xx_hal_dma.c ****       /* Get the FIFO threshold */
 329:../../Drivers/STM32H7xx_HAL_Driver/Src/stm32h7xx_hal_dma.c ****       registerValue |= hdma->Init.FIFOThreshold;
 330:../../Drivers/STM32H7xx_HAL_Driver/Src/stm32h7xx_hal_dma.c **** 
 331:../../Drivers/STM32H7xx_HAL_Driver/Src/stm32h7xx_hal_dma.c ****       /* Check compatibility between FIFO threshold level and size of the memory burst */
 332:../../Drivers/STM32H7xx_HAL_Driver/Src/stm32h7xx_hal_dma.c ****       /* for INCR4, INCR8, INCR16 */
 333:../../Drivers/STM32H7xx_HAL_Driver/Src/stm32h7xx_hal_dma.c ****       if(hdma->Init.MemBurst != DMA_MBURST_SINGLE)
 334:../../Drivers/STM32H7xx_HAL_Driver/Src/stm32h7xx_hal_dma.c ****       {
 335:../../Drivers/STM32H7xx_HAL_Driver/Src/stm32h7xx_hal_dma.c ****         if (DMA_CheckFifoParam(hdma) != HAL_OK)
 336:../../Drivers/STM32H7xx_HAL_Driver/Src/stm32h7xx_hal_dma.c ****         {
 337:../../Drivers/STM32H7xx_HAL_Driver/Src/stm32h7xx_hal_dma.c ****           /* Update error code */
 338:../../Drivers/STM32H7xx_HAL_Driver/Src/stm32h7xx_hal_dma.c ****           hdma->ErrorCode = HAL_DMA_ERROR_PARAM;
 339:../../Drivers/STM32H7xx_HAL_Driver/Src/stm32h7xx_hal_dma.c **** 
 340:../../Drivers/STM32H7xx_HAL_Driver/Src/stm32h7xx_hal_dma.c ****           /* Change the DMA state */
 341:../../Drivers/STM32H7xx_HAL_Driver/Src/stm32h7xx_hal_dma.c ****           hdma->State = HAL_DMA_STATE_READY;
 342:../../Drivers/STM32H7xx_HAL_Driver/Src/stm32h7xx_hal_dma.c **** 
 343:../../Drivers/STM32H7xx_HAL_Driver/Src/stm32h7xx_hal_dma.c ****           return HAL_ERROR;
 344:../../Drivers/STM32H7xx_HAL_Driver/Src/stm32h7xx_hal_dma.c ****         }
 345:../../Drivers/STM32H7xx_HAL_Driver/Src/stm32h7xx_hal_dma.c ****       }
 346:../../Drivers/STM32H7xx_HAL_Driver/Src/stm32h7xx_hal_dma.c ****     }
 347:../../Drivers/STM32H7xx_HAL_Driver/Src/stm32h7xx_hal_dma.c **** 
 348:../../Drivers/STM32H7xx_HAL_Driver/Src/stm32h7xx_hal_dma.c ****     /* Write to DMA Stream FCR */
 349:../../Drivers/STM32H7xx_HAL_Driver/Src/stm32h7xx_hal_dma.c ****     ((DMA_Stream_TypeDef   *)hdma->Instance)->FCR = registerValue;
 350:../../Drivers/STM32H7xx_HAL_Driver/Src/stm32h7xx_hal_dma.c **** 
 351:../../Drivers/STM32H7xx_HAL_Driver/Src/stm32h7xx_hal_dma.c ****     /* Initialize StreamBaseAddress and StreamIndex parameters to be used to calculate
 352:../../Drivers/STM32H7xx_HAL_Driver/Src/stm32h7xx_hal_dma.c ****        DMA steam Base Address needed by HAL_DMA_IRQHandler() and HAL_DMA_PollForTransfer() */
 353:../../Drivers/STM32H7xx_HAL_Driver/Src/stm32h7xx_hal_dma.c ****     regs_dma = (DMA_Base_Registers *)DMA_CalcBaseAndBitshift(hdma);
 354:../../Drivers/STM32H7xx_HAL_Driver/Src/stm32h7xx_hal_dma.c **** 
 355:../../Drivers/STM32H7xx_HAL_Driver/Src/stm32h7xx_hal_dma.c ****     /* Clear all interrupt flags */
 356:../../Drivers/STM32H7xx_HAL_Driver/Src/stm32h7xx_hal_dma.c ****     regs_dma->IFCR = 0x3FUL << (hdma->StreamIndex & 0x1FU);
 357:../../Drivers/STM32H7xx_HAL_Driver/Src/stm32h7xx_hal_dma.c ****   }
 358:../../Drivers/STM32H7xx_HAL_Driver/Src/stm32h7xx_hal_dma.c ****   else if(IS_BDMA_CHANNEL_INSTANCE(hdma->Instance) != 0U) /* BDMA instance(s) */
 359:../../Drivers/STM32H7xx_HAL_Driver/Src/stm32h7xx_hal_dma.c ****   {
 360:../../Drivers/STM32H7xx_HAL_Driver/Src/stm32h7xx_hal_dma.c ****     if(IS_BDMA_CHANNEL_DMAMUX_INSTANCE(hdma->Instance) != 0U)
 361:../../Drivers/STM32H7xx_HAL_Driver/Src/stm32h7xx_hal_dma.c ****     {
 362:../../Drivers/STM32H7xx_HAL_Driver/Src/stm32h7xx_hal_dma.c ****       /* Check the request parameter */
 363:../../Drivers/STM32H7xx_HAL_Driver/Src/stm32h7xx_hal_dma.c ****       assert_param(IS_BDMA_REQUEST(hdma->Init.Request));
 364:../../Drivers/STM32H7xx_HAL_Driver/Src/stm32h7xx_hal_dma.c ****     }
 365:../../Drivers/STM32H7xx_HAL_Driver/Src/stm32h7xx_hal_dma.c **** 
 366:../../Drivers/STM32H7xx_HAL_Driver/Src/stm32h7xx_hal_dma.c ****     /* Change DMA peripheral state */
 367:../../Drivers/STM32H7xx_HAL_Driver/Src/stm32h7xx_hal_dma.c ****     hdma->State = HAL_DMA_STATE_BUSY;
 368:../../Drivers/STM32H7xx_HAL_Driver/Src/stm32h7xx_hal_dma.c **** 
 369:../../Drivers/STM32H7xx_HAL_Driver/Src/stm32h7xx_hal_dma.c ****     /* Allocate lock resource */
 370:../../Drivers/STM32H7xx_HAL_Driver/Src/stm32h7xx_hal_dma.c ****     __HAL_UNLOCK(hdma);
 371:../../Drivers/STM32H7xx_HAL_Driver/Src/stm32h7xx_hal_dma.c **** 
 372:../../Drivers/STM32H7xx_HAL_Driver/Src/stm32h7xx_hal_dma.c ****     /* Get the CR register value */
 373:../../Drivers/STM32H7xx_HAL_Driver/Src/stm32h7xx_hal_dma.c ****     registerValue = ((BDMA_Channel_TypeDef *)hdma->Instance)->CCR;
 374:../../Drivers/STM32H7xx_HAL_Driver/Src/stm32h7xx_hal_dma.c **** 
ARM GAS  /var/folders/2r/mdtt8xvd351gdc398t28_m2m0000gn/T//ccdEwLBV.s 			page 8


 375:../../Drivers/STM32H7xx_HAL_Driver/Src/stm32h7xx_hal_dma.c ****     /* Clear PL, MSIZE, PSIZE, MINC, PINC, CIRC, DIR, MEM2MEM, DBM and CT bits */
 376:../../Drivers/STM32H7xx_HAL_Driver/Src/stm32h7xx_hal_dma.c ****     registerValue &= ((uint32_t)~(BDMA_CCR_PL    | BDMA_CCR_MSIZE   | BDMA_CCR_PSIZE  | \
 377:../../Drivers/STM32H7xx_HAL_Driver/Src/stm32h7xx_hal_dma.c ****                                   BDMA_CCR_MINC  | BDMA_CCR_PINC    | BDMA_CCR_CIRC   | \
 378:../../Drivers/STM32H7xx_HAL_Driver/Src/stm32h7xx_hal_dma.c ****                                   BDMA_CCR_DIR   | BDMA_CCR_MEM2MEM | BDMA_CCR_DBM    | \
 379:../../Drivers/STM32H7xx_HAL_Driver/Src/stm32h7xx_hal_dma.c ****                                   BDMA_CCR_CT));
 380:../../Drivers/STM32H7xx_HAL_Driver/Src/stm32h7xx_hal_dma.c **** 
 381:../../Drivers/STM32H7xx_HAL_Driver/Src/stm32h7xx_hal_dma.c ****     /* Prepare the DMA Channel configuration */
 382:../../Drivers/STM32H7xx_HAL_Driver/Src/stm32h7xx_hal_dma.c ****     registerValue |=  DMA_TO_BDMA_DIRECTION(hdma->Init.Direction)            |
 383:../../Drivers/STM32H7xx_HAL_Driver/Src/stm32h7xx_hal_dma.c ****                       DMA_TO_BDMA_PERIPHERAL_INC(hdma->Init.PeriphInc)       |
 384:../../Drivers/STM32H7xx_HAL_Driver/Src/stm32h7xx_hal_dma.c ****                       DMA_TO_BDMA_MEMORY_INC(hdma->Init.MemInc)              |
 385:../../Drivers/STM32H7xx_HAL_Driver/Src/stm32h7xx_hal_dma.c ****                       DMA_TO_BDMA_PDATA_SIZE(hdma->Init.PeriphDataAlignment) |
 386:../../Drivers/STM32H7xx_HAL_Driver/Src/stm32h7xx_hal_dma.c ****                       DMA_TO_BDMA_MDATA_SIZE(hdma->Init.MemDataAlignment)    |
 387:../../Drivers/STM32H7xx_HAL_Driver/Src/stm32h7xx_hal_dma.c ****                       DMA_TO_BDMA_MODE(hdma->Init.Mode)                      |
 388:../../Drivers/STM32H7xx_HAL_Driver/Src/stm32h7xx_hal_dma.c ****                       DMA_TO_BDMA_PRIORITY(hdma->Init.Priority);
 389:../../Drivers/STM32H7xx_HAL_Driver/Src/stm32h7xx_hal_dma.c **** 
 390:../../Drivers/STM32H7xx_HAL_Driver/Src/stm32h7xx_hal_dma.c ****     /* Write to DMA Channel CR register */
 391:../../Drivers/STM32H7xx_HAL_Driver/Src/stm32h7xx_hal_dma.c ****     ((BDMA_Channel_TypeDef *)hdma->Instance)->CCR = registerValue;
 392:../../Drivers/STM32H7xx_HAL_Driver/Src/stm32h7xx_hal_dma.c **** 
 393:../../Drivers/STM32H7xx_HAL_Driver/Src/stm32h7xx_hal_dma.c ****     /* calculation of the channel index */
 394:../../Drivers/STM32H7xx_HAL_Driver/Src/stm32h7xx_hal_dma.c ****     hdma->StreamIndex = (((uint32_t)((uint32_t*)hdma->Instance) - (uint32_t)BDMA_Channel0) / ((uint
 395:../../Drivers/STM32H7xx_HAL_Driver/Src/stm32h7xx_hal_dma.c **** 
 396:../../Drivers/STM32H7xx_HAL_Driver/Src/stm32h7xx_hal_dma.c ****     /* Initialize StreamBaseAddress and StreamIndex parameters to be used to calculate
 397:../../Drivers/STM32H7xx_HAL_Driver/Src/stm32h7xx_hal_dma.c ****     DMA steam Base Address needed by HAL_DMA_IRQHandler() and HAL_DMA_PollForTransfer() */
 398:../../Drivers/STM32H7xx_HAL_Driver/Src/stm32h7xx_hal_dma.c ****     regs_bdma = (BDMA_Base_Registers *)DMA_CalcBaseAndBitshift(hdma);
 399:../../Drivers/STM32H7xx_HAL_Driver/Src/stm32h7xx_hal_dma.c **** 
 400:../../Drivers/STM32H7xx_HAL_Driver/Src/stm32h7xx_hal_dma.c ****     /* Clear all interrupt flags */
 401:../../Drivers/STM32H7xx_HAL_Driver/Src/stm32h7xx_hal_dma.c ****     regs_bdma->IFCR = ((BDMA_IFCR_CGIF0) << (hdma->StreamIndex & 0x1FU));
 402:../../Drivers/STM32H7xx_HAL_Driver/Src/stm32h7xx_hal_dma.c ****   }
 403:../../Drivers/STM32H7xx_HAL_Driver/Src/stm32h7xx_hal_dma.c ****   else
 404:../../Drivers/STM32H7xx_HAL_Driver/Src/stm32h7xx_hal_dma.c ****   {
 405:../../Drivers/STM32H7xx_HAL_Driver/Src/stm32h7xx_hal_dma.c ****     hdma->ErrorCode = HAL_DMA_ERROR_PARAM;
 406:../../Drivers/STM32H7xx_HAL_Driver/Src/stm32h7xx_hal_dma.c ****     hdma->State     = HAL_DMA_STATE_ERROR;
 407:../../Drivers/STM32H7xx_HAL_Driver/Src/stm32h7xx_hal_dma.c **** 
 408:../../Drivers/STM32H7xx_HAL_Driver/Src/stm32h7xx_hal_dma.c ****     return HAL_ERROR;
 409:../../Drivers/STM32H7xx_HAL_Driver/Src/stm32h7xx_hal_dma.c ****   }
 410:../../Drivers/STM32H7xx_HAL_Driver/Src/stm32h7xx_hal_dma.c **** 
 411:../../Drivers/STM32H7xx_HAL_Driver/Src/stm32h7xx_hal_dma.c ****   if(IS_DMA_DMAMUX_ALL_INSTANCE(hdma->Instance) != 0U) /* No DMAMUX available for BDMA1 */
 412:../../Drivers/STM32H7xx_HAL_Driver/Src/stm32h7xx_hal_dma.c ****   {
 413:../../Drivers/STM32H7xx_HAL_Driver/Src/stm32h7xx_hal_dma.c ****     /* Initialize parameters for DMAMUX channel :
 414:../../Drivers/STM32H7xx_HAL_Driver/Src/stm32h7xx_hal_dma.c ****     DMAmuxChannel, DMAmuxChannelStatus and DMAmuxChannelStatusMask
 415:../../Drivers/STM32H7xx_HAL_Driver/Src/stm32h7xx_hal_dma.c ****     */
 416:../../Drivers/STM32H7xx_HAL_Driver/Src/stm32h7xx_hal_dma.c ****     DMA_CalcDMAMUXChannelBaseAndMask(hdma);
 417:../../Drivers/STM32H7xx_HAL_Driver/Src/stm32h7xx_hal_dma.c **** 
 418:../../Drivers/STM32H7xx_HAL_Driver/Src/stm32h7xx_hal_dma.c ****     if(hdma->Init.Direction == DMA_MEMORY_TO_MEMORY)
 419:../../Drivers/STM32H7xx_HAL_Driver/Src/stm32h7xx_hal_dma.c ****     {
 420:../../Drivers/STM32H7xx_HAL_Driver/Src/stm32h7xx_hal_dma.c ****       /* if memory to memory force the request to 0*/
 421:../../Drivers/STM32H7xx_HAL_Driver/Src/stm32h7xx_hal_dma.c ****       hdma->Init.Request = DMA_REQUEST_MEM2MEM;
 422:../../Drivers/STM32H7xx_HAL_Driver/Src/stm32h7xx_hal_dma.c ****     }
 423:../../Drivers/STM32H7xx_HAL_Driver/Src/stm32h7xx_hal_dma.c **** 
 424:../../Drivers/STM32H7xx_HAL_Driver/Src/stm32h7xx_hal_dma.c ****     /* Set peripheral request  to DMAMUX channel */
 425:../../Drivers/STM32H7xx_HAL_Driver/Src/stm32h7xx_hal_dma.c ****     hdma->DMAmuxChannel->CCR = (hdma->Init.Request & DMAMUX_CxCR_DMAREQ_ID);
 426:../../Drivers/STM32H7xx_HAL_Driver/Src/stm32h7xx_hal_dma.c **** 
 427:../../Drivers/STM32H7xx_HAL_Driver/Src/stm32h7xx_hal_dma.c ****     /* Clear the DMAMUX synchro overrun flag */
 428:../../Drivers/STM32H7xx_HAL_Driver/Src/stm32h7xx_hal_dma.c ****     hdma->DMAmuxChannelStatus->CFR = hdma->DMAmuxChannelStatusMask;
 429:../../Drivers/STM32H7xx_HAL_Driver/Src/stm32h7xx_hal_dma.c **** 
 430:../../Drivers/STM32H7xx_HAL_Driver/Src/stm32h7xx_hal_dma.c ****     /* Initialize parameters for DMAMUX request generator :
 431:../../Drivers/STM32H7xx_HAL_Driver/Src/stm32h7xx_hal_dma.c ****     if the DMA request is DMA_REQUEST_GENERATOR0 to DMA_REQUEST_GENERATOR7
ARM GAS  /var/folders/2r/mdtt8xvd351gdc398t28_m2m0000gn/T//ccdEwLBV.s 			page 9


 432:../../Drivers/STM32H7xx_HAL_Driver/Src/stm32h7xx_hal_dma.c ****     */
 433:../../Drivers/STM32H7xx_HAL_Driver/Src/stm32h7xx_hal_dma.c ****     if((hdma->Init.Request >= DMA_REQUEST_GENERATOR0) && (hdma->Init.Request <= DMA_REQUEST_GENERAT
 434:../../Drivers/STM32H7xx_HAL_Driver/Src/stm32h7xx_hal_dma.c ****     {
 435:../../Drivers/STM32H7xx_HAL_Driver/Src/stm32h7xx_hal_dma.c ****       /* Initialize parameters for DMAMUX request generator :
 436:../../Drivers/STM32H7xx_HAL_Driver/Src/stm32h7xx_hal_dma.c ****       DMAmuxRequestGen, DMAmuxRequestGenStatus and DMAmuxRequestGenStatusMask */
 437:../../Drivers/STM32H7xx_HAL_Driver/Src/stm32h7xx_hal_dma.c ****       DMA_CalcDMAMUXRequestGenBaseAndMask(hdma);
 438:../../Drivers/STM32H7xx_HAL_Driver/Src/stm32h7xx_hal_dma.c **** 
 439:../../Drivers/STM32H7xx_HAL_Driver/Src/stm32h7xx_hal_dma.c ****       /* Reset the DMAMUX request generator register */
 440:../../Drivers/STM32H7xx_HAL_Driver/Src/stm32h7xx_hal_dma.c ****       hdma->DMAmuxRequestGen->RGCR = 0U;
 441:../../Drivers/STM32H7xx_HAL_Driver/Src/stm32h7xx_hal_dma.c **** 
 442:../../Drivers/STM32H7xx_HAL_Driver/Src/stm32h7xx_hal_dma.c ****       /* Clear the DMAMUX request generator overrun flag */
 443:../../Drivers/STM32H7xx_HAL_Driver/Src/stm32h7xx_hal_dma.c ****       hdma->DMAmuxRequestGenStatus->RGCFR = hdma->DMAmuxRequestGenStatusMask;
 444:../../Drivers/STM32H7xx_HAL_Driver/Src/stm32h7xx_hal_dma.c ****     }
 445:../../Drivers/STM32H7xx_HAL_Driver/Src/stm32h7xx_hal_dma.c ****     else
 446:../../Drivers/STM32H7xx_HAL_Driver/Src/stm32h7xx_hal_dma.c ****     {
 447:../../Drivers/STM32H7xx_HAL_Driver/Src/stm32h7xx_hal_dma.c ****       hdma->DMAmuxRequestGen = 0U;
 448:../../Drivers/STM32H7xx_HAL_Driver/Src/stm32h7xx_hal_dma.c ****       hdma->DMAmuxRequestGenStatus = 0U;
 449:../../Drivers/STM32H7xx_HAL_Driver/Src/stm32h7xx_hal_dma.c ****       hdma->DMAmuxRequestGenStatusMask = 0U;
 450:../../Drivers/STM32H7xx_HAL_Driver/Src/stm32h7xx_hal_dma.c ****     }
 451:../../Drivers/STM32H7xx_HAL_Driver/Src/stm32h7xx_hal_dma.c ****   }
 452:../../Drivers/STM32H7xx_HAL_Driver/Src/stm32h7xx_hal_dma.c **** 
 453:../../Drivers/STM32H7xx_HAL_Driver/Src/stm32h7xx_hal_dma.c ****   /* Initialize the error code */
 454:../../Drivers/STM32H7xx_HAL_Driver/Src/stm32h7xx_hal_dma.c ****   hdma->ErrorCode = HAL_DMA_ERROR_NONE;
 455:../../Drivers/STM32H7xx_HAL_Driver/Src/stm32h7xx_hal_dma.c **** 
 456:../../Drivers/STM32H7xx_HAL_Driver/Src/stm32h7xx_hal_dma.c ****   /* Initialize the DMA state */
 457:../../Drivers/STM32H7xx_HAL_Driver/Src/stm32h7xx_hal_dma.c ****   hdma->State = HAL_DMA_STATE_READY;
 458:../../Drivers/STM32H7xx_HAL_Driver/Src/stm32h7xx_hal_dma.c **** 
 459:../../Drivers/STM32H7xx_HAL_Driver/Src/stm32h7xx_hal_dma.c ****   return HAL_OK;
 460:../../Drivers/STM32H7xx_HAL_Driver/Src/stm32h7xx_hal_dma.c **** }
 461:../../Drivers/STM32H7xx_HAL_Driver/Src/stm32h7xx_hal_dma.c **** 
 462:../../Drivers/STM32H7xx_HAL_Driver/Src/stm32h7xx_hal_dma.c **** /**
 463:../../Drivers/STM32H7xx_HAL_Driver/Src/stm32h7xx_hal_dma.c ****   * @brief  DeInitializes the DMA peripheral
 464:../../Drivers/STM32H7xx_HAL_Driver/Src/stm32h7xx_hal_dma.c ****   * @param  hdma: pointer to a DMA_HandleTypeDef structure that contains
 465:../../Drivers/STM32H7xx_HAL_Driver/Src/stm32h7xx_hal_dma.c ****   *               the configuration information for the specified DMA Stream.
 466:../../Drivers/STM32H7xx_HAL_Driver/Src/stm32h7xx_hal_dma.c ****   * @retval HAL status
 467:../../Drivers/STM32H7xx_HAL_Driver/Src/stm32h7xx_hal_dma.c ****   */
 468:../../Drivers/STM32H7xx_HAL_Driver/Src/stm32h7xx_hal_dma.c **** HAL_StatusTypeDef HAL_DMA_DeInit(DMA_HandleTypeDef *hdma)
 469:../../Drivers/STM32H7xx_HAL_Driver/Src/stm32h7xx_hal_dma.c **** {
 470:../../Drivers/STM32H7xx_HAL_Driver/Src/stm32h7xx_hal_dma.c ****   DMA_Base_Registers *regs_dma;
 471:../../Drivers/STM32H7xx_HAL_Driver/Src/stm32h7xx_hal_dma.c ****   BDMA_Base_Registers *regs_bdma;
 472:../../Drivers/STM32H7xx_HAL_Driver/Src/stm32h7xx_hal_dma.c **** 
 473:../../Drivers/STM32H7xx_HAL_Driver/Src/stm32h7xx_hal_dma.c ****   /* Check the DMA peripheral handle */
 474:../../Drivers/STM32H7xx_HAL_Driver/Src/stm32h7xx_hal_dma.c ****   if(hdma == NULL)
 475:../../Drivers/STM32H7xx_HAL_Driver/Src/stm32h7xx_hal_dma.c ****   {
 476:../../Drivers/STM32H7xx_HAL_Driver/Src/stm32h7xx_hal_dma.c ****     return HAL_ERROR;
 477:../../Drivers/STM32H7xx_HAL_Driver/Src/stm32h7xx_hal_dma.c ****   }
 478:../../Drivers/STM32H7xx_HAL_Driver/Src/stm32h7xx_hal_dma.c **** 
 479:../../Drivers/STM32H7xx_HAL_Driver/Src/stm32h7xx_hal_dma.c ****   /* Disable the selected DMA Streamx */
 480:../../Drivers/STM32H7xx_HAL_Driver/Src/stm32h7xx_hal_dma.c ****   __HAL_DMA_DISABLE(hdma);
 481:../../Drivers/STM32H7xx_HAL_Driver/Src/stm32h7xx_hal_dma.c **** 
 482:../../Drivers/STM32H7xx_HAL_Driver/Src/stm32h7xx_hal_dma.c ****   if(IS_DMA_STREAM_INSTANCE(hdma->Instance) != 0U) /* DMA1 or DMA2 instance */
 483:../../Drivers/STM32H7xx_HAL_Driver/Src/stm32h7xx_hal_dma.c ****   {
 484:../../Drivers/STM32H7xx_HAL_Driver/Src/stm32h7xx_hal_dma.c ****     /* Reset DMA Streamx control register */
 485:../../Drivers/STM32H7xx_HAL_Driver/Src/stm32h7xx_hal_dma.c ****     ((DMA_Stream_TypeDef   *)hdma->Instance)->CR   = 0U;
 486:../../Drivers/STM32H7xx_HAL_Driver/Src/stm32h7xx_hal_dma.c **** 
 487:../../Drivers/STM32H7xx_HAL_Driver/Src/stm32h7xx_hal_dma.c ****     /* Reset DMA Streamx number of data to transfer register */
 488:../../Drivers/STM32H7xx_HAL_Driver/Src/stm32h7xx_hal_dma.c ****     ((DMA_Stream_TypeDef   *)hdma->Instance)->NDTR = 0U;
ARM GAS  /var/folders/2r/mdtt8xvd351gdc398t28_m2m0000gn/T//ccdEwLBV.s 			page 10


 489:../../Drivers/STM32H7xx_HAL_Driver/Src/stm32h7xx_hal_dma.c **** 
 490:../../Drivers/STM32H7xx_HAL_Driver/Src/stm32h7xx_hal_dma.c ****     /* Reset DMA Streamx peripheral address register */
 491:../../Drivers/STM32H7xx_HAL_Driver/Src/stm32h7xx_hal_dma.c ****     ((DMA_Stream_TypeDef   *)hdma->Instance)->PAR  = 0U;
 492:../../Drivers/STM32H7xx_HAL_Driver/Src/stm32h7xx_hal_dma.c **** 
 493:../../Drivers/STM32H7xx_HAL_Driver/Src/stm32h7xx_hal_dma.c ****     /* Reset DMA Streamx memory 0 address register */
 494:../../Drivers/STM32H7xx_HAL_Driver/Src/stm32h7xx_hal_dma.c ****     ((DMA_Stream_TypeDef   *)hdma->Instance)->M0AR = 0U;
 495:../../Drivers/STM32H7xx_HAL_Driver/Src/stm32h7xx_hal_dma.c **** 
 496:../../Drivers/STM32H7xx_HAL_Driver/Src/stm32h7xx_hal_dma.c ****     /* Reset DMA Streamx memory 1 address register */
 497:../../Drivers/STM32H7xx_HAL_Driver/Src/stm32h7xx_hal_dma.c ****     ((DMA_Stream_TypeDef   *)hdma->Instance)->M1AR = 0U;
 498:../../Drivers/STM32H7xx_HAL_Driver/Src/stm32h7xx_hal_dma.c **** 
 499:../../Drivers/STM32H7xx_HAL_Driver/Src/stm32h7xx_hal_dma.c ****     /* Reset DMA Streamx FIFO control register */
 500:../../Drivers/STM32H7xx_HAL_Driver/Src/stm32h7xx_hal_dma.c ****     ((DMA_Stream_TypeDef   *)hdma->Instance)->FCR  = (uint32_t)0x00000021U;
 501:../../Drivers/STM32H7xx_HAL_Driver/Src/stm32h7xx_hal_dma.c **** 
 502:../../Drivers/STM32H7xx_HAL_Driver/Src/stm32h7xx_hal_dma.c ****     /* Get DMA steam Base Address */
 503:../../Drivers/STM32H7xx_HAL_Driver/Src/stm32h7xx_hal_dma.c ****     regs_dma = (DMA_Base_Registers *)DMA_CalcBaseAndBitshift(hdma);
 504:../../Drivers/STM32H7xx_HAL_Driver/Src/stm32h7xx_hal_dma.c **** 
 505:../../Drivers/STM32H7xx_HAL_Driver/Src/stm32h7xx_hal_dma.c ****     /* Clear all interrupt flags at correct offset within the register */
 506:../../Drivers/STM32H7xx_HAL_Driver/Src/stm32h7xx_hal_dma.c ****     regs_dma->IFCR = 0x3FUL << (hdma->StreamIndex & 0x1FU);
 507:../../Drivers/STM32H7xx_HAL_Driver/Src/stm32h7xx_hal_dma.c ****   }
 508:../../Drivers/STM32H7xx_HAL_Driver/Src/stm32h7xx_hal_dma.c ****   else if(IS_BDMA_CHANNEL_INSTANCE(hdma->Instance) != 0U) /* BDMA instance(s) */
 509:../../Drivers/STM32H7xx_HAL_Driver/Src/stm32h7xx_hal_dma.c ****   {
 510:../../Drivers/STM32H7xx_HAL_Driver/Src/stm32h7xx_hal_dma.c ****     /* Reset DMA Channel control register */
 511:../../Drivers/STM32H7xx_HAL_Driver/Src/stm32h7xx_hal_dma.c ****     ((BDMA_Channel_TypeDef *)hdma->Instance)->CCR  = 0U;
 512:../../Drivers/STM32H7xx_HAL_Driver/Src/stm32h7xx_hal_dma.c **** 
 513:../../Drivers/STM32H7xx_HAL_Driver/Src/stm32h7xx_hal_dma.c ****     /* Reset DMA Channel Number of Data to Transfer register */
 514:../../Drivers/STM32H7xx_HAL_Driver/Src/stm32h7xx_hal_dma.c ****     ((BDMA_Channel_TypeDef *)hdma->Instance)->CNDTR = 0U;
 515:../../Drivers/STM32H7xx_HAL_Driver/Src/stm32h7xx_hal_dma.c **** 
 516:../../Drivers/STM32H7xx_HAL_Driver/Src/stm32h7xx_hal_dma.c ****     /* Reset DMA Channel peripheral address register */
 517:../../Drivers/STM32H7xx_HAL_Driver/Src/stm32h7xx_hal_dma.c ****     ((BDMA_Channel_TypeDef *)hdma->Instance)->CPAR  = 0U;
 518:../../Drivers/STM32H7xx_HAL_Driver/Src/stm32h7xx_hal_dma.c **** 
 519:../../Drivers/STM32H7xx_HAL_Driver/Src/stm32h7xx_hal_dma.c ****     /* Reset DMA Channel memory 0 address register */
 520:../../Drivers/STM32H7xx_HAL_Driver/Src/stm32h7xx_hal_dma.c ****     ((BDMA_Channel_TypeDef *)hdma->Instance)->CM0AR = 0U;
 521:../../Drivers/STM32H7xx_HAL_Driver/Src/stm32h7xx_hal_dma.c **** 
 522:../../Drivers/STM32H7xx_HAL_Driver/Src/stm32h7xx_hal_dma.c ****     /* Reset DMA Channel memory 1 address register */
 523:../../Drivers/STM32H7xx_HAL_Driver/Src/stm32h7xx_hal_dma.c ****     ((BDMA_Channel_TypeDef *)hdma->Instance)->CM1AR = 0U;
 524:../../Drivers/STM32H7xx_HAL_Driver/Src/stm32h7xx_hal_dma.c **** 
 525:../../Drivers/STM32H7xx_HAL_Driver/Src/stm32h7xx_hal_dma.c ****     /* Get DMA steam Base Address */
 526:../../Drivers/STM32H7xx_HAL_Driver/Src/stm32h7xx_hal_dma.c ****     regs_bdma = (BDMA_Base_Registers *)DMA_CalcBaseAndBitshift(hdma);
 527:../../Drivers/STM32H7xx_HAL_Driver/Src/stm32h7xx_hal_dma.c **** 
 528:../../Drivers/STM32H7xx_HAL_Driver/Src/stm32h7xx_hal_dma.c ****     /* Clear all interrupt flags at correct offset within the register */
 529:../../Drivers/STM32H7xx_HAL_Driver/Src/stm32h7xx_hal_dma.c ****     regs_bdma->IFCR = ((BDMA_IFCR_CGIF0) << (hdma->StreamIndex & 0x1FU));
 530:../../Drivers/STM32H7xx_HAL_Driver/Src/stm32h7xx_hal_dma.c ****   }
 531:../../Drivers/STM32H7xx_HAL_Driver/Src/stm32h7xx_hal_dma.c ****   else
 532:../../Drivers/STM32H7xx_HAL_Driver/Src/stm32h7xx_hal_dma.c ****   {
 533:../../Drivers/STM32H7xx_HAL_Driver/Src/stm32h7xx_hal_dma.c ****     /* Return error status */
 534:../../Drivers/STM32H7xx_HAL_Driver/Src/stm32h7xx_hal_dma.c ****     return HAL_ERROR;
 535:../../Drivers/STM32H7xx_HAL_Driver/Src/stm32h7xx_hal_dma.c ****   }
 536:../../Drivers/STM32H7xx_HAL_Driver/Src/stm32h7xx_hal_dma.c **** 
 537:../../Drivers/STM32H7xx_HAL_Driver/Src/stm32h7xx_hal_dma.c **** #if defined (BDMA1) /* No DMAMUX available for BDMA1 available on  STM32H7Ax/Bx devices only */
 538:../../Drivers/STM32H7xx_HAL_Driver/Src/stm32h7xx_hal_dma.c ****   if(IS_DMA_DMAMUX_ALL_INSTANCE(hdma->Instance) != 0U) /* No DMAMUX available for BDMA1 */
 539:../../Drivers/STM32H7xx_HAL_Driver/Src/stm32h7xx_hal_dma.c **** #endif /* BDMA1 */
 540:../../Drivers/STM32H7xx_HAL_Driver/Src/stm32h7xx_hal_dma.c ****   {
 541:../../Drivers/STM32H7xx_HAL_Driver/Src/stm32h7xx_hal_dma.c ****     /* Initialize parameters for DMAMUX channel :
 542:../../Drivers/STM32H7xx_HAL_Driver/Src/stm32h7xx_hal_dma.c ****     DMAmuxChannel, DMAmuxChannelStatus and DMAmuxChannelStatusMask */
 543:../../Drivers/STM32H7xx_HAL_Driver/Src/stm32h7xx_hal_dma.c ****     DMA_CalcDMAMUXChannelBaseAndMask(hdma);
 544:../../Drivers/STM32H7xx_HAL_Driver/Src/stm32h7xx_hal_dma.c **** 
 545:../../Drivers/STM32H7xx_HAL_Driver/Src/stm32h7xx_hal_dma.c ****     if(hdma->DMAmuxChannel != 0U)
ARM GAS  /var/folders/2r/mdtt8xvd351gdc398t28_m2m0000gn/T//ccdEwLBV.s 			page 11


 546:../../Drivers/STM32H7xx_HAL_Driver/Src/stm32h7xx_hal_dma.c ****     {
 547:../../Drivers/STM32H7xx_HAL_Driver/Src/stm32h7xx_hal_dma.c ****       /* Resett he DMAMUX channel that corresponds to the DMA stream */
 548:../../Drivers/STM32H7xx_HAL_Driver/Src/stm32h7xx_hal_dma.c ****       hdma->DMAmuxChannel->CCR = 0U;
 549:../../Drivers/STM32H7xx_HAL_Driver/Src/stm32h7xx_hal_dma.c **** 
 550:../../Drivers/STM32H7xx_HAL_Driver/Src/stm32h7xx_hal_dma.c ****       /* Clear the DMAMUX synchro overrun flag */
 551:../../Drivers/STM32H7xx_HAL_Driver/Src/stm32h7xx_hal_dma.c ****       hdma->DMAmuxChannelStatus->CFR = hdma->DMAmuxChannelStatusMask;
 552:../../Drivers/STM32H7xx_HAL_Driver/Src/stm32h7xx_hal_dma.c ****     }
 553:../../Drivers/STM32H7xx_HAL_Driver/Src/stm32h7xx_hal_dma.c **** 
 554:../../Drivers/STM32H7xx_HAL_Driver/Src/stm32h7xx_hal_dma.c ****     if((hdma->Init.Request >= DMA_REQUEST_GENERATOR0) && (hdma->Init.Request <= DMA_REQUEST_GENERAT
 555:../../Drivers/STM32H7xx_HAL_Driver/Src/stm32h7xx_hal_dma.c ****     {
 556:../../Drivers/STM32H7xx_HAL_Driver/Src/stm32h7xx_hal_dma.c ****       /* Initialize parameters for DMAMUX request generator :
 557:../../Drivers/STM32H7xx_HAL_Driver/Src/stm32h7xx_hal_dma.c ****       DMAmuxRequestGen, DMAmuxRequestGenStatus and DMAmuxRequestGenStatusMask */
 558:../../Drivers/STM32H7xx_HAL_Driver/Src/stm32h7xx_hal_dma.c ****       DMA_CalcDMAMUXRequestGenBaseAndMask(hdma);
 559:../../Drivers/STM32H7xx_HAL_Driver/Src/stm32h7xx_hal_dma.c **** 
 560:../../Drivers/STM32H7xx_HAL_Driver/Src/stm32h7xx_hal_dma.c ****       /* Reset the DMAMUX request generator register */
 561:../../Drivers/STM32H7xx_HAL_Driver/Src/stm32h7xx_hal_dma.c ****       hdma->DMAmuxRequestGen->RGCR = 0U;
 562:../../Drivers/STM32H7xx_HAL_Driver/Src/stm32h7xx_hal_dma.c **** 
 563:../../Drivers/STM32H7xx_HAL_Driver/Src/stm32h7xx_hal_dma.c ****       /* Clear the DMAMUX request generator overrun flag */
 564:../../Drivers/STM32H7xx_HAL_Driver/Src/stm32h7xx_hal_dma.c ****       hdma->DMAmuxRequestGenStatus->RGCFR = hdma->DMAmuxRequestGenStatusMask;
 565:../../Drivers/STM32H7xx_HAL_Driver/Src/stm32h7xx_hal_dma.c ****     }
 566:../../Drivers/STM32H7xx_HAL_Driver/Src/stm32h7xx_hal_dma.c **** 
 567:../../Drivers/STM32H7xx_HAL_Driver/Src/stm32h7xx_hal_dma.c ****     hdma->DMAmuxRequestGen = 0U;
 568:../../Drivers/STM32H7xx_HAL_Driver/Src/stm32h7xx_hal_dma.c ****     hdma->DMAmuxRequestGenStatus = 0U;
 569:../../Drivers/STM32H7xx_HAL_Driver/Src/stm32h7xx_hal_dma.c ****     hdma->DMAmuxRequestGenStatusMask = 0U;
 570:../../Drivers/STM32H7xx_HAL_Driver/Src/stm32h7xx_hal_dma.c ****   }
 571:../../Drivers/STM32H7xx_HAL_Driver/Src/stm32h7xx_hal_dma.c **** 
 572:../../Drivers/STM32H7xx_HAL_Driver/Src/stm32h7xx_hal_dma.c **** 
 573:../../Drivers/STM32H7xx_HAL_Driver/Src/stm32h7xx_hal_dma.c ****   /* Clean callbacks */
 574:../../Drivers/STM32H7xx_HAL_Driver/Src/stm32h7xx_hal_dma.c ****   hdma->XferCpltCallback       = NULL;
 575:../../Drivers/STM32H7xx_HAL_Driver/Src/stm32h7xx_hal_dma.c ****   hdma->XferHalfCpltCallback   = NULL;
 576:../../Drivers/STM32H7xx_HAL_Driver/Src/stm32h7xx_hal_dma.c ****   hdma->XferM1CpltCallback     = NULL;
 577:../../Drivers/STM32H7xx_HAL_Driver/Src/stm32h7xx_hal_dma.c ****   hdma->XferM1HalfCpltCallback = NULL;
 578:../../Drivers/STM32H7xx_HAL_Driver/Src/stm32h7xx_hal_dma.c ****   hdma->XferErrorCallback      = NULL;
 579:../../Drivers/STM32H7xx_HAL_Driver/Src/stm32h7xx_hal_dma.c ****   hdma->XferAbortCallback      = NULL;
 580:../../Drivers/STM32H7xx_HAL_Driver/Src/stm32h7xx_hal_dma.c **** 
 581:../../Drivers/STM32H7xx_HAL_Driver/Src/stm32h7xx_hal_dma.c ****   /* Initialize the error code */
 582:../../Drivers/STM32H7xx_HAL_Driver/Src/stm32h7xx_hal_dma.c ****   hdma->ErrorCode = HAL_DMA_ERROR_NONE;
 583:../../Drivers/STM32H7xx_HAL_Driver/Src/stm32h7xx_hal_dma.c **** 
 584:../../Drivers/STM32H7xx_HAL_Driver/Src/stm32h7xx_hal_dma.c ****   /* Initialize the DMA state */
 585:../../Drivers/STM32H7xx_HAL_Driver/Src/stm32h7xx_hal_dma.c ****   hdma->State = HAL_DMA_STATE_RESET;
 586:../../Drivers/STM32H7xx_HAL_Driver/Src/stm32h7xx_hal_dma.c **** 
 587:../../Drivers/STM32H7xx_HAL_Driver/Src/stm32h7xx_hal_dma.c ****   /* Release Lock */
 588:../../Drivers/STM32H7xx_HAL_Driver/Src/stm32h7xx_hal_dma.c ****   __HAL_UNLOCK(hdma);
 589:../../Drivers/STM32H7xx_HAL_Driver/Src/stm32h7xx_hal_dma.c **** 
 590:../../Drivers/STM32H7xx_HAL_Driver/Src/stm32h7xx_hal_dma.c ****   return HAL_OK;
 591:../../Drivers/STM32H7xx_HAL_Driver/Src/stm32h7xx_hal_dma.c **** }
 592:../../Drivers/STM32H7xx_HAL_Driver/Src/stm32h7xx_hal_dma.c **** 
 593:../../Drivers/STM32H7xx_HAL_Driver/Src/stm32h7xx_hal_dma.c **** /**
 594:../../Drivers/STM32H7xx_HAL_Driver/Src/stm32h7xx_hal_dma.c ****   * @}
 595:../../Drivers/STM32H7xx_HAL_Driver/Src/stm32h7xx_hal_dma.c ****   */
 596:../../Drivers/STM32H7xx_HAL_Driver/Src/stm32h7xx_hal_dma.c **** 
 597:../../Drivers/STM32H7xx_HAL_Driver/Src/stm32h7xx_hal_dma.c **** /** @addtogroup DMA_Exported_Functions_Group2
 598:../../Drivers/STM32H7xx_HAL_Driver/Src/stm32h7xx_hal_dma.c ****   *
 599:../../Drivers/STM32H7xx_HAL_Driver/Src/stm32h7xx_hal_dma.c **** @verbatim
 600:../../Drivers/STM32H7xx_HAL_Driver/Src/stm32h7xx_hal_dma.c ****  ===============================================================================
 601:../../Drivers/STM32H7xx_HAL_Driver/Src/stm32h7xx_hal_dma.c ****                       #####  IO operation functions  #####
 602:../../Drivers/STM32H7xx_HAL_Driver/Src/stm32h7xx_hal_dma.c ****  ===============================================================================
ARM GAS  /var/folders/2r/mdtt8xvd351gdc398t28_m2m0000gn/T//ccdEwLBV.s 			page 12


 603:../../Drivers/STM32H7xx_HAL_Driver/Src/stm32h7xx_hal_dma.c ****     [..]  This section provides functions allowing to:
 604:../../Drivers/STM32H7xx_HAL_Driver/Src/stm32h7xx_hal_dma.c ****       (+) Configure the source, destination address and data length and Start DMA transfer
 605:../../Drivers/STM32H7xx_HAL_Driver/Src/stm32h7xx_hal_dma.c ****       (+) Configure the source, destination address and data length and
 606:../../Drivers/STM32H7xx_HAL_Driver/Src/stm32h7xx_hal_dma.c ****           Start DMA transfer with interrupt
 607:../../Drivers/STM32H7xx_HAL_Driver/Src/stm32h7xx_hal_dma.c ****       (+) Register and Unregister DMA callbacks
 608:../../Drivers/STM32H7xx_HAL_Driver/Src/stm32h7xx_hal_dma.c ****       (+) Abort DMA transfer
 609:../../Drivers/STM32H7xx_HAL_Driver/Src/stm32h7xx_hal_dma.c ****       (+) Poll for transfer complete
 610:../../Drivers/STM32H7xx_HAL_Driver/Src/stm32h7xx_hal_dma.c ****       (+) Handle DMA interrupt request
 611:../../Drivers/STM32H7xx_HAL_Driver/Src/stm32h7xx_hal_dma.c **** 
 612:../../Drivers/STM32H7xx_HAL_Driver/Src/stm32h7xx_hal_dma.c **** @endverbatim
 613:../../Drivers/STM32H7xx_HAL_Driver/Src/stm32h7xx_hal_dma.c ****   * @{
 614:../../Drivers/STM32H7xx_HAL_Driver/Src/stm32h7xx_hal_dma.c ****   */
 615:../../Drivers/STM32H7xx_HAL_Driver/Src/stm32h7xx_hal_dma.c **** 
 616:../../Drivers/STM32H7xx_HAL_Driver/Src/stm32h7xx_hal_dma.c **** /**
 617:../../Drivers/STM32H7xx_HAL_Driver/Src/stm32h7xx_hal_dma.c ****   * @brief  Starts the DMA Transfer.
 618:../../Drivers/STM32H7xx_HAL_Driver/Src/stm32h7xx_hal_dma.c ****   * @param  hdma      : pointer to a DMA_HandleTypeDef structure that contains
 619:../../Drivers/STM32H7xx_HAL_Driver/Src/stm32h7xx_hal_dma.c ****   *                     the configuration information for the specified DMA Stream.
 620:../../Drivers/STM32H7xx_HAL_Driver/Src/stm32h7xx_hal_dma.c ****   * @param  SrcAddress: The source memory Buffer address
 621:../../Drivers/STM32H7xx_HAL_Driver/Src/stm32h7xx_hal_dma.c ****   * @param  DstAddress: The destination memory Buffer address
 622:../../Drivers/STM32H7xx_HAL_Driver/Src/stm32h7xx_hal_dma.c ****   * @param  DataLength: The length of data to be transferred from source to destination
 623:../../Drivers/STM32H7xx_HAL_Driver/Src/stm32h7xx_hal_dma.c ****   * @retval HAL status
 624:../../Drivers/STM32H7xx_HAL_Driver/Src/stm32h7xx_hal_dma.c ****   */
 625:../../Drivers/STM32H7xx_HAL_Driver/Src/stm32h7xx_hal_dma.c **** HAL_StatusTypeDef HAL_DMA_Start(DMA_HandleTypeDef *hdma, uint32_t SrcAddress, uint32_t DstAddress, 
 626:../../Drivers/STM32H7xx_HAL_Driver/Src/stm32h7xx_hal_dma.c **** {
 627:../../Drivers/STM32H7xx_HAL_Driver/Src/stm32h7xx_hal_dma.c ****   HAL_StatusTypeDef status = HAL_OK;
 628:../../Drivers/STM32H7xx_HAL_Driver/Src/stm32h7xx_hal_dma.c **** 
 629:../../Drivers/STM32H7xx_HAL_Driver/Src/stm32h7xx_hal_dma.c ****   /* Check the parameters */
 630:../../Drivers/STM32H7xx_HAL_Driver/Src/stm32h7xx_hal_dma.c ****   assert_param(IS_DMA_BUFFER_SIZE(DataLength));
 631:../../Drivers/STM32H7xx_HAL_Driver/Src/stm32h7xx_hal_dma.c **** 
 632:../../Drivers/STM32H7xx_HAL_Driver/Src/stm32h7xx_hal_dma.c ****   /* Check the DMA peripheral handle */
 633:../../Drivers/STM32H7xx_HAL_Driver/Src/stm32h7xx_hal_dma.c ****   if(hdma == NULL)
 634:../../Drivers/STM32H7xx_HAL_Driver/Src/stm32h7xx_hal_dma.c ****   {
 635:../../Drivers/STM32H7xx_HAL_Driver/Src/stm32h7xx_hal_dma.c ****     return HAL_ERROR;
 636:../../Drivers/STM32H7xx_HAL_Driver/Src/stm32h7xx_hal_dma.c ****   }
 637:../../Drivers/STM32H7xx_HAL_Driver/Src/stm32h7xx_hal_dma.c **** 
 638:../../Drivers/STM32H7xx_HAL_Driver/Src/stm32h7xx_hal_dma.c ****   /* Process locked */
 639:../../Drivers/STM32H7xx_HAL_Driver/Src/stm32h7xx_hal_dma.c ****   __HAL_LOCK(hdma);
 640:../../Drivers/STM32H7xx_HAL_Driver/Src/stm32h7xx_hal_dma.c **** 
 641:../../Drivers/STM32H7xx_HAL_Driver/Src/stm32h7xx_hal_dma.c ****   if(HAL_DMA_STATE_READY == hdma->State)
 642:../../Drivers/STM32H7xx_HAL_Driver/Src/stm32h7xx_hal_dma.c ****   {
 643:../../Drivers/STM32H7xx_HAL_Driver/Src/stm32h7xx_hal_dma.c ****     /* Change DMA peripheral state */
 644:../../Drivers/STM32H7xx_HAL_Driver/Src/stm32h7xx_hal_dma.c ****     hdma->State = HAL_DMA_STATE_BUSY;
 645:../../Drivers/STM32H7xx_HAL_Driver/Src/stm32h7xx_hal_dma.c **** 
 646:../../Drivers/STM32H7xx_HAL_Driver/Src/stm32h7xx_hal_dma.c ****     /* Initialize the error code */
 647:../../Drivers/STM32H7xx_HAL_Driver/Src/stm32h7xx_hal_dma.c ****     hdma->ErrorCode = HAL_DMA_ERROR_NONE;
 648:../../Drivers/STM32H7xx_HAL_Driver/Src/stm32h7xx_hal_dma.c **** 
 649:../../Drivers/STM32H7xx_HAL_Driver/Src/stm32h7xx_hal_dma.c ****     /* Disable the peripheral */
 650:../../Drivers/STM32H7xx_HAL_Driver/Src/stm32h7xx_hal_dma.c ****     __HAL_DMA_DISABLE(hdma);
 651:../../Drivers/STM32H7xx_HAL_Driver/Src/stm32h7xx_hal_dma.c **** 
 652:../../Drivers/STM32H7xx_HAL_Driver/Src/stm32h7xx_hal_dma.c ****     /* Configure the source, destination address and the data length */
 653:../../Drivers/STM32H7xx_HAL_Driver/Src/stm32h7xx_hal_dma.c ****     DMA_SetConfig(hdma, SrcAddress, DstAddress, DataLength);
 654:../../Drivers/STM32H7xx_HAL_Driver/Src/stm32h7xx_hal_dma.c **** 
 655:../../Drivers/STM32H7xx_HAL_Driver/Src/stm32h7xx_hal_dma.c ****     /* Enable the Peripheral */
 656:../../Drivers/STM32H7xx_HAL_Driver/Src/stm32h7xx_hal_dma.c ****     __HAL_DMA_ENABLE(hdma);
 657:../../Drivers/STM32H7xx_HAL_Driver/Src/stm32h7xx_hal_dma.c ****   }
 658:../../Drivers/STM32H7xx_HAL_Driver/Src/stm32h7xx_hal_dma.c ****   else
 659:../../Drivers/STM32H7xx_HAL_Driver/Src/stm32h7xx_hal_dma.c ****   {
ARM GAS  /var/folders/2r/mdtt8xvd351gdc398t28_m2m0000gn/T//ccdEwLBV.s 			page 13


 660:../../Drivers/STM32H7xx_HAL_Driver/Src/stm32h7xx_hal_dma.c ****     /* Set the error code to busy */
 661:../../Drivers/STM32H7xx_HAL_Driver/Src/stm32h7xx_hal_dma.c ****     hdma->ErrorCode = HAL_DMA_ERROR_BUSY;
 662:../../Drivers/STM32H7xx_HAL_Driver/Src/stm32h7xx_hal_dma.c **** 
 663:../../Drivers/STM32H7xx_HAL_Driver/Src/stm32h7xx_hal_dma.c ****     /* Process unlocked */
 664:../../Drivers/STM32H7xx_HAL_Driver/Src/stm32h7xx_hal_dma.c ****     __HAL_UNLOCK(hdma);
 665:../../Drivers/STM32H7xx_HAL_Driver/Src/stm32h7xx_hal_dma.c **** 
 666:../../Drivers/STM32H7xx_HAL_Driver/Src/stm32h7xx_hal_dma.c ****     /* Return error status */
 667:../../Drivers/STM32H7xx_HAL_Driver/Src/stm32h7xx_hal_dma.c ****     status = HAL_ERROR;
 668:../../Drivers/STM32H7xx_HAL_Driver/Src/stm32h7xx_hal_dma.c ****   }
 669:../../Drivers/STM32H7xx_HAL_Driver/Src/stm32h7xx_hal_dma.c ****   return status;
 670:../../Drivers/STM32H7xx_HAL_Driver/Src/stm32h7xx_hal_dma.c **** }
 671:../../Drivers/STM32H7xx_HAL_Driver/Src/stm32h7xx_hal_dma.c **** 
 672:../../Drivers/STM32H7xx_HAL_Driver/Src/stm32h7xx_hal_dma.c **** /**
 673:../../Drivers/STM32H7xx_HAL_Driver/Src/stm32h7xx_hal_dma.c ****   * @brief  Start the DMA Transfer with interrupt enabled.
 674:../../Drivers/STM32H7xx_HAL_Driver/Src/stm32h7xx_hal_dma.c ****   * @param  hdma:       pointer to a DMA_HandleTypeDef structure that contains
 675:../../Drivers/STM32H7xx_HAL_Driver/Src/stm32h7xx_hal_dma.c ****   *                     the configuration information for the specified DMA Stream.
 676:../../Drivers/STM32H7xx_HAL_Driver/Src/stm32h7xx_hal_dma.c ****   * @param  SrcAddress: The source memory Buffer address
 677:../../Drivers/STM32H7xx_HAL_Driver/Src/stm32h7xx_hal_dma.c ****   * @param  DstAddress: The destination memory Buffer address
 678:../../Drivers/STM32H7xx_HAL_Driver/Src/stm32h7xx_hal_dma.c ****   * @param  DataLength: The length of data to be transferred from source to destination
 679:../../Drivers/STM32H7xx_HAL_Driver/Src/stm32h7xx_hal_dma.c ****   * @retval HAL status
 680:../../Drivers/STM32H7xx_HAL_Driver/Src/stm32h7xx_hal_dma.c ****   */
 681:../../Drivers/STM32H7xx_HAL_Driver/Src/stm32h7xx_hal_dma.c **** HAL_StatusTypeDef HAL_DMA_Start_IT(DMA_HandleTypeDef *hdma, uint32_t SrcAddress, uint32_t DstAddres
 682:../../Drivers/STM32H7xx_HAL_Driver/Src/stm32h7xx_hal_dma.c **** {
 683:../../Drivers/STM32H7xx_HAL_Driver/Src/stm32h7xx_hal_dma.c ****   HAL_StatusTypeDef status = HAL_OK;
 684:../../Drivers/STM32H7xx_HAL_Driver/Src/stm32h7xx_hal_dma.c **** 
 685:../../Drivers/STM32H7xx_HAL_Driver/Src/stm32h7xx_hal_dma.c ****   /* Check the parameters */
 686:../../Drivers/STM32H7xx_HAL_Driver/Src/stm32h7xx_hal_dma.c ****   assert_param(IS_DMA_BUFFER_SIZE(DataLength));
 687:../../Drivers/STM32H7xx_HAL_Driver/Src/stm32h7xx_hal_dma.c **** 
 688:../../Drivers/STM32H7xx_HAL_Driver/Src/stm32h7xx_hal_dma.c ****   /* Check the DMA peripheral handle */
 689:../../Drivers/STM32H7xx_HAL_Driver/Src/stm32h7xx_hal_dma.c ****   if(hdma == NULL)
 690:../../Drivers/STM32H7xx_HAL_Driver/Src/stm32h7xx_hal_dma.c ****   {
 691:../../Drivers/STM32H7xx_HAL_Driver/Src/stm32h7xx_hal_dma.c ****     return HAL_ERROR;
 692:../../Drivers/STM32H7xx_HAL_Driver/Src/stm32h7xx_hal_dma.c ****   }
 693:../../Drivers/STM32H7xx_HAL_Driver/Src/stm32h7xx_hal_dma.c **** 
 694:../../Drivers/STM32H7xx_HAL_Driver/Src/stm32h7xx_hal_dma.c ****   /* Process locked */
 695:../../Drivers/STM32H7xx_HAL_Driver/Src/stm32h7xx_hal_dma.c ****   __HAL_LOCK(hdma);
 696:../../Drivers/STM32H7xx_HAL_Driver/Src/stm32h7xx_hal_dma.c **** 
 697:../../Drivers/STM32H7xx_HAL_Driver/Src/stm32h7xx_hal_dma.c ****   if(HAL_DMA_STATE_READY == hdma->State)
 698:../../Drivers/STM32H7xx_HAL_Driver/Src/stm32h7xx_hal_dma.c ****   {
 699:../../Drivers/STM32H7xx_HAL_Driver/Src/stm32h7xx_hal_dma.c ****     /* Change DMA peripheral state */
 700:../../Drivers/STM32H7xx_HAL_Driver/Src/stm32h7xx_hal_dma.c ****     hdma->State = HAL_DMA_STATE_BUSY;
 701:../../Drivers/STM32H7xx_HAL_Driver/Src/stm32h7xx_hal_dma.c **** 
 702:../../Drivers/STM32H7xx_HAL_Driver/Src/stm32h7xx_hal_dma.c ****     /* Initialize the error code */
 703:../../Drivers/STM32H7xx_HAL_Driver/Src/stm32h7xx_hal_dma.c ****     hdma->ErrorCode = HAL_DMA_ERROR_NONE;
 704:../../Drivers/STM32H7xx_HAL_Driver/Src/stm32h7xx_hal_dma.c **** 
 705:../../Drivers/STM32H7xx_HAL_Driver/Src/stm32h7xx_hal_dma.c ****     /* Disable the peripheral */
 706:../../Drivers/STM32H7xx_HAL_Driver/Src/stm32h7xx_hal_dma.c ****     __HAL_DMA_DISABLE(hdma);
 707:../../Drivers/STM32H7xx_HAL_Driver/Src/stm32h7xx_hal_dma.c **** 
 708:../../Drivers/STM32H7xx_HAL_Driver/Src/stm32h7xx_hal_dma.c ****     /* Configure the source, destination address and the data length */
 709:../../Drivers/STM32H7xx_HAL_Driver/Src/stm32h7xx_hal_dma.c ****     DMA_SetConfig(hdma, SrcAddress, DstAddress, DataLength);
 710:../../Drivers/STM32H7xx_HAL_Driver/Src/stm32h7xx_hal_dma.c **** 
 711:../../Drivers/STM32H7xx_HAL_Driver/Src/stm32h7xx_hal_dma.c ****     if(IS_DMA_STREAM_INSTANCE(hdma->Instance) != 0U) /* DMA1 or DMA2 instance */
 712:../../Drivers/STM32H7xx_HAL_Driver/Src/stm32h7xx_hal_dma.c ****     {
 713:../../Drivers/STM32H7xx_HAL_Driver/Src/stm32h7xx_hal_dma.c ****       /* Enable Common interrupts*/
 714:../../Drivers/STM32H7xx_HAL_Driver/Src/stm32h7xx_hal_dma.c ****       MODIFY_REG(((DMA_Stream_TypeDef   *)hdma->Instance)->CR, (DMA_IT_TC | DMA_IT_TE | DMA_IT_DME 
 715:../../Drivers/STM32H7xx_HAL_Driver/Src/stm32h7xx_hal_dma.c **** 
 716:../../Drivers/STM32H7xx_HAL_Driver/Src/stm32h7xx_hal_dma.c ****       if(hdma->XferHalfCpltCallback != NULL)
ARM GAS  /var/folders/2r/mdtt8xvd351gdc398t28_m2m0000gn/T//ccdEwLBV.s 			page 14


 717:../../Drivers/STM32H7xx_HAL_Driver/Src/stm32h7xx_hal_dma.c ****       {
 718:../../Drivers/STM32H7xx_HAL_Driver/Src/stm32h7xx_hal_dma.c ****         /* Enable Half Transfer IT if corresponding Callback is set */
 719:../../Drivers/STM32H7xx_HAL_Driver/Src/stm32h7xx_hal_dma.c ****         ((DMA_Stream_TypeDef   *)hdma->Instance)->CR  |= DMA_IT_HT;
 720:../../Drivers/STM32H7xx_HAL_Driver/Src/stm32h7xx_hal_dma.c ****       }
 721:../../Drivers/STM32H7xx_HAL_Driver/Src/stm32h7xx_hal_dma.c ****     }
 722:../../Drivers/STM32H7xx_HAL_Driver/Src/stm32h7xx_hal_dma.c ****     else /* BDMA channel */
 723:../../Drivers/STM32H7xx_HAL_Driver/Src/stm32h7xx_hal_dma.c ****     {
 724:../../Drivers/STM32H7xx_HAL_Driver/Src/stm32h7xx_hal_dma.c ****       /* Enable Common interrupts */
 725:../../Drivers/STM32H7xx_HAL_Driver/Src/stm32h7xx_hal_dma.c ****       MODIFY_REG(((BDMA_Channel_TypeDef   *)hdma->Instance)->CCR, (BDMA_CCR_TCIE | BDMA_CCR_HTIE | 
 726:../../Drivers/STM32H7xx_HAL_Driver/Src/stm32h7xx_hal_dma.c **** 
 727:../../Drivers/STM32H7xx_HAL_Driver/Src/stm32h7xx_hal_dma.c ****       if(hdma->XferHalfCpltCallback != NULL)
 728:../../Drivers/STM32H7xx_HAL_Driver/Src/stm32h7xx_hal_dma.c ****       {
 729:../../Drivers/STM32H7xx_HAL_Driver/Src/stm32h7xx_hal_dma.c ****         /*Enable Half Transfer IT if corresponding Callback is set */
 730:../../Drivers/STM32H7xx_HAL_Driver/Src/stm32h7xx_hal_dma.c ****         ((BDMA_Channel_TypeDef   *)hdma->Instance)->CCR  |= BDMA_CCR_HTIE;
 731:../../Drivers/STM32H7xx_HAL_Driver/Src/stm32h7xx_hal_dma.c ****       }
 732:../../Drivers/STM32H7xx_HAL_Driver/Src/stm32h7xx_hal_dma.c ****     }
 733:../../Drivers/STM32H7xx_HAL_Driver/Src/stm32h7xx_hal_dma.c **** 
 734:../../Drivers/STM32H7xx_HAL_Driver/Src/stm32h7xx_hal_dma.c ****     if(IS_DMA_DMAMUX_ALL_INSTANCE(hdma->Instance) != 0U) /* No DMAMUX available for BDMA1 */
 735:../../Drivers/STM32H7xx_HAL_Driver/Src/stm32h7xx_hal_dma.c ****     {
 736:../../Drivers/STM32H7xx_HAL_Driver/Src/stm32h7xx_hal_dma.c ****       /* Check if DMAMUX Synchronization is enabled */
 737:../../Drivers/STM32H7xx_HAL_Driver/Src/stm32h7xx_hal_dma.c ****       if((hdma->DMAmuxChannel->CCR & DMAMUX_CxCR_SE) != 0U)
 738:../../Drivers/STM32H7xx_HAL_Driver/Src/stm32h7xx_hal_dma.c ****       {
 739:../../Drivers/STM32H7xx_HAL_Driver/Src/stm32h7xx_hal_dma.c ****         /* Enable DMAMUX sync overrun IT*/
 740:../../Drivers/STM32H7xx_HAL_Driver/Src/stm32h7xx_hal_dma.c ****         hdma->DMAmuxChannel->CCR |= DMAMUX_CxCR_SOIE;
 741:../../Drivers/STM32H7xx_HAL_Driver/Src/stm32h7xx_hal_dma.c ****       }
 742:../../Drivers/STM32H7xx_HAL_Driver/Src/stm32h7xx_hal_dma.c **** 
 743:../../Drivers/STM32H7xx_HAL_Driver/Src/stm32h7xx_hal_dma.c ****       if(hdma->DMAmuxRequestGen != 0U)
 744:../../Drivers/STM32H7xx_HAL_Driver/Src/stm32h7xx_hal_dma.c ****       {
 745:../../Drivers/STM32H7xx_HAL_Driver/Src/stm32h7xx_hal_dma.c ****         /* if using DMAMUX request generator, enable the DMAMUX request generator overrun IT*/
 746:../../Drivers/STM32H7xx_HAL_Driver/Src/stm32h7xx_hal_dma.c ****         /* enable the request gen overrun IT */
 747:../../Drivers/STM32H7xx_HAL_Driver/Src/stm32h7xx_hal_dma.c ****         hdma->DMAmuxRequestGen->RGCR |= DMAMUX_RGxCR_OIE;
 748:../../Drivers/STM32H7xx_HAL_Driver/Src/stm32h7xx_hal_dma.c ****       }
 749:../../Drivers/STM32H7xx_HAL_Driver/Src/stm32h7xx_hal_dma.c ****     }
 750:../../Drivers/STM32H7xx_HAL_Driver/Src/stm32h7xx_hal_dma.c **** 
 751:../../Drivers/STM32H7xx_HAL_Driver/Src/stm32h7xx_hal_dma.c ****     /* Enable the Peripheral */
 752:../../Drivers/STM32H7xx_HAL_Driver/Src/stm32h7xx_hal_dma.c ****     __HAL_DMA_ENABLE(hdma);
 753:../../Drivers/STM32H7xx_HAL_Driver/Src/stm32h7xx_hal_dma.c ****   }
 754:../../Drivers/STM32H7xx_HAL_Driver/Src/stm32h7xx_hal_dma.c ****   else
 755:../../Drivers/STM32H7xx_HAL_Driver/Src/stm32h7xx_hal_dma.c ****   {
 756:../../Drivers/STM32H7xx_HAL_Driver/Src/stm32h7xx_hal_dma.c ****     /* Set the error code to busy */
 757:../../Drivers/STM32H7xx_HAL_Driver/Src/stm32h7xx_hal_dma.c ****     hdma->ErrorCode = HAL_DMA_ERROR_BUSY;
 758:../../Drivers/STM32H7xx_HAL_Driver/Src/stm32h7xx_hal_dma.c **** 
 759:../../Drivers/STM32H7xx_HAL_Driver/Src/stm32h7xx_hal_dma.c ****     /* Process unlocked */
 760:../../Drivers/STM32H7xx_HAL_Driver/Src/stm32h7xx_hal_dma.c ****     __HAL_UNLOCK(hdma);
 761:../../Drivers/STM32H7xx_HAL_Driver/Src/stm32h7xx_hal_dma.c **** 
 762:../../Drivers/STM32H7xx_HAL_Driver/Src/stm32h7xx_hal_dma.c ****     /* Return error status */
 763:../../Drivers/STM32H7xx_HAL_Driver/Src/stm32h7xx_hal_dma.c ****     status = HAL_ERROR;
 764:../../Drivers/STM32H7xx_HAL_Driver/Src/stm32h7xx_hal_dma.c ****   }
 765:../../Drivers/STM32H7xx_HAL_Driver/Src/stm32h7xx_hal_dma.c **** 
 766:../../Drivers/STM32H7xx_HAL_Driver/Src/stm32h7xx_hal_dma.c ****   return status;
 767:../../Drivers/STM32H7xx_HAL_Driver/Src/stm32h7xx_hal_dma.c **** }
 768:../../Drivers/STM32H7xx_HAL_Driver/Src/stm32h7xx_hal_dma.c **** 
 769:../../Drivers/STM32H7xx_HAL_Driver/Src/stm32h7xx_hal_dma.c **** /**
 770:../../Drivers/STM32H7xx_HAL_Driver/Src/stm32h7xx_hal_dma.c ****   * @brief  Aborts the DMA Transfer.
 771:../../Drivers/STM32H7xx_HAL_Driver/Src/stm32h7xx_hal_dma.c ****   * @param  hdma  : pointer to a DMA_HandleTypeDef structure that contains
 772:../../Drivers/STM32H7xx_HAL_Driver/Src/stm32h7xx_hal_dma.c ****   *                 the configuration information for the specified DMA Stream.
 773:../../Drivers/STM32H7xx_HAL_Driver/Src/stm32h7xx_hal_dma.c ****   *
ARM GAS  /var/folders/2r/mdtt8xvd351gdc398t28_m2m0000gn/T//ccdEwLBV.s 			page 15


 774:../../Drivers/STM32H7xx_HAL_Driver/Src/stm32h7xx_hal_dma.c ****   * @note  After disabling a DMA Stream, a check for wait until the DMA Stream is
 775:../../Drivers/STM32H7xx_HAL_Driver/Src/stm32h7xx_hal_dma.c ****   *        effectively disabled is added. If a Stream is disabled
 776:../../Drivers/STM32H7xx_HAL_Driver/Src/stm32h7xx_hal_dma.c ****   *        while a data transfer is ongoing, the current data will be transferred
 777:../../Drivers/STM32H7xx_HAL_Driver/Src/stm32h7xx_hal_dma.c ****   *        and the Stream will be effectively disabled only after the transfer of
 778:../../Drivers/STM32H7xx_HAL_Driver/Src/stm32h7xx_hal_dma.c ****   *        this single data is finished.
 779:../../Drivers/STM32H7xx_HAL_Driver/Src/stm32h7xx_hal_dma.c ****   * @retval HAL status
 780:../../Drivers/STM32H7xx_HAL_Driver/Src/stm32h7xx_hal_dma.c ****   */
 781:../../Drivers/STM32H7xx_HAL_Driver/Src/stm32h7xx_hal_dma.c **** HAL_StatusTypeDef HAL_DMA_Abort(DMA_HandleTypeDef *hdma)
 782:../../Drivers/STM32H7xx_HAL_Driver/Src/stm32h7xx_hal_dma.c **** {
 783:../../Drivers/STM32H7xx_HAL_Driver/Src/stm32h7xx_hal_dma.c ****   /* calculate DMA base and stream number */
 784:../../Drivers/STM32H7xx_HAL_Driver/Src/stm32h7xx_hal_dma.c ****   DMA_Base_Registers *regs_dma;
 785:../../Drivers/STM32H7xx_HAL_Driver/Src/stm32h7xx_hal_dma.c ****   BDMA_Base_Registers *regs_bdma;
 786:../../Drivers/STM32H7xx_HAL_Driver/Src/stm32h7xx_hal_dma.c ****   const __IO uint32_t *enableRegister;
 787:../../Drivers/STM32H7xx_HAL_Driver/Src/stm32h7xx_hal_dma.c **** 
 788:../../Drivers/STM32H7xx_HAL_Driver/Src/stm32h7xx_hal_dma.c ****   uint32_t tickstart = HAL_GetTick();
 789:../../Drivers/STM32H7xx_HAL_Driver/Src/stm32h7xx_hal_dma.c **** 
 790:../../Drivers/STM32H7xx_HAL_Driver/Src/stm32h7xx_hal_dma.c ****  /* Check the DMA peripheral handle */
 791:../../Drivers/STM32H7xx_HAL_Driver/Src/stm32h7xx_hal_dma.c ****   if(hdma == NULL)
 792:../../Drivers/STM32H7xx_HAL_Driver/Src/stm32h7xx_hal_dma.c ****   {
 793:../../Drivers/STM32H7xx_HAL_Driver/Src/stm32h7xx_hal_dma.c ****     return HAL_ERROR;
 794:../../Drivers/STM32H7xx_HAL_Driver/Src/stm32h7xx_hal_dma.c ****   }
 795:../../Drivers/STM32H7xx_HAL_Driver/Src/stm32h7xx_hal_dma.c **** 
 796:../../Drivers/STM32H7xx_HAL_Driver/Src/stm32h7xx_hal_dma.c ****   /* Check the DMA peripheral state */
 797:../../Drivers/STM32H7xx_HAL_Driver/Src/stm32h7xx_hal_dma.c ****   if(hdma->State != HAL_DMA_STATE_BUSY)
 798:../../Drivers/STM32H7xx_HAL_Driver/Src/stm32h7xx_hal_dma.c ****   {
 799:../../Drivers/STM32H7xx_HAL_Driver/Src/stm32h7xx_hal_dma.c ****     hdma->ErrorCode = HAL_DMA_ERROR_NO_XFER;
 800:../../Drivers/STM32H7xx_HAL_Driver/Src/stm32h7xx_hal_dma.c **** 
 801:../../Drivers/STM32H7xx_HAL_Driver/Src/stm32h7xx_hal_dma.c ****     /* Process Unlocked */
 802:../../Drivers/STM32H7xx_HAL_Driver/Src/stm32h7xx_hal_dma.c ****     __HAL_UNLOCK(hdma);
 803:../../Drivers/STM32H7xx_HAL_Driver/Src/stm32h7xx_hal_dma.c **** 
 804:../../Drivers/STM32H7xx_HAL_Driver/Src/stm32h7xx_hal_dma.c ****     return HAL_ERROR;
 805:../../Drivers/STM32H7xx_HAL_Driver/Src/stm32h7xx_hal_dma.c ****   }
 806:../../Drivers/STM32H7xx_HAL_Driver/Src/stm32h7xx_hal_dma.c ****   else
 807:../../Drivers/STM32H7xx_HAL_Driver/Src/stm32h7xx_hal_dma.c ****   {
 808:../../Drivers/STM32H7xx_HAL_Driver/Src/stm32h7xx_hal_dma.c ****     /* Disable all the transfer interrupts */
 809:../../Drivers/STM32H7xx_HAL_Driver/Src/stm32h7xx_hal_dma.c ****     if(IS_DMA_STREAM_INSTANCE(hdma->Instance) != 0U) /* DMA1 or DMA2 instance */
 810:../../Drivers/STM32H7xx_HAL_Driver/Src/stm32h7xx_hal_dma.c ****     {
 811:../../Drivers/STM32H7xx_HAL_Driver/Src/stm32h7xx_hal_dma.c ****        /* Disable DMA All Interrupts  */
 812:../../Drivers/STM32H7xx_HAL_Driver/Src/stm32h7xx_hal_dma.c ****       ((DMA_Stream_TypeDef   *)hdma->Instance)->CR  &= ~(DMA_IT_TC | DMA_IT_TE | DMA_IT_DME | DMA_I
 813:../../Drivers/STM32H7xx_HAL_Driver/Src/stm32h7xx_hal_dma.c ****       ((DMA_Stream_TypeDef   *)hdma->Instance)->FCR &= ~(DMA_IT_FE);
 814:../../Drivers/STM32H7xx_HAL_Driver/Src/stm32h7xx_hal_dma.c **** 
 815:../../Drivers/STM32H7xx_HAL_Driver/Src/stm32h7xx_hal_dma.c ****       enableRegister = (__IO uint32_t *)(&(((DMA_Stream_TypeDef   *)hdma->Instance)->CR));
 816:../../Drivers/STM32H7xx_HAL_Driver/Src/stm32h7xx_hal_dma.c ****     }
 817:../../Drivers/STM32H7xx_HAL_Driver/Src/stm32h7xx_hal_dma.c ****     else /* BDMA channel */
 818:../../Drivers/STM32H7xx_HAL_Driver/Src/stm32h7xx_hal_dma.c ****     {
 819:../../Drivers/STM32H7xx_HAL_Driver/Src/stm32h7xx_hal_dma.c ****       /* Disable DMA All Interrupts */
 820:../../Drivers/STM32H7xx_HAL_Driver/Src/stm32h7xx_hal_dma.c ****       ((BDMA_Channel_TypeDef   *)hdma->Instance)->CCR  &= ~(BDMA_CCR_TCIE | BDMA_CCR_HTIE | BDMA_CC
 821:../../Drivers/STM32H7xx_HAL_Driver/Src/stm32h7xx_hal_dma.c **** 
 822:../../Drivers/STM32H7xx_HAL_Driver/Src/stm32h7xx_hal_dma.c ****       enableRegister = (__IO uint32_t *)(&(((BDMA_Channel_TypeDef   *)hdma->Instance)->CCR));
 823:../../Drivers/STM32H7xx_HAL_Driver/Src/stm32h7xx_hal_dma.c ****     }
 824:../../Drivers/STM32H7xx_HAL_Driver/Src/stm32h7xx_hal_dma.c **** 
 825:../../Drivers/STM32H7xx_HAL_Driver/Src/stm32h7xx_hal_dma.c ****     if(IS_DMA_DMAMUX_ALL_INSTANCE(hdma->Instance) != 0U) /* No DMAMUX available for BDMA1 */
 826:../../Drivers/STM32H7xx_HAL_Driver/Src/stm32h7xx_hal_dma.c ****     {
 827:../../Drivers/STM32H7xx_HAL_Driver/Src/stm32h7xx_hal_dma.c ****       /* disable the DMAMUX sync overrun IT */
 828:../../Drivers/STM32H7xx_HAL_Driver/Src/stm32h7xx_hal_dma.c ****       hdma->DMAmuxChannel->CCR &= ~DMAMUX_CxCR_SOIE;
 829:../../Drivers/STM32H7xx_HAL_Driver/Src/stm32h7xx_hal_dma.c ****     }
 830:../../Drivers/STM32H7xx_HAL_Driver/Src/stm32h7xx_hal_dma.c **** 
ARM GAS  /var/folders/2r/mdtt8xvd351gdc398t28_m2m0000gn/T//ccdEwLBV.s 			page 16


 831:../../Drivers/STM32H7xx_HAL_Driver/Src/stm32h7xx_hal_dma.c ****     /* Disable the stream */
 832:../../Drivers/STM32H7xx_HAL_Driver/Src/stm32h7xx_hal_dma.c ****     __HAL_DMA_DISABLE(hdma);
 833:../../Drivers/STM32H7xx_HAL_Driver/Src/stm32h7xx_hal_dma.c **** 
 834:../../Drivers/STM32H7xx_HAL_Driver/Src/stm32h7xx_hal_dma.c ****     /* Check if the DMA Stream is effectively disabled */
 835:../../Drivers/STM32H7xx_HAL_Driver/Src/stm32h7xx_hal_dma.c ****     while(((*enableRegister) & DMA_SxCR_EN) != 0U)
 836:../../Drivers/STM32H7xx_HAL_Driver/Src/stm32h7xx_hal_dma.c ****     {
 837:../../Drivers/STM32H7xx_HAL_Driver/Src/stm32h7xx_hal_dma.c ****       /* Check for the Timeout */
 838:../../Drivers/STM32H7xx_HAL_Driver/Src/stm32h7xx_hal_dma.c ****       if((HAL_GetTick() - tickstart ) > HAL_TIMEOUT_DMA_ABORT)
 839:../../Drivers/STM32H7xx_HAL_Driver/Src/stm32h7xx_hal_dma.c ****       {
 840:../../Drivers/STM32H7xx_HAL_Driver/Src/stm32h7xx_hal_dma.c ****         /* Update error code */
 841:../../Drivers/STM32H7xx_HAL_Driver/Src/stm32h7xx_hal_dma.c ****         hdma->ErrorCode = HAL_DMA_ERROR_TIMEOUT;
 842:../../Drivers/STM32H7xx_HAL_Driver/Src/stm32h7xx_hal_dma.c **** 
 843:../../Drivers/STM32H7xx_HAL_Driver/Src/stm32h7xx_hal_dma.c ****         /* Change the DMA state */
 844:../../Drivers/STM32H7xx_HAL_Driver/Src/stm32h7xx_hal_dma.c ****         hdma->State = HAL_DMA_STATE_ERROR;
 845:../../Drivers/STM32H7xx_HAL_Driver/Src/stm32h7xx_hal_dma.c **** 
 846:../../Drivers/STM32H7xx_HAL_Driver/Src/stm32h7xx_hal_dma.c ****         /* Process Unlocked */
 847:../../Drivers/STM32H7xx_HAL_Driver/Src/stm32h7xx_hal_dma.c ****         __HAL_UNLOCK(hdma);
 848:../../Drivers/STM32H7xx_HAL_Driver/Src/stm32h7xx_hal_dma.c **** 
 849:../../Drivers/STM32H7xx_HAL_Driver/Src/stm32h7xx_hal_dma.c ****         return HAL_ERROR;
 850:../../Drivers/STM32H7xx_HAL_Driver/Src/stm32h7xx_hal_dma.c ****       }
 851:../../Drivers/STM32H7xx_HAL_Driver/Src/stm32h7xx_hal_dma.c ****     }
 852:../../Drivers/STM32H7xx_HAL_Driver/Src/stm32h7xx_hal_dma.c **** 
 853:../../Drivers/STM32H7xx_HAL_Driver/Src/stm32h7xx_hal_dma.c ****     /* Clear all interrupt flags at correct offset within the register */
 854:../../Drivers/STM32H7xx_HAL_Driver/Src/stm32h7xx_hal_dma.c ****     if(IS_DMA_STREAM_INSTANCE(hdma->Instance) != 0U) /* DMA1 or DMA2 instance */
 855:../../Drivers/STM32H7xx_HAL_Driver/Src/stm32h7xx_hal_dma.c ****     {
 856:../../Drivers/STM32H7xx_HAL_Driver/Src/stm32h7xx_hal_dma.c ****       regs_dma = (DMA_Base_Registers *)hdma->StreamBaseAddress;
 857:../../Drivers/STM32H7xx_HAL_Driver/Src/stm32h7xx_hal_dma.c ****       regs_dma->IFCR = 0x3FUL << (hdma->StreamIndex & 0x1FU);
 858:../../Drivers/STM32H7xx_HAL_Driver/Src/stm32h7xx_hal_dma.c ****     }
 859:../../Drivers/STM32H7xx_HAL_Driver/Src/stm32h7xx_hal_dma.c ****     else /* BDMA channel */
 860:../../Drivers/STM32H7xx_HAL_Driver/Src/stm32h7xx_hal_dma.c ****     {
 861:../../Drivers/STM32H7xx_HAL_Driver/Src/stm32h7xx_hal_dma.c ****       regs_bdma = (BDMA_Base_Registers *)hdma->StreamBaseAddress;
 862:../../Drivers/STM32H7xx_HAL_Driver/Src/stm32h7xx_hal_dma.c ****       regs_bdma->IFCR = ((BDMA_IFCR_CGIF0) << (hdma->StreamIndex & 0x1FU));
 863:../../Drivers/STM32H7xx_HAL_Driver/Src/stm32h7xx_hal_dma.c ****     }
 864:../../Drivers/STM32H7xx_HAL_Driver/Src/stm32h7xx_hal_dma.c **** 
 865:../../Drivers/STM32H7xx_HAL_Driver/Src/stm32h7xx_hal_dma.c ****     if(IS_DMA_DMAMUX_ALL_INSTANCE(hdma->Instance) != 0U) /* No DMAMUX available for BDMA1 */
 866:../../Drivers/STM32H7xx_HAL_Driver/Src/stm32h7xx_hal_dma.c ****     {
 867:../../Drivers/STM32H7xx_HAL_Driver/Src/stm32h7xx_hal_dma.c ****       /* Clear the DMAMUX synchro overrun flag */
 868:../../Drivers/STM32H7xx_HAL_Driver/Src/stm32h7xx_hal_dma.c ****       hdma->DMAmuxChannelStatus->CFR = hdma->DMAmuxChannelStatusMask;
 869:../../Drivers/STM32H7xx_HAL_Driver/Src/stm32h7xx_hal_dma.c **** 
 870:../../Drivers/STM32H7xx_HAL_Driver/Src/stm32h7xx_hal_dma.c ****       if(hdma->DMAmuxRequestGen != 0U)
 871:../../Drivers/STM32H7xx_HAL_Driver/Src/stm32h7xx_hal_dma.c ****       {
 872:../../Drivers/STM32H7xx_HAL_Driver/Src/stm32h7xx_hal_dma.c ****         /* if using DMAMUX request generator, disable the DMAMUX request generator overrun IT */
 873:../../Drivers/STM32H7xx_HAL_Driver/Src/stm32h7xx_hal_dma.c ****         /* disable the request gen overrun IT */
 874:../../Drivers/STM32H7xx_HAL_Driver/Src/stm32h7xx_hal_dma.c ****         hdma->DMAmuxRequestGen->RGCR &= ~DMAMUX_RGxCR_OIE;
 875:../../Drivers/STM32H7xx_HAL_Driver/Src/stm32h7xx_hal_dma.c **** 
 876:../../Drivers/STM32H7xx_HAL_Driver/Src/stm32h7xx_hal_dma.c ****         /* Clear the DMAMUX request generator overrun flag */
 877:../../Drivers/STM32H7xx_HAL_Driver/Src/stm32h7xx_hal_dma.c ****         hdma->DMAmuxRequestGenStatus->RGCFR = hdma->DMAmuxRequestGenStatusMask;
 878:../../Drivers/STM32H7xx_HAL_Driver/Src/stm32h7xx_hal_dma.c ****       }
 879:../../Drivers/STM32H7xx_HAL_Driver/Src/stm32h7xx_hal_dma.c ****     }
 880:../../Drivers/STM32H7xx_HAL_Driver/Src/stm32h7xx_hal_dma.c **** 
 881:../../Drivers/STM32H7xx_HAL_Driver/Src/stm32h7xx_hal_dma.c ****     /* Change the DMA state */
 882:../../Drivers/STM32H7xx_HAL_Driver/Src/stm32h7xx_hal_dma.c ****     hdma->State = HAL_DMA_STATE_READY;
 883:../../Drivers/STM32H7xx_HAL_Driver/Src/stm32h7xx_hal_dma.c **** 
 884:../../Drivers/STM32H7xx_HAL_Driver/Src/stm32h7xx_hal_dma.c ****     /* Process Unlocked */
 885:../../Drivers/STM32H7xx_HAL_Driver/Src/stm32h7xx_hal_dma.c ****     __HAL_UNLOCK(hdma);
 886:../../Drivers/STM32H7xx_HAL_Driver/Src/stm32h7xx_hal_dma.c ****   }
 887:../../Drivers/STM32H7xx_HAL_Driver/Src/stm32h7xx_hal_dma.c **** 
ARM GAS  /var/folders/2r/mdtt8xvd351gdc398t28_m2m0000gn/T//ccdEwLBV.s 			page 17


 888:../../Drivers/STM32H7xx_HAL_Driver/Src/stm32h7xx_hal_dma.c ****   return HAL_OK;
 889:../../Drivers/STM32H7xx_HAL_Driver/Src/stm32h7xx_hal_dma.c **** }
 890:../../Drivers/STM32H7xx_HAL_Driver/Src/stm32h7xx_hal_dma.c **** 
 891:../../Drivers/STM32H7xx_HAL_Driver/Src/stm32h7xx_hal_dma.c **** /**
 892:../../Drivers/STM32H7xx_HAL_Driver/Src/stm32h7xx_hal_dma.c ****   * @brief  Aborts the DMA Transfer in Interrupt mode.
 893:../../Drivers/STM32H7xx_HAL_Driver/Src/stm32h7xx_hal_dma.c ****   * @param  hdma  : pointer to a DMA_HandleTypeDef structure that contains
 894:../../Drivers/STM32H7xx_HAL_Driver/Src/stm32h7xx_hal_dma.c ****   *                 the configuration information for the specified DMA Stream.
 895:../../Drivers/STM32H7xx_HAL_Driver/Src/stm32h7xx_hal_dma.c ****   * @retval HAL status
 896:../../Drivers/STM32H7xx_HAL_Driver/Src/stm32h7xx_hal_dma.c ****   */
 897:../../Drivers/STM32H7xx_HAL_Driver/Src/stm32h7xx_hal_dma.c **** HAL_StatusTypeDef HAL_DMA_Abort_IT(DMA_HandleTypeDef *hdma)
 898:../../Drivers/STM32H7xx_HAL_Driver/Src/stm32h7xx_hal_dma.c **** {
 899:../../Drivers/STM32H7xx_HAL_Driver/Src/stm32h7xx_hal_dma.c ****   BDMA_Base_Registers *regs_bdma;
 900:../../Drivers/STM32H7xx_HAL_Driver/Src/stm32h7xx_hal_dma.c **** 
 901:../../Drivers/STM32H7xx_HAL_Driver/Src/stm32h7xx_hal_dma.c ****   /* Check the DMA peripheral handle */
 902:../../Drivers/STM32H7xx_HAL_Driver/Src/stm32h7xx_hal_dma.c ****   if(hdma == NULL)
 903:../../Drivers/STM32H7xx_HAL_Driver/Src/stm32h7xx_hal_dma.c ****   {
 904:../../Drivers/STM32H7xx_HAL_Driver/Src/stm32h7xx_hal_dma.c ****     return HAL_ERROR;
 905:../../Drivers/STM32H7xx_HAL_Driver/Src/stm32h7xx_hal_dma.c ****   }
 906:../../Drivers/STM32H7xx_HAL_Driver/Src/stm32h7xx_hal_dma.c **** 
 907:../../Drivers/STM32H7xx_HAL_Driver/Src/stm32h7xx_hal_dma.c ****   if(hdma->State != HAL_DMA_STATE_BUSY)
 908:../../Drivers/STM32H7xx_HAL_Driver/Src/stm32h7xx_hal_dma.c ****   {
 909:../../Drivers/STM32H7xx_HAL_Driver/Src/stm32h7xx_hal_dma.c ****     hdma->ErrorCode = HAL_DMA_ERROR_NO_XFER;
 910:../../Drivers/STM32H7xx_HAL_Driver/Src/stm32h7xx_hal_dma.c ****     return HAL_ERROR;
 911:../../Drivers/STM32H7xx_HAL_Driver/Src/stm32h7xx_hal_dma.c ****   }
 912:../../Drivers/STM32H7xx_HAL_Driver/Src/stm32h7xx_hal_dma.c ****   else
 913:../../Drivers/STM32H7xx_HAL_Driver/Src/stm32h7xx_hal_dma.c ****   {
 914:../../Drivers/STM32H7xx_HAL_Driver/Src/stm32h7xx_hal_dma.c ****     if(IS_DMA_STREAM_INSTANCE(hdma->Instance) != 0U) /* DMA1 or DMA2 instance */
 915:../../Drivers/STM32H7xx_HAL_Driver/Src/stm32h7xx_hal_dma.c ****     {
 916:../../Drivers/STM32H7xx_HAL_Driver/Src/stm32h7xx_hal_dma.c ****       /* Set Abort State  */
 917:../../Drivers/STM32H7xx_HAL_Driver/Src/stm32h7xx_hal_dma.c ****       hdma->State = HAL_DMA_STATE_ABORT;
 918:../../Drivers/STM32H7xx_HAL_Driver/Src/stm32h7xx_hal_dma.c **** 
 919:../../Drivers/STM32H7xx_HAL_Driver/Src/stm32h7xx_hal_dma.c ****       /* Disable the stream */
 920:../../Drivers/STM32H7xx_HAL_Driver/Src/stm32h7xx_hal_dma.c ****       __HAL_DMA_DISABLE(hdma);
 921:../../Drivers/STM32H7xx_HAL_Driver/Src/stm32h7xx_hal_dma.c ****     }
 922:../../Drivers/STM32H7xx_HAL_Driver/Src/stm32h7xx_hal_dma.c ****     else /* BDMA channel */
 923:../../Drivers/STM32H7xx_HAL_Driver/Src/stm32h7xx_hal_dma.c ****     {
 924:../../Drivers/STM32H7xx_HAL_Driver/Src/stm32h7xx_hal_dma.c ****       /* Disable DMA All Interrupts  */
 925:../../Drivers/STM32H7xx_HAL_Driver/Src/stm32h7xx_hal_dma.c ****       ((BDMA_Channel_TypeDef   *)hdma->Instance)->CCR  &= ~(BDMA_CCR_TCIE | BDMA_CCR_HTIE | BDMA_CC
 926:../../Drivers/STM32H7xx_HAL_Driver/Src/stm32h7xx_hal_dma.c **** 
 927:../../Drivers/STM32H7xx_HAL_Driver/Src/stm32h7xx_hal_dma.c ****       /* Disable the channel */
 928:../../Drivers/STM32H7xx_HAL_Driver/Src/stm32h7xx_hal_dma.c ****       __HAL_DMA_DISABLE(hdma);
 929:../../Drivers/STM32H7xx_HAL_Driver/Src/stm32h7xx_hal_dma.c **** 
 930:../../Drivers/STM32H7xx_HAL_Driver/Src/stm32h7xx_hal_dma.c ****       if(IS_DMA_DMAMUX_ALL_INSTANCE(hdma->Instance) != 0U) /* No DMAMUX available for BDMA1 */
 931:../../Drivers/STM32H7xx_HAL_Driver/Src/stm32h7xx_hal_dma.c ****       {
 932:../../Drivers/STM32H7xx_HAL_Driver/Src/stm32h7xx_hal_dma.c ****         /* disable the DMAMUX sync overrun IT */
 933:../../Drivers/STM32H7xx_HAL_Driver/Src/stm32h7xx_hal_dma.c ****         hdma->DMAmuxChannel->CCR &= ~DMAMUX_CxCR_SOIE;
 934:../../Drivers/STM32H7xx_HAL_Driver/Src/stm32h7xx_hal_dma.c **** 
 935:../../Drivers/STM32H7xx_HAL_Driver/Src/stm32h7xx_hal_dma.c ****         /* Clear all flags */
 936:../../Drivers/STM32H7xx_HAL_Driver/Src/stm32h7xx_hal_dma.c ****         regs_bdma = (BDMA_Base_Registers *)hdma->StreamBaseAddress;
 937:../../Drivers/STM32H7xx_HAL_Driver/Src/stm32h7xx_hal_dma.c ****         regs_bdma->IFCR = ((BDMA_IFCR_CGIF0) << (hdma->StreamIndex & 0x1FU));
 938:../../Drivers/STM32H7xx_HAL_Driver/Src/stm32h7xx_hal_dma.c **** 
 939:../../Drivers/STM32H7xx_HAL_Driver/Src/stm32h7xx_hal_dma.c ****         /* Clear the DMAMUX synchro overrun flag */
 940:../../Drivers/STM32H7xx_HAL_Driver/Src/stm32h7xx_hal_dma.c ****         hdma->DMAmuxChannelStatus->CFR = hdma->DMAmuxChannelStatusMask;
 941:../../Drivers/STM32H7xx_HAL_Driver/Src/stm32h7xx_hal_dma.c **** 
 942:../../Drivers/STM32H7xx_HAL_Driver/Src/stm32h7xx_hal_dma.c ****         if(hdma->DMAmuxRequestGen != 0U)
 943:../../Drivers/STM32H7xx_HAL_Driver/Src/stm32h7xx_hal_dma.c ****         {
 944:../../Drivers/STM32H7xx_HAL_Driver/Src/stm32h7xx_hal_dma.c ****           /* if using DMAMUX request generator, disable the DMAMUX request generator overrun IT*/
ARM GAS  /var/folders/2r/mdtt8xvd351gdc398t28_m2m0000gn/T//ccdEwLBV.s 			page 18


 945:../../Drivers/STM32H7xx_HAL_Driver/Src/stm32h7xx_hal_dma.c ****           /* disable the request gen overrun IT */
 946:../../Drivers/STM32H7xx_HAL_Driver/Src/stm32h7xx_hal_dma.c ****           hdma->DMAmuxRequestGen->RGCR &= ~DMAMUX_RGxCR_OIE;
 947:../../Drivers/STM32H7xx_HAL_Driver/Src/stm32h7xx_hal_dma.c **** 
 948:../../Drivers/STM32H7xx_HAL_Driver/Src/stm32h7xx_hal_dma.c ****           /* Clear the DMAMUX request generator overrun flag */
 949:../../Drivers/STM32H7xx_HAL_Driver/Src/stm32h7xx_hal_dma.c ****           hdma->DMAmuxRequestGenStatus->RGCFR = hdma->DMAmuxRequestGenStatusMask;
 950:../../Drivers/STM32H7xx_HAL_Driver/Src/stm32h7xx_hal_dma.c ****         }
 951:../../Drivers/STM32H7xx_HAL_Driver/Src/stm32h7xx_hal_dma.c ****       }
 952:../../Drivers/STM32H7xx_HAL_Driver/Src/stm32h7xx_hal_dma.c **** 
 953:../../Drivers/STM32H7xx_HAL_Driver/Src/stm32h7xx_hal_dma.c ****       /* Change the DMA state */
 954:../../Drivers/STM32H7xx_HAL_Driver/Src/stm32h7xx_hal_dma.c ****       hdma->State = HAL_DMA_STATE_READY;
 955:../../Drivers/STM32H7xx_HAL_Driver/Src/stm32h7xx_hal_dma.c **** 
 956:../../Drivers/STM32H7xx_HAL_Driver/Src/stm32h7xx_hal_dma.c ****       /* Process Unlocked */
 957:../../Drivers/STM32H7xx_HAL_Driver/Src/stm32h7xx_hal_dma.c ****       __HAL_UNLOCK(hdma);
 958:../../Drivers/STM32H7xx_HAL_Driver/Src/stm32h7xx_hal_dma.c **** 
 959:../../Drivers/STM32H7xx_HAL_Driver/Src/stm32h7xx_hal_dma.c ****       /* Call User Abort callback */
 960:../../Drivers/STM32H7xx_HAL_Driver/Src/stm32h7xx_hal_dma.c ****       if(hdma->XferAbortCallback != NULL)
 961:../../Drivers/STM32H7xx_HAL_Driver/Src/stm32h7xx_hal_dma.c ****       {
 962:../../Drivers/STM32H7xx_HAL_Driver/Src/stm32h7xx_hal_dma.c ****         hdma->XferAbortCallback(hdma);
 963:../../Drivers/STM32H7xx_HAL_Driver/Src/stm32h7xx_hal_dma.c ****       }
 964:../../Drivers/STM32H7xx_HAL_Driver/Src/stm32h7xx_hal_dma.c ****     }
 965:../../Drivers/STM32H7xx_HAL_Driver/Src/stm32h7xx_hal_dma.c ****   }
 966:../../Drivers/STM32H7xx_HAL_Driver/Src/stm32h7xx_hal_dma.c **** 
 967:../../Drivers/STM32H7xx_HAL_Driver/Src/stm32h7xx_hal_dma.c ****   return HAL_OK;
 968:../../Drivers/STM32H7xx_HAL_Driver/Src/stm32h7xx_hal_dma.c **** }
 969:../../Drivers/STM32H7xx_HAL_Driver/Src/stm32h7xx_hal_dma.c **** 
 970:../../Drivers/STM32H7xx_HAL_Driver/Src/stm32h7xx_hal_dma.c **** /**
 971:../../Drivers/STM32H7xx_HAL_Driver/Src/stm32h7xx_hal_dma.c ****   * @brief  Polling for transfer complete.
 972:../../Drivers/STM32H7xx_HAL_Driver/Src/stm32h7xx_hal_dma.c ****   * @param  hdma:          pointer to a DMA_HandleTypeDef structure that contains
 973:../../Drivers/STM32H7xx_HAL_Driver/Src/stm32h7xx_hal_dma.c ****   *                        the configuration information for the specified DMA Stream.
 974:../../Drivers/STM32H7xx_HAL_Driver/Src/stm32h7xx_hal_dma.c ****   * @param  CompleteLevel: Specifies the DMA level complete.
 975:../../Drivers/STM32H7xx_HAL_Driver/Src/stm32h7xx_hal_dma.c ****   * @note   The polling mode is kept in this version for legacy. it is recommended to use the IT mo
 976:../../Drivers/STM32H7xx_HAL_Driver/Src/stm32h7xx_hal_dma.c ****   *         This model could be used for debug purpose.
 977:../../Drivers/STM32H7xx_HAL_Driver/Src/stm32h7xx_hal_dma.c ****   * @note   The HAL_DMA_PollForTransfer API cannot be used in circular and double buffering mode (a
 978:../../Drivers/STM32H7xx_HAL_Driver/Src/stm32h7xx_hal_dma.c ****   * @param  Timeout:       Timeout duration.
 979:../../Drivers/STM32H7xx_HAL_Driver/Src/stm32h7xx_hal_dma.c ****   * @retval HAL status
 980:../../Drivers/STM32H7xx_HAL_Driver/Src/stm32h7xx_hal_dma.c ****   */
 981:../../Drivers/STM32H7xx_HAL_Driver/Src/stm32h7xx_hal_dma.c **** HAL_StatusTypeDef HAL_DMA_PollForTransfer(DMA_HandleTypeDef *hdma, HAL_DMA_LevelCompleteTypeDef Com
 982:../../Drivers/STM32H7xx_HAL_Driver/Src/stm32h7xx_hal_dma.c **** {
 983:../../Drivers/STM32H7xx_HAL_Driver/Src/stm32h7xx_hal_dma.c ****   HAL_StatusTypeDef status = HAL_OK;
 984:../../Drivers/STM32H7xx_HAL_Driver/Src/stm32h7xx_hal_dma.c ****   uint32_t cpltlevel_mask;
 985:../../Drivers/STM32H7xx_HAL_Driver/Src/stm32h7xx_hal_dma.c ****   uint32_t tickstart = HAL_GetTick();
 986:../../Drivers/STM32H7xx_HAL_Driver/Src/stm32h7xx_hal_dma.c **** 
 987:../../Drivers/STM32H7xx_HAL_Driver/Src/stm32h7xx_hal_dma.c ****   /* IT status register */
 988:../../Drivers/STM32H7xx_HAL_Driver/Src/stm32h7xx_hal_dma.c ****   __IO uint32_t *isr_reg;
 989:../../Drivers/STM32H7xx_HAL_Driver/Src/stm32h7xx_hal_dma.c ****   /* IT clear flag register */
 990:../../Drivers/STM32H7xx_HAL_Driver/Src/stm32h7xx_hal_dma.c ****   __IO uint32_t *ifcr_reg;
 991:../../Drivers/STM32H7xx_HAL_Driver/Src/stm32h7xx_hal_dma.c **** 
 992:../../Drivers/STM32H7xx_HAL_Driver/Src/stm32h7xx_hal_dma.c ****   /* Check the DMA peripheral handle */
 993:../../Drivers/STM32H7xx_HAL_Driver/Src/stm32h7xx_hal_dma.c ****   if(hdma == NULL)
 994:../../Drivers/STM32H7xx_HAL_Driver/Src/stm32h7xx_hal_dma.c ****   {
 995:../../Drivers/STM32H7xx_HAL_Driver/Src/stm32h7xx_hal_dma.c ****     return HAL_ERROR;
 996:../../Drivers/STM32H7xx_HAL_Driver/Src/stm32h7xx_hal_dma.c ****   }
 997:../../Drivers/STM32H7xx_HAL_Driver/Src/stm32h7xx_hal_dma.c **** 
 998:../../Drivers/STM32H7xx_HAL_Driver/Src/stm32h7xx_hal_dma.c ****   if(HAL_DMA_STATE_BUSY != hdma->State)
 999:../../Drivers/STM32H7xx_HAL_Driver/Src/stm32h7xx_hal_dma.c ****   {
1000:../../Drivers/STM32H7xx_HAL_Driver/Src/stm32h7xx_hal_dma.c ****     /* No transfer ongoing */
1001:../../Drivers/STM32H7xx_HAL_Driver/Src/stm32h7xx_hal_dma.c ****     hdma->ErrorCode = HAL_DMA_ERROR_NO_XFER;
ARM GAS  /var/folders/2r/mdtt8xvd351gdc398t28_m2m0000gn/T//ccdEwLBV.s 			page 19


1002:../../Drivers/STM32H7xx_HAL_Driver/Src/stm32h7xx_hal_dma.c ****     __HAL_UNLOCK(hdma);
1003:../../Drivers/STM32H7xx_HAL_Driver/Src/stm32h7xx_hal_dma.c **** 
1004:../../Drivers/STM32H7xx_HAL_Driver/Src/stm32h7xx_hal_dma.c ****     return HAL_ERROR;
1005:../../Drivers/STM32H7xx_HAL_Driver/Src/stm32h7xx_hal_dma.c ****   }
1006:../../Drivers/STM32H7xx_HAL_Driver/Src/stm32h7xx_hal_dma.c **** 
1007:../../Drivers/STM32H7xx_HAL_Driver/Src/stm32h7xx_hal_dma.c ****   if(IS_DMA_STREAM_INSTANCE(hdma->Instance) != 0U) /* DMA1 or DMA2 instance */
1008:../../Drivers/STM32H7xx_HAL_Driver/Src/stm32h7xx_hal_dma.c ****   {
1009:../../Drivers/STM32H7xx_HAL_Driver/Src/stm32h7xx_hal_dma.c ****     /* Polling mode not supported in circular mode and double buffering mode */
1010:../../Drivers/STM32H7xx_HAL_Driver/Src/stm32h7xx_hal_dma.c ****     if ((((DMA_Stream_TypeDef   *)hdma->Instance)->CR & DMA_SxCR_CIRC) != 0U)
1011:../../Drivers/STM32H7xx_HAL_Driver/Src/stm32h7xx_hal_dma.c ****     {
1012:../../Drivers/STM32H7xx_HAL_Driver/Src/stm32h7xx_hal_dma.c ****       hdma->ErrorCode = HAL_DMA_ERROR_NOT_SUPPORTED;
1013:../../Drivers/STM32H7xx_HAL_Driver/Src/stm32h7xx_hal_dma.c ****       return HAL_ERROR;
1014:../../Drivers/STM32H7xx_HAL_Driver/Src/stm32h7xx_hal_dma.c ****     }
1015:../../Drivers/STM32H7xx_HAL_Driver/Src/stm32h7xx_hal_dma.c **** 
1016:../../Drivers/STM32H7xx_HAL_Driver/Src/stm32h7xx_hal_dma.c ****     /* Get the level transfer complete flag */
1017:../../Drivers/STM32H7xx_HAL_Driver/Src/stm32h7xx_hal_dma.c ****     if(CompleteLevel == HAL_DMA_FULL_TRANSFER)
1018:../../Drivers/STM32H7xx_HAL_Driver/Src/stm32h7xx_hal_dma.c ****     {
1019:../../Drivers/STM32H7xx_HAL_Driver/Src/stm32h7xx_hal_dma.c ****       /* Transfer Complete flag */
1020:../../Drivers/STM32H7xx_HAL_Driver/Src/stm32h7xx_hal_dma.c ****       cpltlevel_mask = DMA_FLAG_TCIF0_4 << (hdma->StreamIndex & 0x1FU);
1021:../../Drivers/STM32H7xx_HAL_Driver/Src/stm32h7xx_hal_dma.c ****     }
1022:../../Drivers/STM32H7xx_HAL_Driver/Src/stm32h7xx_hal_dma.c ****     else
1023:../../Drivers/STM32H7xx_HAL_Driver/Src/stm32h7xx_hal_dma.c ****     {
1024:../../Drivers/STM32H7xx_HAL_Driver/Src/stm32h7xx_hal_dma.c ****       /* Half Transfer Complete flag */
1025:../../Drivers/STM32H7xx_HAL_Driver/Src/stm32h7xx_hal_dma.c ****       cpltlevel_mask = DMA_FLAG_HTIF0_4 << (hdma->StreamIndex & 0x1FU);
1026:../../Drivers/STM32H7xx_HAL_Driver/Src/stm32h7xx_hal_dma.c ****     }
1027:../../Drivers/STM32H7xx_HAL_Driver/Src/stm32h7xx_hal_dma.c **** 
1028:../../Drivers/STM32H7xx_HAL_Driver/Src/stm32h7xx_hal_dma.c ****     isr_reg  = &(((DMA_Base_Registers *)hdma->StreamBaseAddress)->ISR);
1029:../../Drivers/STM32H7xx_HAL_Driver/Src/stm32h7xx_hal_dma.c ****     ifcr_reg = &(((DMA_Base_Registers *)hdma->StreamBaseAddress)->IFCR);
1030:../../Drivers/STM32H7xx_HAL_Driver/Src/stm32h7xx_hal_dma.c ****   }
1031:../../Drivers/STM32H7xx_HAL_Driver/Src/stm32h7xx_hal_dma.c ****   else /* BDMA channel */
1032:../../Drivers/STM32H7xx_HAL_Driver/Src/stm32h7xx_hal_dma.c ****   {
1033:../../Drivers/STM32H7xx_HAL_Driver/Src/stm32h7xx_hal_dma.c ****     /* Polling mode not supported in circular mode */
1034:../../Drivers/STM32H7xx_HAL_Driver/Src/stm32h7xx_hal_dma.c ****     if ((((BDMA_Channel_TypeDef   *)hdma->Instance)->CCR & BDMA_CCR_CIRC) != 0U)
1035:../../Drivers/STM32H7xx_HAL_Driver/Src/stm32h7xx_hal_dma.c ****     {
1036:../../Drivers/STM32H7xx_HAL_Driver/Src/stm32h7xx_hal_dma.c ****       hdma->ErrorCode = HAL_DMA_ERROR_NOT_SUPPORTED;
1037:../../Drivers/STM32H7xx_HAL_Driver/Src/stm32h7xx_hal_dma.c ****       return HAL_ERROR;
1038:../../Drivers/STM32H7xx_HAL_Driver/Src/stm32h7xx_hal_dma.c ****     }
1039:../../Drivers/STM32H7xx_HAL_Driver/Src/stm32h7xx_hal_dma.c **** 
1040:../../Drivers/STM32H7xx_HAL_Driver/Src/stm32h7xx_hal_dma.c ****     /* Get the level transfer complete flag */
1041:../../Drivers/STM32H7xx_HAL_Driver/Src/stm32h7xx_hal_dma.c ****     if(CompleteLevel == HAL_DMA_FULL_TRANSFER)
1042:../../Drivers/STM32H7xx_HAL_Driver/Src/stm32h7xx_hal_dma.c ****     {
1043:../../Drivers/STM32H7xx_HAL_Driver/Src/stm32h7xx_hal_dma.c ****       /* Transfer Complete flag */
1044:../../Drivers/STM32H7xx_HAL_Driver/Src/stm32h7xx_hal_dma.c ****       cpltlevel_mask = BDMA_FLAG_TC0 << (hdma->StreamIndex & 0x1FU);
1045:../../Drivers/STM32H7xx_HAL_Driver/Src/stm32h7xx_hal_dma.c ****     }
1046:../../Drivers/STM32H7xx_HAL_Driver/Src/stm32h7xx_hal_dma.c ****     else
1047:../../Drivers/STM32H7xx_HAL_Driver/Src/stm32h7xx_hal_dma.c ****     {
1048:../../Drivers/STM32H7xx_HAL_Driver/Src/stm32h7xx_hal_dma.c ****       /* Half Transfer Complete flag */
1049:../../Drivers/STM32H7xx_HAL_Driver/Src/stm32h7xx_hal_dma.c ****       cpltlevel_mask = BDMA_FLAG_HT0 << (hdma->StreamIndex & 0x1FU);
1050:../../Drivers/STM32H7xx_HAL_Driver/Src/stm32h7xx_hal_dma.c ****     }
1051:../../Drivers/STM32H7xx_HAL_Driver/Src/stm32h7xx_hal_dma.c **** 
1052:../../Drivers/STM32H7xx_HAL_Driver/Src/stm32h7xx_hal_dma.c ****     isr_reg  = &(((BDMA_Base_Registers *)hdma->StreamBaseAddress)->ISR);
1053:../../Drivers/STM32H7xx_HAL_Driver/Src/stm32h7xx_hal_dma.c ****     ifcr_reg = &(((BDMA_Base_Registers *)hdma->StreamBaseAddress)->IFCR);
1054:../../Drivers/STM32H7xx_HAL_Driver/Src/stm32h7xx_hal_dma.c ****   }
1055:../../Drivers/STM32H7xx_HAL_Driver/Src/stm32h7xx_hal_dma.c **** 
1056:../../Drivers/STM32H7xx_HAL_Driver/Src/stm32h7xx_hal_dma.c ****   while(((*isr_reg) & cpltlevel_mask) == 0U)
1057:../../Drivers/STM32H7xx_HAL_Driver/Src/stm32h7xx_hal_dma.c ****   {
1058:../../Drivers/STM32H7xx_HAL_Driver/Src/stm32h7xx_hal_dma.c ****     if(IS_DMA_STREAM_INSTANCE(hdma->Instance) != 0U) /* DMA1 or DMA2 instance */
ARM GAS  /var/folders/2r/mdtt8xvd351gdc398t28_m2m0000gn/T//ccdEwLBV.s 			page 20


1059:../../Drivers/STM32H7xx_HAL_Driver/Src/stm32h7xx_hal_dma.c ****     {
1060:../../Drivers/STM32H7xx_HAL_Driver/Src/stm32h7xx_hal_dma.c ****       if(((*isr_reg) & (DMA_FLAG_FEIF0_4 << (hdma->StreamIndex & 0x1FU))) != 0U)
1061:../../Drivers/STM32H7xx_HAL_Driver/Src/stm32h7xx_hal_dma.c ****       {
1062:../../Drivers/STM32H7xx_HAL_Driver/Src/stm32h7xx_hal_dma.c ****         /* Update error code */
1063:../../Drivers/STM32H7xx_HAL_Driver/Src/stm32h7xx_hal_dma.c ****         hdma->ErrorCode |= HAL_DMA_ERROR_FE;
1064:../../Drivers/STM32H7xx_HAL_Driver/Src/stm32h7xx_hal_dma.c **** 
1065:../../Drivers/STM32H7xx_HAL_Driver/Src/stm32h7xx_hal_dma.c ****         /* Clear the FIFO error flag */
1066:../../Drivers/STM32H7xx_HAL_Driver/Src/stm32h7xx_hal_dma.c ****         (*ifcr_reg) = DMA_FLAG_FEIF0_4 << (hdma->StreamIndex & 0x1FU);
1067:../../Drivers/STM32H7xx_HAL_Driver/Src/stm32h7xx_hal_dma.c ****       }
1068:../../Drivers/STM32H7xx_HAL_Driver/Src/stm32h7xx_hal_dma.c **** 
1069:../../Drivers/STM32H7xx_HAL_Driver/Src/stm32h7xx_hal_dma.c ****       if(((*isr_reg) & (DMA_FLAG_DMEIF0_4 << (hdma->StreamIndex & 0x1FU))) != 0U)
1070:../../Drivers/STM32H7xx_HAL_Driver/Src/stm32h7xx_hal_dma.c ****       {
1071:../../Drivers/STM32H7xx_HAL_Driver/Src/stm32h7xx_hal_dma.c ****         /* Update error code */
1072:../../Drivers/STM32H7xx_HAL_Driver/Src/stm32h7xx_hal_dma.c ****         hdma->ErrorCode |= HAL_DMA_ERROR_DME;
1073:../../Drivers/STM32H7xx_HAL_Driver/Src/stm32h7xx_hal_dma.c **** 
1074:../../Drivers/STM32H7xx_HAL_Driver/Src/stm32h7xx_hal_dma.c ****         /* Clear the Direct Mode error flag */
1075:../../Drivers/STM32H7xx_HAL_Driver/Src/stm32h7xx_hal_dma.c ****         (*ifcr_reg) = DMA_FLAG_DMEIF0_4 << (hdma->StreamIndex & 0x1FU);
1076:../../Drivers/STM32H7xx_HAL_Driver/Src/stm32h7xx_hal_dma.c ****       }
1077:../../Drivers/STM32H7xx_HAL_Driver/Src/stm32h7xx_hal_dma.c **** 
1078:../../Drivers/STM32H7xx_HAL_Driver/Src/stm32h7xx_hal_dma.c ****       if(((*isr_reg) & (DMA_FLAG_TEIF0_4 << (hdma->StreamIndex & 0x1FU))) != 0U)
1079:../../Drivers/STM32H7xx_HAL_Driver/Src/stm32h7xx_hal_dma.c ****       {
1080:../../Drivers/STM32H7xx_HAL_Driver/Src/stm32h7xx_hal_dma.c ****         /* Update error code */
1081:../../Drivers/STM32H7xx_HAL_Driver/Src/stm32h7xx_hal_dma.c ****         hdma->ErrorCode |= HAL_DMA_ERROR_TE;
1082:../../Drivers/STM32H7xx_HAL_Driver/Src/stm32h7xx_hal_dma.c **** 
1083:../../Drivers/STM32H7xx_HAL_Driver/Src/stm32h7xx_hal_dma.c ****         /* Clear the transfer error flag */
1084:../../Drivers/STM32H7xx_HAL_Driver/Src/stm32h7xx_hal_dma.c ****         (*ifcr_reg) = DMA_FLAG_TEIF0_4 << (hdma->StreamIndex & 0x1FU);
1085:../../Drivers/STM32H7xx_HAL_Driver/Src/stm32h7xx_hal_dma.c **** 
1086:../../Drivers/STM32H7xx_HAL_Driver/Src/stm32h7xx_hal_dma.c ****         /* Change the DMA state */
1087:../../Drivers/STM32H7xx_HAL_Driver/Src/stm32h7xx_hal_dma.c ****         hdma->State = HAL_DMA_STATE_READY;
1088:../../Drivers/STM32H7xx_HAL_Driver/Src/stm32h7xx_hal_dma.c **** 
1089:../../Drivers/STM32H7xx_HAL_Driver/Src/stm32h7xx_hal_dma.c ****         /* Process Unlocked */
1090:../../Drivers/STM32H7xx_HAL_Driver/Src/stm32h7xx_hal_dma.c ****         __HAL_UNLOCK(hdma);
1091:../../Drivers/STM32H7xx_HAL_Driver/Src/stm32h7xx_hal_dma.c **** 
1092:../../Drivers/STM32H7xx_HAL_Driver/Src/stm32h7xx_hal_dma.c ****         return HAL_ERROR;
1093:../../Drivers/STM32H7xx_HAL_Driver/Src/stm32h7xx_hal_dma.c ****       }
1094:../../Drivers/STM32H7xx_HAL_Driver/Src/stm32h7xx_hal_dma.c ****     }
1095:../../Drivers/STM32H7xx_HAL_Driver/Src/stm32h7xx_hal_dma.c ****     else /* BDMA channel */
1096:../../Drivers/STM32H7xx_HAL_Driver/Src/stm32h7xx_hal_dma.c ****     {
1097:../../Drivers/STM32H7xx_HAL_Driver/Src/stm32h7xx_hal_dma.c ****       if(((*isr_reg) & (BDMA_FLAG_TE0 << (hdma->StreamIndex & 0x1FU))) != 0U)
1098:../../Drivers/STM32H7xx_HAL_Driver/Src/stm32h7xx_hal_dma.c ****       {
1099:../../Drivers/STM32H7xx_HAL_Driver/Src/stm32h7xx_hal_dma.c ****         /* When a DMA transfer error occurs */
1100:../../Drivers/STM32H7xx_HAL_Driver/Src/stm32h7xx_hal_dma.c ****         /* A hardware clear of its EN bits is performed */
1101:../../Drivers/STM32H7xx_HAL_Driver/Src/stm32h7xx_hal_dma.c ****         /* Clear all flags */
1102:../../Drivers/STM32H7xx_HAL_Driver/Src/stm32h7xx_hal_dma.c ****         (*isr_reg) = ((BDMA_ISR_GIF0) << (hdma->StreamIndex & 0x1FU));
1103:../../Drivers/STM32H7xx_HAL_Driver/Src/stm32h7xx_hal_dma.c **** 
1104:../../Drivers/STM32H7xx_HAL_Driver/Src/stm32h7xx_hal_dma.c ****         /* Update error code */
1105:../../Drivers/STM32H7xx_HAL_Driver/Src/stm32h7xx_hal_dma.c ****         hdma->ErrorCode = HAL_DMA_ERROR_TE;
1106:../../Drivers/STM32H7xx_HAL_Driver/Src/stm32h7xx_hal_dma.c **** 
1107:../../Drivers/STM32H7xx_HAL_Driver/Src/stm32h7xx_hal_dma.c ****         /* Change the DMA state */
1108:../../Drivers/STM32H7xx_HAL_Driver/Src/stm32h7xx_hal_dma.c ****         hdma->State = HAL_DMA_STATE_READY;
1109:../../Drivers/STM32H7xx_HAL_Driver/Src/stm32h7xx_hal_dma.c **** 
1110:../../Drivers/STM32H7xx_HAL_Driver/Src/stm32h7xx_hal_dma.c ****         /* Process Unlocked */
1111:../../Drivers/STM32H7xx_HAL_Driver/Src/stm32h7xx_hal_dma.c ****         __HAL_UNLOCK(hdma);
1112:../../Drivers/STM32H7xx_HAL_Driver/Src/stm32h7xx_hal_dma.c **** 
1113:../../Drivers/STM32H7xx_HAL_Driver/Src/stm32h7xx_hal_dma.c ****         return HAL_ERROR;
1114:../../Drivers/STM32H7xx_HAL_Driver/Src/stm32h7xx_hal_dma.c ****       }
1115:../../Drivers/STM32H7xx_HAL_Driver/Src/stm32h7xx_hal_dma.c ****     }
ARM GAS  /var/folders/2r/mdtt8xvd351gdc398t28_m2m0000gn/T//ccdEwLBV.s 			page 21


1116:../../Drivers/STM32H7xx_HAL_Driver/Src/stm32h7xx_hal_dma.c **** 
1117:../../Drivers/STM32H7xx_HAL_Driver/Src/stm32h7xx_hal_dma.c ****     /* Check for the Timeout (Not applicable in circular mode)*/
1118:../../Drivers/STM32H7xx_HAL_Driver/Src/stm32h7xx_hal_dma.c ****     if(Timeout != HAL_MAX_DELAY)
1119:../../Drivers/STM32H7xx_HAL_Driver/Src/stm32h7xx_hal_dma.c ****     {
1120:../../Drivers/STM32H7xx_HAL_Driver/Src/stm32h7xx_hal_dma.c ****       if(((HAL_GetTick() - tickstart ) > Timeout)||(Timeout == 0U))
1121:../../Drivers/STM32H7xx_HAL_Driver/Src/stm32h7xx_hal_dma.c ****       {
1122:../../Drivers/STM32H7xx_HAL_Driver/Src/stm32h7xx_hal_dma.c ****         /* Update error code */
1123:../../Drivers/STM32H7xx_HAL_Driver/Src/stm32h7xx_hal_dma.c ****         hdma->ErrorCode = HAL_DMA_ERROR_TIMEOUT;
1124:../../Drivers/STM32H7xx_HAL_Driver/Src/stm32h7xx_hal_dma.c **** 
1125:../../Drivers/STM32H7xx_HAL_Driver/Src/stm32h7xx_hal_dma.c ****         /* if timeout then abort the current transfer */
1126:../../Drivers/STM32H7xx_HAL_Driver/Src/stm32h7xx_hal_dma.c ****         /* No need to check return value: as in this case we will return HAL_ERROR with HAL_DMA_ERR
1127:../../Drivers/STM32H7xx_HAL_Driver/Src/stm32h7xx_hal_dma.c ****         (void) HAL_DMA_Abort(hdma);
1128:../../Drivers/STM32H7xx_HAL_Driver/Src/stm32h7xx_hal_dma.c ****           /*
1129:../../Drivers/STM32H7xx_HAL_Driver/Src/stm32h7xx_hal_dma.c ****             Note that the Abort function will
1130:../../Drivers/STM32H7xx_HAL_Driver/Src/stm32h7xx_hal_dma.c ****               - Clear the transfer error flags
1131:../../Drivers/STM32H7xx_HAL_Driver/Src/stm32h7xx_hal_dma.c ****               - Unlock
1132:../../Drivers/STM32H7xx_HAL_Driver/Src/stm32h7xx_hal_dma.c ****               - Set the State
1133:../../Drivers/STM32H7xx_HAL_Driver/Src/stm32h7xx_hal_dma.c ****           */
1134:../../Drivers/STM32H7xx_HAL_Driver/Src/stm32h7xx_hal_dma.c **** 
1135:../../Drivers/STM32H7xx_HAL_Driver/Src/stm32h7xx_hal_dma.c ****         return HAL_ERROR;
1136:../../Drivers/STM32H7xx_HAL_Driver/Src/stm32h7xx_hal_dma.c ****       }
1137:../../Drivers/STM32H7xx_HAL_Driver/Src/stm32h7xx_hal_dma.c ****     }
1138:../../Drivers/STM32H7xx_HAL_Driver/Src/stm32h7xx_hal_dma.c **** 
1139:../../Drivers/STM32H7xx_HAL_Driver/Src/stm32h7xx_hal_dma.c ****     if(IS_DMA_DMAMUX_ALL_INSTANCE(hdma->Instance) != 0U) /* No DMAMUX available for BDMA1 */
1140:../../Drivers/STM32H7xx_HAL_Driver/Src/stm32h7xx_hal_dma.c ****     {
1141:../../Drivers/STM32H7xx_HAL_Driver/Src/stm32h7xx_hal_dma.c ****       /* Check for DMAMUX Request generator (if used) overrun status */
1142:../../Drivers/STM32H7xx_HAL_Driver/Src/stm32h7xx_hal_dma.c ****       if(hdma->DMAmuxRequestGen != 0U)
1143:../../Drivers/STM32H7xx_HAL_Driver/Src/stm32h7xx_hal_dma.c ****       {
1144:../../Drivers/STM32H7xx_HAL_Driver/Src/stm32h7xx_hal_dma.c ****         /* if using DMAMUX request generator Check for DMAMUX request generator overrun */
1145:../../Drivers/STM32H7xx_HAL_Driver/Src/stm32h7xx_hal_dma.c ****         if((hdma->DMAmuxRequestGenStatus->RGSR & hdma->DMAmuxRequestGenStatusMask) != 0U)
1146:../../Drivers/STM32H7xx_HAL_Driver/Src/stm32h7xx_hal_dma.c ****         {
1147:../../Drivers/STM32H7xx_HAL_Driver/Src/stm32h7xx_hal_dma.c ****           /* Clear the DMAMUX request generator overrun flag */
1148:../../Drivers/STM32H7xx_HAL_Driver/Src/stm32h7xx_hal_dma.c ****           hdma->DMAmuxRequestGenStatus->RGCFR = hdma->DMAmuxRequestGenStatusMask;
1149:../../Drivers/STM32H7xx_HAL_Driver/Src/stm32h7xx_hal_dma.c **** 
1150:../../Drivers/STM32H7xx_HAL_Driver/Src/stm32h7xx_hal_dma.c ****           /* Update error code */
1151:../../Drivers/STM32H7xx_HAL_Driver/Src/stm32h7xx_hal_dma.c ****           hdma->ErrorCode |= HAL_DMA_ERROR_REQGEN;
1152:../../Drivers/STM32H7xx_HAL_Driver/Src/stm32h7xx_hal_dma.c ****         }
1153:../../Drivers/STM32H7xx_HAL_Driver/Src/stm32h7xx_hal_dma.c ****       }
1154:../../Drivers/STM32H7xx_HAL_Driver/Src/stm32h7xx_hal_dma.c **** 
1155:../../Drivers/STM32H7xx_HAL_Driver/Src/stm32h7xx_hal_dma.c ****       /* Check for DMAMUX Synchronization overrun */
1156:../../Drivers/STM32H7xx_HAL_Driver/Src/stm32h7xx_hal_dma.c ****       if((hdma->DMAmuxChannelStatus->CSR & hdma->DMAmuxChannelStatusMask) != 0U)
1157:../../Drivers/STM32H7xx_HAL_Driver/Src/stm32h7xx_hal_dma.c ****       {
1158:../../Drivers/STM32H7xx_HAL_Driver/Src/stm32h7xx_hal_dma.c ****         /* Clear the DMAMUX synchro overrun flag */
1159:../../Drivers/STM32H7xx_HAL_Driver/Src/stm32h7xx_hal_dma.c ****         hdma->DMAmuxChannelStatus->CFR = hdma->DMAmuxChannelStatusMask;
1160:../../Drivers/STM32H7xx_HAL_Driver/Src/stm32h7xx_hal_dma.c **** 
1161:../../Drivers/STM32H7xx_HAL_Driver/Src/stm32h7xx_hal_dma.c ****         /* Update error code */
1162:../../Drivers/STM32H7xx_HAL_Driver/Src/stm32h7xx_hal_dma.c ****         hdma->ErrorCode |= HAL_DMA_ERROR_SYNC;
1163:../../Drivers/STM32H7xx_HAL_Driver/Src/stm32h7xx_hal_dma.c ****       }
1164:../../Drivers/STM32H7xx_HAL_Driver/Src/stm32h7xx_hal_dma.c ****     }
1165:../../Drivers/STM32H7xx_HAL_Driver/Src/stm32h7xx_hal_dma.c ****   }
1166:../../Drivers/STM32H7xx_HAL_Driver/Src/stm32h7xx_hal_dma.c **** 
1167:../../Drivers/STM32H7xx_HAL_Driver/Src/stm32h7xx_hal_dma.c **** 
1168:../../Drivers/STM32H7xx_HAL_Driver/Src/stm32h7xx_hal_dma.c ****   /* Get the level transfer complete flag */
1169:../../Drivers/STM32H7xx_HAL_Driver/Src/stm32h7xx_hal_dma.c ****   if(CompleteLevel == HAL_DMA_FULL_TRANSFER)
1170:../../Drivers/STM32H7xx_HAL_Driver/Src/stm32h7xx_hal_dma.c ****   {
1171:../../Drivers/STM32H7xx_HAL_Driver/Src/stm32h7xx_hal_dma.c ****     /* Clear the half transfer and transfer complete flags */
1172:../../Drivers/STM32H7xx_HAL_Driver/Src/stm32h7xx_hal_dma.c ****     if(IS_DMA_STREAM_INSTANCE(hdma->Instance) != 0U) /* DMA1 or DMA2 instance */
ARM GAS  /var/folders/2r/mdtt8xvd351gdc398t28_m2m0000gn/T//ccdEwLBV.s 			page 22


1173:../../Drivers/STM32H7xx_HAL_Driver/Src/stm32h7xx_hal_dma.c ****     {
1174:../../Drivers/STM32H7xx_HAL_Driver/Src/stm32h7xx_hal_dma.c ****       (*ifcr_reg) = (DMA_FLAG_HTIF0_4 | DMA_FLAG_TCIF0_4) << (hdma->StreamIndex & 0x1FU);
1175:../../Drivers/STM32H7xx_HAL_Driver/Src/stm32h7xx_hal_dma.c ****     }
1176:../../Drivers/STM32H7xx_HAL_Driver/Src/stm32h7xx_hal_dma.c ****     else /* BDMA channel */
1177:../../Drivers/STM32H7xx_HAL_Driver/Src/stm32h7xx_hal_dma.c ****     {
1178:../../Drivers/STM32H7xx_HAL_Driver/Src/stm32h7xx_hal_dma.c ****       (*ifcr_reg) = (BDMA_FLAG_TC0 << (hdma->StreamIndex & 0x1FU));
1179:../../Drivers/STM32H7xx_HAL_Driver/Src/stm32h7xx_hal_dma.c ****     }
1180:../../Drivers/STM32H7xx_HAL_Driver/Src/stm32h7xx_hal_dma.c **** 
1181:../../Drivers/STM32H7xx_HAL_Driver/Src/stm32h7xx_hal_dma.c ****     hdma->State = HAL_DMA_STATE_READY;
1182:../../Drivers/STM32H7xx_HAL_Driver/Src/stm32h7xx_hal_dma.c **** 
1183:../../Drivers/STM32H7xx_HAL_Driver/Src/stm32h7xx_hal_dma.c ****     /* Process Unlocked */
1184:../../Drivers/STM32H7xx_HAL_Driver/Src/stm32h7xx_hal_dma.c ****     __HAL_UNLOCK(hdma);
1185:../../Drivers/STM32H7xx_HAL_Driver/Src/stm32h7xx_hal_dma.c ****   }
1186:../../Drivers/STM32H7xx_HAL_Driver/Src/stm32h7xx_hal_dma.c ****   else /*CompleteLevel = HAL_DMA_HALF_TRANSFER*/
1187:../../Drivers/STM32H7xx_HAL_Driver/Src/stm32h7xx_hal_dma.c ****   {
1188:../../Drivers/STM32H7xx_HAL_Driver/Src/stm32h7xx_hal_dma.c ****     /* Clear the half transfer and transfer complete flags */
1189:../../Drivers/STM32H7xx_HAL_Driver/Src/stm32h7xx_hal_dma.c ****     if(IS_DMA_STREAM_INSTANCE(hdma->Instance) != 0U) /* DMA1 or DMA2 instance */
1190:../../Drivers/STM32H7xx_HAL_Driver/Src/stm32h7xx_hal_dma.c ****     {
1191:../../Drivers/STM32H7xx_HAL_Driver/Src/stm32h7xx_hal_dma.c ****       (*ifcr_reg) = (DMA_FLAG_HTIF0_4) << (hdma->StreamIndex & 0x1FU);
1192:../../Drivers/STM32H7xx_HAL_Driver/Src/stm32h7xx_hal_dma.c ****     }
1193:../../Drivers/STM32H7xx_HAL_Driver/Src/stm32h7xx_hal_dma.c ****     else /* BDMA channel */
1194:../../Drivers/STM32H7xx_HAL_Driver/Src/stm32h7xx_hal_dma.c ****     {
1195:../../Drivers/STM32H7xx_HAL_Driver/Src/stm32h7xx_hal_dma.c ****       (*ifcr_reg) = (BDMA_FLAG_HT0 << (hdma->StreamIndex & 0x1FU));
1196:../../Drivers/STM32H7xx_HAL_Driver/Src/stm32h7xx_hal_dma.c ****     }
1197:../../Drivers/STM32H7xx_HAL_Driver/Src/stm32h7xx_hal_dma.c ****   }
1198:../../Drivers/STM32H7xx_HAL_Driver/Src/stm32h7xx_hal_dma.c **** 
1199:../../Drivers/STM32H7xx_HAL_Driver/Src/stm32h7xx_hal_dma.c ****   return status;
1200:../../Drivers/STM32H7xx_HAL_Driver/Src/stm32h7xx_hal_dma.c **** }
1201:../../Drivers/STM32H7xx_HAL_Driver/Src/stm32h7xx_hal_dma.c **** 
1202:../../Drivers/STM32H7xx_HAL_Driver/Src/stm32h7xx_hal_dma.c **** /**
1203:../../Drivers/STM32H7xx_HAL_Driver/Src/stm32h7xx_hal_dma.c ****   * @brief  Handles DMA interrupt request.
1204:../../Drivers/STM32H7xx_HAL_Driver/Src/stm32h7xx_hal_dma.c ****   * @param  hdma: pointer to a DMA_HandleTypeDef structure that contains
1205:../../Drivers/STM32H7xx_HAL_Driver/Src/stm32h7xx_hal_dma.c ****   *               the configuration information for the specified DMA Stream.
1206:../../Drivers/STM32H7xx_HAL_Driver/Src/stm32h7xx_hal_dma.c ****   * @retval None
1207:../../Drivers/STM32H7xx_HAL_Driver/Src/stm32h7xx_hal_dma.c ****   */
1208:../../Drivers/STM32H7xx_HAL_Driver/Src/stm32h7xx_hal_dma.c **** void HAL_DMA_IRQHandler(DMA_HandleTypeDef *hdma)
1209:../../Drivers/STM32H7xx_HAL_Driver/Src/stm32h7xx_hal_dma.c **** {
1210:../../Drivers/STM32H7xx_HAL_Driver/Src/stm32h7xx_hal_dma.c ****   uint32_t tmpisr_dma, tmpisr_bdma;
1211:../../Drivers/STM32H7xx_HAL_Driver/Src/stm32h7xx_hal_dma.c ****   uint32_t ccr_reg;
1212:../../Drivers/STM32H7xx_HAL_Driver/Src/stm32h7xx_hal_dma.c ****   __IO uint32_t count = 0U;
1213:../../Drivers/STM32H7xx_HAL_Driver/Src/stm32h7xx_hal_dma.c ****   uint32_t timeout = SystemCoreClock / 9600U;
1214:../../Drivers/STM32H7xx_HAL_Driver/Src/stm32h7xx_hal_dma.c **** 
1215:../../Drivers/STM32H7xx_HAL_Driver/Src/stm32h7xx_hal_dma.c ****   /* calculate DMA base and stream number */
1216:../../Drivers/STM32H7xx_HAL_Driver/Src/stm32h7xx_hal_dma.c ****   DMA_Base_Registers  *regs_dma  = (DMA_Base_Registers *)hdma->StreamBaseAddress;
1217:../../Drivers/STM32H7xx_HAL_Driver/Src/stm32h7xx_hal_dma.c ****   BDMA_Base_Registers *regs_bdma = (BDMA_Base_Registers *)hdma->StreamBaseAddress;
1218:../../Drivers/STM32H7xx_HAL_Driver/Src/stm32h7xx_hal_dma.c **** 
1219:../../Drivers/STM32H7xx_HAL_Driver/Src/stm32h7xx_hal_dma.c ****   tmpisr_dma  = regs_dma->ISR;
1220:../../Drivers/STM32H7xx_HAL_Driver/Src/stm32h7xx_hal_dma.c ****   tmpisr_bdma = regs_bdma->ISR;
1221:../../Drivers/STM32H7xx_HAL_Driver/Src/stm32h7xx_hal_dma.c **** 
1222:../../Drivers/STM32H7xx_HAL_Driver/Src/stm32h7xx_hal_dma.c ****   if(IS_DMA_STREAM_INSTANCE(hdma->Instance) != 0U)  /* DMA1 or DMA2 instance */
1223:../../Drivers/STM32H7xx_HAL_Driver/Src/stm32h7xx_hal_dma.c ****   {
1224:../../Drivers/STM32H7xx_HAL_Driver/Src/stm32h7xx_hal_dma.c ****     /* Transfer Error Interrupt management ***************************************/
1225:../../Drivers/STM32H7xx_HAL_Driver/Src/stm32h7xx_hal_dma.c ****     if ((tmpisr_dma & (DMA_FLAG_TEIF0_4 << (hdma->StreamIndex & 0x1FU))) != 0U)
1226:../../Drivers/STM32H7xx_HAL_Driver/Src/stm32h7xx_hal_dma.c ****     {
1227:../../Drivers/STM32H7xx_HAL_Driver/Src/stm32h7xx_hal_dma.c ****       if(__HAL_DMA_GET_IT_SOURCE(hdma, DMA_IT_TE) != 0U)
1228:../../Drivers/STM32H7xx_HAL_Driver/Src/stm32h7xx_hal_dma.c ****       {
1229:../../Drivers/STM32H7xx_HAL_Driver/Src/stm32h7xx_hal_dma.c ****         /* Disable the transfer error interrupt */
ARM GAS  /var/folders/2r/mdtt8xvd351gdc398t28_m2m0000gn/T//ccdEwLBV.s 			page 23


1230:../../Drivers/STM32H7xx_HAL_Driver/Src/stm32h7xx_hal_dma.c ****         ((DMA_Stream_TypeDef   *)hdma->Instance)->CR  &= ~(DMA_IT_TE);
1231:../../Drivers/STM32H7xx_HAL_Driver/Src/stm32h7xx_hal_dma.c **** 
1232:../../Drivers/STM32H7xx_HAL_Driver/Src/stm32h7xx_hal_dma.c ****         /* Clear the transfer error flag */
1233:../../Drivers/STM32H7xx_HAL_Driver/Src/stm32h7xx_hal_dma.c ****         regs_dma->IFCR = DMA_FLAG_TEIF0_4 << (hdma->StreamIndex & 0x1FU);
1234:../../Drivers/STM32H7xx_HAL_Driver/Src/stm32h7xx_hal_dma.c **** 
1235:../../Drivers/STM32H7xx_HAL_Driver/Src/stm32h7xx_hal_dma.c ****         /* Update error code */
1236:../../Drivers/STM32H7xx_HAL_Driver/Src/stm32h7xx_hal_dma.c ****         hdma->ErrorCode |= HAL_DMA_ERROR_TE;
1237:../../Drivers/STM32H7xx_HAL_Driver/Src/stm32h7xx_hal_dma.c ****       }
1238:../../Drivers/STM32H7xx_HAL_Driver/Src/stm32h7xx_hal_dma.c ****     }
1239:../../Drivers/STM32H7xx_HAL_Driver/Src/stm32h7xx_hal_dma.c ****     /* FIFO Error Interrupt management ******************************************/
1240:../../Drivers/STM32H7xx_HAL_Driver/Src/stm32h7xx_hal_dma.c ****     if ((tmpisr_dma & (DMA_FLAG_FEIF0_4 << (hdma->StreamIndex & 0x1FU))) != 0U)
1241:../../Drivers/STM32H7xx_HAL_Driver/Src/stm32h7xx_hal_dma.c ****     {
1242:../../Drivers/STM32H7xx_HAL_Driver/Src/stm32h7xx_hal_dma.c ****       if(__HAL_DMA_GET_IT_SOURCE(hdma, DMA_IT_FE) != 0U)
1243:../../Drivers/STM32H7xx_HAL_Driver/Src/stm32h7xx_hal_dma.c ****       {
1244:../../Drivers/STM32H7xx_HAL_Driver/Src/stm32h7xx_hal_dma.c ****         /* Clear the FIFO error flag */
1245:../../Drivers/STM32H7xx_HAL_Driver/Src/stm32h7xx_hal_dma.c ****         regs_dma->IFCR = DMA_FLAG_FEIF0_4 << (hdma->StreamIndex & 0x1FU);
1246:../../Drivers/STM32H7xx_HAL_Driver/Src/stm32h7xx_hal_dma.c **** 
1247:../../Drivers/STM32H7xx_HAL_Driver/Src/stm32h7xx_hal_dma.c ****         /* Update error code */
1248:../../Drivers/STM32H7xx_HAL_Driver/Src/stm32h7xx_hal_dma.c ****         hdma->ErrorCode |= HAL_DMA_ERROR_FE;
1249:../../Drivers/STM32H7xx_HAL_Driver/Src/stm32h7xx_hal_dma.c ****       }
1250:../../Drivers/STM32H7xx_HAL_Driver/Src/stm32h7xx_hal_dma.c ****     }
1251:../../Drivers/STM32H7xx_HAL_Driver/Src/stm32h7xx_hal_dma.c ****     /* Direct Mode Error Interrupt management ***********************************/
1252:../../Drivers/STM32H7xx_HAL_Driver/Src/stm32h7xx_hal_dma.c ****     if ((tmpisr_dma & (DMA_FLAG_DMEIF0_4 << (hdma->StreamIndex & 0x1FU))) != 0U)
1253:../../Drivers/STM32H7xx_HAL_Driver/Src/stm32h7xx_hal_dma.c ****     {
1254:../../Drivers/STM32H7xx_HAL_Driver/Src/stm32h7xx_hal_dma.c ****       if(__HAL_DMA_GET_IT_SOURCE(hdma, DMA_IT_DME) != 0U)
1255:../../Drivers/STM32H7xx_HAL_Driver/Src/stm32h7xx_hal_dma.c ****       {
1256:../../Drivers/STM32H7xx_HAL_Driver/Src/stm32h7xx_hal_dma.c ****         /* Clear the direct mode error flag */
1257:../../Drivers/STM32H7xx_HAL_Driver/Src/stm32h7xx_hal_dma.c ****         regs_dma->IFCR = DMA_FLAG_DMEIF0_4 << (hdma->StreamIndex & 0x1FU);
1258:../../Drivers/STM32H7xx_HAL_Driver/Src/stm32h7xx_hal_dma.c **** 
1259:../../Drivers/STM32H7xx_HAL_Driver/Src/stm32h7xx_hal_dma.c ****         /* Update error code */
1260:../../Drivers/STM32H7xx_HAL_Driver/Src/stm32h7xx_hal_dma.c ****         hdma->ErrorCode |= HAL_DMA_ERROR_DME;
1261:../../Drivers/STM32H7xx_HAL_Driver/Src/stm32h7xx_hal_dma.c ****       }
1262:../../Drivers/STM32H7xx_HAL_Driver/Src/stm32h7xx_hal_dma.c ****     }
1263:../../Drivers/STM32H7xx_HAL_Driver/Src/stm32h7xx_hal_dma.c ****     /* Half Transfer Complete Interrupt management ******************************/
1264:../../Drivers/STM32H7xx_HAL_Driver/Src/stm32h7xx_hal_dma.c ****     if ((tmpisr_dma & (DMA_FLAG_HTIF0_4 << (hdma->StreamIndex & 0x1FU))) != 0U)
1265:../../Drivers/STM32H7xx_HAL_Driver/Src/stm32h7xx_hal_dma.c ****     {
1266:../../Drivers/STM32H7xx_HAL_Driver/Src/stm32h7xx_hal_dma.c ****       if(__HAL_DMA_GET_IT_SOURCE(hdma, DMA_IT_HT) != 0U)
1267:../../Drivers/STM32H7xx_HAL_Driver/Src/stm32h7xx_hal_dma.c ****       {
1268:../../Drivers/STM32H7xx_HAL_Driver/Src/stm32h7xx_hal_dma.c ****         /* Clear the half transfer complete flag */
1269:../../Drivers/STM32H7xx_HAL_Driver/Src/stm32h7xx_hal_dma.c ****         regs_dma->IFCR = DMA_FLAG_HTIF0_4 << (hdma->StreamIndex & 0x1FU);
1270:../../Drivers/STM32H7xx_HAL_Driver/Src/stm32h7xx_hal_dma.c **** 
1271:../../Drivers/STM32H7xx_HAL_Driver/Src/stm32h7xx_hal_dma.c ****         /* Multi_Buffering mode enabled */
1272:../../Drivers/STM32H7xx_HAL_Driver/Src/stm32h7xx_hal_dma.c ****         if(((((DMA_Stream_TypeDef   *)hdma->Instance)->CR) & (uint32_t)(DMA_SxCR_DBM)) != 0U)
1273:../../Drivers/STM32H7xx_HAL_Driver/Src/stm32h7xx_hal_dma.c ****         {
1274:../../Drivers/STM32H7xx_HAL_Driver/Src/stm32h7xx_hal_dma.c ****           /* Current memory buffer used is Memory 0 */
1275:../../Drivers/STM32H7xx_HAL_Driver/Src/stm32h7xx_hal_dma.c ****           if((((DMA_Stream_TypeDef   *)hdma->Instance)->CR & DMA_SxCR_CT) == 0U)
1276:../../Drivers/STM32H7xx_HAL_Driver/Src/stm32h7xx_hal_dma.c ****           {
1277:../../Drivers/STM32H7xx_HAL_Driver/Src/stm32h7xx_hal_dma.c ****             if(hdma->XferHalfCpltCallback != NULL)
1278:../../Drivers/STM32H7xx_HAL_Driver/Src/stm32h7xx_hal_dma.c ****             {
1279:../../Drivers/STM32H7xx_HAL_Driver/Src/stm32h7xx_hal_dma.c ****               /* Half transfer callback */
1280:../../Drivers/STM32H7xx_HAL_Driver/Src/stm32h7xx_hal_dma.c ****               hdma->XferHalfCpltCallback(hdma);
1281:../../Drivers/STM32H7xx_HAL_Driver/Src/stm32h7xx_hal_dma.c ****             }
1282:../../Drivers/STM32H7xx_HAL_Driver/Src/stm32h7xx_hal_dma.c ****           }
1283:../../Drivers/STM32H7xx_HAL_Driver/Src/stm32h7xx_hal_dma.c ****           /* Current memory buffer used is Memory 1 */
1284:../../Drivers/STM32H7xx_HAL_Driver/Src/stm32h7xx_hal_dma.c ****           else
1285:../../Drivers/STM32H7xx_HAL_Driver/Src/stm32h7xx_hal_dma.c ****           {
1286:../../Drivers/STM32H7xx_HAL_Driver/Src/stm32h7xx_hal_dma.c ****             if(hdma->XferM1HalfCpltCallback != NULL)
ARM GAS  /var/folders/2r/mdtt8xvd351gdc398t28_m2m0000gn/T//ccdEwLBV.s 			page 24


1287:../../Drivers/STM32H7xx_HAL_Driver/Src/stm32h7xx_hal_dma.c ****             {
1288:../../Drivers/STM32H7xx_HAL_Driver/Src/stm32h7xx_hal_dma.c ****               /* Half transfer callback */
1289:../../Drivers/STM32H7xx_HAL_Driver/Src/stm32h7xx_hal_dma.c ****               hdma->XferM1HalfCpltCallback(hdma);
1290:../../Drivers/STM32H7xx_HAL_Driver/Src/stm32h7xx_hal_dma.c ****             }
1291:../../Drivers/STM32H7xx_HAL_Driver/Src/stm32h7xx_hal_dma.c ****           }
1292:../../Drivers/STM32H7xx_HAL_Driver/Src/stm32h7xx_hal_dma.c ****         }
1293:../../Drivers/STM32H7xx_HAL_Driver/Src/stm32h7xx_hal_dma.c ****         else
1294:../../Drivers/STM32H7xx_HAL_Driver/Src/stm32h7xx_hal_dma.c ****         {
1295:../../Drivers/STM32H7xx_HAL_Driver/Src/stm32h7xx_hal_dma.c ****           /* Disable the half transfer interrupt if the DMA mode is not CIRCULAR */
1296:../../Drivers/STM32H7xx_HAL_Driver/Src/stm32h7xx_hal_dma.c ****           if((((DMA_Stream_TypeDef   *)hdma->Instance)->CR & DMA_SxCR_CIRC) == 0U)
1297:../../Drivers/STM32H7xx_HAL_Driver/Src/stm32h7xx_hal_dma.c ****           {
1298:../../Drivers/STM32H7xx_HAL_Driver/Src/stm32h7xx_hal_dma.c ****             /* Disable the half transfer interrupt */
1299:../../Drivers/STM32H7xx_HAL_Driver/Src/stm32h7xx_hal_dma.c ****             ((DMA_Stream_TypeDef   *)hdma->Instance)->CR  &= ~(DMA_IT_HT);
1300:../../Drivers/STM32H7xx_HAL_Driver/Src/stm32h7xx_hal_dma.c ****           }
1301:../../Drivers/STM32H7xx_HAL_Driver/Src/stm32h7xx_hal_dma.c **** 
1302:../../Drivers/STM32H7xx_HAL_Driver/Src/stm32h7xx_hal_dma.c ****           if(hdma->XferHalfCpltCallback != NULL)
1303:../../Drivers/STM32H7xx_HAL_Driver/Src/stm32h7xx_hal_dma.c ****           {
1304:../../Drivers/STM32H7xx_HAL_Driver/Src/stm32h7xx_hal_dma.c ****             /* Half transfer callback */
1305:../../Drivers/STM32H7xx_HAL_Driver/Src/stm32h7xx_hal_dma.c ****             hdma->XferHalfCpltCallback(hdma);
1306:../../Drivers/STM32H7xx_HAL_Driver/Src/stm32h7xx_hal_dma.c ****           }
1307:../../Drivers/STM32H7xx_HAL_Driver/Src/stm32h7xx_hal_dma.c ****         }
1308:../../Drivers/STM32H7xx_HAL_Driver/Src/stm32h7xx_hal_dma.c ****       }
1309:../../Drivers/STM32H7xx_HAL_Driver/Src/stm32h7xx_hal_dma.c ****     }
1310:../../Drivers/STM32H7xx_HAL_Driver/Src/stm32h7xx_hal_dma.c ****     /* Transfer Complete Interrupt management ***********************************/
1311:../../Drivers/STM32H7xx_HAL_Driver/Src/stm32h7xx_hal_dma.c ****     if ((tmpisr_dma & (DMA_FLAG_TCIF0_4 << (hdma->StreamIndex & 0x1FU))) != 0U)
1312:../../Drivers/STM32H7xx_HAL_Driver/Src/stm32h7xx_hal_dma.c ****     {
1313:../../Drivers/STM32H7xx_HAL_Driver/Src/stm32h7xx_hal_dma.c ****       if(__HAL_DMA_GET_IT_SOURCE(hdma, DMA_IT_TC) != 0U)
1314:../../Drivers/STM32H7xx_HAL_Driver/Src/stm32h7xx_hal_dma.c ****       {
1315:../../Drivers/STM32H7xx_HAL_Driver/Src/stm32h7xx_hal_dma.c ****         /* Clear the transfer complete flag */
1316:../../Drivers/STM32H7xx_HAL_Driver/Src/stm32h7xx_hal_dma.c ****         regs_dma->IFCR = DMA_FLAG_TCIF0_4 << (hdma->StreamIndex & 0x1FU);
1317:../../Drivers/STM32H7xx_HAL_Driver/Src/stm32h7xx_hal_dma.c **** 
1318:../../Drivers/STM32H7xx_HAL_Driver/Src/stm32h7xx_hal_dma.c ****         if(HAL_DMA_STATE_ABORT == hdma->State)
1319:../../Drivers/STM32H7xx_HAL_Driver/Src/stm32h7xx_hal_dma.c ****         {
1320:../../Drivers/STM32H7xx_HAL_Driver/Src/stm32h7xx_hal_dma.c ****           /* Disable all the transfer interrupts */
1321:../../Drivers/STM32H7xx_HAL_Driver/Src/stm32h7xx_hal_dma.c ****           ((DMA_Stream_TypeDef   *)hdma->Instance)->CR  &= ~(DMA_IT_TC | DMA_IT_TE | DMA_IT_DME);
1322:../../Drivers/STM32H7xx_HAL_Driver/Src/stm32h7xx_hal_dma.c ****           ((DMA_Stream_TypeDef   *)hdma->Instance)->FCR &= ~(DMA_IT_FE);
1323:../../Drivers/STM32H7xx_HAL_Driver/Src/stm32h7xx_hal_dma.c **** 
1324:../../Drivers/STM32H7xx_HAL_Driver/Src/stm32h7xx_hal_dma.c ****           if((hdma->XferHalfCpltCallback != NULL) || (hdma->XferM1HalfCpltCallback != NULL))
1325:../../Drivers/STM32H7xx_HAL_Driver/Src/stm32h7xx_hal_dma.c ****           {
1326:../../Drivers/STM32H7xx_HAL_Driver/Src/stm32h7xx_hal_dma.c ****             ((DMA_Stream_TypeDef   *)hdma->Instance)->CR  &= ~(DMA_IT_HT);
1327:../../Drivers/STM32H7xx_HAL_Driver/Src/stm32h7xx_hal_dma.c ****           }
1328:../../Drivers/STM32H7xx_HAL_Driver/Src/stm32h7xx_hal_dma.c **** 
1329:../../Drivers/STM32H7xx_HAL_Driver/Src/stm32h7xx_hal_dma.c ****           /* Clear all interrupt flags at correct offset within the register */
1330:../../Drivers/STM32H7xx_HAL_Driver/Src/stm32h7xx_hal_dma.c ****           regs_dma->IFCR = 0x3FUL << (hdma->StreamIndex & 0x1FU);
1331:../../Drivers/STM32H7xx_HAL_Driver/Src/stm32h7xx_hal_dma.c **** 
1332:../../Drivers/STM32H7xx_HAL_Driver/Src/stm32h7xx_hal_dma.c ****           /* Change the DMA state */
1333:../../Drivers/STM32H7xx_HAL_Driver/Src/stm32h7xx_hal_dma.c ****           hdma->State = HAL_DMA_STATE_READY;
1334:../../Drivers/STM32H7xx_HAL_Driver/Src/stm32h7xx_hal_dma.c **** 
1335:../../Drivers/STM32H7xx_HAL_Driver/Src/stm32h7xx_hal_dma.c ****           /* Process Unlocked */
1336:../../Drivers/STM32H7xx_HAL_Driver/Src/stm32h7xx_hal_dma.c ****           __HAL_UNLOCK(hdma);
1337:../../Drivers/STM32H7xx_HAL_Driver/Src/stm32h7xx_hal_dma.c **** 
1338:../../Drivers/STM32H7xx_HAL_Driver/Src/stm32h7xx_hal_dma.c ****           if(hdma->XferAbortCallback != NULL)
1339:../../Drivers/STM32H7xx_HAL_Driver/Src/stm32h7xx_hal_dma.c ****           {
1340:../../Drivers/STM32H7xx_HAL_Driver/Src/stm32h7xx_hal_dma.c ****             hdma->XferAbortCallback(hdma);
1341:../../Drivers/STM32H7xx_HAL_Driver/Src/stm32h7xx_hal_dma.c ****           }
1342:../../Drivers/STM32H7xx_HAL_Driver/Src/stm32h7xx_hal_dma.c ****           return;
1343:../../Drivers/STM32H7xx_HAL_Driver/Src/stm32h7xx_hal_dma.c ****         }
ARM GAS  /var/folders/2r/mdtt8xvd351gdc398t28_m2m0000gn/T//ccdEwLBV.s 			page 25


1344:../../Drivers/STM32H7xx_HAL_Driver/Src/stm32h7xx_hal_dma.c **** 
1345:../../Drivers/STM32H7xx_HAL_Driver/Src/stm32h7xx_hal_dma.c ****         if(((((DMA_Stream_TypeDef   *)hdma->Instance)->CR) & (uint32_t)(DMA_SxCR_DBM)) != 0U)
1346:../../Drivers/STM32H7xx_HAL_Driver/Src/stm32h7xx_hal_dma.c ****         {
1347:../../Drivers/STM32H7xx_HAL_Driver/Src/stm32h7xx_hal_dma.c ****           /* Current memory buffer used is Memory 0 */
1348:../../Drivers/STM32H7xx_HAL_Driver/Src/stm32h7xx_hal_dma.c ****           if((((DMA_Stream_TypeDef   *)hdma->Instance)->CR & DMA_SxCR_CT) == 0U)
1349:../../Drivers/STM32H7xx_HAL_Driver/Src/stm32h7xx_hal_dma.c ****           {
1350:../../Drivers/STM32H7xx_HAL_Driver/Src/stm32h7xx_hal_dma.c ****             if(hdma->XferM1CpltCallback != NULL)
1351:../../Drivers/STM32H7xx_HAL_Driver/Src/stm32h7xx_hal_dma.c ****             {
1352:../../Drivers/STM32H7xx_HAL_Driver/Src/stm32h7xx_hal_dma.c ****               /* Transfer complete Callback for memory1 */
1353:../../Drivers/STM32H7xx_HAL_Driver/Src/stm32h7xx_hal_dma.c ****               hdma->XferM1CpltCallback(hdma);
1354:../../Drivers/STM32H7xx_HAL_Driver/Src/stm32h7xx_hal_dma.c ****             }
1355:../../Drivers/STM32H7xx_HAL_Driver/Src/stm32h7xx_hal_dma.c ****           }
1356:../../Drivers/STM32H7xx_HAL_Driver/Src/stm32h7xx_hal_dma.c ****           /* Current memory buffer used is Memory 1 */
1357:../../Drivers/STM32H7xx_HAL_Driver/Src/stm32h7xx_hal_dma.c ****           else
1358:../../Drivers/STM32H7xx_HAL_Driver/Src/stm32h7xx_hal_dma.c ****           {
1359:../../Drivers/STM32H7xx_HAL_Driver/Src/stm32h7xx_hal_dma.c ****             if(hdma->XferCpltCallback != NULL)
1360:../../Drivers/STM32H7xx_HAL_Driver/Src/stm32h7xx_hal_dma.c ****             {
1361:../../Drivers/STM32H7xx_HAL_Driver/Src/stm32h7xx_hal_dma.c ****               /* Transfer complete Callback for memory0 */
1362:../../Drivers/STM32H7xx_HAL_Driver/Src/stm32h7xx_hal_dma.c ****               hdma->XferCpltCallback(hdma);
1363:../../Drivers/STM32H7xx_HAL_Driver/Src/stm32h7xx_hal_dma.c ****             }
1364:../../Drivers/STM32H7xx_HAL_Driver/Src/stm32h7xx_hal_dma.c ****           }
1365:../../Drivers/STM32H7xx_HAL_Driver/Src/stm32h7xx_hal_dma.c ****         }
1366:../../Drivers/STM32H7xx_HAL_Driver/Src/stm32h7xx_hal_dma.c ****         /* Disable the transfer complete interrupt if the DMA mode is not CIRCULAR */
1367:../../Drivers/STM32H7xx_HAL_Driver/Src/stm32h7xx_hal_dma.c ****         else
1368:../../Drivers/STM32H7xx_HAL_Driver/Src/stm32h7xx_hal_dma.c ****         {
1369:../../Drivers/STM32H7xx_HAL_Driver/Src/stm32h7xx_hal_dma.c ****           if((((DMA_Stream_TypeDef   *)hdma->Instance)->CR & DMA_SxCR_CIRC) == 0U)
1370:../../Drivers/STM32H7xx_HAL_Driver/Src/stm32h7xx_hal_dma.c ****           {
1371:../../Drivers/STM32H7xx_HAL_Driver/Src/stm32h7xx_hal_dma.c ****             /* Disable the transfer complete interrupt */
1372:../../Drivers/STM32H7xx_HAL_Driver/Src/stm32h7xx_hal_dma.c ****             ((DMA_Stream_TypeDef   *)hdma->Instance)->CR  &= ~(DMA_IT_TC);
1373:../../Drivers/STM32H7xx_HAL_Driver/Src/stm32h7xx_hal_dma.c **** 
1374:../../Drivers/STM32H7xx_HAL_Driver/Src/stm32h7xx_hal_dma.c ****             /* Change the DMA state */
1375:../../Drivers/STM32H7xx_HAL_Driver/Src/stm32h7xx_hal_dma.c ****             hdma->State = HAL_DMA_STATE_READY;
1376:../../Drivers/STM32H7xx_HAL_Driver/Src/stm32h7xx_hal_dma.c **** 
1377:../../Drivers/STM32H7xx_HAL_Driver/Src/stm32h7xx_hal_dma.c ****             /* Process Unlocked */
1378:../../Drivers/STM32H7xx_HAL_Driver/Src/stm32h7xx_hal_dma.c ****             __HAL_UNLOCK(hdma);
1379:../../Drivers/STM32H7xx_HAL_Driver/Src/stm32h7xx_hal_dma.c ****           }
1380:../../Drivers/STM32H7xx_HAL_Driver/Src/stm32h7xx_hal_dma.c **** 
1381:../../Drivers/STM32H7xx_HAL_Driver/Src/stm32h7xx_hal_dma.c ****           if(hdma->XferCpltCallback != NULL)
1382:../../Drivers/STM32H7xx_HAL_Driver/Src/stm32h7xx_hal_dma.c ****           {
1383:../../Drivers/STM32H7xx_HAL_Driver/Src/stm32h7xx_hal_dma.c ****             /* Transfer complete callback */
1384:../../Drivers/STM32H7xx_HAL_Driver/Src/stm32h7xx_hal_dma.c ****             hdma->XferCpltCallback(hdma);
1385:../../Drivers/STM32H7xx_HAL_Driver/Src/stm32h7xx_hal_dma.c ****           }
1386:../../Drivers/STM32H7xx_HAL_Driver/Src/stm32h7xx_hal_dma.c ****         }
1387:../../Drivers/STM32H7xx_HAL_Driver/Src/stm32h7xx_hal_dma.c ****       }
1388:../../Drivers/STM32H7xx_HAL_Driver/Src/stm32h7xx_hal_dma.c ****     }
1389:../../Drivers/STM32H7xx_HAL_Driver/Src/stm32h7xx_hal_dma.c **** 
1390:../../Drivers/STM32H7xx_HAL_Driver/Src/stm32h7xx_hal_dma.c ****     /* manage error case */
1391:../../Drivers/STM32H7xx_HAL_Driver/Src/stm32h7xx_hal_dma.c ****     if(hdma->ErrorCode != HAL_DMA_ERROR_NONE)
1392:../../Drivers/STM32H7xx_HAL_Driver/Src/stm32h7xx_hal_dma.c ****     {
1393:../../Drivers/STM32H7xx_HAL_Driver/Src/stm32h7xx_hal_dma.c ****       if((hdma->ErrorCode & HAL_DMA_ERROR_TE) != 0U)
1394:../../Drivers/STM32H7xx_HAL_Driver/Src/stm32h7xx_hal_dma.c ****       {
1395:../../Drivers/STM32H7xx_HAL_Driver/Src/stm32h7xx_hal_dma.c ****         hdma->State = HAL_DMA_STATE_ABORT;
1396:../../Drivers/STM32H7xx_HAL_Driver/Src/stm32h7xx_hal_dma.c **** 
1397:../../Drivers/STM32H7xx_HAL_Driver/Src/stm32h7xx_hal_dma.c ****         /* Disable the stream */
1398:../../Drivers/STM32H7xx_HAL_Driver/Src/stm32h7xx_hal_dma.c ****         __HAL_DMA_DISABLE(hdma);
1399:../../Drivers/STM32H7xx_HAL_Driver/Src/stm32h7xx_hal_dma.c **** 
1400:../../Drivers/STM32H7xx_HAL_Driver/Src/stm32h7xx_hal_dma.c ****         do
ARM GAS  /var/folders/2r/mdtt8xvd351gdc398t28_m2m0000gn/T//ccdEwLBV.s 			page 26


1401:../../Drivers/STM32H7xx_HAL_Driver/Src/stm32h7xx_hal_dma.c ****         {
1402:../../Drivers/STM32H7xx_HAL_Driver/Src/stm32h7xx_hal_dma.c ****           if (++count > timeout)
1403:../../Drivers/STM32H7xx_HAL_Driver/Src/stm32h7xx_hal_dma.c ****           {
1404:../../Drivers/STM32H7xx_HAL_Driver/Src/stm32h7xx_hal_dma.c ****             break;
1405:../../Drivers/STM32H7xx_HAL_Driver/Src/stm32h7xx_hal_dma.c ****           }
1406:../../Drivers/STM32H7xx_HAL_Driver/Src/stm32h7xx_hal_dma.c ****         }
1407:../../Drivers/STM32H7xx_HAL_Driver/Src/stm32h7xx_hal_dma.c ****         while((((DMA_Stream_TypeDef   *)hdma->Instance)->CR & DMA_SxCR_EN) != 0U);
1408:../../Drivers/STM32H7xx_HAL_Driver/Src/stm32h7xx_hal_dma.c **** 
1409:../../Drivers/STM32H7xx_HAL_Driver/Src/stm32h7xx_hal_dma.c ****         if((((DMA_Stream_TypeDef   *)hdma->Instance)->CR & DMA_SxCR_EN) != 0U)
1410:../../Drivers/STM32H7xx_HAL_Driver/Src/stm32h7xx_hal_dma.c ****         {
1411:../../Drivers/STM32H7xx_HAL_Driver/Src/stm32h7xx_hal_dma.c ****           /* Change the DMA state to error if DMA disable fails */
1412:../../Drivers/STM32H7xx_HAL_Driver/Src/stm32h7xx_hal_dma.c ****           hdma->State = HAL_DMA_STATE_ERROR;
1413:../../Drivers/STM32H7xx_HAL_Driver/Src/stm32h7xx_hal_dma.c ****         }
1414:../../Drivers/STM32H7xx_HAL_Driver/Src/stm32h7xx_hal_dma.c ****         else
1415:../../Drivers/STM32H7xx_HAL_Driver/Src/stm32h7xx_hal_dma.c ****         {
1416:../../Drivers/STM32H7xx_HAL_Driver/Src/stm32h7xx_hal_dma.c ****           /* Change the DMA state to Ready if DMA disable success */
1417:../../Drivers/STM32H7xx_HAL_Driver/Src/stm32h7xx_hal_dma.c ****           hdma->State = HAL_DMA_STATE_READY;
1418:../../Drivers/STM32H7xx_HAL_Driver/Src/stm32h7xx_hal_dma.c ****         }
1419:../../Drivers/STM32H7xx_HAL_Driver/Src/stm32h7xx_hal_dma.c **** 
1420:../../Drivers/STM32H7xx_HAL_Driver/Src/stm32h7xx_hal_dma.c ****         /* Process Unlocked */
1421:../../Drivers/STM32H7xx_HAL_Driver/Src/stm32h7xx_hal_dma.c ****         __HAL_UNLOCK(hdma);
1422:../../Drivers/STM32H7xx_HAL_Driver/Src/stm32h7xx_hal_dma.c ****       }
1423:../../Drivers/STM32H7xx_HAL_Driver/Src/stm32h7xx_hal_dma.c **** 
1424:../../Drivers/STM32H7xx_HAL_Driver/Src/stm32h7xx_hal_dma.c ****       if(hdma->XferErrorCallback != NULL)
1425:../../Drivers/STM32H7xx_HAL_Driver/Src/stm32h7xx_hal_dma.c ****       {
1426:../../Drivers/STM32H7xx_HAL_Driver/Src/stm32h7xx_hal_dma.c ****         /* Transfer error callback */
1427:../../Drivers/STM32H7xx_HAL_Driver/Src/stm32h7xx_hal_dma.c ****         hdma->XferErrorCallback(hdma);
1428:../../Drivers/STM32H7xx_HAL_Driver/Src/stm32h7xx_hal_dma.c ****       }
1429:../../Drivers/STM32H7xx_HAL_Driver/Src/stm32h7xx_hal_dma.c ****     }
1430:../../Drivers/STM32H7xx_HAL_Driver/Src/stm32h7xx_hal_dma.c ****   }
1431:../../Drivers/STM32H7xx_HAL_Driver/Src/stm32h7xx_hal_dma.c ****   else if(IS_BDMA_CHANNEL_INSTANCE(hdma->Instance) != 0U)  /* BDMA instance(s) */
1432:../../Drivers/STM32H7xx_HAL_Driver/Src/stm32h7xx_hal_dma.c ****   {
1433:../../Drivers/STM32H7xx_HAL_Driver/Src/stm32h7xx_hal_dma.c ****     ccr_reg = (((BDMA_Channel_TypeDef   *)hdma->Instance)->CCR);
1434:../../Drivers/STM32H7xx_HAL_Driver/Src/stm32h7xx_hal_dma.c **** 
1435:../../Drivers/STM32H7xx_HAL_Driver/Src/stm32h7xx_hal_dma.c ****     /* Half Transfer Complete Interrupt management ******************************/
1436:../../Drivers/STM32H7xx_HAL_Driver/Src/stm32h7xx_hal_dma.c ****     if (((tmpisr_bdma & (BDMA_FLAG_HT0 << (hdma->StreamIndex & 0x1FU))) != 0U) && ((ccr_reg & BDMA_
1437:../../Drivers/STM32H7xx_HAL_Driver/Src/stm32h7xx_hal_dma.c ****     {
1438:../../Drivers/STM32H7xx_HAL_Driver/Src/stm32h7xx_hal_dma.c ****       /* Clear the half transfer complete flag */
1439:../../Drivers/STM32H7xx_HAL_Driver/Src/stm32h7xx_hal_dma.c ****       regs_bdma->IFCR = (BDMA_ISR_HTIF0 << (hdma->StreamIndex & 0x1FU));
1440:../../Drivers/STM32H7xx_HAL_Driver/Src/stm32h7xx_hal_dma.c **** 
1441:../../Drivers/STM32H7xx_HAL_Driver/Src/stm32h7xx_hal_dma.c ****       /* Disable the transfer complete interrupt if the DMA mode is Double Buffering */
1442:../../Drivers/STM32H7xx_HAL_Driver/Src/stm32h7xx_hal_dma.c ****       if((ccr_reg & BDMA_CCR_DBM) != 0U)
1443:../../Drivers/STM32H7xx_HAL_Driver/Src/stm32h7xx_hal_dma.c ****       {
1444:../../Drivers/STM32H7xx_HAL_Driver/Src/stm32h7xx_hal_dma.c ****         /* Current memory buffer used is Memory 0 */
1445:../../Drivers/STM32H7xx_HAL_Driver/Src/stm32h7xx_hal_dma.c ****         if((ccr_reg & BDMA_CCR_CT) == 0U)
1446:../../Drivers/STM32H7xx_HAL_Driver/Src/stm32h7xx_hal_dma.c ****         {
1447:../../Drivers/STM32H7xx_HAL_Driver/Src/stm32h7xx_hal_dma.c ****           if(hdma->XferM1HalfCpltCallback != NULL)
1448:../../Drivers/STM32H7xx_HAL_Driver/Src/stm32h7xx_hal_dma.c ****           {
1449:../../Drivers/STM32H7xx_HAL_Driver/Src/stm32h7xx_hal_dma.c ****             /* Half transfer Callback for Memory 1 */
1450:../../Drivers/STM32H7xx_HAL_Driver/Src/stm32h7xx_hal_dma.c ****             hdma->XferM1HalfCpltCallback(hdma);
1451:../../Drivers/STM32H7xx_HAL_Driver/Src/stm32h7xx_hal_dma.c ****           }
1452:../../Drivers/STM32H7xx_HAL_Driver/Src/stm32h7xx_hal_dma.c ****         }
1453:../../Drivers/STM32H7xx_HAL_Driver/Src/stm32h7xx_hal_dma.c ****         /* Current memory buffer used is Memory 1 */
1454:../../Drivers/STM32H7xx_HAL_Driver/Src/stm32h7xx_hal_dma.c ****         else
1455:../../Drivers/STM32H7xx_HAL_Driver/Src/stm32h7xx_hal_dma.c ****         {
1456:../../Drivers/STM32H7xx_HAL_Driver/Src/stm32h7xx_hal_dma.c ****           if(hdma->XferHalfCpltCallback != NULL)
1457:../../Drivers/STM32H7xx_HAL_Driver/Src/stm32h7xx_hal_dma.c ****           {
ARM GAS  /var/folders/2r/mdtt8xvd351gdc398t28_m2m0000gn/T//ccdEwLBV.s 			page 27


1458:../../Drivers/STM32H7xx_HAL_Driver/Src/stm32h7xx_hal_dma.c ****             /* Half transfer Callback for Memory 0 */
1459:../../Drivers/STM32H7xx_HAL_Driver/Src/stm32h7xx_hal_dma.c ****             hdma->XferHalfCpltCallback(hdma);
1460:../../Drivers/STM32H7xx_HAL_Driver/Src/stm32h7xx_hal_dma.c ****           }
1461:../../Drivers/STM32H7xx_HAL_Driver/Src/stm32h7xx_hal_dma.c ****         }
1462:../../Drivers/STM32H7xx_HAL_Driver/Src/stm32h7xx_hal_dma.c ****       }
1463:../../Drivers/STM32H7xx_HAL_Driver/Src/stm32h7xx_hal_dma.c ****       else
1464:../../Drivers/STM32H7xx_HAL_Driver/Src/stm32h7xx_hal_dma.c ****       {
1465:../../Drivers/STM32H7xx_HAL_Driver/Src/stm32h7xx_hal_dma.c ****         if((ccr_reg & BDMA_CCR_CIRC) == 0U)
1466:../../Drivers/STM32H7xx_HAL_Driver/Src/stm32h7xx_hal_dma.c ****         {
1467:../../Drivers/STM32H7xx_HAL_Driver/Src/stm32h7xx_hal_dma.c ****           /* Disable the half transfer interrupt */
1468:../../Drivers/STM32H7xx_HAL_Driver/Src/stm32h7xx_hal_dma.c ****           __HAL_DMA_DISABLE_IT(hdma, DMA_IT_HT);
1469:../../Drivers/STM32H7xx_HAL_Driver/Src/stm32h7xx_hal_dma.c ****         }
1470:../../Drivers/STM32H7xx_HAL_Driver/Src/stm32h7xx_hal_dma.c **** 
1471:../../Drivers/STM32H7xx_HAL_Driver/Src/stm32h7xx_hal_dma.c ****         /* DMA peripheral state is not updated in Half Transfer */
1472:../../Drivers/STM32H7xx_HAL_Driver/Src/stm32h7xx_hal_dma.c ****         /* but in Transfer Complete case */
1473:../../Drivers/STM32H7xx_HAL_Driver/Src/stm32h7xx_hal_dma.c **** 
1474:../../Drivers/STM32H7xx_HAL_Driver/Src/stm32h7xx_hal_dma.c ****        if(hdma->XferHalfCpltCallback != NULL)
1475:../../Drivers/STM32H7xx_HAL_Driver/Src/stm32h7xx_hal_dma.c ****         {
1476:../../Drivers/STM32H7xx_HAL_Driver/Src/stm32h7xx_hal_dma.c ****           /* Half transfer callback */
1477:../../Drivers/STM32H7xx_HAL_Driver/Src/stm32h7xx_hal_dma.c ****           hdma->XferHalfCpltCallback(hdma);
1478:../../Drivers/STM32H7xx_HAL_Driver/Src/stm32h7xx_hal_dma.c ****         }
1479:../../Drivers/STM32H7xx_HAL_Driver/Src/stm32h7xx_hal_dma.c ****       }
1480:../../Drivers/STM32H7xx_HAL_Driver/Src/stm32h7xx_hal_dma.c ****     }
1481:../../Drivers/STM32H7xx_HAL_Driver/Src/stm32h7xx_hal_dma.c **** 
1482:../../Drivers/STM32H7xx_HAL_Driver/Src/stm32h7xx_hal_dma.c ****     /* Transfer Complete Interrupt management ***********************************/
1483:../../Drivers/STM32H7xx_HAL_Driver/Src/stm32h7xx_hal_dma.c ****     else if (((tmpisr_bdma & (BDMA_FLAG_TC0 << (hdma->StreamIndex & 0x1FU))) != 0U) && ((ccr_reg & 
1484:../../Drivers/STM32H7xx_HAL_Driver/Src/stm32h7xx_hal_dma.c ****     {
1485:../../Drivers/STM32H7xx_HAL_Driver/Src/stm32h7xx_hal_dma.c ****       /* Clear the transfer complete flag */
1486:../../Drivers/STM32H7xx_HAL_Driver/Src/stm32h7xx_hal_dma.c ****       regs_bdma->IFCR = (BDMA_ISR_TCIF0) << (hdma->StreamIndex & 0x1FU);
1487:../../Drivers/STM32H7xx_HAL_Driver/Src/stm32h7xx_hal_dma.c **** 
1488:../../Drivers/STM32H7xx_HAL_Driver/Src/stm32h7xx_hal_dma.c ****       /* Disable the transfer complete interrupt if the DMA mode is Double Buffering */
1489:../../Drivers/STM32H7xx_HAL_Driver/Src/stm32h7xx_hal_dma.c ****       if((ccr_reg & BDMA_CCR_DBM) != 0U)
1490:../../Drivers/STM32H7xx_HAL_Driver/Src/stm32h7xx_hal_dma.c ****       {
1491:../../Drivers/STM32H7xx_HAL_Driver/Src/stm32h7xx_hal_dma.c ****         /* Current memory buffer used is Memory 0 */
1492:../../Drivers/STM32H7xx_HAL_Driver/Src/stm32h7xx_hal_dma.c ****         if((ccr_reg & BDMA_CCR_CT) == 0U)
1493:../../Drivers/STM32H7xx_HAL_Driver/Src/stm32h7xx_hal_dma.c ****         {
1494:../../Drivers/STM32H7xx_HAL_Driver/Src/stm32h7xx_hal_dma.c ****           if(hdma->XferM1CpltCallback != NULL)
1495:../../Drivers/STM32H7xx_HAL_Driver/Src/stm32h7xx_hal_dma.c ****           {
1496:../../Drivers/STM32H7xx_HAL_Driver/Src/stm32h7xx_hal_dma.c ****             /* Transfer complete Callback for Memory 1 */
1497:../../Drivers/STM32H7xx_HAL_Driver/Src/stm32h7xx_hal_dma.c ****             hdma->XferM1CpltCallback(hdma);
1498:../../Drivers/STM32H7xx_HAL_Driver/Src/stm32h7xx_hal_dma.c ****           }
1499:../../Drivers/STM32H7xx_HAL_Driver/Src/stm32h7xx_hal_dma.c ****         }
1500:../../Drivers/STM32H7xx_HAL_Driver/Src/stm32h7xx_hal_dma.c ****         /* Current memory buffer used is Memory 1 */
1501:../../Drivers/STM32H7xx_HAL_Driver/Src/stm32h7xx_hal_dma.c ****         else
1502:../../Drivers/STM32H7xx_HAL_Driver/Src/stm32h7xx_hal_dma.c ****         {
1503:../../Drivers/STM32H7xx_HAL_Driver/Src/stm32h7xx_hal_dma.c ****           if(hdma->XferCpltCallback != NULL)
1504:../../Drivers/STM32H7xx_HAL_Driver/Src/stm32h7xx_hal_dma.c ****           {
1505:../../Drivers/STM32H7xx_HAL_Driver/Src/stm32h7xx_hal_dma.c ****             /* Transfer complete Callback for Memory 0 */
1506:../../Drivers/STM32H7xx_HAL_Driver/Src/stm32h7xx_hal_dma.c ****             hdma->XferCpltCallback(hdma);
1507:../../Drivers/STM32H7xx_HAL_Driver/Src/stm32h7xx_hal_dma.c ****           }
1508:../../Drivers/STM32H7xx_HAL_Driver/Src/stm32h7xx_hal_dma.c ****         }
1509:../../Drivers/STM32H7xx_HAL_Driver/Src/stm32h7xx_hal_dma.c ****       }
1510:../../Drivers/STM32H7xx_HAL_Driver/Src/stm32h7xx_hal_dma.c ****       else
1511:../../Drivers/STM32H7xx_HAL_Driver/Src/stm32h7xx_hal_dma.c ****       {
1512:../../Drivers/STM32H7xx_HAL_Driver/Src/stm32h7xx_hal_dma.c ****         if((ccr_reg & BDMA_CCR_CIRC) == 0U)
1513:../../Drivers/STM32H7xx_HAL_Driver/Src/stm32h7xx_hal_dma.c ****         {
1514:../../Drivers/STM32H7xx_HAL_Driver/Src/stm32h7xx_hal_dma.c ****           /* Disable the transfer complete and error interrupt, if the DMA mode is not CIRCULAR */
ARM GAS  /var/folders/2r/mdtt8xvd351gdc398t28_m2m0000gn/T//ccdEwLBV.s 			page 28


1515:../../Drivers/STM32H7xx_HAL_Driver/Src/stm32h7xx_hal_dma.c ****           __HAL_DMA_DISABLE_IT(hdma, DMA_IT_TE | DMA_IT_TC);
1516:../../Drivers/STM32H7xx_HAL_Driver/Src/stm32h7xx_hal_dma.c **** 
1517:../../Drivers/STM32H7xx_HAL_Driver/Src/stm32h7xx_hal_dma.c ****           /* Change the DMA state */
1518:../../Drivers/STM32H7xx_HAL_Driver/Src/stm32h7xx_hal_dma.c ****           hdma->State = HAL_DMA_STATE_READY;
1519:../../Drivers/STM32H7xx_HAL_Driver/Src/stm32h7xx_hal_dma.c **** 
1520:../../Drivers/STM32H7xx_HAL_Driver/Src/stm32h7xx_hal_dma.c ****           /* Process Unlocked */
1521:../../Drivers/STM32H7xx_HAL_Driver/Src/stm32h7xx_hal_dma.c ****           __HAL_UNLOCK(hdma);
1522:../../Drivers/STM32H7xx_HAL_Driver/Src/stm32h7xx_hal_dma.c ****         }
1523:../../Drivers/STM32H7xx_HAL_Driver/Src/stm32h7xx_hal_dma.c **** 
1524:../../Drivers/STM32H7xx_HAL_Driver/Src/stm32h7xx_hal_dma.c ****         if(hdma->XferCpltCallback != NULL)
1525:../../Drivers/STM32H7xx_HAL_Driver/Src/stm32h7xx_hal_dma.c ****         {
1526:../../Drivers/STM32H7xx_HAL_Driver/Src/stm32h7xx_hal_dma.c ****           /* Transfer complete callback */
1527:../../Drivers/STM32H7xx_HAL_Driver/Src/stm32h7xx_hal_dma.c ****           hdma->XferCpltCallback(hdma);
1528:../../Drivers/STM32H7xx_HAL_Driver/Src/stm32h7xx_hal_dma.c ****         }
1529:../../Drivers/STM32H7xx_HAL_Driver/Src/stm32h7xx_hal_dma.c ****       }
1530:../../Drivers/STM32H7xx_HAL_Driver/Src/stm32h7xx_hal_dma.c ****     }
1531:../../Drivers/STM32H7xx_HAL_Driver/Src/stm32h7xx_hal_dma.c ****     /* Transfer Error Interrupt management **************************************/
1532:../../Drivers/STM32H7xx_HAL_Driver/Src/stm32h7xx_hal_dma.c ****     else if (((tmpisr_bdma & (BDMA_FLAG_TE0 << (hdma->StreamIndex & 0x1FU))) != 0U) && ((ccr_reg & 
1533:../../Drivers/STM32H7xx_HAL_Driver/Src/stm32h7xx_hal_dma.c ****     {
1534:../../Drivers/STM32H7xx_HAL_Driver/Src/stm32h7xx_hal_dma.c ****       /* When a DMA transfer error occurs */
1535:../../Drivers/STM32H7xx_HAL_Driver/Src/stm32h7xx_hal_dma.c ****       /* A hardware clear of its EN bits is performed */
1536:../../Drivers/STM32H7xx_HAL_Driver/Src/stm32h7xx_hal_dma.c ****       /* Disable ALL DMA IT */
1537:../../Drivers/STM32H7xx_HAL_Driver/Src/stm32h7xx_hal_dma.c ****       __HAL_DMA_DISABLE_IT(hdma, (DMA_IT_TC | DMA_IT_HT | DMA_IT_TE));
1538:../../Drivers/STM32H7xx_HAL_Driver/Src/stm32h7xx_hal_dma.c **** 
1539:../../Drivers/STM32H7xx_HAL_Driver/Src/stm32h7xx_hal_dma.c ****       /* Clear all flags */
1540:../../Drivers/STM32H7xx_HAL_Driver/Src/stm32h7xx_hal_dma.c ****       regs_bdma->IFCR = (BDMA_ISR_GIF0) << (hdma->StreamIndex & 0x1FU);
1541:../../Drivers/STM32H7xx_HAL_Driver/Src/stm32h7xx_hal_dma.c **** 
1542:../../Drivers/STM32H7xx_HAL_Driver/Src/stm32h7xx_hal_dma.c ****       /* Update error code */
1543:../../Drivers/STM32H7xx_HAL_Driver/Src/stm32h7xx_hal_dma.c ****       hdma->ErrorCode = HAL_DMA_ERROR_TE;
1544:../../Drivers/STM32H7xx_HAL_Driver/Src/stm32h7xx_hal_dma.c **** 
1545:../../Drivers/STM32H7xx_HAL_Driver/Src/stm32h7xx_hal_dma.c ****       /* Change the DMA state */
1546:../../Drivers/STM32H7xx_HAL_Driver/Src/stm32h7xx_hal_dma.c ****       hdma->State = HAL_DMA_STATE_READY;
1547:../../Drivers/STM32H7xx_HAL_Driver/Src/stm32h7xx_hal_dma.c **** 
1548:../../Drivers/STM32H7xx_HAL_Driver/Src/stm32h7xx_hal_dma.c ****       /* Process Unlocked */
1549:../../Drivers/STM32H7xx_HAL_Driver/Src/stm32h7xx_hal_dma.c ****       __HAL_UNLOCK(hdma);
1550:../../Drivers/STM32H7xx_HAL_Driver/Src/stm32h7xx_hal_dma.c **** 
1551:../../Drivers/STM32H7xx_HAL_Driver/Src/stm32h7xx_hal_dma.c ****       if (hdma->XferErrorCallback != NULL)
1552:../../Drivers/STM32H7xx_HAL_Driver/Src/stm32h7xx_hal_dma.c ****       {
1553:../../Drivers/STM32H7xx_HAL_Driver/Src/stm32h7xx_hal_dma.c ****         /* Transfer error callback */
1554:../../Drivers/STM32H7xx_HAL_Driver/Src/stm32h7xx_hal_dma.c ****         hdma->XferErrorCallback(hdma);
1555:../../Drivers/STM32H7xx_HAL_Driver/Src/stm32h7xx_hal_dma.c ****       }
1556:../../Drivers/STM32H7xx_HAL_Driver/Src/stm32h7xx_hal_dma.c ****     }
1557:../../Drivers/STM32H7xx_HAL_Driver/Src/stm32h7xx_hal_dma.c ****     else
1558:../../Drivers/STM32H7xx_HAL_Driver/Src/stm32h7xx_hal_dma.c ****     {
1559:../../Drivers/STM32H7xx_HAL_Driver/Src/stm32h7xx_hal_dma.c ****       /* Nothing To Do */
1560:../../Drivers/STM32H7xx_HAL_Driver/Src/stm32h7xx_hal_dma.c ****     }
1561:../../Drivers/STM32H7xx_HAL_Driver/Src/stm32h7xx_hal_dma.c ****   }
1562:../../Drivers/STM32H7xx_HAL_Driver/Src/stm32h7xx_hal_dma.c ****   else
1563:../../Drivers/STM32H7xx_HAL_Driver/Src/stm32h7xx_hal_dma.c ****   {
1564:../../Drivers/STM32H7xx_HAL_Driver/Src/stm32h7xx_hal_dma.c ****     /* Nothing To Do */
1565:../../Drivers/STM32H7xx_HAL_Driver/Src/stm32h7xx_hal_dma.c ****   }
1566:../../Drivers/STM32H7xx_HAL_Driver/Src/stm32h7xx_hal_dma.c **** }
1567:../../Drivers/STM32H7xx_HAL_Driver/Src/stm32h7xx_hal_dma.c **** 
1568:../../Drivers/STM32H7xx_HAL_Driver/Src/stm32h7xx_hal_dma.c **** /**
1569:../../Drivers/STM32H7xx_HAL_Driver/Src/stm32h7xx_hal_dma.c ****   * @brief  Register callbacks
1570:../../Drivers/STM32H7xx_HAL_Driver/Src/stm32h7xx_hal_dma.c ****   * @param  hdma:                 pointer to a DMA_HandleTypeDef structure that contains
1571:../../Drivers/STM32H7xx_HAL_Driver/Src/stm32h7xx_hal_dma.c ****   *                               the configuration information for the specified DMA Stream.
ARM GAS  /var/folders/2r/mdtt8xvd351gdc398t28_m2m0000gn/T//ccdEwLBV.s 			page 29


1572:../../Drivers/STM32H7xx_HAL_Driver/Src/stm32h7xx_hal_dma.c ****   * @param  CallbackID:           User Callback identifier
1573:../../Drivers/STM32H7xx_HAL_Driver/Src/stm32h7xx_hal_dma.c ****   *                               a DMA_HandleTypeDef structure as parameter.
1574:../../Drivers/STM32H7xx_HAL_Driver/Src/stm32h7xx_hal_dma.c ****   * @param  pCallback:            pointer to private callback function which has pointer to
1575:../../Drivers/STM32H7xx_HAL_Driver/Src/stm32h7xx_hal_dma.c ****   *                               a DMA_HandleTypeDef structure as parameter.
1576:../../Drivers/STM32H7xx_HAL_Driver/Src/stm32h7xx_hal_dma.c ****   * @retval HAL status
1577:../../Drivers/STM32H7xx_HAL_Driver/Src/stm32h7xx_hal_dma.c ****   */
1578:../../Drivers/STM32H7xx_HAL_Driver/Src/stm32h7xx_hal_dma.c **** HAL_StatusTypeDef HAL_DMA_RegisterCallback(DMA_HandleTypeDef *hdma, HAL_DMA_CallbackIDTypeDef Callb
1579:../../Drivers/STM32H7xx_HAL_Driver/Src/stm32h7xx_hal_dma.c **** {
1580:../../Drivers/STM32H7xx_HAL_Driver/Src/stm32h7xx_hal_dma.c **** 
1581:../../Drivers/STM32H7xx_HAL_Driver/Src/stm32h7xx_hal_dma.c ****   HAL_StatusTypeDef status = HAL_OK;
1582:../../Drivers/STM32H7xx_HAL_Driver/Src/stm32h7xx_hal_dma.c **** 
1583:../../Drivers/STM32H7xx_HAL_Driver/Src/stm32h7xx_hal_dma.c ****   /* Check the DMA peripheral handle */
1584:../../Drivers/STM32H7xx_HAL_Driver/Src/stm32h7xx_hal_dma.c ****   if(hdma == NULL)
1585:../../Drivers/STM32H7xx_HAL_Driver/Src/stm32h7xx_hal_dma.c ****   {
1586:../../Drivers/STM32H7xx_HAL_Driver/Src/stm32h7xx_hal_dma.c ****     return HAL_ERROR;
1587:../../Drivers/STM32H7xx_HAL_Driver/Src/stm32h7xx_hal_dma.c ****   }
1588:../../Drivers/STM32H7xx_HAL_Driver/Src/stm32h7xx_hal_dma.c **** 
1589:../../Drivers/STM32H7xx_HAL_Driver/Src/stm32h7xx_hal_dma.c ****   /* Process locked */
1590:../../Drivers/STM32H7xx_HAL_Driver/Src/stm32h7xx_hal_dma.c ****   __HAL_LOCK(hdma);
1591:../../Drivers/STM32H7xx_HAL_Driver/Src/stm32h7xx_hal_dma.c **** 
1592:../../Drivers/STM32H7xx_HAL_Driver/Src/stm32h7xx_hal_dma.c ****   if(HAL_DMA_STATE_READY == hdma->State)
1593:../../Drivers/STM32H7xx_HAL_Driver/Src/stm32h7xx_hal_dma.c ****   {
1594:../../Drivers/STM32H7xx_HAL_Driver/Src/stm32h7xx_hal_dma.c ****     switch (CallbackID)
1595:../../Drivers/STM32H7xx_HAL_Driver/Src/stm32h7xx_hal_dma.c ****     {
1596:../../Drivers/STM32H7xx_HAL_Driver/Src/stm32h7xx_hal_dma.c ****     case  HAL_DMA_XFER_CPLT_CB_ID:
1597:../../Drivers/STM32H7xx_HAL_Driver/Src/stm32h7xx_hal_dma.c ****       hdma->XferCpltCallback = pCallback;
1598:../../Drivers/STM32H7xx_HAL_Driver/Src/stm32h7xx_hal_dma.c ****       break;
1599:../../Drivers/STM32H7xx_HAL_Driver/Src/stm32h7xx_hal_dma.c **** 
1600:../../Drivers/STM32H7xx_HAL_Driver/Src/stm32h7xx_hal_dma.c ****     case  HAL_DMA_XFER_HALFCPLT_CB_ID:
1601:../../Drivers/STM32H7xx_HAL_Driver/Src/stm32h7xx_hal_dma.c ****       hdma->XferHalfCpltCallback = pCallback;
1602:../../Drivers/STM32H7xx_HAL_Driver/Src/stm32h7xx_hal_dma.c ****       break;
1603:../../Drivers/STM32H7xx_HAL_Driver/Src/stm32h7xx_hal_dma.c **** 
1604:../../Drivers/STM32H7xx_HAL_Driver/Src/stm32h7xx_hal_dma.c ****     case  HAL_DMA_XFER_M1CPLT_CB_ID:
1605:../../Drivers/STM32H7xx_HAL_Driver/Src/stm32h7xx_hal_dma.c ****       hdma->XferM1CpltCallback = pCallback;
1606:../../Drivers/STM32H7xx_HAL_Driver/Src/stm32h7xx_hal_dma.c ****       break;
1607:../../Drivers/STM32H7xx_HAL_Driver/Src/stm32h7xx_hal_dma.c **** 
1608:../../Drivers/STM32H7xx_HAL_Driver/Src/stm32h7xx_hal_dma.c ****     case  HAL_DMA_XFER_M1HALFCPLT_CB_ID:
1609:../../Drivers/STM32H7xx_HAL_Driver/Src/stm32h7xx_hal_dma.c ****       hdma->XferM1HalfCpltCallback = pCallback;
1610:../../Drivers/STM32H7xx_HAL_Driver/Src/stm32h7xx_hal_dma.c ****       break;
1611:../../Drivers/STM32H7xx_HAL_Driver/Src/stm32h7xx_hal_dma.c **** 
1612:../../Drivers/STM32H7xx_HAL_Driver/Src/stm32h7xx_hal_dma.c ****     case  HAL_DMA_XFER_ERROR_CB_ID:
1613:../../Drivers/STM32H7xx_HAL_Driver/Src/stm32h7xx_hal_dma.c ****       hdma->XferErrorCallback = pCallback;
1614:../../Drivers/STM32H7xx_HAL_Driver/Src/stm32h7xx_hal_dma.c ****       break;
1615:../../Drivers/STM32H7xx_HAL_Driver/Src/stm32h7xx_hal_dma.c **** 
1616:../../Drivers/STM32H7xx_HAL_Driver/Src/stm32h7xx_hal_dma.c ****     case  HAL_DMA_XFER_ABORT_CB_ID:
1617:../../Drivers/STM32H7xx_HAL_Driver/Src/stm32h7xx_hal_dma.c ****       hdma->XferAbortCallback = pCallback;
1618:../../Drivers/STM32H7xx_HAL_Driver/Src/stm32h7xx_hal_dma.c ****       break;
1619:../../Drivers/STM32H7xx_HAL_Driver/Src/stm32h7xx_hal_dma.c **** 
1620:../../Drivers/STM32H7xx_HAL_Driver/Src/stm32h7xx_hal_dma.c ****     default:
1621:../../Drivers/STM32H7xx_HAL_Driver/Src/stm32h7xx_hal_dma.c ****       status =  HAL_ERROR;
1622:../../Drivers/STM32H7xx_HAL_Driver/Src/stm32h7xx_hal_dma.c ****       break;
1623:../../Drivers/STM32H7xx_HAL_Driver/Src/stm32h7xx_hal_dma.c ****     }
1624:../../Drivers/STM32H7xx_HAL_Driver/Src/stm32h7xx_hal_dma.c ****   }
1625:../../Drivers/STM32H7xx_HAL_Driver/Src/stm32h7xx_hal_dma.c ****   else
1626:../../Drivers/STM32H7xx_HAL_Driver/Src/stm32h7xx_hal_dma.c ****   {
1627:../../Drivers/STM32H7xx_HAL_Driver/Src/stm32h7xx_hal_dma.c ****     /* Return error status */
1628:../../Drivers/STM32H7xx_HAL_Driver/Src/stm32h7xx_hal_dma.c ****     status =  HAL_ERROR;
ARM GAS  /var/folders/2r/mdtt8xvd351gdc398t28_m2m0000gn/T//ccdEwLBV.s 			page 30


1629:../../Drivers/STM32H7xx_HAL_Driver/Src/stm32h7xx_hal_dma.c ****   }
1630:../../Drivers/STM32H7xx_HAL_Driver/Src/stm32h7xx_hal_dma.c **** 
1631:../../Drivers/STM32H7xx_HAL_Driver/Src/stm32h7xx_hal_dma.c ****   /* Release Lock */
1632:../../Drivers/STM32H7xx_HAL_Driver/Src/stm32h7xx_hal_dma.c ****   __HAL_UNLOCK(hdma);
1633:../../Drivers/STM32H7xx_HAL_Driver/Src/stm32h7xx_hal_dma.c **** 
1634:../../Drivers/STM32H7xx_HAL_Driver/Src/stm32h7xx_hal_dma.c ****   return status;
1635:../../Drivers/STM32H7xx_HAL_Driver/Src/stm32h7xx_hal_dma.c **** }
1636:../../Drivers/STM32H7xx_HAL_Driver/Src/stm32h7xx_hal_dma.c **** 
1637:../../Drivers/STM32H7xx_HAL_Driver/Src/stm32h7xx_hal_dma.c **** /**
1638:../../Drivers/STM32H7xx_HAL_Driver/Src/stm32h7xx_hal_dma.c ****   * @brief  UnRegister callbacks
1639:../../Drivers/STM32H7xx_HAL_Driver/Src/stm32h7xx_hal_dma.c ****   * @param  hdma:                 pointer to a DMA_HandleTypeDef structure that contains
1640:../../Drivers/STM32H7xx_HAL_Driver/Src/stm32h7xx_hal_dma.c ****   *                               the configuration information for the specified DMA Stream.
1641:../../Drivers/STM32H7xx_HAL_Driver/Src/stm32h7xx_hal_dma.c ****   * @param  CallbackID:           User Callback identifier
1642:../../Drivers/STM32H7xx_HAL_Driver/Src/stm32h7xx_hal_dma.c ****   *                               a HAL_DMA_CallbackIDTypeDef ENUM as parameter.
1643:../../Drivers/STM32H7xx_HAL_Driver/Src/stm32h7xx_hal_dma.c ****   * @retval HAL status
1644:../../Drivers/STM32H7xx_HAL_Driver/Src/stm32h7xx_hal_dma.c ****   */
1645:../../Drivers/STM32H7xx_HAL_Driver/Src/stm32h7xx_hal_dma.c **** HAL_StatusTypeDef HAL_DMA_UnRegisterCallback(DMA_HandleTypeDef *hdma, HAL_DMA_CallbackIDTypeDef Cal
1646:../../Drivers/STM32H7xx_HAL_Driver/Src/stm32h7xx_hal_dma.c **** {
1647:../../Drivers/STM32H7xx_HAL_Driver/Src/stm32h7xx_hal_dma.c ****   HAL_StatusTypeDef status = HAL_OK;
1648:../../Drivers/STM32H7xx_HAL_Driver/Src/stm32h7xx_hal_dma.c **** 
1649:../../Drivers/STM32H7xx_HAL_Driver/Src/stm32h7xx_hal_dma.c ****   /* Check the DMA peripheral handle */
1650:../../Drivers/STM32H7xx_HAL_Driver/Src/stm32h7xx_hal_dma.c ****   if(hdma == NULL)
1651:../../Drivers/STM32H7xx_HAL_Driver/Src/stm32h7xx_hal_dma.c ****   {
1652:../../Drivers/STM32H7xx_HAL_Driver/Src/stm32h7xx_hal_dma.c ****     return HAL_ERROR;
1653:../../Drivers/STM32H7xx_HAL_Driver/Src/stm32h7xx_hal_dma.c ****   }
1654:../../Drivers/STM32H7xx_HAL_Driver/Src/stm32h7xx_hal_dma.c **** 
1655:../../Drivers/STM32H7xx_HAL_Driver/Src/stm32h7xx_hal_dma.c ****   /* Process locked */
1656:../../Drivers/STM32H7xx_HAL_Driver/Src/stm32h7xx_hal_dma.c ****   __HAL_LOCK(hdma);
1657:../../Drivers/STM32H7xx_HAL_Driver/Src/stm32h7xx_hal_dma.c **** 
1658:../../Drivers/STM32H7xx_HAL_Driver/Src/stm32h7xx_hal_dma.c ****   if(HAL_DMA_STATE_READY == hdma->State)
1659:../../Drivers/STM32H7xx_HAL_Driver/Src/stm32h7xx_hal_dma.c ****   {
1660:../../Drivers/STM32H7xx_HAL_Driver/Src/stm32h7xx_hal_dma.c ****     switch (CallbackID)
1661:../../Drivers/STM32H7xx_HAL_Driver/Src/stm32h7xx_hal_dma.c ****     {
1662:../../Drivers/STM32H7xx_HAL_Driver/Src/stm32h7xx_hal_dma.c ****     case  HAL_DMA_XFER_CPLT_CB_ID:
1663:../../Drivers/STM32H7xx_HAL_Driver/Src/stm32h7xx_hal_dma.c ****       hdma->XferCpltCallback = NULL;
1664:../../Drivers/STM32H7xx_HAL_Driver/Src/stm32h7xx_hal_dma.c ****       break;
1665:../../Drivers/STM32H7xx_HAL_Driver/Src/stm32h7xx_hal_dma.c **** 
1666:../../Drivers/STM32H7xx_HAL_Driver/Src/stm32h7xx_hal_dma.c ****     case  HAL_DMA_XFER_HALFCPLT_CB_ID:
1667:../../Drivers/STM32H7xx_HAL_Driver/Src/stm32h7xx_hal_dma.c ****       hdma->XferHalfCpltCallback = NULL;
1668:../../Drivers/STM32H7xx_HAL_Driver/Src/stm32h7xx_hal_dma.c ****       break;
1669:../../Drivers/STM32H7xx_HAL_Driver/Src/stm32h7xx_hal_dma.c **** 
1670:../../Drivers/STM32H7xx_HAL_Driver/Src/stm32h7xx_hal_dma.c ****     case  HAL_DMA_XFER_M1CPLT_CB_ID:
1671:../../Drivers/STM32H7xx_HAL_Driver/Src/stm32h7xx_hal_dma.c ****       hdma->XferM1CpltCallback = NULL;
1672:../../Drivers/STM32H7xx_HAL_Driver/Src/stm32h7xx_hal_dma.c ****       break;
1673:../../Drivers/STM32H7xx_HAL_Driver/Src/stm32h7xx_hal_dma.c **** 
1674:../../Drivers/STM32H7xx_HAL_Driver/Src/stm32h7xx_hal_dma.c ****     case  HAL_DMA_XFER_M1HALFCPLT_CB_ID:
1675:../../Drivers/STM32H7xx_HAL_Driver/Src/stm32h7xx_hal_dma.c ****       hdma->XferM1HalfCpltCallback = NULL;
1676:../../Drivers/STM32H7xx_HAL_Driver/Src/stm32h7xx_hal_dma.c ****       break;
1677:../../Drivers/STM32H7xx_HAL_Driver/Src/stm32h7xx_hal_dma.c **** 
1678:../../Drivers/STM32H7xx_HAL_Driver/Src/stm32h7xx_hal_dma.c ****     case  HAL_DMA_XFER_ERROR_CB_ID:
1679:../../Drivers/STM32H7xx_HAL_Driver/Src/stm32h7xx_hal_dma.c ****       hdma->XferErrorCallback = NULL;
1680:../../Drivers/STM32H7xx_HAL_Driver/Src/stm32h7xx_hal_dma.c ****       break;
1681:../../Drivers/STM32H7xx_HAL_Driver/Src/stm32h7xx_hal_dma.c **** 
1682:../../Drivers/STM32H7xx_HAL_Driver/Src/stm32h7xx_hal_dma.c ****     case  HAL_DMA_XFER_ABORT_CB_ID:
1683:../../Drivers/STM32H7xx_HAL_Driver/Src/stm32h7xx_hal_dma.c ****       hdma->XferAbortCallback = NULL;
1684:../../Drivers/STM32H7xx_HAL_Driver/Src/stm32h7xx_hal_dma.c ****       break;
1685:../../Drivers/STM32H7xx_HAL_Driver/Src/stm32h7xx_hal_dma.c **** 
ARM GAS  /var/folders/2r/mdtt8xvd351gdc398t28_m2m0000gn/T//ccdEwLBV.s 			page 31


1686:../../Drivers/STM32H7xx_HAL_Driver/Src/stm32h7xx_hal_dma.c ****     case   HAL_DMA_XFER_ALL_CB_ID:
1687:../../Drivers/STM32H7xx_HAL_Driver/Src/stm32h7xx_hal_dma.c ****       hdma->XferCpltCallback = NULL;
1688:../../Drivers/STM32H7xx_HAL_Driver/Src/stm32h7xx_hal_dma.c ****       hdma->XferHalfCpltCallback = NULL;
1689:../../Drivers/STM32H7xx_HAL_Driver/Src/stm32h7xx_hal_dma.c ****       hdma->XferM1CpltCallback = NULL;
1690:../../Drivers/STM32H7xx_HAL_Driver/Src/stm32h7xx_hal_dma.c ****       hdma->XferM1HalfCpltCallback = NULL;
1691:../../Drivers/STM32H7xx_HAL_Driver/Src/stm32h7xx_hal_dma.c ****       hdma->XferErrorCallback = NULL;
1692:../../Drivers/STM32H7xx_HAL_Driver/Src/stm32h7xx_hal_dma.c ****       hdma->XferAbortCallback = NULL;
1693:../../Drivers/STM32H7xx_HAL_Driver/Src/stm32h7xx_hal_dma.c ****       break;
1694:../../Drivers/STM32H7xx_HAL_Driver/Src/stm32h7xx_hal_dma.c **** 
1695:../../Drivers/STM32H7xx_HAL_Driver/Src/stm32h7xx_hal_dma.c ****     default:
1696:../../Drivers/STM32H7xx_HAL_Driver/Src/stm32h7xx_hal_dma.c ****       status = HAL_ERROR;
1697:../../Drivers/STM32H7xx_HAL_Driver/Src/stm32h7xx_hal_dma.c ****       break;
1698:../../Drivers/STM32H7xx_HAL_Driver/Src/stm32h7xx_hal_dma.c ****     }
1699:../../Drivers/STM32H7xx_HAL_Driver/Src/stm32h7xx_hal_dma.c ****   }
1700:../../Drivers/STM32H7xx_HAL_Driver/Src/stm32h7xx_hal_dma.c ****   else
1701:../../Drivers/STM32H7xx_HAL_Driver/Src/stm32h7xx_hal_dma.c ****   {
1702:../../Drivers/STM32H7xx_HAL_Driver/Src/stm32h7xx_hal_dma.c ****     status = HAL_ERROR;
1703:../../Drivers/STM32H7xx_HAL_Driver/Src/stm32h7xx_hal_dma.c ****   }
1704:../../Drivers/STM32H7xx_HAL_Driver/Src/stm32h7xx_hal_dma.c **** 
1705:../../Drivers/STM32H7xx_HAL_Driver/Src/stm32h7xx_hal_dma.c ****   /* Release Lock */
1706:../../Drivers/STM32H7xx_HAL_Driver/Src/stm32h7xx_hal_dma.c ****   __HAL_UNLOCK(hdma);
1707:../../Drivers/STM32H7xx_HAL_Driver/Src/stm32h7xx_hal_dma.c **** 
1708:../../Drivers/STM32H7xx_HAL_Driver/Src/stm32h7xx_hal_dma.c ****   return status;
1709:../../Drivers/STM32H7xx_HAL_Driver/Src/stm32h7xx_hal_dma.c **** }
1710:../../Drivers/STM32H7xx_HAL_Driver/Src/stm32h7xx_hal_dma.c **** 
1711:../../Drivers/STM32H7xx_HAL_Driver/Src/stm32h7xx_hal_dma.c **** /**
1712:../../Drivers/STM32H7xx_HAL_Driver/Src/stm32h7xx_hal_dma.c ****   * @}
1713:../../Drivers/STM32H7xx_HAL_Driver/Src/stm32h7xx_hal_dma.c ****   */
1714:../../Drivers/STM32H7xx_HAL_Driver/Src/stm32h7xx_hal_dma.c **** 
1715:../../Drivers/STM32H7xx_HAL_Driver/Src/stm32h7xx_hal_dma.c **** /** @addtogroup DMA_Exported_Functions_Group3
1716:../../Drivers/STM32H7xx_HAL_Driver/Src/stm32h7xx_hal_dma.c ****   *
1717:../../Drivers/STM32H7xx_HAL_Driver/Src/stm32h7xx_hal_dma.c **** @verbatim
1718:../../Drivers/STM32H7xx_HAL_Driver/Src/stm32h7xx_hal_dma.c ****  ===============================================================================
1719:../../Drivers/STM32H7xx_HAL_Driver/Src/stm32h7xx_hal_dma.c ****                     ##### State and Errors functions #####
1720:../../Drivers/STM32H7xx_HAL_Driver/Src/stm32h7xx_hal_dma.c ****  ===============================================================================
1721:../../Drivers/STM32H7xx_HAL_Driver/Src/stm32h7xx_hal_dma.c ****     [..]
1722:../../Drivers/STM32H7xx_HAL_Driver/Src/stm32h7xx_hal_dma.c ****     This subsection provides functions allowing to
1723:../../Drivers/STM32H7xx_HAL_Driver/Src/stm32h7xx_hal_dma.c ****       (+) Check the DMA state
1724:../../Drivers/STM32H7xx_HAL_Driver/Src/stm32h7xx_hal_dma.c ****       (+) Get error code
1725:../../Drivers/STM32H7xx_HAL_Driver/Src/stm32h7xx_hal_dma.c **** 
1726:../../Drivers/STM32H7xx_HAL_Driver/Src/stm32h7xx_hal_dma.c **** @endverbatim
1727:../../Drivers/STM32H7xx_HAL_Driver/Src/stm32h7xx_hal_dma.c ****   * @{
1728:../../Drivers/STM32H7xx_HAL_Driver/Src/stm32h7xx_hal_dma.c ****   */
1729:../../Drivers/STM32H7xx_HAL_Driver/Src/stm32h7xx_hal_dma.c **** 
1730:../../Drivers/STM32H7xx_HAL_Driver/Src/stm32h7xx_hal_dma.c **** /**
1731:../../Drivers/STM32H7xx_HAL_Driver/Src/stm32h7xx_hal_dma.c ****   * @brief  Returns the DMA state.
1732:../../Drivers/STM32H7xx_HAL_Driver/Src/stm32h7xx_hal_dma.c ****   * @param  hdma: pointer to a DMA_HandleTypeDef structure that contains
1733:../../Drivers/STM32H7xx_HAL_Driver/Src/stm32h7xx_hal_dma.c ****   *               the configuration information for the specified DMA Stream.
1734:../../Drivers/STM32H7xx_HAL_Driver/Src/stm32h7xx_hal_dma.c ****   * @retval HAL state
1735:../../Drivers/STM32H7xx_HAL_Driver/Src/stm32h7xx_hal_dma.c ****   */
1736:../../Drivers/STM32H7xx_HAL_Driver/Src/stm32h7xx_hal_dma.c **** HAL_DMA_StateTypeDef HAL_DMA_GetState(const DMA_HandleTypeDef *hdma)
1737:../../Drivers/STM32H7xx_HAL_Driver/Src/stm32h7xx_hal_dma.c **** {
1738:../../Drivers/STM32H7xx_HAL_Driver/Src/stm32h7xx_hal_dma.c ****   return hdma->State;
1739:../../Drivers/STM32H7xx_HAL_Driver/Src/stm32h7xx_hal_dma.c **** }
1740:../../Drivers/STM32H7xx_HAL_Driver/Src/stm32h7xx_hal_dma.c **** 
1741:../../Drivers/STM32H7xx_HAL_Driver/Src/stm32h7xx_hal_dma.c **** /**
1742:../../Drivers/STM32H7xx_HAL_Driver/Src/stm32h7xx_hal_dma.c ****   * @brief  Return the DMA error code
ARM GAS  /var/folders/2r/mdtt8xvd351gdc398t28_m2m0000gn/T//ccdEwLBV.s 			page 32


1743:../../Drivers/STM32H7xx_HAL_Driver/Src/stm32h7xx_hal_dma.c ****   * @param  hdma : pointer to a DMA_HandleTypeDef structure that contains
1744:../../Drivers/STM32H7xx_HAL_Driver/Src/stm32h7xx_hal_dma.c ****   *              the configuration information for the specified DMA Stream.
1745:../../Drivers/STM32H7xx_HAL_Driver/Src/stm32h7xx_hal_dma.c ****   * @retval DMA Error Code
1746:../../Drivers/STM32H7xx_HAL_Driver/Src/stm32h7xx_hal_dma.c ****   */
1747:../../Drivers/STM32H7xx_HAL_Driver/Src/stm32h7xx_hal_dma.c **** uint32_t HAL_DMA_GetError(const DMA_HandleTypeDef *hdma)
1748:../../Drivers/STM32H7xx_HAL_Driver/Src/stm32h7xx_hal_dma.c **** {
1749:../../Drivers/STM32H7xx_HAL_Driver/Src/stm32h7xx_hal_dma.c ****   return hdma->ErrorCode;
1750:../../Drivers/STM32H7xx_HAL_Driver/Src/stm32h7xx_hal_dma.c **** }
1751:../../Drivers/STM32H7xx_HAL_Driver/Src/stm32h7xx_hal_dma.c **** 
1752:../../Drivers/STM32H7xx_HAL_Driver/Src/stm32h7xx_hal_dma.c **** /**
1753:../../Drivers/STM32H7xx_HAL_Driver/Src/stm32h7xx_hal_dma.c ****   * @}
1754:../../Drivers/STM32H7xx_HAL_Driver/Src/stm32h7xx_hal_dma.c ****   */
1755:../../Drivers/STM32H7xx_HAL_Driver/Src/stm32h7xx_hal_dma.c **** 
1756:../../Drivers/STM32H7xx_HAL_Driver/Src/stm32h7xx_hal_dma.c **** /**
1757:../../Drivers/STM32H7xx_HAL_Driver/Src/stm32h7xx_hal_dma.c ****   * @}
1758:../../Drivers/STM32H7xx_HAL_Driver/Src/stm32h7xx_hal_dma.c ****   */
1759:../../Drivers/STM32H7xx_HAL_Driver/Src/stm32h7xx_hal_dma.c **** 
1760:../../Drivers/STM32H7xx_HAL_Driver/Src/stm32h7xx_hal_dma.c **** /** @addtogroup DMA_Private_Functions
1761:../../Drivers/STM32H7xx_HAL_Driver/Src/stm32h7xx_hal_dma.c ****   * @{
1762:../../Drivers/STM32H7xx_HAL_Driver/Src/stm32h7xx_hal_dma.c ****   */
1763:../../Drivers/STM32H7xx_HAL_Driver/Src/stm32h7xx_hal_dma.c **** 
1764:../../Drivers/STM32H7xx_HAL_Driver/Src/stm32h7xx_hal_dma.c **** /**
1765:../../Drivers/STM32H7xx_HAL_Driver/Src/stm32h7xx_hal_dma.c ****   * @brief  Sets the DMA Transfer parameter.
1766:../../Drivers/STM32H7xx_HAL_Driver/Src/stm32h7xx_hal_dma.c ****   * @param  hdma:       pointer to a DMA_HandleTypeDef structure that contains
1767:../../Drivers/STM32H7xx_HAL_Driver/Src/stm32h7xx_hal_dma.c ****   *                     the configuration information for the specified DMA Stream.
1768:../../Drivers/STM32H7xx_HAL_Driver/Src/stm32h7xx_hal_dma.c ****   * @param  SrcAddress: The source memory Buffer address
1769:../../Drivers/STM32H7xx_HAL_Driver/Src/stm32h7xx_hal_dma.c ****   * @param  DstAddress: The destination memory Buffer address
1770:../../Drivers/STM32H7xx_HAL_Driver/Src/stm32h7xx_hal_dma.c ****   * @param  DataLength: The length of data to be transferred from source to destination
1771:../../Drivers/STM32H7xx_HAL_Driver/Src/stm32h7xx_hal_dma.c ****   * @retval None
1772:../../Drivers/STM32H7xx_HAL_Driver/Src/stm32h7xx_hal_dma.c ****   */
1773:../../Drivers/STM32H7xx_HAL_Driver/Src/stm32h7xx_hal_dma.c **** static void DMA_SetConfig(DMA_HandleTypeDef *hdma, uint32_t SrcAddress, uint32_t DstAddress, uint32
1774:../../Drivers/STM32H7xx_HAL_Driver/Src/stm32h7xx_hal_dma.c **** {
  27              		.loc 1 1774 1 view -0
  28              		.cfi_startproc
  29              		@ args = 0, pretend = 0, frame = 0
  30              		@ frame_needed = 0, uses_anonymous_args = 0
  31              		.loc 1 1774 1 is_stmt 0 view .LVU1
  32 0000 10B5     		push	{r4, lr}
  33              	.LCFI0:
  34              		.cfi_def_cfa_offset 8
  35              		.cfi_offset 4, -8
  36              		.cfi_offset 14, -4
  37 0002 8C46     		mov	ip, r1
  38 0004 1146     		mov	r1, r2
  39              	.LVL1:
  40              		.loc 1 1774 1 view .LVU2
  41 0006 1A46     		mov	r2, r3
  42              	.LVL2:
1775:../../Drivers/STM32H7xx_HAL_Driver/Src/stm32h7xx_hal_dma.c ****   /* calculate DMA base and stream number */
1776:../../Drivers/STM32H7xx_HAL_Driver/Src/stm32h7xx_hal_dma.c ****   DMA_Base_Registers  *regs_dma  = (DMA_Base_Registers *)hdma->StreamBaseAddress;
  43              		.loc 1 1776 3 is_stmt 1 view .LVU3
  44              		.loc 1 1776 62 is_stmt 0 view .LVU4
  45 0008 846D     		ldr	r4, [r0, #88]
  46              	.LVL3:
1777:../../Drivers/STM32H7xx_HAL_Driver/Src/stm32h7xx_hal_dma.c ****   BDMA_Base_Registers *regs_bdma = (BDMA_Base_Registers *)hdma->StreamBaseAddress;
  47              		.loc 1 1777 3 is_stmt 1 view .LVU5
1778:../../Drivers/STM32H7xx_HAL_Driver/Src/stm32h7xx_hal_dma.c **** 
ARM GAS  /var/folders/2r/mdtt8xvd351gdc398t28_m2m0000gn/T//ccdEwLBV.s 			page 33


1779:../../Drivers/STM32H7xx_HAL_Driver/Src/stm32h7xx_hal_dma.c ****   if(IS_DMA_DMAMUX_ALL_INSTANCE(hdma->Instance) != 0U) /* No DMAMUX available for BDMA1 */
  48              		.loc 1 1779 3 view .LVU6
  49              		.loc 1 1779 6 is_stmt 0 view .LVU7
  50 000a 0368     		ldr	r3, [r0]
  51              	.LVL4:
  52              		.loc 1 1779 6 view .LVU8
  53 000c DFF800E2 		ldr	lr, .L14
  54 0010 7345     		cmp	r3, lr
  55 0012 5BD0     		beq	.L2
  56              		.loc 1 1779 6 discriminator 2 view .LVU9
  57 0014 0EF1180E 		add	lr, lr, #24
  58 0018 7345     		cmp	r3, lr
  59 001a 57D0     		beq	.L2
  60              		.loc 1 1779 6 discriminator 4 view .LVU10
  61 001c 0EF1180E 		add	lr, lr, #24
  62 0020 7345     		cmp	r3, lr
  63 0022 53D0     		beq	.L2
  64              		.loc 1 1779 6 discriminator 6 view .LVU11
  65 0024 0EF1180E 		add	lr, lr, #24
  66 0028 7345     		cmp	r3, lr
  67 002a 4FD0     		beq	.L2
  68              		.loc 1 1779 6 discriminator 8 view .LVU12
  69 002c 0EF1180E 		add	lr, lr, #24
  70 0030 7345     		cmp	r3, lr
  71 0032 4BD0     		beq	.L2
  72              		.loc 1 1779 6 discriminator 10 view .LVU13
  73 0034 0EF1180E 		add	lr, lr, #24
  74 0038 7345     		cmp	r3, lr
  75 003a 47D0     		beq	.L2
  76              		.loc 1 1779 6 discriminator 12 view .LVU14
  77 003c 0EF1180E 		add	lr, lr, #24
  78 0040 7345     		cmp	r3, lr
  79 0042 43D0     		beq	.L2
  80              		.loc 1 1779 6 discriminator 14 view .LVU15
  81 0044 0EF1180E 		add	lr, lr, #24
  82 0048 7345     		cmp	r3, lr
  83 004a 3FD0     		beq	.L2
  84              		.loc 1 1779 6 discriminator 16 view .LVU16
  85 004c 0EF5567E 		add	lr, lr, #856
  86 0050 7345     		cmp	r3, lr
  87 0052 3BD0     		beq	.L2
  88              		.loc 1 1779 6 discriminator 18 view .LVU17
  89 0054 0EF1180E 		add	lr, lr, #24
  90 0058 7345     		cmp	r3, lr
  91 005a 37D0     		beq	.L2
  92              		.loc 1 1779 6 discriminator 20 view .LVU18
  93 005c 0EF1180E 		add	lr, lr, #24
  94 0060 7345     		cmp	r3, lr
  95 0062 33D0     		beq	.L2
  96              		.loc 1 1779 6 discriminator 22 view .LVU19
  97 0064 0EF1180E 		add	lr, lr, #24
  98 0068 7345     		cmp	r3, lr
  99 006a 2FD0     		beq	.L2
 100              		.loc 1 1779 6 discriminator 24 view .LVU20
 101 006c 0EF1180E 		add	lr, lr, #24
 102 0070 7345     		cmp	r3, lr
 103 0072 2BD0     		beq	.L2
ARM GAS  /var/folders/2r/mdtt8xvd351gdc398t28_m2m0000gn/T//ccdEwLBV.s 			page 34


 104              		.loc 1 1779 6 discriminator 26 view .LVU21
 105 0074 0EF1180E 		add	lr, lr, #24
 106 0078 7345     		cmp	r3, lr
 107 007a 27D0     		beq	.L2
 108              		.loc 1 1779 6 discriminator 28 view .LVU22
 109 007c 0EF1180E 		add	lr, lr, #24
 110 0080 7345     		cmp	r3, lr
 111 0082 23D0     		beq	.L2
 112              		.loc 1 1779 6 discriminator 30 view .LVU23
 113 0084 0EF1180E 		add	lr, lr, #24
 114 0088 7345     		cmp	r3, lr
 115 008a 1FD0     		beq	.L2
 116              		.loc 1 1779 6 discriminator 32 view .LVU24
 117 008c DFF884E1 		ldr	lr, .L14+4
 118 0090 7345     		cmp	r3, lr
 119 0092 1BD0     		beq	.L2
 120              		.loc 1 1779 6 discriminator 34 view .LVU25
 121 0094 0EF1140E 		add	lr, lr, #20
 122 0098 7345     		cmp	r3, lr
 123 009a 17D0     		beq	.L2
 124              		.loc 1 1779 6 discriminator 36 view .LVU26
 125 009c 0EF1140E 		add	lr, lr, #20
 126 00a0 7345     		cmp	r3, lr
 127 00a2 13D0     		beq	.L2
 128              		.loc 1 1779 6 discriminator 38 view .LVU27
 129 00a4 0EF1140E 		add	lr, lr, #20
 130 00a8 7345     		cmp	r3, lr
 131 00aa 0FD0     		beq	.L2
 132              		.loc 1 1779 6 discriminator 40 view .LVU28
 133 00ac 0EF1140E 		add	lr, lr, #20
 134 00b0 7345     		cmp	r3, lr
 135 00b2 0BD0     		beq	.L2
 136              		.loc 1 1779 6 discriminator 42 view .LVU29
 137 00b4 0EF1140E 		add	lr, lr, #20
 138 00b8 7345     		cmp	r3, lr
 139 00ba 07D0     		beq	.L2
 140              		.loc 1 1779 6 discriminator 44 view .LVU30
 141 00bc 0EF1140E 		add	lr, lr, #20
 142 00c0 7345     		cmp	r3, lr
 143 00c2 03D0     		beq	.L2
 144              		.loc 1 1779 6 discriminator 46 view .LVU31
 145 00c4 0EF1140E 		add	lr, lr, #20
 146 00c8 7345     		cmp	r3, lr
 147 00ca 0BD1     		bne	.L3
 148              	.L2:
1780:../../Drivers/STM32H7xx_HAL_Driver/Src/stm32h7xx_hal_dma.c ****   {
1781:../../Drivers/STM32H7xx_HAL_Driver/Src/stm32h7xx_hal_dma.c ****     /* Clear the DMAMUX synchro overrun flag */
1782:../../Drivers/STM32H7xx_HAL_Driver/Src/stm32h7xx_hal_dma.c ****     hdma->DMAmuxChannelStatus->CFR = hdma->DMAmuxChannelStatusMask;
 149              		.loc 1 1782 5 is_stmt 1 view .LVU32
 150              		.loc 1 1782 9 is_stmt 0 view .LVU33
 151 00cc 436E     		ldr	r3, [r0, #100]
 152              		.loc 1 1782 36 view .LVU34
 153 00ce D0F868E0 		ldr	lr, [r0, #104]
 154 00d2 C3F804E0 		str	lr, [r3, #4]
1783:../../Drivers/STM32H7xx_HAL_Driver/Src/stm32h7xx_hal_dma.c **** 
1784:../../Drivers/STM32H7xx_HAL_Driver/Src/stm32h7xx_hal_dma.c ****     if(hdma->DMAmuxRequestGen != 0U)
 155              		.loc 1 1784 5 is_stmt 1 view .LVU35
ARM GAS  /var/folders/2r/mdtt8xvd351gdc398t28_m2m0000gn/T//ccdEwLBV.s 			page 35


 156              		.loc 1 1784 12 is_stmt 0 view .LVU36
 157 00d6 C36E     		ldr	r3, [r0, #108]
 158              		.loc 1 1784 7 view .LVU37
 159 00d8 23B1     		cbz	r3, .L3
1785:../../Drivers/STM32H7xx_HAL_Driver/Src/stm32h7xx_hal_dma.c ****     {
1786:../../Drivers/STM32H7xx_HAL_Driver/Src/stm32h7xx_hal_dma.c ****       /* Clear the DMAMUX request generator overrun flag */
1787:../../Drivers/STM32H7xx_HAL_Driver/Src/stm32h7xx_hal_dma.c ****       hdma->DMAmuxRequestGenStatus->RGCFR = hdma->DMAmuxRequestGenStatusMask;
 160              		.loc 1 1787 7 is_stmt 1 view .LVU38
 161              		.loc 1 1787 11 is_stmt 0 view .LVU39
 162 00da 036F     		ldr	r3, [r0, #112]
 163              		.loc 1 1787 43 view .LVU40
 164 00dc D0F874E0 		ldr	lr, [r0, #116]
 165 00e0 C3F804E0 		str	lr, [r3, #4]
 166              	.L3:
1788:../../Drivers/STM32H7xx_HAL_Driver/Src/stm32h7xx_hal_dma.c ****     }
1789:../../Drivers/STM32H7xx_HAL_Driver/Src/stm32h7xx_hal_dma.c ****   }
1790:../../Drivers/STM32H7xx_HAL_Driver/Src/stm32h7xx_hal_dma.c **** 
1791:../../Drivers/STM32H7xx_HAL_Driver/Src/stm32h7xx_hal_dma.c ****   if(IS_DMA_STREAM_INSTANCE(hdma->Instance) != 0U) /* DMA1 or DMA2 instance */
 167              		.loc 1 1791 3 is_stmt 1 view .LVU41
 168              		.loc 1 1791 6 is_stmt 0 view .LVU42
 169 00e4 0368     		ldr	r3, [r0]
 170 00e6 DFF828E1 		ldr	lr, .L14
 171 00ea 7345     		cmp	r3, lr
 172 00ec 6DD0     		beq	.L4
 173              		.loc 1 1791 6 discriminator 2 view .LVU43
 174 00ee 0EF1180E 		add	lr, lr, #24
 175 00f2 7345     		cmp	r3, lr
 176 00f4 69D0     		beq	.L4
 177              		.loc 1 1791 6 discriminator 4 view .LVU44
 178 00f6 0EF1180E 		add	lr, lr, #24
 179 00fa 7345     		cmp	r3, lr
 180 00fc 65D0     		beq	.L4
 181              		.loc 1 1791 6 discriminator 6 view .LVU45
 182 00fe 0EF1180E 		add	lr, lr, #24
 183 0102 7345     		cmp	r3, lr
 184 0104 61D0     		beq	.L4
 185              		.loc 1 1791 6 discriminator 8 view .LVU46
 186 0106 0EF1180E 		add	lr, lr, #24
 187 010a 7345     		cmp	r3, lr
 188 010c 5DD0     		beq	.L4
 189              		.loc 1 1791 6 discriminator 10 view .LVU47
 190 010e 0EF1180E 		add	lr, lr, #24
 191 0112 7345     		cmp	r3, lr
 192 0114 59D0     		beq	.L4
 193              		.loc 1 1791 6 discriminator 12 view .LVU48
 194 0116 0EF1180E 		add	lr, lr, #24
 195 011a 7345     		cmp	r3, lr
 196 011c 55D0     		beq	.L4
 197              		.loc 1 1791 6 discriminator 14 view .LVU49
 198 011e 0EF1180E 		add	lr, lr, #24
 199 0122 7345     		cmp	r3, lr
 200 0124 51D0     		beq	.L4
 201              		.loc 1 1791 6 discriminator 16 view .LVU50
 202 0126 0EF5567E 		add	lr, lr, #856
 203 012a 7345     		cmp	r3, lr
 204 012c 4DD0     		beq	.L4
 205              		.loc 1 1791 6 discriminator 18 view .LVU51
ARM GAS  /var/folders/2r/mdtt8xvd351gdc398t28_m2m0000gn/T//ccdEwLBV.s 			page 36


 206 012e 0EF1180E 		add	lr, lr, #24
 207 0132 7345     		cmp	r3, lr
 208 0134 49D0     		beq	.L4
 209              		.loc 1 1791 6 discriminator 20 view .LVU52
 210 0136 0EF1180E 		add	lr, lr, #24
 211 013a 7345     		cmp	r3, lr
 212 013c 45D0     		beq	.L4
 213              		.loc 1 1791 6 discriminator 22 view .LVU53
 214 013e 0EF1180E 		add	lr, lr, #24
 215 0142 7345     		cmp	r3, lr
 216 0144 41D0     		beq	.L4
 217              		.loc 1 1791 6 discriminator 24 view .LVU54
 218 0146 0EF1180E 		add	lr, lr, #24
 219 014a 7345     		cmp	r3, lr
 220 014c 3DD0     		beq	.L4
 221              		.loc 1 1791 6 discriminator 26 view .LVU55
 222 014e 0EF1180E 		add	lr, lr, #24
 223 0152 7345     		cmp	r3, lr
 224 0154 39D0     		beq	.L4
 225              		.loc 1 1791 6 discriminator 28 view .LVU56
 226 0156 0EF1180E 		add	lr, lr, #24
 227 015a 7345     		cmp	r3, lr
 228 015c 35D0     		beq	.L4
 229              		.loc 1 1791 6 discriminator 30 view .LVU57
 230 015e 0EF1180E 		add	lr, lr, #24
 231 0162 7345     		cmp	r3, lr
 232 0164 31D0     		beq	.L4
1792:../../Drivers/STM32H7xx_HAL_Driver/Src/stm32h7xx_hal_dma.c ****   {
1793:../../Drivers/STM32H7xx_HAL_Driver/Src/stm32h7xx_hal_dma.c ****     /* Clear all interrupt flags at correct offset within the register */
1794:../../Drivers/STM32H7xx_HAL_Driver/Src/stm32h7xx_hal_dma.c ****     regs_dma->IFCR = 0x3FUL << (hdma->StreamIndex & 0x1FU);
1795:../../Drivers/STM32H7xx_HAL_Driver/Src/stm32h7xx_hal_dma.c **** 
1796:../../Drivers/STM32H7xx_HAL_Driver/Src/stm32h7xx_hal_dma.c ****     /* Clear DBM bit */
1797:../../Drivers/STM32H7xx_HAL_Driver/Src/stm32h7xx_hal_dma.c ****     ((DMA_Stream_TypeDef *)hdma->Instance)->CR &= (uint32_t)(~DMA_SxCR_DBM);
1798:../../Drivers/STM32H7xx_HAL_Driver/Src/stm32h7xx_hal_dma.c **** 
1799:../../Drivers/STM32H7xx_HAL_Driver/Src/stm32h7xx_hal_dma.c ****     /* Configure DMA Stream data length */
1800:../../Drivers/STM32H7xx_HAL_Driver/Src/stm32h7xx_hal_dma.c ****     ((DMA_Stream_TypeDef *)hdma->Instance)->NDTR = DataLength;
1801:../../Drivers/STM32H7xx_HAL_Driver/Src/stm32h7xx_hal_dma.c **** 
1802:../../Drivers/STM32H7xx_HAL_Driver/Src/stm32h7xx_hal_dma.c ****     /* Peripheral to Memory */
1803:../../Drivers/STM32H7xx_HAL_Driver/Src/stm32h7xx_hal_dma.c ****     if((hdma->Init.Direction) == DMA_MEMORY_TO_PERIPH)
1804:../../Drivers/STM32H7xx_HAL_Driver/Src/stm32h7xx_hal_dma.c ****     {
1805:../../Drivers/STM32H7xx_HAL_Driver/Src/stm32h7xx_hal_dma.c ****       /* Configure DMA Stream destination address */
1806:../../Drivers/STM32H7xx_HAL_Driver/Src/stm32h7xx_hal_dma.c ****       ((DMA_Stream_TypeDef *)hdma->Instance)->PAR = DstAddress;
1807:../../Drivers/STM32H7xx_HAL_Driver/Src/stm32h7xx_hal_dma.c **** 
1808:../../Drivers/STM32H7xx_HAL_Driver/Src/stm32h7xx_hal_dma.c ****       /* Configure DMA Stream source address */
1809:../../Drivers/STM32H7xx_HAL_Driver/Src/stm32h7xx_hal_dma.c ****       ((DMA_Stream_TypeDef *)hdma->Instance)->M0AR = SrcAddress;
1810:../../Drivers/STM32H7xx_HAL_Driver/Src/stm32h7xx_hal_dma.c ****     }
1811:../../Drivers/STM32H7xx_HAL_Driver/Src/stm32h7xx_hal_dma.c ****     /* Memory to Peripheral */
1812:../../Drivers/STM32H7xx_HAL_Driver/Src/stm32h7xx_hal_dma.c ****     else
1813:../../Drivers/STM32H7xx_HAL_Driver/Src/stm32h7xx_hal_dma.c ****     {
1814:../../Drivers/STM32H7xx_HAL_Driver/Src/stm32h7xx_hal_dma.c ****       /* Configure DMA Stream source address */
1815:../../Drivers/STM32H7xx_HAL_Driver/Src/stm32h7xx_hal_dma.c ****       ((DMA_Stream_TypeDef *)hdma->Instance)->PAR = SrcAddress;
1816:../../Drivers/STM32H7xx_HAL_Driver/Src/stm32h7xx_hal_dma.c **** 
1817:../../Drivers/STM32H7xx_HAL_Driver/Src/stm32h7xx_hal_dma.c ****       /* Configure DMA Stream destination address */
1818:../../Drivers/STM32H7xx_HAL_Driver/Src/stm32h7xx_hal_dma.c ****       ((DMA_Stream_TypeDef *)hdma->Instance)->M0AR = DstAddress;
1819:../../Drivers/STM32H7xx_HAL_Driver/Src/stm32h7xx_hal_dma.c ****     }
1820:../../Drivers/STM32H7xx_HAL_Driver/Src/stm32h7xx_hal_dma.c ****   }
1821:../../Drivers/STM32H7xx_HAL_Driver/Src/stm32h7xx_hal_dma.c ****   else if(IS_BDMA_CHANNEL_INSTANCE(hdma->Instance) != 0U) /* BDMA instance(s) */
ARM GAS  /var/folders/2r/mdtt8xvd351gdc398t28_m2m0000gn/T//ccdEwLBV.s 			page 37


 233              		.loc 1 1821 8 is_stmt 1 view .LVU58
 234              		.loc 1 1821 11 is_stmt 0 view .LVU59
 235 0166 DFF8ACE0 		ldr	lr, .L14+4
 236 016a 7345     		cmp	r3, lr
 237 016c 1BD0     		beq	.L5
 238              		.loc 1 1821 11 discriminator 2 view .LVU60
 239 016e DFF8A8E0 		ldr	lr, .L14+8
 240 0172 7345     		cmp	r3, lr
 241 0174 17D0     		beq	.L5
 242              		.loc 1 1821 11 discriminator 4 view .LVU61
 243 0176 0EF1140E 		add	lr, lr, #20
 244 017a 7345     		cmp	r3, lr
 245 017c 13D0     		beq	.L5
 246              		.loc 1 1821 11 discriminator 6 view .LVU62
 247 017e 0EF1140E 		add	lr, lr, #20
 248 0182 7345     		cmp	r3, lr
 249 0184 0FD0     		beq	.L5
 250              		.loc 1 1821 11 discriminator 8 view .LVU63
 251 0186 0EF1140E 		add	lr, lr, #20
 252 018a 7345     		cmp	r3, lr
 253 018c 0BD0     		beq	.L5
 254              		.loc 1 1821 11 discriminator 10 view .LVU64
 255 018e 0EF1140E 		add	lr, lr, #20
 256 0192 7345     		cmp	r3, lr
 257 0194 07D0     		beq	.L5
 258              		.loc 1 1821 11 discriminator 12 view .LVU65
 259 0196 0EF1140E 		add	lr, lr, #20
 260 019a 7345     		cmp	r3, lr
 261 019c 03D0     		beq	.L5
 262              		.loc 1 1821 11 discriminator 14 view .LVU66
 263 019e 0EF1140E 		add	lr, lr, #20
 264 01a2 7345     		cmp	r3, lr
 265 01a4 27D1     		bne	.L1
 266              	.L5:
1822:../../Drivers/STM32H7xx_HAL_Driver/Src/stm32h7xx_hal_dma.c ****   {
1823:../../Drivers/STM32H7xx_HAL_Driver/Src/stm32h7xx_hal_dma.c ****     /* Clear all flags */
1824:../../Drivers/STM32H7xx_HAL_Driver/Src/stm32h7xx_hal_dma.c ****     regs_bdma->IFCR = (BDMA_ISR_GIF0) << (hdma->StreamIndex & 0x1FU);
 267              		.loc 1 1824 5 is_stmt 1 view .LVU67
 268              		.loc 1 1824 47 is_stmt 0 view .LVU68
 269 01a6 C36D     		ldr	r3, [r0, #92]
 270              		.loc 1 1824 61 view .LVU69
 271 01a8 03F01F0E 		and	lr, r3, #31
 272              		.loc 1 1824 39 view .LVU70
 273 01ac 0123     		movs	r3, #1
 274 01ae 03FA0EF3 		lsl	r3, r3, lr
 275              		.loc 1 1824 21 view .LVU71
 276 01b2 6360     		str	r3, [r4, #4]
1825:../../Drivers/STM32H7xx_HAL_Driver/Src/stm32h7xx_hal_dma.c **** 
1826:../../Drivers/STM32H7xx_HAL_Driver/Src/stm32h7xx_hal_dma.c ****     /* Configure DMA Channel data length */
1827:../../Drivers/STM32H7xx_HAL_Driver/Src/stm32h7xx_hal_dma.c ****     ((BDMA_Channel_TypeDef *)hdma->Instance)->CNDTR = DataLength;
 277              		.loc 1 1827 5 is_stmt 1 view .LVU72
 278              		.loc 1 1827 34 is_stmt 0 view .LVU73
 279 01b4 0368     		ldr	r3, [r0]
 280              		.loc 1 1827 53 view .LVU74
 281 01b6 5A60     		str	r2, [r3, #4]
1828:../../Drivers/STM32H7xx_HAL_Driver/Src/stm32h7xx_hal_dma.c **** 
1829:../../Drivers/STM32H7xx_HAL_Driver/Src/stm32h7xx_hal_dma.c ****     /* Peripheral to Memory */
ARM GAS  /var/folders/2r/mdtt8xvd351gdc398t28_m2m0000gn/T//ccdEwLBV.s 			page 38


1830:../../Drivers/STM32H7xx_HAL_Driver/Src/stm32h7xx_hal_dma.c ****     if((hdma->Init.Direction) == DMA_MEMORY_TO_PERIPH)
 282              		.loc 1 1830 5 is_stmt 1 view .LVU75
 283              		.loc 1 1830 19 is_stmt 0 view .LVU76
 284 01b8 8368     		ldr	r3, [r0, #8]
 285              		.loc 1 1830 7 view .LVU77
 286 01ba 402B     		cmp	r3, #64
 287 01bc 22D0     		beq	.L12
1831:../../Drivers/STM32H7xx_HAL_Driver/Src/stm32h7xx_hal_dma.c ****     {
1832:../../Drivers/STM32H7xx_HAL_Driver/Src/stm32h7xx_hal_dma.c ****       /* Configure DMA Channel destination address */
1833:../../Drivers/STM32H7xx_HAL_Driver/Src/stm32h7xx_hal_dma.c ****       ((BDMA_Channel_TypeDef *)hdma->Instance)->CPAR = DstAddress;
1834:../../Drivers/STM32H7xx_HAL_Driver/Src/stm32h7xx_hal_dma.c **** 
1835:../../Drivers/STM32H7xx_HAL_Driver/Src/stm32h7xx_hal_dma.c ****       /* Configure DMA Channel source address */
1836:../../Drivers/STM32H7xx_HAL_Driver/Src/stm32h7xx_hal_dma.c ****       ((BDMA_Channel_TypeDef *)hdma->Instance)->CM0AR = SrcAddress;
1837:../../Drivers/STM32H7xx_HAL_Driver/Src/stm32h7xx_hal_dma.c ****     }
1838:../../Drivers/STM32H7xx_HAL_Driver/Src/stm32h7xx_hal_dma.c ****     /* Memory to Peripheral */
1839:../../Drivers/STM32H7xx_HAL_Driver/Src/stm32h7xx_hal_dma.c ****     else
1840:../../Drivers/STM32H7xx_HAL_Driver/Src/stm32h7xx_hal_dma.c ****     {
1841:../../Drivers/STM32H7xx_HAL_Driver/Src/stm32h7xx_hal_dma.c ****       /* Configure DMA Channel source address */
1842:../../Drivers/STM32H7xx_HAL_Driver/Src/stm32h7xx_hal_dma.c ****       ((BDMA_Channel_TypeDef *)hdma->Instance)->CPAR = SrcAddress;
 288              		.loc 1 1842 7 is_stmt 1 view .LVU78
 289              		.loc 1 1842 36 is_stmt 0 view .LVU79
 290 01be 0368     		ldr	r3, [r0]
 291              		.loc 1 1842 54 view .LVU80
 292 01c0 C3F808C0 		str	ip, [r3, #8]
1843:../../Drivers/STM32H7xx_HAL_Driver/Src/stm32h7xx_hal_dma.c **** 
1844:../../Drivers/STM32H7xx_HAL_Driver/Src/stm32h7xx_hal_dma.c ****       /* Configure DMA Channel destination address */
1845:../../Drivers/STM32H7xx_HAL_Driver/Src/stm32h7xx_hal_dma.c ****       ((BDMA_Channel_TypeDef *)hdma->Instance)->CM0AR = DstAddress;
 293              		.loc 1 1845 7 is_stmt 1 view .LVU81
 294              		.loc 1 1845 36 is_stmt 0 view .LVU82
 295 01c4 0368     		ldr	r3, [r0]
 296              		.loc 1 1845 55 view .LVU83
 297 01c6 D960     		str	r1, [r3, #12]
1846:../../Drivers/STM32H7xx_HAL_Driver/Src/stm32h7xx_hal_dma.c ****     }
1847:../../Drivers/STM32H7xx_HAL_Driver/Src/stm32h7xx_hal_dma.c ****   }
1848:../../Drivers/STM32H7xx_HAL_Driver/Src/stm32h7xx_hal_dma.c ****   else
1849:../../Drivers/STM32H7xx_HAL_Driver/Src/stm32h7xx_hal_dma.c ****   {
1850:../../Drivers/STM32H7xx_HAL_Driver/Src/stm32h7xx_hal_dma.c ****     /* Nothing To Do */
1851:../../Drivers/STM32H7xx_HAL_Driver/Src/stm32h7xx_hal_dma.c ****   }
 298              		.loc 1 1851 3 is_stmt 1 view .LVU84
1852:../../Drivers/STM32H7xx_HAL_Driver/Src/stm32h7xx_hal_dma.c **** }
 299              		.loc 1 1852 1 is_stmt 0 view .LVU85
 300 01c8 15E0     		b	.L1
 301              	.L4:
1794:../../Drivers/STM32H7xx_HAL_Driver/Src/stm32h7xx_hal_dma.c **** 
 302              		.loc 1 1794 5 is_stmt 1 view .LVU86
1794:../../Drivers/STM32H7xx_HAL_Driver/Src/stm32h7xx_hal_dma.c **** 
 303              		.loc 1 1794 37 is_stmt 0 view .LVU87
 304 01ca C36D     		ldr	r3, [r0, #92]
1794:../../Drivers/STM32H7xx_HAL_Driver/Src/stm32h7xx_hal_dma.c **** 
 305              		.loc 1 1794 51 view .LVU88
 306 01cc 03F01F0E 		and	lr, r3, #31
1794:../../Drivers/STM32H7xx_HAL_Driver/Src/stm32h7xx_hal_dma.c **** 
 307              		.loc 1 1794 29 view .LVU89
 308 01d0 3F23     		movs	r3, #63
 309 01d2 03FA0EF3 		lsl	r3, r3, lr
1794:../../Drivers/STM32H7xx_HAL_Driver/Src/stm32h7xx_hal_dma.c **** 
 310              		.loc 1 1794 20 view .LVU90
ARM GAS  /var/folders/2r/mdtt8xvd351gdc398t28_m2m0000gn/T//ccdEwLBV.s 			page 39


 311 01d6 A360     		str	r3, [r4, #8]
1797:../../Drivers/STM32H7xx_HAL_Driver/Src/stm32h7xx_hal_dma.c **** 
 312              		.loc 1 1797 5 is_stmt 1 view .LVU91
1797:../../Drivers/STM32H7xx_HAL_Driver/Src/stm32h7xx_hal_dma.c **** 
 313              		.loc 1 1797 32 is_stmt 0 view .LVU92
 314 01d8 0468     		ldr	r4, [r0]
 315              	.LVL5:
1797:../../Drivers/STM32H7xx_HAL_Driver/Src/stm32h7xx_hal_dma.c **** 
 316              		.loc 1 1797 43 view .LVU93
 317 01da 2368     		ldr	r3, [r4]
1797:../../Drivers/STM32H7xx_HAL_Driver/Src/stm32h7xx_hal_dma.c **** 
 318              		.loc 1 1797 48 view .LVU94
 319 01dc 23F48023 		bic	r3, r3, #262144
 320 01e0 2360     		str	r3, [r4]
1800:../../Drivers/STM32H7xx_HAL_Driver/Src/stm32h7xx_hal_dma.c **** 
 321              		.loc 1 1800 5 is_stmt 1 view .LVU95
1800:../../Drivers/STM32H7xx_HAL_Driver/Src/stm32h7xx_hal_dma.c **** 
 322              		.loc 1 1800 32 is_stmt 0 view .LVU96
 323 01e2 0368     		ldr	r3, [r0]
1800:../../Drivers/STM32H7xx_HAL_Driver/Src/stm32h7xx_hal_dma.c **** 
 324              		.loc 1 1800 50 view .LVU97
 325 01e4 5A60     		str	r2, [r3, #4]
1803:../../Drivers/STM32H7xx_HAL_Driver/Src/stm32h7xx_hal_dma.c ****     {
 326              		.loc 1 1803 5 is_stmt 1 view .LVU98
1803:../../Drivers/STM32H7xx_HAL_Driver/Src/stm32h7xx_hal_dma.c ****     {
 327              		.loc 1 1803 19 is_stmt 0 view .LVU99
 328 01e6 8368     		ldr	r3, [r0, #8]
1803:../../Drivers/STM32H7xx_HAL_Driver/Src/stm32h7xx_hal_dma.c ****     {
 329              		.loc 1 1803 7 view .LVU100
 330 01e8 402B     		cmp	r3, #64
 331 01ea 05D0     		beq	.L13
1815:../../Drivers/STM32H7xx_HAL_Driver/Src/stm32h7xx_hal_dma.c **** 
 332              		.loc 1 1815 7 is_stmt 1 view .LVU101
1815:../../Drivers/STM32H7xx_HAL_Driver/Src/stm32h7xx_hal_dma.c **** 
 333              		.loc 1 1815 34 is_stmt 0 view .LVU102
 334 01ec 0368     		ldr	r3, [r0]
1815:../../Drivers/STM32H7xx_HAL_Driver/Src/stm32h7xx_hal_dma.c **** 
 335              		.loc 1 1815 51 view .LVU103
 336 01ee C3F808C0 		str	ip, [r3, #8]
1818:../../Drivers/STM32H7xx_HAL_Driver/Src/stm32h7xx_hal_dma.c ****     }
 337              		.loc 1 1818 7 is_stmt 1 view .LVU104
1818:../../Drivers/STM32H7xx_HAL_Driver/Src/stm32h7xx_hal_dma.c ****     }
 338              		.loc 1 1818 34 is_stmt 0 view .LVU105
 339 01f2 0368     		ldr	r3, [r0]
1818:../../Drivers/STM32H7xx_HAL_Driver/Src/stm32h7xx_hal_dma.c ****     }
 340              		.loc 1 1818 52 view .LVU106
 341 01f4 D960     		str	r1, [r3, #12]
 342              	.L1:
 343              		.loc 1 1852 1 view .LVU107
 344 01f6 10BD     		pop	{r4, pc}
 345              	.L13:
1806:../../Drivers/STM32H7xx_HAL_Driver/Src/stm32h7xx_hal_dma.c **** 
 346              		.loc 1 1806 7 is_stmt 1 view .LVU108
1806:../../Drivers/STM32H7xx_HAL_Driver/Src/stm32h7xx_hal_dma.c **** 
 347              		.loc 1 1806 34 is_stmt 0 view .LVU109
 348 01f8 0368     		ldr	r3, [r0]
1806:../../Drivers/STM32H7xx_HAL_Driver/Src/stm32h7xx_hal_dma.c **** 
ARM GAS  /var/folders/2r/mdtt8xvd351gdc398t28_m2m0000gn/T//ccdEwLBV.s 			page 40


 349              		.loc 1 1806 51 view .LVU110
 350 01fa 9960     		str	r1, [r3, #8]
1809:../../Drivers/STM32H7xx_HAL_Driver/Src/stm32h7xx_hal_dma.c ****     }
 351              		.loc 1 1809 7 is_stmt 1 view .LVU111
1809:../../Drivers/STM32H7xx_HAL_Driver/Src/stm32h7xx_hal_dma.c ****     }
 352              		.loc 1 1809 34 is_stmt 0 view .LVU112
 353 01fc 0368     		ldr	r3, [r0]
1809:../../Drivers/STM32H7xx_HAL_Driver/Src/stm32h7xx_hal_dma.c ****     }
 354              		.loc 1 1809 52 view .LVU113
 355 01fe C3F80CC0 		str	ip, [r3, #12]
 356 0202 F8E7     		b	.L1
 357              	.LVL6:
 358              	.L12:
1833:../../Drivers/STM32H7xx_HAL_Driver/Src/stm32h7xx_hal_dma.c **** 
 359              		.loc 1 1833 7 is_stmt 1 view .LVU114
1833:../../Drivers/STM32H7xx_HAL_Driver/Src/stm32h7xx_hal_dma.c **** 
 360              		.loc 1 1833 36 is_stmt 0 view .LVU115
 361 0204 0368     		ldr	r3, [r0]
1833:../../Drivers/STM32H7xx_HAL_Driver/Src/stm32h7xx_hal_dma.c **** 
 362              		.loc 1 1833 54 view .LVU116
 363 0206 9960     		str	r1, [r3, #8]
1836:../../Drivers/STM32H7xx_HAL_Driver/Src/stm32h7xx_hal_dma.c ****     }
 364              		.loc 1 1836 7 is_stmt 1 view .LVU117
1836:../../Drivers/STM32H7xx_HAL_Driver/Src/stm32h7xx_hal_dma.c ****     }
 365              		.loc 1 1836 36 is_stmt 0 view .LVU118
 366 0208 0368     		ldr	r3, [r0]
1836:../../Drivers/STM32H7xx_HAL_Driver/Src/stm32h7xx_hal_dma.c ****     }
 367              		.loc 1 1836 55 view .LVU119
 368 020a C3F80CC0 		str	ip, [r3, #12]
 369 020e F2E7     		b	.L1
 370              	.L15:
 371              		.align	2
 372              	.L14:
 373 0210 10000240 		.word	1073872912
 374 0214 08540258 		.word	1476547592
 375 0218 1C540258 		.word	1476547612
 376              		.cfi_endproc
 377              	.LFE144:
 379              		.section	.text.DMA_CalcBaseAndBitshift,"ax",%progbits
 380              		.align	1
 381              		.syntax unified
 382              		.thumb
 383              		.thumb_func
 385              	DMA_CalcBaseAndBitshift:
 386              	.LVL7:
 387              	.LFB145:
1853:../../Drivers/STM32H7xx_HAL_Driver/Src/stm32h7xx_hal_dma.c **** 
1854:../../Drivers/STM32H7xx_HAL_Driver/Src/stm32h7xx_hal_dma.c **** /**
1855:../../Drivers/STM32H7xx_HAL_Driver/Src/stm32h7xx_hal_dma.c ****   * @brief  Returns the DMA Stream base address depending on stream number
1856:../../Drivers/STM32H7xx_HAL_Driver/Src/stm32h7xx_hal_dma.c ****   * @param  hdma:       pointer to a DMA_HandleTypeDef structure that contains
1857:../../Drivers/STM32H7xx_HAL_Driver/Src/stm32h7xx_hal_dma.c ****   *                     the configuration information for the specified DMA Stream.
1858:../../Drivers/STM32H7xx_HAL_Driver/Src/stm32h7xx_hal_dma.c ****   * @retval Stream base address
1859:../../Drivers/STM32H7xx_HAL_Driver/Src/stm32h7xx_hal_dma.c ****   */
1860:../../Drivers/STM32H7xx_HAL_Driver/Src/stm32h7xx_hal_dma.c **** static uint32_t DMA_CalcBaseAndBitshift(DMA_HandleTypeDef *hdma)
1861:../../Drivers/STM32H7xx_HAL_Driver/Src/stm32h7xx_hal_dma.c **** {
 388              		.loc 1 1861 1 is_stmt 1 view -0
 389              		.cfi_startproc
ARM GAS  /var/folders/2r/mdtt8xvd351gdc398t28_m2m0000gn/T//ccdEwLBV.s 			page 41


 390              		@ args = 0, pretend = 0, frame = 0
 391              		@ frame_needed = 0, uses_anonymous_args = 0
 392              		@ link register save eliminated.
1862:../../Drivers/STM32H7xx_HAL_Driver/Src/stm32h7xx_hal_dma.c ****   if(IS_DMA_STREAM_INSTANCE(hdma->Instance) != 0U) /* DMA1 or DMA2 instance */
 393              		.loc 1 1862 3 view .LVU121
 394              		.loc 1 1862 6 is_stmt 0 view .LVU122
 395 0000 0368     		ldr	r3, [r0]
 396 0002 264A     		ldr	r2, .L20
 397 0004 9342     		cmp	r3, r2
 398 0006 31D0     		beq	.L17
 399              		.loc 1 1862 6 discriminator 2 view .LVU123
 400 0008 1832     		adds	r2, r2, #24
 401 000a 9342     		cmp	r3, r2
 402 000c 2ED0     		beq	.L17
 403              		.loc 1 1862 6 discriminator 4 view .LVU124
 404 000e 1832     		adds	r2, r2, #24
 405 0010 9342     		cmp	r3, r2
 406 0012 2BD0     		beq	.L17
 407              		.loc 1 1862 6 discriminator 6 view .LVU125
 408 0014 1832     		adds	r2, r2, #24
 409 0016 9342     		cmp	r3, r2
 410 0018 28D0     		beq	.L17
 411              		.loc 1 1862 6 discriminator 8 view .LVU126
 412 001a 1832     		adds	r2, r2, #24
 413 001c 9342     		cmp	r3, r2
 414 001e 25D0     		beq	.L17
 415              		.loc 1 1862 6 discriminator 10 view .LVU127
 416 0020 1832     		adds	r2, r2, #24
 417 0022 9342     		cmp	r3, r2
 418 0024 22D0     		beq	.L17
 419              		.loc 1 1862 6 discriminator 12 view .LVU128
 420 0026 1832     		adds	r2, r2, #24
 421 0028 9342     		cmp	r3, r2
 422 002a 1FD0     		beq	.L17
 423              		.loc 1 1862 6 discriminator 14 view .LVU129
 424 002c 1832     		adds	r2, r2, #24
 425 002e 9342     		cmp	r3, r2
 426 0030 1CD0     		beq	.L17
 427              		.loc 1 1862 6 discriminator 16 view .LVU130
 428 0032 02F55672 		add	r2, r2, #856
 429 0036 9342     		cmp	r3, r2
 430 0038 18D0     		beq	.L17
 431              		.loc 1 1862 6 discriminator 18 view .LVU131
 432 003a 1832     		adds	r2, r2, #24
 433 003c 9342     		cmp	r3, r2
 434 003e 15D0     		beq	.L17
 435              		.loc 1 1862 6 discriminator 20 view .LVU132
 436 0040 1832     		adds	r2, r2, #24
 437 0042 9342     		cmp	r3, r2
 438 0044 12D0     		beq	.L17
 439              		.loc 1 1862 6 discriminator 22 view .LVU133
 440 0046 1832     		adds	r2, r2, #24
 441 0048 9342     		cmp	r3, r2
 442 004a 0FD0     		beq	.L17
 443              		.loc 1 1862 6 discriminator 24 view .LVU134
 444 004c 1832     		adds	r2, r2, #24
 445 004e 9342     		cmp	r3, r2
ARM GAS  /var/folders/2r/mdtt8xvd351gdc398t28_m2m0000gn/T//ccdEwLBV.s 			page 42


 446 0050 0CD0     		beq	.L17
 447              		.loc 1 1862 6 discriminator 26 view .LVU135
 448 0052 1832     		adds	r2, r2, #24
 449 0054 9342     		cmp	r3, r2
 450 0056 09D0     		beq	.L17
 451              		.loc 1 1862 6 discriminator 28 view .LVU136
 452 0058 1832     		adds	r2, r2, #24
 453 005a 9342     		cmp	r3, r2
 454 005c 06D0     		beq	.L17
 455              		.loc 1 1862 6 discriminator 30 view .LVU137
 456 005e 1832     		adds	r2, r2, #24
 457 0060 9342     		cmp	r3, r2
 458 0062 03D0     		beq	.L17
1863:../../Drivers/STM32H7xx_HAL_Driver/Src/stm32h7xx_hal_dma.c ****   {
1864:../../Drivers/STM32H7xx_HAL_Driver/Src/stm32h7xx_hal_dma.c ****     uint32_t stream_number = (((uint32_t)((uint32_t*)hdma->Instance) & 0xFFU) - 16U) / 24U;
1865:../../Drivers/STM32H7xx_HAL_Driver/Src/stm32h7xx_hal_dma.c **** 
1866:../../Drivers/STM32H7xx_HAL_Driver/Src/stm32h7xx_hal_dma.c ****     /* lookup table for necessary bitshift of flags within status registers */
1867:../../Drivers/STM32H7xx_HAL_Driver/Src/stm32h7xx_hal_dma.c ****     static const uint8_t flagBitshiftOffset[8U] = {0U, 6U, 16U, 22U, 0U, 6U, 16U, 22U};
1868:../../Drivers/STM32H7xx_HAL_Driver/Src/stm32h7xx_hal_dma.c ****     hdma->StreamIndex = flagBitshiftOffset[stream_number & 0x7U];
1869:../../Drivers/STM32H7xx_HAL_Driver/Src/stm32h7xx_hal_dma.c **** 
1870:../../Drivers/STM32H7xx_HAL_Driver/Src/stm32h7xx_hal_dma.c ****     if (stream_number > 3U)
1871:../../Drivers/STM32H7xx_HAL_Driver/Src/stm32h7xx_hal_dma.c ****     {
1872:../../Drivers/STM32H7xx_HAL_Driver/Src/stm32h7xx_hal_dma.c ****       /* return pointer to HISR and HIFCR */
1873:../../Drivers/STM32H7xx_HAL_Driver/Src/stm32h7xx_hal_dma.c ****       hdma->StreamBaseAddress = (((uint32_t)((uint32_t*)hdma->Instance) & (uint32_t)(~0x3FFU)) + 4U
1874:../../Drivers/STM32H7xx_HAL_Driver/Src/stm32h7xx_hal_dma.c ****     }
1875:../../Drivers/STM32H7xx_HAL_Driver/Src/stm32h7xx_hal_dma.c ****     else
1876:../../Drivers/STM32H7xx_HAL_Driver/Src/stm32h7xx_hal_dma.c ****     {
1877:../../Drivers/STM32H7xx_HAL_Driver/Src/stm32h7xx_hal_dma.c ****       /* return pointer to LISR and LIFCR */
1878:../../Drivers/STM32H7xx_HAL_Driver/Src/stm32h7xx_hal_dma.c ****       hdma->StreamBaseAddress = ((uint32_t)((uint32_t*)hdma->Instance) & (uint32_t)(~0x3FFU));
1879:../../Drivers/STM32H7xx_HAL_Driver/Src/stm32h7xx_hal_dma.c ****     }
1880:../../Drivers/STM32H7xx_HAL_Driver/Src/stm32h7xx_hal_dma.c ****   }
1881:../../Drivers/STM32H7xx_HAL_Driver/Src/stm32h7xx_hal_dma.c ****   else /* BDMA instance(s) */
1882:../../Drivers/STM32H7xx_HAL_Driver/Src/stm32h7xx_hal_dma.c ****   {
1883:../../Drivers/STM32H7xx_HAL_Driver/Src/stm32h7xx_hal_dma.c ****     /* return pointer to ISR and IFCR */
1884:../../Drivers/STM32H7xx_HAL_Driver/Src/stm32h7xx_hal_dma.c ****     hdma->StreamBaseAddress = ((uint32_t)((uint32_t*)hdma->Instance) & (uint32_t)(~0xFFU));
 459              		.loc 1 1884 5 is_stmt 1 view .LVU138
 460              		.loc 1 1884 70 is_stmt 0 view .LVU139
 461 0064 23F0FF03 		bic	r3, r3, #255
 462              		.loc 1 1884 29 view .LVU140
 463 0068 8365     		str	r3, [r0, #88]
 464 006a 11E0     		b	.L18
 465              	.L17:
 466              	.LBB2:
1864:../../Drivers/STM32H7xx_HAL_Driver/Src/stm32h7xx_hal_dma.c **** 
 467              		.loc 1 1864 5 is_stmt 1 view .LVU141
1864:../../Drivers/STM32H7xx_HAL_Driver/Src/stm32h7xx_hal_dma.c **** 
 468              		.loc 1 1864 70 is_stmt 0 view .LVU142
 469 006c D9B2     		uxtb	r1, r3
1864:../../Drivers/STM32H7xx_HAL_Driver/Src/stm32h7xx_hal_dma.c **** 
 470              		.loc 1 1864 79 view .LVU143
 471 006e 1039     		subs	r1, r1, #16
1864:../../Drivers/STM32H7xx_HAL_Driver/Src/stm32h7xx_hal_dma.c **** 
 472              		.loc 1 1864 14 view .LVU144
 473 0070 0B4A     		ldr	r2, .L20+4
 474 0072 A2FB01C2 		umull	ip, r2, r2, r1
 475              	.LVL8:
1867:../../Drivers/STM32H7xx_HAL_Driver/Src/stm32h7xx_hal_dma.c ****     hdma->StreamIndex = flagBitshiftOffset[stream_number & 0x7U];
ARM GAS  /var/folders/2r/mdtt8xvd351gdc398t28_m2m0000gn/T//ccdEwLBV.s 			page 43


 476              		.loc 1 1867 5 is_stmt 1 view .LVU145
1868:../../Drivers/STM32H7xx_HAL_Driver/Src/stm32h7xx_hal_dma.c **** 
 477              		.loc 1 1868 5 view .LVU146
1868:../../Drivers/STM32H7xx_HAL_Driver/Src/stm32h7xx_hal_dma.c **** 
 478              		.loc 1 1868 58 is_stmt 0 view .LVU147
 479 0076 C2F30212 		ubfx	r2, r2, #4, #3
 480              	.LVL9:
1868:../../Drivers/STM32H7xx_HAL_Driver/Src/stm32h7xx_hal_dma.c **** 
 481              		.loc 1 1868 43 view .LVU148
 482 007a DFF828C0 		ldr	ip, .L20+8
 483 007e 1CF80220 		ldrb	r2, [ip, r2]	@ zero_extendqisi2
1868:../../Drivers/STM32H7xx_HAL_Driver/Src/stm32h7xx_hal_dma.c **** 
 484              		.loc 1 1868 23 view .LVU149
 485 0082 C265     		str	r2, [r0, #92]
1870:../../Drivers/STM32H7xx_HAL_Driver/Src/stm32h7xx_hal_dma.c ****     {
 486              		.loc 1 1870 5 is_stmt 1 view .LVU150
1870:../../Drivers/STM32H7xx_HAL_Driver/Src/stm32h7xx_hal_dma.c ****     {
 487              		.loc 1 1870 8 is_stmt 0 view .LVU151
 488 0084 5F29     		cmp	r1, #95
 489 0086 05D9     		bls	.L19
1873:../../Drivers/STM32H7xx_HAL_Driver/Src/stm32h7xx_hal_dma.c ****     }
 490              		.loc 1 1873 7 is_stmt 1 view .LVU152
1873:../../Drivers/STM32H7xx_HAL_Driver/Src/stm32h7xx_hal_dma.c ****     }
 491              		.loc 1 1873 73 is_stmt 0 view .LVU153
 492 0088 6FF30903 		bfc	r3, #0, #10
1873:../../Drivers/STM32H7xx_HAL_Driver/Src/stm32h7xx_hal_dma.c ****     }
 493              		.loc 1 1873 96 view .LVU154
 494 008c 0433     		adds	r3, r3, #4
1873:../../Drivers/STM32H7xx_HAL_Driver/Src/stm32h7xx_hal_dma.c ****     }
 495              		.loc 1 1873 31 view .LVU155
 496 008e 8365     		str	r3, [r0, #88]
 497              	.LVL10:
 498              	.L18:
1873:../../Drivers/STM32H7xx_HAL_Driver/Src/stm32h7xx_hal_dma.c ****     }
 499              		.loc 1 1873 31 view .LVU156
 500              	.LBE2:
1885:../../Drivers/STM32H7xx_HAL_Driver/Src/stm32h7xx_hal_dma.c ****   }
1886:../../Drivers/STM32H7xx_HAL_Driver/Src/stm32h7xx_hal_dma.c **** 
1887:../../Drivers/STM32H7xx_HAL_Driver/Src/stm32h7xx_hal_dma.c ****   return hdma->StreamBaseAddress;
 501              		.loc 1 1887 3 is_stmt 1 view .LVU157
1888:../../Drivers/STM32H7xx_HAL_Driver/Src/stm32h7xx_hal_dma.c **** }
 502              		.loc 1 1888 1 is_stmt 0 view .LVU158
 503 0090 806D     		ldr	r0, [r0, #88]
 504              	.LVL11:
 505              		.loc 1 1888 1 view .LVU159
 506 0092 7047     		bx	lr
 507              	.LVL12:
 508              	.L19:
 509              	.LBB3:
1878:../../Drivers/STM32H7xx_HAL_Driver/Src/stm32h7xx_hal_dma.c ****     }
 510              		.loc 1 1878 7 is_stmt 1 view .LVU160
1878:../../Drivers/STM32H7xx_HAL_Driver/Src/stm32h7xx_hal_dma.c ****     }
 511              		.loc 1 1878 72 is_stmt 0 view .LVU161
 512 0094 6FF30903 		bfc	r3, #0, #10
1878:../../Drivers/STM32H7xx_HAL_Driver/Src/stm32h7xx_hal_dma.c ****     }
 513              		.loc 1 1878 31 view .LVU162
 514 0098 8365     		str	r3, [r0, #88]
ARM GAS  /var/folders/2r/mdtt8xvd351gdc398t28_m2m0000gn/T//ccdEwLBV.s 			page 44


 515 009a F9E7     		b	.L18
 516              	.L21:
 517              		.align	2
 518              	.L20:
 519 009c 10000240 		.word	1073872912
 520 00a0 ABAAAAAA 		.word	-1431655765
 521 00a4 00000000 		.word	flagBitshiftOffset.0
 522              	.LBE3:
 523              		.cfi_endproc
 524              	.LFE145:
 526              		.section	.text.DMA_CheckFifoParam,"ax",%progbits
 527              		.align	1
 528              		.syntax unified
 529              		.thumb
 530              		.thumb_func
 532              	DMA_CheckFifoParam:
 533              	.LVL13:
 534              	.LFB146:
1889:../../Drivers/STM32H7xx_HAL_Driver/Src/stm32h7xx_hal_dma.c **** 
1890:../../Drivers/STM32H7xx_HAL_Driver/Src/stm32h7xx_hal_dma.c **** /**
1891:../../Drivers/STM32H7xx_HAL_Driver/Src/stm32h7xx_hal_dma.c ****   * @brief  Check compatibility between FIFO threshold level and size of the memory burst
1892:../../Drivers/STM32H7xx_HAL_Driver/Src/stm32h7xx_hal_dma.c ****   * @param  hdma:       pointer to a DMA_HandleTypeDef structure that contains
1893:../../Drivers/STM32H7xx_HAL_Driver/Src/stm32h7xx_hal_dma.c ****   *                     the configuration information for the specified DMA Stream.
1894:../../Drivers/STM32H7xx_HAL_Driver/Src/stm32h7xx_hal_dma.c ****   * @retval HAL status
1895:../../Drivers/STM32H7xx_HAL_Driver/Src/stm32h7xx_hal_dma.c ****   */
1896:../../Drivers/STM32H7xx_HAL_Driver/Src/stm32h7xx_hal_dma.c **** static HAL_StatusTypeDef DMA_CheckFifoParam(const DMA_HandleTypeDef *hdma)
1897:../../Drivers/STM32H7xx_HAL_Driver/Src/stm32h7xx_hal_dma.c **** {
 535              		.loc 1 1897 1 is_stmt 1 view -0
 536              		.cfi_startproc
 537              		@ args = 0, pretend = 0, frame = 0
 538              		@ frame_needed = 0, uses_anonymous_args = 0
 539              		@ link register save eliminated.
1898:../../Drivers/STM32H7xx_HAL_Driver/Src/stm32h7xx_hal_dma.c ****   HAL_StatusTypeDef status = HAL_OK;
 540              		.loc 1 1898 3 view .LVU164
1899:../../Drivers/STM32H7xx_HAL_Driver/Src/stm32h7xx_hal_dma.c **** 
1900:../../Drivers/STM32H7xx_HAL_Driver/Src/stm32h7xx_hal_dma.c ****   /* Memory Data size equal to Byte */
1901:../../Drivers/STM32H7xx_HAL_Driver/Src/stm32h7xx_hal_dma.c ****   if (hdma->Init.MemDataAlignment == DMA_MDATAALIGN_BYTE)
 541              		.loc 1 1901 3 view .LVU165
 542              		.loc 1 1901 17 is_stmt 0 view .LVU166
 543 0000 8369     		ldr	r3, [r0, #24]
 544              		.loc 1 1901 6 view .LVU167
 545 0002 9BB9     		cbnz	r3, .L23
1902:../../Drivers/STM32H7xx_HAL_Driver/Src/stm32h7xx_hal_dma.c ****   {
1903:../../Drivers/STM32H7xx_HAL_Driver/Src/stm32h7xx_hal_dma.c ****     switch (hdma->Init.FIFOThreshold)
 546              		.loc 1 1903 5 is_stmt 1 view .LVU168
 547              		.loc 1 1903 23 is_stmt 0 view .LVU169
 548 0004 836A     		ldr	r3, [r0, #40]
 549              		.loc 1 1903 5 view .LVU170
 550 0006 012B     		cmp	r3, #1
 551 0008 0AD0     		beq	.L24
 552 000a 022B     		cmp	r3, #2
 553 000c 02D0     		beq	.L25
 554 000e 0BB1     		cbz	r3, .L25
 555 0010 0020     		movs	r0, #0
 556              	.LVL14:
 557              		.loc 1 1903 5 view .LVU171
 558 0012 7047     		bx	lr
ARM GAS  /var/folders/2r/mdtt8xvd351gdc398t28_m2m0000gn/T//ccdEwLBV.s 			page 45


 559              	.LVL15:
 560              	.L25:
1904:../../Drivers/STM32H7xx_HAL_Driver/Src/stm32h7xx_hal_dma.c ****     {
1905:../../Drivers/STM32H7xx_HAL_Driver/Src/stm32h7xx_hal_dma.c ****       case DMA_FIFO_THRESHOLD_1QUARTERFULL:
1906:../../Drivers/STM32H7xx_HAL_Driver/Src/stm32h7xx_hal_dma.c ****       case DMA_FIFO_THRESHOLD_3QUARTERSFULL:
1907:../../Drivers/STM32H7xx_HAL_Driver/Src/stm32h7xx_hal_dma.c **** 
1908:../../Drivers/STM32H7xx_HAL_Driver/Src/stm32h7xx_hal_dma.c ****         if ((hdma->Init.MemBurst & DMA_SxCR_MBURST_1) == DMA_SxCR_MBURST_1)
 561              		.loc 1 1908 9 is_stmt 1 view .LVU172
 562              		.loc 1 1908 24 is_stmt 0 view .LVU173
 563 0014 C36A     		ldr	r3, [r0, #44]
 564              		.loc 1 1908 12 view .LVU174
 565 0016 13F0807F 		tst	r3, #16777216
 566 001a 2ED1     		bne	.L32
1898:../../Drivers/STM32H7xx_HAL_Driver/Src/stm32h7xx_hal_dma.c **** 
 567              		.loc 1 1898 21 view .LVU175
 568 001c 0020     		movs	r0, #0
 569              	.LVL16:
1898:../../Drivers/STM32H7xx_HAL_Driver/Src/stm32h7xx_hal_dma.c **** 
 570              		.loc 1 1898 21 view .LVU176
 571 001e 7047     		bx	lr
 572              	.LVL17:
 573              	.L24:
1909:../../Drivers/STM32H7xx_HAL_Driver/Src/stm32h7xx_hal_dma.c ****         {
1910:../../Drivers/STM32H7xx_HAL_Driver/Src/stm32h7xx_hal_dma.c ****           status = HAL_ERROR;
1911:../../Drivers/STM32H7xx_HAL_Driver/Src/stm32h7xx_hal_dma.c ****         }
1912:../../Drivers/STM32H7xx_HAL_Driver/Src/stm32h7xx_hal_dma.c ****         break;
1913:../../Drivers/STM32H7xx_HAL_Driver/Src/stm32h7xx_hal_dma.c **** 
1914:../../Drivers/STM32H7xx_HAL_Driver/Src/stm32h7xx_hal_dma.c ****       case DMA_FIFO_THRESHOLD_HALFFULL:
1915:../../Drivers/STM32H7xx_HAL_Driver/Src/stm32h7xx_hal_dma.c ****         if (hdma->Init.MemBurst == DMA_MBURST_INC16)
 574              		.loc 1 1915 9 is_stmt 1 view .LVU177
 575              		.loc 1 1915 23 is_stmt 0 view .LVU178
 576 0020 C36A     		ldr	r3, [r0, #44]
 577              		.loc 1 1915 12 view .LVU179
 578 0022 B3F1C07F 		cmp	r3, #25165824
 579 0026 2AD0     		beq	.L33
1898:../../Drivers/STM32H7xx_HAL_Driver/Src/stm32h7xx_hal_dma.c **** 
 580              		.loc 1 1898 21 view .LVU180
 581 0028 0020     		movs	r0, #0
 582              	.LVL18:
1898:../../Drivers/STM32H7xx_HAL_Driver/Src/stm32h7xx_hal_dma.c **** 
 583              		.loc 1 1898 21 view .LVU181
 584 002a 7047     		bx	lr
 585              	.LVL19:
 586              	.L23:
1916:../../Drivers/STM32H7xx_HAL_Driver/Src/stm32h7xx_hal_dma.c ****         {
1917:../../Drivers/STM32H7xx_HAL_Driver/Src/stm32h7xx_hal_dma.c ****           status = HAL_ERROR;
1918:../../Drivers/STM32H7xx_HAL_Driver/Src/stm32h7xx_hal_dma.c ****         }
1919:../../Drivers/STM32H7xx_HAL_Driver/Src/stm32h7xx_hal_dma.c ****         break;
1920:../../Drivers/STM32H7xx_HAL_Driver/Src/stm32h7xx_hal_dma.c **** 
1921:../../Drivers/STM32H7xx_HAL_Driver/Src/stm32h7xx_hal_dma.c ****       case DMA_FIFO_THRESHOLD_FULL:
1922:../../Drivers/STM32H7xx_HAL_Driver/Src/stm32h7xx_hal_dma.c ****         break;
1923:../../Drivers/STM32H7xx_HAL_Driver/Src/stm32h7xx_hal_dma.c **** 
1924:../../Drivers/STM32H7xx_HAL_Driver/Src/stm32h7xx_hal_dma.c ****       default:
1925:../../Drivers/STM32H7xx_HAL_Driver/Src/stm32h7xx_hal_dma.c ****         break;
1926:../../Drivers/STM32H7xx_HAL_Driver/Src/stm32h7xx_hal_dma.c ****     }
1927:../../Drivers/STM32H7xx_HAL_Driver/Src/stm32h7xx_hal_dma.c ****   }
1928:../../Drivers/STM32H7xx_HAL_Driver/Src/stm32h7xx_hal_dma.c **** 
ARM GAS  /var/folders/2r/mdtt8xvd351gdc398t28_m2m0000gn/T//ccdEwLBV.s 			page 46


1929:../../Drivers/STM32H7xx_HAL_Driver/Src/stm32h7xx_hal_dma.c ****   /* Memory Data size equal to Half-Word */
1930:../../Drivers/STM32H7xx_HAL_Driver/Src/stm32h7xx_hal_dma.c ****   else if (hdma->Init.MemDataAlignment == DMA_MDATAALIGN_HALFWORD)
 587              		.loc 1 1930 8 is_stmt 1 view .LVU182
 588              		.loc 1 1930 11 is_stmt 0 view .LVU183
 589 002c B3F5005F 		cmp	r3, #8192
 590 0030 0AD0     		beq	.L41
1931:../../Drivers/STM32H7xx_HAL_Driver/Src/stm32h7xx_hal_dma.c ****   {
1932:../../Drivers/STM32H7xx_HAL_Driver/Src/stm32h7xx_hal_dma.c ****     switch (hdma->Init.FIFOThreshold)
1933:../../Drivers/STM32H7xx_HAL_Driver/Src/stm32h7xx_hal_dma.c ****     {
1934:../../Drivers/STM32H7xx_HAL_Driver/Src/stm32h7xx_hal_dma.c ****       case DMA_FIFO_THRESHOLD_1QUARTERFULL:
1935:../../Drivers/STM32H7xx_HAL_Driver/Src/stm32h7xx_hal_dma.c ****       case DMA_FIFO_THRESHOLD_3QUARTERSFULL:
1936:../../Drivers/STM32H7xx_HAL_Driver/Src/stm32h7xx_hal_dma.c ****         status = HAL_ERROR;
1937:../../Drivers/STM32H7xx_HAL_Driver/Src/stm32h7xx_hal_dma.c ****         break;
1938:../../Drivers/STM32H7xx_HAL_Driver/Src/stm32h7xx_hal_dma.c **** 
1939:../../Drivers/STM32H7xx_HAL_Driver/Src/stm32h7xx_hal_dma.c ****       case DMA_FIFO_THRESHOLD_HALFFULL:
1940:../../Drivers/STM32H7xx_HAL_Driver/Src/stm32h7xx_hal_dma.c ****         if ((hdma->Init.MemBurst & DMA_SxCR_MBURST_1) == DMA_SxCR_MBURST_1)
1941:../../Drivers/STM32H7xx_HAL_Driver/Src/stm32h7xx_hal_dma.c ****         {
1942:../../Drivers/STM32H7xx_HAL_Driver/Src/stm32h7xx_hal_dma.c ****           status = HAL_ERROR;
1943:../../Drivers/STM32H7xx_HAL_Driver/Src/stm32h7xx_hal_dma.c ****         }
1944:../../Drivers/STM32H7xx_HAL_Driver/Src/stm32h7xx_hal_dma.c ****         break;
1945:../../Drivers/STM32H7xx_HAL_Driver/Src/stm32h7xx_hal_dma.c **** 
1946:../../Drivers/STM32H7xx_HAL_Driver/Src/stm32h7xx_hal_dma.c ****       case DMA_FIFO_THRESHOLD_FULL:
1947:../../Drivers/STM32H7xx_HAL_Driver/Src/stm32h7xx_hal_dma.c ****         if (hdma->Init.MemBurst == DMA_MBURST_INC16)
1948:../../Drivers/STM32H7xx_HAL_Driver/Src/stm32h7xx_hal_dma.c ****         {
1949:../../Drivers/STM32H7xx_HAL_Driver/Src/stm32h7xx_hal_dma.c ****           status = HAL_ERROR;
1950:../../Drivers/STM32H7xx_HAL_Driver/Src/stm32h7xx_hal_dma.c ****         }
1951:../../Drivers/STM32H7xx_HAL_Driver/Src/stm32h7xx_hal_dma.c ****         break;
1952:../../Drivers/STM32H7xx_HAL_Driver/Src/stm32h7xx_hal_dma.c **** 
1953:../../Drivers/STM32H7xx_HAL_Driver/Src/stm32h7xx_hal_dma.c ****       default:
1954:../../Drivers/STM32H7xx_HAL_Driver/Src/stm32h7xx_hal_dma.c ****         break;
1955:../../Drivers/STM32H7xx_HAL_Driver/Src/stm32h7xx_hal_dma.c ****     }
1956:../../Drivers/STM32H7xx_HAL_Driver/Src/stm32h7xx_hal_dma.c ****   }
1957:../../Drivers/STM32H7xx_HAL_Driver/Src/stm32h7xx_hal_dma.c **** 
1958:../../Drivers/STM32H7xx_HAL_Driver/Src/stm32h7xx_hal_dma.c ****   /* Memory Data size equal to Word */
1959:../../Drivers/STM32H7xx_HAL_Driver/Src/stm32h7xx_hal_dma.c ****   else
1960:../../Drivers/STM32H7xx_HAL_Driver/Src/stm32h7xx_hal_dma.c ****   {
1961:../../Drivers/STM32H7xx_HAL_Driver/Src/stm32h7xx_hal_dma.c ****     switch (hdma->Init.FIFOThreshold)
 591              		.loc 1 1961 5 is_stmt 1 view .LVU184
 592              		.loc 1 1961 23 is_stmt 0 view .LVU185
 593 0032 836A     		ldr	r3, [r0, #40]
 594              		.loc 1 1961 5 view .LVU186
 595 0034 022B     		cmp	r3, #2
 596 0036 2CD9     		bls	.L38
 597 0038 032B     		cmp	r3, #3
 598 003a 2CD1     		bne	.L39
1962:../../Drivers/STM32H7xx_HAL_Driver/Src/stm32h7xx_hal_dma.c ****     {
1963:../../Drivers/STM32H7xx_HAL_Driver/Src/stm32h7xx_hal_dma.c ****       case DMA_FIFO_THRESHOLD_1QUARTERFULL:
1964:../../Drivers/STM32H7xx_HAL_Driver/Src/stm32h7xx_hal_dma.c ****       case DMA_FIFO_THRESHOLD_HALFFULL:
1965:../../Drivers/STM32H7xx_HAL_Driver/Src/stm32h7xx_hal_dma.c ****       case DMA_FIFO_THRESHOLD_3QUARTERSFULL:
1966:../../Drivers/STM32H7xx_HAL_Driver/Src/stm32h7xx_hal_dma.c ****         status = HAL_ERROR;
1967:../../Drivers/STM32H7xx_HAL_Driver/Src/stm32h7xx_hal_dma.c ****         break;
1968:../../Drivers/STM32H7xx_HAL_Driver/Src/stm32h7xx_hal_dma.c **** 
1969:../../Drivers/STM32H7xx_HAL_Driver/Src/stm32h7xx_hal_dma.c ****       case DMA_FIFO_THRESHOLD_FULL:
1970:../../Drivers/STM32H7xx_HAL_Driver/Src/stm32h7xx_hal_dma.c ****         if ((hdma->Init.MemBurst & DMA_SxCR_MBURST_1) == DMA_SxCR_MBURST_1)
 599              		.loc 1 1970 9 is_stmt 1 view .LVU187
 600              		.loc 1 1970 24 is_stmt 0 view .LVU188
 601 003c C36A     		ldr	r3, [r0, #44]
ARM GAS  /var/folders/2r/mdtt8xvd351gdc398t28_m2m0000gn/T//ccdEwLBV.s 			page 47


 602              		.loc 1 1970 12 view .LVU189
 603 003e 13F0807F 		tst	r3, #16777216
 604 0042 2AD1     		bne	.L40
1898:../../Drivers/STM32H7xx_HAL_Driver/Src/stm32h7xx_hal_dma.c **** 
 605              		.loc 1 1898 21 view .LVU190
 606 0044 0020     		movs	r0, #0
 607              	.LVL20:
1898:../../Drivers/STM32H7xx_HAL_Driver/Src/stm32h7xx_hal_dma.c **** 
 608              		.loc 1 1898 21 view .LVU191
 609 0046 7047     		bx	lr
 610              	.LVL21:
 611              	.L41:
1932:../../Drivers/STM32H7xx_HAL_Driver/Src/stm32h7xx_hal_dma.c ****     {
 612              		.loc 1 1932 5 is_stmt 1 view .LVU192
1932:../../Drivers/STM32H7xx_HAL_Driver/Src/stm32h7xx_hal_dma.c ****     {
 613              		.loc 1 1932 23 is_stmt 0 view .LVU193
 614 0048 836A     		ldr	r3, [r0, #40]
1932:../../Drivers/STM32H7xx_HAL_Driver/Src/stm32h7xx_hal_dma.c ****     {
 615              		.loc 1 1932 5 view .LVU194
 616 004a 022B     		cmp	r3, #2
 617 004c 19D0     		beq	.L34
 618 004e 0AD8     		bhi	.L28
 619 0050 CBB1     		cbz	r3, .L35
 620 0052 012B     		cmp	r3, #1
 621 0054 05D1     		bne	.L42
1940:../../Drivers/STM32H7xx_HAL_Driver/Src/stm32h7xx_hal_dma.c ****         {
 622              		.loc 1 1940 9 is_stmt 1 view .LVU195
1940:../../Drivers/STM32H7xx_HAL_Driver/Src/stm32h7xx_hal_dma.c ****         {
 623              		.loc 1 1940 24 is_stmt 0 view .LVU196
 624 0056 C36A     		ldr	r3, [r0, #44]
1940:../../Drivers/STM32H7xx_HAL_Driver/Src/stm32h7xx_hal_dma.c ****         {
 625              		.loc 1 1940 12 view .LVU197
 626 0058 13F0807F 		tst	r3, #16777216
 627 005c 15D1     		bne	.L36
1898:../../Drivers/STM32H7xx_HAL_Driver/Src/stm32h7xx_hal_dma.c **** 
 628              		.loc 1 1898 21 view .LVU198
 629 005e 0020     		movs	r0, #0
 630              	.LVL22:
1898:../../Drivers/STM32H7xx_HAL_Driver/Src/stm32h7xx_hal_dma.c **** 
 631              		.loc 1 1898 21 view .LVU199
 632 0060 7047     		bx	lr
 633              	.LVL23:
 634              	.L42:
1932:../../Drivers/STM32H7xx_HAL_Driver/Src/stm32h7xx_hal_dma.c ****     {
 635              		.loc 1 1932 5 view .LVU200
 636 0062 0020     		movs	r0, #0
 637              	.LVL24:
1932:../../Drivers/STM32H7xx_HAL_Driver/Src/stm32h7xx_hal_dma.c ****     {
 638              		.loc 1 1932 5 view .LVU201
 639 0064 7047     		bx	lr
 640              	.LVL25:
 641              	.L28:
1932:../../Drivers/STM32H7xx_HAL_Driver/Src/stm32h7xx_hal_dma.c ****     {
 642              		.loc 1 1932 5 view .LVU202
 643 0066 032B     		cmp	r3, #3
 644 0068 05D1     		bne	.L43
1947:../../Drivers/STM32H7xx_HAL_Driver/Src/stm32h7xx_hal_dma.c ****         {
ARM GAS  /var/folders/2r/mdtt8xvd351gdc398t28_m2m0000gn/T//ccdEwLBV.s 			page 48


 645              		.loc 1 1947 9 is_stmt 1 view .LVU203
1947:../../Drivers/STM32H7xx_HAL_Driver/Src/stm32h7xx_hal_dma.c ****         {
 646              		.loc 1 1947 23 is_stmt 0 view .LVU204
 647 006a C36A     		ldr	r3, [r0, #44]
1947:../../Drivers/STM32H7xx_HAL_Driver/Src/stm32h7xx_hal_dma.c ****         {
 648              		.loc 1 1947 12 view .LVU205
 649 006c B3F1C07F 		cmp	r3, #25165824
 650 0070 0DD0     		beq	.L37
1898:../../Drivers/STM32H7xx_HAL_Driver/Src/stm32h7xx_hal_dma.c **** 
 651              		.loc 1 1898 21 view .LVU206
 652 0072 0020     		movs	r0, #0
 653              	.LVL26:
1898:../../Drivers/STM32H7xx_HAL_Driver/Src/stm32h7xx_hal_dma.c **** 
 654              		.loc 1 1898 21 view .LVU207
 655 0074 7047     		bx	lr
 656              	.LVL27:
 657              	.L43:
1932:../../Drivers/STM32H7xx_HAL_Driver/Src/stm32h7xx_hal_dma.c ****     {
 658              		.loc 1 1932 5 view .LVU208
 659 0076 0020     		movs	r0, #0
 660              	.LVL28:
1932:../../Drivers/STM32H7xx_HAL_Driver/Src/stm32h7xx_hal_dma.c ****     {
 661              		.loc 1 1932 5 view .LVU209
 662 0078 7047     		bx	lr
 663              	.LVL29:
 664              	.L32:
1910:../../Drivers/STM32H7xx_HAL_Driver/Src/stm32h7xx_hal_dma.c ****         }
 665              		.loc 1 1910 18 view .LVU210
 666 007a 0120     		movs	r0, #1
 667              	.LVL30:
1910:../../Drivers/STM32H7xx_HAL_Driver/Src/stm32h7xx_hal_dma.c ****         }
 668              		.loc 1 1910 18 view .LVU211
 669 007c 7047     		bx	lr
 670              	.LVL31:
 671              	.L33:
1917:../../Drivers/STM32H7xx_HAL_Driver/Src/stm32h7xx_hal_dma.c ****         }
 672              		.loc 1 1917 18 view .LVU212
 673 007e 0120     		movs	r0, #1
 674              	.LVL32:
1917:../../Drivers/STM32H7xx_HAL_Driver/Src/stm32h7xx_hal_dma.c ****         }
 675              		.loc 1 1917 18 view .LVU213
 676 0080 7047     		bx	lr
 677              	.LVL33:
 678              	.L34:
1936:../../Drivers/STM32H7xx_HAL_Driver/Src/stm32h7xx_hal_dma.c ****         break;
 679              		.loc 1 1936 16 view .LVU214
 680 0082 0120     		movs	r0, #1
 681              	.LVL34:
1936:../../Drivers/STM32H7xx_HAL_Driver/Src/stm32h7xx_hal_dma.c ****         break;
 682              		.loc 1 1936 16 view .LVU215
 683 0084 7047     		bx	lr
 684              	.LVL35:
 685              	.L35:
1936:../../Drivers/STM32H7xx_HAL_Driver/Src/stm32h7xx_hal_dma.c ****         break;
 686              		.loc 1 1936 16 view .LVU216
 687 0086 0120     		movs	r0, #1
 688              	.LVL36:
ARM GAS  /var/folders/2r/mdtt8xvd351gdc398t28_m2m0000gn/T//ccdEwLBV.s 			page 49


1936:../../Drivers/STM32H7xx_HAL_Driver/Src/stm32h7xx_hal_dma.c ****         break;
 689              		.loc 1 1936 16 view .LVU217
 690 0088 7047     		bx	lr
 691              	.LVL37:
 692              	.L36:
1942:../../Drivers/STM32H7xx_HAL_Driver/Src/stm32h7xx_hal_dma.c ****         }
 693              		.loc 1 1942 18 view .LVU218
 694 008a 0120     		movs	r0, #1
 695              	.LVL38:
1942:../../Drivers/STM32H7xx_HAL_Driver/Src/stm32h7xx_hal_dma.c ****         }
 696              		.loc 1 1942 18 view .LVU219
 697 008c 7047     		bx	lr
 698              	.LVL39:
 699              	.L37:
1949:../../Drivers/STM32H7xx_HAL_Driver/Src/stm32h7xx_hal_dma.c ****         }
 700              		.loc 1 1949 18 view .LVU220
 701 008e 0120     		movs	r0, #1
 702              	.LVL40:
1949:../../Drivers/STM32H7xx_HAL_Driver/Src/stm32h7xx_hal_dma.c ****         }
 703              		.loc 1 1949 18 view .LVU221
 704 0090 7047     		bx	lr
 705              	.LVL41:
 706              	.L38:
1966:../../Drivers/STM32H7xx_HAL_Driver/Src/stm32h7xx_hal_dma.c ****         break;
 707              		.loc 1 1966 16 view .LVU222
 708 0092 0120     		movs	r0, #1
 709              	.LVL42:
1966:../../Drivers/STM32H7xx_HAL_Driver/Src/stm32h7xx_hal_dma.c ****         break;
 710              		.loc 1 1966 16 view .LVU223
 711 0094 7047     		bx	lr
 712              	.LVL43:
 713              	.L39:
1961:../../Drivers/STM32H7xx_HAL_Driver/Src/stm32h7xx_hal_dma.c ****     {
 714              		.loc 1 1961 5 view .LVU224
 715 0096 0020     		movs	r0, #0
 716              	.LVL44:
1961:../../Drivers/STM32H7xx_HAL_Driver/Src/stm32h7xx_hal_dma.c ****     {
 717              		.loc 1 1961 5 view .LVU225
 718 0098 7047     		bx	lr
 719              	.LVL45:
 720              	.L40:
1971:../../Drivers/STM32H7xx_HAL_Driver/Src/stm32h7xx_hal_dma.c ****         {
1972:../../Drivers/STM32H7xx_HAL_Driver/Src/stm32h7xx_hal_dma.c ****           status = HAL_ERROR;
 721              		.loc 1 1972 18 view .LVU226
 722 009a 0120     		movs	r0, #1
 723              	.LVL46:
1973:../../Drivers/STM32H7xx_HAL_Driver/Src/stm32h7xx_hal_dma.c ****         }
1974:../../Drivers/STM32H7xx_HAL_Driver/Src/stm32h7xx_hal_dma.c ****     break;
1975:../../Drivers/STM32H7xx_HAL_Driver/Src/stm32h7xx_hal_dma.c **** 
1976:../../Drivers/STM32H7xx_HAL_Driver/Src/stm32h7xx_hal_dma.c ****       default:
1977:../../Drivers/STM32H7xx_HAL_Driver/Src/stm32h7xx_hal_dma.c ****         break;
1978:../../Drivers/STM32H7xx_HAL_Driver/Src/stm32h7xx_hal_dma.c ****     }
1979:../../Drivers/STM32H7xx_HAL_Driver/Src/stm32h7xx_hal_dma.c ****   }
1980:../../Drivers/STM32H7xx_HAL_Driver/Src/stm32h7xx_hal_dma.c **** 
1981:../../Drivers/STM32H7xx_HAL_Driver/Src/stm32h7xx_hal_dma.c ****   return status;
 724              		.loc 1 1981 3 is_stmt 1 view .LVU227
1982:../../Drivers/STM32H7xx_HAL_Driver/Src/stm32h7xx_hal_dma.c **** }
ARM GAS  /var/folders/2r/mdtt8xvd351gdc398t28_m2m0000gn/T//ccdEwLBV.s 			page 50


 725              		.loc 1 1982 1 is_stmt 0 view .LVU228
 726 009c 7047     		bx	lr
 727              		.cfi_endproc
 728              	.LFE146:
 730              		.section	.text.DMA_CalcDMAMUXChannelBaseAndMask,"ax",%progbits
 731              		.align	1
 732              		.syntax unified
 733              		.thumb
 734              		.thumb_func
 736              	DMA_CalcDMAMUXChannelBaseAndMask:
 737              	.LVL47:
 738              	.LFB147:
1983:../../Drivers/STM32H7xx_HAL_Driver/Src/stm32h7xx_hal_dma.c **** 
1984:../../Drivers/STM32H7xx_HAL_Driver/Src/stm32h7xx_hal_dma.c **** /**
1985:../../Drivers/STM32H7xx_HAL_Driver/Src/stm32h7xx_hal_dma.c ****   * @brief  Updates the DMA handle with the DMAMUX  channel and status mask depending on stream num
1986:../../Drivers/STM32H7xx_HAL_Driver/Src/stm32h7xx_hal_dma.c ****   * @param  hdma:       pointer to a DMA_HandleTypeDef structure that contains
1987:../../Drivers/STM32H7xx_HAL_Driver/Src/stm32h7xx_hal_dma.c ****   *                     the configuration information for the specified DMA Stream.
1988:../../Drivers/STM32H7xx_HAL_Driver/Src/stm32h7xx_hal_dma.c ****   * @retval HAL status
1989:../../Drivers/STM32H7xx_HAL_Driver/Src/stm32h7xx_hal_dma.c ****   */
1990:../../Drivers/STM32H7xx_HAL_Driver/Src/stm32h7xx_hal_dma.c **** static void DMA_CalcDMAMUXChannelBaseAndMask(DMA_HandleTypeDef *hdma)
1991:../../Drivers/STM32H7xx_HAL_Driver/Src/stm32h7xx_hal_dma.c **** {
 739              		.loc 1 1991 1 is_stmt 1 view -0
 740              		.cfi_startproc
 741              		@ args = 0, pretend = 0, frame = 0
 742              		@ frame_needed = 0, uses_anonymous_args = 0
 743              		@ link register save eliminated.
1992:../../Drivers/STM32H7xx_HAL_Driver/Src/stm32h7xx_hal_dma.c ****   uint32_t stream_number;
 744              		.loc 1 1992 3 view .LVU230
1993:../../Drivers/STM32H7xx_HAL_Driver/Src/stm32h7xx_hal_dma.c ****   uint32_t stream_baseaddress = (uint32_t)((uint32_t*)hdma->Instance);
 745              		.loc 1 1993 3 view .LVU231
 746              		.loc 1 1993 59 is_stmt 0 view .LVU232
 747 0000 0368     		ldr	r3, [r0]
 748              	.LVL48:
1994:../../Drivers/STM32H7xx_HAL_Driver/Src/stm32h7xx_hal_dma.c **** 
1995:../../Drivers/STM32H7xx_HAL_Driver/Src/stm32h7xx_hal_dma.c ****   if(IS_BDMA_CHANNEL_DMAMUX_INSTANCE(hdma->Instance) != 0U)
 749              		.loc 1 1995 3 is_stmt 1 view .LVU233
 750              		.loc 1 1995 6 is_stmt 0 view .LVU234
 751 0002 234A     		ldr	r2, .L49
 752 0004 9342     		cmp	r3, r2
 753 0006 2CD0     		beq	.L45
 754              		.loc 1 1995 6 discriminator 2 view .LVU235
 755 0008 1432     		adds	r2, r2, #20
 756 000a 9342     		cmp	r3, r2
 757 000c 29D0     		beq	.L45
 758              		.loc 1 1995 6 discriminator 4 view .LVU236
 759 000e 1432     		adds	r2, r2, #20
 760 0010 9342     		cmp	r3, r2
 761 0012 26D0     		beq	.L45
 762              		.loc 1 1995 6 discriminator 6 view .LVU237
 763 0014 1432     		adds	r2, r2, #20
 764 0016 9342     		cmp	r3, r2
 765 0018 23D0     		beq	.L45
 766              		.loc 1 1995 6 discriminator 8 view .LVU238
 767 001a 1432     		adds	r2, r2, #20
 768 001c 9342     		cmp	r3, r2
 769 001e 20D0     		beq	.L45
 770              		.loc 1 1995 6 discriminator 10 view .LVU239
ARM GAS  /var/folders/2r/mdtt8xvd351gdc398t28_m2m0000gn/T//ccdEwLBV.s 			page 51


 771 0020 1432     		adds	r2, r2, #20
 772 0022 9342     		cmp	r3, r2
 773 0024 1DD0     		beq	.L45
 774              		.loc 1 1995 6 discriminator 12 view .LVU240
 775 0026 1432     		adds	r2, r2, #20
 776 0028 9342     		cmp	r3, r2
 777 002a 1AD0     		beq	.L45
 778              		.loc 1 1995 6 discriminator 14 view .LVU241
 779 002c 1432     		adds	r2, r2, #20
 780 002e 9342     		cmp	r3, r2
 781 0030 17D0     		beq	.L45
1996:../../Drivers/STM32H7xx_HAL_Driver/Src/stm32h7xx_hal_dma.c ****   {
1997:../../Drivers/STM32H7xx_HAL_Driver/Src/stm32h7xx_hal_dma.c ****     /* BDMA Channels are connected to DMAMUX2 channels */
1998:../../Drivers/STM32H7xx_HAL_Driver/Src/stm32h7xx_hal_dma.c ****     stream_number = (((uint32_t)((uint32_t*)hdma->Instance) & 0xFFU) - 8U) / 20U;
1999:../../Drivers/STM32H7xx_HAL_Driver/Src/stm32h7xx_hal_dma.c ****     hdma->DMAmuxChannel = (DMAMUX_Channel_TypeDef *)((uint32_t)(((uint32_t)DMAMUX2_Channel0) + (str
2000:../../Drivers/STM32H7xx_HAL_Driver/Src/stm32h7xx_hal_dma.c ****     hdma->DMAmuxChannelStatus = DMAMUX2_ChannelStatus;
2001:../../Drivers/STM32H7xx_HAL_Driver/Src/stm32h7xx_hal_dma.c ****     hdma->DMAmuxChannelStatusMask = 1UL << (stream_number & 0x1FU);
2002:../../Drivers/STM32H7xx_HAL_Driver/Src/stm32h7xx_hal_dma.c ****   }
2003:../../Drivers/STM32H7xx_HAL_Driver/Src/stm32h7xx_hal_dma.c ****   else
2004:../../Drivers/STM32H7xx_HAL_Driver/Src/stm32h7xx_hal_dma.c ****   {
2005:../../Drivers/STM32H7xx_HAL_Driver/Src/stm32h7xx_hal_dma.c ****     /* DMA1/DMA2 Streams are connected to DMAMUX1 channels */
2006:../../Drivers/STM32H7xx_HAL_Driver/Src/stm32h7xx_hal_dma.c ****     stream_number = (((uint32_t)((uint32_t*)hdma->Instance) & 0xFFU) - 16U) / 24U;
 782              		.loc 1 2006 5 is_stmt 1 view .LVU242
 783              		.loc 1 2006 61 is_stmt 0 view .LVU243
 784 0032 DAB2     		uxtb	r2, r3
 785              		.loc 1 2006 70 view .LVU244
 786 0034 103A     		subs	r2, r2, #16
 787              		.loc 1 2006 19 view .LVU245
 788 0036 1749     		ldr	r1, .L49+4
 789 0038 A1FB0212 		umull	r1, r2, r1, r2
 790 003c 1209     		lsrs	r2, r2, #4
 791              	.LVL49:
2007:../../Drivers/STM32H7xx_HAL_Driver/Src/stm32h7xx_hal_dma.c **** 
2008:../../Drivers/STM32H7xx_HAL_Driver/Src/stm32h7xx_hal_dma.c ****     if((stream_baseaddress <= ((uint32_t)DMA2_Stream7) ) && \
 792              		.loc 1 2008 5 is_stmt 1 view .LVU246
 793              		.loc 1 2008 58 is_stmt 0 view .LVU247
 794 003e 1649     		ldr	r1, .L49+8
 795 0040 1944     		add	r1, r1, r3
 796              		.loc 1 2008 7 view .LVU248
 797 0042 A829     		cmp	r1, #168
 798 0044 22D9     		bls	.L46
 799              	.LVL50:
 800              	.L47:
2009:../../Drivers/STM32H7xx_HAL_Driver/Src/stm32h7xx_hal_dma.c ****        (stream_baseaddress >= ((uint32_t)DMA2_Stream0)))
2010:../../Drivers/STM32H7xx_HAL_Driver/Src/stm32h7xx_hal_dma.c ****     {
2011:../../Drivers/STM32H7xx_HAL_Driver/Src/stm32h7xx_hal_dma.c ****       stream_number += 8U;
2012:../../Drivers/STM32H7xx_HAL_Driver/Src/stm32h7xx_hal_dma.c ****     }
2013:../../Drivers/STM32H7xx_HAL_Driver/Src/stm32h7xx_hal_dma.c ****     hdma->DMAmuxChannel = (DMAMUX_Channel_TypeDef *)((uint32_t)(((uint32_t)DMAMUX1_Channel0) + (str
 801              		.loc 1 2013 5 is_stmt 1 view .LVU249
 802              		.loc 1 2013 54 is_stmt 0 view .LVU250
 803 0046 02F18053 		add	r3, r2, #268435456
 804              	.LVL51:
 805              		.loc 1 2013 54 view .LVU251
 806 004a 03F50243 		add	r3, r3, #33280
 807 004e 9B00     		lsls	r3, r3, #2
 808              		.loc 1 2013 25 view .LVU252
 809 0050 0366     		str	r3, [r0, #96]
ARM GAS  /var/folders/2r/mdtt8xvd351gdc398t28_m2m0000gn/T//ccdEwLBV.s 			page 52


2014:../../Drivers/STM32H7xx_HAL_Driver/Src/stm32h7xx_hal_dma.c ****     hdma->DMAmuxChannelStatus = DMAMUX1_ChannelStatus;
 810              		.loc 1 2014 5 is_stmt 1 view .LVU253
 811              		.loc 1 2014 31 is_stmt 0 view .LVU254
 812 0052 124B     		ldr	r3, .L49+12
 813 0054 4366     		str	r3, [r0, #100]
2015:../../Drivers/STM32H7xx_HAL_Driver/Src/stm32h7xx_hal_dma.c ****     hdma->DMAmuxChannelStatusMask = 1UL << (stream_number & 0x1FU);
 814              		.loc 1 2015 5 is_stmt 1 view .LVU255
 815              		.loc 1 2015 59 is_stmt 0 view .LVU256
 816 0056 02F01F02 		and	r2, r2, #31
 817              	.LVL52:
 818              		.loc 1 2015 41 view .LVU257
 819 005a 0123     		movs	r3, #1
 820 005c 9340     		lsls	r3, r3, r2
 821              		.loc 1 2015 35 view .LVU258
 822 005e 8366     		str	r3, [r0, #104]
2016:../../Drivers/STM32H7xx_HAL_Driver/Src/stm32h7xx_hal_dma.c ****   }
2017:../../Drivers/STM32H7xx_HAL_Driver/Src/stm32h7xx_hal_dma.c **** }
 823              		.loc 1 2017 1 view .LVU259
 824 0060 7047     		bx	lr
 825              	.LVL53:
 826              	.L45:
1998:../../Drivers/STM32H7xx_HAL_Driver/Src/stm32h7xx_hal_dma.c ****     hdma->DMAmuxChannel = (DMAMUX_Channel_TypeDef *)((uint32_t)(((uint32_t)DMAMUX2_Channel0) + (str
 827              		.loc 1 1998 5 is_stmt 1 view .LVU260
1998:../../Drivers/STM32H7xx_HAL_Driver/Src/stm32h7xx_hal_dma.c ****     hdma->DMAmuxChannel = (DMAMUX_Channel_TypeDef *)((uint32_t)(((uint32_t)DMAMUX2_Channel0) + (str
 828              		.loc 1 1998 61 is_stmt 0 view .LVU261
 829 0062 DBB2     		uxtb	r3, r3
 830              	.LVL54:
1998:../../Drivers/STM32H7xx_HAL_Driver/Src/stm32h7xx_hal_dma.c ****     hdma->DMAmuxChannel = (DMAMUX_Channel_TypeDef *)((uint32_t)(((uint32_t)DMAMUX2_Channel0) + (str
 831              		.loc 1 1998 70 view .LVU262
 832 0064 083B     		subs	r3, r3, #8
1998:../../Drivers/STM32H7xx_HAL_Driver/Src/stm32h7xx_hal_dma.c ****     hdma->DMAmuxChannel = (DMAMUX_Channel_TypeDef *)((uint32_t)(((uint32_t)DMAMUX2_Channel0) + (str
 833              		.loc 1 1998 19 view .LVU263
 834 0066 0E4A     		ldr	r2, .L49+16
 835 0068 A2FB0323 		umull	r2, r3, r2, r3
 836 006c 1B09     		lsrs	r3, r3, #4
 837              	.LVL55:
1999:../../Drivers/STM32H7xx_HAL_Driver/Src/stm32h7xx_hal_dma.c ****     hdma->DMAmuxChannelStatus = DMAMUX2_ChannelStatus;
 838              		.loc 1 1999 5 is_stmt 1 view .LVU264
1999:../../Drivers/STM32H7xx_HAL_Driver/Src/stm32h7xx_hal_dma.c ****     hdma->DMAmuxChannelStatus = DMAMUX2_ChannelStatus;
 839              		.loc 1 1999 54 is_stmt 0 view .LVU265
 840 006e 03F1B052 		add	r2, r3, #369098752
 841 0072 02F51642 		add	r2, r2, #38400
 842 0076 9200     		lsls	r2, r2, #2
1999:../../Drivers/STM32H7xx_HAL_Driver/Src/stm32h7xx_hal_dma.c ****     hdma->DMAmuxChannelStatus = DMAMUX2_ChannelStatus;
 843              		.loc 1 1999 25 view .LVU266
 844 0078 0266     		str	r2, [r0, #96]
2000:../../Drivers/STM32H7xx_HAL_Driver/Src/stm32h7xx_hal_dma.c ****     hdma->DMAmuxChannelStatusMask = 1UL << (stream_number & 0x1FU);
 845              		.loc 1 2000 5 is_stmt 1 view .LVU267
2000:../../Drivers/STM32H7xx_HAL_Driver/Src/stm32h7xx_hal_dma.c ****     hdma->DMAmuxChannelStatusMask = 1UL << (stream_number & 0x1FU);
 846              		.loc 1 2000 31 is_stmt 0 view .LVU268
 847 007a 0A4A     		ldr	r2, .L49+20
 848 007c 4266     		str	r2, [r0, #100]
2001:../../Drivers/STM32H7xx_HAL_Driver/Src/stm32h7xx_hal_dma.c ****   }
 849              		.loc 1 2001 5 is_stmt 1 view .LVU269
2001:../../Drivers/STM32H7xx_HAL_Driver/Src/stm32h7xx_hal_dma.c ****   }
 850              		.loc 1 2001 59 is_stmt 0 view .LVU270
 851 007e 03F01F03 		and	r3, r3, #31
ARM GAS  /var/folders/2r/mdtt8xvd351gdc398t28_m2m0000gn/T//ccdEwLBV.s 			page 53


 852              	.LVL56:
2001:../../Drivers/STM32H7xx_HAL_Driver/Src/stm32h7xx_hal_dma.c ****   }
 853              		.loc 1 2001 41 view .LVU271
 854 0082 0122     		movs	r2, #1
 855 0084 02FA03F3 		lsl	r3, r2, r3
2001:../../Drivers/STM32H7xx_HAL_Driver/Src/stm32h7xx_hal_dma.c ****   }
 856              		.loc 1 2001 35 view .LVU272
 857 0088 8366     		str	r3, [r0, #104]
 858 008a 7047     		bx	lr
 859              	.LVL57:
 860              	.L46:
2011:../../Drivers/STM32H7xx_HAL_Driver/Src/stm32h7xx_hal_dma.c ****     }
 861              		.loc 1 2011 7 is_stmt 1 view .LVU273
2011:../../Drivers/STM32H7xx_HAL_Driver/Src/stm32h7xx_hal_dma.c ****     }
 862              		.loc 1 2011 21 is_stmt 0 view .LVU274
 863 008c 0832     		adds	r2, r2, #8
 864              	.LVL58:
2011:../../Drivers/STM32H7xx_HAL_Driver/Src/stm32h7xx_hal_dma.c ****     }
 865              		.loc 1 2011 21 view .LVU275
 866 008e DAE7     		b	.L47
 867              	.L50:
 868              		.align	2
 869              	.L49:
 870 0090 08540258 		.word	1476547592
 871 0094 ABAAAAAA 		.word	-1431655765
 872 0098 F0FBFDBF 		.word	-1073873936
 873 009c 80080240 		.word	1073875072
 874 00a0 CDCCCCCC 		.word	-858993459
 875 00a4 80580258 		.word	1476548736
 876              		.cfi_endproc
 877              	.LFE147:
 879              		.section	.text.DMA_CalcDMAMUXRequestGenBaseAndMask,"ax",%progbits
 880              		.align	1
 881              		.syntax unified
 882              		.thumb
 883              		.thumb_func
 885              	DMA_CalcDMAMUXRequestGenBaseAndMask:
 886              	.LVL59:
 887              	.LFB148:
2018:../../Drivers/STM32H7xx_HAL_Driver/Src/stm32h7xx_hal_dma.c **** 
2019:../../Drivers/STM32H7xx_HAL_Driver/Src/stm32h7xx_hal_dma.c **** /**
2020:../../Drivers/STM32H7xx_HAL_Driver/Src/stm32h7xx_hal_dma.c ****   * @brief  Updates the DMA handle with the DMAMUX  request generator params
2021:../../Drivers/STM32H7xx_HAL_Driver/Src/stm32h7xx_hal_dma.c ****   * @param  hdma:       pointer to a DMA_HandleTypeDef structure that contains
2022:../../Drivers/STM32H7xx_HAL_Driver/Src/stm32h7xx_hal_dma.c ****   *                     the configuration information for the specified DMA Stream.
2023:../../Drivers/STM32H7xx_HAL_Driver/Src/stm32h7xx_hal_dma.c ****   * @retval HAL status
2024:../../Drivers/STM32H7xx_HAL_Driver/Src/stm32h7xx_hal_dma.c ****   */
2025:../../Drivers/STM32H7xx_HAL_Driver/Src/stm32h7xx_hal_dma.c **** static void DMA_CalcDMAMUXRequestGenBaseAndMask(DMA_HandleTypeDef *hdma)
2026:../../Drivers/STM32H7xx_HAL_Driver/Src/stm32h7xx_hal_dma.c **** {
 888              		.loc 1 2026 1 is_stmt 1 view -0
 889              		.cfi_startproc
 890              		@ args = 0, pretend = 0, frame = 0
 891              		@ frame_needed = 0, uses_anonymous_args = 0
 892              		@ link register save eliminated.
2027:../../Drivers/STM32H7xx_HAL_Driver/Src/stm32h7xx_hal_dma.c ****   uint32_t request =  hdma->Init.Request & DMAMUX_CxCR_DMAREQ_ID;
 893              		.loc 1 2027 3 view .LVU277
 894              		.loc 1 2027 12 is_stmt 0 view .LVU278
 895 0000 0179     		ldrb	r1, [r0, #4]	@ zero_extendqisi2
ARM GAS  /var/folders/2r/mdtt8xvd351gdc398t28_m2m0000gn/T//ccdEwLBV.s 			page 54


 896              	.LVL60:
2028:../../Drivers/STM32H7xx_HAL_Driver/Src/stm32h7xx_hal_dma.c **** 
2029:../../Drivers/STM32H7xx_HAL_Driver/Src/stm32h7xx_hal_dma.c ****   if((request >= DMA_REQUEST_GENERATOR0) && (request <= DMA_REQUEST_GENERATOR7))
 897              		.loc 1 2029 3 is_stmt 1 view .LVU279
 898              		.loc 1 2029 42 is_stmt 0 view .LVU280
 899 0002 4A1E     		subs	r2, r1, #1
 900              		.loc 1 2029 5 view .LVU281
 901 0004 072A     		cmp	r2, #7
 902 0006 30D8     		bhi	.L51
2030:../../Drivers/STM32H7xx_HAL_Driver/Src/stm32h7xx_hal_dma.c ****   {
2031:../../Drivers/STM32H7xx_HAL_Driver/Src/stm32h7xx_hal_dma.c ****     if(IS_BDMA_CHANNEL_DMAMUX_INSTANCE(hdma->Instance) != 0U)
 903              		.loc 1 2031 5 is_stmt 1 view .LVU282
 904              		.loc 1 2031 8 is_stmt 0 view .LVU283
 905 0008 0368     		ldr	r3, [r0]
 906 000a DFF860C0 		ldr	ip, .L55
 907 000e 6345     		cmp	r3, ip
 908 0010 22D0     		beq	.L53
 909              		.loc 1 2031 8 discriminator 2 view .LVU284
 910 0012 0CF1140C 		add	ip, ip, #20
 911 0016 6345     		cmp	r3, ip
 912 0018 1ED0     		beq	.L53
 913              		.loc 1 2031 8 discriminator 4 view .LVU285
 914 001a 0CF1140C 		add	ip, ip, #20
 915 001e 6345     		cmp	r3, ip
 916 0020 1AD0     		beq	.L53
 917              		.loc 1 2031 8 discriminator 6 view .LVU286
 918 0022 0CF1140C 		add	ip, ip, #20
 919 0026 6345     		cmp	r3, ip
 920 0028 16D0     		beq	.L53
 921              		.loc 1 2031 8 discriminator 8 view .LVU287
 922 002a 0CF1140C 		add	ip, ip, #20
 923 002e 6345     		cmp	r3, ip
 924 0030 12D0     		beq	.L53
 925              		.loc 1 2031 8 discriminator 10 view .LVU288
 926 0032 0CF1140C 		add	ip, ip, #20
 927 0036 6345     		cmp	r3, ip
 928 0038 0ED0     		beq	.L53
 929              		.loc 1 2031 8 discriminator 12 view .LVU289
 930 003a 0CF1140C 		add	ip, ip, #20
 931 003e 6345     		cmp	r3, ip
 932 0040 0AD0     		beq	.L53
 933              		.loc 1 2031 8 discriminator 14 view .LVU290
 934 0042 0CF1140C 		add	ip, ip, #20
 935 0046 6345     		cmp	r3, ip
 936 0048 06D0     		beq	.L53
2032:../../Drivers/STM32H7xx_HAL_Driver/Src/stm32h7xx_hal_dma.c ****     {
2033:../../Drivers/STM32H7xx_HAL_Driver/Src/stm32h7xx_hal_dma.c ****       /* BDMA Channels are connected to DMAMUX2 request generator blocks */
2034:../../Drivers/STM32H7xx_HAL_Driver/Src/stm32h7xx_hal_dma.c ****       hdma->DMAmuxRequestGen = (DMAMUX_RequestGen_TypeDef *)((uint32_t)(((uint32_t)DMAMUX2_RequestG
2035:../../Drivers/STM32H7xx_HAL_Driver/Src/stm32h7xx_hal_dma.c **** 
2036:../../Drivers/STM32H7xx_HAL_Driver/Src/stm32h7xx_hal_dma.c ****       hdma->DMAmuxRequestGenStatus = DMAMUX2_RequestGenStatus;
2037:../../Drivers/STM32H7xx_HAL_Driver/Src/stm32h7xx_hal_dma.c ****     }
2038:../../Drivers/STM32H7xx_HAL_Driver/Src/stm32h7xx_hal_dma.c ****     else
2039:../../Drivers/STM32H7xx_HAL_Driver/Src/stm32h7xx_hal_dma.c ****     {
2040:../../Drivers/STM32H7xx_HAL_Driver/Src/stm32h7xx_hal_dma.c ****       /* DMA1 and DMA2 Streams use DMAMUX1 request generator blocks */
2041:../../Drivers/STM32H7xx_HAL_Driver/Src/stm32h7xx_hal_dma.c ****       hdma->DMAmuxRequestGen = (DMAMUX_RequestGen_TypeDef *)((uint32_t)(((uint32_t)DMAMUX1_RequestG
 937              		.loc 1 2041 7 is_stmt 1 view .LVU291
 938              		.loc 1 2041 62 is_stmt 0 view .LVU292
ARM GAS  /var/folders/2r/mdtt8xvd351gdc398t28_m2m0000gn/T//ccdEwLBV.s 			page 55


 939 004a 094B     		ldr	r3, .L55+4
 940 004c 0B44     		add	r3, r3, r1
 941 004e 9B00     		lsls	r3, r3, #2
 942              		.loc 1 2041 30 view .LVU293
 943 0050 C366     		str	r3, [r0, #108]
2042:../../Drivers/STM32H7xx_HAL_Driver/Src/stm32h7xx_hal_dma.c **** 
2043:../../Drivers/STM32H7xx_HAL_Driver/Src/stm32h7xx_hal_dma.c ****       hdma->DMAmuxRequestGenStatus = DMAMUX1_RequestGenStatus;
 944              		.loc 1 2043 7 is_stmt 1 view .LVU294
 945              		.loc 1 2043 36 is_stmt 0 view .LVU295
 946 0052 084B     		ldr	r3, .L55+8
 947 0054 0367     		str	r3, [r0, #112]
 948 0056 05E0     		b	.L54
 949              	.L53:
2034:../../Drivers/STM32H7xx_HAL_Driver/Src/stm32h7xx_hal_dma.c **** 
 950              		.loc 1 2034 7 is_stmt 1 view .LVU296
2034:../../Drivers/STM32H7xx_HAL_Driver/Src/stm32h7xx_hal_dma.c **** 
 951              		.loc 1 2034 62 is_stmt 0 view .LVU297
 952 0058 074B     		ldr	r3, .L55+12
 953 005a 0B44     		add	r3, r3, r1
 954 005c 9B00     		lsls	r3, r3, #2
2034:../../Drivers/STM32H7xx_HAL_Driver/Src/stm32h7xx_hal_dma.c **** 
 955              		.loc 1 2034 30 view .LVU298
 956 005e C366     		str	r3, [r0, #108]
2036:../../Drivers/STM32H7xx_HAL_Driver/Src/stm32h7xx_hal_dma.c ****     }
 957              		.loc 1 2036 7 is_stmt 1 view .LVU299
2036:../../Drivers/STM32H7xx_HAL_Driver/Src/stm32h7xx_hal_dma.c ****     }
 958              		.loc 1 2036 36 is_stmt 0 view .LVU300
 959 0060 064B     		ldr	r3, .L55+16
 960 0062 0367     		str	r3, [r0, #112]
 961              	.L54:
2044:../../Drivers/STM32H7xx_HAL_Driver/Src/stm32h7xx_hal_dma.c ****     }
2045:../../Drivers/STM32H7xx_HAL_Driver/Src/stm32h7xx_hal_dma.c **** 
2046:../../Drivers/STM32H7xx_HAL_Driver/Src/stm32h7xx_hal_dma.c ****     hdma->DMAmuxRequestGenStatusMask = 1UL << (request - 1U);
 962              		.loc 1 2046 5 is_stmt 1 view .LVU301
 963              		.loc 1 2046 44 is_stmt 0 view .LVU302
 964 0064 0123     		movs	r3, #1
 965 0066 9340     		lsls	r3, r3, r2
 966              		.loc 1 2046 38 view .LVU303
 967 0068 4367     		str	r3, [r0, #116]
 968              	.L51:
2047:../../Drivers/STM32H7xx_HAL_Driver/Src/stm32h7xx_hal_dma.c ****   }
2048:../../Drivers/STM32H7xx_HAL_Driver/Src/stm32h7xx_hal_dma.c **** }
 969              		.loc 1 2048 1 view .LVU304
 970 006a 7047     		bx	lr
 971              	.L56:
 972              		.align	2
 973              	.L55:
 974 006c 08540258 		.word	1476547592
 975 0070 3F820010 		.word	268468799
 976 0074 40090240 		.word	1073875264
 977 0078 3F960016 		.word	369137215
 978 007c 40590258 		.word	1476548928
 979              		.cfi_endproc
 980              	.LFE148:
 982              		.section	.text.HAL_DMA_Init,"ax",%progbits
 983              		.align	1
 984              		.global	HAL_DMA_Init
ARM GAS  /var/folders/2r/mdtt8xvd351gdc398t28_m2m0000gn/T//ccdEwLBV.s 			page 56


 985              		.syntax unified
 986              		.thumb
 987              		.thumb_func
 989              	HAL_DMA_Init:
 990              	.LVL61:
 991              	.LFB132:
 217:../../Drivers/STM32H7xx_HAL_Driver/Src/stm32h7xx_hal_dma.c ****   uint32_t registerValue;
 992              		.loc 1 217 1 is_stmt 1 view -0
 993              		.cfi_startproc
 994              		@ args = 0, pretend = 0, frame = 0
 995              		@ frame_needed = 0, uses_anonymous_args = 0
 217:../../Drivers/STM32H7xx_HAL_Driver/Src/stm32h7xx_hal_dma.c ****   uint32_t registerValue;
 996              		.loc 1 217 1 is_stmt 0 view .LVU306
 997 0000 70B5     		push	{r4, r5, r6, lr}
 998              	.LCFI1:
 999              		.cfi_def_cfa_offset 16
 1000              		.cfi_offset 4, -16
 1001              		.cfi_offset 5, -12
 1002              		.cfi_offset 6, -8
 1003              		.cfi_offset 14, -4
 1004 0002 0446     		mov	r4, r0
 218:../../Drivers/STM32H7xx_HAL_Driver/Src/stm32h7xx_hal_dma.c ****   uint32_t tickstart = HAL_GetTick();
 1005              		.loc 1 218 3 is_stmt 1 view .LVU307
 219:../../Drivers/STM32H7xx_HAL_Driver/Src/stm32h7xx_hal_dma.c ****   DMA_Base_Registers *regs_dma;
 1006              		.loc 1 219 3 view .LVU308
 219:../../Drivers/STM32H7xx_HAL_Driver/Src/stm32h7xx_hal_dma.c ****   DMA_Base_Registers *regs_dma;
 1007              		.loc 1 219 24 is_stmt 0 view .LVU309
 1008 0004 FFF7FEFF 		bl	HAL_GetTick
 1009              	.LVL62:
 220:../../Drivers/STM32H7xx_HAL_Driver/Src/stm32h7xx_hal_dma.c ****   BDMA_Base_Registers *regs_bdma;
 1010              		.loc 1 220 3 is_stmt 1 view .LVU310
 221:../../Drivers/STM32H7xx_HAL_Driver/Src/stm32h7xx_hal_dma.c **** 
 1011              		.loc 1 221 3 view .LVU311
 224:../../Drivers/STM32H7xx_HAL_Driver/Src/stm32h7xx_hal_dma.c ****   {
 1012              		.loc 1 224 3 view .LVU312
 224:../../Drivers/STM32H7xx_HAL_Driver/Src/stm32h7xx_hal_dma.c ****   {
 1013              		.loc 1 224 5 is_stmt 0 view .LVU313
 1014 0008 002C     		cmp	r4, #0
 1015 000a 00F0B381 		beq	.L77
 1016 000e 0546     		mov	r5, r0
 230:../../Drivers/STM32H7xx_HAL_Driver/Src/stm32h7xx_hal_dma.c ****   assert_param(IS_DMA_DIRECTION(hdma->Init.Direction));
 1017              		.loc 1 230 3 is_stmt 1 view .LVU314
 231:../../Drivers/STM32H7xx_HAL_Driver/Src/stm32h7xx_hal_dma.c ****   assert_param(IS_DMA_PERIPHERAL_INC_STATE(hdma->Init.PeriphInc));
 1018              		.loc 1 231 3 view .LVU315
 232:../../Drivers/STM32H7xx_HAL_Driver/Src/stm32h7xx_hal_dma.c ****   assert_param(IS_DMA_MEMORY_INC_STATE(hdma->Init.MemInc));
 1019              		.loc 1 232 3 view .LVU316
 233:../../Drivers/STM32H7xx_HAL_Driver/Src/stm32h7xx_hal_dma.c ****   assert_param(IS_DMA_PERIPHERAL_DATA_SIZE(hdma->Init.PeriphDataAlignment));
 1020              		.loc 1 233 3 view .LVU317
 234:../../Drivers/STM32H7xx_HAL_Driver/Src/stm32h7xx_hal_dma.c ****   assert_param(IS_DMA_MEMORY_DATA_SIZE(hdma->Init.MemDataAlignment));
 1021              		.loc 1 234 3 view .LVU318
 235:../../Drivers/STM32H7xx_HAL_Driver/Src/stm32h7xx_hal_dma.c ****   assert_param(IS_DMA_MODE(hdma->Init.Mode));
 1022              		.loc 1 235 3 view .LVU319
 236:../../Drivers/STM32H7xx_HAL_Driver/Src/stm32h7xx_hal_dma.c ****   assert_param(IS_DMA_PRIORITY(hdma->Init.Priority));
 1023              		.loc 1 236 3 view .LVU320
 237:../../Drivers/STM32H7xx_HAL_Driver/Src/stm32h7xx_hal_dma.c **** 
 1024              		.loc 1 237 3 view .LVU321
 239:../../Drivers/STM32H7xx_HAL_Driver/Src/stm32h7xx_hal_dma.c ****   {
ARM GAS  /var/folders/2r/mdtt8xvd351gdc398t28_m2m0000gn/T//ccdEwLBV.s 			page 57


 1025              		.loc 1 239 3 view .LVU322
 239:../../Drivers/STM32H7xx_HAL_Driver/Src/stm32h7xx_hal_dma.c ****   {
 1026              		.loc 1 239 6 is_stmt 0 view .LVU323
 1027 0010 2368     		ldr	r3, [r4]
 1028 0012 544A     		ldr	r2, .L88
 1029 0014 9342     		cmp	r3, r2
 1030 0016 54D0     		beq	.L59
 239:../../Drivers/STM32H7xx_HAL_Driver/Src/stm32h7xx_hal_dma.c ****   {
 1031              		.loc 1 239 6 discriminator 2 view .LVU324
 1032 0018 1832     		adds	r2, r2, #24
 1033 001a 9342     		cmp	r3, r2
 1034 001c 51D0     		beq	.L59
 239:../../Drivers/STM32H7xx_HAL_Driver/Src/stm32h7xx_hal_dma.c ****   {
 1035              		.loc 1 239 6 discriminator 4 view .LVU325
 1036 001e 1832     		adds	r2, r2, #24
 1037 0020 9342     		cmp	r3, r2
 1038 0022 4ED0     		beq	.L59
 239:../../Drivers/STM32H7xx_HAL_Driver/Src/stm32h7xx_hal_dma.c ****   {
 1039              		.loc 1 239 6 discriminator 6 view .LVU326
 1040 0024 1832     		adds	r2, r2, #24
 1041 0026 9342     		cmp	r3, r2
 1042 0028 4BD0     		beq	.L59
 239:../../Drivers/STM32H7xx_HAL_Driver/Src/stm32h7xx_hal_dma.c ****   {
 1043              		.loc 1 239 6 discriminator 8 view .LVU327
 1044 002a 1832     		adds	r2, r2, #24
 1045 002c 9342     		cmp	r3, r2
 1046 002e 48D0     		beq	.L59
 239:../../Drivers/STM32H7xx_HAL_Driver/Src/stm32h7xx_hal_dma.c ****   {
 1047              		.loc 1 239 6 discriminator 10 view .LVU328
 1048 0030 1832     		adds	r2, r2, #24
 1049 0032 9342     		cmp	r3, r2
 1050 0034 45D0     		beq	.L59
 239:../../Drivers/STM32H7xx_HAL_Driver/Src/stm32h7xx_hal_dma.c ****   {
 1051              		.loc 1 239 6 discriminator 12 view .LVU329
 1052 0036 1832     		adds	r2, r2, #24
 1053 0038 9342     		cmp	r3, r2
 1054 003a 42D0     		beq	.L59
 239:../../Drivers/STM32H7xx_HAL_Driver/Src/stm32h7xx_hal_dma.c ****   {
 1055              		.loc 1 239 6 discriminator 14 view .LVU330
 1056 003c 1832     		adds	r2, r2, #24
 1057 003e 9342     		cmp	r3, r2
 1058 0040 3FD0     		beq	.L59
 239:../../Drivers/STM32H7xx_HAL_Driver/Src/stm32h7xx_hal_dma.c ****   {
 1059              		.loc 1 239 6 discriminator 16 view .LVU331
 1060 0042 02F55672 		add	r2, r2, #856
 1061 0046 9342     		cmp	r3, r2
 1062 0048 3BD0     		beq	.L59
 239:../../Drivers/STM32H7xx_HAL_Driver/Src/stm32h7xx_hal_dma.c ****   {
 1063              		.loc 1 239 6 discriminator 18 view .LVU332
 1064 004a 1832     		adds	r2, r2, #24
 1065 004c 9342     		cmp	r3, r2
 1066 004e 38D0     		beq	.L59
 239:../../Drivers/STM32H7xx_HAL_Driver/Src/stm32h7xx_hal_dma.c ****   {
 1067              		.loc 1 239 6 discriminator 20 view .LVU333
 1068 0050 1832     		adds	r2, r2, #24
 1069 0052 9342     		cmp	r3, r2
 1070 0054 35D0     		beq	.L59
ARM GAS  /var/folders/2r/mdtt8xvd351gdc398t28_m2m0000gn/T//ccdEwLBV.s 			page 58


 239:../../Drivers/STM32H7xx_HAL_Driver/Src/stm32h7xx_hal_dma.c ****   {
 1071              		.loc 1 239 6 discriminator 22 view .LVU334
 1072 0056 1832     		adds	r2, r2, #24
 1073 0058 9342     		cmp	r3, r2
 1074 005a 32D0     		beq	.L59
 239:../../Drivers/STM32H7xx_HAL_Driver/Src/stm32h7xx_hal_dma.c ****   {
 1075              		.loc 1 239 6 discriminator 24 view .LVU335
 1076 005c 1832     		adds	r2, r2, #24
 1077 005e 9342     		cmp	r3, r2
 1078 0060 2FD0     		beq	.L59
 239:../../Drivers/STM32H7xx_HAL_Driver/Src/stm32h7xx_hal_dma.c ****   {
 1079              		.loc 1 239 6 discriminator 26 view .LVU336
 1080 0062 1832     		adds	r2, r2, #24
 1081 0064 9342     		cmp	r3, r2
 1082 0066 2CD0     		beq	.L59
 239:../../Drivers/STM32H7xx_HAL_Driver/Src/stm32h7xx_hal_dma.c ****   {
 1083              		.loc 1 239 6 discriminator 28 view .LVU337
 1084 0068 1832     		adds	r2, r2, #24
 1085 006a 9342     		cmp	r3, r2
 1086 006c 29D0     		beq	.L59
 239:../../Drivers/STM32H7xx_HAL_Driver/Src/stm32h7xx_hal_dma.c ****   {
 1087              		.loc 1 239 6 discriminator 30 view .LVU338
 1088 006e 1832     		adds	r2, r2, #24
 1089 0070 9342     		cmp	r3, r2
 1090 0072 26D0     		beq	.L59
 358:../../Drivers/STM32H7xx_HAL_Driver/Src/stm32h7xx_hal_dma.c ****   {
 1091              		.loc 1 358 8 is_stmt 1 view .LVU339
 358:../../Drivers/STM32H7xx_HAL_Driver/Src/stm32h7xx_hal_dma.c ****   {
 1092              		.loc 1 358 11 is_stmt 0 view .LVU340
 1093 0074 3C4A     		ldr	r2, .L88+4
 1094 0076 9342     		cmp	r3, r2
 1095 0078 00F03481 		beq	.L60
 358:../../Drivers/STM32H7xx_HAL_Driver/Src/stm32h7xx_hal_dma.c ****   {
 1096              		.loc 1 358 11 discriminator 2 view .LVU341
 1097 007c 3B4A     		ldr	r2, .L88+8
 1098 007e 9342     		cmp	r3, r2
 1099 0080 00F03081 		beq	.L60
 358:../../Drivers/STM32H7xx_HAL_Driver/Src/stm32h7xx_hal_dma.c ****   {
 1100              		.loc 1 358 11 discriminator 4 view .LVU342
 1101 0084 1432     		adds	r2, r2, #20
 1102 0086 9342     		cmp	r3, r2
 1103 0088 00F02C81 		beq	.L60
 358:../../Drivers/STM32H7xx_HAL_Driver/Src/stm32h7xx_hal_dma.c ****   {
 1104              		.loc 1 358 11 discriminator 6 view .LVU343
 1105 008c 1432     		adds	r2, r2, #20
 1106 008e 9342     		cmp	r3, r2
 1107 0090 00F02881 		beq	.L60
 358:../../Drivers/STM32H7xx_HAL_Driver/Src/stm32h7xx_hal_dma.c ****   {
 1108              		.loc 1 358 11 discriminator 8 view .LVU344
 1109 0094 1432     		adds	r2, r2, #20
 1110 0096 9342     		cmp	r3, r2
 1111 0098 00F02481 		beq	.L60
 358:../../Drivers/STM32H7xx_HAL_Driver/Src/stm32h7xx_hal_dma.c ****   {
 1112              		.loc 1 358 11 discriminator 10 view .LVU345
 1113 009c 1432     		adds	r2, r2, #20
 1114 009e 9342     		cmp	r3, r2
 1115 00a0 00F02081 		beq	.L60
ARM GAS  /var/folders/2r/mdtt8xvd351gdc398t28_m2m0000gn/T//ccdEwLBV.s 			page 59


 358:../../Drivers/STM32H7xx_HAL_Driver/Src/stm32h7xx_hal_dma.c ****   {
 1116              		.loc 1 358 11 discriminator 12 view .LVU346
 1117 00a4 1432     		adds	r2, r2, #20
 1118 00a6 9342     		cmp	r3, r2
 1119 00a8 00F01C81 		beq	.L60
 358:../../Drivers/STM32H7xx_HAL_Driver/Src/stm32h7xx_hal_dma.c ****   {
 1120              		.loc 1 358 11 discriminator 14 view .LVU347
 1121 00ac 1432     		adds	r2, r2, #20
 1122 00ae 9342     		cmp	r3, r2
 1123 00b0 00F01881 		beq	.L60
 405:../../Drivers/STM32H7xx_HAL_Driver/Src/stm32h7xx_hal_dma.c ****     hdma->State     = HAL_DMA_STATE_ERROR;
 1124              		.loc 1 405 5 is_stmt 1 view .LVU348
 405:../../Drivers/STM32H7xx_HAL_Driver/Src/stm32h7xx_hal_dma.c ****     hdma->State     = HAL_DMA_STATE_ERROR;
 1125              		.loc 1 405 21 is_stmt 0 view .LVU349
 1126 00b4 4023     		movs	r3, #64
 1127 00b6 6365     		str	r3, [r4, #84]
 406:../../Drivers/STM32H7xx_HAL_Driver/Src/stm32h7xx_hal_dma.c **** 
 1128              		.loc 1 406 5 is_stmt 1 view .LVU350
 406:../../Drivers/STM32H7xx_HAL_Driver/Src/stm32h7xx_hal_dma.c **** 
 1129              		.loc 1 406 21 is_stmt 0 view .LVU351
 1130 00b8 0323     		movs	r3, #3
 1131 00ba 84F83530 		strb	r3, [r4, #53]
 408:../../Drivers/STM32H7xx_HAL_Driver/Src/stm32h7xx_hal_dma.c ****   }
 1132              		.loc 1 408 5 is_stmt 1 view .LVU352
 408:../../Drivers/STM32H7xx_HAL_Driver/Src/stm32h7xx_hal_dma.c ****   }
 1133              		.loc 1 408 12 is_stmt 0 view .LVU353
 1134 00be 0120     		movs	r0, #1
 1135              	.LVL63:
 408:../../Drivers/STM32H7xx_HAL_Driver/Src/stm32h7xx_hal_dma.c ****   }
 1136              		.loc 1 408 12 view .LVU354
 1137 00c0 4FE0     		b	.L58
 1138              	.LVL64:
 1139              	.L59:
 241:../../Drivers/STM32H7xx_HAL_Driver/Src/stm32h7xx_hal_dma.c ****     assert_param(IS_DMA_FIFO_MODE_STATE(hdma->Init.FIFOMode));
 1140              		.loc 1 241 5 is_stmt 1 view .LVU355
 242:../../Drivers/STM32H7xx_HAL_Driver/Src/stm32h7xx_hal_dma.c ****     /* Check the memory burst, peripheral burst and FIFO threshold parameters only
 1141              		.loc 1 242 5 view .LVU356
 245:../../Drivers/STM32H7xx_HAL_Driver/Src/stm32h7xx_hal_dma.c ****     {
 1142              		.loc 1 245 5 view .LVU357
 247:../../Drivers/STM32H7xx_HAL_Driver/Src/stm32h7xx_hal_dma.c ****       assert_param(IS_DMA_MEMORY_BURST(hdma->Init.MemBurst));
 1143              		.loc 1 247 7 view .LVU358
 248:../../Drivers/STM32H7xx_HAL_Driver/Src/stm32h7xx_hal_dma.c ****       assert_param(IS_DMA_PERIPHERAL_BURST(hdma->Init.PeriphBurst));
 1144              		.loc 1 248 7 view .LVU359
 249:../../Drivers/STM32H7xx_HAL_Driver/Src/stm32h7xx_hal_dma.c ****     }
 1145              		.loc 1 249 7 view .LVU360
 253:../../Drivers/STM32H7xx_HAL_Driver/Src/stm32h7xx_hal_dma.c **** 
 1146              		.loc 1 253 5 view .LVU361
 253:../../Drivers/STM32H7xx_HAL_Driver/Src/stm32h7xx_hal_dma.c **** 
 1147              		.loc 1 253 17 is_stmt 0 view .LVU362
 1148 00c2 0222     		movs	r2, #2
 1149 00c4 84F83520 		strb	r2, [r4, #53]
 256:../../Drivers/STM32H7xx_HAL_Driver/Src/stm32h7xx_hal_dma.c **** 
 1150              		.loc 1 256 5 is_stmt 1 view .LVU363
 256:../../Drivers/STM32H7xx_HAL_Driver/Src/stm32h7xx_hal_dma.c **** 
 1151              		.loc 1 256 5 view .LVU364
 1152 00c8 0022     		movs	r2, #0
 1153 00ca 84F83420 		strb	r2, [r4, #52]
ARM GAS  /var/folders/2r/mdtt8xvd351gdc398t28_m2m0000gn/T//ccdEwLBV.s 			page 60


 256:../../Drivers/STM32H7xx_HAL_Driver/Src/stm32h7xx_hal_dma.c **** 
 1154              		.loc 1 256 5 view .LVU365
 259:../../Drivers/STM32H7xx_HAL_Driver/Src/stm32h7xx_hal_dma.c **** 
 1155              		.loc 1 259 5 view .LVU366
 1156 00ce 254A     		ldr	r2, .L88
 1157 00d0 9342     		cmp	r3, r2
 1158 00d2 32D0     		beq	.L62
 259:../../Drivers/STM32H7xx_HAL_Driver/Src/stm32h7xx_hal_dma.c **** 
 1159              		.loc 1 259 5 is_stmt 0 discriminator 2 view .LVU367
 1160 00d4 1832     		adds	r2, r2, #24
 1161 00d6 9342     		cmp	r3, r2
 1162 00d8 2FD0     		beq	.L62
 259:../../Drivers/STM32H7xx_HAL_Driver/Src/stm32h7xx_hal_dma.c **** 
 1163              		.loc 1 259 5 discriminator 4 view .LVU368
 1164 00da 1832     		adds	r2, r2, #24
 1165 00dc 9342     		cmp	r3, r2
 1166 00de 2CD0     		beq	.L62
 259:../../Drivers/STM32H7xx_HAL_Driver/Src/stm32h7xx_hal_dma.c **** 
 1167              		.loc 1 259 5 discriminator 6 view .LVU369
 1168 00e0 1832     		adds	r2, r2, #24
 1169 00e2 9342     		cmp	r3, r2
 1170 00e4 29D0     		beq	.L62
 259:../../Drivers/STM32H7xx_HAL_Driver/Src/stm32h7xx_hal_dma.c **** 
 1171              		.loc 1 259 5 discriminator 8 view .LVU370
 1172 00e6 1832     		adds	r2, r2, #24
 1173 00e8 9342     		cmp	r3, r2
 1174 00ea 26D0     		beq	.L62
 259:../../Drivers/STM32H7xx_HAL_Driver/Src/stm32h7xx_hal_dma.c **** 
 1175              		.loc 1 259 5 discriminator 10 view .LVU371
 1176 00ec 1832     		adds	r2, r2, #24
 1177 00ee 9342     		cmp	r3, r2
 1178 00f0 23D0     		beq	.L62
 259:../../Drivers/STM32H7xx_HAL_Driver/Src/stm32h7xx_hal_dma.c **** 
 1179              		.loc 1 259 5 discriminator 12 view .LVU372
 1180 00f2 1832     		adds	r2, r2, #24
 1181 00f4 9342     		cmp	r3, r2
 1182 00f6 20D0     		beq	.L62
 259:../../Drivers/STM32H7xx_HAL_Driver/Src/stm32h7xx_hal_dma.c **** 
 1183              		.loc 1 259 5 discriminator 14 view .LVU373
 1184 00f8 1832     		adds	r2, r2, #24
 1185 00fa 9342     		cmp	r3, r2
 1186 00fc 1DD0     		beq	.L62
 259:../../Drivers/STM32H7xx_HAL_Driver/Src/stm32h7xx_hal_dma.c **** 
 1187              		.loc 1 259 5 discriminator 16 view .LVU374
 1188 00fe 02F55672 		add	r2, r2, #856
 1189 0102 9342     		cmp	r3, r2
 1190 0104 19D0     		beq	.L62
 259:../../Drivers/STM32H7xx_HAL_Driver/Src/stm32h7xx_hal_dma.c **** 
 1191              		.loc 1 259 5 discriminator 18 view .LVU375
 1192 0106 1832     		adds	r2, r2, #24
 1193 0108 9342     		cmp	r3, r2
 1194 010a 16D0     		beq	.L62
 259:../../Drivers/STM32H7xx_HAL_Driver/Src/stm32h7xx_hal_dma.c **** 
 1195              		.loc 1 259 5 discriminator 20 view .LVU376
 1196 010c 1832     		adds	r2, r2, #24
 1197 010e 9342     		cmp	r3, r2
 1198 0110 13D0     		beq	.L62
ARM GAS  /var/folders/2r/mdtt8xvd351gdc398t28_m2m0000gn/T//ccdEwLBV.s 			page 61


 259:../../Drivers/STM32H7xx_HAL_Driver/Src/stm32h7xx_hal_dma.c **** 
 1199              		.loc 1 259 5 discriminator 22 view .LVU377
 1200 0112 1832     		adds	r2, r2, #24
 1201 0114 9342     		cmp	r3, r2
 1202 0116 10D0     		beq	.L62
 259:../../Drivers/STM32H7xx_HAL_Driver/Src/stm32h7xx_hal_dma.c **** 
 1203              		.loc 1 259 5 discriminator 24 view .LVU378
 1204 0118 1832     		adds	r2, r2, #24
 1205 011a 9342     		cmp	r3, r2
 1206 011c 0DD0     		beq	.L62
 259:../../Drivers/STM32H7xx_HAL_Driver/Src/stm32h7xx_hal_dma.c **** 
 1207              		.loc 1 259 5 discriminator 26 view .LVU379
 1208 011e 1832     		adds	r2, r2, #24
 1209 0120 9342     		cmp	r3, r2
 1210 0122 0AD0     		beq	.L62
 259:../../Drivers/STM32H7xx_HAL_Driver/Src/stm32h7xx_hal_dma.c **** 
 1211              		.loc 1 259 5 discriminator 28 view .LVU380
 1212 0124 1832     		adds	r2, r2, #24
 1213 0126 9342     		cmp	r3, r2
 1214 0128 07D0     		beq	.L62
 259:../../Drivers/STM32H7xx_HAL_Driver/Src/stm32h7xx_hal_dma.c **** 
 1215              		.loc 1 259 5 discriminator 30 view .LVU381
 1216 012a 1832     		adds	r2, r2, #24
 1217 012c 9342     		cmp	r3, r2
 1218 012e 04D0     		beq	.L62
 259:../../Drivers/STM32H7xx_HAL_Driver/Src/stm32h7xx_hal_dma.c **** 
 1219              		.loc 1 259 5 discriminator 32 view .LVU382
 1220 0130 1A68     		ldr	r2, [r3]
 1221 0132 22F00102 		bic	r2, r2, #1
 1222 0136 1A60     		str	r2, [r3]
 1223 0138 03E0     		b	.L65
 1224              	.L62:
 259:../../Drivers/STM32H7xx_HAL_Driver/Src/stm32h7xx_hal_dma.c **** 
 1225              		.loc 1 259 5 discriminator 31 view .LVU383
 1226 013a 1A68     		ldr	r2, [r3]
 1227 013c 22F00102 		bic	r2, r2, #1
 1228 0140 1A60     		str	r2, [r3]
 1229              	.LVL65:
 1230              	.L65:
 262:../../Drivers/STM32H7xx_HAL_Driver/Src/stm32h7xx_hal_dma.c ****     {
 1231              		.loc 1 262 72 is_stmt 1 view .LVU384
 262:../../Drivers/STM32H7xx_HAL_Driver/Src/stm32h7xx_hal_dma.c ****     {
 1232              		.loc 1 262 41 is_stmt 0 view .LVU385
 1233 0142 2368     		ldr	r3, [r4]
 262:../../Drivers/STM32H7xx_HAL_Driver/Src/stm32h7xx_hal_dma.c ****     {
 1234              		.loc 1 262 52 view .LVU386
 1235 0144 1A68     		ldr	r2, [r3]
 262:../../Drivers/STM32H7xx_HAL_Driver/Src/stm32h7xx_hal_dma.c ****     {
 1236              		.loc 1 262 72 view .LVU387
 1237 0146 12F0010F 		tst	r2, #1
 1238 014a 11D0     		beq	.L82
 265:../../Drivers/STM32H7xx_HAL_Driver/Src/stm32h7xx_hal_dma.c ****       {
 1239              		.loc 1 265 7 is_stmt 1 view .LVU388
 265:../../Drivers/STM32H7xx_HAL_Driver/Src/stm32h7xx_hal_dma.c ****       {
 1240              		.loc 1 265 11 is_stmt 0 view .LVU389
 1241 014c FFF7FEFF 		bl	HAL_GetTick
 1242              	.LVL66:
ARM GAS  /var/folders/2r/mdtt8xvd351gdc398t28_m2m0000gn/T//ccdEwLBV.s 			page 62


 265:../../Drivers/STM32H7xx_HAL_Driver/Src/stm32h7xx_hal_dma.c ****       {
 1243              		.loc 1 265 25 discriminator 1 view .LVU390
 1244 0150 431B     		subs	r3, r0, r5
 265:../../Drivers/STM32H7xx_HAL_Driver/Src/stm32h7xx_hal_dma.c ****       {
 1245              		.loc 1 265 9 discriminator 1 view .LVU391
 1246 0152 052B     		cmp	r3, #5
 1247 0154 F5D9     		bls	.L65
 268:../../Drivers/STM32H7xx_HAL_Driver/Src/stm32h7xx_hal_dma.c **** 
 1248              		.loc 1 268 9 is_stmt 1 view .LVU392
 268:../../Drivers/STM32H7xx_HAL_Driver/Src/stm32h7xx_hal_dma.c **** 
 1249              		.loc 1 268 25 is_stmt 0 view .LVU393
 1250 0156 2023     		movs	r3, #32
 1251 0158 6365     		str	r3, [r4, #84]
 271:../../Drivers/STM32H7xx_HAL_Driver/Src/stm32h7xx_hal_dma.c **** 
 1252              		.loc 1 271 9 is_stmt 1 view .LVU394
 271:../../Drivers/STM32H7xx_HAL_Driver/Src/stm32h7xx_hal_dma.c **** 
 1253              		.loc 1 271 21 is_stmt 0 view .LVU395
 1254 015a 0323     		movs	r3, #3
 1255 015c 84F83530 		strb	r3, [r4, #53]
 273:../../Drivers/STM32H7xx_HAL_Driver/Src/stm32h7xx_hal_dma.c ****       }
 1256              		.loc 1 273 9 is_stmt 1 view .LVU396
 273:../../Drivers/STM32H7xx_HAL_Driver/Src/stm32h7xx_hal_dma.c ****       }
 1257              		.loc 1 273 16 is_stmt 0 view .LVU397
 1258 0160 0120     		movs	r0, #1
 1259              	.LVL67:
 1260              	.L58:
 460:../../Drivers/STM32H7xx_HAL_Driver/Src/stm32h7xx_hal_dma.c **** 
 1261              		.loc 1 460 1 view .LVU398
 1262 0162 70BD     		pop	{r4, r5, r6, pc}
 1263              	.LVL68:
 1264              	.L89:
 460:../../Drivers/STM32H7xx_HAL_Driver/Src/stm32h7xx_hal_dma.c **** 
 1265              		.loc 1 460 1 view .LVU399
 1266              		.align	2
 1267              	.L88:
 1268 0164 10000240 		.word	1073872912
 1269 0168 08540258 		.word	1476547592
 1270 016c 1C540258 		.word	1476547612
 1271              	.LVL69:
 1272              	.L82:
 278:../../Drivers/STM32H7xx_HAL_Driver/Src/stm32h7xx_hal_dma.c **** 
 1273              		.loc 1 278 5 is_stmt 1 view .LVU400
 278:../../Drivers/STM32H7xx_HAL_Driver/Src/stm32h7xx_hal_dma.c **** 
 1274              		.loc 1 278 19 is_stmt 0 view .LVU401
 1275 0170 1A68     		ldr	r2, [r3]
 1276              	.LVL70:
 281:../../Drivers/STM32H7xx_HAL_Driver/Src/stm32h7xx_hal_dma.c ****                         DMA_SxCR_PL    | DMA_SxCR_MSIZE  | DMA_SxCR_PSIZE  | \
 1277              		.loc 1 281 5 is_stmt 1 view .LVU402
 281:../../Drivers/STM32H7xx_HAL_Driver/Src/stm32h7xx_hal_dma.c ****                         DMA_SxCR_PL    | DMA_SxCR_MSIZE  | DMA_SxCR_PSIZE  | \
 1278              		.loc 1 281 19 is_stmt 0 view .LVU403
 1279 0172 8149     		ldr	r1, .L90
 1280 0174 1140     		ands	r1, r1, r2
 1281              	.LVL71:
 287:../../Drivers/STM32H7xx_HAL_Driver/Src/stm32h7xx_hal_dma.c ****             hdma->Init.PeriphInc           | hdma->Init.MemInc           |
 1282              		.loc 1 287 5 is_stmt 1 view .LVU404
 287:../../Drivers/STM32H7xx_HAL_Driver/Src/stm32h7xx_hal_dma.c ****             hdma->Init.PeriphInc           | hdma->Init.MemInc           |
 1283              		.loc 1 287 33 is_stmt 0 view .LVU405
ARM GAS  /var/folders/2r/mdtt8xvd351gdc398t28_m2m0000gn/T//ccdEwLBV.s 			page 63


 1284 0176 A268     		ldr	r2, [r4, #8]
 288:../../Drivers/STM32H7xx_HAL_Driver/Src/stm32h7xx_hal_dma.c ****             hdma->Init.PeriphDataAlignment | hdma->Init.MemDataAlignment |
 1285              		.loc 1 288 23 view .LVU406
 1286 0178 E068     		ldr	r0, [r4, #12]
 287:../../Drivers/STM32H7xx_HAL_Driver/Src/stm32h7xx_hal_dma.c ****             hdma->Init.PeriphInc           | hdma->Init.MemInc           |
 1287              		.loc 1 287 54 view .LVU407
 1288 017a 0243     		orrs	r2, r2, r0
 288:../../Drivers/STM32H7xx_HAL_Driver/Src/stm32h7xx_hal_dma.c ****             hdma->Init.PeriphDataAlignment | hdma->Init.MemDataAlignment |
 1289              		.loc 1 288 56 view .LVU408
 1290 017c 2069     		ldr	r0, [r4, #16]
 288:../../Drivers/STM32H7xx_HAL_Driver/Src/stm32h7xx_hal_dma.c ****             hdma->Init.PeriphDataAlignment | hdma->Init.MemDataAlignment |
 1291              		.loc 1 288 44 view .LVU409
 1292 017e 0243     		orrs	r2, r2, r0
 289:../../Drivers/STM32H7xx_HAL_Driver/Src/stm32h7xx_hal_dma.c ****             hdma->Init.Mode                | hdma->Init.Priority;
 1293              		.loc 1 289 23 view .LVU410
 1294 0180 6069     		ldr	r0, [r4, #20]
 288:../../Drivers/STM32H7xx_HAL_Driver/Src/stm32h7xx_hal_dma.c ****             hdma->Init.PeriphDataAlignment | hdma->Init.MemDataAlignment |
 1295              		.loc 1 288 74 view .LVU411
 1296 0182 0243     		orrs	r2, r2, r0
 289:../../Drivers/STM32H7xx_HAL_Driver/Src/stm32h7xx_hal_dma.c ****             hdma->Init.Mode                | hdma->Init.Priority;
 1297              		.loc 1 289 56 view .LVU412
 1298 0184 A069     		ldr	r0, [r4, #24]
 289:../../Drivers/STM32H7xx_HAL_Driver/Src/stm32h7xx_hal_dma.c ****             hdma->Init.Mode                | hdma->Init.Priority;
 1299              		.loc 1 289 44 view .LVU413
 1300 0186 0243     		orrs	r2, r2, r0
 290:../../Drivers/STM32H7xx_HAL_Driver/Src/stm32h7xx_hal_dma.c **** 
 1301              		.loc 1 290 23 view .LVU414
 1302 0188 E069     		ldr	r0, [r4, #28]
 289:../../Drivers/STM32H7xx_HAL_Driver/Src/stm32h7xx_hal_dma.c ****             hdma->Init.Mode                | hdma->Init.Priority;
 1303              		.loc 1 289 74 view .LVU415
 1304 018a 0243     		orrs	r2, r2, r0
 290:../../Drivers/STM32H7xx_HAL_Driver/Src/stm32h7xx_hal_dma.c **** 
 1305              		.loc 1 290 56 view .LVU416
 1306 018c 206A     		ldr	r0, [r4, #32]
 290:../../Drivers/STM32H7xx_HAL_Driver/Src/stm32h7xx_hal_dma.c **** 
 1307              		.loc 1 290 44 view .LVU417
 1308 018e 0243     		orrs	r2, r2, r0
 287:../../Drivers/STM32H7xx_HAL_Driver/Src/stm32h7xx_hal_dma.c ****             hdma->Init.PeriphInc           | hdma->Init.MemInc           |
 1309              		.loc 1 287 19 view .LVU418
 1310 0190 0A43     		orrs	r2, r2, r1
 1311              	.LVL72:
 293:../../Drivers/STM32H7xx_HAL_Driver/Src/stm32h7xx_hal_dma.c ****     {
 1312              		.loc 1 293 5 is_stmt 1 view .LVU419
 293:../../Drivers/STM32H7xx_HAL_Driver/Src/stm32h7xx_hal_dma.c ****     {
 1313              		.loc 1 293 18 is_stmt 0 view .LVU420
 1314 0192 616A     		ldr	r1, [r4, #36]
 293:../../Drivers/STM32H7xx_HAL_Driver/Src/stm32h7xx_hal_dma.c ****     {
 1315              		.loc 1 293 7 view .LVU421
 1316 0194 0429     		cmp	r1, #4
 1317 0196 00F09A80 		beq	.L83
 1318              	.LVL73:
 1319              	.L67:
 302:../../Drivers/STM32H7xx_HAL_Driver/Src/stm32h7xx_hal_dma.c ****     {
 1320              		.loc 1 302 5 is_stmt 1 view .LVU422
 302:../../Drivers/STM32H7xx_HAL_Driver/Src/stm32h7xx_hal_dma.c ****     {
 1321              		.loc 1 302 15 is_stmt 0 view .LVU423
 1322 019a 7849     		ldr	r1, .L90+4
ARM GAS  /var/folders/2r/mdtt8xvd351gdc398t28_m2m0000gn/T//ccdEwLBV.s 			page 64


 1323 019c 0968     		ldr	r1, [r1]
 302:../../Drivers/STM32H7xx_HAL_Driver/Src/stm32h7xx_hal_dma.c ****     {
 1324              		.loc 1 302 24 view .LVU424
 1325 019e 6FF30F01 		bfc	r1, #0, #16
 302:../../Drivers/STM32H7xx_HAL_Driver/Src/stm32h7xx_hal_dma.c ****     {
 1326              		.loc 1 302 7 view .LVU425
 1327 01a2 B1F1005F 		cmp	r1, #536870912
 1328 01a6 11D3     		bcc	.L68
 305:../../Drivers/STM32H7xx_HAL_Driver/Src/stm32h7xx_hal_dma.c ****       {
 1329              		.loc 1 305 7 is_stmt 1 view .LVU426
 305:../../Drivers/STM32H7xx_HAL_Driver/Src/stm32h7xx_hal_dma.c ****       {
 1330              		.loc 1 305 10 is_stmt 0 view .LVU427
 1331 01a8 6168     		ldr	r1, [r4, #4]
 1332 01aa A1F12900 		sub	r0, r1, #41
 1333 01ae 0528     		cmp	r0, #5
 1334 01b0 0AD9     		bls	.L69
 305:../../Drivers/STM32H7xx_HAL_Driver/Src/stm32h7xx_hal_dma.c ****       {
 1335              		.loc 1 305 10 discriminator 2 view .LVU428
 1336 01b2 A1F13F00 		sub	r0, r1, #63
 1337 01b6 0328     		cmp	r0, #3
 1338 01b8 06D9     		bls	.L69
 305:../../Drivers/STM32H7xx_HAL_Driver/Src/stm32h7xx_hal_dma.c ****       {
 1339              		.loc 1 305 10 discriminator 4 view .LVU429
 1340 01ba A1F14700 		sub	r0, r1, #71
 1341 01be 0128     		cmp	r0, #1
 1342 01c0 02D9     		bls	.L69
 305:../../Drivers/STM32H7xx_HAL_Driver/Src/stm32h7xx_hal_dma.c ****       {
 1343              		.loc 1 305 10 discriminator 6 view .LVU430
 1344 01c2 4F39     		subs	r1, r1, #79
 1345 01c4 0329     		cmp	r1, #3
 1346 01c6 01D8     		bhi	.L68
 1347              	.L69:
 307:../../Drivers/STM32H7xx_HAL_Driver/Src/stm32h7xx_hal_dma.c ****       }
 1348              		.loc 1 307 9 is_stmt 1 view .LVU431
 307:../../Drivers/STM32H7xx_HAL_Driver/Src/stm32h7xx_hal_dma.c ****       }
 1349              		.loc 1 307 23 is_stmt 0 view .LVU432
 1350 01c8 42F48012 		orr	r2, r2, #1048576
 1351              	.LVL74:
 1352              	.L68:
 314:../../Drivers/STM32H7xx_HAL_Driver/Src/stm32h7xx_hal_dma.c **** 
 1353              		.loc 1 314 5 is_stmt 1 view .LVU433
 314:../../Drivers/STM32H7xx_HAL_Driver/Src/stm32h7xx_hal_dma.c **** 
 1354              		.loc 1 314 50 is_stmt 0 view .LVU434
 1355 01cc 1A60     		str	r2, [r3]
 317:../../Drivers/STM32H7xx_HAL_Driver/Src/stm32h7xx_hal_dma.c **** 
 1356              		.loc 1 317 5 is_stmt 1 view .LVU435
 317:../../Drivers/STM32H7xx_HAL_Driver/Src/stm32h7xx_hal_dma.c **** 
 1357              		.loc 1 317 50 is_stmt 0 view .LVU436
 1358 01ce 2368     		ldr	r3, [r4]
 1359 01d0 1E46     		mov	r6, r3
 317:../../Drivers/STM32H7xx_HAL_Driver/Src/stm32h7xx_hal_dma.c **** 
 1360              		.loc 1 317 19 view .LVU437
 1361 01d2 5D69     		ldr	r5, [r3, #20]
 1362              	.LVL75:
 320:../../Drivers/STM32H7xx_HAL_Driver/Src/stm32h7xx_hal_dma.c **** 
 1363              		.loc 1 320 5 is_stmt 1 view .LVU438
 320:../../Drivers/STM32H7xx_HAL_Driver/Src/stm32h7xx_hal_dma.c **** 
ARM GAS  /var/folders/2r/mdtt8xvd351gdc398t28_m2m0000gn/T//ccdEwLBV.s 			page 65


 1364              		.loc 1 320 19 is_stmt 0 view .LVU439
 1365 01d4 25F00705 		bic	r5, r5, #7
 1366              	.LVL76:
 323:../../Drivers/STM32H7xx_HAL_Driver/Src/stm32h7xx_hal_dma.c **** 
 1367              		.loc 1 323 5 is_stmt 1 view .LVU440
 323:../../Drivers/STM32H7xx_HAL_Driver/Src/stm32h7xx_hal_dma.c **** 
 1368              		.loc 1 323 32 is_stmt 0 view .LVU441
 1369 01d8 636A     		ldr	r3, [r4, #36]
 323:../../Drivers/STM32H7xx_HAL_Driver/Src/stm32h7xx_hal_dma.c **** 
 1370              		.loc 1 323 19 view .LVU442
 1371 01da 1D43     		orrs	r5, r5, r3
 1372              	.LVL77:
 326:../../Drivers/STM32H7xx_HAL_Driver/Src/stm32h7xx_hal_dma.c ****     {
 1373              		.loc 1 326 5 is_stmt 1 view .LVU443
 326:../../Drivers/STM32H7xx_HAL_Driver/Src/stm32h7xx_hal_dma.c ****     {
 1374              		.loc 1 326 7 is_stmt 0 view .LVU444
 1375 01dc 042B     		cmp	r3, #4
 1376 01de 08D1     		bne	.L70
 329:../../Drivers/STM32H7xx_HAL_Driver/Src/stm32h7xx_hal_dma.c **** 
 1377              		.loc 1 329 7 is_stmt 1 view .LVU445
 329:../../Drivers/STM32H7xx_HAL_Driver/Src/stm32h7xx_hal_dma.c **** 
 1378              		.loc 1 329 34 is_stmt 0 view .LVU446
 1379 01e0 A36A     		ldr	r3, [r4, #40]
 329:../../Drivers/STM32H7xx_HAL_Driver/Src/stm32h7xx_hal_dma.c **** 
 1380              		.loc 1 329 21 view .LVU447
 1381 01e2 1D43     		orrs	r5, r5, r3
 1382              	.LVL78:
 333:../../Drivers/STM32H7xx_HAL_Driver/Src/stm32h7xx_hal_dma.c ****       {
 1383              		.loc 1 333 7 is_stmt 1 view .LVU448
 333:../../Drivers/STM32H7xx_HAL_Driver/Src/stm32h7xx_hal_dma.c ****       {
 1384              		.loc 1 333 20 is_stmt 0 view .LVU449
 1385 01e4 E36A     		ldr	r3, [r4, #44]
 333:../../Drivers/STM32H7xx_HAL_Driver/Src/stm32h7xx_hal_dma.c ****       {
 1386              		.loc 1 333 9 view .LVU450
 1387 01e6 23B1     		cbz	r3, .L70
 335:../../Drivers/STM32H7xx_HAL_Driver/Src/stm32h7xx_hal_dma.c ****         {
 1388              		.loc 1 335 9 is_stmt 1 view .LVU451
 335:../../Drivers/STM32H7xx_HAL_Driver/Src/stm32h7xx_hal_dma.c ****         {
 1389              		.loc 1 335 13 is_stmt 0 view .LVU452
 1390 01e8 2046     		mov	r0, r4
 1391 01ea FFF7FEFF 		bl	DMA_CheckFifoParam
 1392              	.LVL79:
 335:../../Drivers/STM32H7xx_HAL_Driver/Src/stm32h7xx_hal_dma.c ****         {
 1393              		.loc 1 335 12 discriminator 1 view .LVU453
 1394 01ee 0028     		cmp	r0, #0
 1395 01f0 72D1     		bne	.L84
 1396              	.L70:
 349:../../Drivers/STM32H7xx_HAL_Driver/Src/stm32h7xx_hal_dma.c **** 
 1397              		.loc 1 349 5 is_stmt 1 view .LVU454
 349:../../Drivers/STM32H7xx_HAL_Driver/Src/stm32h7xx_hal_dma.c **** 
 1398              		.loc 1 349 51 is_stmt 0 view .LVU455
 1399 01f2 7561     		str	r5, [r6, #20]
 353:../../Drivers/STM32H7xx_HAL_Driver/Src/stm32h7xx_hal_dma.c **** 
 1400              		.loc 1 353 5 is_stmt 1 view .LVU456
 353:../../Drivers/STM32H7xx_HAL_Driver/Src/stm32h7xx_hal_dma.c **** 
 1401              		.loc 1 353 38 is_stmt 0 view .LVU457
 1402 01f4 2046     		mov	r0, r4
ARM GAS  /var/folders/2r/mdtt8xvd351gdc398t28_m2m0000gn/T//ccdEwLBV.s 			page 66


 1403 01f6 FFF7FEFF 		bl	DMA_CalcBaseAndBitshift
 1404              	.LVL80:
 356:../../Drivers/STM32H7xx_HAL_Driver/Src/stm32h7xx_hal_dma.c ****   }
 1405              		.loc 1 356 5 is_stmt 1 view .LVU458
 356:../../Drivers/STM32H7xx_HAL_Driver/Src/stm32h7xx_hal_dma.c ****   }
 1406              		.loc 1 356 37 is_stmt 0 view .LVU459
 1407 01fa E36D     		ldr	r3, [r4, #92]
 356:../../Drivers/STM32H7xx_HAL_Driver/Src/stm32h7xx_hal_dma.c ****   }
 1408              		.loc 1 356 51 view .LVU460
 1409 01fc 03F01F02 		and	r2, r3, #31
 356:../../Drivers/STM32H7xx_HAL_Driver/Src/stm32h7xx_hal_dma.c ****   }
 1410              		.loc 1 356 29 view .LVU461
 1411 0200 3F23     		movs	r3, #63
 1412 0202 9340     		lsls	r3, r3, r2
 356:../../Drivers/STM32H7xx_HAL_Driver/Src/stm32h7xx_hal_dma.c ****   }
 1413              		.loc 1 356 20 view .LVU462
 1414 0204 8360     		str	r3, [r0, #8]
 1415              	.LVL81:
 1416              	.L71:
 411:../../Drivers/STM32H7xx_HAL_Driver/Src/stm32h7xx_hal_dma.c ****   {
 1417              		.loc 1 411 3 is_stmt 1 view .LVU463
 411:../../Drivers/STM32H7xx_HAL_Driver/Src/stm32h7xx_hal_dma.c ****   {
 1418              		.loc 1 411 6 is_stmt 0 view .LVU464
 1419 0206 2368     		ldr	r3, [r4]
 1420 0208 5D4A     		ldr	r2, .L90+8
 1421 020a 9342     		cmp	r3, r2
 1422 020c 45D0     		beq	.L73
 411:../../Drivers/STM32H7xx_HAL_Driver/Src/stm32h7xx_hal_dma.c ****   {
 1423              		.loc 1 411 6 discriminator 2 view .LVU465
 1424 020e 1832     		adds	r2, r2, #24
 1425 0210 9342     		cmp	r3, r2
 1426 0212 42D0     		beq	.L73
 411:../../Drivers/STM32H7xx_HAL_Driver/Src/stm32h7xx_hal_dma.c ****   {
 1427              		.loc 1 411 6 discriminator 4 view .LVU466
 1428 0214 1832     		adds	r2, r2, #24
 1429 0216 9342     		cmp	r3, r2
 1430 0218 3FD0     		beq	.L73
 411:../../Drivers/STM32H7xx_HAL_Driver/Src/stm32h7xx_hal_dma.c ****   {
 1431              		.loc 1 411 6 discriminator 6 view .LVU467
 1432 021a 1832     		adds	r2, r2, #24
 1433 021c 9342     		cmp	r3, r2
 1434 021e 3CD0     		beq	.L73
 411:../../Drivers/STM32H7xx_HAL_Driver/Src/stm32h7xx_hal_dma.c ****   {
 1435              		.loc 1 411 6 discriminator 8 view .LVU468
 1436 0220 1832     		adds	r2, r2, #24
 1437 0222 9342     		cmp	r3, r2
 1438 0224 39D0     		beq	.L73
 411:../../Drivers/STM32H7xx_HAL_Driver/Src/stm32h7xx_hal_dma.c ****   {
 1439              		.loc 1 411 6 discriminator 10 view .LVU469
 1440 0226 1832     		adds	r2, r2, #24
 1441 0228 9342     		cmp	r3, r2
 1442 022a 36D0     		beq	.L73
 411:../../Drivers/STM32H7xx_HAL_Driver/Src/stm32h7xx_hal_dma.c ****   {
 1443              		.loc 1 411 6 discriminator 12 view .LVU470
 1444 022c 1832     		adds	r2, r2, #24
 1445 022e 9342     		cmp	r3, r2
 1446 0230 33D0     		beq	.L73
ARM GAS  /var/folders/2r/mdtt8xvd351gdc398t28_m2m0000gn/T//ccdEwLBV.s 			page 67


 411:../../Drivers/STM32H7xx_HAL_Driver/Src/stm32h7xx_hal_dma.c ****   {
 1447              		.loc 1 411 6 discriminator 14 view .LVU471
 1448 0232 1832     		adds	r2, r2, #24
 1449 0234 9342     		cmp	r3, r2
 1450 0236 30D0     		beq	.L73
 411:../../Drivers/STM32H7xx_HAL_Driver/Src/stm32h7xx_hal_dma.c ****   {
 1451              		.loc 1 411 6 discriminator 16 view .LVU472
 1452 0238 02F55672 		add	r2, r2, #856
 1453 023c 9342     		cmp	r3, r2
 1454 023e 2CD0     		beq	.L73
 411:../../Drivers/STM32H7xx_HAL_Driver/Src/stm32h7xx_hal_dma.c ****   {
 1455              		.loc 1 411 6 discriminator 18 view .LVU473
 1456 0240 1832     		adds	r2, r2, #24
 1457 0242 9342     		cmp	r3, r2
 1458 0244 29D0     		beq	.L73
 411:../../Drivers/STM32H7xx_HAL_Driver/Src/stm32h7xx_hal_dma.c ****   {
 1459              		.loc 1 411 6 discriminator 20 view .LVU474
 1460 0246 1832     		adds	r2, r2, #24
 1461 0248 9342     		cmp	r3, r2
 1462 024a 26D0     		beq	.L73
 411:../../Drivers/STM32H7xx_HAL_Driver/Src/stm32h7xx_hal_dma.c ****   {
 1463              		.loc 1 411 6 discriminator 22 view .LVU475
 1464 024c 1832     		adds	r2, r2, #24
 1465 024e 9342     		cmp	r3, r2
 1466 0250 23D0     		beq	.L73
 411:../../Drivers/STM32H7xx_HAL_Driver/Src/stm32h7xx_hal_dma.c ****   {
 1467              		.loc 1 411 6 discriminator 24 view .LVU476
 1468 0252 1832     		adds	r2, r2, #24
 1469 0254 9342     		cmp	r3, r2
 1470 0256 20D0     		beq	.L73
 411:../../Drivers/STM32H7xx_HAL_Driver/Src/stm32h7xx_hal_dma.c ****   {
 1471              		.loc 1 411 6 discriminator 26 view .LVU477
 1472 0258 1832     		adds	r2, r2, #24
 1473 025a 9342     		cmp	r3, r2
 1474 025c 1DD0     		beq	.L73
 411:../../Drivers/STM32H7xx_HAL_Driver/Src/stm32h7xx_hal_dma.c ****   {
 1475              		.loc 1 411 6 discriminator 28 view .LVU478
 1476 025e 1832     		adds	r2, r2, #24
 1477 0260 9342     		cmp	r3, r2
 1478 0262 1AD0     		beq	.L73
 411:../../Drivers/STM32H7xx_HAL_Driver/Src/stm32h7xx_hal_dma.c ****   {
 1479              		.loc 1 411 6 discriminator 30 view .LVU479
 1480 0264 1832     		adds	r2, r2, #24
 1481 0266 9342     		cmp	r3, r2
 1482 0268 17D0     		beq	.L73
 411:../../Drivers/STM32H7xx_HAL_Driver/Src/stm32h7xx_hal_dma.c ****   {
 1483              		.loc 1 411 6 discriminator 32 view .LVU480
 1484 026a 464A     		ldr	r2, .L90+12
 1485 026c 9342     		cmp	r3, r2
 1486 026e 14D0     		beq	.L73
 411:../../Drivers/STM32H7xx_HAL_Driver/Src/stm32h7xx_hal_dma.c ****   {
 1487              		.loc 1 411 6 discriminator 34 view .LVU481
 1488 0270 1432     		adds	r2, r2, #20
 1489 0272 9342     		cmp	r3, r2
 1490 0274 11D0     		beq	.L73
 411:../../Drivers/STM32H7xx_HAL_Driver/Src/stm32h7xx_hal_dma.c ****   {
 1491              		.loc 1 411 6 discriminator 36 view .LVU482
ARM GAS  /var/folders/2r/mdtt8xvd351gdc398t28_m2m0000gn/T//ccdEwLBV.s 			page 68


 1492 0276 1432     		adds	r2, r2, #20
 1493 0278 9342     		cmp	r3, r2
 1494 027a 0ED0     		beq	.L73
 411:../../Drivers/STM32H7xx_HAL_Driver/Src/stm32h7xx_hal_dma.c ****   {
 1495              		.loc 1 411 6 discriminator 38 view .LVU483
 1496 027c 1432     		adds	r2, r2, #20
 1497 027e 9342     		cmp	r3, r2
 1498 0280 0BD0     		beq	.L73
 411:../../Drivers/STM32H7xx_HAL_Driver/Src/stm32h7xx_hal_dma.c ****   {
 1499              		.loc 1 411 6 discriminator 40 view .LVU484
 1500 0282 1432     		adds	r2, r2, #20
 1501 0284 9342     		cmp	r3, r2
 1502 0286 08D0     		beq	.L73
 411:../../Drivers/STM32H7xx_HAL_Driver/Src/stm32h7xx_hal_dma.c ****   {
 1503              		.loc 1 411 6 discriminator 42 view .LVU485
 1504 0288 1432     		adds	r2, r2, #20
 1505 028a 9342     		cmp	r3, r2
 1506 028c 05D0     		beq	.L73
 411:../../Drivers/STM32H7xx_HAL_Driver/Src/stm32h7xx_hal_dma.c ****   {
 1507              		.loc 1 411 6 discriminator 44 view .LVU486
 1508 028e 1432     		adds	r2, r2, #20
 1509 0290 9342     		cmp	r3, r2
 1510 0292 02D0     		beq	.L73
 411:../../Drivers/STM32H7xx_HAL_Driver/Src/stm32h7xx_hal_dma.c ****   {
 1511              		.loc 1 411 6 discriminator 46 view .LVU487
 1512 0294 1432     		adds	r2, r2, #20
 1513 0296 9342     		cmp	r3, r2
 1514 0298 13D1     		bne	.L74
 1515              	.L73:
 416:../../Drivers/STM32H7xx_HAL_Driver/Src/stm32h7xx_hal_dma.c **** 
 1516              		.loc 1 416 5 is_stmt 1 view .LVU488
 1517 029a 2046     		mov	r0, r4
 1518 029c FFF7FEFF 		bl	DMA_CalcDMAMUXChannelBaseAndMask
 1519              	.LVL82:
 418:../../Drivers/STM32H7xx_HAL_Driver/Src/stm32h7xx_hal_dma.c ****     {
 1520              		.loc 1 418 5 view .LVU489
 418:../../Drivers/STM32H7xx_HAL_Driver/Src/stm32h7xx_hal_dma.c ****     {
 1521              		.loc 1 418 18 is_stmt 0 view .LVU490
 1522 02a0 A368     		ldr	r3, [r4, #8]
 418:../../Drivers/STM32H7xx_HAL_Driver/Src/stm32h7xx_hal_dma.c ****     {
 1523              		.loc 1 418 7 view .LVU491
 1524 02a2 802B     		cmp	r3, #128
 1525 02a4 59D0     		beq	.L85
 1526              	.L75:
 425:../../Drivers/STM32H7xx_HAL_Driver/Src/stm32h7xx_hal_dma.c **** 
 1527              		.loc 1 425 5 is_stmt 1 view .LVU492
 425:../../Drivers/STM32H7xx_HAL_Driver/Src/stm32h7xx_hal_dma.c **** 
 1528              		.loc 1 425 9 is_stmt 0 view .LVU493
 1529 02a6 236E     		ldr	r3, [r4, #96]
 425:../../Drivers/STM32H7xx_HAL_Driver/Src/stm32h7xx_hal_dma.c **** 
 1530              		.loc 1 425 52 view .LVU494
 1531 02a8 2279     		ldrb	r2, [r4, #4]	@ zero_extendqisi2
 425:../../Drivers/STM32H7xx_HAL_Driver/Src/stm32h7xx_hal_dma.c **** 
 1532              		.loc 1 425 30 view .LVU495
 1533 02aa 1A60     		str	r2, [r3]
 428:../../Drivers/STM32H7xx_HAL_Driver/Src/stm32h7xx_hal_dma.c **** 
 1534              		.loc 1 428 5 is_stmt 1 view .LVU496
ARM GAS  /var/folders/2r/mdtt8xvd351gdc398t28_m2m0000gn/T//ccdEwLBV.s 			page 69


 428:../../Drivers/STM32H7xx_HAL_Driver/Src/stm32h7xx_hal_dma.c **** 
 1535              		.loc 1 428 9 is_stmt 0 view .LVU497
 1536 02ac 636E     		ldr	r3, [r4, #100]
 428:../../Drivers/STM32H7xx_HAL_Driver/Src/stm32h7xx_hal_dma.c **** 
 1537              		.loc 1 428 42 view .LVU498
 1538 02ae A26E     		ldr	r2, [r4, #104]
 428:../../Drivers/STM32H7xx_HAL_Driver/Src/stm32h7xx_hal_dma.c **** 
 1539              		.loc 1 428 36 view .LVU499
 1540 02b0 5A60     		str	r2, [r3, #4]
 433:../../Drivers/STM32H7xx_HAL_Driver/Src/stm32h7xx_hal_dma.c ****     {
 1541              		.loc 1 433 5 is_stmt 1 view .LVU500
 433:../../Drivers/STM32H7xx_HAL_Driver/Src/stm32h7xx_hal_dma.c ****     {
 1542              		.loc 1 433 19 is_stmt 0 view .LVU501
 1543 02b2 6368     		ldr	r3, [r4, #4]
 433:../../Drivers/STM32H7xx_HAL_Driver/Src/stm32h7xx_hal_dma.c ****     {
 1544              		.loc 1 433 55 view .LVU502
 1545 02b4 013B     		subs	r3, r3, #1
 433:../../Drivers/STM32H7xx_HAL_Driver/Src/stm32h7xx_hal_dma.c ****     {
 1546              		.loc 1 433 7 view .LVU503
 1547 02b6 072B     		cmp	r3, #7
 1548 02b8 52D9     		bls	.L86
 447:../../Drivers/STM32H7xx_HAL_Driver/Src/stm32h7xx_hal_dma.c ****       hdma->DMAmuxRequestGenStatus = 0U;
 1549              		.loc 1 447 7 is_stmt 1 view .LVU504
 447:../../Drivers/STM32H7xx_HAL_Driver/Src/stm32h7xx_hal_dma.c ****       hdma->DMAmuxRequestGenStatus = 0U;
 1550              		.loc 1 447 30 is_stmt 0 view .LVU505
 1551 02ba 0023     		movs	r3, #0
 1552 02bc E366     		str	r3, [r4, #108]
 448:../../Drivers/STM32H7xx_HAL_Driver/Src/stm32h7xx_hal_dma.c ****       hdma->DMAmuxRequestGenStatusMask = 0U;
 1553              		.loc 1 448 7 is_stmt 1 view .LVU506
 448:../../Drivers/STM32H7xx_HAL_Driver/Src/stm32h7xx_hal_dma.c ****       hdma->DMAmuxRequestGenStatusMask = 0U;
 1554              		.loc 1 448 36 is_stmt 0 view .LVU507
 1555 02be 2367     		str	r3, [r4, #112]
 449:../../Drivers/STM32H7xx_HAL_Driver/Src/stm32h7xx_hal_dma.c ****     }
 1556              		.loc 1 449 7 is_stmt 1 view .LVU508
 449:../../Drivers/STM32H7xx_HAL_Driver/Src/stm32h7xx_hal_dma.c ****     }
 1557              		.loc 1 449 40 is_stmt 0 view .LVU509
 1558 02c0 6367     		str	r3, [r4, #116]
 1559              	.L74:
 454:../../Drivers/STM32H7xx_HAL_Driver/Src/stm32h7xx_hal_dma.c **** 
 1560              		.loc 1 454 3 is_stmt 1 view .LVU510
 454:../../Drivers/STM32H7xx_HAL_Driver/Src/stm32h7xx_hal_dma.c **** 
 1561              		.loc 1 454 19 is_stmt 0 view .LVU511
 1562 02c2 0020     		movs	r0, #0
 1563 02c4 6065     		str	r0, [r4, #84]
 457:../../Drivers/STM32H7xx_HAL_Driver/Src/stm32h7xx_hal_dma.c **** 
 1564              		.loc 1 457 3 is_stmt 1 view .LVU512
 457:../../Drivers/STM32H7xx_HAL_Driver/Src/stm32h7xx_hal_dma.c **** 
 1565              		.loc 1 457 15 is_stmt 0 view .LVU513
 1566 02c6 0123     		movs	r3, #1
 1567 02c8 84F83530 		strb	r3, [r4, #53]
 459:../../Drivers/STM32H7xx_HAL_Driver/Src/stm32h7xx_hal_dma.c **** }
 1568              		.loc 1 459 3 is_stmt 1 view .LVU514
 459:../../Drivers/STM32H7xx_HAL_Driver/Src/stm32h7xx_hal_dma.c **** }
 1569              		.loc 1 459 10 is_stmt 0 view .LVU515
 1570 02cc 49E7     		b	.L58
 1571              	.LVL83:
 1572              	.L83:
ARM GAS  /var/folders/2r/mdtt8xvd351gdc398t28_m2m0000gn/T//ccdEwLBV.s 			page 70


 296:../../Drivers/STM32H7xx_HAL_Driver/Src/stm32h7xx_hal_dma.c ****     }
 1573              		.loc 1 296 7 is_stmt 1 view .LVU516
 296:../../Drivers/STM32H7xx_HAL_Driver/Src/stm32h7xx_hal_dma.c ****     }
 1574              		.loc 1 296 35 is_stmt 0 view .LVU517
 1575 02ce E16A     		ldr	r1, [r4, #44]
 296:../../Drivers/STM32H7xx_HAL_Driver/Src/stm32h7xx_hal_dma.c ****     }
 1576              		.loc 1 296 57 view .LVU518
 1577 02d0 206B     		ldr	r0, [r4, #48]
 296:../../Drivers/STM32H7xx_HAL_Driver/Src/stm32h7xx_hal_dma.c ****     }
 1578              		.loc 1 296 45 view .LVU519
 1579 02d2 0143     		orrs	r1, r1, r0
 296:../../Drivers/STM32H7xx_HAL_Driver/Src/stm32h7xx_hal_dma.c ****     }
 1580              		.loc 1 296 21 view .LVU520
 1581 02d4 0A43     		orrs	r2, r2, r1
 1582              	.LVL84:
 296:../../Drivers/STM32H7xx_HAL_Driver/Src/stm32h7xx_hal_dma.c ****     }
 1583              		.loc 1 296 21 view .LVU521
 1584 02d6 60E7     		b	.L67
 1585              	.LVL85:
 1586              	.L84:
 338:../../Drivers/STM32H7xx_HAL_Driver/Src/stm32h7xx_hal_dma.c **** 
 1587              		.loc 1 338 11 is_stmt 1 view .LVU522
 338:../../Drivers/STM32H7xx_HAL_Driver/Src/stm32h7xx_hal_dma.c **** 
 1588              		.loc 1 338 27 is_stmt 0 view .LVU523
 1589 02d8 4023     		movs	r3, #64
 1590 02da 6365     		str	r3, [r4, #84]
 341:../../Drivers/STM32H7xx_HAL_Driver/Src/stm32h7xx_hal_dma.c **** 
 1591              		.loc 1 341 11 is_stmt 1 view .LVU524
 341:../../Drivers/STM32H7xx_HAL_Driver/Src/stm32h7xx_hal_dma.c **** 
 1592              		.loc 1 341 23 is_stmt 0 view .LVU525
 1593 02dc 0120     		movs	r0, #1
 1594 02de 84F83500 		strb	r0, [r4, #53]
 343:../../Drivers/STM32H7xx_HAL_Driver/Src/stm32h7xx_hal_dma.c ****         }
 1595              		.loc 1 343 11 is_stmt 1 view .LVU526
 343:../../Drivers/STM32H7xx_HAL_Driver/Src/stm32h7xx_hal_dma.c ****         }
 1596              		.loc 1 343 18 is_stmt 0 view .LVU527
 1597 02e2 3EE7     		b	.L58
 1598              	.LVL86:
 1599              	.L60:
 360:../../Drivers/STM32H7xx_HAL_Driver/Src/stm32h7xx_hal_dma.c ****     {
 1600              		.loc 1 360 5 is_stmt 1 view .LVU528
 363:../../Drivers/STM32H7xx_HAL_Driver/Src/stm32h7xx_hal_dma.c ****     }
 1601              		.loc 1 363 7 view .LVU529
 367:../../Drivers/STM32H7xx_HAL_Driver/Src/stm32h7xx_hal_dma.c **** 
 1602              		.loc 1 367 5 view .LVU530
 367:../../Drivers/STM32H7xx_HAL_Driver/Src/stm32h7xx_hal_dma.c **** 
 1603              		.loc 1 367 17 is_stmt 0 view .LVU531
 1604 02e4 0222     		movs	r2, #2
 1605 02e6 84F83520 		strb	r2, [r4, #53]
 370:../../Drivers/STM32H7xx_HAL_Driver/Src/stm32h7xx_hal_dma.c **** 
 1606              		.loc 1 370 5 is_stmt 1 view .LVU532
 370:../../Drivers/STM32H7xx_HAL_Driver/Src/stm32h7xx_hal_dma.c **** 
 1607              		.loc 1 370 5 view .LVU533
 1608 02ea 0022     		movs	r2, #0
 1609 02ec 84F83420 		strb	r2, [r4, #52]
 370:../../Drivers/STM32H7xx_HAL_Driver/Src/stm32h7xx_hal_dma.c **** 
 1610              		.loc 1 370 5 view .LVU534
ARM GAS  /var/folders/2r/mdtt8xvd351gdc398t28_m2m0000gn/T//ccdEwLBV.s 			page 71


 373:../../Drivers/STM32H7xx_HAL_Driver/Src/stm32h7xx_hal_dma.c **** 
 1611              		.loc 1 373 5 view .LVU535
 373:../../Drivers/STM32H7xx_HAL_Driver/Src/stm32h7xx_hal_dma.c **** 
 1612              		.loc 1 373 19 is_stmt 0 view .LVU536
 1613 02f0 1968     		ldr	r1, [r3]
 1614              	.LVL87:
 376:../../Drivers/STM32H7xx_HAL_Driver/Src/stm32h7xx_hal_dma.c ****                                   BDMA_CCR_MINC  | BDMA_CCR_PINC    | BDMA_CCR_CIRC   | \
 1615              		.loc 1 376 5 is_stmt 1 view .LVU537
 376:../../Drivers/STM32H7xx_HAL_Driver/Src/stm32h7xx_hal_dma.c ****                                   BDMA_CCR_MINC  | BDMA_CCR_PINC    | BDMA_CCR_CIRC   | \
 1616              		.loc 1 376 19 is_stmt 0 view .LVU538
 1617 02f2 6FF31011 		bfc	r1, #4, #13
 1618              	.LVL88:
 382:../../Drivers/STM32H7xx_HAL_Driver/Src/stm32h7xx_hal_dma.c ****                       DMA_TO_BDMA_PERIPHERAL_INC(hdma->Init.PeriphInc)       |
 1619              		.loc 1 382 5 is_stmt 1 view .LVU539
 382:../../Drivers/STM32H7xx_HAL_Driver/Src/stm32h7xx_hal_dma.c ****                       DMA_TO_BDMA_PERIPHERAL_INC(hdma->Init.PeriphInc)       |
 1620              		.loc 1 382 23 is_stmt 0 view .LVU540
 1621 02f6 A268     		ldr	r2, [r4, #8]
 1622 02f8 402A     		cmp	r2, #64
 1623 02fa 2CD0     		beq	.L78
 382:../../Drivers/STM32H7xx_HAL_Driver/Src/stm32h7xx_hal_dma.c ****                       DMA_TO_BDMA_PERIPHERAL_INC(hdma->Init.PeriphInc)       |
 1624              		.loc 1 382 23 discriminator 1 view .LVU541
 1625 02fc 802A     		cmp	r2, #128
 1626 02fe 27D0     		beq	.L87
 382:../../Drivers/STM32H7xx_HAL_Driver/Src/stm32h7xx_hal_dma.c ****                       DMA_TO_BDMA_PERIPHERAL_INC(hdma->Init.PeriphInc)       |
 1627              		.loc 1 382 23 discriminator 4 view .LVU542
 1628 0300 0022     		movs	r2, #0
 1629              	.L72:
 383:../../Drivers/STM32H7xx_HAL_Driver/Src/stm32h7xx_hal_dma.c ****                       DMA_TO_BDMA_MEMORY_INC(hdma->Init.MemInc)              |
 1630              		.loc 1 383 23 view .LVU543
 1631 0302 E068     		ldr	r0, [r4, #12]
 1632              	.LVL89:
 382:../../Drivers/STM32H7xx_HAL_Driver/Src/stm32h7xx_hal_dma.c ****                       DMA_TO_BDMA_PERIPHERAL_INC(hdma->Init.PeriphInc)       |
 1633              		.loc 1 382 78 view .LVU544
 1634 0304 42EAD002 		orr	r2, r2, r0, lsr #3
 384:../../Drivers/STM32H7xx_HAL_Driver/Src/stm32h7xx_hal_dma.c ****                       DMA_TO_BDMA_PDATA_SIZE(hdma->Init.PeriphDataAlignment) |
 1635              		.loc 1 384 23 view .LVU545
 1636 0308 2069     		ldr	r0, [r4, #16]
 383:../../Drivers/STM32H7xx_HAL_Driver/Src/stm32h7xx_hal_dma.c ****                       DMA_TO_BDMA_MEMORY_INC(hdma->Init.MemInc)              |
 1637              		.loc 1 383 78 view .LVU546
 1638 030a 42EAD002 		orr	r2, r2, r0, lsr #3
 385:../../Drivers/STM32H7xx_HAL_Driver/Src/stm32h7xx_hal_dma.c ****                       DMA_TO_BDMA_MDATA_SIZE(hdma->Init.MemDataAlignment)    |
 1639              		.loc 1 385 23 view .LVU547
 1640 030e 6069     		ldr	r0, [r4, #20]
 384:../../Drivers/STM32H7xx_HAL_Driver/Src/stm32h7xx_hal_dma.c ****                       DMA_TO_BDMA_PDATA_SIZE(hdma->Init.PeriphDataAlignment) |
 1641              		.loc 1 384 78 view .LVU548
 1642 0310 42EAD002 		orr	r2, r2, r0, lsr #3
 386:../../Drivers/STM32H7xx_HAL_Driver/Src/stm32h7xx_hal_dma.c ****                       DMA_TO_BDMA_MODE(hdma->Init.Mode)                      |
 1643              		.loc 1 386 23 view .LVU549
 1644 0314 A069     		ldr	r0, [r4, #24]
 385:../../Drivers/STM32H7xx_HAL_Driver/Src/stm32h7xx_hal_dma.c ****                       DMA_TO_BDMA_MDATA_SIZE(hdma->Init.MemDataAlignment)    |
 1645              		.loc 1 385 78 view .LVU550
 1646 0316 42EAD002 		orr	r2, r2, r0, lsr #3
 387:../../Drivers/STM32H7xx_HAL_Driver/Src/stm32h7xx_hal_dma.c ****                       DMA_TO_BDMA_PRIORITY(hdma->Init.Priority);
 1647              		.loc 1 387 23 view .LVU551
 1648 031a E069     		ldr	r0, [r4, #28]
 386:../../Drivers/STM32H7xx_HAL_Driver/Src/stm32h7xx_hal_dma.c ****                       DMA_TO_BDMA_MODE(hdma->Init.Mode)                      |
 1649              		.loc 1 386 78 view .LVU552
ARM GAS  /var/folders/2r/mdtt8xvd351gdc398t28_m2m0000gn/T//ccdEwLBV.s 			page 72


 1650 031c 42EAD002 		orr	r2, r2, r0, lsr #3
 388:../../Drivers/STM32H7xx_HAL_Driver/Src/stm32h7xx_hal_dma.c **** 
 1651              		.loc 1 388 23 view .LVU553
 1652 0320 206A     		ldr	r0, [r4, #32]
 387:../../Drivers/STM32H7xx_HAL_Driver/Src/stm32h7xx_hal_dma.c ****                       DMA_TO_BDMA_PRIORITY(hdma->Init.Priority);
 1653              		.loc 1 387 78 view .LVU554
 1654 0322 42EA1012 		orr	r2, r2, r0, lsr #4
 382:../../Drivers/STM32H7xx_HAL_Driver/Src/stm32h7xx_hal_dma.c ****                       DMA_TO_BDMA_PERIPHERAL_INC(hdma->Init.PeriphInc)       |
 1655              		.loc 1 382 19 view .LVU555
 1656 0326 0A43     		orrs	r2, r2, r1
 1657              	.LVL90:
 391:../../Drivers/STM32H7xx_HAL_Driver/Src/stm32h7xx_hal_dma.c **** 
 1658              		.loc 1 391 5 is_stmt 1 view .LVU556
 391:../../Drivers/STM32H7xx_HAL_Driver/Src/stm32h7xx_hal_dma.c **** 
 1659              		.loc 1 391 51 is_stmt 0 view .LVU557
 1660 0328 1A60     		str	r2, [r3]
 394:../../Drivers/STM32H7xx_HAL_Driver/Src/stm32h7xx_hal_dma.c **** 
 1661              		.loc 1 394 5 is_stmt 1 view .LVU558
 394:../../Drivers/STM32H7xx_HAL_Driver/Src/stm32h7xx_hal_dma.c **** 
 1662              		.loc 1 394 53 is_stmt 0 view .LVU559
 1663 032a 2268     		ldr	r2, [r4]
 1664              	.LVL91:
 394:../../Drivers/STM32H7xx_HAL_Driver/Src/stm32h7xx_hal_dma.c **** 
 1665              		.loc 1 394 65 view .LVU560
 1666 032c 164B     		ldr	r3, .L90+16
 1667              	.LVL92:
 394:../../Drivers/STM32H7xx_HAL_Driver/Src/stm32h7xx_hal_dma.c **** 
 1668              		.loc 1 394 65 view .LVU561
 1669 032e 1344     		add	r3, r3, r2
 394:../../Drivers/STM32H7xx_HAL_Driver/Src/stm32h7xx_hal_dma.c **** 
 1670              		.loc 1 394 92 view .LVU562
 1671 0330 164A     		ldr	r2, .L90+20
 1672 0332 A2FB0323 		umull	r2, r3, r2, r3
 1673 0336 1B09     		lsrs	r3, r3, #4
 394:../../Drivers/STM32H7xx_HAL_Driver/Src/stm32h7xx_hal_dma.c **** 
 1674              		.loc 1 394 147 view .LVU563
 1675 0338 9B00     		lsls	r3, r3, #2
 394:../../Drivers/STM32H7xx_HAL_Driver/Src/stm32h7xx_hal_dma.c **** 
 1676              		.loc 1 394 23 view .LVU564
 1677 033a E365     		str	r3, [r4, #92]
 398:../../Drivers/STM32H7xx_HAL_Driver/Src/stm32h7xx_hal_dma.c **** 
 1678              		.loc 1 398 5 is_stmt 1 view .LVU565
 398:../../Drivers/STM32H7xx_HAL_Driver/Src/stm32h7xx_hal_dma.c **** 
 1679              		.loc 1 398 40 is_stmt 0 view .LVU566
 1680 033c 2046     		mov	r0, r4
 398:../../Drivers/STM32H7xx_HAL_Driver/Src/stm32h7xx_hal_dma.c **** 
 1681              		.loc 1 398 40 view .LVU567
 1682 033e FFF7FEFF 		bl	DMA_CalcBaseAndBitshift
 1683              	.LVL93:
 401:../../Drivers/STM32H7xx_HAL_Driver/Src/stm32h7xx_hal_dma.c ****   }
 1684              		.loc 1 401 5 is_stmt 1 view .LVU568
 401:../../Drivers/STM32H7xx_HAL_Driver/Src/stm32h7xx_hal_dma.c ****   }
 1685              		.loc 1 401 50 is_stmt 0 view .LVU569
 1686 0342 E26D     		ldr	r2, [r4, #92]
 401:../../Drivers/STM32H7xx_HAL_Driver/Src/stm32h7xx_hal_dma.c ****   }
 1687              		.loc 1 401 64 view .LVU570
 1688 0344 02F01F01 		and	r1, r2, #31
ARM GAS  /var/folders/2r/mdtt8xvd351gdc398t28_m2m0000gn/T//ccdEwLBV.s 			page 73


 401:../../Drivers/STM32H7xx_HAL_Driver/Src/stm32h7xx_hal_dma.c ****   }
 1689              		.loc 1 401 42 view .LVU571
 1690 0348 0122     		movs	r2, #1
 1691 034a 8A40     		lsls	r2, r2, r1
 401:../../Drivers/STM32H7xx_HAL_Driver/Src/stm32h7xx_hal_dma.c ****   }
 1692              		.loc 1 401 21 view .LVU572
 1693 034c 4260     		str	r2, [r0, #4]
 1694 034e 5AE7     		b	.L71
 1695              	.LVL94:
 1696              	.L87:
 382:../../Drivers/STM32H7xx_HAL_Driver/Src/stm32h7xx_hal_dma.c ****                       DMA_TO_BDMA_PERIPHERAL_INC(hdma->Init.PeriphInc)       |
 1697              		.loc 1 382 23 discriminator 3 view .LVU573
 1698 0350 4FF48042 		mov	r2, #16384
 1699 0354 D5E7     		b	.L72
 1700              	.L78:
 382:../../Drivers/STM32H7xx_HAL_Driver/Src/stm32h7xx_hal_dma.c ****                       DMA_TO_BDMA_PERIPHERAL_INC(hdma->Init.PeriphInc)       |
 1701              		.loc 1 382 23 discriminator 2 view .LVU574
 1702 0356 1022     		movs	r2, #16
 1703 0358 D3E7     		b	.L72
 1704              	.LVL95:
 1705              	.L85:
 421:../../Drivers/STM32H7xx_HAL_Driver/Src/stm32h7xx_hal_dma.c ****     }
 1706              		.loc 1 421 7 is_stmt 1 view .LVU575
 421:../../Drivers/STM32H7xx_HAL_Driver/Src/stm32h7xx_hal_dma.c ****     }
 1707              		.loc 1 421 26 is_stmt 0 view .LVU576
 1708 035a 0023     		movs	r3, #0
 1709 035c 6360     		str	r3, [r4, #4]
 1710 035e A2E7     		b	.L75
 1711              	.L86:
 437:../../Drivers/STM32H7xx_HAL_Driver/Src/stm32h7xx_hal_dma.c **** 
 1712              		.loc 1 437 7 is_stmt 1 view .LVU577
 1713 0360 2046     		mov	r0, r4
 1714 0362 FFF7FEFF 		bl	DMA_CalcDMAMUXRequestGenBaseAndMask
 1715              	.LVL96:
 440:../../Drivers/STM32H7xx_HAL_Driver/Src/stm32h7xx_hal_dma.c **** 
 1716              		.loc 1 440 7 view .LVU578
 440:../../Drivers/STM32H7xx_HAL_Driver/Src/stm32h7xx_hal_dma.c **** 
 1717              		.loc 1 440 11 is_stmt 0 view .LVU579
 1718 0366 E36E     		ldr	r3, [r4, #108]
 440:../../Drivers/STM32H7xx_HAL_Driver/Src/stm32h7xx_hal_dma.c **** 
 1719              		.loc 1 440 36 view .LVU580
 1720 0368 0022     		movs	r2, #0
 1721 036a 1A60     		str	r2, [r3]
 443:../../Drivers/STM32H7xx_HAL_Driver/Src/stm32h7xx_hal_dma.c ****     }
 1722              		.loc 1 443 7 is_stmt 1 view .LVU581
 443:../../Drivers/STM32H7xx_HAL_Driver/Src/stm32h7xx_hal_dma.c ****     }
 1723              		.loc 1 443 11 is_stmt 0 view .LVU582
 1724 036c 236F     		ldr	r3, [r4, #112]
 443:../../Drivers/STM32H7xx_HAL_Driver/Src/stm32h7xx_hal_dma.c ****     }
 1725              		.loc 1 443 49 view .LVU583
 1726 036e 626F     		ldr	r2, [r4, #116]
 443:../../Drivers/STM32H7xx_HAL_Driver/Src/stm32h7xx_hal_dma.c ****     }
 1727              		.loc 1 443 43 view .LVU584
 1728 0370 5A60     		str	r2, [r3, #4]
 1729 0372 A6E7     		b	.L74
 1730              	.LVL97:
 1731              	.L77:
ARM GAS  /var/folders/2r/mdtt8xvd351gdc398t28_m2m0000gn/T//ccdEwLBV.s 			page 74


 226:../../Drivers/STM32H7xx_HAL_Driver/Src/stm32h7xx_hal_dma.c ****   }
 1732              		.loc 1 226 12 view .LVU585
 1733 0374 0120     		movs	r0, #1
 1734              	.LVL98:
 226:../../Drivers/STM32H7xx_HAL_Driver/Src/stm32h7xx_hal_dma.c ****   }
 1735              		.loc 1 226 12 view .LVU586
 1736 0376 F4E6     		b	.L58
 1737              	.L91:
 1738              		.align	2
 1739              	.L90:
 1740 0378 3F8010FE 		.word	-32473025
 1741 037c 0010005C 		.word	1543507968
 1742 0380 10000240 		.word	1073872912
 1743 0384 08540258 		.word	1476547592
 1744 0388 F8ABFDA7 		.word	-1476547592
 1745 038c CDCCCCCC 		.word	-858993459
 1746              		.cfi_endproc
 1747              	.LFE132:
 1749              		.section	.text.HAL_DMA_DeInit,"ax",%progbits
 1750              		.align	1
 1751              		.global	HAL_DMA_DeInit
 1752              		.syntax unified
 1753              		.thumb
 1754              		.thumb_func
 1756              	HAL_DMA_DeInit:
 1757              	.LVL99:
 1758              	.LFB133:
 469:../../Drivers/STM32H7xx_HAL_Driver/Src/stm32h7xx_hal_dma.c ****   DMA_Base_Registers *regs_dma;
 1759              		.loc 1 469 1 is_stmt 1 view -0
 1760              		.cfi_startproc
 1761              		@ args = 0, pretend = 0, frame = 0
 1762              		@ frame_needed = 0, uses_anonymous_args = 0
 470:../../Drivers/STM32H7xx_HAL_Driver/Src/stm32h7xx_hal_dma.c ****   BDMA_Base_Registers *regs_bdma;
 1763              		.loc 1 470 3 view .LVU588
 471:../../Drivers/STM32H7xx_HAL_Driver/Src/stm32h7xx_hal_dma.c **** 
 1764              		.loc 1 471 3 view .LVU589
 474:../../Drivers/STM32H7xx_HAL_Driver/Src/stm32h7xx_hal_dma.c ****   {
 1765              		.loc 1 474 3 view .LVU590
 474:../../Drivers/STM32H7xx_HAL_Driver/Src/stm32h7xx_hal_dma.c ****   {
 1766              		.loc 1 474 5 is_stmt 0 view .LVU591
 1767 0000 0028     		cmp	r0, #0
 1768 0002 00F0DB80 		beq	.L103
 469:../../Drivers/STM32H7xx_HAL_Driver/Src/stm32h7xx_hal_dma.c ****   DMA_Base_Registers *regs_dma;
 1769              		.loc 1 469 1 view .LVU592
 1770 0006 10B5     		push	{r4, lr}
 1771              	.LCFI2:
 1772              		.cfi_def_cfa_offset 8
 1773              		.cfi_offset 4, -8
 1774              		.cfi_offset 14, -4
 1775 0008 0446     		mov	r4, r0
 480:../../Drivers/STM32H7xx_HAL_Driver/Src/stm32h7xx_hal_dma.c **** 
 1776              		.loc 1 480 3 is_stmt 1 view .LVU593
 1777 000a 0368     		ldr	r3, [r0]
 1778 000c 6C4A     		ldr	r2, .L111
 1779 000e 9342     		cmp	r3, r2
 1780 0010 32D0     		beq	.L94
 480:../../Drivers/STM32H7xx_HAL_Driver/Src/stm32h7xx_hal_dma.c **** 
ARM GAS  /var/folders/2r/mdtt8xvd351gdc398t28_m2m0000gn/T//ccdEwLBV.s 			page 75


 1781              		.loc 1 480 3 is_stmt 0 discriminator 2 view .LVU594
 1782 0012 1832     		adds	r2, r2, #24
 1783 0014 9342     		cmp	r3, r2
 1784 0016 2FD0     		beq	.L94
 480:../../Drivers/STM32H7xx_HAL_Driver/Src/stm32h7xx_hal_dma.c **** 
 1785              		.loc 1 480 3 discriminator 4 view .LVU595
 1786 0018 1832     		adds	r2, r2, #24
 1787 001a 9342     		cmp	r3, r2
 1788 001c 2CD0     		beq	.L94
 480:../../Drivers/STM32H7xx_HAL_Driver/Src/stm32h7xx_hal_dma.c **** 
 1789              		.loc 1 480 3 discriminator 6 view .LVU596
 1790 001e 1832     		adds	r2, r2, #24
 1791 0020 9342     		cmp	r3, r2
 1792 0022 29D0     		beq	.L94
 480:../../Drivers/STM32H7xx_HAL_Driver/Src/stm32h7xx_hal_dma.c **** 
 1793              		.loc 1 480 3 discriminator 8 view .LVU597
 1794 0024 1832     		adds	r2, r2, #24
 1795 0026 9342     		cmp	r3, r2
 1796 0028 26D0     		beq	.L94
 480:../../Drivers/STM32H7xx_HAL_Driver/Src/stm32h7xx_hal_dma.c **** 
 1797              		.loc 1 480 3 discriminator 10 view .LVU598
 1798 002a 1832     		adds	r2, r2, #24
 1799 002c 9342     		cmp	r3, r2
 1800 002e 23D0     		beq	.L94
 480:../../Drivers/STM32H7xx_HAL_Driver/Src/stm32h7xx_hal_dma.c **** 
 1801              		.loc 1 480 3 discriminator 12 view .LVU599
 1802 0030 1832     		adds	r2, r2, #24
 1803 0032 9342     		cmp	r3, r2
 1804 0034 20D0     		beq	.L94
 480:../../Drivers/STM32H7xx_HAL_Driver/Src/stm32h7xx_hal_dma.c **** 
 1805              		.loc 1 480 3 discriminator 14 view .LVU600
 1806 0036 1832     		adds	r2, r2, #24
 1807 0038 9342     		cmp	r3, r2
 1808 003a 1DD0     		beq	.L94
 480:../../Drivers/STM32H7xx_HAL_Driver/Src/stm32h7xx_hal_dma.c **** 
 1809              		.loc 1 480 3 discriminator 16 view .LVU601
 1810 003c 02F55672 		add	r2, r2, #856
 1811 0040 9342     		cmp	r3, r2
 1812 0042 19D0     		beq	.L94
 480:../../Drivers/STM32H7xx_HAL_Driver/Src/stm32h7xx_hal_dma.c **** 
 1813              		.loc 1 480 3 discriminator 18 view .LVU602
 1814 0044 1832     		adds	r2, r2, #24
 1815 0046 9342     		cmp	r3, r2
 1816 0048 16D0     		beq	.L94
 480:../../Drivers/STM32H7xx_HAL_Driver/Src/stm32h7xx_hal_dma.c **** 
 1817              		.loc 1 480 3 discriminator 20 view .LVU603
 1818 004a 1832     		adds	r2, r2, #24
 1819 004c 9342     		cmp	r3, r2
 1820 004e 13D0     		beq	.L94
 480:../../Drivers/STM32H7xx_HAL_Driver/Src/stm32h7xx_hal_dma.c **** 
 1821              		.loc 1 480 3 discriminator 22 view .LVU604
 1822 0050 1832     		adds	r2, r2, #24
 1823 0052 9342     		cmp	r3, r2
 1824 0054 10D0     		beq	.L94
 480:../../Drivers/STM32H7xx_HAL_Driver/Src/stm32h7xx_hal_dma.c **** 
 1825              		.loc 1 480 3 discriminator 24 view .LVU605
 1826 0056 1832     		adds	r2, r2, #24
ARM GAS  /var/folders/2r/mdtt8xvd351gdc398t28_m2m0000gn/T//ccdEwLBV.s 			page 76


 1827 0058 9342     		cmp	r3, r2
 1828 005a 0DD0     		beq	.L94
 480:../../Drivers/STM32H7xx_HAL_Driver/Src/stm32h7xx_hal_dma.c **** 
 1829              		.loc 1 480 3 discriminator 26 view .LVU606
 1830 005c 1832     		adds	r2, r2, #24
 1831 005e 9342     		cmp	r3, r2
 1832 0060 0AD0     		beq	.L94
 480:../../Drivers/STM32H7xx_HAL_Driver/Src/stm32h7xx_hal_dma.c **** 
 1833              		.loc 1 480 3 discriminator 28 view .LVU607
 1834 0062 1832     		adds	r2, r2, #24
 1835 0064 9342     		cmp	r3, r2
 1836 0066 07D0     		beq	.L94
 480:../../Drivers/STM32H7xx_HAL_Driver/Src/stm32h7xx_hal_dma.c **** 
 1837              		.loc 1 480 3 discriminator 30 view .LVU608
 1838 0068 1832     		adds	r2, r2, #24
 1839 006a 9342     		cmp	r3, r2
 1840 006c 04D0     		beq	.L94
 480:../../Drivers/STM32H7xx_HAL_Driver/Src/stm32h7xx_hal_dma.c **** 
 1841              		.loc 1 480 3 discriminator 32 view .LVU609
 1842 006e 1A68     		ldr	r2, [r3]
 1843 0070 22F00102 		bic	r2, r2, #1
 1844 0074 1A60     		str	r2, [r3]
 1845 0076 03E0     		b	.L96
 1846              	.L94:
 480:../../Drivers/STM32H7xx_HAL_Driver/Src/stm32h7xx_hal_dma.c **** 
 1847              		.loc 1 480 3 discriminator 31 view .LVU610
 1848 0078 1A68     		ldr	r2, [r3]
 1849 007a 22F00102 		bic	r2, r2, #1
 1850 007e 1A60     		str	r2, [r3]
 1851              	.L96:
 482:../../Drivers/STM32H7xx_HAL_Driver/Src/stm32h7xx_hal_dma.c ****   {
 1852              		.loc 1 482 3 is_stmt 1 view .LVU611
 482:../../Drivers/STM32H7xx_HAL_Driver/Src/stm32h7xx_hal_dma.c ****   {
 1853              		.loc 1 482 6 is_stmt 0 view .LVU612
 1854 0080 2268     		ldr	r2, [r4]
 1855 0082 4F4B     		ldr	r3, .L111
 1856 0084 9A42     		cmp	r2, r3
 1857 0086 47D0     		beq	.L97
 482:../../Drivers/STM32H7xx_HAL_Driver/Src/stm32h7xx_hal_dma.c ****   {
 1858              		.loc 1 482 6 discriminator 2 view .LVU613
 1859 0088 1833     		adds	r3, r3, #24
 1860 008a 9A42     		cmp	r2, r3
 1861 008c 44D0     		beq	.L97
 482:../../Drivers/STM32H7xx_HAL_Driver/Src/stm32h7xx_hal_dma.c ****   {
 1862              		.loc 1 482 6 discriminator 4 view .LVU614
 1863 008e 1833     		adds	r3, r3, #24
 1864 0090 9A42     		cmp	r2, r3
 1865 0092 41D0     		beq	.L97
 482:../../Drivers/STM32H7xx_HAL_Driver/Src/stm32h7xx_hal_dma.c ****   {
 1866              		.loc 1 482 6 discriminator 6 view .LVU615
 1867 0094 1833     		adds	r3, r3, #24
 1868 0096 9A42     		cmp	r2, r3
 1869 0098 3ED0     		beq	.L97
 482:../../Drivers/STM32H7xx_HAL_Driver/Src/stm32h7xx_hal_dma.c ****   {
 1870              		.loc 1 482 6 discriminator 8 view .LVU616
 1871 009a 1833     		adds	r3, r3, #24
 1872 009c 9A42     		cmp	r2, r3
ARM GAS  /var/folders/2r/mdtt8xvd351gdc398t28_m2m0000gn/T//ccdEwLBV.s 			page 77


 1873 009e 3BD0     		beq	.L97
 482:../../Drivers/STM32H7xx_HAL_Driver/Src/stm32h7xx_hal_dma.c ****   {
 1874              		.loc 1 482 6 discriminator 10 view .LVU617
 1875 00a0 1833     		adds	r3, r3, #24
 1876 00a2 9A42     		cmp	r2, r3
 1877 00a4 38D0     		beq	.L97
 482:../../Drivers/STM32H7xx_HAL_Driver/Src/stm32h7xx_hal_dma.c ****   {
 1878              		.loc 1 482 6 discriminator 12 view .LVU618
 1879 00a6 1833     		adds	r3, r3, #24
 1880 00a8 9A42     		cmp	r2, r3
 1881 00aa 35D0     		beq	.L97
 482:../../Drivers/STM32H7xx_HAL_Driver/Src/stm32h7xx_hal_dma.c ****   {
 1882              		.loc 1 482 6 discriminator 14 view .LVU619
 1883 00ac 1833     		adds	r3, r3, #24
 1884 00ae 9A42     		cmp	r2, r3
 1885 00b0 32D0     		beq	.L97
 482:../../Drivers/STM32H7xx_HAL_Driver/Src/stm32h7xx_hal_dma.c ****   {
 1886              		.loc 1 482 6 discriminator 16 view .LVU620
 1887 00b2 03F55673 		add	r3, r3, #856
 1888 00b6 9A42     		cmp	r2, r3
 1889 00b8 2ED0     		beq	.L97
 482:../../Drivers/STM32H7xx_HAL_Driver/Src/stm32h7xx_hal_dma.c ****   {
 1890              		.loc 1 482 6 discriminator 18 view .LVU621
 1891 00ba 1833     		adds	r3, r3, #24
 1892 00bc 9A42     		cmp	r2, r3
 1893 00be 2BD0     		beq	.L97
 482:../../Drivers/STM32H7xx_HAL_Driver/Src/stm32h7xx_hal_dma.c ****   {
 1894              		.loc 1 482 6 discriminator 20 view .LVU622
 1895 00c0 1833     		adds	r3, r3, #24
 1896 00c2 9A42     		cmp	r2, r3
 1897 00c4 28D0     		beq	.L97
 482:../../Drivers/STM32H7xx_HAL_Driver/Src/stm32h7xx_hal_dma.c ****   {
 1898              		.loc 1 482 6 discriminator 22 view .LVU623
 1899 00c6 1833     		adds	r3, r3, #24
 1900 00c8 9A42     		cmp	r2, r3
 1901 00ca 25D0     		beq	.L97
 482:../../Drivers/STM32H7xx_HAL_Driver/Src/stm32h7xx_hal_dma.c ****   {
 1902              		.loc 1 482 6 discriminator 24 view .LVU624
 1903 00cc 1833     		adds	r3, r3, #24
 1904 00ce 9A42     		cmp	r2, r3
 1905 00d0 22D0     		beq	.L97
 482:../../Drivers/STM32H7xx_HAL_Driver/Src/stm32h7xx_hal_dma.c ****   {
 1906              		.loc 1 482 6 discriminator 26 view .LVU625
 1907 00d2 1833     		adds	r3, r3, #24
 1908 00d4 9A42     		cmp	r2, r3
 1909 00d6 1FD0     		beq	.L97
 482:../../Drivers/STM32H7xx_HAL_Driver/Src/stm32h7xx_hal_dma.c ****   {
 1910              		.loc 1 482 6 discriminator 28 view .LVU626
 1911 00d8 1833     		adds	r3, r3, #24
 1912 00da 9A42     		cmp	r2, r3
 1913 00dc 1CD0     		beq	.L97
 482:../../Drivers/STM32H7xx_HAL_Driver/Src/stm32h7xx_hal_dma.c ****   {
 1914              		.loc 1 482 6 discriminator 30 view .LVU627
 1915 00de 1833     		adds	r3, r3, #24
 1916 00e0 9A42     		cmp	r2, r3
 1917 00e2 19D0     		beq	.L97
 508:../../Drivers/STM32H7xx_HAL_Driver/Src/stm32h7xx_hal_dma.c ****   {
ARM GAS  /var/folders/2r/mdtt8xvd351gdc398t28_m2m0000gn/T//ccdEwLBV.s 			page 78


 1918              		.loc 1 508 8 is_stmt 1 view .LVU628
 508:../../Drivers/STM32H7xx_HAL_Driver/Src/stm32h7xx_hal_dma.c ****   {
 1919              		.loc 1 508 11 is_stmt 0 view .LVU629
 1920 00e4 374B     		ldr	r3, .L111+4
 1921 00e6 9A42     		cmp	r2, r3
 1922 00e8 4AD0     		beq	.L98
 508:../../Drivers/STM32H7xx_HAL_Driver/Src/stm32h7xx_hal_dma.c ****   {
 1923              		.loc 1 508 11 discriminator 2 view .LVU630
 1924 00ea 374B     		ldr	r3, .L111+8
 1925 00ec 9A42     		cmp	r2, r3
 1926 00ee 47D0     		beq	.L98
 508:../../Drivers/STM32H7xx_HAL_Driver/Src/stm32h7xx_hal_dma.c ****   {
 1927              		.loc 1 508 11 discriminator 4 view .LVU631
 1928 00f0 1433     		adds	r3, r3, #20
 1929 00f2 9A42     		cmp	r2, r3
 1930 00f4 44D0     		beq	.L98
 508:../../Drivers/STM32H7xx_HAL_Driver/Src/stm32h7xx_hal_dma.c ****   {
 1931              		.loc 1 508 11 discriminator 6 view .LVU632
 1932 00f6 1433     		adds	r3, r3, #20
 1933 00f8 9A42     		cmp	r2, r3
 1934 00fa 41D0     		beq	.L98
 508:../../Drivers/STM32H7xx_HAL_Driver/Src/stm32h7xx_hal_dma.c ****   {
 1935              		.loc 1 508 11 discriminator 8 view .LVU633
 1936 00fc 1433     		adds	r3, r3, #20
 1937 00fe 9A42     		cmp	r2, r3
 1938 0100 3ED0     		beq	.L98
 508:../../Drivers/STM32H7xx_HAL_Driver/Src/stm32h7xx_hal_dma.c ****   {
 1939              		.loc 1 508 11 discriminator 10 view .LVU634
 1940 0102 1433     		adds	r3, r3, #20
 1941 0104 9A42     		cmp	r2, r3
 1942 0106 3BD0     		beq	.L98
 508:../../Drivers/STM32H7xx_HAL_Driver/Src/stm32h7xx_hal_dma.c ****   {
 1943              		.loc 1 508 11 discriminator 12 view .LVU635
 1944 0108 1433     		adds	r3, r3, #20
 1945 010a 9A42     		cmp	r2, r3
 1946 010c 38D0     		beq	.L98
 508:../../Drivers/STM32H7xx_HAL_Driver/Src/stm32h7xx_hal_dma.c ****   {
 1947              		.loc 1 508 11 discriminator 14 view .LVU636
 1948 010e 1433     		adds	r3, r3, #20
 1949 0110 9A42     		cmp	r2, r3
 1950 0112 35D0     		beq	.L98
 534:../../Drivers/STM32H7xx_HAL_Driver/Src/stm32h7xx_hal_dma.c ****   }
 1951              		.loc 1 534 12 view .LVU637
 1952 0114 0120     		movs	r0, #1
 1953              	.LVL100:
 534:../../Drivers/STM32H7xx_HAL_Driver/Src/stm32h7xx_hal_dma.c ****   }
 1954              		.loc 1 534 12 view .LVU638
 1955 0116 32E0     		b	.L93
 1956              	.LVL101:
 1957              	.L97:
 485:../../Drivers/STM32H7xx_HAL_Driver/Src/stm32h7xx_hal_dma.c **** 
 1958              		.loc 1 485 5 is_stmt 1 view .LVU639
 485:../../Drivers/STM32H7xx_HAL_Driver/Src/stm32h7xx_hal_dma.c **** 
 1959              		.loc 1 485 52 is_stmt 0 view .LVU640
 1960 0118 0023     		movs	r3, #0
 1961 011a 1360     		str	r3, [r2]
 488:../../Drivers/STM32H7xx_HAL_Driver/Src/stm32h7xx_hal_dma.c **** 
ARM GAS  /var/folders/2r/mdtt8xvd351gdc398t28_m2m0000gn/T//ccdEwLBV.s 			page 79


 1962              		.loc 1 488 5 is_stmt 1 view .LVU641
 488:../../Drivers/STM32H7xx_HAL_Driver/Src/stm32h7xx_hal_dma.c **** 
 1963              		.loc 1 488 34 is_stmt 0 view .LVU642
 1964 011c 2268     		ldr	r2, [r4]
 488:../../Drivers/STM32H7xx_HAL_Driver/Src/stm32h7xx_hal_dma.c **** 
 1965              		.loc 1 488 52 view .LVU643
 1966 011e 5360     		str	r3, [r2, #4]
 491:../../Drivers/STM32H7xx_HAL_Driver/Src/stm32h7xx_hal_dma.c **** 
 1967              		.loc 1 491 5 is_stmt 1 view .LVU644
 491:../../Drivers/STM32H7xx_HAL_Driver/Src/stm32h7xx_hal_dma.c **** 
 1968              		.loc 1 491 34 is_stmt 0 view .LVU645
 1969 0120 2268     		ldr	r2, [r4]
 491:../../Drivers/STM32H7xx_HAL_Driver/Src/stm32h7xx_hal_dma.c **** 
 1970              		.loc 1 491 52 view .LVU646
 1971 0122 9360     		str	r3, [r2, #8]
 494:../../Drivers/STM32H7xx_HAL_Driver/Src/stm32h7xx_hal_dma.c **** 
 1972              		.loc 1 494 5 is_stmt 1 view .LVU647
 494:../../Drivers/STM32H7xx_HAL_Driver/Src/stm32h7xx_hal_dma.c **** 
 1973              		.loc 1 494 34 is_stmt 0 view .LVU648
 1974 0124 2268     		ldr	r2, [r4]
 494:../../Drivers/STM32H7xx_HAL_Driver/Src/stm32h7xx_hal_dma.c **** 
 1975              		.loc 1 494 52 view .LVU649
 1976 0126 D360     		str	r3, [r2, #12]
 497:../../Drivers/STM32H7xx_HAL_Driver/Src/stm32h7xx_hal_dma.c **** 
 1977              		.loc 1 497 5 is_stmt 1 view .LVU650
 497:../../Drivers/STM32H7xx_HAL_Driver/Src/stm32h7xx_hal_dma.c **** 
 1978              		.loc 1 497 34 is_stmt 0 view .LVU651
 1979 0128 2268     		ldr	r2, [r4]
 497:../../Drivers/STM32H7xx_HAL_Driver/Src/stm32h7xx_hal_dma.c **** 
 1980              		.loc 1 497 52 view .LVU652
 1981 012a 1361     		str	r3, [r2, #16]
 500:../../Drivers/STM32H7xx_HAL_Driver/Src/stm32h7xx_hal_dma.c **** 
 1982              		.loc 1 500 5 is_stmt 1 view .LVU653
 500:../../Drivers/STM32H7xx_HAL_Driver/Src/stm32h7xx_hal_dma.c **** 
 1983              		.loc 1 500 34 is_stmt 0 view .LVU654
 1984 012c 2368     		ldr	r3, [r4]
 500:../../Drivers/STM32H7xx_HAL_Driver/Src/stm32h7xx_hal_dma.c **** 
 1985              		.loc 1 500 52 view .LVU655
 1986 012e 2122     		movs	r2, #33
 1987 0130 5A61     		str	r2, [r3, #20]
 503:../../Drivers/STM32H7xx_HAL_Driver/Src/stm32h7xx_hal_dma.c **** 
 1988              		.loc 1 503 5 is_stmt 1 view .LVU656
 503:../../Drivers/STM32H7xx_HAL_Driver/Src/stm32h7xx_hal_dma.c **** 
 1989              		.loc 1 503 38 is_stmt 0 view .LVU657
 1990 0132 2046     		mov	r0, r4
 1991              	.LVL102:
 503:../../Drivers/STM32H7xx_HAL_Driver/Src/stm32h7xx_hal_dma.c **** 
 1992              		.loc 1 503 38 view .LVU658
 1993 0134 FFF7FEFF 		bl	DMA_CalcBaseAndBitshift
 1994              	.LVL103:
 506:../../Drivers/STM32H7xx_HAL_Driver/Src/stm32h7xx_hal_dma.c ****   }
 1995              		.loc 1 506 5 is_stmt 1 view .LVU659
 506:../../Drivers/STM32H7xx_HAL_Driver/Src/stm32h7xx_hal_dma.c ****   }
 1996              		.loc 1 506 37 is_stmt 0 view .LVU660
 1997 0138 E36D     		ldr	r3, [r4, #92]
 506:../../Drivers/STM32H7xx_HAL_Driver/Src/stm32h7xx_hal_dma.c ****   }
 1998              		.loc 1 506 51 view .LVU661
ARM GAS  /var/folders/2r/mdtt8xvd351gdc398t28_m2m0000gn/T//ccdEwLBV.s 			page 80


 1999 013a 03F01F02 		and	r2, r3, #31
 506:../../Drivers/STM32H7xx_HAL_Driver/Src/stm32h7xx_hal_dma.c ****   }
 2000              		.loc 1 506 29 view .LVU662
 2001 013e 3F23     		movs	r3, #63
 2002 0140 9340     		lsls	r3, r3, r2
 506:../../Drivers/STM32H7xx_HAL_Driver/Src/stm32h7xx_hal_dma.c ****   }
 2003              		.loc 1 506 20 view .LVU663
 2004 0142 8360     		str	r3, [r0, #8]
 2005              	.LVL104:
 2006              	.L100:
 543:../../Drivers/STM32H7xx_HAL_Driver/Src/stm32h7xx_hal_dma.c **** 
 2007              		.loc 1 543 5 is_stmt 1 view .LVU664
 2008 0144 2046     		mov	r0, r4
 2009 0146 FFF7FEFF 		bl	DMA_CalcDMAMUXChannelBaseAndMask
 2010              	.LVL105:
 545:../../Drivers/STM32H7xx_HAL_Driver/Src/stm32h7xx_hal_dma.c ****     {
 2011              		.loc 1 545 5 view .LVU665
 545:../../Drivers/STM32H7xx_HAL_Driver/Src/stm32h7xx_hal_dma.c ****     {
 2012              		.loc 1 545 12 is_stmt 0 view .LVU666
 2013 014a 236E     		ldr	r3, [r4, #96]
 545:../../Drivers/STM32H7xx_HAL_Driver/Src/stm32h7xx_hal_dma.c ****     {
 2014              		.loc 1 545 7 view .LVU667
 2015 014c 23B1     		cbz	r3, .L101
 548:../../Drivers/STM32H7xx_HAL_Driver/Src/stm32h7xx_hal_dma.c **** 
 2016              		.loc 1 548 7 is_stmt 1 view .LVU668
 548:../../Drivers/STM32H7xx_HAL_Driver/Src/stm32h7xx_hal_dma.c **** 
 2017              		.loc 1 548 32 is_stmt 0 view .LVU669
 2018 014e 0022     		movs	r2, #0
 2019 0150 1A60     		str	r2, [r3]
 551:../../Drivers/STM32H7xx_HAL_Driver/Src/stm32h7xx_hal_dma.c ****     }
 2020              		.loc 1 551 7 is_stmt 1 view .LVU670
 551:../../Drivers/STM32H7xx_HAL_Driver/Src/stm32h7xx_hal_dma.c ****     }
 2021              		.loc 1 551 11 is_stmt 0 view .LVU671
 2022 0152 636E     		ldr	r3, [r4, #100]
 551:../../Drivers/STM32H7xx_HAL_Driver/Src/stm32h7xx_hal_dma.c ****     }
 2023              		.loc 1 551 44 view .LVU672
 2024 0154 A26E     		ldr	r2, [r4, #104]
 551:../../Drivers/STM32H7xx_HAL_Driver/Src/stm32h7xx_hal_dma.c ****     }
 2025              		.loc 1 551 38 view .LVU673
 2026 0156 5A60     		str	r2, [r3, #4]
 2027              	.L101:
 554:../../Drivers/STM32H7xx_HAL_Driver/Src/stm32h7xx_hal_dma.c ****     {
 2028              		.loc 1 554 5 is_stmt 1 view .LVU674
 554:../../Drivers/STM32H7xx_HAL_Driver/Src/stm32h7xx_hal_dma.c ****     {
 2029              		.loc 1 554 19 is_stmt 0 view .LVU675
 2030 0158 6368     		ldr	r3, [r4, #4]
 554:../../Drivers/STM32H7xx_HAL_Driver/Src/stm32h7xx_hal_dma.c ****     {
 2031              		.loc 1 554 55 view .LVU676
 2032 015a 013B     		subs	r3, r3, #1
 554:../../Drivers/STM32H7xx_HAL_Driver/Src/stm32h7xx_hal_dma.c ****     {
 2033              		.loc 1 554 7 view .LVU677
 2034 015c 072B     		cmp	r3, #7
 2035 015e 23D9     		bls	.L110
 2036              	.L102:
 567:../../Drivers/STM32H7xx_HAL_Driver/Src/stm32h7xx_hal_dma.c ****     hdma->DMAmuxRequestGenStatus = 0U;
 2037              		.loc 1 567 5 is_stmt 1 view .LVU678
 567:../../Drivers/STM32H7xx_HAL_Driver/Src/stm32h7xx_hal_dma.c ****     hdma->DMAmuxRequestGenStatus = 0U;
ARM GAS  /var/folders/2r/mdtt8xvd351gdc398t28_m2m0000gn/T//ccdEwLBV.s 			page 81


 2038              		.loc 1 567 28 is_stmt 0 view .LVU679
 2039 0160 0020     		movs	r0, #0
 2040 0162 E066     		str	r0, [r4, #108]
 568:../../Drivers/STM32H7xx_HAL_Driver/Src/stm32h7xx_hal_dma.c ****     hdma->DMAmuxRequestGenStatusMask = 0U;
 2041              		.loc 1 568 5 is_stmt 1 view .LVU680
 568:../../Drivers/STM32H7xx_HAL_Driver/Src/stm32h7xx_hal_dma.c ****     hdma->DMAmuxRequestGenStatusMask = 0U;
 2042              		.loc 1 568 34 is_stmt 0 view .LVU681
 2043 0164 2067     		str	r0, [r4, #112]
 569:../../Drivers/STM32H7xx_HAL_Driver/Src/stm32h7xx_hal_dma.c ****   }
 2044              		.loc 1 569 5 is_stmt 1 view .LVU682
 569:../../Drivers/STM32H7xx_HAL_Driver/Src/stm32h7xx_hal_dma.c ****   }
 2045              		.loc 1 569 38 is_stmt 0 view .LVU683
 2046 0166 6067     		str	r0, [r4, #116]
 574:../../Drivers/STM32H7xx_HAL_Driver/Src/stm32h7xx_hal_dma.c ****   hdma->XferHalfCpltCallback   = NULL;
 2047              		.loc 1 574 3 is_stmt 1 view .LVU684
 574:../../Drivers/STM32H7xx_HAL_Driver/Src/stm32h7xx_hal_dma.c ****   hdma->XferHalfCpltCallback   = NULL;
 2048              		.loc 1 574 32 is_stmt 0 view .LVU685
 2049 0168 E063     		str	r0, [r4, #60]
 575:../../Drivers/STM32H7xx_HAL_Driver/Src/stm32h7xx_hal_dma.c ****   hdma->XferM1CpltCallback     = NULL;
 2050              		.loc 1 575 3 is_stmt 1 view .LVU686
 575:../../Drivers/STM32H7xx_HAL_Driver/Src/stm32h7xx_hal_dma.c ****   hdma->XferM1CpltCallback     = NULL;
 2051              		.loc 1 575 32 is_stmt 0 view .LVU687
 2052 016a 2064     		str	r0, [r4, #64]
 576:../../Drivers/STM32H7xx_HAL_Driver/Src/stm32h7xx_hal_dma.c ****   hdma->XferM1HalfCpltCallback = NULL;
 2053              		.loc 1 576 3 is_stmt 1 view .LVU688
 576:../../Drivers/STM32H7xx_HAL_Driver/Src/stm32h7xx_hal_dma.c ****   hdma->XferM1HalfCpltCallback = NULL;
 2054              		.loc 1 576 32 is_stmt 0 view .LVU689
 2055 016c 6064     		str	r0, [r4, #68]
 577:../../Drivers/STM32H7xx_HAL_Driver/Src/stm32h7xx_hal_dma.c ****   hdma->XferErrorCallback      = NULL;
 2056              		.loc 1 577 3 is_stmt 1 view .LVU690
 577:../../Drivers/STM32H7xx_HAL_Driver/Src/stm32h7xx_hal_dma.c ****   hdma->XferErrorCallback      = NULL;
 2057              		.loc 1 577 32 is_stmt 0 view .LVU691
 2058 016e A064     		str	r0, [r4, #72]
 578:../../Drivers/STM32H7xx_HAL_Driver/Src/stm32h7xx_hal_dma.c ****   hdma->XferAbortCallback      = NULL;
 2059              		.loc 1 578 3 is_stmt 1 view .LVU692
 578:../../Drivers/STM32H7xx_HAL_Driver/Src/stm32h7xx_hal_dma.c ****   hdma->XferAbortCallback      = NULL;
 2060              		.loc 1 578 32 is_stmt 0 view .LVU693
 2061 0170 E064     		str	r0, [r4, #76]
 579:../../Drivers/STM32H7xx_HAL_Driver/Src/stm32h7xx_hal_dma.c **** 
 2062              		.loc 1 579 3 is_stmt 1 view .LVU694
 579:../../Drivers/STM32H7xx_HAL_Driver/Src/stm32h7xx_hal_dma.c **** 
 2063              		.loc 1 579 32 is_stmt 0 view .LVU695
 2064 0172 2065     		str	r0, [r4, #80]
 582:../../Drivers/STM32H7xx_HAL_Driver/Src/stm32h7xx_hal_dma.c **** 
 2065              		.loc 1 582 3 is_stmt 1 view .LVU696
 582:../../Drivers/STM32H7xx_HAL_Driver/Src/stm32h7xx_hal_dma.c **** 
 2066              		.loc 1 582 19 is_stmt 0 view .LVU697
 2067 0174 6065     		str	r0, [r4, #84]
 585:../../Drivers/STM32H7xx_HAL_Driver/Src/stm32h7xx_hal_dma.c **** 
 2068              		.loc 1 585 3 is_stmt 1 view .LVU698
 585:../../Drivers/STM32H7xx_HAL_Driver/Src/stm32h7xx_hal_dma.c **** 
 2069              		.loc 1 585 15 is_stmt 0 view .LVU699
 2070 0176 84F83500 		strb	r0, [r4, #53]
 588:../../Drivers/STM32H7xx_HAL_Driver/Src/stm32h7xx_hal_dma.c **** 
 2071              		.loc 1 588 3 is_stmt 1 view .LVU700
 588:../../Drivers/STM32H7xx_HAL_Driver/Src/stm32h7xx_hal_dma.c **** 
 2072              		.loc 1 588 3 view .LVU701
ARM GAS  /var/folders/2r/mdtt8xvd351gdc398t28_m2m0000gn/T//ccdEwLBV.s 			page 82


 2073 017a 84F83400 		strb	r0, [r4, #52]
 588:../../Drivers/STM32H7xx_HAL_Driver/Src/stm32h7xx_hal_dma.c **** 
 2074              		.loc 1 588 3 view .LVU702
 590:../../Drivers/STM32H7xx_HAL_Driver/Src/stm32h7xx_hal_dma.c **** }
 2075              		.loc 1 590 3 view .LVU703
 2076              	.L93:
 591:../../Drivers/STM32H7xx_HAL_Driver/Src/stm32h7xx_hal_dma.c **** 
 2077              		.loc 1 591 1 is_stmt 0 view .LVU704
 2078 017e 10BD     		pop	{r4, pc}
 2079              	.LVL106:
 2080              	.L98:
 511:../../Drivers/STM32H7xx_HAL_Driver/Src/stm32h7xx_hal_dma.c **** 
 2081              		.loc 1 511 5 is_stmt 1 view .LVU705
 511:../../Drivers/STM32H7xx_HAL_Driver/Src/stm32h7xx_hal_dma.c **** 
 2082              		.loc 1 511 52 is_stmt 0 view .LVU706
 2083 0180 0023     		movs	r3, #0
 2084 0182 1360     		str	r3, [r2]
 514:../../Drivers/STM32H7xx_HAL_Driver/Src/stm32h7xx_hal_dma.c **** 
 2085              		.loc 1 514 5 is_stmt 1 view .LVU707
 514:../../Drivers/STM32H7xx_HAL_Driver/Src/stm32h7xx_hal_dma.c **** 
 2086              		.loc 1 514 34 is_stmt 0 view .LVU708
 2087 0184 2268     		ldr	r2, [r4]
 514:../../Drivers/STM32H7xx_HAL_Driver/Src/stm32h7xx_hal_dma.c **** 
 2088              		.loc 1 514 53 view .LVU709
 2089 0186 5360     		str	r3, [r2, #4]
 517:../../Drivers/STM32H7xx_HAL_Driver/Src/stm32h7xx_hal_dma.c **** 
 2090              		.loc 1 517 5 is_stmt 1 view .LVU710
 517:../../Drivers/STM32H7xx_HAL_Driver/Src/stm32h7xx_hal_dma.c **** 
 2091              		.loc 1 517 34 is_stmt 0 view .LVU711
 2092 0188 2268     		ldr	r2, [r4]
 517:../../Drivers/STM32H7xx_HAL_Driver/Src/stm32h7xx_hal_dma.c **** 
 2093              		.loc 1 517 53 view .LVU712
 2094 018a 9360     		str	r3, [r2, #8]
 520:../../Drivers/STM32H7xx_HAL_Driver/Src/stm32h7xx_hal_dma.c **** 
 2095              		.loc 1 520 5 is_stmt 1 view .LVU713
 520:../../Drivers/STM32H7xx_HAL_Driver/Src/stm32h7xx_hal_dma.c **** 
 2096              		.loc 1 520 34 is_stmt 0 view .LVU714
 2097 018c 2268     		ldr	r2, [r4]
 520:../../Drivers/STM32H7xx_HAL_Driver/Src/stm32h7xx_hal_dma.c **** 
 2098              		.loc 1 520 53 view .LVU715
 2099 018e D360     		str	r3, [r2, #12]
 523:../../Drivers/STM32H7xx_HAL_Driver/Src/stm32h7xx_hal_dma.c **** 
 2100              		.loc 1 523 5 is_stmt 1 view .LVU716
 523:../../Drivers/STM32H7xx_HAL_Driver/Src/stm32h7xx_hal_dma.c **** 
 2101              		.loc 1 523 34 is_stmt 0 view .LVU717
 2102 0190 2268     		ldr	r2, [r4]
 523:../../Drivers/STM32H7xx_HAL_Driver/Src/stm32h7xx_hal_dma.c **** 
 2103              		.loc 1 523 53 view .LVU718
 2104 0192 1361     		str	r3, [r2, #16]
 526:../../Drivers/STM32H7xx_HAL_Driver/Src/stm32h7xx_hal_dma.c **** 
 2105              		.loc 1 526 5 is_stmt 1 view .LVU719
 526:../../Drivers/STM32H7xx_HAL_Driver/Src/stm32h7xx_hal_dma.c **** 
 2106              		.loc 1 526 40 is_stmt 0 view .LVU720
 2107 0194 2046     		mov	r0, r4
 2108              	.LVL107:
 526:../../Drivers/STM32H7xx_HAL_Driver/Src/stm32h7xx_hal_dma.c **** 
 2109              		.loc 1 526 40 view .LVU721
ARM GAS  /var/folders/2r/mdtt8xvd351gdc398t28_m2m0000gn/T//ccdEwLBV.s 			page 83


 2110 0196 FFF7FEFF 		bl	DMA_CalcBaseAndBitshift
 2111              	.LVL108:
 529:../../Drivers/STM32H7xx_HAL_Driver/Src/stm32h7xx_hal_dma.c ****   }
 2112              		.loc 1 529 5 is_stmt 1 view .LVU722
 529:../../Drivers/STM32H7xx_HAL_Driver/Src/stm32h7xx_hal_dma.c ****   }
 2113              		.loc 1 529 50 is_stmt 0 view .LVU723
 2114 019a E36D     		ldr	r3, [r4, #92]
 529:../../Drivers/STM32H7xx_HAL_Driver/Src/stm32h7xx_hal_dma.c ****   }
 2115              		.loc 1 529 64 view .LVU724
 2116 019c 03F01F02 		and	r2, r3, #31
 529:../../Drivers/STM32H7xx_HAL_Driver/Src/stm32h7xx_hal_dma.c ****   }
 2117              		.loc 1 529 42 view .LVU725
 2118 01a0 0123     		movs	r3, #1
 2119 01a2 9340     		lsls	r3, r3, r2
 529:../../Drivers/STM32H7xx_HAL_Driver/Src/stm32h7xx_hal_dma.c ****   }
 2120              		.loc 1 529 21 view .LVU726
 2121 01a4 4360     		str	r3, [r0, #4]
 2122 01a6 CDE7     		b	.L100
 2123              	.LVL109:
 2124              	.L110:
 558:../../Drivers/STM32H7xx_HAL_Driver/Src/stm32h7xx_hal_dma.c **** 
 2125              		.loc 1 558 7 is_stmt 1 view .LVU727
 2126 01a8 2046     		mov	r0, r4
 2127 01aa FFF7FEFF 		bl	DMA_CalcDMAMUXRequestGenBaseAndMask
 2128              	.LVL110:
 561:../../Drivers/STM32H7xx_HAL_Driver/Src/stm32h7xx_hal_dma.c **** 
 2129              		.loc 1 561 7 view .LVU728
 561:../../Drivers/STM32H7xx_HAL_Driver/Src/stm32h7xx_hal_dma.c **** 
 2130              		.loc 1 561 11 is_stmt 0 view .LVU729
 2131 01ae E36E     		ldr	r3, [r4, #108]
 561:../../Drivers/STM32H7xx_HAL_Driver/Src/stm32h7xx_hal_dma.c **** 
 2132              		.loc 1 561 36 view .LVU730
 2133 01b0 0022     		movs	r2, #0
 2134 01b2 1A60     		str	r2, [r3]
 564:../../Drivers/STM32H7xx_HAL_Driver/Src/stm32h7xx_hal_dma.c ****     }
 2135              		.loc 1 564 7 is_stmt 1 view .LVU731
 564:../../Drivers/STM32H7xx_HAL_Driver/Src/stm32h7xx_hal_dma.c ****     }
 2136              		.loc 1 564 11 is_stmt 0 view .LVU732
 2137 01b4 236F     		ldr	r3, [r4, #112]
 564:../../Drivers/STM32H7xx_HAL_Driver/Src/stm32h7xx_hal_dma.c ****     }
 2138              		.loc 1 564 49 view .LVU733
 2139 01b6 626F     		ldr	r2, [r4, #116]
 564:../../Drivers/STM32H7xx_HAL_Driver/Src/stm32h7xx_hal_dma.c ****     }
 2140              		.loc 1 564 43 view .LVU734
 2141 01b8 5A60     		str	r2, [r3, #4]
 2142 01ba D1E7     		b	.L102
 2143              	.LVL111:
 2144              	.L103:
 2145              	.LCFI3:
 2146              		.cfi_def_cfa_offset 0
 2147              		.cfi_restore 4
 2148              		.cfi_restore 14
 476:../../Drivers/STM32H7xx_HAL_Driver/Src/stm32h7xx_hal_dma.c ****   }
 2149              		.loc 1 476 12 view .LVU735
 2150 01bc 0120     		movs	r0, #1
 2151              	.LVL112:
 591:../../Drivers/STM32H7xx_HAL_Driver/Src/stm32h7xx_hal_dma.c **** 
ARM GAS  /var/folders/2r/mdtt8xvd351gdc398t28_m2m0000gn/T//ccdEwLBV.s 			page 84


 2152              		.loc 1 591 1 view .LVU736
 2153 01be 7047     		bx	lr
 2154              	.L112:
 2155              		.align	2
 2156              	.L111:
 2157 01c0 10000240 		.word	1073872912
 2158 01c4 08540258 		.word	1476547592
 2159 01c8 1C540258 		.word	1476547612
 2160              		.cfi_endproc
 2161              	.LFE133:
 2163              		.section	.text.HAL_DMA_Start,"ax",%progbits
 2164              		.align	1
 2165              		.global	HAL_DMA_Start
 2166              		.syntax unified
 2167              		.thumb
 2168              		.thumb_func
 2170              	HAL_DMA_Start:
 2171              	.LVL113:
 2172              	.LFB134:
 626:../../Drivers/STM32H7xx_HAL_Driver/Src/stm32h7xx_hal_dma.c ****   HAL_StatusTypeDef status = HAL_OK;
 2173              		.loc 1 626 1 is_stmt 1 view -0
 2174              		.cfi_startproc
 2175              		@ args = 0, pretend = 0, frame = 0
 2176              		@ frame_needed = 0, uses_anonymous_args = 0
 627:../../Drivers/STM32H7xx_HAL_Driver/Src/stm32h7xx_hal_dma.c **** 
 2177              		.loc 1 627 3 view .LVU738
 630:../../Drivers/STM32H7xx_HAL_Driver/Src/stm32h7xx_hal_dma.c **** 
 2178              		.loc 1 630 3 view .LVU739
 633:../../Drivers/STM32H7xx_HAL_Driver/Src/stm32h7xx_hal_dma.c ****   {
 2179              		.loc 1 633 3 view .LVU740
 633:../../Drivers/STM32H7xx_HAL_Driver/Src/stm32h7xx_hal_dma.c ****   {
 2180              		.loc 1 633 5 is_stmt 0 view .LVU741
 2181 0000 0028     		cmp	r0, #0
 2182 0002 00F0AA80 		beq	.L121
 626:../../Drivers/STM32H7xx_HAL_Driver/Src/stm32h7xx_hal_dma.c ****   HAL_StatusTypeDef status = HAL_OK;
 2183              		.loc 1 626 1 view .LVU742
 2184 0006 10B5     		push	{r4, lr}
 2185              	.LCFI4:
 2186              		.cfi_def_cfa_offset 8
 2187              		.cfi_offset 4, -8
 2188              		.cfi_offset 14, -4
 2189 0008 0446     		mov	r4, r0
 639:../../Drivers/STM32H7xx_HAL_Driver/Src/stm32h7xx_hal_dma.c **** 
 2190              		.loc 1 639 3 is_stmt 1 view .LVU743
 639:../../Drivers/STM32H7xx_HAL_Driver/Src/stm32h7xx_hal_dma.c **** 
 2191              		.loc 1 639 3 view .LVU744
 2192 000a 90F83400 		ldrb	r0, [r0, #52]	@ zero_extendqisi2
 2193              	.LVL114:
 639:../../Drivers/STM32H7xx_HAL_Driver/Src/stm32h7xx_hal_dma.c **** 
 2194              		.loc 1 639 3 is_stmt 0 view .LVU745
 2195 000e 0128     		cmp	r0, #1
 2196 0010 00F0A580 		beq	.L122
 639:../../Drivers/STM32H7xx_HAL_Driver/Src/stm32h7xx_hal_dma.c **** 
 2197              		.loc 1 639 3 is_stmt 1 discriminator 2 view .LVU746
 2198 0014 0120     		movs	r0, #1
 2199 0016 84F83400 		strb	r0, [r4, #52]
 639:../../Drivers/STM32H7xx_HAL_Driver/Src/stm32h7xx_hal_dma.c **** 
ARM GAS  /var/folders/2r/mdtt8xvd351gdc398t28_m2m0000gn/T//ccdEwLBV.s 			page 85


 2200              		.loc 1 639 3 view .LVU747
 641:../../Drivers/STM32H7xx_HAL_Driver/Src/stm32h7xx_hal_dma.c ****   {
 2201              		.loc 1 641 3 view .LVU748
 641:../../Drivers/STM32H7xx_HAL_Driver/Src/stm32h7xx_hal_dma.c ****   {
 2202              		.loc 1 641 33 is_stmt 0 view .LVU749
 2203 001a 94F83500 		ldrb	r0, [r4, #53]	@ zero_extendqisi2
 641:../../Drivers/STM32H7xx_HAL_Driver/Src/stm32h7xx_hal_dma.c ****   {
 2204              		.loc 1 641 5 view .LVU750
 2205 001e 0128     		cmp	r0, #1
 2206 0020 07D0     		beq	.L127
 661:../../Drivers/STM32H7xx_HAL_Driver/Src/stm32h7xx_hal_dma.c **** 
 2207              		.loc 1 661 5 is_stmt 1 view .LVU751
 661:../../Drivers/STM32H7xx_HAL_Driver/Src/stm32h7xx_hal_dma.c **** 
 2208              		.loc 1 661 21 is_stmt 0 view .LVU752
 2209 0022 4FF40063 		mov	r3, #2048
 2210              	.LVL115:
 661:../../Drivers/STM32H7xx_HAL_Driver/Src/stm32h7xx_hal_dma.c **** 
 2211              		.loc 1 661 21 view .LVU753
 2212 0026 6365     		str	r3, [r4, #84]
 664:../../Drivers/STM32H7xx_HAL_Driver/Src/stm32h7xx_hal_dma.c **** 
 2213              		.loc 1 664 5 is_stmt 1 view .LVU754
 664:../../Drivers/STM32H7xx_HAL_Driver/Src/stm32h7xx_hal_dma.c **** 
 2214              		.loc 1 664 5 view .LVU755
 2215 0028 0023     		movs	r3, #0
 2216 002a 84F83430 		strb	r3, [r4, #52]
 664:../../Drivers/STM32H7xx_HAL_Driver/Src/stm32h7xx_hal_dma.c **** 
 2217              		.loc 1 664 5 view .LVU756
 667:../../Drivers/STM32H7xx_HAL_Driver/Src/stm32h7xx_hal_dma.c ****   }
 2218              		.loc 1 667 5 view .LVU757
 2219              	.LVL116:
 667:../../Drivers/STM32H7xx_HAL_Driver/Src/stm32h7xx_hal_dma.c ****   }
 2220              		.loc 1 667 12 is_stmt 0 view .LVU758
 2221 002e 0120     		movs	r0, #1
 2222              	.LVL117:
 2223              	.L114:
 670:../../Drivers/STM32H7xx_HAL_Driver/Src/stm32h7xx_hal_dma.c **** 
 2224              		.loc 1 670 1 view .LVU759
 2225 0030 10BD     		pop	{r4, pc}
 2226              	.LVL118:
 2227              	.L127:
 644:../../Drivers/STM32H7xx_HAL_Driver/Src/stm32h7xx_hal_dma.c **** 
 2228              		.loc 1 644 5 is_stmt 1 view .LVU760
 644:../../Drivers/STM32H7xx_HAL_Driver/Src/stm32h7xx_hal_dma.c **** 
 2229              		.loc 1 644 17 is_stmt 0 view .LVU761
 2230 0032 0220     		movs	r0, #2
 2231 0034 84F83500 		strb	r0, [r4, #53]
 647:../../Drivers/STM32H7xx_HAL_Driver/Src/stm32h7xx_hal_dma.c **** 
 2232              		.loc 1 647 5 is_stmt 1 view .LVU762
 647:../../Drivers/STM32H7xx_HAL_Driver/Src/stm32h7xx_hal_dma.c **** 
 2233              		.loc 1 647 21 is_stmt 0 view .LVU763
 2234 0038 0020     		movs	r0, #0
 2235 003a 6065     		str	r0, [r4, #84]
 650:../../Drivers/STM32H7xx_HAL_Driver/Src/stm32h7xx_hal_dma.c **** 
 2236              		.loc 1 650 5 is_stmt 1 view .LVU764
 2237 003c 2068     		ldr	r0, [r4]
 2238 003e DFF824C1 		ldr	ip, .L128
 2239 0042 6045     		cmp	r0, ip
ARM GAS  /var/folders/2r/mdtt8xvd351gdc398t28_m2m0000gn/T//ccdEwLBV.s 			page 86


 2240 0044 42D0     		beq	.L116
 650:../../Drivers/STM32H7xx_HAL_Driver/Src/stm32h7xx_hal_dma.c **** 
 2241              		.loc 1 650 5 is_stmt 0 discriminator 2 view .LVU765
 2242 0046 0CF1180C 		add	ip, ip, #24
 2243 004a 6045     		cmp	r0, ip
 2244 004c 3ED0     		beq	.L116
 650:../../Drivers/STM32H7xx_HAL_Driver/Src/stm32h7xx_hal_dma.c **** 
 2245              		.loc 1 650 5 discriminator 4 view .LVU766
 2246 004e 0CF1180C 		add	ip, ip, #24
 2247 0052 6045     		cmp	r0, ip
 2248 0054 3AD0     		beq	.L116
 650:../../Drivers/STM32H7xx_HAL_Driver/Src/stm32h7xx_hal_dma.c **** 
 2249              		.loc 1 650 5 discriminator 6 view .LVU767
 2250 0056 0CF1180C 		add	ip, ip, #24
 2251 005a 6045     		cmp	r0, ip
 2252 005c 36D0     		beq	.L116
 650:../../Drivers/STM32H7xx_HAL_Driver/Src/stm32h7xx_hal_dma.c **** 
 2253              		.loc 1 650 5 discriminator 8 view .LVU768
 2254 005e 0CF1180C 		add	ip, ip, #24
 2255 0062 6045     		cmp	r0, ip
 2256 0064 32D0     		beq	.L116
 650:../../Drivers/STM32H7xx_HAL_Driver/Src/stm32h7xx_hal_dma.c **** 
 2257              		.loc 1 650 5 discriminator 10 view .LVU769
 2258 0066 0CF1180C 		add	ip, ip, #24
 2259 006a 6045     		cmp	r0, ip
 2260 006c 2ED0     		beq	.L116
 650:../../Drivers/STM32H7xx_HAL_Driver/Src/stm32h7xx_hal_dma.c **** 
 2261              		.loc 1 650 5 discriminator 12 view .LVU770
 2262 006e 0CF1180C 		add	ip, ip, #24
 2263 0072 6045     		cmp	r0, ip
 2264 0074 2AD0     		beq	.L116
 650:../../Drivers/STM32H7xx_HAL_Driver/Src/stm32h7xx_hal_dma.c **** 
 2265              		.loc 1 650 5 discriminator 14 view .LVU771
 2266 0076 0CF1180C 		add	ip, ip, #24
 2267 007a 6045     		cmp	r0, ip
 2268 007c 26D0     		beq	.L116
 650:../../Drivers/STM32H7xx_HAL_Driver/Src/stm32h7xx_hal_dma.c **** 
 2269              		.loc 1 650 5 discriminator 16 view .LVU772
 2270 007e 0CF5567C 		add	ip, ip, #856
 2271 0082 6045     		cmp	r0, ip
 2272 0084 22D0     		beq	.L116
 650:../../Drivers/STM32H7xx_HAL_Driver/Src/stm32h7xx_hal_dma.c **** 
 2273              		.loc 1 650 5 discriminator 18 view .LVU773
 2274 0086 0CF1180C 		add	ip, ip, #24
 2275 008a 6045     		cmp	r0, ip
 2276 008c 1ED0     		beq	.L116
 650:../../Drivers/STM32H7xx_HAL_Driver/Src/stm32h7xx_hal_dma.c **** 
 2277              		.loc 1 650 5 discriminator 20 view .LVU774
 2278 008e 0CF1180C 		add	ip, ip, #24
 2279 0092 6045     		cmp	r0, ip
 2280 0094 1AD0     		beq	.L116
 650:../../Drivers/STM32H7xx_HAL_Driver/Src/stm32h7xx_hal_dma.c **** 
 2281              		.loc 1 650 5 discriminator 22 view .LVU775
 2282 0096 0CF1180C 		add	ip, ip, #24
 2283 009a 6045     		cmp	r0, ip
 2284 009c 16D0     		beq	.L116
 650:../../Drivers/STM32H7xx_HAL_Driver/Src/stm32h7xx_hal_dma.c **** 
ARM GAS  /var/folders/2r/mdtt8xvd351gdc398t28_m2m0000gn/T//ccdEwLBV.s 			page 87


 2285              		.loc 1 650 5 discriminator 24 view .LVU776
 2286 009e 0CF1180C 		add	ip, ip, #24
 2287 00a2 6045     		cmp	r0, ip
 2288 00a4 12D0     		beq	.L116
 650:../../Drivers/STM32H7xx_HAL_Driver/Src/stm32h7xx_hal_dma.c **** 
 2289              		.loc 1 650 5 discriminator 26 view .LVU777
 2290 00a6 0CF1180C 		add	ip, ip, #24
 2291 00aa 6045     		cmp	r0, ip
 2292 00ac 0ED0     		beq	.L116
 650:../../Drivers/STM32H7xx_HAL_Driver/Src/stm32h7xx_hal_dma.c **** 
 2293              		.loc 1 650 5 discriminator 28 view .LVU778
 2294 00ae 0CF1180C 		add	ip, ip, #24
 2295 00b2 6045     		cmp	r0, ip
 2296 00b4 0AD0     		beq	.L116
 650:../../Drivers/STM32H7xx_HAL_Driver/Src/stm32h7xx_hal_dma.c **** 
 2297              		.loc 1 650 5 discriminator 30 view .LVU779
 2298 00b6 0CF1180C 		add	ip, ip, #24
 2299 00ba 6045     		cmp	r0, ip
 2300 00bc 06D0     		beq	.L116
 650:../../Drivers/STM32H7xx_HAL_Driver/Src/stm32h7xx_hal_dma.c **** 
 2301              		.loc 1 650 5 discriminator 32 view .LVU780
 2302 00be D0F800C0 		ldr	ip, [r0]
 2303 00c2 2CF0010C 		bic	ip, ip, #1
 2304 00c6 C0F800C0 		str	ip, [r0]
 2305 00ca 05E0     		b	.L118
 2306              	.L116:
 650:../../Drivers/STM32H7xx_HAL_Driver/Src/stm32h7xx_hal_dma.c **** 
 2307              		.loc 1 650 5 discriminator 31 view .LVU781
 2308 00cc D0F800C0 		ldr	ip, [r0]
 2309 00d0 2CF0010C 		bic	ip, ip, #1
 2310 00d4 C0F800C0 		str	ip, [r0]
 2311              	.L118:
 653:../../Drivers/STM32H7xx_HAL_Driver/Src/stm32h7xx_hal_dma.c **** 
 2312              		.loc 1 653 5 is_stmt 1 view .LVU782
 2313 00d8 2046     		mov	r0, r4
 2314 00da FFF7FEFF 		bl	DMA_SetConfig
 2315              	.LVL119:
 656:../../Drivers/STM32H7xx_HAL_Driver/Src/stm32h7xx_hal_dma.c ****   }
 2316              		.loc 1 656 5 view .LVU783
 2317 00de 2368     		ldr	r3, [r4]
 2318 00e0 204A     		ldr	r2, .L128
 2319 00e2 9342     		cmp	r3, r2
 2320 00e4 33D0     		beq	.L119
 656:../../Drivers/STM32H7xx_HAL_Driver/Src/stm32h7xx_hal_dma.c ****   }
 2321              		.loc 1 656 5 is_stmt 0 discriminator 2 view .LVU784
 2322 00e6 1832     		adds	r2, r2, #24
 2323 00e8 9342     		cmp	r3, r2
 2324 00ea 30D0     		beq	.L119
 656:../../Drivers/STM32H7xx_HAL_Driver/Src/stm32h7xx_hal_dma.c ****   }
 2325              		.loc 1 656 5 discriminator 4 view .LVU785
 2326 00ec 1832     		adds	r2, r2, #24
 2327 00ee 9342     		cmp	r3, r2
 2328 00f0 2DD0     		beq	.L119
 656:../../Drivers/STM32H7xx_HAL_Driver/Src/stm32h7xx_hal_dma.c ****   }
 2329              		.loc 1 656 5 discriminator 6 view .LVU786
 2330 00f2 1832     		adds	r2, r2, #24
 2331 00f4 9342     		cmp	r3, r2
ARM GAS  /var/folders/2r/mdtt8xvd351gdc398t28_m2m0000gn/T//ccdEwLBV.s 			page 88


 2332 00f6 2AD0     		beq	.L119
 656:../../Drivers/STM32H7xx_HAL_Driver/Src/stm32h7xx_hal_dma.c ****   }
 2333              		.loc 1 656 5 discriminator 8 view .LVU787
 2334 00f8 1832     		adds	r2, r2, #24
 2335 00fa 9342     		cmp	r3, r2
 2336 00fc 27D0     		beq	.L119
 656:../../Drivers/STM32H7xx_HAL_Driver/Src/stm32h7xx_hal_dma.c ****   }
 2337              		.loc 1 656 5 discriminator 10 view .LVU788
 2338 00fe 1832     		adds	r2, r2, #24
 2339 0100 9342     		cmp	r3, r2
 2340 0102 24D0     		beq	.L119
 656:../../Drivers/STM32H7xx_HAL_Driver/Src/stm32h7xx_hal_dma.c ****   }
 2341              		.loc 1 656 5 discriminator 12 view .LVU789
 2342 0104 1832     		adds	r2, r2, #24
 2343 0106 9342     		cmp	r3, r2
 2344 0108 21D0     		beq	.L119
 656:../../Drivers/STM32H7xx_HAL_Driver/Src/stm32h7xx_hal_dma.c ****   }
 2345              		.loc 1 656 5 discriminator 14 view .LVU790
 2346 010a 1832     		adds	r2, r2, #24
 2347 010c 9342     		cmp	r3, r2
 2348 010e 1ED0     		beq	.L119
 656:../../Drivers/STM32H7xx_HAL_Driver/Src/stm32h7xx_hal_dma.c ****   }
 2349              		.loc 1 656 5 discriminator 16 view .LVU791
 2350 0110 02F55672 		add	r2, r2, #856
 2351 0114 9342     		cmp	r3, r2
 2352 0116 1AD0     		beq	.L119
 656:../../Drivers/STM32H7xx_HAL_Driver/Src/stm32h7xx_hal_dma.c ****   }
 2353              		.loc 1 656 5 discriminator 18 view .LVU792
 2354 0118 1832     		adds	r2, r2, #24
 2355 011a 9342     		cmp	r3, r2
 2356 011c 17D0     		beq	.L119
 656:../../Drivers/STM32H7xx_HAL_Driver/Src/stm32h7xx_hal_dma.c ****   }
 2357              		.loc 1 656 5 discriminator 20 view .LVU793
 2358 011e 1832     		adds	r2, r2, #24
 2359 0120 9342     		cmp	r3, r2
 2360 0122 14D0     		beq	.L119
 656:../../Drivers/STM32H7xx_HAL_Driver/Src/stm32h7xx_hal_dma.c ****   }
 2361              		.loc 1 656 5 discriminator 22 view .LVU794
 2362 0124 1832     		adds	r2, r2, #24
 2363 0126 9342     		cmp	r3, r2
 2364 0128 11D0     		beq	.L119
 656:../../Drivers/STM32H7xx_HAL_Driver/Src/stm32h7xx_hal_dma.c ****   }
 2365              		.loc 1 656 5 discriminator 24 view .LVU795
 2366 012a 1832     		adds	r2, r2, #24
 2367 012c 9342     		cmp	r3, r2
 2368 012e 0ED0     		beq	.L119
 656:../../Drivers/STM32H7xx_HAL_Driver/Src/stm32h7xx_hal_dma.c ****   }
 2369              		.loc 1 656 5 discriminator 26 view .LVU796
 2370 0130 1832     		adds	r2, r2, #24
 2371 0132 9342     		cmp	r3, r2
 2372 0134 0BD0     		beq	.L119
 656:../../Drivers/STM32H7xx_HAL_Driver/Src/stm32h7xx_hal_dma.c ****   }
 2373              		.loc 1 656 5 discriminator 28 view .LVU797
 2374 0136 1832     		adds	r2, r2, #24
 2375 0138 9342     		cmp	r3, r2
 2376 013a 08D0     		beq	.L119
 656:../../Drivers/STM32H7xx_HAL_Driver/Src/stm32h7xx_hal_dma.c ****   }
ARM GAS  /var/folders/2r/mdtt8xvd351gdc398t28_m2m0000gn/T//ccdEwLBV.s 			page 89


 2377              		.loc 1 656 5 discriminator 30 view .LVU798
 2378 013c 1832     		adds	r2, r2, #24
 2379 013e 9342     		cmp	r3, r2
 2380 0140 05D0     		beq	.L119
 656:../../Drivers/STM32H7xx_HAL_Driver/Src/stm32h7xx_hal_dma.c ****   }
 2381              		.loc 1 656 5 discriminator 32 view .LVU799
 2382 0142 1A68     		ldr	r2, [r3]
 2383 0144 42F00102 		orr	r2, r2, #1
 2384 0148 1A60     		str	r2, [r3]
 627:../../Drivers/STM32H7xx_HAL_Driver/Src/stm32h7xx_hal_dma.c **** 
 2385              		.loc 1 627 21 view .LVU800
 2386 014a 0020     		movs	r0, #0
 2387 014c 70E7     		b	.L114
 2388              	.L119:
 656:../../Drivers/STM32H7xx_HAL_Driver/Src/stm32h7xx_hal_dma.c ****   }
 2389              		.loc 1 656 5 discriminator 31 view .LVU801
 2390 014e 1A68     		ldr	r2, [r3]
 2391 0150 42F00102 		orr	r2, r2, #1
 2392 0154 1A60     		str	r2, [r3]
 627:../../Drivers/STM32H7xx_HAL_Driver/Src/stm32h7xx_hal_dma.c **** 
 2393              		.loc 1 627 21 view .LVU802
 2394 0156 0020     		movs	r0, #0
 656:../../Drivers/STM32H7xx_HAL_Driver/Src/stm32h7xx_hal_dma.c ****   }
 2395              		.loc 1 656 5 view .LVU803
 2396 0158 6AE7     		b	.L114
 2397              	.LVL120:
 2398              	.L121:
 2399              	.LCFI5:
 2400              		.cfi_def_cfa_offset 0
 2401              		.cfi_restore 4
 2402              		.cfi_restore 14
 635:../../Drivers/STM32H7xx_HAL_Driver/Src/stm32h7xx_hal_dma.c ****   }
 2403              		.loc 1 635 12 view .LVU804
 2404 015a 0120     		movs	r0, #1
 2405              	.LVL121:
 670:../../Drivers/STM32H7xx_HAL_Driver/Src/stm32h7xx_hal_dma.c **** 
 2406              		.loc 1 670 1 view .LVU805
 2407 015c 7047     		bx	lr
 2408              	.LVL122:
 2409              	.L122:
 2410              	.LCFI6:
 2411              		.cfi_def_cfa_offset 8
 2412              		.cfi_offset 4, -8
 2413              		.cfi_offset 14, -4
 639:../../Drivers/STM32H7xx_HAL_Driver/Src/stm32h7xx_hal_dma.c **** 
 2414              		.loc 1 639 3 discriminator 1 view .LVU806
 2415 015e 0220     		movs	r0, #2
 2416 0160 66E7     		b	.L114
 2417              	.L129:
 2418 0162 00BF     		.align	2
 2419              	.L128:
 2420 0164 10000240 		.word	1073872912
 2421              		.cfi_endproc
 2422              	.LFE134:
 2424              		.section	.text.HAL_DMA_Start_IT,"ax",%progbits
 2425              		.align	1
 2426              		.global	HAL_DMA_Start_IT
ARM GAS  /var/folders/2r/mdtt8xvd351gdc398t28_m2m0000gn/T//ccdEwLBV.s 			page 90


 2427              		.syntax unified
 2428              		.thumb
 2429              		.thumb_func
 2431              	HAL_DMA_Start_IT:
 2432              	.LVL123:
 2433              	.LFB135:
 682:../../Drivers/STM32H7xx_HAL_Driver/Src/stm32h7xx_hal_dma.c ****   HAL_StatusTypeDef status = HAL_OK;
 2434              		.loc 1 682 1 is_stmt 1 view -0
 2435              		.cfi_startproc
 2436              		@ args = 0, pretend = 0, frame = 0
 2437              		@ frame_needed = 0, uses_anonymous_args = 0
 683:../../Drivers/STM32H7xx_HAL_Driver/Src/stm32h7xx_hal_dma.c **** 
 2438              		.loc 1 683 3 view .LVU808
 686:../../Drivers/STM32H7xx_HAL_Driver/Src/stm32h7xx_hal_dma.c **** 
 2439              		.loc 1 686 3 view .LVU809
 689:../../Drivers/STM32H7xx_HAL_Driver/Src/stm32h7xx_hal_dma.c ****   {
 2440              		.loc 1 689 3 view .LVU810
 689:../../Drivers/STM32H7xx_HAL_Driver/Src/stm32h7xx_hal_dma.c ****   {
 2441              		.loc 1 689 5 is_stmt 0 view .LVU811
 2442 0000 0028     		cmp	r0, #0
 2443 0002 00F05081 		beq	.L144
 682:../../Drivers/STM32H7xx_HAL_Driver/Src/stm32h7xx_hal_dma.c ****   HAL_StatusTypeDef status = HAL_OK;
 2444              		.loc 1 682 1 view .LVU812
 2445 0006 10B5     		push	{r4, lr}
 2446              	.LCFI7:
 2447              		.cfi_def_cfa_offset 8
 2448              		.cfi_offset 4, -8
 2449              		.cfi_offset 14, -4
 2450 0008 0446     		mov	r4, r0
 695:../../Drivers/STM32H7xx_HAL_Driver/Src/stm32h7xx_hal_dma.c **** 
 2451              		.loc 1 695 3 is_stmt 1 view .LVU813
 695:../../Drivers/STM32H7xx_HAL_Driver/Src/stm32h7xx_hal_dma.c **** 
 2452              		.loc 1 695 3 view .LVU814
 2453 000a 90F83400 		ldrb	r0, [r0, #52]	@ zero_extendqisi2
 2454              	.LVL124:
 695:../../Drivers/STM32H7xx_HAL_Driver/Src/stm32h7xx_hal_dma.c **** 
 2455              		.loc 1 695 3 is_stmt 0 view .LVU815
 2456 000e 0128     		cmp	r0, #1
 2457 0010 00F04B81 		beq	.L145
 695:../../Drivers/STM32H7xx_HAL_Driver/Src/stm32h7xx_hal_dma.c **** 
 2458              		.loc 1 695 3 is_stmt 1 discriminator 2 view .LVU816
 2459 0014 0120     		movs	r0, #1
 2460 0016 84F83400 		strb	r0, [r4, #52]
 695:../../Drivers/STM32H7xx_HAL_Driver/Src/stm32h7xx_hal_dma.c **** 
 2461              		.loc 1 695 3 view .LVU817
 697:../../Drivers/STM32H7xx_HAL_Driver/Src/stm32h7xx_hal_dma.c ****   {
 2462              		.loc 1 697 3 view .LVU818
 697:../../Drivers/STM32H7xx_HAL_Driver/Src/stm32h7xx_hal_dma.c ****   {
 2463              		.loc 1 697 33 is_stmt 0 view .LVU819
 2464 001a 94F83500 		ldrb	r0, [r4, #53]	@ zero_extendqisi2
 697:../../Drivers/STM32H7xx_HAL_Driver/Src/stm32h7xx_hal_dma.c ****   {
 2465              		.loc 1 697 5 view .LVU820
 2466 001e 0128     		cmp	r0, #1
 2467 0020 07D0     		beq	.L150
 757:../../Drivers/STM32H7xx_HAL_Driver/Src/stm32h7xx_hal_dma.c **** 
 2468              		.loc 1 757 5 is_stmt 1 view .LVU821
 757:../../Drivers/STM32H7xx_HAL_Driver/Src/stm32h7xx_hal_dma.c **** 
ARM GAS  /var/folders/2r/mdtt8xvd351gdc398t28_m2m0000gn/T//ccdEwLBV.s 			page 91


 2469              		.loc 1 757 21 is_stmt 0 view .LVU822
 2470 0022 4FF40063 		mov	r3, #2048
 2471              	.LVL125:
 757:../../Drivers/STM32H7xx_HAL_Driver/Src/stm32h7xx_hal_dma.c **** 
 2472              		.loc 1 757 21 view .LVU823
 2473 0026 6365     		str	r3, [r4, #84]
 760:../../Drivers/STM32H7xx_HAL_Driver/Src/stm32h7xx_hal_dma.c **** 
 2474              		.loc 1 760 5 is_stmt 1 view .LVU824
 760:../../Drivers/STM32H7xx_HAL_Driver/Src/stm32h7xx_hal_dma.c **** 
 2475              		.loc 1 760 5 view .LVU825
 2476 0028 0023     		movs	r3, #0
 2477 002a 84F83430 		strb	r3, [r4, #52]
 760:../../Drivers/STM32H7xx_HAL_Driver/Src/stm32h7xx_hal_dma.c **** 
 2478              		.loc 1 760 5 view .LVU826
 763:../../Drivers/STM32H7xx_HAL_Driver/Src/stm32h7xx_hal_dma.c ****   }
 2479              		.loc 1 763 5 view .LVU827
 2480              	.LVL126:
 763:../../Drivers/STM32H7xx_HAL_Driver/Src/stm32h7xx_hal_dma.c ****   }
 2481              		.loc 1 763 12 is_stmt 0 view .LVU828
 2482 002e 0120     		movs	r0, #1
 2483              	.LVL127:
 2484              	.L131:
 767:../../Drivers/STM32H7xx_HAL_Driver/Src/stm32h7xx_hal_dma.c **** 
 2485              		.loc 1 767 1 view .LVU829
 2486 0030 10BD     		pop	{r4, pc}
 2487              	.LVL128:
 2488              	.L150:
 700:../../Drivers/STM32H7xx_HAL_Driver/Src/stm32h7xx_hal_dma.c **** 
 2489              		.loc 1 700 5 is_stmt 1 view .LVU830
 700:../../Drivers/STM32H7xx_HAL_Driver/Src/stm32h7xx_hal_dma.c **** 
 2490              		.loc 1 700 17 is_stmt 0 view .LVU831
 2491 0032 0220     		movs	r0, #2
 2492 0034 84F83500 		strb	r0, [r4, #53]
 703:../../Drivers/STM32H7xx_HAL_Driver/Src/stm32h7xx_hal_dma.c **** 
 2493              		.loc 1 703 5 is_stmt 1 view .LVU832
 703:../../Drivers/STM32H7xx_HAL_Driver/Src/stm32h7xx_hal_dma.c **** 
 2494              		.loc 1 703 21 is_stmt 0 view .LVU833
 2495 0038 0020     		movs	r0, #0
 2496 003a 6065     		str	r0, [r4, #84]
 706:../../Drivers/STM32H7xx_HAL_Driver/Src/stm32h7xx_hal_dma.c **** 
 2497              		.loc 1 706 5 is_stmt 1 view .LVU834
 2498 003c 2068     		ldr	r0, [r4]
 2499 003e DFF870C2 		ldr	ip, .L151
 2500 0042 6045     		cmp	r0, ip
 2501 0044 42D0     		beq	.L133
 706:../../Drivers/STM32H7xx_HAL_Driver/Src/stm32h7xx_hal_dma.c **** 
 2502              		.loc 1 706 5 is_stmt 0 discriminator 2 view .LVU835
 2503 0046 0CF1180C 		add	ip, ip, #24
 2504 004a 6045     		cmp	r0, ip
 2505 004c 3ED0     		beq	.L133
 706:../../Drivers/STM32H7xx_HAL_Driver/Src/stm32h7xx_hal_dma.c **** 
 2506              		.loc 1 706 5 discriminator 4 view .LVU836
 2507 004e 0CF1180C 		add	ip, ip, #24
 2508 0052 6045     		cmp	r0, ip
 2509 0054 3AD0     		beq	.L133
 706:../../Drivers/STM32H7xx_HAL_Driver/Src/stm32h7xx_hal_dma.c **** 
 2510              		.loc 1 706 5 discriminator 6 view .LVU837
ARM GAS  /var/folders/2r/mdtt8xvd351gdc398t28_m2m0000gn/T//ccdEwLBV.s 			page 92


 2511 0056 0CF1180C 		add	ip, ip, #24
 2512 005a 6045     		cmp	r0, ip
 2513 005c 36D0     		beq	.L133
 706:../../Drivers/STM32H7xx_HAL_Driver/Src/stm32h7xx_hal_dma.c **** 
 2514              		.loc 1 706 5 discriminator 8 view .LVU838
 2515 005e 0CF1180C 		add	ip, ip, #24
 2516 0062 6045     		cmp	r0, ip
 2517 0064 32D0     		beq	.L133
 706:../../Drivers/STM32H7xx_HAL_Driver/Src/stm32h7xx_hal_dma.c **** 
 2518              		.loc 1 706 5 discriminator 10 view .LVU839
 2519 0066 0CF1180C 		add	ip, ip, #24
 2520 006a 6045     		cmp	r0, ip
 2521 006c 2ED0     		beq	.L133
 706:../../Drivers/STM32H7xx_HAL_Driver/Src/stm32h7xx_hal_dma.c **** 
 2522              		.loc 1 706 5 discriminator 12 view .LVU840
 2523 006e 0CF1180C 		add	ip, ip, #24
 2524 0072 6045     		cmp	r0, ip
 2525 0074 2AD0     		beq	.L133
 706:../../Drivers/STM32H7xx_HAL_Driver/Src/stm32h7xx_hal_dma.c **** 
 2526              		.loc 1 706 5 discriminator 14 view .LVU841
 2527 0076 0CF1180C 		add	ip, ip, #24
 2528 007a 6045     		cmp	r0, ip
 2529 007c 26D0     		beq	.L133
 706:../../Drivers/STM32H7xx_HAL_Driver/Src/stm32h7xx_hal_dma.c **** 
 2530              		.loc 1 706 5 discriminator 16 view .LVU842
 2531 007e 0CF5567C 		add	ip, ip, #856
 2532 0082 6045     		cmp	r0, ip
 2533 0084 22D0     		beq	.L133
 706:../../Drivers/STM32H7xx_HAL_Driver/Src/stm32h7xx_hal_dma.c **** 
 2534              		.loc 1 706 5 discriminator 18 view .LVU843
 2535 0086 0CF1180C 		add	ip, ip, #24
 2536 008a 6045     		cmp	r0, ip
 2537 008c 1ED0     		beq	.L133
 706:../../Drivers/STM32H7xx_HAL_Driver/Src/stm32h7xx_hal_dma.c **** 
 2538              		.loc 1 706 5 discriminator 20 view .LVU844
 2539 008e 0CF1180C 		add	ip, ip, #24
 2540 0092 6045     		cmp	r0, ip
 2541 0094 1AD0     		beq	.L133
 706:../../Drivers/STM32H7xx_HAL_Driver/Src/stm32h7xx_hal_dma.c **** 
 2542              		.loc 1 706 5 discriminator 22 view .LVU845
 2543 0096 0CF1180C 		add	ip, ip, #24
 2544 009a 6045     		cmp	r0, ip
 2545 009c 16D0     		beq	.L133
 706:../../Drivers/STM32H7xx_HAL_Driver/Src/stm32h7xx_hal_dma.c **** 
 2546              		.loc 1 706 5 discriminator 24 view .LVU846
 2547 009e 0CF1180C 		add	ip, ip, #24
 2548 00a2 6045     		cmp	r0, ip
 2549 00a4 12D0     		beq	.L133
 706:../../Drivers/STM32H7xx_HAL_Driver/Src/stm32h7xx_hal_dma.c **** 
 2550              		.loc 1 706 5 discriminator 26 view .LVU847
 2551 00a6 0CF1180C 		add	ip, ip, #24
 2552 00aa 6045     		cmp	r0, ip
 2553 00ac 0ED0     		beq	.L133
 706:../../Drivers/STM32H7xx_HAL_Driver/Src/stm32h7xx_hal_dma.c **** 
 2554              		.loc 1 706 5 discriminator 28 view .LVU848
 2555 00ae 0CF1180C 		add	ip, ip, #24
 2556 00b2 6045     		cmp	r0, ip
ARM GAS  /var/folders/2r/mdtt8xvd351gdc398t28_m2m0000gn/T//ccdEwLBV.s 			page 93


 2557 00b4 0AD0     		beq	.L133
 706:../../Drivers/STM32H7xx_HAL_Driver/Src/stm32h7xx_hal_dma.c **** 
 2558              		.loc 1 706 5 discriminator 30 view .LVU849
 2559 00b6 0CF1180C 		add	ip, ip, #24
 2560 00ba 6045     		cmp	r0, ip
 2561 00bc 06D0     		beq	.L133
 706:../../Drivers/STM32H7xx_HAL_Driver/Src/stm32h7xx_hal_dma.c **** 
 2562              		.loc 1 706 5 discriminator 32 view .LVU850
 2563 00be D0F800C0 		ldr	ip, [r0]
 2564 00c2 2CF0010C 		bic	ip, ip, #1
 2565 00c6 C0F800C0 		str	ip, [r0]
 2566 00ca 05E0     		b	.L135
 2567              	.L133:
 706:../../Drivers/STM32H7xx_HAL_Driver/Src/stm32h7xx_hal_dma.c **** 
 2568              		.loc 1 706 5 discriminator 31 view .LVU851
 2569 00cc D0F800C0 		ldr	ip, [r0]
 2570 00d0 2CF0010C 		bic	ip, ip, #1
 2571 00d4 C0F800C0 		str	ip, [r0]
 2572              	.L135:
 709:../../Drivers/STM32H7xx_HAL_Driver/Src/stm32h7xx_hal_dma.c **** 
 2573              		.loc 1 709 5 is_stmt 1 view .LVU852
 2574 00d8 2046     		mov	r0, r4
 2575 00da FFF7FEFF 		bl	DMA_SetConfig
 2576              	.LVL129:
 711:../../Drivers/STM32H7xx_HAL_Driver/Src/stm32h7xx_hal_dma.c ****     {
 2577              		.loc 1 711 5 view .LVU853
 711:../../Drivers/STM32H7xx_HAL_Driver/Src/stm32h7xx_hal_dma.c ****     {
 2578              		.loc 1 711 8 is_stmt 0 view .LVU854
 2579 00de 2368     		ldr	r3, [r4]
 2580 00e0 734A     		ldr	r2, .L151
 2581 00e2 9342     		cmp	r3, r2
 2582 00e4 3BD0     		beq	.L136
 711:../../Drivers/STM32H7xx_HAL_Driver/Src/stm32h7xx_hal_dma.c ****     {
 2583              		.loc 1 711 8 discriminator 2 view .LVU855
 2584 00e6 1832     		adds	r2, r2, #24
 2585 00e8 9342     		cmp	r3, r2
 2586 00ea 38D0     		beq	.L136
 711:../../Drivers/STM32H7xx_HAL_Driver/Src/stm32h7xx_hal_dma.c ****     {
 2587              		.loc 1 711 8 discriminator 4 view .LVU856
 2588 00ec 1832     		adds	r2, r2, #24
 2589 00ee 9342     		cmp	r3, r2
 2590 00f0 35D0     		beq	.L136
 711:../../Drivers/STM32H7xx_HAL_Driver/Src/stm32h7xx_hal_dma.c ****     {
 2591              		.loc 1 711 8 discriminator 6 view .LVU857
 2592 00f2 1832     		adds	r2, r2, #24
 2593 00f4 9342     		cmp	r3, r2
 2594 00f6 32D0     		beq	.L136
 711:../../Drivers/STM32H7xx_HAL_Driver/Src/stm32h7xx_hal_dma.c ****     {
 2595              		.loc 1 711 8 discriminator 8 view .LVU858
 2596 00f8 1832     		adds	r2, r2, #24
 2597 00fa 9342     		cmp	r3, r2
 2598 00fc 2FD0     		beq	.L136
 711:../../Drivers/STM32H7xx_HAL_Driver/Src/stm32h7xx_hal_dma.c ****     {
 2599              		.loc 1 711 8 discriminator 10 view .LVU859
 2600 00fe 1832     		adds	r2, r2, #24
 2601 0100 9342     		cmp	r3, r2
 2602 0102 2CD0     		beq	.L136
ARM GAS  /var/folders/2r/mdtt8xvd351gdc398t28_m2m0000gn/T//ccdEwLBV.s 			page 94


 711:../../Drivers/STM32H7xx_HAL_Driver/Src/stm32h7xx_hal_dma.c ****     {
 2603              		.loc 1 711 8 discriminator 12 view .LVU860
 2604 0104 1832     		adds	r2, r2, #24
 2605 0106 9342     		cmp	r3, r2
 2606 0108 29D0     		beq	.L136
 711:../../Drivers/STM32H7xx_HAL_Driver/Src/stm32h7xx_hal_dma.c ****     {
 2607              		.loc 1 711 8 discriminator 14 view .LVU861
 2608 010a 1832     		adds	r2, r2, #24
 2609 010c 9342     		cmp	r3, r2
 2610 010e 26D0     		beq	.L136
 711:../../Drivers/STM32H7xx_HAL_Driver/Src/stm32h7xx_hal_dma.c ****     {
 2611              		.loc 1 711 8 discriminator 16 view .LVU862
 2612 0110 02F55672 		add	r2, r2, #856
 2613 0114 9342     		cmp	r3, r2
 2614 0116 22D0     		beq	.L136
 711:../../Drivers/STM32H7xx_HAL_Driver/Src/stm32h7xx_hal_dma.c ****     {
 2615              		.loc 1 711 8 discriminator 18 view .LVU863
 2616 0118 1832     		adds	r2, r2, #24
 2617 011a 9342     		cmp	r3, r2
 2618 011c 1FD0     		beq	.L136
 711:../../Drivers/STM32H7xx_HAL_Driver/Src/stm32h7xx_hal_dma.c ****     {
 2619              		.loc 1 711 8 discriminator 20 view .LVU864
 2620 011e 1832     		adds	r2, r2, #24
 2621 0120 9342     		cmp	r3, r2
 2622 0122 1CD0     		beq	.L136
 711:../../Drivers/STM32H7xx_HAL_Driver/Src/stm32h7xx_hal_dma.c ****     {
 2623              		.loc 1 711 8 discriminator 22 view .LVU865
 2624 0124 1832     		adds	r2, r2, #24
 2625 0126 9342     		cmp	r3, r2
 2626 0128 19D0     		beq	.L136
 711:../../Drivers/STM32H7xx_HAL_Driver/Src/stm32h7xx_hal_dma.c ****     {
 2627              		.loc 1 711 8 discriminator 24 view .LVU866
 2628 012a 1832     		adds	r2, r2, #24
 2629 012c 9342     		cmp	r3, r2
 2630 012e 16D0     		beq	.L136
 711:../../Drivers/STM32H7xx_HAL_Driver/Src/stm32h7xx_hal_dma.c ****     {
 2631              		.loc 1 711 8 discriminator 26 view .LVU867
 2632 0130 1832     		adds	r2, r2, #24
 2633 0132 9342     		cmp	r3, r2
 2634 0134 13D0     		beq	.L136
 711:../../Drivers/STM32H7xx_HAL_Driver/Src/stm32h7xx_hal_dma.c ****     {
 2635              		.loc 1 711 8 discriminator 28 view .LVU868
 2636 0136 1832     		adds	r2, r2, #24
 2637 0138 9342     		cmp	r3, r2
 2638 013a 10D0     		beq	.L136
 711:../../Drivers/STM32H7xx_HAL_Driver/Src/stm32h7xx_hal_dma.c ****     {
 2639              		.loc 1 711 8 discriminator 30 view .LVU869
 2640 013c 1832     		adds	r2, r2, #24
 2641 013e 9342     		cmp	r3, r2
 2642 0140 0DD0     		beq	.L136
 725:../../Drivers/STM32H7xx_HAL_Driver/Src/stm32h7xx_hal_dma.c **** 
 2643              		.loc 1 725 7 is_stmt 1 view .LVU870
 2644 0142 1A68     		ldr	r2, [r3]
 2645 0144 22F00E02 		bic	r2, r2, #14
 2646 0148 42F00A02 		orr	r2, r2, #10
 2647 014c 1A60     		str	r2, [r3]
 727:../../Drivers/STM32H7xx_HAL_Driver/Src/stm32h7xx_hal_dma.c ****       {
ARM GAS  /var/folders/2r/mdtt8xvd351gdc398t28_m2m0000gn/T//ccdEwLBV.s 			page 95


 2648              		.loc 1 727 7 view .LVU871
 727:../../Drivers/STM32H7xx_HAL_Driver/Src/stm32h7xx_hal_dma.c ****       {
 2649              		.loc 1 727 14 is_stmt 0 view .LVU872
 2650 014e 236C     		ldr	r3, [r4, #64]
 727:../../Drivers/STM32H7xx_HAL_Driver/Src/stm32h7xx_hal_dma.c ****       {
 2651              		.loc 1 727 9 view .LVU873
 2652 0150 93B1     		cbz	r3, .L138
 730:../../Drivers/STM32H7xx_HAL_Driver/Src/stm32h7xx_hal_dma.c ****       }
 2653              		.loc 1 730 9 is_stmt 1 view .LVU874
 730:../../Drivers/STM32H7xx_HAL_Driver/Src/stm32h7xx_hal_dma.c ****       }
 2654              		.loc 1 730 40 is_stmt 0 view .LVU875
 2655 0152 2268     		ldr	r2, [r4]
 730:../../Drivers/STM32H7xx_HAL_Driver/Src/stm32h7xx_hal_dma.c ****       }
 2656              		.loc 1 730 51 view .LVU876
 2657 0154 1368     		ldr	r3, [r2]
 730:../../Drivers/STM32H7xx_HAL_Driver/Src/stm32h7xx_hal_dma.c ****       }
 2658              		.loc 1 730 58 view .LVU877
 2659 0156 43F00403 		orr	r3, r3, #4
 2660 015a 1360     		str	r3, [r2]
 2661 015c 0CE0     		b	.L138
 2662              	.L136:
 714:../../Drivers/STM32H7xx_HAL_Driver/Src/stm32h7xx_hal_dma.c **** 
 2663              		.loc 1 714 7 is_stmt 1 view .LVU878
 2664 015e 1A68     		ldr	r2, [r3]
 2665 0160 22F01E02 		bic	r2, r2, #30
 2666 0164 42F01602 		orr	r2, r2, #22
 2667 0168 1A60     		str	r2, [r3]
 716:../../Drivers/STM32H7xx_HAL_Driver/Src/stm32h7xx_hal_dma.c ****       {
 2668              		.loc 1 716 7 view .LVU879
 716:../../Drivers/STM32H7xx_HAL_Driver/Src/stm32h7xx_hal_dma.c ****       {
 2669              		.loc 1 716 14 is_stmt 0 view .LVU880
 2670 016a 236C     		ldr	r3, [r4, #64]
 716:../../Drivers/STM32H7xx_HAL_Driver/Src/stm32h7xx_hal_dma.c ****       {
 2671              		.loc 1 716 9 view .LVU881
 2672 016c 23B1     		cbz	r3, .L138
 719:../../Drivers/STM32H7xx_HAL_Driver/Src/stm32h7xx_hal_dma.c ****       }
 2673              		.loc 1 719 9 is_stmt 1 view .LVU882
 719:../../Drivers/STM32H7xx_HAL_Driver/Src/stm32h7xx_hal_dma.c ****       }
 2674              		.loc 1 719 38 is_stmt 0 view .LVU883
 2675 016e 2268     		ldr	r2, [r4]
 719:../../Drivers/STM32H7xx_HAL_Driver/Src/stm32h7xx_hal_dma.c ****       }
 2676              		.loc 1 719 49 view .LVU884
 2677 0170 1368     		ldr	r3, [r2]
 719:../../Drivers/STM32H7xx_HAL_Driver/Src/stm32h7xx_hal_dma.c ****       }
 2678              		.loc 1 719 55 view .LVU885
 2679 0172 43F00803 		orr	r3, r3, #8
 2680 0176 1360     		str	r3, [r2]
 2681              	.L138:
 734:../../Drivers/STM32H7xx_HAL_Driver/Src/stm32h7xx_hal_dma.c ****     {
 2682              		.loc 1 734 5 is_stmt 1 view .LVU886
 734:../../Drivers/STM32H7xx_HAL_Driver/Src/stm32h7xx_hal_dma.c ****     {
 2683              		.loc 1 734 8 is_stmt 0 view .LVU887
 2684 0178 2368     		ldr	r3, [r4]
 2685 017a 4D4A     		ldr	r2, .L151
 2686 017c 9342     		cmp	r3, r2
 2687 017e 45D0     		beq	.L139
 734:../../Drivers/STM32H7xx_HAL_Driver/Src/stm32h7xx_hal_dma.c ****     {
ARM GAS  /var/folders/2r/mdtt8xvd351gdc398t28_m2m0000gn/T//ccdEwLBV.s 			page 96


 2688              		.loc 1 734 8 discriminator 2 view .LVU888
 2689 0180 1832     		adds	r2, r2, #24
 2690 0182 9342     		cmp	r3, r2
 2691 0184 42D0     		beq	.L139
 734:../../Drivers/STM32H7xx_HAL_Driver/Src/stm32h7xx_hal_dma.c ****     {
 2692              		.loc 1 734 8 discriminator 4 view .LVU889
 2693 0186 1832     		adds	r2, r2, #24
 2694 0188 9342     		cmp	r3, r2
 2695 018a 3FD0     		beq	.L139
 734:../../Drivers/STM32H7xx_HAL_Driver/Src/stm32h7xx_hal_dma.c ****     {
 2696              		.loc 1 734 8 discriminator 6 view .LVU890
 2697 018c 1832     		adds	r2, r2, #24
 2698 018e 9342     		cmp	r3, r2
 2699 0190 3CD0     		beq	.L139
 734:../../Drivers/STM32H7xx_HAL_Driver/Src/stm32h7xx_hal_dma.c ****     {
 2700              		.loc 1 734 8 discriminator 8 view .LVU891
 2701 0192 1832     		adds	r2, r2, #24
 2702 0194 9342     		cmp	r3, r2
 2703 0196 39D0     		beq	.L139
 734:../../Drivers/STM32H7xx_HAL_Driver/Src/stm32h7xx_hal_dma.c ****     {
 2704              		.loc 1 734 8 discriminator 10 view .LVU892
 2705 0198 1832     		adds	r2, r2, #24
 2706 019a 9342     		cmp	r3, r2
 2707 019c 36D0     		beq	.L139
 734:../../Drivers/STM32H7xx_HAL_Driver/Src/stm32h7xx_hal_dma.c ****     {
 2708              		.loc 1 734 8 discriminator 12 view .LVU893
 2709 019e 1832     		adds	r2, r2, #24
 2710 01a0 9342     		cmp	r3, r2
 2711 01a2 33D0     		beq	.L139
 734:../../Drivers/STM32H7xx_HAL_Driver/Src/stm32h7xx_hal_dma.c ****     {
 2712              		.loc 1 734 8 discriminator 14 view .LVU894
 2713 01a4 1832     		adds	r2, r2, #24
 2714 01a6 9342     		cmp	r3, r2
 2715 01a8 30D0     		beq	.L139
 734:../../Drivers/STM32H7xx_HAL_Driver/Src/stm32h7xx_hal_dma.c ****     {
 2716              		.loc 1 734 8 discriminator 16 view .LVU895
 2717 01aa 02F55672 		add	r2, r2, #856
 2718 01ae 9342     		cmp	r3, r2
 2719 01b0 2CD0     		beq	.L139
 734:../../Drivers/STM32H7xx_HAL_Driver/Src/stm32h7xx_hal_dma.c ****     {
 2720              		.loc 1 734 8 discriminator 18 view .LVU896
 2721 01b2 1832     		adds	r2, r2, #24
 2722 01b4 9342     		cmp	r3, r2
 2723 01b6 29D0     		beq	.L139
 734:../../Drivers/STM32H7xx_HAL_Driver/Src/stm32h7xx_hal_dma.c ****     {
 2724              		.loc 1 734 8 discriminator 20 view .LVU897
 2725 01b8 1832     		adds	r2, r2, #24
 2726 01ba 9342     		cmp	r3, r2
 2727 01bc 26D0     		beq	.L139
 734:../../Drivers/STM32H7xx_HAL_Driver/Src/stm32h7xx_hal_dma.c ****     {
 2728              		.loc 1 734 8 discriminator 22 view .LVU898
 2729 01be 1832     		adds	r2, r2, #24
 2730 01c0 9342     		cmp	r3, r2
 2731 01c2 23D0     		beq	.L139
 734:../../Drivers/STM32H7xx_HAL_Driver/Src/stm32h7xx_hal_dma.c ****     {
 2732              		.loc 1 734 8 discriminator 24 view .LVU899
 2733 01c4 1832     		adds	r2, r2, #24
ARM GAS  /var/folders/2r/mdtt8xvd351gdc398t28_m2m0000gn/T//ccdEwLBV.s 			page 97


 2734 01c6 9342     		cmp	r3, r2
 2735 01c8 20D0     		beq	.L139
 734:../../Drivers/STM32H7xx_HAL_Driver/Src/stm32h7xx_hal_dma.c ****     {
 2736              		.loc 1 734 8 discriminator 26 view .LVU900
 2737 01ca 1832     		adds	r2, r2, #24
 2738 01cc 9342     		cmp	r3, r2
 2739 01ce 1DD0     		beq	.L139
 734:../../Drivers/STM32H7xx_HAL_Driver/Src/stm32h7xx_hal_dma.c ****     {
 2740              		.loc 1 734 8 discriminator 28 view .LVU901
 2741 01d0 1832     		adds	r2, r2, #24
 2742 01d2 9342     		cmp	r3, r2
 2743 01d4 1AD0     		beq	.L139
 734:../../Drivers/STM32H7xx_HAL_Driver/Src/stm32h7xx_hal_dma.c ****     {
 2744              		.loc 1 734 8 discriminator 30 view .LVU902
 2745 01d6 1832     		adds	r2, r2, #24
 2746 01d8 9342     		cmp	r3, r2
 2747 01da 17D0     		beq	.L139
 734:../../Drivers/STM32H7xx_HAL_Driver/Src/stm32h7xx_hal_dma.c ****     {
 2748              		.loc 1 734 8 discriminator 32 view .LVU903
 2749 01dc 354A     		ldr	r2, .L151+4
 2750 01de 9342     		cmp	r3, r2
 2751 01e0 14D0     		beq	.L139
 734:../../Drivers/STM32H7xx_HAL_Driver/Src/stm32h7xx_hal_dma.c ****     {
 2752              		.loc 1 734 8 discriminator 34 view .LVU904
 2753 01e2 1432     		adds	r2, r2, #20
 2754 01e4 9342     		cmp	r3, r2
 2755 01e6 11D0     		beq	.L139
 734:../../Drivers/STM32H7xx_HAL_Driver/Src/stm32h7xx_hal_dma.c ****     {
 2756              		.loc 1 734 8 discriminator 36 view .LVU905
 2757 01e8 1432     		adds	r2, r2, #20
 2758 01ea 9342     		cmp	r3, r2
 2759 01ec 0ED0     		beq	.L139
 734:../../Drivers/STM32H7xx_HAL_Driver/Src/stm32h7xx_hal_dma.c ****     {
 2760              		.loc 1 734 8 discriminator 38 view .LVU906
 2761 01ee 1432     		adds	r2, r2, #20
 2762 01f0 9342     		cmp	r3, r2
 2763 01f2 0BD0     		beq	.L139
 734:../../Drivers/STM32H7xx_HAL_Driver/Src/stm32h7xx_hal_dma.c ****     {
 2764              		.loc 1 734 8 discriminator 40 view .LVU907
 2765 01f4 1432     		adds	r2, r2, #20
 2766 01f6 9342     		cmp	r3, r2
 2767 01f8 08D0     		beq	.L139
 734:../../Drivers/STM32H7xx_HAL_Driver/Src/stm32h7xx_hal_dma.c ****     {
 2768              		.loc 1 734 8 discriminator 42 view .LVU908
 2769 01fa 1432     		adds	r2, r2, #20
 2770 01fc 9342     		cmp	r3, r2
 2771 01fe 05D0     		beq	.L139
 734:../../Drivers/STM32H7xx_HAL_Driver/Src/stm32h7xx_hal_dma.c ****     {
 2772              		.loc 1 734 8 discriminator 44 view .LVU909
 2773 0200 1432     		adds	r2, r2, #20
 2774 0202 9342     		cmp	r3, r2
 2775 0204 02D0     		beq	.L139
 734:../../Drivers/STM32H7xx_HAL_Driver/Src/stm32h7xx_hal_dma.c ****     {
 2776              		.loc 1 734 8 discriminator 46 view .LVU910
 2777 0206 1432     		adds	r2, r2, #20
 2778 0208 9342     		cmp	r3, r2
 2779 020a 0ED1     		bne	.L140
ARM GAS  /var/folders/2r/mdtt8xvd351gdc398t28_m2m0000gn/T//ccdEwLBV.s 			page 98


 2780              	.L139:
 737:../../Drivers/STM32H7xx_HAL_Driver/Src/stm32h7xx_hal_dma.c ****       {
 2781              		.loc 1 737 7 is_stmt 1 view .LVU911
 737:../../Drivers/STM32H7xx_HAL_Driver/Src/stm32h7xx_hal_dma.c ****       {
 2782              		.loc 1 737 15 is_stmt 0 view .LVU912
 2783 020c 236E     		ldr	r3, [r4, #96]
 737:../../Drivers/STM32H7xx_HAL_Driver/Src/stm32h7xx_hal_dma.c ****       {
 2784              		.loc 1 737 30 view .LVU913
 2785 020e 1A68     		ldr	r2, [r3]
 737:../../Drivers/STM32H7xx_HAL_Driver/Src/stm32h7xx_hal_dma.c ****       {
 2786              		.loc 1 737 9 view .LVU914
 2787 0210 12F4803F 		tst	r2, #65536
 2788 0214 03D0     		beq	.L141
 740:../../Drivers/STM32H7xx_HAL_Driver/Src/stm32h7xx_hal_dma.c ****       }
 2789              		.loc 1 740 9 is_stmt 1 view .LVU915
 740:../../Drivers/STM32H7xx_HAL_Driver/Src/stm32h7xx_hal_dma.c ****       }
 2790              		.loc 1 740 28 is_stmt 0 view .LVU916
 2791 0216 1A68     		ldr	r2, [r3]
 740:../../Drivers/STM32H7xx_HAL_Driver/Src/stm32h7xx_hal_dma.c ****       }
 2792              		.loc 1 740 34 view .LVU917
 2793 0218 42F48072 		orr	r2, r2, #256
 2794 021c 1A60     		str	r2, [r3]
 2795              	.L141:
 743:../../Drivers/STM32H7xx_HAL_Driver/Src/stm32h7xx_hal_dma.c ****       {
 2796              		.loc 1 743 7 is_stmt 1 view .LVU918
 743:../../Drivers/STM32H7xx_HAL_Driver/Src/stm32h7xx_hal_dma.c ****       {
 2797              		.loc 1 743 14 is_stmt 0 view .LVU919
 2798 021e E36E     		ldr	r3, [r4, #108]
 743:../../Drivers/STM32H7xx_HAL_Driver/Src/stm32h7xx_hal_dma.c ****       {
 2799              		.loc 1 743 9 view .LVU920
 2800 0220 1BB1     		cbz	r3, .L140
 747:../../Drivers/STM32H7xx_HAL_Driver/Src/stm32h7xx_hal_dma.c ****       }
 2801              		.loc 1 747 9 is_stmt 1 view .LVU921
 747:../../Drivers/STM32H7xx_HAL_Driver/Src/stm32h7xx_hal_dma.c ****       }
 2802              		.loc 1 747 31 is_stmt 0 view .LVU922
 2803 0222 1A68     		ldr	r2, [r3]
 747:../../Drivers/STM32H7xx_HAL_Driver/Src/stm32h7xx_hal_dma.c ****       }
 2804              		.loc 1 747 38 view .LVU923
 2805 0224 42F48072 		orr	r2, r2, #256
 2806 0228 1A60     		str	r2, [r3]
 2807              	.L140:
 752:../../Drivers/STM32H7xx_HAL_Driver/Src/stm32h7xx_hal_dma.c ****   }
 2808              		.loc 1 752 5 is_stmt 1 view .LVU924
 2809 022a 2368     		ldr	r3, [r4]
 2810 022c 204A     		ldr	r2, .L151
 2811 022e 9342     		cmp	r3, r2
 2812 0230 33D0     		beq	.L142
 752:../../Drivers/STM32H7xx_HAL_Driver/Src/stm32h7xx_hal_dma.c ****   }
 2813              		.loc 1 752 5 is_stmt 0 discriminator 2 view .LVU925
 2814 0232 1832     		adds	r2, r2, #24
 2815 0234 9342     		cmp	r3, r2
 2816 0236 30D0     		beq	.L142
 752:../../Drivers/STM32H7xx_HAL_Driver/Src/stm32h7xx_hal_dma.c ****   }
 2817              		.loc 1 752 5 discriminator 4 view .LVU926
 2818 0238 1832     		adds	r2, r2, #24
 2819 023a 9342     		cmp	r3, r2
 2820 023c 2DD0     		beq	.L142
ARM GAS  /var/folders/2r/mdtt8xvd351gdc398t28_m2m0000gn/T//ccdEwLBV.s 			page 99


 752:../../Drivers/STM32H7xx_HAL_Driver/Src/stm32h7xx_hal_dma.c ****   }
 2821              		.loc 1 752 5 discriminator 6 view .LVU927
 2822 023e 1832     		adds	r2, r2, #24
 2823 0240 9342     		cmp	r3, r2
 2824 0242 2AD0     		beq	.L142
 752:../../Drivers/STM32H7xx_HAL_Driver/Src/stm32h7xx_hal_dma.c ****   }
 2825              		.loc 1 752 5 discriminator 8 view .LVU928
 2826 0244 1832     		adds	r2, r2, #24
 2827 0246 9342     		cmp	r3, r2
 2828 0248 27D0     		beq	.L142
 752:../../Drivers/STM32H7xx_HAL_Driver/Src/stm32h7xx_hal_dma.c ****   }
 2829              		.loc 1 752 5 discriminator 10 view .LVU929
 2830 024a 1832     		adds	r2, r2, #24
 2831 024c 9342     		cmp	r3, r2
 2832 024e 24D0     		beq	.L142
 752:../../Drivers/STM32H7xx_HAL_Driver/Src/stm32h7xx_hal_dma.c ****   }
 2833              		.loc 1 752 5 discriminator 12 view .LVU930
 2834 0250 1832     		adds	r2, r2, #24
 2835 0252 9342     		cmp	r3, r2
 2836 0254 21D0     		beq	.L142
 752:../../Drivers/STM32H7xx_HAL_Driver/Src/stm32h7xx_hal_dma.c ****   }
 2837              		.loc 1 752 5 discriminator 14 view .LVU931
 2838 0256 1832     		adds	r2, r2, #24
 2839 0258 9342     		cmp	r3, r2
 2840 025a 1ED0     		beq	.L142
 752:../../Drivers/STM32H7xx_HAL_Driver/Src/stm32h7xx_hal_dma.c ****   }
 2841              		.loc 1 752 5 discriminator 16 view .LVU932
 2842 025c 02F55672 		add	r2, r2, #856
 2843 0260 9342     		cmp	r3, r2
 2844 0262 1AD0     		beq	.L142
 752:../../Drivers/STM32H7xx_HAL_Driver/Src/stm32h7xx_hal_dma.c ****   }
 2845              		.loc 1 752 5 discriminator 18 view .LVU933
 2846 0264 1832     		adds	r2, r2, #24
 2847 0266 9342     		cmp	r3, r2
 2848 0268 17D0     		beq	.L142
 752:../../Drivers/STM32H7xx_HAL_Driver/Src/stm32h7xx_hal_dma.c ****   }
 2849              		.loc 1 752 5 discriminator 20 view .LVU934
 2850 026a 1832     		adds	r2, r2, #24
 2851 026c 9342     		cmp	r3, r2
 2852 026e 14D0     		beq	.L142
 752:../../Drivers/STM32H7xx_HAL_Driver/Src/stm32h7xx_hal_dma.c ****   }
 2853              		.loc 1 752 5 discriminator 22 view .LVU935
 2854 0270 1832     		adds	r2, r2, #24
 2855 0272 9342     		cmp	r3, r2
 2856 0274 11D0     		beq	.L142
 752:../../Drivers/STM32H7xx_HAL_Driver/Src/stm32h7xx_hal_dma.c ****   }
 2857              		.loc 1 752 5 discriminator 24 view .LVU936
 2858 0276 1832     		adds	r2, r2, #24
 2859 0278 9342     		cmp	r3, r2
 2860 027a 0ED0     		beq	.L142
 752:../../Drivers/STM32H7xx_HAL_Driver/Src/stm32h7xx_hal_dma.c ****   }
 2861              		.loc 1 752 5 discriminator 26 view .LVU937
 2862 027c 1832     		adds	r2, r2, #24
 2863 027e 9342     		cmp	r3, r2
 2864 0280 0BD0     		beq	.L142
 752:../../Drivers/STM32H7xx_HAL_Driver/Src/stm32h7xx_hal_dma.c ****   }
 2865              		.loc 1 752 5 discriminator 28 view .LVU938
ARM GAS  /var/folders/2r/mdtt8xvd351gdc398t28_m2m0000gn/T//ccdEwLBV.s 			page 100


 2866 0282 1832     		adds	r2, r2, #24
 2867 0284 9342     		cmp	r3, r2
 2868 0286 08D0     		beq	.L142
 752:../../Drivers/STM32H7xx_HAL_Driver/Src/stm32h7xx_hal_dma.c ****   }
 2869              		.loc 1 752 5 discriminator 30 view .LVU939
 2870 0288 1832     		adds	r2, r2, #24
 2871 028a 9342     		cmp	r3, r2
 2872 028c 05D0     		beq	.L142
 752:../../Drivers/STM32H7xx_HAL_Driver/Src/stm32h7xx_hal_dma.c ****   }
 2873              		.loc 1 752 5 discriminator 32 view .LVU940
 2874 028e 1A68     		ldr	r2, [r3]
 2875 0290 42F00102 		orr	r2, r2, #1
 2876 0294 1A60     		str	r2, [r3]
 683:../../Drivers/STM32H7xx_HAL_Driver/Src/stm32h7xx_hal_dma.c **** 
 2877              		.loc 1 683 21 view .LVU941
 2878 0296 0020     		movs	r0, #0
 2879 0298 CAE6     		b	.L131
 2880              	.L142:
 752:../../Drivers/STM32H7xx_HAL_Driver/Src/stm32h7xx_hal_dma.c ****   }
 2881              		.loc 1 752 5 discriminator 31 view .LVU942
 2882 029a 1A68     		ldr	r2, [r3]
 2883 029c 42F00102 		orr	r2, r2, #1
 2884 02a0 1A60     		str	r2, [r3]
 683:../../Drivers/STM32H7xx_HAL_Driver/Src/stm32h7xx_hal_dma.c **** 
 2885              		.loc 1 683 21 view .LVU943
 2886 02a2 0020     		movs	r0, #0
 752:../../Drivers/STM32H7xx_HAL_Driver/Src/stm32h7xx_hal_dma.c ****   }
 2887              		.loc 1 752 5 view .LVU944
 2888 02a4 C4E6     		b	.L131
 2889              	.LVL130:
 2890              	.L144:
 2891              	.LCFI8:
 2892              		.cfi_def_cfa_offset 0
 2893              		.cfi_restore 4
 2894              		.cfi_restore 14
 691:../../Drivers/STM32H7xx_HAL_Driver/Src/stm32h7xx_hal_dma.c ****   }
 2895              		.loc 1 691 12 view .LVU945
 2896 02a6 0120     		movs	r0, #1
 2897              	.LVL131:
 767:../../Drivers/STM32H7xx_HAL_Driver/Src/stm32h7xx_hal_dma.c **** 
 2898              		.loc 1 767 1 view .LVU946
 2899 02a8 7047     		bx	lr
 2900              	.LVL132:
 2901              	.L145:
 2902              	.LCFI9:
 2903              		.cfi_def_cfa_offset 8
 2904              		.cfi_offset 4, -8
 2905              		.cfi_offset 14, -4
 695:../../Drivers/STM32H7xx_HAL_Driver/Src/stm32h7xx_hal_dma.c **** 
 2906              		.loc 1 695 3 discriminator 1 view .LVU947
 2907 02aa 0220     		movs	r0, #2
 2908 02ac C0E6     		b	.L131
 2909              	.L152:
 2910 02ae 00BF     		.align	2
 2911              	.L151:
 2912 02b0 10000240 		.word	1073872912
 2913 02b4 08540258 		.word	1476547592
ARM GAS  /var/folders/2r/mdtt8xvd351gdc398t28_m2m0000gn/T//ccdEwLBV.s 			page 101


 2914              		.cfi_endproc
 2915              	.LFE135:
 2917              		.section	.text.HAL_DMA_Abort,"ax",%progbits
 2918              		.align	1
 2919              		.global	HAL_DMA_Abort
 2920              		.syntax unified
 2921              		.thumb
 2922              		.thumb_func
 2924              	HAL_DMA_Abort:
 2925              	.LVL133:
 2926              	.LFB136:
 782:../../Drivers/STM32H7xx_HAL_Driver/Src/stm32h7xx_hal_dma.c ****   /* calculate DMA base and stream number */
 2927              		.loc 1 782 1 is_stmt 1 view -0
 2928              		.cfi_startproc
 2929              		@ args = 0, pretend = 0, frame = 0
 2930              		@ frame_needed = 0, uses_anonymous_args = 0
 782:../../Drivers/STM32H7xx_HAL_Driver/Src/stm32h7xx_hal_dma.c ****   /* calculate DMA base and stream number */
 2931              		.loc 1 782 1 is_stmt 0 view .LVU949
 2932 0000 70B5     		push	{r4, r5, r6, lr}
 2933              	.LCFI10:
 2934              		.cfi_def_cfa_offset 16
 2935              		.cfi_offset 4, -16
 2936              		.cfi_offset 5, -12
 2937              		.cfi_offset 6, -8
 2938              		.cfi_offset 14, -4
 2939 0002 0446     		mov	r4, r0
 784:../../Drivers/STM32H7xx_HAL_Driver/Src/stm32h7xx_hal_dma.c ****   BDMA_Base_Registers *regs_bdma;
 2940              		.loc 1 784 3 is_stmt 1 view .LVU950
 785:../../Drivers/STM32H7xx_HAL_Driver/Src/stm32h7xx_hal_dma.c ****   const __IO uint32_t *enableRegister;
 2941              		.loc 1 785 3 view .LVU951
 786:../../Drivers/STM32H7xx_HAL_Driver/Src/stm32h7xx_hal_dma.c **** 
 2942              		.loc 1 786 3 view .LVU952
 788:../../Drivers/STM32H7xx_HAL_Driver/Src/stm32h7xx_hal_dma.c **** 
 2943              		.loc 1 788 3 view .LVU953
 788:../../Drivers/STM32H7xx_HAL_Driver/Src/stm32h7xx_hal_dma.c **** 
 2944              		.loc 1 788 24 is_stmt 0 view .LVU954
 2945 0004 FFF7FEFF 		bl	HAL_GetTick
 2946              	.LVL134:
 791:../../Drivers/STM32H7xx_HAL_Driver/Src/stm32h7xx_hal_dma.c ****   {
 2947              		.loc 1 791 3 is_stmt 1 view .LVU955
 791:../../Drivers/STM32H7xx_HAL_Driver/Src/stm32h7xx_hal_dma.c ****   {
 2948              		.loc 1 791 5 is_stmt 0 view .LVU956
 2949 0008 002C     		cmp	r4, #0
 2950 000a 00F08D81 		beq	.L169
 2951 000e 0546     		mov	r5, r0
 797:../../Drivers/STM32H7xx_HAL_Driver/Src/stm32h7xx_hal_dma.c ****   {
 2952              		.loc 1 797 3 is_stmt 1 view .LVU957
 797:../../Drivers/STM32H7xx_HAL_Driver/Src/stm32h7xx_hal_dma.c ****   {
 2953              		.loc 1 797 10 is_stmt 0 view .LVU958
 2954 0010 94F83530 		ldrb	r3, [r4, #53]	@ zero_extendqisi2
 797:../../Drivers/STM32H7xx_HAL_Driver/Src/stm32h7xx_hal_dma.c ****   {
 2955              		.loc 1 797 5 view .LVU959
 2956 0014 022B     		cmp	r3, #2
 2957 0016 06D0     		beq	.L155
 799:../../Drivers/STM32H7xx_HAL_Driver/Src/stm32h7xx_hal_dma.c **** 
 2958              		.loc 1 799 5 is_stmt 1 view .LVU960
 799:../../Drivers/STM32H7xx_HAL_Driver/Src/stm32h7xx_hal_dma.c **** 
ARM GAS  /var/folders/2r/mdtt8xvd351gdc398t28_m2m0000gn/T//ccdEwLBV.s 			page 102


 2959              		.loc 1 799 21 is_stmt 0 view .LVU961
 2960 0018 8023     		movs	r3, #128
 2961 001a 6365     		str	r3, [r4, #84]
 802:../../Drivers/STM32H7xx_HAL_Driver/Src/stm32h7xx_hal_dma.c **** 
 2962              		.loc 1 802 5 is_stmt 1 view .LVU962
 802:../../Drivers/STM32H7xx_HAL_Driver/Src/stm32h7xx_hal_dma.c **** 
 2963              		.loc 1 802 5 view .LVU963
 2964 001c 0023     		movs	r3, #0
 2965 001e 84F83430 		strb	r3, [r4, #52]
 802:../../Drivers/STM32H7xx_HAL_Driver/Src/stm32h7xx_hal_dma.c **** 
 2966              		.loc 1 802 5 view .LVU964
 804:../../Drivers/STM32H7xx_HAL_Driver/Src/stm32h7xx_hal_dma.c ****   }
 2967              		.loc 1 804 5 view .LVU965
 804:../../Drivers/STM32H7xx_HAL_Driver/Src/stm32h7xx_hal_dma.c ****   }
 2968              		.loc 1 804 12 is_stmt 0 view .LVU966
 2969 0022 0120     		movs	r0, #1
 2970              	.LVL135:
 2971              	.L154:
 889:../../Drivers/STM32H7xx_HAL_Driver/Src/stm32h7xx_hal_dma.c **** 
 2972              		.loc 1 889 1 view .LVU967
 2973 0024 70BD     		pop	{r4, r5, r6, pc}
 2974              	.LVL136:
 2975              	.L155:
 809:../../Drivers/STM32H7xx_HAL_Driver/Src/stm32h7xx_hal_dma.c ****     {
 2976              		.loc 1 809 5 is_stmt 1 view .LVU968
 809:../../Drivers/STM32H7xx_HAL_Driver/Src/stm32h7xx_hal_dma.c ****     {
 2977              		.loc 1 809 8 is_stmt 0 view .LVU969
 2978 0026 2368     		ldr	r3, [r4]
 2979 0028 8B4A     		ldr	r2, .L172
 2980 002a 9342     		cmp	r3, r2
 2981 002c 33D0     		beq	.L156
 809:../../Drivers/STM32H7xx_HAL_Driver/Src/stm32h7xx_hal_dma.c ****     {
 2982              		.loc 1 809 8 discriminator 2 view .LVU970
 2983 002e 1832     		adds	r2, r2, #24
 2984 0030 9342     		cmp	r3, r2
 2985 0032 30D0     		beq	.L156
 809:../../Drivers/STM32H7xx_HAL_Driver/Src/stm32h7xx_hal_dma.c ****     {
 2986              		.loc 1 809 8 discriminator 4 view .LVU971
 2987 0034 1832     		adds	r2, r2, #24
 2988 0036 9342     		cmp	r3, r2
 2989 0038 2DD0     		beq	.L156
 809:../../Drivers/STM32H7xx_HAL_Driver/Src/stm32h7xx_hal_dma.c ****     {
 2990              		.loc 1 809 8 discriminator 6 view .LVU972
 2991 003a 1832     		adds	r2, r2, #24
 2992 003c 9342     		cmp	r3, r2
 2993 003e 2AD0     		beq	.L156
 809:../../Drivers/STM32H7xx_HAL_Driver/Src/stm32h7xx_hal_dma.c ****     {
 2994              		.loc 1 809 8 discriminator 8 view .LVU973
 2995 0040 1832     		adds	r2, r2, #24
 2996 0042 9342     		cmp	r3, r2
 2997 0044 27D0     		beq	.L156
 809:../../Drivers/STM32H7xx_HAL_Driver/Src/stm32h7xx_hal_dma.c ****     {
 2998              		.loc 1 809 8 discriminator 10 view .LVU974
 2999 0046 1832     		adds	r2, r2, #24
 3000 0048 9342     		cmp	r3, r2
 3001 004a 24D0     		beq	.L156
 809:../../Drivers/STM32H7xx_HAL_Driver/Src/stm32h7xx_hal_dma.c ****     {
ARM GAS  /var/folders/2r/mdtt8xvd351gdc398t28_m2m0000gn/T//ccdEwLBV.s 			page 103


 3002              		.loc 1 809 8 discriminator 12 view .LVU975
 3003 004c 1832     		adds	r2, r2, #24
 3004 004e 9342     		cmp	r3, r2
 3005 0050 21D0     		beq	.L156
 809:../../Drivers/STM32H7xx_HAL_Driver/Src/stm32h7xx_hal_dma.c ****     {
 3006              		.loc 1 809 8 discriminator 14 view .LVU976
 3007 0052 1832     		adds	r2, r2, #24
 3008 0054 9342     		cmp	r3, r2
 3009 0056 1ED0     		beq	.L156
 809:../../Drivers/STM32H7xx_HAL_Driver/Src/stm32h7xx_hal_dma.c ****     {
 3010              		.loc 1 809 8 discriminator 16 view .LVU977
 3011 0058 02F55672 		add	r2, r2, #856
 3012 005c 9342     		cmp	r3, r2
 3013 005e 1AD0     		beq	.L156
 809:../../Drivers/STM32H7xx_HAL_Driver/Src/stm32h7xx_hal_dma.c ****     {
 3014              		.loc 1 809 8 discriminator 18 view .LVU978
 3015 0060 1832     		adds	r2, r2, #24
 3016 0062 9342     		cmp	r3, r2
 3017 0064 17D0     		beq	.L156
 809:../../Drivers/STM32H7xx_HAL_Driver/Src/stm32h7xx_hal_dma.c ****     {
 3018              		.loc 1 809 8 discriminator 20 view .LVU979
 3019 0066 1832     		adds	r2, r2, #24
 3020 0068 9342     		cmp	r3, r2
 3021 006a 14D0     		beq	.L156
 809:../../Drivers/STM32H7xx_HAL_Driver/Src/stm32h7xx_hal_dma.c ****     {
 3022              		.loc 1 809 8 discriminator 22 view .LVU980
 3023 006c 1832     		adds	r2, r2, #24
 3024 006e 9342     		cmp	r3, r2
 3025 0070 11D0     		beq	.L156
 809:../../Drivers/STM32H7xx_HAL_Driver/Src/stm32h7xx_hal_dma.c ****     {
 3026              		.loc 1 809 8 discriminator 24 view .LVU981
 3027 0072 1832     		adds	r2, r2, #24
 3028 0074 9342     		cmp	r3, r2
 3029 0076 0ED0     		beq	.L156
 809:../../Drivers/STM32H7xx_HAL_Driver/Src/stm32h7xx_hal_dma.c ****     {
 3030              		.loc 1 809 8 discriminator 26 view .LVU982
 3031 0078 1832     		adds	r2, r2, #24
 3032 007a 9342     		cmp	r3, r2
 3033 007c 0BD0     		beq	.L156
 809:../../Drivers/STM32H7xx_HAL_Driver/Src/stm32h7xx_hal_dma.c ****     {
 3034              		.loc 1 809 8 discriminator 28 view .LVU983
 3035 007e 1832     		adds	r2, r2, #24
 3036 0080 9342     		cmp	r3, r2
 3037 0082 08D0     		beq	.L156
 809:../../Drivers/STM32H7xx_HAL_Driver/Src/stm32h7xx_hal_dma.c ****     {
 3038              		.loc 1 809 8 discriminator 30 view .LVU984
 3039 0084 1832     		adds	r2, r2, #24
 3040 0086 9342     		cmp	r3, r2
 3041 0088 05D0     		beq	.L156
 820:../../Drivers/STM32H7xx_HAL_Driver/Src/stm32h7xx_hal_dma.c **** 
 3042              		.loc 1 820 7 is_stmt 1 view .LVU985
 820:../../Drivers/STM32H7xx_HAL_Driver/Src/stm32h7xx_hal_dma.c **** 
 3043              		.loc 1 820 49 is_stmt 0 view .LVU986
 3044 008a 1A68     		ldr	r2, [r3]
 820:../../Drivers/STM32H7xx_HAL_Driver/Src/stm32h7xx_hal_dma.c **** 
 3045              		.loc 1 820 56 view .LVU987
 3046 008c 22F00E02 		bic	r2, r2, #14
ARM GAS  /var/folders/2r/mdtt8xvd351gdc398t28_m2m0000gn/T//ccdEwLBV.s 			page 104


 3047 0090 1A60     		str	r2, [r3]
 822:../../Drivers/STM32H7xx_HAL_Driver/Src/stm32h7xx_hal_dma.c ****     }
 3048              		.loc 1 822 7 is_stmt 1 view .LVU988
 822:../../Drivers/STM32H7xx_HAL_Driver/Src/stm32h7xx_hal_dma.c ****     }
 3049              		.loc 1 822 75 is_stmt 0 view .LVU989
 3050 0092 2668     		ldr	r6, [r4]
 3051              	.LVL137:
 822:../../Drivers/STM32H7xx_HAL_Driver/Src/stm32h7xx_hal_dma.c ****     }
 3052              		.loc 1 822 75 view .LVU990
 3053 0094 09E0     		b	.L157
 3054              	.LVL138:
 3055              	.L156:
 812:../../Drivers/STM32H7xx_HAL_Driver/Src/stm32h7xx_hal_dma.c ****       ((DMA_Stream_TypeDef   *)hdma->Instance)->FCR &= ~(DMA_IT_FE);
 3056              		.loc 1 812 7 is_stmt 1 view .LVU991
 812:../../Drivers/STM32H7xx_HAL_Driver/Src/stm32h7xx_hal_dma.c ****       ((DMA_Stream_TypeDef   *)hdma->Instance)->FCR &= ~(DMA_IT_FE);
 3057              		.loc 1 812 47 is_stmt 0 view .LVU992
 3058 0096 1A68     		ldr	r2, [r3]
 812:../../Drivers/STM32H7xx_HAL_Driver/Src/stm32h7xx_hal_dma.c ****       ((DMA_Stream_TypeDef   *)hdma->Instance)->FCR &= ~(DMA_IT_FE);
 3059              		.loc 1 812 53 view .LVU993
 3060 0098 22F01E02 		bic	r2, r2, #30
 3061 009c 1A60     		str	r2, [r3]
 813:../../Drivers/STM32H7xx_HAL_Driver/Src/stm32h7xx_hal_dma.c **** 
 3062              		.loc 1 813 7 is_stmt 1 view .LVU994
 813:../../Drivers/STM32H7xx_HAL_Driver/Src/stm32h7xx_hal_dma.c **** 
 3063              		.loc 1 813 36 is_stmt 0 view .LVU995
 3064 009e 2268     		ldr	r2, [r4]
 813:../../Drivers/STM32H7xx_HAL_Driver/Src/stm32h7xx_hal_dma.c **** 
 3065              		.loc 1 813 47 view .LVU996
 3066 00a0 5369     		ldr	r3, [r2, #20]
 813:../../Drivers/STM32H7xx_HAL_Driver/Src/stm32h7xx_hal_dma.c **** 
 3067              		.loc 1 813 53 view .LVU997
 3068 00a2 23F08003 		bic	r3, r3, #128
 3069 00a6 5361     		str	r3, [r2, #20]
 815:../../Drivers/STM32H7xx_HAL_Driver/Src/stm32h7xx_hal_dma.c ****     }
 3070              		.loc 1 815 7 is_stmt 1 view .LVU998
 815:../../Drivers/STM32H7xx_HAL_Driver/Src/stm32h7xx_hal_dma.c ****     }
 3071              		.loc 1 815 73 is_stmt 0 view .LVU999
 3072 00a8 2668     		ldr	r6, [r4]
 3073              	.L157:
 3074              	.LVL139:
 825:../../Drivers/STM32H7xx_HAL_Driver/Src/stm32h7xx_hal_dma.c ****     {
 3075              		.loc 1 825 5 is_stmt 1 view .LVU1000
 825:../../Drivers/STM32H7xx_HAL_Driver/Src/stm32h7xx_hal_dma.c ****     {
 3076              		.loc 1 825 8 is_stmt 0 view .LVU1001
 3077 00aa 2368     		ldr	r3, [r4]
 3078 00ac 6A4A     		ldr	r2, .L172
 3079 00ae 9342     		cmp	r3, r2
 3080 00b0 45D0     		beq	.L158
 825:../../Drivers/STM32H7xx_HAL_Driver/Src/stm32h7xx_hal_dma.c ****     {
 3081              		.loc 1 825 8 discriminator 2 view .LVU1002
 3082 00b2 1832     		adds	r2, r2, #24
 3083 00b4 9342     		cmp	r3, r2
 3084 00b6 42D0     		beq	.L158
 825:../../Drivers/STM32H7xx_HAL_Driver/Src/stm32h7xx_hal_dma.c ****     {
 3085              		.loc 1 825 8 discriminator 4 view .LVU1003
 3086 00b8 1832     		adds	r2, r2, #24
 3087 00ba 9342     		cmp	r3, r2
ARM GAS  /var/folders/2r/mdtt8xvd351gdc398t28_m2m0000gn/T//ccdEwLBV.s 			page 105


 3088 00bc 3FD0     		beq	.L158
 825:../../Drivers/STM32H7xx_HAL_Driver/Src/stm32h7xx_hal_dma.c ****     {
 3089              		.loc 1 825 8 discriminator 6 view .LVU1004
 3090 00be 1832     		adds	r2, r2, #24
 3091 00c0 9342     		cmp	r3, r2
 3092 00c2 3CD0     		beq	.L158
 825:../../Drivers/STM32H7xx_HAL_Driver/Src/stm32h7xx_hal_dma.c ****     {
 3093              		.loc 1 825 8 discriminator 8 view .LVU1005
 3094 00c4 1832     		adds	r2, r2, #24
 3095 00c6 9342     		cmp	r3, r2
 3096 00c8 39D0     		beq	.L158
 825:../../Drivers/STM32H7xx_HAL_Driver/Src/stm32h7xx_hal_dma.c ****     {
 3097              		.loc 1 825 8 discriminator 10 view .LVU1006
 3098 00ca 1832     		adds	r2, r2, #24
 3099 00cc 9342     		cmp	r3, r2
 3100 00ce 36D0     		beq	.L158
 825:../../Drivers/STM32H7xx_HAL_Driver/Src/stm32h7xx_hal_dma.c ****     {
 3101              		.loc 1 825 8 discriminator 12 view .LVU1007
 3102 00d0 1832     		adds	r2, r2, #24
 3103 00d2 9342     		cmp	r3, r2
 3104 00d4 33D0     		beq	.L158
 825:../../Drivers/STM32H7xx_HAL_Driver/Src/stm32h7xx_hal_dma.c ****     {
 3105              		.loc 1 825 8 discriminator 14 view .LVU1008
 3106 00d6 1832     		adds	r2, r2, #24
 3107 00d8 9342     		cmp	r3, r2
 3108 00da 30D0     		beq	.L158
 825:../../Drivers/STM32H7xx_HAL_Driver/Src/stm32h7xx_hal_dma.c ****     {
 3109              		.loc 1 825 8 discriminator 16 view .LVU1009
 3110 00dc 02F55672 		add	r2, r2, #856
 3111 00e0 9342     		cmp	r3, r2
 3112 00e2 2CD0     		beq	.L158
 825:../../Drivers/STM32H7xx_HAL_Driver/Src/stm32h7xx_hal_dma.c ****     {
 3113              		.loc 1 825 8 discriminator 18 view .LVU1010
 3114 00e4 1832     		adds	r2, r2, #24
 3115 00e6 9342     		cmp	r3, r2
 3116 00e8 29D0     		beq	.L158
 825:../../Drivers/STM32H7xx_HAL_Driver/Src/stm32h7xx_hal_dma.c ****     {
 3117              		.loc 1 825 8 discriminator 20 view .LVU1011
 3118 00ea 1832     		adds	r2, r2, #24
 3119 00ec 9342     		cmp	r3, r2
 3120 00ee 26D0     		beq	.L158
 825:../../Drivers/STM32H7xx_HAL_Driver/Src/stm32h7xx_hal_dma.c ****     {
 3121              		.loc 1 825 8 discriminator 22 view .LVU1012
 3122 00f0 1832     		adds	r2, r2, #24
 3123 00f2 9342     		cmp	r3, r2
 3124 00f4 23D0     		beq	.L158
 825:../../Drivers/STM32H7xx_HAL_Driver/Src/stm32h7xx_hal_dma.c ****     {
 3125              		.loc 1 825 8 discriminator 24 view .LVU1013
 3126 00f6 1832     		adds	r2, r2, #24
 3127 00f8 9342     		cmp	r3, r2
 3128 00fa 20D0     		beq	.L158
 825:../../Drivers/STM32H7xx_HAL_Driver/Src/stm32h7xx_hal_dma.c ****     {
 3129              		.loc 1 825 8 discriminator 26 view .LVU1014
 3130 00fc 1832     		adds	r2, r2, #24
 3131 00fe 9342     		cmp	r3, r2
 3132 0100 1DD0     		beq	.L158
 825:../../Drivers/STM32H7xx_HAL_Driver/Src/stm32h7xx_hal_dma.c ****     {
ARM GAS  /var/folders/2r/mdtt8xvd351gdc398t28_m2m0000gn/T//ccdEwLBV.s 			page 106


 3133              		.loc 1 825 8 discriminator 28 view .LVU1015
 3134 0102 1832     		adds	r2, r2, #24
 3135 0104 9342     		cmp	r3, r2
 3136 0106 1AD0     		beq	.L158
 825:../../Drivers/STM32H7xx_HAL_Driver/Src/stm32h7xx_hal_dma.c ****     {
 3137              		.loc 1 825 8 discriminator 30 view .LVU1016
 3138 0108 1832     		adds	r2, r2, #24
 3139 010a 9342     		cmp	r3, r2
 3140 010c 17D0     		beq	.L158
 825:../../Drivers/STM32H7xx_HAL_Driver/Src/stm32h7xx_hal_dma.c ****     {
 3141              		.loc 1 825 8 discriminator 32 view .LVU1017
 3142 010e 534A     		ldr	r2, .L172+4
 3143 0110 9342     		cmp	r3, r2
 3144 0112 14D0     		beq	.L158
 825:../../Drivers/STM32H7xx_HAL_Driver/Src/stm32h7xx_hal_dma.c ****     {
 3145              		.loc 1 825 8 discriminator 34 view .LVU1018
 3146 0114 1432     		adds	r2, r2, #20
 3147 0116 9342     		cmp	r3, r2
 3148 0118 11D0     		beq	.L158
 825:../../Drivers/STM32H7xx_HAL_Driver/Src/stm32h7xx_hal_dma.c ****     {
 3149              		.loc 1 825 8 discriminator 36 view .LVU1019
 3150 011a 1432     		adds	r2, r2, #20
 3151 011c 9342     		cmp	r3, r2
 3152 011e 0ED0     		beq	.L158
 825:../../Drivers/STM32H7xx_HAL_Driver/Src/stm32h7xx_hal_dma.c ****     {
 3153              		.loc 1 825 8 discriminator 38 view .LVU1020
 3154 0120 1432     		adds	r2, r2, #20
 3155 0122 9342     		cmp	r3, r2
 3156 0124 0BD0     		beq	.L158
 825:../../Drivers/STM32H7xx_HAL_Driver/Src/stm32h7xx_hal_dma.c ****     {
 3157              		.loc 1 825 8 discriminator 40 view .LVU1021
 3158 0126 1432     		adds	r2, r2, #20
 3159 0128 9342     		cmp	r3, r2
 3160 012a 08D0     		beq	.L158
 825:../../Drivers/STM32H7xx_HAL_Driver/Src/stm32h7xx_hal_dma.c ****     {
 3161              		.loc 1 825 8 discriminator 42 view .LVU1022
 3162 012c 1432     		adds	r2, r2, #20
 3163 012e 9342     		cmp	r3, r2
 3164 0130 05D0     		beq	.L158
 825:../../Drivers/STM32H7xx_HAL_Driver/Src/stm32h7xx_hal_dma.c ****     {
 3165              		.loc 1 825 8 discriminator 44 view .LVU1023
 3166 0132 1432     		adds	r2, r2, #20
 3167 0134 9342     		cmp	r3, r2
 3168 0136 02D0     		beq	.L158
 825:../../Drivers/STM32H7xx_HAL_Driver/Src/stm32h7xx_hal_dma.c ****     {
 3169              		.loc 1 825 8 discriminator 46 view .LVU1024
 3170 0138 1432     		adds	r2, r2, #20
 3171 013a 9342     		cmp	r3, r2
 3172 013c 04D1     		bne	.L159
 3173              	.L158:
 828:../../Drivers/STM32H7xx_HAL_Driver/Src/stm32h7xx_hal_dma.c ****     }
 3174              		.loc 1 828 7 is_stmt 1 view .LVU1025
 828:../../Drivers/STM32H7xx_HAL_Driver/Src/stm32h7xx_hal_dma.c ****     }
 3175              		.loc 1 828 11 is_stmt 0 view .LVU1026
 3176 013e 226E     		ldr	r2, [r4, #96]
 828:../../Drivers/STM32H7xx_HAL_Driver/Src/stm32h7xx_hal_dma.c ****     }
 3177              		.loc 1 828 26 view .LVU1027
ARM GAS  /var/folders/2r/mdtt8xvd351gdc398t28_m2m0000gn/T//ccdEwLBV.s 			page 107


 3178 0140 1368     		ldr	r3, [r2]
 828:../../Drivers/STM32H7xx_HAL_Driver/Src/stm32h7xx_hal_dma.c ****     }
 3179              		.loc 1 828 32 view .LVU1028
 3180 0142 23F48073 		bic	r3, r3, #256
 3181 0146 1360     		str	r3, [r2]
 3182              	.L159:
 832:../../Drivers/STM32H7xx_HAL_Driver/Src/stm32h7xx_hal_dma.c **** 
 3183              		.loc 1 832 5 is_stmt 1 view .LVU1029
 3184 0148 2368     		ldr	r3, [r4]
 3185 014a 434A     		ldr	r2, .L172
 3186 014c 9342     		cmp	r3, r2
 3187 014e 32D0     		beq	.L160
 832:../../Drivers/STM32H7xx_HAL_Driver/Src/stm32h7xx_hal_dma.c **** 
 3188              		.loc 1 832 5 is_stmt 0 discriminator 2 view .LVU1030
 3189 0150 1832     		adds	r2, r2, #24
 3190 0152 9342     		cmp	r3, r2
 3191 0154 2FD0     		beq	.L160
 832:../../Drivers/STM32H7xx_HAL_Driver/Src/stm32h7xx_hal_dma.c **** 
 3192              		.loc 1 832 5 discriminator 4 view .LVU1031
 3193 0156 1832     		adds	r2, r2, #24
 3194 0158 9342     		cmp	r3, r2
 3195 015a 2CD0     		beq	.L160
 832:../../Drivers/STM32H7xx_HAL_Driver/Src/stm32h7xx_hal_dma.c **** 
 3196              		.loc 1 832 5 discriminator 6 view .LVU1032
 3197 015c 1832     		adds	r2, r2, #24
 3198 015e 9342     		cmp	r3, r2
 3199 0160 29D0     		beq	.L160
 832:../../Drivers/STM32H7xx_HAL_Driver/Src/stm32h7xx_hal_dma.c **** 
 3200              		.loc 1 832 5 discriminator 8 view .LVU1033
 3201 0162 1832     		adds	r2, r2, #24
 3202 0164 9342     		cmp	r3, r2
 3203 0166 26D0     		beq	.L160
 832:../../Drivers/STM32H7xx_HAL_Driver/Src/stm32h7xx_hal_dma.c **** 
 3204              		.loc 1 832 5 discriminator 10 view .LVU1034
 3205 0168 1832     		adds	r2, r2, #24
 3206 016a 9342     		cmp	r3, r2
 3207 016c 23D0     		beq	.L160
 832:../../Drivers/STM32H7xx_HAL_Driver/Src/stm32h7xx_hal_dma.c **** 
 3208              		.loc 1 832 5 discriminator 12 view .LVU1035
 3209 016e 1832     		adds	r2, r2, #24
 3210 0170 9342     		cmp	r3, r2
 3211 0172 20D0     		beq	.L160
 832:../../Drivers/STM32H7xx_HAL_Driver/Src/stm32h7xx_hal_dma.c **** 
 3212              		.loc 1 832 5 discriminator 14 view .LVU1036
 3213 0174 1832     		adds	r2, r2, #24
 3214 0176 9342     		cmp	r3, r2
 3215 0178 1DD0     		beq	.L160
 832:../../Drivers/STM32H7xx_HAL_Driver/Src/stm32h7xx_hal_dma.c **** 
 3216              		.loc 1 832 5 discriminator 16 view .LVU1037
 3217 017a 02F55672 		add	r2, r2, #856
 3218 017e 9342     		cmp	r3, r2
 3219 0180 19D0     		beq	.L160
 832:../../Drivers/STM32H7xx_HAL_Driver/Src/stm32h7xx_hal_dma.c **** 
 3220              		.loc 1 832 5 discriminator 18 view .LVU1038
 3221 0182 1832     		adds	r2, r2, #24
 3222 0184 9342     		cmp	r3, r2
 3223 0186 16D0     		beq	.L160
ARM GAS  /var/folders/2r/mdtt8xvd351gdc398t28_m2m0000gn/T//ccdEwLBV.s 			page 108


 832:../../Drivers/STM32H7xx_HAL_Driver/Src/stm32h7xx_hal_dma.c **** 
 3224              		.loc 1 832 5 discriminator 20 view .LVU1039
 3225 0188 1832     		adds	r2, r2, #24
 3226 018a 9342     		cmp	r3, r2
 3227 018c 13D0     		beq	.L160
 832:../../Drivers/STM32H7xx_HAL_Driver/Src/stm32h7xx_hal_dma.c **** 
 3228              		.loc 1 832 5 discriminator 22 view .LVU1040
 3229 018e 1832     		adds	r2, r2, #24
 3230 0190 9342     		cmp	r3, r2
 3231 0192 10D0     		beq	.L160
 832:../../Drivers/STM32H7xx_HAL_Driver/Src/stm32h7xx_hal_dma.c **** 
 3232              		.loc 1 832 5 discriminator 24 view .LVU1041
 3233 0194 1832     		adds	r2, r2, #24
 3234 0196 9342     		cmp	r3, r2
 3235 0198 0DD0     		beq	.L160
 832:../../Drivers/STM32H7xx_HAL_Driver/Src/stm32h7xx_hal_dma.c **** 
 3236              		.loc 1 832 5 discriminator 26 view .LVU1042
 3237 019a 1832     		adds	r2, r2, #24
 3238 019c 9342     		cmp	r3, r2
 3239 019e 0AD0     		beq	.L160
 832:../../Drivers/STM32H7xx_HAL_Driver/Src/stm32h7xx_hal_dma.c **** 
 3240              		.loc 1 832 5 discriminator 28 view .LVU1043
 3241 01a0 1832     		adds	r2, r2, #24
 3242 01a2 9342     		cmp	r3, r2
 3243 01a4 07D0     		beq	.L160
 832:../../Drivers/STM32H7xx_HAL_Driver/Src/stm32h7xx_hal_dma.c **** 
 3244              		.loc 1 832 5 discriminator 30 view .LVU1044
 3245 01a6 1832     		adds	r2, r2, #24
 3246 01a8 9342     		cmp	r3, r2
 3247 01aa 04D0     		beq	.L160
 832:../../Drivers/STM32H7xx_HAL_Driver/Src/stm32h7xx_hal_dma.c **** 
 3248              		.loc 1 832 5 discriminator 32 view .LVU1045
 3249 01ac 1A68     		ldr	r2, [r3]
 3250 01ae 22F00102 		bic	r2, r2, #1
 3251 01b2 1A60     		str	r2, [r3]
 3252 01b4 03E0     		b	.L163
 3253              	.L160:
 832:../../Drivers/STM32H7xx_HAL_Driver/Src/stm32h7xx_hal_dma.c **** 
 3254              		.loc 1 832 5 discriminator 31 view .LVU1046
 3255 01b6 1A68     		ldr	r2, [r3]
 3256 01b8 22F00102 		bic	r2, r2, #1
 3257 01bc 1A60     		str	r2, [r3]
 3258              	.LVL140:
 3259              	.L163:
 835:../../Drivers/STM32H7xx_HAL_Driver/Src/stm32h7xx_hal_dma.c ****     {
 3260              		.loc 1 835 45 is_stmt 1 view .LVU1047
 835:../../Drivers/STM32H7xx_HAL_Driver/Src/stm32h7xx_hal_dma.c ****     {
 3261              		.loc 1 835 13 is_stmt 0 view .LVU1048
 3262 01be 3368     		ldr	r3, [r6]
 835:../../Drivers/STM32H7xx_HAL_Driver/Src/stm32h7xx_hal_dma.c ****     {
 3263              		.loc 1 835 45 view .LVU1049
 3264 01c0 13F0010F 		tst	r3, #1
 3265 01c4 0ED0     		beq	.L171
 838:../../Drivers/STM32H7xx_HAL_Driver/Src/stm32h7xx_hal_dma.c ****       {
 3266              		.loc 1 838 7 is_stmt 1 view .LVU1050
 838:../../Drivers/STM32H7xx_HAL_Driver/Src/stm32h7xx_hal_dma.c ****       {
 3267              		.loc 1 838 11 is_stmt 0 view .LVU1051
ARM GAS  /var/folders/2r/mdtt8xvd351gdc398t28_m2m0000gn/T//ccdEwLBV.s 			page 109


 3268 01c6 FFF7FEFF 		bl	HAL_GetTick
 3269              	.LVL141:
 838:../../Drivers/STM32H7xx_HAL_Driver/Src/stm32h7xx_hal_dma.c ****       {
 3270              		.loc 1 838 25 discriminator 1 view .LVU1052
 3271 01ca 431B     		subs	r3, r0, r5
 838:../../Drivers/STM32H7xx_HAL_Driver/Src/stm32h7xx_hal_dma.c ****       {
 3272              		.loc 1 838 9 discriminator 1 view .LVU1053
 3273 01cc 052B     		cmp	r3, #5
 3274 01ce F6D9     		bls	.L163
 841:../../Drivers/STM32H7xx_HAL_Driver/Src/stm32h7xx_hal_dma.c **** 
 3275              		.loc 1 841 9 is_stmt 1 view .LVU1054
 841:../../Drivers/STM32H7xx_HAL_Driver/Src/stm32h7xx_hal_dma.c **** 
 3276              		.loc 1 841 25 is_stmt 0 view .LVU1055
 3277 01d0 2023     		movs	r3, #32
 3278 01d2 6365     		str	r3, [r4, #84]
 844:../../Drivers/STM32H7xx_HAL_Driver/Src/stm32h7xx_hal_dma.c **** 
 3279              		.loc 1 844 9 is_stmt 1 view .LVU1056
 844:../../Drivers/STM32H7xx_HAL_Driver/Src/stm32h7xx_hal_dma.c **** 
 3280              		.loc 1 844 21 is_stmt 0 view .LVU1057
 3281 01d4 0323     		movs	r3, #3
 3282 01d6 84F83530 		strb	r3, [r4, #53]
 847:../../Drivers/STM32H7xx_HAL_Driver/Src/stm32h7xx_hal_dma.c **** 
 3283              		.loc 1 847 9 is_stmt 1 view .LVU1058
 847:../../Drivers/STM32H7xx_HAL_Driver/Src/stm32h7xx_hal_dma.c **** 
 3284              		.loc 1 847 9 view .LVU1059
 3285 01da 0023     		movs	r3, #0
 3286 01dc 84F83430 		strb	r3, [r4, #52]
 847:../../Drivers/STM32H7xx_HAL_Driver/Src/stm32h7xx_hal_dma.c **** 
 3287              		.loc 1 847 9 view .LVU1060
 849:../../Drivers/STM32H7xx_HAL_Driver/Src/stm32h7xx_hal_dma.c ****       }
 3288              		.loc 1 849 9 view .LVU1061
 849:../../Drivers/STM32H7xx_HAL_Driver/Src/stm32h7xx_hal_dma.c ****       }
 3289              		.loc 1 849 16 is_stmt 0 view .LVU1062
 3290 01e0 0120     		movs	r0, #1
 3291 01e2 1FE7     		b	.L154
 3292              	.L171:
 854:../../Drivers/STM32H7xx_HAL_Driver/Src/stm32h7xx_hal_dma.c ****     {
 3293              		.loc 1 854 5 is_stmt 1 view .LVU1063
 854:../../Drivers/STM32H7xx_HAL_Driver/Src/stm32h7xx_hal_dma.c ****     {
 3294              		.loc 1 854 8 is_stmt 0 view .LVU1064
 3295 01e4 2368     		ldr	r3, [r4]
 3296 01e6 1C4A     		ldr	r2, .L172
 3297 01e8 9342     		cmp	r3, r2
 3298 01ea 39D0     		beq	.L165
 854:../../Drivers/STM32H7xx_HAL_Driver/Src/stm32h7xx_hal_dma.c ****     {
 3299              		.loc 1 854 8 discriminator 2 view .LVU1065
 3300 01ec 1832     		adds	r2, r2, #24
 3301 01ee 9342     		cmp	r3, r2
 3302 01f0 36D0     		beq	.L165
 854:../../Drivers/STM32H7xx_HAL_Driver/Src/stm32h7xx_hal_dma.c ****     {
 3303              		.loc 1 854 8 discriminator 4 view .LVU1066
 3304 01f2 1832     		adds	r2, r2, #24
 3305 01f4 9342     		cmp	r3, r2
 3306 01f6 33D0     		beq	.L165
 854:../../Drivers/STM32H7xx_HAL_Driver/Src/stm32h7xx_hal_dma.c ****     {
 3307              		.loc 1 854 8 discriminator 6 view .LVU1067
 3308 01f8 1832     		adds	r2, r2, #24
ARM GAS  /var/folders/2r/mdtt8xvd351gdc398t28_m2m0000gn/T//ccdEwLBV.s 			page 110


 3309 01fa 9342     		cmp	r3, r2
 3310 01fc 30D0     		beq	.L165
 854:../../Drivers/STM32H7xx_HAL_Driver/Src/stm32h7xx_hal_dma.c ****     {
 3311              		.loc 1 854 8 discriminator 8 view .LVU1068
 3312 01fe 1832     		adds	r2, r2, #24
 3313 0200 9342     		cmp	r3, r2
 3314 0202 2DD0     		beq	.L165
 854:../../Drivers/STM32H7xx_HAL_Driver/Src/stm32h7xx_hal_dma.c ****     {
 3315              		.loc 1 854 8 discriminator 10 view .LVU1069
 3316 0204 1832     		adds	r2, r2, #24
 3317 0206 9342     		cmp	r3, r2
 3318 0208 2AD0     		beq	.L165
 854:../../Drivers/STM32H7xx_HAL_Driver/Src/stm32h7xx_hal_dma.c ****     {
 3319              		.loc 1 854 8 discriminator 12 view .LVU1070
 3320 020a 1832     		adds	r2, r2, #24
 3321 020c 9342     		cmp	r3, r2
 3322 020e 27D0     		beq	.L165
 854:../../Drivers/STM32H7xx_HAL_Driver/Src/stm32h7xx_hal_dma.c ****     {
 3323              		.loc 1 854 8 discriminator 14 view .LVU1071
 3324 0210 1832     		adds	r2, r2, #24
 3325 0212 9342     		cmp	r3, r2
 3326 0214 24D0     		beq	.L165
 854:../../Drivers/STM32H7xx_HAL_Driver/Src/stm32h7xx_hal_dma.c ****     {
 3327              		.loc 1 854 8 discriminator 16 view .LVU1072
 3328 0216 02F55672 		add	r2, r2, #856
 3329 021a 9342     		cmp	r3, r2
 3330 021c 20D0     		beq	.L165
 854:../../Drivers/STM32H7xx_HAL_Driver/Src/stm32h7xx_hal_dma.c ****     {
 3331              		.loc 1 854 8 discriminator 18 view .LVU1073
 3332 021e 1832     		adds	r2, r2, #24
 3333 0220 9342     		cmp	r3, r2
 3334 0222 1DD0     		beq	.L165
 854:../../Drivers/STM32H7xx_HAL_Driver/Src/stm32h7xx_hal_dma.c ****     {
 3335              		.loc 1 854 8 discriminator 20 view .LVU1074
 3336 0224 1832     		adds	r2, r2, #24
 3337 0226 9342     		cmp	r3, r2
 3338 0228 1AD0     		beq	.L165
 854:../../Drivers/STM32H7xx_HAL_Driver/Src/stm32h7xx_hal_dma.c ****     {
 3339              		.loc 1 854 8 discriminator 22 view .LVU1075
 3340 022a 1832     		adds	r2, r2, #24
 3341 022c 9342     		cmp	r3, r2
 3342 022e 17D0     		beq	.L165
 854:../../Drivers/STM32H7xx_HAL_Driver/Src/stm32h7xx_hal_dma.c ****     {
 3343              		.loc 1 854 8 discriminator 24 view .LVU1076
 3344 0230 1832     		adds	r2, r2, #24
 3345 0232 9342     		cmp	r3, r2
 3346 0234 14D0     		beq	.L165
 854:../../Drivers/STM32H7xx_HAL_Driver/Src/stm32h7xx_hal_dma.c ****     {
 3347              		.loc 1 854 8 discriminator 26 view .LVU1077
 3348 0236 1832     		adds	r2, r2, #24
 3349 0238 9342     		cmp	r3, r2
 3350 023a 11D0     		beq	.L165
 854:../../Drivers/STM32H7xx_HAL_Driver/Src/stm32h7xx_hal_dma.c ****     {
 3351              		.loc 1 854 8 discriminator 28 view .LVU1078
 3352 023c 1832     		adds	r2, r2, #24
 3353 023e 9342     		cmp	r3, r2
 3354 0240 0ED0     		beq	.L165
ARM GAS  /var/folders/2r/mdtt8xvd351gdc398t28_m2m0000gn/T//ccdEwLBV.s 			page 111


 854:../../Drivers/STM32H7xx_HAL_Driver/Src/stm32h7xx_hal_dma.c ****     {
 3355              		.loc 1 854 8 discriminator 30 view .LVU1079
 3356 0242 1832     		adds	r2, r2, #24
 3357 0244 9342     		cmp	r3, r2
 3358 0246 0BD0     		beq	.L165
 861:../../Drivers/STM32H7xx_HAL_Driver/Src/stm32h7xx_hal_dma.c ****       regs_bdma->IFCR = ((BDMA_IFCR_CGIF0) << (hdma->StreamIndex & 0x1FU));
 3359              		.loc 1 861 7 is_stmt 1 view .LVU1080
 861:../../Drivers/STM32H7xx_HAL_Driver/Src/stm32h7xx_hal_dma.c ****       regs_bdma->IFCR = ((BDMA_IFCR_CGIF0) << (hdma->StreamIndex & 0x1FU));
 3360              		.loc 1 861 46 is_stmt 0 view .LVU1081
 3361 0248 A16D     		ldr	r1, [r4, #88]
 3362              	.LVL142:
 862:../../Drivers/STM32H7xx_HAL_Driver/Src/stm32h7xx_hal_dma.c ****     }
 3363              		.loc 1 862 7 is_stmt 1 view .LVU1082
 862:../../Drivers/STM32H7xx_HAL_Driver/Src/stm32h7xx_hal_dma.c ****     }
 3364              		.loc 1 862 52 is_stmt 0 view .LVU1083
 3365 024a E36D     		ldr	r3, [r4, #92]
 862:../../Drivers/STM32H7xx_HAL_Driver/Src/stm32h7xx_hal_dma.c ****     }
 3366              		.loc 1 862 66 view .LVU1084
 3367 024c 03F01F02 		and	r2, r3, #31
 862:../../Drivers/STM32H7xx_HAL_Driver/Src/stm32h7xx_hal_dma.c ****     }
 3368              		.loc 1 862 44 view .LVU1085
 3369 0250 0123     		movs	r3, #1
 3370 0252 9340     		lsls	r3, r3, r2
 862:../../Drivers/STM32H7xx_HAL_Driver/Src/stm32h7xx_hal_dma.c ****     }
 3371              		.loc 1 862 23 view .LVU1086
 3372 0254 4B60     		str	r3, [r1, #4]
 3373 0256 0AE0     		b	.L166
 3374              	.L173:
 3375              		.align	2
 3376              	.L172:
 3377 0258 10000240 		.word	1073872912
 3378 025c 08540258 		.word	1476547592
 3379              	.LVL143:
 3380              	.L165:
 856:../../Drivers/STM32H7xx_HAL_Driver/Src/stm32h7xx_hal_dma.c ****       regs_dma->IFCR = 0x3FUL << (hdma->StreamIndex & 0x1FU);
 3381              		.loc 1 856 7 is_stmt 1 view .LVU1087
 856:../../Drivers/STM32H7xx_HAL_Driver/Src/stm32h7xx_hal_dma.c ****       regs_dma->IFCR = 0x3FUL << (hdma->StreamIndex & 0x1FU);
 3382              		.loc 1 856 44 is_stmt 0 view .LVU1088
 3383 0260 A16D     		ldr	r1, [r4, #88]
 3384              	.LVL144:
 857:../../Drivers/STM32H7xx_HAL_Driver/Src/stm32h7xx_hal_dma.c ****     }
 3385              		.loc 1 857 7 is_stmt 1 view .LVU1089
 857:../../Drivers/STM32H7xx_HAL_Driver/Src/stm32h7xx_hal_dma.c ****     }
 3386              		.loc 1 857 39 is_stmt 0 view .LVU1090
 3387 0262 E36D     		ldr	r3, [r4, #92]
 857:../../Drivers/STM32H7xx_HAL_Driver/Src/stm32h7xx_hal_dma.c ****     }
 3388              		.loc 1 857 53 view .LVU1091
 3389 0264 03F01F02 		and	r2, r3, #31
 857:../../Drivers/STM32H7xx_HAL_Driver/Src/stm32h7xx_hal_dma.c ****     }
 3390              		.loc 1 857 31 view .LVU1092
 3391 0268 3F23     		movs	r3, #63
 3392 026a 9340     		lsls	r3, r3, r2
 857:../../Drivers/STM32H7xx_HAL_Driver/Src/stm32h7xx_hal_dma.c ****     }
 3393              		.loc 1 857 22 view .LVU1093
 3394 026c 8B60     		str	r3, [r1, #8]
 3395              	.LVL145:
 3396              	.L166:
ARM GAS  /var/folders/2r/mdtt8xvd351gdc398t28_m2m0000gn/T//ccdEwLBV.s 			page 112


 865:../../Drivers/STM32H7xx_HAL_Driver/Src/stm32h7xx_hal_dma.c ****     {
 3397              		.loc 1 865 5 is_stmt 1 view .LVU1094
 865:../../Drivers/STM32H7xx_HAL_Driver/Src/stm32h7xx_hal_dma.c ****     {
 3398              		.loc 1 865 8 is_stmt 0 view .LVU1095
 3399 026e 2368     		ldr	r3, [r4]
 3400 0270 2E4A     		ldr	r2, .L174
 3401 0272 9342     		cmp	r3, r2
 3402 0274 45D0     		beq	.L167
 865:../../Drivers/STM32H7xx_HAL_Driver/Src/stm32h7xx_hal_dma.c ****     {
 3403              		.loc 1 865 8 discriminator 2 view .LVU1096
 3404 0276 1832     		adds	r2, r2, #24
 3405 0278 9342     		cmp	r3, r2
 3406 027a 42D0     		beq	.L167
 865:../../Drivers/STM32H7xx_HAL_Driver/Src/stm32h7xx_hal_dma.c ****     {
 3407              		.loc 1 865 8 discriminator 4 view .LVU1097
 3408 027c 1832     		adds	r2, r2, #24
 3409 027e 9342     		cmp	r3, r2
 3410 0280 3FD0     		beq	.L167
 865:../../Drivers/STM32H7xx_HAL_Driver/Src/stm32h7xx_hal_dma.c ****     {
 3411              		.loc 1 865 8 discriminator 6 view .LVU1098
 3412 0282 1832     		adds	r2, r2, #24
 3413 0284 9342     		cmp	r3, r2
 3414 0286 3CD0     		beq	.L167
 865:../../Drivers/STM32H7xx_HAL_Driver/Src/stm32h7xx_hal_dma.c ****     {
 3415              		.loc 1 865 8 discriminator 8 view .LVU1099
 3416 0288 1832     		adds	r2, r2, #24
 3417 028a 9342     		cmp	r3, r2
 3418 028c 39D0     		beq	.L167
 865:../../Drivers/STM32H7xx_HAL_Driver/Src/stm32h7xx_hal_dma.c ****     {
 3419              		.loc 1 865 8 discriminator 10 view .LVU1100
 3420 028e 1832     		adds	r2, r2, #24
 3421 0290 9342     		cmp	r3, r2
 3422 0292 36D0     		beq	.L167
 865:../../Drivers/STM32H7xx_HAL_Driver/Src/stm32h7xx_hal_dma.c ****     {
 3423              		.loc 1 865 8 discriminator 12 view .LVU1101
 3424 0294 1832     		adds	r2, r2, #24
 3425 0296 9342     		cmp	r3, r2
 3426 0298 33D0     		beq	.L167
 865:../../Drivers/STM32H7xx_HAL_Driver/Src/stm32h7xx_hal_dma.c ****     {
 3427              		.loc 1 865 8 discriminator 14 view .LVU1102
 3428 029a 1832     		adds	r2, r2, #24
 3429 029c 9342     		cmp	r3, r2
 3430 029e 30D0     		beq	.L167
 865:../../Drivers/STM32H7xx_HAL_Driver/Src/stm32h7xx_hal_dma.c ****     {
 3431              		.loc 1 865 8 discriminator 16 view .LVU1103
 3432 02a0 02F55672 		add	r2, r2, #856
 3433 02a4 9342     		cmp	r3, r2
 3434 02a6 2CD0     		beq	.L167
 865:../../Drivers/STM32H7xx_HAL_Driver/Src/stm32h7xx_hal_dma.c ****     {
 3435              		.loc 1 865 8 discriminator 18 view .LVU1104
 3436 02a8 1832     		adds	r2, r2, #24
 3437 02aa 9342     		cmp	r3, r2
 3438 02ac 29D0     		beq	.L167
 865:../../Drivers/STM32H7xx_HAL_Driver/Src/stm32h7xx_hal_dma.c ****     {
 3439              		.loc 1 865 8 discriminator 20 view .LVU1105
 3440 02ae 1832     		adds	r2, r2, #24
 3441 02b0 9342     		cmp	r3, r2
ARM GAS  /var/folders/2r/mdtt8xvd351gdc398t28_m2m0000gn/T//ccdEwLBV.s 			page 113


 3442 02b2 26D0     		beq	.L167
 865:../../Drivers/STM32H7xx_HAL_Driver/Src/stm32h7xx_hal_dma.c ****     {
 3443              		.loc 1 865 8 discriminator 22 view .LVU1106
 3444 02b4 1832     		adds	r2, r2, #24
 3445 02b6 9342     		cmp	r3, r2
 3446 02b8 23D0     		beq	.L167
 865:../../Drivers/STM32H7xx_HAL_Driver/Src/stm32h7xx_hal_dma.c ****     {
 3447              		.loc 1 865 8 discriminator 24 view .LVU1107
 3448 02ba 1832     		adds	r2, r2, #24
 3449 02bc 9342     		cmp	r3, r2
 3450 02be 20D0     		beq	.L167
 865:../../Drivers/STM32H7xx_HAL_Driver/Src/stm32h7xx_hal_dma.c ****     {
 3451              		.loc 1 865 8 discriminator 26 view .LVU1108
 3452 02c0 1832     		adds	r2, r2, #24
 3453 02c2 9342     		cmp	r3, r2
 3454 02c4 1DD0     		beq	.L167
 865:../../Drivers/STM32H7xx_HAL_Driver/Src/stm32h7xx_hal_dma.c ****     {
 3455              		.loc 1 865 8 discriminator 28 view .LVU1109
 3456 02c6 1832     		adds	r2, r2, #24
 3457 02c8 9342     		cmp	r3, r2
 3458 02ca 1AD0     		beq	.L167
 865:../../Drivers/STM32H7xx_HAL_Driver/Src/stm32h7xx_hal_dma.c ****     {
 3459              		.loc 1 865 8 discriminator 30 view .LVU1110
 3460 02cc 1832     		adds	r2, r2, #24
 3461 02ce 9342     		cmp	r3, r2
 3462 02d0 17D0     		beq	.L167
 865:../../Drivers/STM32H7xx_HAL_Driver/Src/stm32h7xx_hal_dma.c ****     {
 3463              		.loc 1 865 8 discriminator 32 view .LVU1111
 3464 02d2 174A     		ldr	r2, .L174+4
 3465 02d4 9342     		cmp	r3, r2
 3466 02d6 14D0     		beq	.L167
 865:../../Drivers/STM32H7xx_HAL_Driver/Src/stm32h7xx_hal_dma.c ****     {
 3467              		.loc 1 865 8 discriminator 34 view .LVU1112
 3468 02d8 1432     		adds	r2, r2, #20
 3469 02da 9342     		cmp	r3, r2
 3470 02dc 11D0     		beq	.L167
 865:../../Drivers/STM32H7xx_HAL_Driver/Src/stm32h7xx_hal_dma.c ****     {
 3471              		.loc 1 865 8 discriminator 36 view .LVU1113
 3472 02de 1432     		adds	r2, r2, #20
 3473 02e0 9342     		cmp	r3, r2
 3474 02e2 0ED0     		beq	.L167
 865:../../Drivers/STM32H7xx_HAL_Driver/Src/stm32h7xx_hal_dma.c ****     {
 3475              		.loc 1 865 8 discriminator 38 view .LVU1114
 3476 02e4 1432     		adds	r2, r2, #20
 3477 02e6 9342     		cmp	r3, r2
 3478 02e8 0BD0     		beq	.L167
 865:../../Drivers/STM32H7xx_HAL_Driver/Src/stm32h7xx_hal_dma.c ****     {
 3479              		.loc 1 865 8 discriminator 40 view .LVU1115
 3480 02ea 1432     		adds	r2, r2, #20
 3481 02ec 9342     		cmp	r3, r2
 3482 02ee 08D0     		beq	.L167
 865:../../Drivers/STM32H7xx_HAL_Driver/Src/stm32h7xx_hal_dma.c ****     {
 3483              		.loc 1 865 8 discriminator 42 view .LVU1116
 3484 02f0 1432     		adds	r2, r2, #20
 3485 02f2 9342     		cmp	r3, r2
 3486 02f4 05D0     		beq	.L167
 865:../../Drivers/STM32H7xx_HAL_Driver/Src/stm32h7xx_hal_dma.c ****     {
ARM GAS  /var/folders/2r/mdtt8xvd351gdc398t28_m2m0000gn/T//ccdEwLBV.s 			page 114


 3487              		.loc 1 865 8 discriminator 44 view .LVU1117
 3488 02f6 1432     		adds	r2, r2, #20
 3489 02f8 9342     		cmp	r3, r2
 3490 02fa 02D0     		beq	.L167
 865:../../Drivers/STM32H7xx_HAL_Driver/Src/stm32h7xx_hal_dma.c ****     {
 3491              		.loc 1 865 8 discriminator 46 view .LVU1118
 3492 02fc 1432     		adds	r2, r2, #20
 3493 02fe 9342     		cmp	r3, r2
 3494 0300 0BD1     		bne	.L168
 3495              	.L167:
 868:../../Drivers/STM32H7xx_HAL_Driver/Src/stm32h7xx_hal_dma.c **** 
 3496              		.loc 1 868 7 is_stmt 1 view .LVU1119
 868:../../Drivers/STM32H7xx_HAL_Driver/Src/stm32h7xx_hal_dma.c **** 
 3497              		.loc 1 868 11 is_stmt 0 view .LVU1120
 3498 0302 636E     		ldr	r3, [r4, #100]
 868:../../Drivers/STM32H7xx_HAL_Driver/Src/stm32h7xx_hal_dma.c **** 
 3499              		.loc 1 868 44 view .LVU1121
 3500 0304 A26E     		ldr	r2, [r4, #104]
 868:../../Drivers/STM32H7xx_HAL_Driver/Src/stm32h7xx_hal_dma.c **** 
 3501              		.loc 1 868 38 view .LVU1122
 3502 0306 5A60     		str	r2, [r3, #4]
 870:../../Drivers/STM32H7xx_HAL_Driver/Src/stm32h7xx_hal_dma.c ****       {
 3503              		.loc 1 870 7 is_stmt 1 view .LVU1123
 870:../../Drivers/STM32H7xx_HAL_Driver/Src/stm32h7xx_hal_dma.c ****       {
 3504              		.loc 1 870 14 is_stmt 0 view .LVU1124
 3505 0308 E36E     		ldr	r3, [r4, #108]
 870:../../Drivers/STM32H7xx_HAL_Driver/Src/stm32h7xx_hal_dma.c ****       {
 3506              		.loc 1 870 9 view .LVU1125
 3507 030a 33B1     		cbz	r3, .L168
 874:../../Drivers/STM32H7xx_HAL_Driver/Src/stm32h7xx_hal_dma.c **** 
 3508              		.loc 1 874 9 is_stmt 1 view .LVU1126
 874:../../Drivers/STM32H7xx_HAL_Driver/Src/stm32h7xx_hal_dma.c **** 
 3509              		.loc 1 874 31 is_stmt 0 view .LVU1127
 3510 030c 1A68     		ldr	r2, [r3]
 874:../../Drivers/STM32H7xx_HAL_Driver/Src/stm32h7xx_hal_dma.c **** 
 3511              		.loc 1 874 38 view .LVU1128
 3512 030e 22F48072 		bic	r2, r2, #256
 3513 0312 1A60     		str	r2, [r3]
 877:../../Drivers/STM32H7xx_HAL_Driver/Src/stm32h7xx_hal_dma.c ****       }
 3514              		.loc 1 877 9 is_stmt 1 view .LVU1129
 877:../../Drivers/STM32H7xx_HAL_Driver/Src/stm32h7xx_hal_dma.c ****       }
 3515              		.loc 1 877 13 is_stmt 0 view .LVU1130
 3516 0314 236F     		ldr	r3, [r4, #112]
 877:../../Drivers/STM32H7xx_HAL_Driver/Src/stm32h7xx_hal_dma.c ****       }
 3517              		.loc 1 877 51 view .LVU1131
 3518 0316 626F     		ldr	r2, [r4, #116]
 877:../../Drivers/STM32H7xx_HAL_Driver/Src/stm32h7xx_hal_dma.c ****       }
 3519              		.loc 1 877 45 view .LVU1132
 3520 0318 5A60     		str	r2, [r3, #4]
 3521              	.L168:
 882:../../Drivers/STM32H7xx_HAL_Driver/Src/stm32h7xx_hal_dma.c **** 
 3522              		.loc 1 882 5 is_stmt 1 view .LVU1133
 882:../../Drivers/STM32H7xx_HAL_Driver/Src/stm32h7xx_hal_dma.c **** 
 3523              		.loc 1 882 17 is_stmt 0 view .LVU1134
 3524 031a 0123     		movs	r3, #1
 3525 031c 84F83530 		strb	r3, [r4, #53]
 885:../../Drivers/STM32H7xx_HAL_Driver/Src/stm32h7xx_hal_dma.c ****   }
ARM GAS  /var/folders/2r/mdtt8xvd351gdc398t28_m2m0000gn/T//ccdEwLBV.s 			page 115


 3526              		.loc 1 885 5 is_stmt 1 view .LVU1135
 885:../../Drivers/STM32H7xx_HAL_Driver/Src/stm32h7xx_hal_dma.c ****   }
 3527              		.loc 1 885 5 view .LVU1136
 3528 0320 0020     		movs	r0, #0
 3529 0322 84F83400 		strb	r0, [r4, #52]
 885:../../Drivers/STM32H7xx_HAL_Driver/Src/stm32h7xx_hal_dma.c ****   }
 3530              		.loc 1 885 5 view .LVU1137
 888:../../Drivers/STM32H7xx_HAL_Driver/Src/stm32h7xx_hal_dma.c **** }
 3531              		.loc 1 888 3 view .LVU1138
 888:../../Drivers/STM32H7xx_HAL_Driver/Src/stm32h7xx_hal_dma.c **** }
 3532              		.loc 1 888 10 is_stmt 0 view .LVU1139
 3533 0326 7DE6     		b	.L154
 3534              	.LVL146:
 3535              	.L169:
 793:../../Drivers/STM32H7xx_HAL_Driver/Src/stm32h7xx_hal_dma.c ****   }
 3536              		.loc 1 793 12 view .LVU1140
 3537 0328 0120     		movs	r0, #1
 3538              	.LVL147:
 793:../../Drivers/STM32H7xx_HAL_Driver/Src/stm32h7xx_hal_dma.c ****   }
 3539              		.loc 1 793 12 view .LVU1141
 3540 032a 7BE6     		b	.L154
 3541              	.L175:
 3542              		.align	2
 3543              	.L174:
 3544 032c 10000240 		.word	1073872912
 3545 0330 08540258 		.word	1476547592
 3546              		.cfi_endproc
 3547              	.LFE136:
 3549              		.section	.text.HAL_DMA_Abort_IT,"ax",%progbits
 3550              		.align	1
 3551              		.global	HAL_DMA_Abort_IT
 3552              		.syntax unified
 3553              		.thumb
 3554              		.thumb_func
 3556              	HAL_DMA_Abort_IT:
 3557              	.LVL148:
 3558              	.LFB137:
 898:../../Drivers/STM32H7xx_HAL_Driver/Src/stm32h7xx_hal_dma.c ****   BDMA_Base_Registers *regs_bdma;
 3559              		.loc 1 898 1 is_stmt 1 view -0
 3560              		.cfi_startproc
 3561              		@ args = 0, pretend = 0, frame = 0
 3562              		@ frame_needed = 0, uses_anonymous_args = 0
 899:../../Drivers/STM32H7xx_HAL_Driver/Src/stm32h7xx_hal_dma.c **** 
 3563              		.loc 1 899 3 view .LVU1143
 902:../../Drivers/STM32H7xx_HAL_Driver/Src/stm32h7xx_hal_dma.c ****   {
 3564              		.loc 1 902 3 view .LVU1144
 902:../../Drivers/STM32H7xx_HAL_Driver/Src/stm32h7xx_hal_dma.c ****   {
 3565              		.loc 1 902 5 is_stmt 0 view .LVU1145
 3566 0000 0028     		cmp	r0, #0
 3567 0002 00F02981 		beq	.L188
 898:../../Drivers/STM32H7xx_HAL_Driver/Src/stm32h7xx_hal_dma.c ****   BDMA_Base_Registers *regs_bdma;
 3568              		.loc 1 898 1 view .LVU1146
 3569 0006 08B5     		push	{r3, lr}
 3570              	.LCFI11:
 3571              		.cfi_def_cfa_offset 8
 3572              		.cfi_offset 3, -8
 3573              		.cfi_offset 14, -4
ARM GAS  /var/folders/2r/mdtt8xvd351gdc398t28_m2m0000gn/T//ccdEwLBV.s 			page 116


 3574 0008 0246     		mov	r2, r0
 907:../../Drivers/STM32H7xx_HAL_Driver/Src/stm32h7xx_hal_dma.c ****   {
 3575              		.loc 1 907 3 is_stmt 1 view .LVU1147
 907:../../Drivers/STM32H7xx_HAL_Driver/Src/stm32h7xx_hal_dma.c ****   {
 3576              		.loc 1 907 10 is_stmt 0 view .LVU1148
 3577 000a 90F83530 		ldrb	r3, [r0, #53]	@ zero_extendqisi2
 907:../../Drivers/STM32H7xx_HAL_Driver/Src/stm32h7xx_hal_dma.c ****   {
 3578              		.loc 1 907 5 view .LVU1149
 3579 000e 022B     		cmp	r3, #2
 3580 0010 03D0     		beq	.L178
 909:../../Drivers/STM32H7xx_HAL_Driver/Src/stm32h7xx_hal_dma.c ****     return HAL_ERROR;
 3581              		.loc 1 909 5 is_stmt 1 view .LVU1150
 909:../../Drivers/STM32H7xx_HAL_Driver/Src/stm32h7xx_hal_dma.c ****     return HAL_ERROR;
 3582              		.loc 1 909 21 is_stmt 0 view .LVU1151
 3583 0012 8023     		movs	r3, #128
 3584 0014 4365     		str	r3, [r0, #84]
 910:../../Drivers/STM32H7xx_HAL_Driver/Src/stm32h7xx_hal_dma.c ****   }
 3585              		.loc 1 910 5 is_stmt 1 view .LVU1152
 910:../../Drivers/STM32H7xx_HAL_Driver/Src/stm32h7xx_hal_dma.c ****   }
 3586              		.loc 1 910 12 is_stmt 0 view .LVU1153
 3587 0016 0120     		movs	r0, #1
 3588              	.LVL149:
 3589              	.L177:
 968:../../Drivers/STM32H7xx_HAL_Driver/Src/stm32h7xx_hal_dma.c **** 
 3590              		.loc 1 968 1 view .LVU1154
 3591 0018 08BD     		pop	{r3, pc}
 3592              	.LVL150:
 3593              	.L178:
 914:../../Drivers/STM32H7xx_HAL_Driver/Src/stm32h7xx_hal_dma.c ****     {
 3594              		.loc 1 914 5 is_stmt 1 view .LVU1155
 914:../../Drivers/STM32H7xx_HAL_Driver/Src/stm32h7xx_hal_dma.c ****     {
 3595              		.loc 1 914 8 is_stmt 0 view .LVU1156
 3596 001a 0368     		ldr	r3, [r0]
 3597 001c 9049     		ldr	r1, .L195
 3598 001e 8B42     		cmp	r3, r1
 3599 0020 68D0     		beq	.L179
 914:../../Drivers/STM32H7xx_HAL_Driver/Src/stm32h7xx_hal_dma.c ****     {
 3600              		.loc 1 914 8 discriminator 2 view .LVU1157
 3601 0022 1831     		adds	r1, r1, #24
 3602 0024 8B42     		cmp	r3, r1
 3603 0026 65D0     		beq	.L179
 914:../../Drivers/STM32H7xx_HAL_Driver/Src/stm32h7xx_hal_dma.c ****     {
 3604              		.loc 1 914 8 discriminator 4 view .LVU1158
 3605 0028 1831     		adds	r1, r1, #24
 3606 002a 8B42     		cmp	r3, r1
 3607 002c 62D0     		beq	.L179
 914:../../Drivers/STM32H7xx_HAL_Driver/Src/stm32h7xx_hal_dma.c ****     {
 3608              		.loc 1 914 8 discriminator 6 view .LVU1159
 3609 002e 1831     		adds	r1, r1, #24
 3610 0030 8B42     		cmp	r3, r1
 3611 0032 5FD0     		beq	.L179
 914:../../Drivers/STM32H7xx_HAL_Driver/Src/stm32h7xx_hal_dma.c ****     {
 3612              		.loc 1 914 8 discriminator 8 view .LVU1160
 3613 0034 1831     		adds	r1, r1, #24
 3614 0036 8B42     		cmp	r3, r1
 3615 0038 5CD0     		beq	.L179
 914:../../Drivers/STM32H7xx_HAL_Driver/Src/stm32h7xx_hal_dma.c ****     {
ARM GAS  /var/folders/2r/mdtt8xvd351gdc398t28_m2m0000gn/T//ccdEwLBV.s 			page 117


 3616              		.loc 1 914 8 discriminator 10 view .LVU1161
 3617 003a 1831     		adds	r1, r1, #24
 3618 003c 8B42     		cmp	r3, r1
 3619 003e 59D0     		beq	.L179
 914:../../Drivers/STM32H7xx_HAL_Driver/Src/stm32h7xx_hal_dma.c ****     {
 3620              		.loc 1 914 8 discriminator 12 view .LVU1162
 3621 0040 1831     		adds	r1, r1, #24
 3622 0042 8B42     		cmp	r3, r1
 3623 0044 56D0     		beq	.L179
 914:../../Drivers/STM32H7xx_HAL_Driver/Src/stm32h7xx_hal_dma.c ****     {
 3624              		.loc 1 914 8 discriminator 14 view .LVU1163
 3625 0046 1831     		adds	r1, r1, #24
 3626 0048 8B42     		cmp	r3, r1
 3627 004a 53D0     		beq	.L179
 914:../../Drivers/STM32H7xx_HAL_Driver/Src/stm32h7xx_hal_dma.c ****     {
 3628              		.loc 1 914 8 discriminator 16 view .LVU1164
 3629 004c 01F55671 		add	r1, r1, #856
 3630 0050 8B42     		cmp	r3, r1
 3631 0052 4FD0     		beq	.L179
 914:../../Drivers/STM32H7xx_HAL_Driver/Src/stm32h7xx_hal_dma.c ****     {
 3632              		.loc 1 914 8 discriminator 18 view .LVU1165
 3633 0054 1831     		adds	r1, r1, #24
 3634 0056 8B42     		cmp	r3, r1
 3635 0058 4CD0     		beq	.L179
 914:../../Drivers/STM32H7xx_HAL_Driver/Src/stm32h7xx_hal_dma.c ****     {
 3636              		.loc 1 914 8 discriminator 20 view .LVU1166
 3637 005a 1831     		adds	r1, r1, #24
 3638 005c 8B42     		cmp	r3, r1
 3639 005e 49D0     		beq	.L179
 914:../../Drivers/STM32H7xx_HAL_Driver/Src/stm32h7xx_hal_dma.c ****     {
 3640              		.loc 1 914 8 discriminator 22 view .LVU1167
 3641 0060 1831     		adds	r1, r1, #24
 3642 0062 8B42     		cmp	r3, r1
 3643 0064 46D0     		beq	.L179
 914:../../Drivers/STM32H7xx_HAL_Driver/Src/stm32h7xx_hal_dma.c ****     {
 3644              		.loc 1 914 8 discriminator 24 view .LVU1168
 3645 0066 1831     		adds	r1, r1, #24
 3646 0068 8B42     		cmp	r3, r1
 3647 006a 43D0     		beq	.L179
 914:../../Drivers/STM32H7xx_HAL_Driver/Src/stm32h7xx_hal_dma.c ****     {
 3648              		.loc 1 914 8 discriminator 26 view .LVU1169
 3649 006c 1831     		adds	r1, r1, #24
 3650 006e 8B42     		cmp	r3, r1
 3651 0070 40D0     		beq	.L179
 914:../../Drivers/STM32H7xx_HAL_Driver/Src/stm32h7xx_hal_dma.c ****     {
 3652              		.loc 1 914 8 discriminator 28 view .LVU1170
 3653 0072 1831     		adds	r1, r1, #24
 3654 0074 8B42     		cmp	r3, r1
 3655 0076 3DD0     		beq	.L179
 914:../../Drivers/STM32H7xx_HAL_Driver/Src/stm32h7xx_hal_dma.c ****     {
 3656              		.loc 1 914 8 discriminator 30 view .LVU1171
 3657 0078 1831     		adds	r1, r1, #24
 3658 007a 8B42     		cmp	r3, r1
 3659 007c 3AD0     		beq	.L179
 925:../../Drivers/STM32H7xx_HAL_Driver/Src/stm32h7xx_hal_dma.c **** 
 3660              		.loc 1 925 7 is_stmt 1 view .LVU1172
 925:../../Drivers/STM32H7xx_HAL_Driver/Src/stm32h7xx_hal_dma.c **** 
ARM GAS  /var/folders/2r/mdtt8xvd351gdc398t28_m2m0000gn/T//ccdEwLBV.s 			page 118


 3661              		.loc 1 925 49 is_stmt 0 view .LVU1173
 3662 007e 1968     		ldr	r1, [r3]
 925:../../Drivers/STM32H7xx_HAL_Driver/Src/stm32h7xx_hal_dma.c **** 
 3663              		.loc 1 925 56 view .LVU1174
 3664 0080 21F00E01 		bic	r1, r1, #14
 3665 0084 1960     		str	r1, [r3]
 928:../../Drivers/STM32H7xx_HAL_Driver/Src/stm32h7xx_hal_dma.c **** 
 3666              		.loc 1 928 7 is_stmt 1 view .LVU1175
 3667 0086 0368     		ldr	r3, [r0]
 3668 0088 7549     		ldr	r1, .L195
 3669 008a 8B42     		cmp	r3, r1
 3670 008c 72D0     		beq	.L180
 928:../../Drivers/STM32H7xx_HAL_Driver/Src/stm32h7xx_hal_dma.c **** 
 3671              		.loc 1 928 7 is_stmt 0 discriminator 2 view .LVU1176
 3672 008e 7549     		ldr	r1, .L195+4
 3673 0090 8B42     		cmp	r3, r1
 3674 0092 6FD0     		beq	.L180
 928:../../Drivers/STM32H7xx_HAL_Driver/Src/stm32h7xx_hal_dma.c **** 
 3675              		.loc 1 928 7 discriminator 4 view .LVU1177
 3676 0094 1831     		adds	r1, r1, #24
 3677 0096 8B42     		cmp	r3, r1
 3678 0098 6CD0     		beq	.L180
 928:../../Drivers/STM32H7xx_HAL_Driver/Src/stm32h7xx_hal_dma.c **** 
 3679              		.loc 1 928 7 discriminator 6 view .LVU1178
 3680 009a 1831     		adds	r1, r1, #24
 3681 009c 8B42     		cmp	r3, r1
 3682 009e 69D0     		beq	.L180
 928:../../Drivers/STM32H7xx_HAL_Driver/Src/stm32h7xx_hal_dma.c **** 
 3683              		.loc 1 928 7 discriminator 8 view .LVU1179
 3684 00a0 1831     		adds	r1, r1, #24
 3685 00a2 8B42     		cmp	r3, r1
 3686 00a4 66D0     		beq	.L180
 928:../../Drivers/STM32H7xx_HAL_Driver/Src/stm32h7xx_hal_dma.c **** 
 3687              		.loc 1 928 7 discriminator 10 view .LVU1180
 3688 00a6 1831     		adds	r1, r1, #24
 3689 00a8 8B42     		cmp	r3, r1
 3690 00aa 63D0     		beq	.L180
 928:../../Drivers/STM32H7xx_HAL_Driver/Src/stm32h7xx_hal_dma.c **** 
 3691              		.loc 1 928 7 discriminator 12 view .LVU1181
 3692 00ac 1831     		adds	r1, r1, #24
 3693 00ae 8B42     		cmp	r3, r1
 3694 00b0 60D0     		beq	.L180
 928:../../Drivers/STM32H7xx_HAL_Driver/Src/stm32h7xx_hal_dma.c **** 
 3695              		.loc 1 928 7 discriminator 14 view .LVU1182
 3696 00b2 1831     		adds	r1, r1, #24
 3697 00b4 8B42     		cmp	r3, r1
 3698 00b6 5DD0     		beq	.L180
 928:../../Drivers/STM32H7xx_HAL_Driver/Src/stm32h7xx_hal_dma.c **** 
 3699              		.loc 1 928 7 discriminator 16 view .LVU1183
 3700 00b8 01F55671 		add	r1, r1, #856
 3701 00bc 8B42     		cmp	r3, r1
 3702 00be 59D0     		beq	.L180
 928:../../Drivers/STM32H7xx_HAL_Driver/Src/stm32h7xx_hal_dma.c **** 
 3703              		.loc 1 928 7 discriminator 18 view .LVU1184
 3704 00c0 1831     		adds	r1, r1, #24
 3705 00c2 8B42     		cmp	r3, r1
 3706 00c4 56D0     		beq	.L180
ARM GAS  /var/folders/2r/mdtt8xvd351gdc398t28_m2m0000gn/T//ccdEwLBV.s 			page 119


 928:../../Drivers/STM32H7xx_HAL_Driver/Src/stm32h7xx_hal_dma.c **** 
 3707              		.loc 1 928 7 discriminator 20 view .LVU1185
 3708 00c6 1831     		adds	r1, r1, #24
 3709 00c8 8B42     		cmp	r3, r1
 3710 00ca 53D0     		beq	.L180
 928:../../Drivers/STM32H7xx_HAL_Driver/Src/stm32h7xx_hal_dma.c **** 
 3711              		.loc 1 928 7 discriminator 22 view .LVU1186
 3712 00cc 1831     		adds	r1, r1, #24
 3713 00ce 8B42     		cmp	r3, r1
 3714 00d0 50D0     		beq	.L180
 928:../../Drivers/STM32H7xx_HAL_Driver/Src/stm32h7xx_hal_dma.c **** 
 3715              		.loc 1 928 7 discriminator 24 view .LVU1187
 3716 00d2 1831     		adds	r1, r1, #24
 3717 00d4 8B42     		cmp	r3, r1
 3718 00d6 4DD0     		beq	.L180
 928:../../Drivers/STM32H7xx_HAL_Driver/Src/stm32h7xx_hal_dma.c **** 
 3719              		.loc 1 928 7 discriminator 26 view .LVU1188
 3720 00d8 1831     		adds	r1, r1, #24
 3721 00da 8B42     		cmp	r3, r1
 3722 00dc 4AD0     		beq	.L180
 928:../../Drivers/STM32H7xx_HAL_Driver/Src/stm32h7xx_hal_dma.c **** 
 3723              		.loc 1 928 7 discriminator 28 view .LVU1189
 3724 00de 1831     		adds	r1, r1, #24
 3725 00e0 8B42     		cmp	r3, r1
 3726 00e2 47D0     		beq	.L180
 928:../../Drivers/STM32H7xx_HAL_Driver/Src/stm32h7xx_hal_dma.c **** 
 3727              		.loc 1 928 7 discriminator 30 view .LVU1190
 3728 00e4 1831     		adds	r1, r1, #24
 3729 00e6 8B42     		cmp	r3, r1
 3730 00e8 44D0     		beq	.L180
 928:../../Drivers/STM32H7xx_HAL_Driver/Src/stm32h7xx_hal_dma.c **** 
 3731              		.loc 1 928 7 discriminator 32 view .LVU1191
 3732 00ea 1968     		ldr	r1, [r3]
 3733 00ec 21F00101 		bic	r1, r1, #1
 3734 00f0 1960     		str	r1, [r3]
 3735 00f2 43E0     		b	.L185
 3736              	.L179:
 917:../../Drivers/STM32H7xx_HAL_Driver/Src/stm32h7xx_hal_dma.c **** 
 3737              		.loc 1 917 7 is_stmt 1 view .LVU1192
 917:../../Drivers/STM32H7xx_HAL_Driver/Src/stm32h7xx_hal_dma.c **** 
 3738              		.loc 1 917 19 is_stmt 0 view .LVU1193
 3739 00f4 0421     		movs	r1, #4
 3740 00f6 82F83510 		strb	r1, [r2, #53]
 920:../../Drivers/STM32H7xx_HAL_Driver/Src/stm32h7xx_hal_dma.c ****     }
 3741              		.loc 1 920 7 is_stmt 1 view .LVU1194
 3742 00fa 594A     		ldr	r2, .L195
 3743 00fc 9342     		cmp	r3, r2
 3744 00fe 33D0     		beq	.L182
 920:../../Drivers/STM32H7xx_HAL_Driver/Src/stm32h7xx_hal_dma.c ****     }
 3745              		.loc 1 920 7 is_stmt 0 discriminator 2 view .LVU1195
 3746 0100 1832     		adds	r2, r2, #24
 3747 0102 9342     		cmp	r3, r2
 3748 0104 30D0     		beq	.L182
 920:../../Drivers/STM32H7xx_HAL_Driver/Src/stm32h7xx_hal_dma.c ****     }
 3749              		.loc 1 920 7 discriminator 4 view .LVU1196
 3750 0106 1832     		adds	r2, r2, #24
 3751 0108 9342     		cmp	r3, r2
ARM GAS  /var/folders/2r/mdtt8xvd351gdc398t28_m2m0000gn/T//ccdEwLBV.s 			page 120


 3752 010a 2DD0     		beq	.L182
 920:../../Drivers/STM32H7xx_HAL_Driver/Src/stm32h7xx_hal_dma.c ****     }
 3753              		.loc 1 920 7 discriminator 6 view .LVU1197
 3754 010c 1832     		adds	r2, r2, #24
 3755 010e 9342     		cmp	r3, r2
 3756 0110 2AD0     		beq	.L182
 920:../../Drivers/STM32H7xx_HAL_Driver/Src/stm32h7xx_hal_dma.c ****     }
 3757              		.loc 1 920 7 discriminator 8 view .LVU1198
 3758 0112 1832     		adds	r2, r2, #24
 3759 0114 9342     		cmp	r3, r2
 3760 0116 27D0     		beq	.L182
 920:../../Drivers/STM32H7xx_HAL_Driver/Src/stm32h7xx_hal_dma.c ****     }
 3761              		.loc 1 920 7 discriminator 10 view .LVU1199
 3762 0118 1832     		adds	r2, r2, #24
 3763 011a 9342     		cmp	r3, r2
 3764 011c 24D0     		beq	.L182
 920:../../Drivers/STM32H7xx_HAL_Driver/Src/stm32h7xx_hal_dma.c ****     }
 3765              		.loc 1 920 7 discriminator 12 view .LVU1200
 3766 011e 1832     		adds	r2, r2, #24
 3767 0120 9342     		cmp	r3, r2
 3768 0122 21D0     		beq	.L182
 920:../../Drivers/STM32H7xx_HAL_Driver/Src/stm32h7xx_hal_dma.c ****     }
 3769              		.loc 1 920 7 discriminator 14 view .LVU1201
 3770 0124 1832     		adds	r2, r2, #24
 3771 0126 9342     		cmp	r3, r2
 3772 0128 1ED0     		beq	.L182
 920:../../Drivers/STM32H7xx_HAL_Driver/Src/stm32h7xx_hal_dma.c ****     }
 3773              		.loc 1 920 7 discriminator 16 view .LVU1202
 3774 012a 02F55672 		add	r2, r2, #856
 3775 012e 9342     		cmp	r3, r2
 3776 0130 1AD0     		beq	.L182
 920:../../Drivers/STM32H7xx_HAL_Driver/Src/stm32h7xx_hal_dma.c ****     }
 3777              		.loc 1 920 7 discriminator 18 view .LVU1203
 3778 0132 1832     		adds	r2, r2, #24
 3779 0134 9342     		cmp	r3, r2
 3780 0136 17D0     		beq	.L182
 920:../../Drivers/STM32H7xx_HAL_Driver/Src/stm32h7xx_hal_dma.c ****     }
 3781              		.loc 1 920 7 discriminator 20 view .LVU1204
 3782 0138 1832     		adds	r2, r2, #24
 3783 013a 9342     		cmp	r3, r2
 3784 013c 14D0     		beq	.L182
 920:../../Drivers/STM32H7xx_HAL_Driver/Src/stm32h7xx_hal_dma.c ****     }
 3785              		.loc 1 920 7 discriminator 22 view .LVU1205
 3786 013e 1832     		adds	r2, r2, #24
 3787 0140 9342     		cmp	r3, r2
 3788 0142 11D0     		beq	.L182
 920:../../Drivers/STM32H7xx_HAL_Driver/Src/stm32h7xx_hal_dma.c ****     }
 3789              		.loc 1 920 7 discriminator 24 view .LVU1206
 3790 0144 1832     		adds	r2, r2, #24
 3791 0146 9342     		cmp	r3, r2
 3792 0148 0ED0     		beq	.L182
 920:../../Drivers/STM32H7xx_HAL_Driver/Src/stm32h7xx_hal_dma.c ****     }
 3793              		.loc 1 920 7 discriminator 26 view .LVU1207
 3794 014a 1832     		adds	r2, r2, #24
 3795 014c 9342     		cmp	r3, r2
 3796 014e 0BD0     		beq	.L182
 920:../../Drivers/STM32H7xx_HAL_Driver/Src/stm32h7xx_hal_dma.c ****     }
ARM GAS  /var/folders/2r/mdtt8xvd351gdc398t28_m2m0000gn/T//ccdEwLBV.s 			page 121


 3797              		.loc 1 920 7 discriminator 28 view .LVU1208
 3798 0150 1832     		adds	r2, r2, #24
 3799 0152 9342     		cmp	r3, r2
 3800 0154 08D0     		beq	.L182
 920:../../Drivers/STM32H7xx_HAL_Driver/Src/stm32h7xx_hal_dma.c ****     }
 3801              		.loc 1 920 7 discriminator 30 view .LVU1209
 3802 0156 1832     		adds	r2, r2, #24
 3803 0158 9342     		cmp	r3, r2
 3804 015a 05D0     		beq	.L182
 920:../../Drivers/STM32H7xx_HAL_Driver/Src/stm32h7xx_hal_dma.c ****     }
 3805              		.loc 1 920 7 discriminator 32 view .LVU1210
 3806 015c 1A68     		ldr	r2, [r3]
 3807 015e 22F00102 		bic	r2, r2, #1
 3808 0162 1A60     		str	r2, [r3]
 967:../../Drivers/STM32H7xx_HAL_Driver/Src/stm32h7xx_hal_dma.c **** }
 3809              		.loc 1 967 10 view .LVU1211
 3810 0164 0020     		movs	r0, #0
 3811              	.LVL151:
 967:../../Drivers/STM32H7xx_HAL_Driver/Src/stm32h7xx_hal_dma.c **** }
 3812              		.loc 1 967 10 view .LVU1212
 3813 0166 57E7     		b	.L177
 3814              	.LVL152:
 3815              	.L182:
 920:../../Drivers/STM32H7xx_HAL_Driver/Src/stm32h7xx_hal_dma.c ****     }
 3816              		.loc 1 920 7 discriminator 31 view .LVU1213
 3817 0168 1A68     		ldr	r2, [r3]
 3818 016a 22F00102 		bic	r2, r2, #1
 3819 016e 1A60     		str	r2, [r3]
 967:../../Drivers/STM32H7xx_HAL_Driver/Src/stm32h7xx_hal_dma.c **** }
 3820              		.loc 1 967 10 view .LVU1214
 3821 0170 0020     		movs	r0, #0
 3822              	.LVL153:
 920:../../Drivers/STM32H7xx_HAL_Driver/Src/stm32h7xx_hal_dma.c ****     }
 3823              		.loc 1 920 7 view .LVU1215
 3824 0172 51E7     		b	.L177
 3825              	.LVL154:
 3826              	.L180:
 928:../../Drivers/STM32H7xx_HAL_Driver/Src/stm32h7xx_hal_dma.c **** 
 3827              		.loc 1 928 7 discriminator 31 view .LVU1216
 3828 0174 1968     		ldr	r1, [r3]
 3829 0176 21F00101 		bic	r1, r1, #1
 3830 017a 1960     		str	r1, [r3]
 3831              	.L185:
 930:../../Drivers/STM32H7xx_HAL_Driver/Src/stm32h7xx_hal_dma.c ****       {
 3832              		.loc 1 930 7 is_stmt 1 view .LVU1217
 930:../../Drivers/STM32H7xx_HAL_Driver/Src/stm32h7xx_hal_dma.c ****       {
 3833              		.loc 1 930 10 is_stmt 0 view .LVU1218
 3834 017c 1368     		ldr	r3, [r2]
 3835 017e 3849     		ldr	r1, .L195
 3836 0180 8B42     		cmp	r3, r1
 3837 0182 45D0     		beq	.L186
 930:../../Drivers/STM32H7xx_HAL_Driver/Src/stm32h7xx_hal_dma.c ****       {
 3838              		.loc 1 930 10 discriminator 2 view .LVU1219
 3839 0184 1831     		adds	r1, r1, #24
 3840 0186 8B42     		cmp	r3, r1
 3841 0188 42D0     		beq	.L186
 930:../../Drivers/STM32H7xx_HAL_Driver/Src/stm32h7xx_hal_dma.c ****       {
ARM GAS  /var/folders/2r/mdtt8xvd351gdc398t28_m2m0000gn/T//ccdEwLBV.s 			page 122


 3842              		.loc 1 930 10 discriminator 4 view .LVU1220
 3843 018a 1831     		adds	r1, r1, #24
 3844 018c 8B42     		cmp	r3, r1
 3845 018e 3FD0     		beq	.L186
 930:../../Drivers/STM32H7xx_HAL_Driver/Src/stm32h7xx_hal_dma.c ****       {
 3846              		.loc 1 930 10 discriminator 6 view .LVU1221
 3847 0190 1831     		adds	r1, r1, #24
 3848 0192 8B42     		cmp	r3, r1
 3849 0194 3CD0     		beq	.L186
 930:../../Drivers/STM32H7xx_HAL_Driver/Src/stm32h7xx_hal_dma.c ****       {
 3850              		.loc 1 930 10 discriminator 8 view .LVU1222
 3851 0196 1831     		adds	r1, r1, #24
 3852 0198 8B42     		cmp	r3, r1
 3853 019a 39D0     		beq	.L186
 930:../../Drivers/STM32H7xx_HAL_Driver/Src/stm32h7xx_hal_dma.c ****       {
 3854              		.loc 1 930 10 discriminator 10 view .LVU1223
 3855 019c 1831     		adds	r1, r1, #24
 3856 019e 8B42     		cmp	r3, r1
 3857 01a0 36D0     		beq	.L186
 930:../../Drivers/STM32H7xx_HAL_Driver/Src/stm32h7xx_hal_dma.c ****       {
 3858              		.loc 1 930 10 discriminator 12 view .LVU1224
 3859 01a2 1831     		adds	r1, r1, #24
 3860 01a4 8B42     		cmp	r3, r1
 3861 01a6 33D0     		beq	.L186
 930:../../Drivers/STM32H7xx_HAL_Driver/Src/stm32h7xx_hal_dma.c ****       {
 3862              		.loc 1 930 10 discriminator 14 view .LVU1225
 3863 01a8 1831     		adds	r1, r1, #24
 3864 01aa 8B42     		cmp	r3, r1
 3865 01ac 30D0     		beq	.L186
 930:../../Drivers/STM32H7xx_HAL_Driver/Src/stm32h7xx_hal_dma.c ****       {
 3866              		.loc 1 930 10 discriminator 16 view .LVU1226
 3867 01ae 01F55671 		add	r1, r1, #856
 3868 01b2 8B42     		cmp	r3, r1
 3869 01b4 2CD0     		beq	.L186
 930:../../Drivers/STM32H7xx_HAL_Driver/Src/stm32h7xx_hal_dma.c ****       {
 3870              		.loc 1 930 10 discriminator 18 view .LVU1227
 3871 01b6 1831     		adds	r1, r1, #24
 3872 01b8 8B42     		cmp	r3, r1
 3873 01ba 29D0     		beq	.L186
 930:../../Drivers/STM32H7xx_HAL_Driver/Src/stm32h7xx_hal_dma.c ****       {
 3874              		.loc 1 930 10 discriminator 20 view .LVU1228
 3875 01bc 1831     		adds	r1, r1, #24
 3876 01be 8B42     		cmp	r3, r1
 3877 01c0 26D0     		beq	.L186
 930:../../Drivers/STM32H7xx_HAL_Driver/Src/stm32h7xx_hal_dma.c ****       {
 3878              		.loc 1 930 10 discriminator 22 view .LVU1229
 3879 01c2 1831     		adds	r1, r1, #24
 3880 01c4 8B42     		cmp	r3, r1
 3881 01c6 23D0     		beq	.L186
 930:../../Drivers/STM32H7xx_HAL_Driver/Src/stm32h7xx_hal_dma.c ****       {
 3882              		.loc 1 930 10 discriminator 24 view .LVU1230
 3883 01c8 1831     		adds	r1, r1, #24
 3884 01ca 8B42     		cmp	r3, r1
 3885 01cc 20D0     		beq	.L186
 930:../../Drivers/STM32H7xx_HAL_Driver/Src/stm32h7xx_hal_dma.c ****       {
 3886              		.loc 1 930 10 discriminator 26 view .LVU1231
 3887 01ce 1831     		adds	r1, r1, #24
ARM GAS  /var/folders/2r/mdtt8xvd351gdc398t28_m2m0000gn/T//ccdEwLBV.s 			page 123


 3888 01d0 8B42     		cmp	r3, r1
 3889 01d2 1DD0     		beq	.L186
 930:../../Drivers/STM32H7xx_HAL_Driver/Src/stm32h7xx_hal_dma.c ****       {
 3890              		.loc 1 930 10 discriminator 28 view .LVU1232
 3891 01d4 1831     		adds	r1, r1, #24
 3892 01d6 8B42     		cmp	r3, r1
 3893 01d8 1AD0     		beq	.L186
 930:../../Drivers/STM32H7xx_HAL_Driver/Src/stm32h7xx_hal_dma.c ****       {
 3894              		.loc 1 930 10 discriminator 30 view .LVU1233
 3895 01da 1831     		adds	r1, r1, #24
 3896 01dc 8B42     		cmp	r3, r1
 3897 01de 17D0     		beq	.L186
 930:../../Drivers/STM32H7xx_HAL_Driver/Src/stm32h7xx_hal_dma.c ****       {
 3898              		.loc 1 930 10 discriminator 32 view .LVU1234
 3899 01e0 2149     		ldr	r1, .L195+8
 3900 01e2 8B42     		cmp	r3, r1
 3901 01e4 14D0     		beq	.L186
 930:../../Drivers/STM32H7xx_HAL_Driver/Src/stm32h7xx_hal_dma.c ****       {
 3902              		.loc 1 930 10 discriminator 34 view .LVU1235
 3903 01e6 1431     		adds	r1, r1, #20
 3904 01e8 8B42     		cmp	r3, r1
 3905 01ea 11D0     		beq	.L186
 930:../../Drivers/STM32H7xx_HAL_Driver/Src/stm32h7xx_hal_dma.c ****       {
 3906              		.loc 1 930 10 discriminator 36 view .LVU1236
 3907 01ec 1431     		adds	r1, r1, #20
 3908 01ee 8B42     		cmp	r3, r1
 3909 01f0 0ED0     		beq	.L186
 930:../../Drivers/STM32H7xx_HAL_Driver/Src/stm32h7xx_hal_dma.c ****       {
 3910              		.loc 1 930 10 discriminator 38 view .LVU1237
 3911 01f2 1431     		adds	r1, r1, #20
 3912 01f4 8B42     		cmp	r3, r1
 3913 01f6 0BD0     		beq	.L186
 930:../../Drivers/STM32H7xx_HAL_Driver/Src/stm32h7xx_hal_dma.c ****       {
 3914              		.loc 1 930 10 discriminator 40 view .LVU1238
 3915 01f8 1431     		adds	r1, r1, #20
 3916 01fa 8B42     		cmp	r3, r1
 3917 01fc 08D0     		beq	.L186
 930:../../Drivers/STM32H7xx_HAL_Driver/Src/stm32h7xx_hal_dma.c ****       {
 3918              		.loc 1 930 10 discriminator 42 view .LVU1239
 3919 01fe 1431     		adds	r1, r1, #20
 3920 0200 8B42     		cmp	r3, r1
 3921 0202 05D0     		beq	.L186
 930:../../Drivers/STM32H7xx_HAL_Driver/Src/stm32h7xx_hal_dma.c ****       {
 3922              		.loc 1 930 10 discriminator 44 view .LVU1240
 3923 0204 1431     		adds	r1, r1, #20
 3924 0206 8B42     		cmp	r3, r1
 3925 0208 02D0     		beq	.L186
 930:../../Drivers/STM32H7xx_HAL_Driver/Src/stm32h7xx_hal_dma.c ****       {
 3926              		.loc 1 930 10 discriminator 46 view .LVU1241
 3927 020a 1431     		adds	r1, r1, #20
 3928 020c 8B42     		cmp	r3, r1
 3929 020e 17D1     		bne	.L187
 3930              	.L186:
 933:../../Drivers/STM32H7xx_HAL_Driver/Src/stm32h7xx_hal_dma.c **** 
 3931              		.loc 1 933 9 is_stmt 1 view .LVU1242
 933:../../Drivers/STM32H7xx_HAL_Driver/Src/stm32h7xx_hal_dma.c **** 
 3932              		.loc 1 933 13 is_stmt 0 view .LVU1243
ARM GAS  /var/folders/2r/mdtt8xvd351gdc398t28_m2m0000gn/T//ccdEwLBV.s 			page 124


 3933 0210 116E     		ldr	r1, [r2, #96]
 933:../../Drivers/STM32H7xx_HAL_Driver/Src/stm32h7xx_hal_dma.c **** 
 3934              		.loc 1 933 28 view .LVU1244
 3935 0212 0B68     		ldr	r3, [r1]
 933:../../Drivers/STM32H7xx_HAL_Driver/Src/stm32h7xx_hal_dma.c **** 
 3936              		.loc 1 933 34 view .LVU1245
 3937 0214 23F48073 		bic	r3, r3, #256
 3938 0218 0B60     		str	r3, [r1]
 936:../../Drivers/STM32H7xx_HAL_Driver/Src/stm32h7xx_hal_dma.c ****         regs_bdma->IFCR = ((BDMA_IFCR_CGIF0) << (hdma->StreamIndex & 0x1FU));
 3939              		.loc 1 936 9 is_stmt 1 view .LVU1246
 936:../../Drivers/STM32H7xx_HAL_Driver/Src/stm32h7xx_hal_dma.c ****         regs_bdma->IFCR = ((BDMA_IFCR_CGIF0) << (hdma->StreamIndex & 0x1FU));
 3940              		.loc 1 936 48 is_stmt 0 view .LVU1247
 3941 021a 906D     		ldr	r0, [r2, #88]
 3942              	.LVL155:
 937:../../Drivers/STM32H7xx_HAL_Driver/Src/stm32h7xx_hal_dma.c **** 
 3943              		.loc 1 937 9 is_stmt 1 view .LVU1248
 937:../../Drivers/STM32H7xx_HAL_Driver/Src/stm32h7xx_hal_dma.c **** 
 3944              		.loc 1 937 54 is_stmt 0 view .LVU1249
 3945 021c D36D     		ldr	r3, [r2, #92]
 937:../../Drivers/STM32H7xx_HAL_Driver/Src/stm32h7xx_hal_dma.c **** 
 3946              		.loc 1 937 68 view .LVU1250
 3947 021e 03F01F01 		and	r1, r3, #31
 937:../../Drivers/STM32H7xx_HAL_Driver/Src/stm32h7xx_hal_dma.c **** 
 3948              		.loc 1 937 46 view .LVU1251
 3949 0222 0123     		movs	r3, #1
 3950 0224 8B40     		lsls	r3, r3, r1
 937:../../Drivers/STM32H7xx_HAL_Driver/Src/stm32h7xx_hal_dma.c **** 
 3951              		.loc 1 937 25 view .LVU1252
 3952 0226 4360     		str	r3, [r0, #4]
 940:../../Drivers/STM32H7xx_HAL_Driver/Src/stm32h7xx_hal_dma.c **** 
 3953              		.loc 1 940 9 is_stmt 1 view .LVU1253
 940:../../Drivers/STM32H7xx_HAL_Driver/Src/stm32h7xx_hal_dma.c **** 
 3954              		.loc 1 940 13 is_stmt 0 view .LVU1254
 3955 0228 536E     		ldr	r3, [r2, #100]
 940:../../Drivers/STM32H7xx_HAL_Driver/Src/stm32h7xx_hal_dma.c **** 
 3956              		.loc 1 940 46 view .LVU1255
 3957 022a 916E     		ldr	r1, [r2, #104]
 940:../../Drivers/STM32H7xx_HAL_Driver/Src/stm32h7xx_hal_dma.c **** 
 3958              		.loc 1 940 40 view .LVU1256
 3959 022c 5960     		str	r1, [r3, #4]
 942:../../Drivers/STM32H7xx_HAL_Driver/Src/stm32h7xx_hal_dma.c ****         {
 3960              		.loc 1 942 9 is_stmt 1 view .LVU1257
 942:../../Drivers/STM32H7xx_HAL_Driver/Src/stm32h7xx_hal_dma.c ****         {
 3961              		.loc 1 942 16 is_stmt 0 view .LVU1258
 3962 022e D36E     		ldr	r3, [r2, #108]
 942:../../Drivers/STM32H7xx_HAL_Driver/Src/stm32h7xx_hal_dma.c ****         {
 3963              		.loc 1 942 11 view .LVU1259
 3964 0230 33B1     		cbz	r3, .L187
 946:../../Drivers/STM32H7xx_HAL_Driver/Src/stm32h7xx_hal_dma.c **** 
 3965              		.loc 1 946 11 is_stmt 1 view .LVU1260
 946:../../Drivers/STM32H7xx_HAL_Driver/Src/stm32h7xx_hal_dma.c **** 
 3966              		.loc 1 946 33 is_stmt 0 view .LVU1261
 3967 0232 1968     		ldr	r1, [r3]
 946:../../Drivers/STM32H7xx_HAL_Driver/Src/stm32h7xx_hal_dma.c **** 
 3968              		.loc 1 946 40 view .LVU1262
 3969 0234 21F48071 		bic	r1, r1, #256
 3970 0238 1960     		str	r1, [r3]
ARM GAS  /var/folders/2r/mdtt8xvd351gdc398t28_m2m0000gn/T//ccdEwLBV.s 			page 125


 949:../../Drivers/STM32H7xx_HAL_Driver/Src/stm32h7xx_hal_dma.c ****         }
 3971              		.loc 1 949 11 is_stmt 1 view .LVU1263
 949:../../Drivers/STM32H7xx_HAL_Driver/Src/stm32h7xx_hal_dma.c ****         }
 3972              		.loc 1 949 15 is_stmt 0 view .LVU1264
 3973 023a 136F     		ldr	r3, [r2, #112]
 949:../../Drivers/STM32H7xx_HAL_Driver/Src/stm32h7xx_hal_dma.c ****         }
 3974              		.loc 1 949 53 view .LVU1265
 3975 023c 516F     		ldr	r1, [r2, #116]
 949:../../Drivers/STM32H7xx_HAL_Driver/Src/stm32h7xx_hal_dma.c ****         }
 3976              		.loc 1 949 47 view .LVU1266
 3977 023e 5960     		str	r1, [r3, #4]
 3978              	.LVL156:
 3979              	.L187:
 954:../../Drivers/STM32H7xx_HAL_Driver/Src/stm32h7xx_hal_dma.c **** 
 3980              		.loc 1 954 7 is_stmt 1 view .LVU1267
 954:../../Drivers/STM32H7xx_HAL_Driver/Src/stm32h7xx_hal_dma.c **** 
 3981              		.loc 1 954 19 is_stmt 0 view .LVU1268
 3982 0240 0123     		movs	r3, #1
 3983 0242 82F83530 		strb	r3, [r2, #53]
 957:../../Drivers/STM32H7xx_HAL_Driver/Src/stm32h7xx_hal_dma.c **** 
 3984              		.loc 1 957 7 is_stmt 1 view .LVU1269
 957:../../Drivers/STM32H7xx_HAL_Driver/Src/stm32h7xx_hal_dma.c **** 
 3985              		.loc 1 957 7 view .LVU1270
 3986 0246 0023     		movs	r3, #0
 3987 0248 82F83430 		strb	r3, [r2, #52]
 957:../../Drivers/STM32H7xx_HAL_Driver/Src/stm32h7xx_hal_dma.c **** 
 3988              		.loc 1 957 7 view .LVU1271
 960:../../Drivers/STM32H7xx_HAL_Driver/Src/stm32h7xx_hal_dma.c ****       {
 3989              		.loc 1 960 7 view .LVU1272
 960:../../Drivers/STM32H7xx_HAL_Driver/Src/stm32h7xx_hal_dma.c ****       {
 3990              		.loc 1 960 14 is_stmt 0 view .LVU1273
 3991 024c 136D     		ldr	r3, [r2, #80]
 960:../../Drivers/STM32H7xx_HAL_Driver/Src/stm32h7xx_hal_dma.c ****       {
 3992              		.loc 1 960 9 view .LVU1274
 3993 024e 2BB1     		cbz	r3, .L189
 962:../../Drivers/STM32H7xx_HAL_Driver/Src/stm32h7xx_hal_dma.c ****       }
 3994              		.loc 1 962 9 is_stmt 1 view .LVU1275
 3995 0250 1046     		mov	r0, r2
 3996 0252 9847     		blx	r3
 3997              	.LVL157:
 967:../../Drivers/STM32H7xx_HAL_Driver/Src/stm32h7xx_hal_dma.c **** }
 3998              		.loc 1 967 10 is_stmt 0 view .LVU1276
 3999 0254 0020     		movs	r0, #0
 4000 0256 DFE6     		b	.L177
 4001              	.LVL158:
 4002              	.L188:
 4003              	.LCFI12:
 4004              		.cfi_def_cfa_offset 0
 4005              		.cfi_restore 3
 4006              		.cfi_restore 14
 904:../../Drivers/STM32H7xx_HAL_Driver/Src/stm32h7xx_hal_dma.c ****   }
 4007              		.loc 1 904 12 view .LVU1277
 4008 0258 0120     		movs	r0, #1
 4009              	.LVL159:
 968:../../Drivers/STM32H7xx_HAL_Driver/Src/stm32h7xx_hal_dma.c **** 
 4010              		.loc 1 968 1 view .LVU1278
 4011 025a 7047     		bx	lr
ARM GAS  /var/folders/2r/mdtt8xvd351gdc398t28_m2m0000gn/T//ccdEwLBV.s 			page 126


 4012              	.LVL160:
 4013              	.L189:
 4014              	.LCFI13:
 4015              		.cfi_def_cfa_offset 8
 4016              		.cfi_offset 3, -8
 4017              		.cfi_offset 14, -4
 967:../../Drivers/STM32H7xx_HAL_Driver/Src/stm32h7xx_hal_dma.c **** }
 4018              		.loc 1 967 10 view .LVU1279
 4019 025c 1846     		mov	r0, r3
 4020 025e DBE6     		b	.L177
 4021              	.L196:
 4022              		.align	2
 4023              	.L195:
 4024 0260 10000240 		.word	1073872912
 4025 0264 28000240 		.word	1073872936
 4026 0268 08540258 		.word	1476547592
 4027              		.cfi_endproc
 4028              	.LFE137:
 4030              		.section	.text.HAL_DMA_PollForTransfer,"ax",%progbits
 4031              		.align	1
 4032              		.global	HAL_DMA_PollForTransfer
 4033              		.syntax unified
 4034              		.thumb
 4035              		.thumb_func
 4037              	HAL_DMA_PollForTransfer:
 4038              	.LVL161:
 4039              	.LFB138:
 982:../../Drivers/STM32H7xx_HAL_Driver/Src/stm32h7xx_hal_dma.c ****   HAL_StatusTypeDef status = HAL_OK;
 4040              		.loc 1 982 1 is_stmt 1 view -0
 4041              		.cfi_startproc
 4042              		@ args = 0, pretend = 0, frame = 0
 4043              		@ frame_needed = 0, uses_anonymous_args = 0
 982:../../Drivers/STM32H7xx_HAL_Driver/Src/stm32h7xx_hal_dma.c ****   HAL_StatusTypeDef status = HAL_OK;
 4044              		.loc 1 982 1 is_stmt 0 view .LVU1281
 4045 0000 2DE9F047 		push	{r4, r5, r6, r7, r8, r9, r10, lr}
 4046              	.LCFI14:
 4047              		.cfi_def_cfa_offset 32
 4048              		.cfi_offset 4, -32
 4049              		.cfi_offset 5, -28
 4050              		.cfi_offset 6, -24
 4051              		.cfi_offset 7, -20
 4052              		.cfi_offset 8, -16
 4053              		.cfi_offset 9, -12
 4054              		.cfi_offset 10, -8
 4055              		.cfi_offset 14, -4
 4056 0004 0446     		mov	r4, r0
 4057 0006 8A46     		mov	r10, r1
 4058 0008 1646     		mov	r6, r2
 983:../../Drivers/STM32H7xx_HAL_Driver/Src/stm32h7xx_hal_dma.c ****   uint32_t cpltlevel_mask;
 4059              		.loc 1 983 3 is_stmt 1 view .LVU1282
 4060              	.LVL162:
 984:../../Drivers/STM32H7xx_HAL_Driver/Src/stm32h7xx_hal_dma.c ****   uint32_t tickstart = HAL_GetTick();
 4061              		.loc 1 984 3 view .LVU1283
 985:../../Drivers/STM32H7xx_HAL_Driver/Src/stm32h7xx_hal_dma.c **** 
 4062              		.loc 1 985 3 view .LVU1284
 985:../../Drivers/STM32H7xx_HAL_Driver/Src/stm32h7xx_hal_dma.c **** 
 4063              		.loc 1 985 24 is_stmt 0 view .LVU1285
ARM GAS  /var/folders/2r/mdtt8xvd351gdc398t28_m2m0000gn/T//ccdEwLBV.s 			page 127


 4064 000a FFF7FEFF 		bl	HAL_GetTick
 4065              	.LVL163:
 988:../../Drivers/STM32H7xx_HAL_Driver/Src/stm32h7xx_hal_dma.c ****   /* IT clear flag register */
 4066              		.loc 1 988 3 is_stmt 1 view .LVU1286
 990:../../Drivers/STM32H7xx_HAL_Driver/Src/stm32h7xx_hal_dma.c **** 
 4067              		.loc 1 990 3 view .LVU1287
 993:../../Drivers/STM32H7xx_HAL_Driver/Src/stm32h7xx_hal_dma.c ****   {
 4068              		.loc 1 993 3 view .LVU1288
 993:../../Drivers/STM32H7xx_HAL_Driver/Src/stm32h7xx_hal_dma.c ****   {
 4069              		.loc 1 993 5 is_stmt 0 view .LVU1289
 4070 000e 002C     		cmp	r4, #0
 4071 0010 00F00E82 		beq	.L225
 4072 0014 8146     		mov	r9, r0
 998:../../Drivers/STM32H7xx_HAL_Driver/Src/stm32h7xx_hal_dma.c ****   {
 4073              		.loc 1 998 3 is_stmt 1 view .LVU1290
 998:../../Drivers/STM32H7xx_HAL_Driver/Src/stm32h7xx_hal_dma.c ****   {
 4074              		.loc 1 998 32 is_stmt 0 view .LVU1291
 4075 0016 94F83530 		ldrb	r3, [r4, #53]	@ zero_extendqisi2
 998:../../Drivers/STM32H7xx_HAL_Driver/Src/stm32h7xx_hal_dma.c ****   {
 4076              		.loc 1 998 5 view .LVU1292
 4077 001a 022B     		cmp	r3, #2
 4078 001c 07D0     		beq	.L199
1001:../../Drivers/STM32H7xx_HAL_Driver/Src/stm32h7xx_hal_dma.c ****     __HAL_UNLOCK(hdma);
 4079              		.loc 1 1001 5 is_stmt 1 view .LVU1293
1001:../../Drivers/STM32H7xx_HAL_Driver/Src/stm32h7xx_hal_dma.c ****     __HAL_UNLOCK(hdma);
 4080              		.loc 1 1001 21 is_stmt 0 view .LVU1294
 4081 001e 8023     		movs	r3, #128
 4082 0020 6365     		str	r3, [r4, #84]
1002:../../Drivers/STM32H7xx_HAL_Driver/Src/stm32h7xx_hal_dma.c **** 
 4083              		.loc 1 1002 5 is_stmt 1 view .LVU1295
1002:../../Drivers/STM32H7xx_HAL_Driver/Src/stm32h7xx_hal_dma.c **** 
 4084              		.loc 1 1002 5 view .LVU1296
 4085 0022 0023     		movs	r3, #0
 4086 0024 84F83430 		strb	r3, [r4, #52]
1002:../../Drivers/STM32H7xx_HAL_Driver/Src/stm32h7xx_hal_dma.c **** 
 4087              		.loc 1 1002 5 view .LVU1297
1004:../../Drivers/STM32H7xx_HAL_Driver/Src/stm32h7xx_hal_dma.c ****   }
 4088              		.loc 1 1004 5 view .LVU1298
1004:../../Drivers/STM32H7xx_HAL_Driver/Src/stm32h7xx_hal_dma.c ****   }
 4089              		.loc 1 1004 12 is_stmt 0 view .LVU1299
 4090 0028 0120     		movs	r0, #1
 4091              	.LVL164:
 4092              	.L198:
1200:../../Drivers/STM32H7xx_HAL_Driver/Src/stm32h7xx_hal_dma.c **** 
 4093              		.loc 1 1200 1 view .LVU1300
 4094 002a BDE8F087 		pop	{r4, r5, r6, r7, r8, r9, r10, pc}
 4095              	.LVL165:
 4096              	.L199:
1007:../../Drivers/STM32H7xx_HAL_Driver/Src/stm32h7xx_hal_dma.c ****   {
 4097              		.loc 1 1007 3 is_stmt 1 view .LVU1301
1007:../../Drivers/STM32H7xx_HAL_Driver/Src/stm32h7xx_hal_dma.c ****   {
 4098              		.loc 1 1007 6 is_stmt 0 view .LVU1302
 4099 002e 2368     		ldr	r3, [r4]
 4100 0030 364A     		ldr	r2, .L233
 4101 0032 9342     		cmp	r3, r2
 4102 0034 3ED0     		beq	.L200
1007:../../Drivers/STM32H7xx_HAL_Driver/Src/stm32h7xx_hal_dma.c ****   {
ARM GAS  /var/folders/2r/mdtt8xvd351gdc398t28_m2m0000gn/T//ccdEwLBV.s 			page 128


 4103              		.loc 1 1007 6 discriminator 2 view .LVU1303
 4104 0036 1832     		adds	r2, r2, #24
 4105 0038 9342     		cmp	r3, r2
 4106 003a 3BD0     		beq	.L200
1007:../../Drivers/STM32H7xx_HAL_Driver/Src/stm32h7xx_hal_dma.c ****   {
 4107              		.loc 1 1007 6 discriminator 4 view .LVU1304
 4108 003c 1832     		adds	r2, r2, #24
 4109 003e 9342     		cmp	r3, r2
 4110 0040 38D0     		beq	.L200
1007:../../Drivers/STM32H7xx_HAL_Driver/Src/stm32h7xx_hal_dma.c ****   {
 4111              		.loc 1 1007 6 discriminator 6 view .LVU1305
 4112 0042 1832     		adds	r2, r2, #24
 4113 0044 9342     		cmp	r3, r2
 4114 0046 35D0     		beq	.L200
1007:../../Drivers/STM32H7xx_HAL_Driver/Src/stm32h7xx_hal_dma.c ****   {
 4115              		.loc 1 1007 6 discriminator 8 view .LVU1306
 4116 0048 1832     		adds	r2, r2, #24
 4117 004a 9342     		cmp	r3, r2
 4118 004c 32D0     		beq	.L200
1007:../../Drivers/STM32H7xx_HAL_Driver/Src/stm32h7xx_hal_dma.c ****   {
 4119              		.loc 1 1007 6 discriminator 10 view .LVU1307
 4120 004e 1832     		adds	r2, r2, #24
 4121 0050 9342     		cmp	r3, r2
 4122 0052 2FD0     		beq	.L200
1007:../../Drivers/STM32H7xx_HAL_Driver/Src/stm32h7xx_hal_dma.c ****   {
 4123              		.loc 1 1007 6 discriminator 12 view .LVU1308
 4124 0054 1832     		adds	r2, r2, #24
 4125 0056 9342     		cmp	r3, r2
 4126 0058 2CD0     		beq	.L200
1007:../../Drivers/STM32H7xx_HAL_Driver/Src/stm32h7xx_hal_dma.c ****   {
 4127              		.loc 1 1007 6 discriminator 14 view .LVU1309
 4128 005a 1832     		adds	r2, r2, #24
 4129 005c 9342     		cmp	r3, r2
 4130 005e 29D0     		beq	.L200
1007:../../Drivers/STM32H7xx_HAL_Driver/Src/stm32h7xx_hal_dma.c ****   {
 4131              		.loc 1 1007 6 discriminator 16 view .LVU1310
 4132 0060 02F55672 		add	r2, r2, #856
 4133 0064 9342     		cmp	r3, r2
 4134 0066 25D0     		beq	.L200
1007:../../Drivers/STM32H7xx_HAL_Driver/Src/stm32h7xx_hal_dma.c ****   {
 4135              		.loc 1 1007 6 discriminator 18 view .LVU1311
 4136 0068 1832     		adds	r2, r2, #24
 4137 006a 9342     		cmp	r3, r2
 4138 006c 22D0     		beq	.L200
1007:../../Drivers/STM32H7xx_HAL_Driver/Src/stm32h7xx_hal_dma.c ****   {
 4139              		.loc 1 1007 6 discriminator 20 view .LVU1312
 4140 006e 1832     		adds	r2, r2, #24
 4141 0070 9342     		cmp	r3, r2
 4142 0072 1FD0     		beq	.L200
1007:../../Drivers/STM32H7xx_HAL_Driver/Src/stm32h7xx_hal_dma.c ****   {
 4143              		.loc 1 1007 6 discriminator 22 view .LVU1313
 4144 0074 1832     		adds	r2, r2, #24
 4145 0076 9342     		cmp	r3, r2
 4146 0078 1CD0     		beq	.L200
1007:../../Drivers/STM32H7xx_HAL_Driver/Src/stm32h7xx_hal_dma.c ****   {
 4147              		.loc 1 1007 6 discriminator 24 view .LVU1314
 4148 007a 1832     		adds	r2, r2, #24
ARM GAS  /var/folders/2r/mdtt8xvd351gdc398t28_m2m0000gn/T//ccdEwLBV.s 			page 129


 4149 007c 9342     		cmp	r3, r2
 4150 007e 19D0     		beq	.L200
1007:../../Drivers/STM32H7xx_HAL_Driver/Src/stm32h7xx_hal_dma.c ****   {
 4151              		.loc 1 1007 6 discriminator 26 view .LVU1315
 4152 0080 1832     		adds	r2, r2, #24
 4153 0082 9342     		cmp	r3, r2
 4154 0084 16D0     		beq	.L200
1007:../../Drivers/STM32H7xx_HAL_Driver/Src/stm32h7xx_hal_dma.c ****   {
 4155              		.loc 1 1007 6 discriminator 28 view .LVU1316
 4156 0086 1832     		adds	r2, r2, #24
 4157 0088 9342     		cmp	r3, r2
 4158 008a 13D0     		beq	.L200
1007:../../Drivers/STM32H7xx_HAL_Driver/Src/stm32h7xx_hal_dma.c ****   {
 4159              		.loc 1 1007 6 discriminator 30 view .LVU1317
 4160 008c 1832     		adds	r2, r2, #24
 4161 008e 9342     		cmp	r3, r2
 4162 0090 10D0     		beq	.L200
1034:../../Drivers/STM32H7xx_HAL_Driver/Src/stm32h7xx_hal_dma.c ****     {
 4163              		.loc 1 1034 5 is_stmt 1 view .LVU1318
1034:../../Drivers/STM32H7xx_HAL_Driver/Src/stm32h7xx_hal_dma.c ****     {
 4164              		.loc 1 1034 52 is_stmt 0 view .LVU1319
 4165 0092 1B68     		ldr	r3, [r3]
1034:../../Drivers/STM32H7xx_HAL_Driver/Src/stm32h7xx_hal_dma.c ****     {
 4166              		.loc 1 1034 8 view .LVU1320
 4167 0094 13F0200F 		tst	r3, #32
 4168 0098 2AD1     		bne	.L228
1041:../../Drivers/STM32H7xx_HAL_Driver/Src/stm32h7xx_hal_dma.c ****     {
 4169              		.loc 1 1041 5 is_stmt 1 view .LVU1321
1041:../../Drivers/STM32H7xx_HAL_Driver/Src/stm32h7xx_hal_dma.c ****     {
 4170              		.loc 1 1041 7 is_stmt 0 view .LVU1322
 4171 009a 5346     		mov	r3, r10
 4172 009c 6BBB     		cbnz	r3, .L207
1044:../../Drivers/STM32H7xx_HAL_Driver/Src/stm32h7xx_hal_dma.c ****     }
 4173              		.loc 1 1044 7 is_stmt 1 view .LVU1323
1044:../../Drivers/STM32H7xx_HAL_Driver/Src/stm32h7xx_hal_dma.c ****     }
 4174              		.loc 1 1044 46 is_stmt 0 view .LVU1324
 4175 009e E36D     		ldr	r3, [r4, #92]
1044:../../Drivers/STM32H7xx_HAL_Driver/Src/stm32h7xx_hal_dma.c ****     }
 4176              		.loc 1 1044 60 view .LVU1325
 4177 00a0 03F01F03 		and	r3, r3, #31
1044:../../Drivers/STM32H7xx_HAL_Driver/Src/stm32h7xx_hal_dma.c ****     }
 4178              		.loc 1 1044 22 view .LVU1326
 4179 00a4 4FF00208 		mov	r8, #2
 4180 00a8 08FA03F8 		lsl	r8, r8, r3
 4181              	.LVL166:
 4182              	.L208:
1052:../../Drivers/STM32H7xx_HAL_Driver/Src/stm32h7xx_hal_dma.c ****     ifcr_reg = &(((BDMA_Base_Registers *)hdma->StreamBaseAddress)->IFCR);
 4183              		.loc 1 1052 5 is_stmt 1 view .LVU1327
1052:../../Drivers/STM32H7xx_HAL_Driver/Src/stm32h7xx_hal_dma.c ****     ifcr_reg = &(((BDMA_Base_Registers *)hdma->StreamBaseAddress)->IFCR);
 4184              		.loc 1 1052 46 is_stmt 0 view .LVU1328
 4185 00ac A76D     		ldr	r7, [r4, #88]
1052:../../Drivers/STM32H7xx_HAL_Driver/Src/stm32h7xx_hal_dma.c ****     ifcr_reg = &(((BDMA_Base_Registers *)hdma->StreamBaseAddress)->IFCR);
 4186              		.loc 1 1052 14 view .LVU1329
 4187 00ae 3D46     		mov	r5, r7
 4188              	.LVL167:
1053:../../Drivers/STM32H7xx_HAL_Driver/Src/stm32h7xx_hal_dma.c ****   }
 4189              		.loc 1 1053 5 is_stmt 1 view .LVU1330
ARM GAS  /var/folders/2r/mdtt8xvd351gdc398t28_m2m0000gn/T//ccdEwLBV.s 			page 130


1053:../../Drivers/STM32H7xx_HAL_Driver/Src/stm32h7xx_hal_dma.c ****   }
 4190              		.loc 1 1053 14 is_stmt 0 view .LVU1331
 4191 00b0 0437     		adds	r7, r7, #4
 4192              	.LVL168:
1053:../../Drivers/STM32H7xx_HAL_Driver/Src/stm32h7xx_hal_dma.c ****   }
 4193              		.loc 1 1053 14 view .LVU1332
 4194 00b2 B7E0     		b	.L219
 4195              	.LVL169:
 4196              	.L200:
1010:../../Drivers/STM32H7xx_HAL_Driver/Src/stm32h7xx_hal_dma.c ****     {
 4197              		.loc 1 1010 5 is_stmt 1 view .LVU1333
1010:../../Drivers/STM32H7xx_HAL_Driver/Src/stm32h7xx_hal_dma.c ****     {
 4198              		.loc 1 1010 50 is_stmt 0 view .LVU1334
 4199 00b4 1B68     		ldr	r3, [r3]
1010:../../Drivers/STM32H7xx_HAL_Driver/Src/stm32h7xx_hal_dma.c ****     {
 4200              		.loc 1 1010 8 view .LVU1335
 4201 00b6 13F4807F 		tst	r3, #256
 4202 00ba 0CD1     		bne	.L229
1017:../../Drivers/STM32H7xx_HAL_Driver/Src/stm32h7xx_hal_dma.c ****     {
 4203              		.loc 1 1017 5 is_stmt 1 view .LVU1336
1017:../../Drivers/STM32H7xx_HAL_Driver/Src/stm32h7xx_hal_dma.c ****     {
 4204              		.loc 1 1017 7 is_stmt 0 view .LVU1337
 4205 00bc 5346     		mov	r3, r10
 4206 00be 7BB9     		cbnz	r3, .L204
1020:../../Drivers/STM32H7xx_HAL_Driver/Src/stm32h7xx_hal_dma.c ****     }
 4207              		.loc 1 1020 7 is_stmt 1 view .LVU1338
1020:../../Drivers/STM32H7xx_HAL_Driver/Src/stm32h7xx_hal_dma.c ****     }
 4208              		.loc 1 1020 49 is_stmt 0 view .LVU1339
 4209 00c0 E36D     		ldr	r3, [r4, #92]
1020:../../Drivers/STM32H7xx_HAL_Driver/Src/stm32h7xx_hal_dma.c ****     }
 4210              		.loc 1 1020 63 view .LVU1340
 4211 00c2 03F01F03 		and	r3, r3, #31
1020:../../Drivers/STM32H7xx_HAL_Driver/Src/stm32h7xx_hal_dma.c ****     }
 4212              		.loc 1 1020 22 view .LVU1341
 4213 00c6 4FF02008 		mov	r8, #32
 4214 00ca 08FA03F8 		lsl	r8, r8, r3
 4215              	.LVL170:
 4216              	.L205:
1028:../../Drivers/STM32H7xx_HAL_Driver/Src/stm32h7xx_hal_dma.c ****     ifcr_reg = &(((DMA_Base_Registers *)hdma->StreamBaseAddress)->IFCR);
 4217              		.loc 1 1028 5 is_stmt 1 view .LVU1342
1028:../../Drivers/STM32H7xx_HAL_Driver/Src/stm32h7xx_hal_dma.c ****     ifcr_reg = &(((DMA_Base_Registers *)hdma->StreamBaseAddress)->IFCR);
 4218              		.loc 1 1028 45 is_stmt 0 view .LVU1343
 4219 00ce A76D     		ldr	r7, [r4, #88]
1028:../../Drivers/STM32H7xx_HAL_Driver/Src/stm32h7xx_hal_dma.c ****     ifcr_reg = &(((DMA_Base_Registers *)hdma->StreamBaseAddress)->IFCR);
 4220              		.loc 1 1028 14 view .LVU1344
 4221 00d0 3D46     		mov	r5, r7
 4222              	.LVL171:
1029:../../Drivers/STM32H7xx_HAL_Driver/Src/stm32h7xx_hal_dma.c ****   }
 4223              		.loc 1 1029 5 is_stmt 1 view .LVU1345
1029:../../Drivers/STM32H7xx_HAL_Driver/Src/stm32h7xx_hal_dma.c ****   }
 4224              		.loc 1 1029 14 is_stmt 0 view .LVU1346
 4225 00d2 0837     		adds	r7, r7, #8
 4226              	.LVL172:
1029:../../Drivers/STM32H7xx_HAL_Driver/Src/stm32h7xx_hal_dma.c ****   }
 4227              		.loc 1 1029 14 view .LVU1347
 4228 00d4 A6E0     		b	.L219
 4229              	.LVL173:
ARM GAS  /var/folders/2r/mdtt8xvd351gdc398t28_m2m0000gn/T//ccdEwLBV.s 			page 131


 4230              	.L229:
1012:../../Drivers/STM32H7xx_HAL_Driver/Src/stm32h7xx_hal_dma.c ****       return HAL_ERROR;
 4231              		.loc 1 1012 7 is_stmt 1 view .LVU1348
1012:../../Drivers/STM32H7xx_HAL_Driver/Src/stm32h7xx_hal_dma.c ****       return HAL_ERROR;
 4232              		.loc 1 1012 23 is_stmt 0 view .LVU1349
 4233 00d6 4FF48073 		mov	r3, #256
 4234 00da 6365     		str	r3, [r4, #84]
1013:../../Drivers/STM32H7xx_HAL_Driver/Src/stm32h7xx_hal_dma.c ****     }
 4235              		.loc 1 1013 7 is_stmt 1 view .LVU1350
1013:../../Drivers/STM32H7xx_HAL_Driver/Src/stm32h7xx_hal_dma.c ****     }
 4236              		.loc 1 1013 14 is_stmt 0 view .LVU1351
 4237 00dc 0120     		movs	r0, #1
 4238              	.LVL174:
1013:../../Drivers/STM32H7xx_HAL_Driver/Src/stm32h7xx_hal_dma.c ****     }
 4239              		.loc 1 1013 14 view .LVU1352
 4240 00de A4E7     		b	.L198
 4241              	.LVL175:
 4242              	.L204:
1025:../../Drivers/STM32H7xx_HAL_Driver/Src/stm32h7xx_hal_dma.c ****     }
 4243              		.loc 1 1025 7 is_stmt 1 view .LVU1353
1025:../../Drivers/STM32H7xx_HAL_Driver/Src/stm32h7xx_hal_dma.c ****     }
 4244              		.loc 1 1025 49 is_stmt 0 view .LVU1354
 4245 00e0 E36D     		ldr	r3, [r4, #92]
1025:../../Drivers/STM32H7xx_HAL_Driver/Src/stm32h7xx_hal_dma.c ****     }
 4246              		.loc 1 1025 63 view .LVU1355
 4247 00e2 03F01F03 		and	r3, r3, #31
1025:../../Drivers/STM32H7xx_HAL_Driver/Src/stm32h7xx_hal_dma.c ****     }
 4248              		.loc 1 1025 22 view .LVU1356
 4249 00e6 4FF01008 		mov	r8, #16
 4250 00ea 08FA03F8 		lsl	r8, r8, r3
 4251 00ee EEE7     		b	.L205
 4252              	.L228:
1036:../../Drivers/STM32H7xx_HAL_Driver/Src/stm32h7xx_hal_dma.c ****       return HAL_ERROR;
 4253              		.loc 1 1036 7 is_stmt 1 view .LVU1357
1036:../../Drivers/STM32H7xx_HAL_Driver/Src/stm32h7xx_hal_dma.c ****       return HAL_ERROR;
 4254              		.loc 1 1036 23 is_stmt 0 view .LVU1358
 4255 00f0 4FF48073 		mov	r3, #256
 4256 00f4 6365     		str	r3, [r4, #84]
1037:../../Drivers/STM32H7xx_HAL_Driver/Src/stm32h7xx_hal_dma.c ****     }
 4257              		.loc 1 1037 7 is_stmt 1 view .LVU1359
1037:../../Drivers/STM32H7xx_HAL_Driver/Src/stm32h7xx_hal_dma.c ****     }
 4258              		.loc 1 1037 14 is_stmt 0 view .LVU1360
 4259 00f6 0120     		movs	r0, #1
 4260              	.LVL176:
1037:../../Drivers/STM32H7xx_HAL_Driver/Src/stm32h7xx_hal_dma.c ****     }
 4261              		.loc 1 1037 14 view .LVU1361
 4262 00f8 97E7     		b	.L198
 4263              	.LVL177:
 4264              	.L207:
1049:../../Drivers/STM32H7xx_HAL_Driver/Src/stm32h7xx_hal_dma.c ****     }
 4265              		.loc 1 1049 7 is_stmt 1 view .LVU1362
1049:../../Drivers/STM32H7xx_HAL_Driver/Src/stm32h7xx_hal_dma.c ****     }
 4266              		.loc 1 1049 46 is_stmt 0 view .LVU1363
 4267 00fa E36D     		ldr	r3, [r4, #92]
1049:../../Drivers/STM32H7xx_HAL_Driver/Src/stm32h7xx_hal_dma.c ****     }
 4268              		.loc 1 1049 60 view .LVU1364
 4269 00fc 03F01F03 		and	r3, r3, #31
ARM GAS  /var/folders/2r/mdtt8xvd351gdc398t28_m2m0000gn/T//ccdEwLBV.s 			page 132


1049:../../Drivers/STM32H7xx_HAL_Driver/Src/stm32h7xx_hal_dma.c ****     }
 4270              		.loc 1 1049 22 view .LVU1365
 4271 0100 4FF00408 		mov	r8, #4
 4272 0104 08FA03F8 		lsl	r8, r8, r3
 4273 0108 D0E7     		b	.L208
 4274              	.L234:
 4275 010a 00BF     		.align	2
 4276              	.L233:
 4277 010c 10000240 		.word	1073872912
 4278              	.LVL178:
 4279              	.L209:
1060:../../Drivers/STM32H7xx_HAL_Driver/Src/stm32h7xx_hal_dma.c ****       {
 4280              		.loc 1 1060 7 is_stmt 1 view .LVU1366
1060:../../Drivers/STM32H7xx_HAL_Driver/Src/stm32h7xx_hal_dma.c ****       {
 4281              		.loc 1 1060 12 is_stmt 0 view .LVU1367
 4282 0110 2A68     		ldr	r2, [r5]
1060:../../Drivers/STM32H7xx_HAL_Driver/Src/stm32h7xx_hal_dma.c ****       {
 4283              		.loc 1 1060 50 view .LVU1368
 4284 0112 E36D     		ldr	r3, [r4, #92]
1060:../../Drivers/STM32H7xx_HAL_Driver/Src/stm32h7xx_hal_dma.c ****       {
 4285              		.loc 1 1060 64 view .LVU1369
 4286 0114 03F01F03 		and	r3, r3, #31
1060:../../Drivers/STM32H7xx_HAL_Driver/Src/stm32h7xx_hal_dma.c ****       {
 4287              		.loc 1 1060 75 view .LVU1370
 4288 0118 DA40     		lsrs	r2, r2, r3
1060:../../Drivers/STM32H7xx_HAL_Driver/Src/stm32h7xx_hal_dma.c ****       {
 4289              		.loc 1 1060 9 view .LVU1371
 4290 011a 12F0010F 		tst	r2, #1
 4291 011e 07D0     		beq	.L212
1063:../../Drivers/STM32H7xx_HAL_Driver/Src/stm32h7xx_hal_dma.c **** 
 4292              		.loc 1 1063 9 is_stmt 1 view .LVU1372
1063:../../Drivers/STM32H7xx_HAL_Driver/Src/stm32h7xx_hal_dma.c **** 
 4293              		.loc 1 1063 13 is_stmt 0 view .LVU1373
 4294 0120 626D     		ldr	r2, [r4, #84]
1063:../../Drivers/STM32H7xx_HAL_Driver/Src/stm32h7xx_hal_dma.c **** 
 4295              		.loc 1 1063 25 view .LVU1374
 4296 0122 42F00202 		orr	r2, r2, #2
 4297 0126 6265     		str	r2, [r4, #84]
1066:../../Drivers/STM32H7xx_HAL_Driver/Src/stm32h7xx_hal_dma.c ****       }
 4298              		.loc 1 1066 9 is_stmt 1 view .LVU1375
1066:../../Drivers/STM32H7xx_HAL_Driver/Src/stm32h7xx_hal_dma.c ****       }
 4299              		.loc 1 1066 40 is_stmt 0 view .LVU1376
 4300 0128 0122     		movs	r2, #1
 4301 012a 02FA03F3 		lsl	r3, r2, r3
1066:../../Drivers/STM32H7xx_HAL_Driver/Src/stm32h7xx_hal_dma.c ****       }
 4302              		.loc 1 1066 21 view .LVU1377
 4303 012e 3B60     		str	r3, [r7]
 4304              	.L212:
1069:../../Drivers/STM32H7xx_HAL_Driver/Src/stm32h7xx_hal_dma.c ****       {
 4305              		.loc 1 1069 7 is_stmt 1 view .LVU1378
1069:../../Drivers/STM32H7xx_HAL_Driver/Src/stm32h7xx_hal_dma.c ****       {
 4306              		.loc 1 1069 12 is_stmt 0 view .LVU1379
 4307 0130 2968     		ldr	r1, [r5]
1069:../../Drivers/STM32H7xx_HAL_Driver/Src/stm32h7xx_hal_dma.c ****       {
 4308              		.loc 1 1069 51 view .LVU1380
 4309 0132 E36D     		ldr	r3, [r4, #92]
1069:../../Drivers/STM32H7xx_HAL_Driver/Src/stm32h7xx_hal_dma.c ****       {
ARM GAS  /var/folders/2r/mdtt8xvd351gdc398t28_m2m0000gn/T//ccdEwLBV.s 			page 133


 4310              		.loc 1 1069 65 view .LVU1381
 4311 0134 03F01F02 		and	r2, r3, #31
1069:../../Drivers/STM32H7xx_HAL_Driver/Src/stm32h7xx_hal_dma.c ****       {
 4312              		.loc 1 1069 43 view .LVU1382
 4313 0138 0423     		movs	r3, #4
 4314 013a 9340     		lsls	r3, r3, r2
1069:../../Drivers/STM32H7xx_HAL_Driver/Src/stm32h7xx_hal_dma.c ****       {
 4315              		.loc 1 1069 9 view .LVU1383
 4316 013c 1942     		tst	r1, r3
 4317 013e 04D0     		beq	.L213
1072:../../Drivers/STM32H7xx_HAL_Driver/Src/stm32h7xx_hal_dma.c **** 
 4318              		.loc 1 1072 9 is_stmt 1 view .LVU1384
1072:../../Drivers/STM32H7xx_HAL_Driver/Src/stm32h7xx_hal_dma.c **** 
 4319              		.loc 1 1072 13 is_stmt 0 view .LVU1385
 4320 0140 626D     		ldr	r2, [r4, #84]
1072:../../Drivers/STM32H7xx_HAL_Driver/Src/stm32h7xx_hal_dma.c **** 
 4321              		.loc 1 1072 25 view .LVU1386
 4322 0142 42F00402 		orr	r2, r2, #4
 4323 0146 6265     		str	r2, [r4, #84]
1075:../../Drivers/STM32H7xx_HAL_Driver/Src/stm32h7xx_hal_dma.c ****       }
 4324              		.loc 1 1075 9 is_stmt 1 view .LVU1387
1075:../../Drivers/STM32H7xx_HAL_Driver/Src/stm32h7xx_hal_dma.c ****       }
 4325              		.loc 1 1075 21 is_stmt 0 view .LVU1388
 4326 0148 3B60     		str	r3, [r7]
 4327              	.L213:
1078:../../Drivers/STM32H7xx_HAL_Driver/Src/stm32h7xx_hal_dma.c ****       {
 4328              		.loc 1 1078 7 is_stmt 1 view .LVU1389
1078:../../Drivers/STM32H7xx_HAL_Driver/Src/stm32h7xx_hal_dma.c ****       {
 4329              		.loc 1 1078 12 is_stmt 0 view .LVU1390
 4330 014a 2968     		ldr	r1, [r5]
1078:../../Drivers/STM32H7xx_HAL_Driver/Src/stm32h7xx_hal_dma.c ****       {
 4331              		.loc 1 1078 50 view .LVU1391
 4332 014c E36D     		ldr	r3, [r4, #92]
1078:../../Drivers/STM32H7xx_HAL_Driver/Src/stm32h7xx_hal_dma.c ****       {
 4333              		.loc 1 1078 64 view .LVU1392
 4334 014e 03F01F02 		and	r2, r3, #31
1078:../../Drivers/STM32H7xx_HAL_Driver/Src/stm32h7xx_hal_dma.c ****       {
 4335              		.loc 1 1078 42 view .LVU1393
 4336 0152 0823     		movs	r3, #8
 4337 0154 9340     		lsls	r3, r3, r2
1078:../../Drivers/STM32H7xx_HAL_Driver/Src/stm32h7xx_hal_dma.c ****       {
 4338              		.loc 1 1078 9 view .LVU1394
 4339 0156 1942     		tst	r1, r3
 4340 0158 40F0BE80 		bne	.L230
 4341              	.L211:
1118:../../Drivers/STM32H7xx_HAL_Driver/Src/stm32h7xx_hal_dma.c ****     {
 4342              		.loc 1 1118 5 is_stmt 1 view .LVU1395
1118:../../Drivers/STM32H7xx_HAL_Driver/Src/stm32h7xx_hal_dma.c ****     {
 4343              		.loc 1 1118 7 is_stmt 0 view .LVU1396
 4344 015c B6F1FF3F 		cmp	r6, #-1
 4345 0160 40F0C680 		bne	.L231
 4346              	.L214:
1139:../../Drivers/STM32H7xx_HAL_Driver/Src/stm32h7xx_hal_dma.c ****     {
 4347              		.loc 1 1139 5 is_stmt 1 view .LVU1397
1139:../../Drivers/STM32H7xx_HAL_Driver/Src/stm32h7xx_hal_dma.c ****     {
 4348              		.loc 1 1139 8 is_stmt 0 view .LVU1398
 4349 0164 2368     		ldr	r3, [r4]
ARM GAS  /var/folders/2r/mdtt8xvd351gdc398t28_m2m0000gn/T//ccdEwLBV.s 			page 134


 4350 0166 8F4A     		ldr	r2, .L235
 4351 0168 9342     		cmp	r3, r2
 4352 016a 45D0     		beq	.L216
1139:../../Drivers/STM32H7xx_HAL_Driver/Src/stm32h7xx_hal_dma.c ****     {
 4353              		.loc 1 1139 8 discriminator 2 view .LVU1399
 4354 016c 1832     		adds	r2, r2, #24
 4355 016e 9342     		cmp	r3, r2
 4356 0170 42D0     		beq	.L216
1139:../../Drivers/STM32H7xx_HAL_Driver/Src/stm32h7xx_hal_dma.c ****     {
 4357              		.loc 1 1139 8 discriminator 4 view .LVU1400
 4358 0172 1832     		adds	r2, r2, #24
 4359 0174 9342     		cmp	r3, r2
 4360 0176 3FD0     		beq	.L216
1139:../../Drivers/STM32H7xx_HAL_Driver/Src/stm32h7xx_hal_dma.c ****     {
 4361              		.loc 1 1139 8 discriminator 6 view .LVU1401
 4362 0178 1832     		adds	r2, r2, #24
 4363 017a 9342     		cmp	r3, r2
 4364 017c 3CD0     		beq	.L216
1139:../../Drivers/STM32H7xx_HAL_Driver/Src/stm32h7xx_hal_dma.c ****     {
 4365              		.loc 1 1139 8 discriminator 8 view .LVU1402
 4366 017e 1832     		adds	r2, r2, #24
 4367 0180 9342     		cmp	r3, r2
 4368 0182 39D0     		beq	.L216
1139:../../Drivers/STM32H7xx_HAL_Driver/Src/stm32h7xx_hal_dma.c ****     {
 4369              		.loc 1 1139 8 discriminator 10 view .LVU1403
 4370 0184 1832     		adds	r2, r2, #24
 4371 0186 9342     		cmp	r3, r2
 4372 0188 36D0     		beq	.L216
1139:../../Drivers/STM32H7xx_HAL_Driver/Src/stm32h7xx_hal_dma.c ****     {
 4373              		.loc 1 1139 8 discriminator 12 view .LVU1404
 4374 018a 1832     		adds	r2, r2, #24
 4375 018c 9342     		cmp	r3, r2
 4376 018e 33D0     		beq	.L216
1139:../../Drivers/STM32H7xx_HAL_Driver/Src/stm32h7xx_hal_dma.c ****     {
 4377              		.loc 1 1139 8 discriminator 14 view .LVU1405
 4378 0190 1832     		adds	r2, r2, #24
 4379 0192 9342     		cmp	r3, r2
 4380 0194 30D0     		beq	.L216
1139:../../Drivers/STM32H7xx_HAL_Driver/Src/stm32h7xx_hal_dma.c ****     {
 4381              		.loc 1 1139 8 discriminator 16 view .LVU1406
 4382 0196 02F55672 		add	r2, r2, #856
 4383 019a 9342     		cmp	r3, r2
 4384 019c 2CD0     		beq	.L216
1139:../../Drivers/STM32H7xx_HAL_Driver/Src/stm32h7xx_hal_dma.c ****     {
 4385              		.loc 1 1139 8 discriminator 18 view .LVU1407
 4386 019e 1832     		adds	r2, r2, #24
 4387 01a0 9342     		cmp	r3, r2
 4388 01a2 29D0     		beq	.L216
1139:../../Drivers/STM32H7xx_HAL_Driver/Src/stm32h7xx_hal_dma.c ****     {
 4389              		.loc 1 1139 8 discriminator 20 view .LVU1408
 4390 01a4 1832     		adds	r2, r2, #24
 4391 01a6 9342     		cmp	r3, r2
 4392 01a8 26D0     		beq	.L216
1139:../../Drivers/STM32H7xx_HAL_Driver/Src/stm32h7xx_hal_dma.c ****     {
 4393              		.loc 1 1139 8 discriminator 22 view .LVU1409
 4394 01aa 1832     		adds	r2, r2, #24
 4395 01ac 9342     		cmp	r3, r2
ARM GAS  /var/folders/2r/mdtt8xvd351gdc398t28_m2m0000gn/T//ccdEwLBV.s 			page 135


 4396 01ae 23D0     		beq	.L216
1139:../../Drivers/STM32H7xx_HAL_Driver/Src/stm32h7xx_hal_dma.c ****     {
 4397              		.loc 1 1139 8 discriminator 24 view .LVU1410
 4398 01b0 1832     		adds	r2, r2, #24
 4399 01b2 9342     		cmp	r3, r2
 4400 01b4 20D0     		beq	.L216
1139:../../Drivers/STM32H7xx_HAL_Driver/Src/stm32h7xx_hal_dma.c ****     {
 4401              		.loc 1 1139 8 discriminator 26 view .LVU1411
 4402 01b6 1832     		adds	r2, r2, #24
 4403 01b8 9342     		cmp	r3, r2
 4404 01ba 1DD0     		beq	.L216
1139:../../Drivers/STM32H7xx_HAL_Driver/Src/stm32h7xx_hal_dma.c ****     {
 4405              		.loc 1 1139 8 discriminator 28 view .LVU1412
 4406 01bc 1832     		adds	r2, r2, #24
 4407 01be 9342     		cmp	r3, r2
 4408 01c0 1AD0     		beq	.L216
1139:../../Drivers/STM32H7xx_HAL_Driver/Src/stm32h7xx_hal_dma.c ****     {
 4409              		.loc 1 1139 8 discriminator 30 view .LVU1413
 4410 01c2 1832     		adds	r2, r2, #24
 4411 01c4 9342     		cmp	r3, r2
 4412 01c6 17D0     		beq	.L216
1139:../../Drivers/STM32H7xx_HAL_Driver/Src/stm32h7xx_hal_dma.c ****     {
 4413              		.loc 1 1139 8 discriminator 32 view .LVU1414
 4414 01c8 774A     		ldr	r2, .L235+4
 4415 01ca 9342     		cmp	r3, r2
 4416 01cc 14D0     		beq	.L216
1139:../../Drivers/STM32H7xx_HAL_Driver/Src/stm32h7xx_hal_dma.c ****     {
 4417              		.loc 1 1139 8 discriminator 34 view .LVU1415
 4418 01ce 1432     		adds	r2, r2, #20
 4419 01d0 9342     		cmp	r3, r2
 4420 01d2 11D0     		beq	.L216
1139:../../Drivers/STM32H7xx_HAL_Driver/Src/stm32h7xx_hal_dma.c ****     {
 4421              		.loc 1 1139 8 discriminator 36 view .LVU1416
 4422 01d4 1432     		adds	r2, r2, #20
 4423 01d6 9342     		cmp	r3, r2
 4424 01d8 0ED0     		beq	.L216
1139:../../Drivers/STM32H7xx_HAL_Driver/Src/stm32h7xx_hal_dma.c ****     {
 4425              		.loc 1 1139 8 discriminator 38 view .LVU1417
 4426 01da 1432     		adds	r2, r2, #20
 4427 01dc 9342     		cmp	r3, r2
 4428 01de 0BD0     		beq	.L216
1139:../../Drivers/STM32H7xx_HAL_Driver/Src/stm32h7xx_hal_dma.c ****     {
 4429              		.loc 1 1139 8 discriminator 40 view .LVU1418
 4430 01e0 1432     		adds	r2, r2, #20
 4431 01e2 9342     		cmp	r3, r2
 4432 01e4 08D0     		beq	.L216
1139:../../Drivers/STM32H7xx_HAL_Driver/Src/stm32h7xx_hal_dma.c ****     {
 4433              		.loc 1 1139 8 discriminator 42 view .LVU1419
 4434 01e6 1432     		adds	r2, r2, #20
 4435 01e8 9342     		cmp	r3, r2
 4436 01ea 05D0     		beq	.L216
1139:../../Drivers/STM32H7xx_HAL_Driver/Src/stm32h7xx_hal_dma.c ****     {
 4437              		.loc 1 1139 8 discriminator 44 view .LVU1420
 4438 01ec 1432     		adds	r2, r2, #20
 4439 01ee 9342     		cmp	r3, r2
 4440 01f0 02D0     		beq	.L216
1139:../../Drivers/STM32H7xx_HAL_Driver/Src/stm32h7xx_hal_dma.c ****     {
ARM GAS  /var/folders/2r/mdtt8xvd351gdc398t28_m2m0000gn/T//ccdEwLBV.s 			page 136


 4441              		.loc 1 1139 8 discriminator 46 view .LVU1421
 4442 01f2 1432     		adds	r2, r2, #20
 4443 01f4 9342     		cmp	r3, r2
 4444 01f6 15D1     		bne	.L219
 4445              	.L216:
1142:../../Drivers/STM32H7xx_HAL_Driver/Src/stm32h7xx_hal_dma.c ****       {
 4446              		.loc 1 1142 7 is_stmt 1 view .LVU1422
1142:../../Drivers/STM32H7xx_HAL_Driver/Src/stm32h7xx_hal_dma.c ****       {
 4447              		.loc 1 1142 14 is_stmt 0 view .LVU1423
 4448 01f8 E36E     		ldr	r3, [r4, #108]
1142:../../Drivers/STM32H7xx_HAL_Driver/Src/stm32h7xx_hal_dma.c ****       {
 4449              		.loc 1 1142 9 view .LVU1424
 4450 01fa 4BB1     		cbz	r3, .L218
1145:../../Drivers/STM32H7xx_HAL_Driver/Src/stm32h7xx_hal_dma.c ****         {
 4451              		.loc 1 1145 9 is_stmt 1 view .LVU1425
1145:../../Drivers/STM32H7xx_HAL_Driver/Src/stm32h7xx_hal_dma.c ****         {
 4452              		.loc 1 1145 17 is_stmt 0 view .LVU1426
 4453 01fc 236F     		ldr	r3, [r4, #112]
1145:../../Drivers/STM32H7xx_HAL_Driver/Src/stm32h7xx_hal_dma.c ****         {
 4454              		.loc 1 1145 41 view .LVU1427
 4455 01fe 1968     		ldr	r1, [r3]
1145:../../Drivers/STM32H7xx_HAL_Driver/Src/stm32h7xx_hal_dma.c ****         {
 4456              		.loc 1 1145 54 view .LVU1428
 4457 0200 626F     		ldr	r2, [r4, #116]
1145:../../Drivers/STM32H7xx_HAL_Driver/Src/stm32h7xx_hal_dma.c ****         {
 4458              		.loc 1 1145 11 view .LVU1429
 4459 0202 1142     		tst	r1, r2
 4460 0204 04D0     		beq	.L218
1148:../../Drivers/STM32H7xx_HAL_Driver/Src/stm32h7xx_hal_dma.c **** 
 4461              		.loc 1 1148 11 is_stmt 1 view .LVU1430
1148:../../Drivers/STM32H7xx_HAL_Driver/Src/stm32h7xx_hal_dma.c **** 
 4462              		.loc 1 1148 47 is_stmt 0 view .LVU1431
 4463 0206 5A60     		str	r2, [r3, #4]
1151:../../Drivers/STM32H7xx_HAL_Driver/Src/stm32h7xx_hal_dma.c ****         }
 4464              		.loc 1 1151 11 is_stmt 1 view .LVU1432
1151:../../Drivers/STM32H7xx_HAL_Driver/Src/stm32h7xx_hal_dma.c ****         }
 4465              		.loc 1 1151 15 is_stmt 0 view .LVU1433
 4466 0208 636D     		ldr	r3, [r4, #84]
1151:../../Drivers/STM32H7xx_HAL_Driver/Src/stm32h7xx_hal_dma.c ****         }
 4467              		.loc 1 1151 27 view .LVU1434
 4468 020a 43F48063 		orr	r3, r3, #1024
 4469 020e 6365     		str	r3, [r4, #84]
 4470              	.L218:
1156:../../Drivers/STM32H7xx_HAL_Driver/Src/stm32h7xx_hal_dma.c ****       {
 4471              		.loc 1 1156 7 is_stmt 1 view .LVU1435
1156:../../Drivers/STM32H7xx_HAL_Driver/Src/stm32h7xx_hal_dma.c ****       {
 4472              		.loc 1 1156 15 is_stmt 0 view .LVU1436
 4473 0210 636E     		ldr	r3, [r4, #100]
1156:../../Drivers/STM32H7xx_HAL_Driver/Src/stm32h7xx_hal_dma.c ****       {
 4474              		.loc 1 1156 36 view .LVU1437
 4475 0212 1968     		ldr	r1, [r3]
1156:../../Drivers/STM32H7xx_HAL_Driver/Src/stm32h7xx_hal_dma.c ****       {
 4476              		.loc 1 1156 48 view .LVU1438
 4477 0214 A26E     		ldr	r2, [r4, #104]
1156:../../Drivers/STM32H7xx_HAL_Driver/Src/stm32h7xx_hal_dma.c ****       {
 4478              		.loc 1 1156 9 view .LVU1439
 4479 0216 1142     		tst	r1, r2
ARM GAS  /var/folders/2r/mdtt8xvd351gdc398t28_m2m0000gn/T//ccdEwLBV.s 			page 137


 4480 0218 04D0     		beq	.L219
1159:../../Drivers/STM32H7xx_HAL_Driver/Src/stm32h7xx_hal_dma.c **** 
 4481              		.loc 1 1159 9 is_stmt 1 view .LVU1440
1159:../../Drivers/STM32H7xx_HAL_Driver/Src/stm32h7xx_hal_dma.c **** 
 4482              		.loc 1 1159 40 is_stmt 0 view .LVU1441
 4483 021a 5A60     		str	r2, [r3, #4]
1162:../../Drivers/STM32H7xx_HAL_Driver/Src/stm32h7xx_hal_dma.c ****       }
 4484              		.loc 1 1162 9 is_stmt 1 view .LVU1442
1162:../../Drivers/STM32H7xx_HAL_Driver/Src/stm32h7xx_hal_dma.c ****       }
 4485              		.loc 1 1162 13 is_stmt 0 view .LVU1443
 4486 021c 636D     		ldr	r3, [r4, #84]
1162:../../Drivers/STM32H7xx_HAL_Driver/Src/stm32h7xx_hal_dma.c ****       }
 4487              		.loc 1 1162 25 view .LVU1444
 4488 021e 43F40073 		orr	r3, r3, #512
 4489 0222 6365     		str	r3, [r4, #84]
 4490              	.L219:
1056:../../Drivers/STM32H7xx_HAL_Driver/Src/stm32h7xx_hal_dma.c ****   {
 4491              		.loc 1 1056 39 is_stmt 1 view .LVU1445
1056:../../Drivers/STM32H7xx_HAL_Driver/Src/stm32h7xx_hal_dma.c ****   {
 4492              		.loc 1 1056 11 is_stmt 0 view .LVU1446
 4493 0224 2B68     		ldr	r3, [r5]
1056:../../Drivers/STM32H7xx_HAL_Driver/Src/stm32h7xx_hal_dma.c ****   {
 4494              		.loc 1 1056 39 view .LVU1447
 4495 0226 13EA080F 		tst	r3, r8
 4496 022a 71D1     		bne	.L232
1058:../../Drivers/STM32H7xx_HAL_Driver/Src/stm32h7xx_hal_dma.c ****     {
 4497              		.loc 1 1058 5 is_stmt 1 view .LVU1448
1058:../../Drivers/STM32H7xx_HAL_Driver/Src/stm32h7xx_hal_dma.c ****     {
 4498              		.loc 1 1058 8 is_stmt 0 view .LVU1449
 4499 022c 2368     		ldr	r3, [r4]
 4500 022e 5D4A     		ldr	r2, .L235
 4501 0230 9342     		cmp	r3, r2
 4502 0232 3FF46DAF 		beq	.L209
1058:../../Drivers/STM32H7xx_HAL_Driver/Src/stm32h7xx_hal_dma.c ****     {
 4503              		.loc 1 1058 8 discriminator 2 view .LVU1450
 4504 0236 1832     		adds	r2, r2, #24
 4505 0238 9342     		cmp	r3, r2
 4506 023a 3FF469AF 		beq	.L209
1058:../../Drivers/STM32H7xx_HAL_Driver/Src/stm32h7xx_hal_dma.c ****     {
 4507              		.loc 1 1058 8 discriminator 4 view .LVU1451
 4508 023e 1832     		adds	r2, r2, #24
 4509 0240 9342     		cmp	r3, r2
 4510 0242 3FF465AF 		beq	.L209
1058:../../Drivers/STM32H7xx_HAL_Driver/Src/stm32h7xx_hal_dma.c ****     {
 4511              		.loc 1 1058 8 discriminator 6 view .LVU1452
 4512 0246 1832     		adds	r2, r2, #24
 4513 0248 9342     		cmp	r3, r2
 4514 024a 3FF461AF 		beq	.L209
1058:../../Drivers/STM32H7xx_HAL_Driver/Src/stm32h7xx_hal_dma.c ****     {
 4515              		.loc 1 1058 8 discriminator 8 view .LVU1453
 4516 024e 1832     		adds	r2, r2, #24
 4517 0250 9342     		cmp	r3, r2
 4518 0252 3FF45DAF 		beq	.L209
1058:../../Drivers/STM32H7xx_HAL_Driver/Src/stm32h7xx_hal_dma.c ****     {
 4519              		.loc 1 1058 8 discriminator 10 view .LVU1454
 4520 0256 1832     		adds	r2, r2, #24
 4521 0258 9342     		cmp	r3, r2
ARM GAS  /var/folders/2r/mdtt8xvd351gdc398t28_m2m0000gn/T//ccdEwLBV.s 			page 138


 4522 025a 3FF459AF 		beq	.L209
1058:../../Drivers/STM32H7xx_HAL_Driver/Src/stm32h7xx_hal_dma.c ****     {
 4523              		.loc 1 1058 8 discriminator 12 view .LVU1455
 4524 025e 1832     		adds	r2, r2, #24
 4525 0260 9342     		cmp	r3, r2
 4526 0262 3FF455AF 		beq	.L209
1058:../../Drivers/STM32H7xx_HAL_Driver/Src/stm32h7xx_hal_dma.c ****     {
 4527              		.loc 1 1058 8 discriminator 14 view .LVU1456
 4528 0266 1832     		adds	r2, r2, #24
 4529 0268 9342     		cmp	r3, r2
 4530 026a 3FF451AF 		beq	.L209
1058:../../Drivers/STM32H7xx_HAL_Driver/Src/stm32h7xx_hal_dma.c ****     {
 4531              		.loc 1 1058 8 discriminator 16 view .LVU1457
 4532 026e 02F55672 		add	r2, r2, #856
 4533 0272 9342     		cmp	r3, r2
 4534 0274 3FF44CAF 		beq	.L209
1058:../../Drivers/STM32H7xx_HAL_Driver/Src/stm32h7xx_hal_dma.c ****     {
 4535              		.loc 1 1058 8 discriminator 18 view .LVU1458
 4536 0278 1832     		adds	r2, r2, #24
 4537 027a 9342     		cmp	r3, r2
 4538 027c 3FF448AF 		beq	.L209
1058:../../Drivers/STM32H7xx_HAL_Driver/Src/stm32h7xx_hal_dma.c ****     {
 4539              		.loc 1 1058 8 discriminator 20 view .LVU1459
 4540 0280 1832     		adds	r2, r2, #24
 4541 0282 9342     		cmp	r3, r2
 4542 0284 3FF444AF 		beq	.L209
1058:../../Drivers/STM32H7xx_HAL_Driver/Src/stm32h7xx_hal_dma.c ****     {
 4543              		.loc 1 1058 8 discriminator 22 view .LVU1460
 4544 0288 1832     		adds	r2, r2, #24
 4545 028a 9342     		cmp	r3, r2
 4546 028c 3FF440AF 		beq	.L209
1058:../../Drivers/STM32H7xx_HAL_Driver/Src/stm32h7xx_hal_dma.c ****     {
 4547              		.loc 1 1058 8 discriminator 24 view .LVU1461
 4548 0290 1832     		adds	r2, r2, #24
 4549 0292 9342     		cmp	r3, r2
 4550 0294 3FF43CAF 		beq	.L209
1058:../../Drivers/STM32H7xx_HAL_Driver/Src/stm32h7xx_hal_dma.c ****     {
 4551              		.loc 1 1058 8 discriminator 26 view .LVU1462
 4552 0298 1832     		adds	r2, r2, #24
 4553 029a 9342     		cmp	r3, r2
 4554 029c 3FF438AF 		beq	.L209
1058:../../Drivers/STM32H7xx_HAL_Driver/Src/stm32h7xx_hal_dma.c ****     {
 4555              		.loc 1 1058 8 discriminator 28 view .LVU1463
 4556 02a0 1832     		adds	r2, r2, #24
 4557 02a2 9342     		cmp	r3, r2
 4558 02a4 3FF434AF 		beq	.L209
1058:../../Drivers/STM32H7xx_HAL_Driver/Src/stm32h7xx_hal_dma.c ****     {
 4559              		.loc 1 1058 8 discriminator 30 view .LVU1464
 4560 02a8 1832     		adds	r2, r2, #24
 4561 02aa 9342     		cmp	r3, r2
 4562 02ac 3FF430AF 		beq	.L209
1097:../../Drivers/STM32H7xx_HAL_Driver/Src/stm32h7xx_hal_dma.c ****       {
 4563              		.loc 1 1097 7 is_stmt 1 view .LVU1465
1097:../../Drivers/STM32H7xx_HAL_Driver/Src/stm32h7xx_hal_dma.c ****       {
 4564              		.loc 1 1097 12 is_stmt 0 view .LVU1466
 4565 02b0 2968     		ldr	r1, [r5]
1097:../../Drivers/STM32H7xx_HAL_Driver/Src/stm32h7xx_hal_dma.c ****       {
ARM GAS  /var/folders/2r/mdtt8xvd351gdc398t28_m2m0000gn/T//ccdEwLBV.s 			page 139


 4566              		.loc 1 1097 47 view .LVU1467
 4567 02b2 E36D     		ldr	r3, [r4, #92]
1097:../../Drivers/STM32H7xx_HAL_Driver/Src/stm32h7xx_hal_dma.c ****       {
 4568              		.loc 1 1097 61 view .LVU1468
 4569 02b4 03F01F03 		and	r3, r3, #31
1097:../../Drivers/STM32H7xx_HAL_Driver/Src/stm32h7xx_hal_dma.c ****       {
 4570              		.loc 1 1097 39 view .LVU1469
 4571 02b8 0822     		movs	r2, #8
 4572 02ba 9A40     		lsls	r2, r2, r3
1097:../../Drivers/STM32H7xx_HAL_Driver/Src/stm32h7xx_hal_dma.c ****       {
 4573              		.loc 1 1097 9 view .LVU1470
 4574 02bc 1142     		tst	r1, r2
 4575 02be 3FF44DAF 		beq	.L211
1102:../../Drivers/STM32H7xx_HAL_Driver/Src/stm32h7xx_hal_dma.c **** 
 4576              		.loc 1 1102 9 is_stmt 1 view .LVU1471
1102:../../Drivers/STM32H7xx_HAL_Driver/Src/stm32h7xx_hal_dma.c **** 
 4577              		.loc 1 1102 39 is_stmt 0 view .LVU1472
 4578 02c2 0120     		movs	r0, #1
 4579 02c4 00FA03F3 		lsl	r3, r0, r3
1102:../../Drivers/STM32H7xx_HAL_Driver/Src/stm32h7xx_hal_dma.c **** 
 4580              		.loc 1 1102 20 view .LVU1473
 4581 02c8 2B60     		str	r3, [r5]
1105:../../Drivers/STM32H7xx_HAL_Driver/Src/stm32h7xx_hal_dma.c **** 
 4582              		.loc 1 1105 9 is_stmt 1 view .LVU1474
1105:../../Drivers/STM32H7xx_HAL_Driver/Src/stm32h7xx_hal_dma.c **** 
 4583              		.loc 1 1105 25 is_stmt 0 view .LVU1475
 4584 02ca 6065     		str	r0, [r4, #84]
1108:../../Drivers/STM32H7xx_HAL_Driver/Src/stm32h7xx_hal_dma.c **** 
 4585              		.loc 1 1108 9 is_stmt 1 view .LVU1476
1108:../../Drivers/STM32H7xx_HAL_Driver/Src/stm32h7xx_hal_dma.c **** 
 4586              		.loc 1 1108 21 is_stmt 0 view .LVU1477
 4587 02cc 84F83500 		strb	r0, [r4, #53]
1111:../../Drivers/STM32H7xx_HAL_Driver/Src/stm32h7xx_hal_dma.c **** 
 4588              		.loc 1 1111 9 is_stmt 1 view .LVU1478
1111:../../Drivers/STM32H7xx_HAL_Driver/Src/stm32h7xx_hal_dma.c **** 
 4589              		.loc 1 1111 9 view .LVU1479
 4590 02d0 0023     		movs	r3, #0
 4591 02d2 84F83430 		strb	r3, [r4, #52]
1111:../../Drivers/STM32H7xx_HAL_Driver/Src/stm32h7xx_hal_dma.c **** 
 4592              		.loc 1 1111 9 view .LVU1480
1113:../../Drivers/STM32H7xx_HAL_Driver/Src/stm32h7xx_hal_dma.c ****       }
 4593              		.loc 1 1113 9 view .LVU1481
1113:../../Drivers/STM32H7xx_HAL_Driver/Src/stm32h7xx_hal_dma.c ****       }
 4594              		.loc 1 1113 16 is_stmt 0 view .LVU1482
 4595 02d6 A8E6     		b	.L198
 4596              	.L230:
1081:../../Drivers/STM32H7xx_HAL_Driver/Src/stm32h7xx_hal_dma.c **** 
 4597              		.loc 1 1081 9 is_stmt 1 view .LVU1483
1081:../../Drivers/STM32H7xx_HAL_Driver/Src/stm32h7xx_hal_dma.c **** 
 4598              		.loc 1 1081 13 is_stmt 0 view .LVU1484
 4599 02d8 626D     		ldr	r2, [r4, #84]
1081:../../Drivers/STM32H7xx_HAL_Driver/Src/stm32h7xx_hal_dma.c **** 
 4600              		.loc 1 1081 25 view .LVU1485
 4601 02da 42F00102 		orr	r2, r2, #1
 4602 02de 6265     		str	r2, [r4, #84]
1084:../../Drivers/STM32H7xx_HAL_Driver/Src/stm32h7xx_hal_dma.c **** 
 4603              		.loc 1 1084 9 is_stmt 1 view .LVU1486
ARM GAS  /var/folders/2r/mdtt8xvd351gdc398t28_m2m0000gn/T//ccdEwLBV.s 			page 140


1084:../../Drivers/STM32H7xx_HAL_Driver/Src/stm32h7xx_hal_dma.c **** 
 4604              		.loc 1 1084 21 is_stmt 0 view .LVU1487
 4605 02e0 3B60     		str	r3, [r7]
1087:../../Drivers/STM32H7xx_HAL_Driver/Src/stm32h7xx_hal_dma.c **** 
 4606              		.loc 1 1087 9 is_stmt 1 view .LVU1488
1087:../../Drivers/STM32H7xx_HAL_Driver/Src/stm32h7xx_hal_dma.c **** 
 4607              		.loc 1 1087 21 is_stmt 0 view .LVU1489
 4608 02e2 0120     		movs	r0, #1
 4609 02e4 84F83500 		strb	r0, [r4, #53]
1090:../../Drivers/STM32H7xx_HAL_Driver/Src/stm32h7xx_hal_dma.c **** 
 4610              		.loc 1 1090 9 is_stmt 1 view .LVU1490
1090:../../Drivers/STM32H7xx_HAL_Driver/Src/stm32h7xx_hal_dma.c **** 
 4611              		.loc 1 1090 9 view .LVU1491
 4612 02e8 0023     		movs	r3, #0
 4613 02ea 84F83430 		strb	r3, [r4, #52]
1090:../../Drivers/STM32H7xx_HAL_Driver/Src/stm32h7xx_hal_dma.c **** 
 4614              		.loc 1 1090 9 view .LVU1492
1092:../../Drivers/STM32H7xx_HAL_Driver/Src/stm32h7xx_hal_dma.c ****       }
 4615              		.loc 1 1092 9 view .LVU1493
1092:../../Drivers/STM32H7xx_HAL_Driver/Src/stm32h7xx_hal_dma.c ****       }
 4616              		.loc 1 1092 16 is_stmt 0 view .LVU1494
 4617 02ee 9CE6     		b	.L198
 4618              	.L231:
1120:../../Drivers/STM32H7xx_HAL_Driver/Src/stm32h7xx_hal_dma.c ****       {
 4619              		.loc 1 1120 7 is_stmt 1 view .LVU1495
1120:../../Drivers/STM32H7xx_HAL_Driver/Src/stm32h7xx_hal_dma.c ****       {
 4620              		.loc 1 1120 12 is_stmt 0 view .LVU1496
 4621 02f0 FFF7FEFF 		bl	HAL_GetTick
 4622              	.LVL179:
1120:../../Drivers/STM32H7xx_HAL_Driver/Src/stm32h7xx_hal_dma.c ****       {
 4623              		.loc 1 1120 26 discriminator 1 view .LVU1497
 4624 02f4 A0EB0900 		sub	r0, r0, r9
1120:../../Drivers/STM32H7xx_HAL_Driver/Src/stm32h7xx_hal_dma.c ****       {
 4625              		.loc 1 1120 9 discriminator 1 view .LVU1498
 4626 02f8 B042     		cmp	r0, r6
 4627 02fa 02D8     		bhi	.L215
1120:../../Drivers/STM32H7xx_HAL_Driver/Src/stm32h7xx_hal_dma.c ****       {
 4628              		.loc 1 1120 50 discriminator 2 view .LVU1499
 4629 02fc 002E     		cmp	r6, #0
 4630 02fe 7FF431AF 		bne	.L214
 4631              	.L215:
1123:../../Drivers/STM32H7xx_HAL_Driver/Src/stm32h7xx_hal_dma.c **** 
 4632              		.loc 1 1123 9 is_stmt 1 view .LVU1500
1123:../../Drivers/STM32H7xx_HAL_Driver/Src/stm32h7xx_hal_dma.c **** 
 4633              		.loc 1 1123 25 is_stmt 0 view .LVU1501
 4634 0302 2023     		movs	r3, #32
 4635 0304 6365     		str	r3, [r4, #84]
1127:../../Drivers/STM32H7xx_HAL_Driver/Src/stm32h7xx_hal_dma.c ****           /*
 4636              		.loc 1 1127 9 is_stmt 1 view .LVU1502
1127:../../Drivers/STM32H7xx_HAL_Driver/Src/stm32h7xx_hal_dma.c ****           /*
 4637              		.loc 1 1127 16 is_stmt 0 view .LVU1503
 4638 0306 2046     		mov	r0, r4
 4639 0308 FFF7FEFF 		bl	HAL_DMA_Abort
 4640              	.LVL180:
1135:../../Drivers/STM32H7xx_HAL_Driver/Src/stm32h7xx_hal_dma.c ****       }
 4641              		.loc 1 1135 9 is_stmt 1 view .LVU1504
1135:../../Drivers/STM32H7xx_HAL_Driver/Src/stm32h7xx_hal_dma.c ****       }
ARM GAS  /var/folders/2r/mdtt8xvd351gdc398t28_m2m0000gn/T//ccdEwLBV.s 			page 141


 4642              		.loc 1 1135 16 is_stmt 0 view .LVU1505
 4643 030c 0120     		movs	r0, #1
 4644 030e 8CE6     		b	.L198
 4645              	.L232:
1169:../../Drivers/STM32H7xx_HAL_Driver/Src/stm32h7xx_hal_dma.c ****   {
 4646              		.loc 1 1169 3 is_stmt 1 view .LVU1506
1169:../../Drivers/STM32H7xx_HAL_Driver/Src/stm32h7xx_hal_dma.c ****   {
 4647              		.loc 1 1169 5 is_stmt 0 view .LVU1507
 4648 0310 5346     		mov	r3, r10
 4649 0312 002B     		cmp	r3, #0
 4650 0314 4AD1     		bne	.L221
1172:../../Drivers/STM32H7xx_HAL_Driver/Src/stm32h7xx_hal_dma.c ****     {
 4651              		.loc 1 1172 5 is_stmt 1 view .LVU1508
1172:../../Drivers/STM32H7xx_HAL_Driver/Src/stm32h7xx_hal_dma.c ****     {
 4652              		.loc 1 1172 8 is_stmt 0 view .LVU1509
 4653 0316 2368     		ldr	r3, [r4]
 4654 0318 224A     		ldr	r2, .L235
 4655 031a 9342     		cmp	r3, r2
 4656 031c 34D0     		beq	.L222
1172:../../Drivers/STM32H7xx_HAL_Driver/Src/stm32h7xx_hal_dma.c ****     {
 4657              		.loc 1 1172 8 discriminator 2 view .LVU1510
 4658 031e 1832     		adds	r2, r2, #24
 4659 0320 9342     		cmp	r3, r2
 4660 0322 31D0     		beq	.L222
1172:../../Drivers/STM32H7xx_HAL_Driver/Src/stm32h7xx_hal_dma.c ****     {
 4661              		.loc 1 1172 8 discriminator 4 view .LVU1511
 4662 0324 1832     		adds	r2, r2, #24
 4663 0326 9342     		cmp	r3, r2
 4664 0328 2ED0     		beq	.L222
1172:../../Drivers/STM32H7xx_HAL_Driver/Src/stm32h7xx_hal_dma.c ****     {
 4665              		.loc 1 1172 8 discriminator 6 view .LVU1512
 4666 032a 1832     		adds	r2, r2, #24
 4667 032c 9342     		cmp	r3, r2
 4668 032e 2BD0     		beq	.L222
1172:../../Drivers/STM32H7xx_HAL_Driver/Src/stm32h7xx_hal_dma.c ****     {
 4669              		.loc 1 1172 8 discriminator 8 view .LVU1513
 4670 0330 1832     		adds	r2, r2, #24
 4671 0332 9342     		cmp	r3, r2
 4672 0334 28D0     		beq	.L222
1172:../../Drivers/STM32H7xx_HAL_Driver/Src/stm32h7xx_hal_dma.c ****     {
 4673              		.loc 1 1172 8 discriminator 10 view .LVU1514
 4674 0336 1832     		adds	r2, r2, #24
 4675 0338 9342     		cmp	r3, r2
 4676 033a 25D0     		beq	.L222
1172:../../Drivers/STM32H7xx_HAL_Driver/Src/stm32h7xx_hal_dma.c ****     {
 4677              		.loc 1 1172 8 discriminator 12 view .LVU1515
 4678 033c 1832     		adds	r2, r2, #24
 4679 033e 9342     		cmp	r3, r2
 4680 0340 22D0     		beq	.L222
1172:../../Drivers/STM32H7xx_HAL_Driver/Src/stm32h7xx_hal_dma.c ****     {
 4681              		.loc 1 1172 8 discriminator 14 view .LVU1516
 4682 0342 1832     		adds	r2, r2, #24
 4683 0344 9342     		cmp	r3, r2
 4684 0346 1FD0     		beq	.L222
1172:../../Drivers/STM32H7xx_HAL_Driver/Src/stm32h7xx_hal_dma.c ****     {
 4685              		.loc 1 1172 8 discriminator 16 view .LVU1517
 4686 0348 02F55672 		add	r2, r2, #856
ARM GAS  /var/folders/2r/mdtt8xvd351gdc398t28_m2m0000gn/T//ccdEwLBV.s 			page 142


 4687 034c 9342     		cmp	r3, r2
 4688 034e 1BD0     		beq	.L222
1172:../../Drivers/STM32H7xx_HAL_Driver/Src/stm32h7xx_hal_dma.c ****     {
 4689              		.loc 1 1172 8 discriminator 18 view .LVU1518
 4690 0350 1832     		adds	r2, r2, #24
 4691 0352 9342     		cmp	r3, r2
 4692 0354 18D0     		beq	.L222
1172:../../Drivers/STM32H7xx_HAL_Driver/Src/stm32h7xx_hal_dma.c ****     {
 4693              		.loc 1 1172 8 discriminator 20 view .LVU1519
 4694 0356 1832     		adds	r2, r2, #24
 4695 0358 9342     		cmp	r3, r2
 4696 035a 15D0     		beq	.L222
1172:../../Drivers/STM32H7xx_HAL_Driver/Src/stm32h7xx_hal_dma.c ****     {
 4697              		.loc 1 1172 8 discriminator 22 view .LVU1520
 4698 035c 1832     		adds	r2, r2, #24
 4699 035e 9342     		cmp	r3, r2
 4700 0360 12D0     		beq	.L222
1172:../../Drivers/STM32H7xx_HAL_Driver/Src/stm32h7xx_hal_dma.c ****     {
 4701              		.loc 1 1172 8 discriminator 24 view .LVU1521
 4702 0362 1832     		adds	r2, r2, #24
 4703 0364 9342     		cmp	r3, r2
 4704 0366 0FD0     		beq	.L222
1172:../../Drivers/STM32H7xx_HAL_Driver/Src/stm32h7xx_hal_dma.c ****     {
 4705              		.loc 1 1172 8 discriminator 26 view .LVU1522
 4706 0368 1832     		adds	r2, r2, #24
 4707 036a 9342     		cmp	r3, r2
 4708 036c 0CD0     		beq	.L222
1172:../../Drivers/STM32H7xx_HAL_Driver/Src/stm32h7xx_hal_dma.c ****     {
 4709              		.loc 1 1172 8 discriminator 28 view .LVU1523
 4710 036e 1832     		adds	r2, r2, #24
 4711 0370 9342     		cmp	r3, r2
 4712 0372 09D0     		beq	.L222
1172:../../Drivers/STM32H7xx_HAL_Driver/Src/stm32h7xx_hal_dma.c ****     {
 4713              		.loc 1 1172 8 discriminator 30 view .LVU1524
 4714 0374 1832     		adds	r2, r2, #24
 4715 0376 9342     		cmp	r3, r2
 4716 0378 06D0     		beq	.L222
1178:../../Drivers/STM32H7xx_HAL_Driver/Src/stm32h7xx_hal_dma.c ****     }
 4717              		.loc 1 1178 7 is_stmt 1 view .LVU1525
1178:../../Drivers/STM32H7xx_HAL_Driver/Src/stm32h7xx_hal_dma.c ****     }
 4718              		.loc 1 1178 44 is_stmt 0 view .LVU1526
 4719 037a E36D     		ldr	r3, [r4, #92]
1178:../../Drivers/STM32H7xx_HAL_Driver/Src/stm32h7xx_hal_dma.c ****     }
 4720              		.loc 1 1178 58 view .LVU1527
 4721 037c 03F01F02 		and	r2, r3, #31
1178:../../Drivers/STM32H7xx_HAL_Driver/Src/stm32h7xx_hal_dma.c ****     }
 4722              		.loc 1 1178 36 view .LVU1528
 4723 0380 0223     		movs	r3, #2
 4724 0382 9340     		lsls	r3, r3, r2
1178:../../Drivers/STM32H7xx_HAL_Driver/Src/stm32h7xx_hal_dma.c ****     }
 4725              		.loc 1 1178 19 view .LVU1529
 4726 0384 3B60     		str	r3, [r7]
 4727 0386 05E0     		b	.L223
 4728              	.L222:
1174:../../Drivers/STM32H7xx_HAL_Driver/Src/stm32h7xx_hal_dma.c ****     }
 4729              		.loc 1 1174 7 is_stmt 1 view .LVU1530
1174:../../Drivers/STM32H7xx_HAL_Driver/Src/stm32h7xx_hal_dma.c ****     }
ARM GAS  /var/folders/2r/mdtt8xvd351gdc398t28_m2m0000gn/T//ccdEwLBV.s 			page 143


 4730              		.loc 1 1174 67 is_stmt 0 view .LVU1531
 4731 0388 E36D     		ldr	r3, [r4, #92]
1174:../../Drivers/STM32H7xx_HAL_Driver/Src/stm32h7xx_hal_dma.c ****     }
 4732              		.loc 1 1174 81 view .LVU1532
 4733 038a 03F01F02 		and	r2, r3, #31
1174:../../Drivers/STM32H7xx_HAL_Driver/Src/stm32h7xx_hal_dma.c ****     }
 4734              		.loc 1 1174 59 view .LVU1533
 4735 038e 3023     		movs	r3, #48
 4736 0390 9340     		lsls	r3, r3, r2
1174:../../Drivers/STM32H7xx_HAL_Driver/Src/stm32h7xx_hal_dma.c ****     }
 4737              		.loc 1 1174 19 view .LVU1534
 4738 0392 3B60     		str	r3, [r7]
 4739              	.L223:
1181:../../Drivers/STM32H7xx_HAL_Driver/Src/stm32h7xx_hal_dma.c **** 
 4740              		.loc 1 1181 5 is_stmt 1 view .LVU1535
1181:../../Drivers/STM32H7xx_HAL_Driver/Src/stm32h7xx_hal_dma.c **** 
 4741              		.loc 1 1181 17 is_stmt 0 view .LVU1536
 4742 0394 0123     		movs	r3, #1
 4743 0396 84F83530 		strb	r3, [r4, #53]
1184:../../Drivers/STM32H7xx_HAL_Driver/Src/stm32h7xx_hal_dma.c ****   }
 4744              		.loc 1 1184 5 is_stmt 1 view .LVU1537
1184:../../Drivers/STM32H7xx_HAL_Driver/Src/stm32h7xx_hal_dma.c ****   }
 4745              		.loc 1 1184 5 view .LVU1538
 4746 039a 0023     		movs	r3, #0
 4747 039c 84F83430 		strb	r3, [r4, #52]
1184:../../Drivers/STM32H7xx_HAL_Driver/Src/stm32h7xx_hal_dma.c ****   }
 4748              		.loc 1 1184 5 view .LVU1539
1199:../../Drivers/STM32H7xx_HAL_Driver/Src/stm32h7xx_hal_dma.c **** }
 4749              		.loc 1 1199 10 is_stmt 0 view .LVU1540
 4750 03a0 5046     		mov	r0, r10
 4751 03a2 42E6     		b	.L198
 4752              	.L236:
 4753              		.align	2
 4754              	.L235:
 4755 03a4 10000240 		.word	1073872912
 4756 03a8 08540258 		.word	1476547592
 4757              	.L221:
1189:../../Drivers/STM32H7xx_HAL_Driver/Src/stm32h7xx_hal_dma.c ****     {
 4758              		.loc 1 1189 5 is_stmt 1 view .LVU1541
1189:../../Drivers/STM32H7xx_HAL_Driver/Src/stm32h7xx_hal_dma.c ****     {
 4759              		.loc 1 1189 8 is_stmt 0 view .LVU1542
 4760 03ac 2368     		ldr	r3, [r4]
 4761 03ae 214A     		ldr	r2, .L237
 4762 03b0 9342     		cmp	r3, r2
 4763 03b2 35D0     		beq	.L224
1189:../../Drivers/STM32H7xx_HAL_Driver/Src/stm32h7xx_hal_dma.c ****     {
 4764              		.loc 1 1189 8 discriminator 2 view .LVU1543
 4765 03b4 1832     		adds	r2, r2, #24
 4766 03b6 9342     		cmp	r3, r2
 4767 03b8 32D0     		beq	.L224
1189:../../Drivers/STM32H7xx_HAL_Driver/Src/stm32h7xx_hal_dma.c ****     {
 4768              		.loc 1 1189 8 discriminator 4 view .LVU1544
 4769 03ba 1832     		adds	r2, r2, #24
 4770 03bc 9342     		cmp	r3, r2
 4771 03be 2FD0     		beq	.L224
1189:../../Drivers/STM32H7xx_HAL_Driver/Src/stm32h7xx_hal_dma.c ****     {
 4772              		.loc 1 1189 8 discriminator 6 view .LVU1545
ARM GAS  /var/folders/2r/mdtt8xvd351gdc398t28_m2m0000gn/T//ccdEwLBV.s 			page 144


 4773 03c0 1832     		adds	r2, r2, #24
 4774 03c2 9342     		cmp	r3, r2
 4775 03c4 2CD0     		beq	.L224
1189:../../Drivers/STM32H7xx_HAL_Driver/Src/stm32h7xx_hal_dma.c ****     {
 4776              		.loc 1 1189 8 discriminator 8 view .LVU1546
 4777 03c6 1832     		adds	r2, r2, #24
 4778 03c8 9342     		cmp	r3, r2
 4779 03ca 29D0     		beq	.L224
1189:../../Drivers/STM32H7xx_HAL_Driver/Src/stm32h7xx_hal_dma.c ****     {
 4780              		.loc 1 1189 8 discriminator 10 view .LVU1547
 4781 03cc 1832     		adds	r2, r2, #24
 4782 03ce 9342     		cmp	r3, r2
 4783 03d0 26D0     		beq	.L224
1189:../../Drivers/STM32H7xx_HAL_Driver/Src/stm32h7xx_hal_dma.c ****     {
 4784              		.loc 1 1189 8 discriminator 12 view .LVU1548
 4785 03d2 1832     		adds	r2, r2, #24
 4786 03d4 9342     		cmp	r3, r2
 4787 03d6 23D0     		beq	.L224
1189:../../Drivers/STM32H7xx_HAL_Driver/Src/stm32h7xx_hal_dma.c ****     {
 4788              		.loc 1 1189 8 discriminator 14 view .LVU1549
 4789 03d8 1832     		adds	r2, r2, #24
 4790 03da 9342     		cmp	r3, r2
 4791 03dc 20D0     		beq	.L224
1189:../../Drivers/STM32H7xx_HAL_Driver/Src/stm32h7xx_hal_dma.c ****     {
 4792              		.loc 1 1189 8 discriminator 16 view .LVU1550
 4793 03de 02F55672 		add	r2, r2, #856
 4794 03e2 9342     		cmp	r3, r2
 4795 03e4 1CD0     		beq	.L224
1189:../../Drivers/STM32H7xx_HAL_Driver/Src/stm32h7xx_hal_dma.c ****     {
 4796              		.loc 1 1189 8 discriminator 18 view .LVU1551
 4797 03e6 1832     		adds	r2, r2, #24
 4798 03e8 9342     		cmp	r3, r2
 4799 03ea 19D0     		beq	.L224
1189:../../Drivers/STM32H7xx_HAL_Driver/Src/stm32h7xx_hal_dma.c ****     {
 4800              		.loc 1 1189 8 discriminator 20 view .LVU1552
 4801 03ec 1832     		adds	r2, r2, #24
 4802 03ee 9342     		cmp	r3, r2
 4803 03f0 16D0     		beq	.L224
1189:../../Drivers/STM32H7xx_HAL_Driver/Src/stm32h7xx_hal_dma.c ****     {
 4804              		.loc 1 1189 8 discriminator 22 view .LVU1553
 4805 03f2 1832     		adds	r2, r2, #24
 4806 03f4 9342     		cmp	r3, r2
 4807 03f6 13D0     		beq	.L224
1189:../../Drivers/STM32H7xx_HAL_Driver/Src/stm32h7xx_hal_dma.c ****     {
 4808              		.loc 1 1189 8 discriminator 24 view .LVU1554
 4809 03f8 1832     		adds	r2, r2, #24
 4810 03fa 9342     		cmp	r3, r2
 4811 03fc 10D0     		beq	.L224
1189:../../Drivers/STM32H7xx_HAL_Driver/Src/stm32h7xx_hal_dma.c ****     {
 4812              		.loc 1 1189 8 discriminator 26 view .LVU1555
 4813 03fe 1832     		adds	r2, r2, #24
 4814 0400 9342     		cmp	r3, r2
 4815 0402 0DD0     		beq	.L224
1189:../../Drivers/STM32H7xx_HAL_Driver/Src/stm32h7xx_hal_dma.c ****     {
 4816              		.loc 1 1189 8 discriminator 28 view .LVU1556
 4817 0404 1832     		adds	r2, r2, #24
 4818 0406 9342     		cmp	r3, r2
ARM GAS  /var/folders/2r/mdtt8xvd351gdc398t28_m2m0000gn/T//ccdEwLBV.s 			page 145


 4819 0408 0AD0     		beq	.L224
1189:../../Drivers/STM32H7xx_HAL_Driver/Src/stm32h7xx_hal_dma.c ****     {
 4820              		.loc 1 1189 8 discriminator 30 view .LVU1557
 4821 040a 1832     		adds	r2, r2, #24
 4822 040c 9342     		cmp	r3, r2
 4823 040e 07D0     		beq	.L224
1195:../../Drivers/STM32H7xx_HAL_Driver/Src/stm32h7xx_hal_dma.c ****     }
 4824              		.loc 1 1195 7 is_stmt 1 view .LVU1558
1195:../../Drivers/STM32H7xx_HAL_Driver/Src/stm32h7xx_hal_dma.c ****     }
 4825              		.loc 1 1195 44 is_stmt 0 view .LVU1559
 4826 0410 E26D     		ldr	r2, [r4, #92]
1195:../../Drivers/STM32H7xx_HAL_Driver/Src/stm32h7xx_hal_dma.c ****     }
 4827              		.loc 1 1195 58 view .LVU1560
 4828 0412 02F01F02 		and	r2, r2, #31
1195:../../Drivers/STM32H7xx_HAL_Driver/Src/stm32h7xx_hal_dma.c ****     }
 4829              		.loc 1 1195 36 view .LVU1561
 4830 0416 0423     		movs	r3, #4
 4831 0418 9340     		lsls	r3, r3, r2
1195:../../Drivers/STM32H7xx_HAL_Driver/Src/stm32h7xx_hal_dma.c ****     }
 4832              		.loc 1 1195 19 view .LVU1562
 4833 041a 3B60     		str	r3, [r7]
1199:../../Drivers/STM32H7xx_HAL_Driver/Src/stm32h7xx_hal_dma.c **** }
 4834              		.loc 1 1199 10 view .LVU1563
 4835 041c 0020     		movs	r0, #0
 4836 041e 04E6     		b	.L198
 4837              	.L224:
1191:../../Drivers/STM32H7xx_HAL_Driver/Src/stm32h7xx_hal_dma.c ****     }
 4838              		.loc 1 1191 7 is_stmt 1 view .LVU1564
1191:../../Drivers/STM32H7xx_HAL_Driver/Src/stm32h7xx_hal_dma.c ****     }
 4839              		.loc 1 1191 48 is_stmt 0 view .LVU1565
 4840 0420 E26D     		ldr	r2, [r4, #92]
1191:../../Drivers/STM32H7xx_HAL_Driver/Src/stm32h7xx_hal_dma.c ****     }
 4841              		.loc 1 1191 62 view .LVU1566
 4842 0422 02F01F02 		and	r2, r2, #31
1191:../../Drivers/STM32H7xx_HAL_Driver/Src/stm32h7xx_hal_dma.c ****     }
 4843              		.loc 1 1191 40 view .LVU1567
 4844 0426 1023     		movs	r3, #16
 4845 0428 9340     		lsls	r3, r3, r2
1191:../../Drivers/STM32H7xx_HAL_Driver/Src/stm32h7xx_hal_dma.c ****     }
 4846              		.loc 1 1191 19 view .LVU1568
 4847 042a 3B60     		str	r3, [r7]
1199:../../Drivers/STM32H7xx_HAL_Driver/Src/stm32h7xx_hal_dma.c **** }
 4848              		.loc 1 1199 10 view .LVU1569
 4849 042c 0020     		movs	r0, #0
 4850 042e FCE5     		b	.L198
 4851              	.LVL181:
 4852              	.L225:
 995:../../Drivers/STM32H7xx_HAL_Driver/Src/stm32h7xx_hal_dma.c ****   }
 4853              		.loc 1 995 12 view .LVU1570
 4854 0430 0120     		movs	r0, #1
 4855              	.LVL182:
 995:../../Drivers/STM32H7xx_HAL_Driver/Src/stm32h7xx_hal_dma.c ****   }
 4856              		.loc 1 995 12 view .LVU1571
 4857 0432 FAE5     		b	.L198
 4858              	.L238:
 4859              		.align	2
 4860              	.L237:
ARM GAS  /var/folders/2r/mdtt8xvd351gdc398t28_m2m0000gn/T//ccdEwLBV.s 			page 146


 4861 0434 10000240 		.word	1073872912
 4862              		.cfi_endproc
 4863              	.LFE138:
 4865              		.section	.text.HAL_DMA_IRQHandler,"ax",%progbits
 4866              		.align	1
 4867              		.global	HAL_DMA_IRQHandler
 4868              		.syntax unified
 4869              		.thumb
 4870              		.thumb_func
 4872              	HAL_DMA_IRQHandler:
 4873              	.LVL183:
 4874              	.LFB139:
1209:../../Drivers/STM32H7xx_HAL_Driver/Src/stm32h7xx_hal_dma.c ****   uint32_t tmpisr_dma, tmpisr_bdma;
 4875              		.loc 1 1209 1 is_stmt 1 view -0
 4876              		.cfi_startproc
 4877              		@ args = 0, pretend = 0, frame = 8
 4878              		@ frame_needed = 0, uses_anonymous_args = 0
1209:../../Drivers/STM32H7xx_HAL_Driver/Src/stm32h7xx_hal_dma.c ****   uint32_t tmpisr_dma, tmpisr_bdma;
 4879              		.loc 1 1209 1 is_stmt 0 view .LVU1573
 4880 0000 F0B5     		push	{r4, r5, r6, r7, lr}
 4881              	.LCFI15:
 4882              		.cfi_def_cfa_offset 20
 4883              		.cfi_offset 4, -20
 4884              		.cfi_offset 5, -16
 4885              		.cfi_offset 6, -12
 4886              		.cfi_offset 7, -8
 4887              		.cfi_offset 14, -4
 4888 0002 83B0     		sub	sp, sp, #12
 4889              	.LCFI16:
 4890              		.cfi_def_cfa_offset 32
 4891 0004 0446     		mov	r4, r0
1210:../../Drivers/STM32H7xx_HAL_Driver/Src/stm32h7xx_hal_dma.c ****   uint32_t ccr_reg;
 4892              		.loc 1 1210 3 is_stmt 1 view .LVU1574
1211:../../Drivers/STM32H7xx_HAL_Driver/Src/stm32h7xx_hal_dma.c ****   __IO uint32_t count = 0U;
 4893              		.loc 1 1211 3 view .LVU1575
1212:../../Drivers/STM32H7xx_HAL_Driver/Src/stm32h7xx_hal_dma.c ****   uint32_t timeout = SystemCoreClock / 9600U;
 4894              		.loc 1 1212 3 view .LVU1576
1212:../../Drivers/STM32H7xx_HAL_Driver/Src/stm32h7xx_hal_dma.c ****   uint32_t timeout = SystemCoreClock / 9600U;
 4895              		.loc 1 1212 17 is_stmt 0 view .LVU1577
 4896 0006 0023     		movs	r3, #0
 4897 0008 0193     		str	r3, [sp, #4]
1213:../../Drivers/STM32H7xx_HAL_Driver/Src/stm32h7xx_hal_dma.c **** 
 4898              		.loc 1 1213 3 is_stmt 1 view .LVU1578
1213:../../Drivers/STM32H7xx_HAL_Driver/Src/stm32h7xx_hal_dma.c **** 
 4899              		.loc 1 1213 38 is_stmt 0 view .LVU1579
 4900 000a 7D4B     		ldr	r3, .L299
 4901 000c 1D68     		ldr	r5, [r3]
1213:../../Drivers/STM32H7xx_HAL_Driver/Src/stm32h7xx_hal_dma.c **** 
 4902              		.loc 1 1213 12 view .LVU1580
 4903 000e 7D4B     		ldr	r3, .L299+4
 4904 0010 A3FB0535 		umull	r3, r5, r3, r5
 4905 0014 AD0A     		lsrs	r5, r5, #10
 4906              	.LVL184:
1216:../../Drivers/STM32H7xx_HAL_Driver/Src/stm32h7xx_hal_dma.c ****   BDMA_Base_Registers *regs_bdma = (BDMA_Base_Registers *)hdma->StreamBaseAddress;
 4907              		.loc 1 1216 3 is_stmt 1 view .LVU1581
1216:../../Drivers/STM32H7xx_HAL_Driver/Src/stm32h7xx_hal_dma.c ****   BDMA_Base_Registers *regs_bdma = (BDMA_Base_Registers *)hdma->StreamBaseAddress;
 4908              		.loc 1 1216 62 is_stmt 0 view .LVU1582
ARM GAS  /var/folders/2r/mdtt8xvd351gdc398t28_m2m0000gn/T//ccdEwLBV.s 			page 147


 4909 0016 876D     		ldr	r7, [r0, #88]
 4910              	.LVL185:
1217:../../Drivers/STM32H7xx_HAL_Driver/Src/stm32h7xx_hal_dma.c **** 
 4911              		.loc 1 1217 3 is_stmt 1 view .LVU1583
1219:../../Drivers/STM32H7xx_HAL_Driver/Src/stm32h7xx_hal_dma.c ****   tmpisr_bdma = regs_bdma->ISR;
 4912              		.loc 1 1219 3 view .LVU1584
1219:../../Drivers/STM32H7xx_HAL_Driver/Src/stm32h7xx_hal_dma.c ****   tmpisr_bdma = regs_bdma->ISR;
 4913              		.loc 1 1219 15 is_stmt 0 view .LVU1585
 4914 0018 3E68     		ldr	r6, [r7]
 4915              	.LVL186:
1220:../../Drivers/STM32H7xx_HAL_Driver/Src/stm32h7xx_hal_dma.c **** 
 4916              		.loc 1 1220 3 is_stmt 1 view .LVU1586
1220:../../Drivers/STM32H7xx_HAL_Driver/Src/stm32h7xx_hal_dma.c **** 
 4917              		.loc 1 1220 15 is_stmt 0 view .LVU1587
 4918 001a 3968     		ldr	r1, [r7]
 4919              	.LVL187:
1222:../../Drivers/STM32H7xx_HAL_Driver/Src/stm32h7xx_hal_dma.c ****   {
 4920              		.loc 1 1222 3 is_stmt 1 view .LVU1588
1222:../../Drivers/STM32H7xx_HAL_Driver/Src/stm32h7xx_hal_dma.c ****   {
 4921              		.loc 1 1222 6 is_stmt 0 view .LVU1589
 4922 001c 0368     		ldr	r3, [r0]
 4923 001e 7A4A     		ldr	r2, .L299+8
 4924 0020 9342     		cmp	r3, r2
 4925 0022 63D0     		beq	.L240
1222:../../Drivers/STM32H7xx_HAL_Driver/Src/stm32h7xx_hal_dma.c ****   {
 4926              		.loc 1 1222 6 discriminator 2 view .LVU1590
 4927 0024 1832     		adds	r2, r2, #24
 4928 0026 9342     		cmp	r3, r2
 4929 0028 60D0     		beq	.L240
1222:../../Drivers/STM32H7xx_HAL_Driver/Src/stm32h7xx_hal_dma.c ****   {
 4930              		.loc 1 1222 6 discriminator 4 view .LVU1591
 4931 002a 1832     		adds	r2, r2, #24
 4932 002c 9342     		cmp	r3, r2
 4933 002e 5DD0     		beq	.L240
1222:../../Drivers/STM32H7xx_HAL_Driver/Src/stm32h7xx_hal_dma.c ****   {
 4934              		.loc 1 1222 6 discriminator 6 view .LVU1592
 4935 0030 1832     		adds	r2, r2, #24
 4936 0032 9342     		cmp	r3, r2
 4937 0034 5AD0     		beq	.L240
1222:../../Drivers/STM32H7xx_HAL_Driver/Src/stm32h7xx_hal_dma.c ****   {
 4938              		.loc 1 1222 6 discriminator 8 view .LVU1593
 4939 0036 1832     		adds	r2, r2, #24
 4940 0038 9342     		cmp	r3, r2
 4941 003a 57D0     		beq	.L240
1222:../../Drivers/STM32H7xx_HAL_Driver/Src/stm32h7xx_hal_dma.c ****   {
 4942              		.loc 1 1222 6 discriminator 10 view .LVU1594
 4943 003c 1832     		adds	r2, r2, #24
 4944 003e 9342     		cmp	r3, r2
 4945 0040 54D0     		beq	.L240
1222:../../Drivers/STM32H7xx_HAL_Driver/Src/stm32h7xx_hal_dma.c ****   {
 4946              		.loc 1 1222 6 discriminator 12 view .LVU1595
 4947 0042 1832     		adds	r2, r2, #24
 4948 0044 9342     		cmp	r3, r2
 4949 0046 51D0     		beq	.L240
1222:../../Drivers/STM32H7xx_HAL_Driver/Src/stm32h7xx_hal_dma.c ****   {
 4950              		.loc 1 1222 6 discriminator 14 view .LVU1596
 4951 0048 1832     		adds	r2, r2, #24
ARM GAS  /var/folders/2r/mdtt8xvd351gdc398t28_m2m0000gn/T//ccdEwLBV.s 			page 148


 4952 004a 9342     		cmp	r3, r2
 4953 004c 4ED0     		beq	.L240
1222:../../Drivers/STM32H7xx_HAL_Driver/Src/stm32h7xx_hal_dma.c ****   {
 4954              		.loc 1 1222 6 discriminator 16 view .LVU1597
 4955 004e 02F55672 		add	r2, r2, #856
 4956 0052 9342     		cmp	r3, r2
 4957 0054 4AD0     		beq	.L240
1222:../../Drivers/STM32H7xx_HAL_Driver/Src/stm32h7xx_hal_dma.c ****   {
 4958              		.loc 1 1222 6 discriminator 18 view .LVU1598
 4959 0056 1832     		adds	r2, r2, #24
 4960 0058 9342     		cmp	r3, r2
 4961 005a 47D0     		beq	.L240
1222:../../Drivers/STM32H7xx_HAL_Driver/Src/stm32h7xx_hal_dma.c ****   {
 4962              		.loc 1 1222 6 discriminator 20 view .LVU1599
 4963 005c 1832     		adds	r2, r2, #24
 4964 005e 9342     		cmp	r3, r2
 4965 0060 44D0     		beq	.L240
1222:../../Drivers/STM32H7xx_HAL_Driver/Src/stm32h7xx_hal_dma.c ****   {
 4966              		.loc 1 1222 6 discriminator 22 view .LVU1600
 4967 0062 1832     		adds	r2, r2, #24
 4968 0064 9342     		cmp	r3, r2
 4969 0066 41D0     		beq	.L240
1222:../../Drivers/STM32H7xx_HAL_Driver/Src/stm32h7xx_hal_dma.c ****   {
 4970              		.loc 1 1222 6 discriminator 24 view .LVU1601
 4971 0068 1832     		adds	r2, r2, #24
 4972 006a 9342     		cmp	r3, r2
 4973 006c 3ED0     		beq	.L240
1222:../../Drivers/STM32H7xx_HAL_Driver/Src/stm32h7xx_hal_dma.c ****   {
 4974              		.loc 1 1222 6 discriminator 26 view .LVU1602
 4975 006e 1832     		adds	r2, r2, #24
 4976 0070 9342     		cmp	r3, r2
 4977 0072 3BD0     		beq	.L240
1222:../../Drivers/STM32H7xx_HAL_Driver/Src/stm32h7xx_hal_dma.c ****   {
 4978              		.loc 1 1222 6 discriminator 28 view .LVU1603
 4979 0074 1832     		adds	r2, r2, #24
 4980 0076 9342     		cmp	r3, r2
 4981 0078 38D0     		beq	.L240
1222:../../Drivers/STM32H7xx_HAL_Driver/Src/stm32h7xx_hal_dma.c ****   {
 4982              		.loc 1 1222 6 discriminator 30 view .LVU1604
 4983 007a 1832     		adds	r2, r2, #24
 4984 007c 9342     		cmp	r3, r2
 4985 007e 35D0     		beq	.L240
1431:../../Drivers/STM32H7xx_HAL_Driver/Src/stm32h7xx_hal_dma.c ****   {
 4986              		.loc 1 1431 8 is_stmt 1 view .LVU1605
1431:../../Drivers/STM32H7xx_HAL_Driver/Src/stm32h7xx_hal_dma.c ****   {
 4987              		.loc 1 1431 11 is_stmt 0 view .LVU1606
 4988 0080 624A     		ldr	r2, .L299+12
 4989 0082 9342     		cmp	r3, r2
 4990 0084 15D0     		beq	.L241
1431:../../Drivers/STM32H7xx_HAL_Driver/Src/stm32h7xx_hal_dma.c ****   {
 4991              		.loc 1 1431 11 discriminator 2 view .LVU1607
 4992 0086 624A     		ldr	r2, .L299+16
 4993 0088 9342     		cmp	r3, r2
 4994 008a 12D0     		beq	.L241
1431:../../Drivers/STM32H7xx_HAL_Driver/Src/stm32h7xx_hal_dma.c ****   {
 4995              		.loc 1 1431 11 discriminator 4 view .LVU1608
 4996 008c 1432     		adds	r2, r2, #20
ARM GAS  /var/folders/2r/mdtt8xvd351gdc398t28_m2m0000gn/T//ccdEwLBV.s 			page 149


 4997 008e 9342     		cmp	r3, r2
 4998 0090 0FD0     		beq	.L241
1431:../../Drivers/STM32H7xx_HAL_Driver/Src/stm32h7xx_hal_dma.c ****   {
 4999              		.loc 1 1431 11 discriminator 6 view .LVU1609
 5000 0092 1432     		adds	r2, r2, #20
 5001 0094 9342     		cmp	r3, r2
 5002 0096 0CD0     		beq	.L241
1431:../../Drivers/STM32H7xx_HAL_Driver/Src/stm32h7xx_hal_dma.c ****   {
 5003              		.loc 1 1431 11 discriminator 8 view .LVU1610
 5004 0098 1432     		adds	r2, r2, #20
 5005 009a 9342     		cmp	r3, r2
 5006 009c 09D0     		beq	.L241
1431:../../Drivers/STM32H7xx_HAL_Driver/Src/stm32h7xx_hal_dma.c ****   {
 5007              		.loc 1 1431 11 discriminator 10 view .LVU1611
 5008 009e 1432     		adds	r2, r2, #20
 5009 00a0 9342     		cmp	r3, r2
 5010 00a2 06D0     		beq	.L241
1431:../../Drivers/STM32H7xx_HAL_Driver/Src/stm32h7xx_hal_dma.c ****   {
 5011              		.loc 1 1431 11 discriminator 12 view .LVU1612
 5012 00a4 1432     		adds	r2, r2, #20
 5013 00a6 9342     		cmp	r3, r2
 5014 00a8 03D0     		beq	.L241
1431:../../Drivers/STM32H7xx_HAL_Driver/Src/stm32h7xx_hal_dma.c ****   {
 5015              		.loc 1 1431 11 discriminator 14 view .LVU1613
 5016 00aa 1432     		adds	r2, r2, #20
 5017 00ac 9342     		cmp	r3, r2
 5018 00ae 40F05C82 		bne	.L239
 5019              	.L241:
1433:../../Drivers/STM32H7xx_HAL_Driver/Src/stm32h7xx_hal_dma.c **** 
 5020              		.loc 1 1433 5 is_stmt 1 view .LVU1614
1433:../../Drivers/STM32H7xx_HAL_Driver/Src/stm32h7xx_hal_dma.c **** 
 5021              		.loc 1 1433 13 is_stmt 0 view .LVU1615
 5022 00b2 1A68     		ldr	r2, [r3]
 5023              	.LVL188:
1436:../../Drivers/STM32H7xx_HAL_Driver/Src/stm32h7xx_hal_dma.c ****     {
 5024              		.loc 1 1436 5 is_stmt 1 view .LVU1616
1436:../../Drivers/STM32H7xx_HAL_Driver/Src/stm32h7xx_hal_dma.c ****     {
 5025              		.loc 1 1436 48 is_stmt 0 view .LVU1617
 5026 00b4 E06D     		ldr	r0, [r4, #92]
 5027              	.LVL189:
1436:../../Drivers/STM32H7xx_HAL_Driver/Src/stm32h7xx_hal_dma.c ****     {
 5028              		.loc 1 1436 62 view .LVU1618
 5029 00b6 00F01F00 		and	r0, r0, #31
1436:../../Drivers/STM32H7xx_HAL_Driver/Src/stm32h7xx_hal_dma.c ****     {
 5030              		.loc 1 1436 40 view .LVU1619
 5031 00ba 0425     		movs	r5, #4
 5032              	.LVL190:
1436:../../Drivers/STM32H7xx_HAL_Driver/Src/stm32h7xx_hal_dma.c ****     {
 5033              		.loc 1 1436 40 view .LVU1620
 5034 00bc 8540     		lsls	r5, r5, r0
1436:../../Drivers/STM32H7xx_HAL_Driver/Src/stm32h7xx_hal_dma.c ****     {
 5035              		.loc 1 1436 8 view .LVU1621
 5036 00be 0D42     		tst	r5, r1
 5037 00c0 00F0A382 		beq	.L282
1436:../../Drivers/STM32H7xx_HAL_Driver/Src/stm32h7xx_hal_dma.c ****     {
 5038              		.loc 1 1436 80 discriminator 1 view .LVU1622
 5039 00c4 12F0040F 		tst	r2, #4
ARM GAS  /var/folders/2r/mdtt8xvd351gdc398t28_m2m0000gn/T//ccdEwLBV.s 			page 150


 5040 00c8 00F09F82 		beq	.L282
1439:../../Drivers/STM32H7xx_HAL_Driver/Src/stm32h7xx_hal_dma.c **** 
 5041              		.loc 1 1439 7 is_stmt 1 view .LVU1623
1439:../../Drivers/STM32H7xx_HAL_Driver/Src/stm32h7xx_hal_dma.c **** 
 5042              		.loc 1 1439 23 is_stmt 0 view .LVU1624
 5043 00cc 7D60     		str	r5, [r7, #4]
1442:../../Drivers/STM32H7xx_HAL_Driver/Src/stm32h7xx_hal_dma.c ****       {
 5044              		.loc 1 1442 7 is_stmt 1 view .LVU1625
1442:../../Drivers/STM32H7xx_HAL_Driver/Src/stm32h7xx_hal_dma.c ****       {
 5045              		.loc 1 1442 9 is_stmt 0 view .LVU1626
 5046 00ce 12F4004F 		tst	r2, #32768
 5047 00d2 00F05682 		beq	.L283
1445:../../Drivers/STM32H7xx_HAL_Driver/Src/stm32h7xx_hal_dma.c ****         {
 5048              		.loc 1 1445 9 is_stmt 1 view .LVU1627
1445:../../Drivers/STM32H7xx_HAL_Driver/Src/stm32h7xx_hal_dma.c ****         {
 5049              		.loc 1 1445 11 is_stmt 0 view .LVU1628
 5050 00d6 12F4803F 		tst	r2, #65536
 5051 00da 40F04C82 		bne	.L284
1447:../../Drivers/STM32H7xx_HAL_Driver/Src/stm32h7xx_hal_dma.c ****           {
 5052              		.loc 1 1447 11 is_stmt 1 view .LVU1629
1447:../../Drivers/STM32H7xx_HAL_Driver/Src/stm32h7xx_hal_dma.c ****           {
 5053              		.loc 1 1447 18 is_stmt 0 view .LVU1630
 5054 00de A36C     		ldr	r3, [r4, #72]
1447:../../Drivers/STM32H7xx_HAL_Driver/Src/stm32h7xx_hal_dma.c ****           {
 5055              		.loc 1 1447 13 view .LVU1631
 5056 00e0 002B     		cmp	r3, #0
 5057 00e2 00F04282 		beq	.L239
1450:../../Drivers/STM32H7xx_HAL_Driver/Src/stm32h7xx_hal_dma.c ****           }
 5058              		.loc 1 1450 13 is_stmt 1 view .LVU1632
 5059 00e6 2046     		mov	r0, r4
 5060 00e8 9847     		blx	r3
 5061              	.LVL191:
1450:../../Drivers/STM32H7xx_HAL_Driver/Src/stm32h7xx_hal_dma.c ****           }
 5062              		.loc 1 1450 13 is_stmt 0 view .LVU1633
 5063 00ea 3EE2     		b	.L239
 5064              	.LVL192:
 5065              	.L240:
1225:../../Drivers/STM32H7xx_HAL_Driver/Src/stm32h7xx_hal_dma.c ****     {
 5066              		.loc 1 1225 5 is_stmt 1 view .LVU1634
1225:../../Drivers/STM32H7xx_HAL_Driver/Src/stm32h7xx_hal_dma.c ****     {
 5067              		.loc 1 1225 49 is_stmt 0 view .LVU1635
 5068 00ec E26D     		ldr	r2, [r4, #92]
1225:../../Drivers/STM32H7xx_HAL_Driver/Src/stm32h7xx_hal_dma.c ****     {
 5069              		.loc 1 1225 63 view .LVU1636
 5070 00ee 02F01F01 		and	r1, r2, #31
 5071              	.LVL193:
1225:../../Drivers/STM32H7xx_HAL_Driver/Src/stm32h7xx_hal_dma.c ****     {
 5072              		.loc 1 1225 41 view .LVU1637
 5073 00f2 0822     		movs	r2, #8
 5074 00f4 8A40     		lsls	r2, r2, r1
1225:../../Drivers/STM32H7xx_HAL_Driver/Src/stm32h7xx_hal_dma.c ****     {
 5075              		.loc 1 1225 8 view .LVU1638
 5076 00f6 3242     		tst	r2, r6
 5077 00f8 46D0     		beq	.L243
1227:../../Drivers/STM32H7xx_HAL_Driver/Src/stm32h7xx_hal_dma.c ****       {
 5078              		.loc 1 1227 7 is_stmt 1 view .LVU1639
1227:../../Drivers/STM32H7xx_HAL_Driver/Src/stm32h7xx_hal_dma.c ****       {
ARM GAS  /var/folders/2r/mdtt8xvd351gdc398t28_m2m0000gn/T//ccdEwLBV.s 			page 151


 5079              		.loc 1 1227 51 is_stmt 0 view .LVU1640
 5080 00fa 434A     		ldr	r2, .L299+8
 5081 00fc 9342     		cmp	r3, r2
 5082 00fe 31D0     		beq	.L244
1227:../../Drivers/STM32H7xx_HAL_Driver/Src/stm32h7xx_hal_dma.c ****       {
 5083              		.loc 1 1227 10 discriminator 2 view .LVU1641
 5084 0100 1832     		adds	r2, r2, #24
 5085 0102 9342     		cmp	r3, r2
 5086 0104 2ED0     		beq	.L244
1227:../../Drivers/STM32H7xx_HAL_Driver/Src/stm32h7xx_hal_dma.c ****       {
 5087              		.loc 1 1227 10 discriminator 4 view .LVU1642
 5088 0106 1832     		adds	r2, r2, #24
 5089 0108 9342     		cmp	r3, r2
 5090 010a 2BD0     		beq	.L244
1227:../../Drivers/STM32H7xx_HAL_Driver/Src/stm32h7xx_hal_dma.c ****       {
 5091              		.loc 1 1227 10 discriminator 6 view .LVU1643
 5092 010c 1832     		adds	r2, r2, #24
 5093 010e 9342     		cmp	r3, r2
 5094 0110 28D0     		beq	.L244
1227:../../Drivers/STM32H7xx_HAL_Driver/Src/stm32h7xx_hal_dma.c ****       {
 5095              		.loc 1 1227 10 discriminator 8 view .LVU1644
 5096 0112 1832     		adds	r2, r2, #24
 5097 0114 9342     		cmp	r3, r2
 5098 0116 25D0     		beq	.L244
1227:../../Drivers/STM32H7xx_HAL_Driver/Src/stm32h7xx_hal_dma.c ****       {
 5099              		.loc 1 1227 10 discriminator 10 view .LVU1645
 5100 0118 1832     		adds	r2, r2, #24
 5101 011a 9342     		cmp	r3, r2
 5102 011c 22D0     		beq	.L244
1227:../../Drivers/STM32H7xx_HAL_Driver/Src/stm32h7xx_hal_dma.c ****       {
 5103              		.loc 1 1227 10 discriminator 12 view .LVU1646
 5104 011e 1832     		adds	r2, r2, #24
 5105 0120 9342     		cmp	r3, r2
 5106 0122 1FD0     		beq	.L244
1227:../../Drivers/STM32H7xx_HAL_Driver/Src/stm32h7xx_hal_dma.c ****       {
 5107              		.loc 1 1227 10 discriminator 14 view .LVU1647
 5108 0124 1832     		adds	r2, r2, #24
 5109 0126 9342     		cmp	r3, r2
 5110 0128 1CD0     		beq	.L244
1227:../../Drivers/STM32H7xx_HAL_Driver/Src/stm32h7xx_hal_dma.c ****       {
 5111              		.loc 1 1227 10 discriminator 16 view .LVU1648
 5112 012a 02F55672 		add	r2, r2, #856
 5113 012e 9342     		cmp	r3, r2
 5114 0130 18D0     		beq	.L244
1227:../../Drivers/STM32H7xx_HAL_Driver/Src/stm32h7xx_hal_dma.c ****       {
 5115              		.loc 1 1227 10 discriminator 18 view .LVU1649
 5116 0132 1832     		adds	r2, r2, #24
 5117 0134 9342     		cmp	r3, r2
 5118 0136 15D0     		beq	.L244
1227:../../Drivers/STM32H7xx_HAL_Driver/Src/stm32h7xx_hal_dma.c ****       {
 5119              		.loc 1 1227 10 discriminator 20 view .LVU1650
 5120 0138 1832     		adds	r2, r2, #24
 5121 013a 9342     		cmp	r3, r2
 5122 013c 12D0     		beq	.L244
1227:../../Drivers/STM32H7xx_HAL_Driver/Src/stm32h7xx_hal_dma.c ****       {
 5123              		.loc 1 1227 10 discriminator 22 view .LVU1651
 5124 013e 1832     		adds	r2, r2, #24
ARM GAS  /var/folders/2r/mdtt8xvd351gdc398t28_m2m0000gn/T//ccdEwLBV.s 			page 152


 5125 0140 9342     		cmp	r3, r2
 5126 0142 0FD0     		beq	.L244
1227:../../Drivers/STM32H7xx_HAL_Driver/Src/stm32h7xx_hal_dma.c ****       {
 5127              		.loc 1 1227 10 discriminator 24 view .LVU1652
 5128 0144 1832     		adds	r2, r2, #24
 5129 0146 9342     		cmp	r3, r2
 5130 0148 0CD0     		beq	.L244
1227:../../Drivers/STM32H7xx_HAL_Driver/Src/stm32h7xx_hal_dma.c ****       {
 5131              		.loc 1 1227 10 discriminator 26 view .LVU1653
 5132 014a 1832     		adds	r2, r2, #24
 5133 014c 9342     		cmp	r3, r2
 5134 014e 09D0     		beq	.L244
1227:../../Drivers/STM32H7xx_HAL_Driver/Src/stm32h7xx_hal_dma.c ****       {
 5135              		.loc 1 1227 10 discriminator 28 view .LVU1654
 5136 0150 1832     		adds	r2, r2, #24
 5137 0152 9342     		cmp	r3, r2
 5138 0154 06D0     		beq	.L244
1227:../../Drivers/STM32H7xx_HAL_Driver/Src/stm32h7xx_hal_dma.c ****       {
 5139              		.loc 1 1227 10 discriminator 30 view .LVU1655
 5140 0156 1832     		adds	r2, r2, #24
 5141 0158 9342     		cmp	r3, r2
 5142 015a 03D0     		beq	.L244
1227:../../Drivers/STM32H7xx_HAL_Driver/Src/stm32h7xx_hal_dma.c ****       {
 5143              		.loc 1 1227 10 discriminator 32 view .LVU1656
 5144 015c 1A68     		ldr	r2, [r3]
1227:../../Drivers/STM32H7xx_HAL_Driver/Src/stm32h7xx_hal_dma.c ****       {
 5145              		.loc 1 1227 51 discriminator 32 view .LVU1657
 5146 015e C2F3C002 		ubfx	r2, r2, #3, #1
 5147 0162 02E0     		b	.L246
 5148              	.L244:
1227:../../Drivers/STM32H7xx_HAL_Driver/Src/stm32h7xx_hal_dma.c ****       {
 5149              		.loc 1 1227 10 discriminator 31 view .LVU1658
 5150 0164 1A68     		ldr	r2, [r3]
1227:../../Drivers/STM32H7xx_HAL_Driver/Src/stm32h7xx_hal_dma.c ****       {
 5151              		.loc 1 1227 51 discriminator 31 view .LVU1659
 5152 0166 C2F38002 		ubfx	r2, r2, #2, #1
 5153              	.L246:
1227:../../Drivers/STM32H7xx_HAL_Driver/Src/stm32h7xx_hal_dma.c ****       {
 5154              		.loc 1 1227 9 discriminator 34 view .LVU1660
 5155 016a 6AB1     		cbz	r2, .L243
1230:../../Drivers/STM32H7xx_HAL_Driver/Src/stm32h7xx_hal_dma.c **** 
 5156              		.loc 1 1230 9 is_stmt 1 view .LVU1661
1230:../../Drivers/STM32H7xx_HAL_Driver/Src/stm32h7xx_hal_dma.c **** 
 5157              		.loc 1 1230 49 is_stmt 0 view .LVU1662
 5158 016c 1A68     		ldr	r2, [r3]
1230:../../Drivers/STM32H7xx_HAL_Driver/Src/stm32h7xx_hal_dma.c **** 
 5159              		.loc 1 1230 55 view .LVU1663
 5160 016e 22F00402 		bic	r2, r2, #4
 5161 0172 1A60     		str	r2, [r3]
1233:../../Drivers/STM32H7xx_HAL_Driver/Src/stm32h7xx_hal_dma.c **** 
 5162              		.loc 1 1233 9 is_stmt 1 view .LVU1664
1233:../../Drivers/STM32H7xx_HAL_Driver/Src/stm32h7xx_hal_dma.c **** 
 5163              		.loc 1 1233 51 is_stmt 0 view .LVU1665
 5164 0174 E36D     		ldr	r3, [r4, #92]
1233:../../Drivers/STM32H7xx_HAL_Driver/Src/stm32h7xx_hal_dma.c **** 
 5165              		.loc 1 1233 65 view .LVU1666
 5166 0176 03F01F02 		and	r2, r3, #31
ARM GAS  /var/folders/2r/mdtt8xvd351gdc398t28_m2m0000gn/T//ccdEwLBV.s 			page 153


1233:../../Drivers/STM32H7xx_HAL_Driver/Src/stm32h7xx_hal_dma.c **** 
 5167              		.loc 1 1233 43 view .LVU1667
 5168 017a 0823     		movs	r3, #8
 5169 017c 9340     		lsls	r3, r3, r2
1233:../../Drivers/STM32H7xx_HAL_Driver/Src/stm32h7xx_hal_dma.c **** 
 5170              		.loc 1 1233 24 view .LVU1668
 5171 017e BB60     		str	r3, [r7, #8]
1236:../../Drivers/STM32H7xx_HAL_Driver/Src/stm32h7xx_hal_dma.c ****       }
 5172              		.loc 1 1236 9 is_stmt 1 view .LVU1669
1236:../../Drivers/STM32H7xx_HAL_Driver/Src/stm32h7xx_hal_dma.c ****       }
 5173              		.loc 1 1236 13 is_stmt 0 view .LVU1670
 5174 0180 636D     		ldr	r3, [r4, #84]
1236:../../Drivers/STM32H7xx_HAL_Driver/Src/stm32h7xx_hal_dma.c ****       }
 5175              		.loc 1 1236 25 view .LVU1671
 5176 0182 43F00103 		orr	r3, r3, #1
 5177 0186 6365     		str	r3, [r4, #84]
 5178              	.L243:
1240:../../Drivers/STM32H7xx_HAL_Driver/Src/stm32h7xx_hal_dma.c ****     {
 5179              		.loc 1 1240 5 is_stmt 1 view .LVU1672
1240:../../Drivers/STM32H7xx_HAL_Driver/Src/stm32h7xx_hal_dma.c ****     {
 5180              		.loc 1 1240 49 is_stmt 0 view .LVU1673
 5181 0188 E26D     		ldr	r2, [r4, #92]
1240:../../Drivers/STM32H7xx_HAL_Driver/Src/stm32h7xx_hal_dma.c ****     {
 5182              		.loc 1 1240 63 view .LVU1674
 5183 018a 02F01F02 		and	r2, r2, #31
1240:../../Drivers/STM32H7xx_HAL_Driver/Src/stm32h7xx_hal_dma.c ****     {
 5184              		.loc 1 1240 74 view .LVU1675
 5185 018e 26FA02F3 		lsr	r3, r6, r2
1240:../../Drivers/STM32H7xx_HAL_Driver/Src/stm32h7xx_hal_dma.c ****     {
 5186              		.loc 1 1240 8 view .LVU1676
 5187 0192 13F0010F 		tst	r3, #1
 5188 0196 41D0     		beq	.L247
1242:../../Drivers/STM32H7xx_HAL_Driver/Src/stm32h7xx_hal_dma.c ****       {
 5189              		.loc 1 1242 7 is_stmt 1 view .LVU1677
1242:../../Drivers/STM32H7xx_HAL_Driver/Src/stm32h7xx_hal_dma.c ****       {
 5190              		.loc 1 1242 10 is_stmt 0 view .LVU1678
 5191 0198 2368     		ldr	r3, [r4]
1242:../../Drivers/STM32H7xx_HAL_Driver/Src/stm32h7xx_hal_dma.c ****       {
 5192              		.loc 1 1242 51 view .LVU1679
 5193 019a 1B49     		ldr	r1, .L299+8
 5194 019c 8B42     		cmp	r3, r1
 5195 019e 39D0     		beq	.L248
1242:../../Drivers/STM32H7xx_HAL_Driver/Src/stm32h7xx_hal_dma.c ****       {
 5196              		.loc 1 1242 10 discriminator 2 view .LVU1680
 5197 01a0 1831     		adds	r1, r1, #24
 5198 01a2 8B42     		cmp	r3, r1
 5199 01a4 36D0     		beq	.L248
1242:../../Drivers/STM32H7xx_HAL_Driver/Src/stm32h7xx_hal_dma.c ****       {
 5200              		.loc 1 1242 10 discriminator 4 view .LVU1681
 5201 01a6 1831     		adds	r1, r1, #24
 5202 01a8 8B42     		cmp	r3, r1
 5203 01aa 33D0     		beq	.L248
1242:../../Drivers/STM32H7xx_HAL_Driver/Src/stm32h7xx_hal_dma.c ****       {
 5204              		.loc 1 1242 10 discriminator 6 view .LVU1682
 5205 01ac 1831     		adds	r1, r1, #24
 5206 01ae 8B42     		cmp	r3, r1
 5207 01b0 30D0     		beq	.L248
ARM GAS  /var/folders/2r/mdtt8xvd351gdc398t28_m2m0000gn/T//ccdEwLBV.s 			page 154


1242:../../Drivers/STM32H7xx_HAL_Driver/Src/stm32h7xx_hal_dma.c ****       {
 5208              		.loc 1 1242 10 discriminator 8 view .LVU1683
 5209 01b2 1831     		adds	r1, r1, #24
 5210 01b4 8B42     		cmp	r3, r1
 5211 01b6 2DD0     		beq	.L248
1242:../../Drivers/STM32H7xx_HAL_Driver/Src/stm32h7xx_hal_dma.c ****       {
 5212              		.loc 1 1242 10 discriminator 10 view .LVU1684
 5213 01b8 1831     		adds	r1, r1, #24
 5214 01ba 8B42     		cmp	r3, r1
 5215 01bc 2AD0     		beq	.L248
1242:../../Drivers/STM32H7xx_HAL_Driver/Src/stm32h7xx_hal_dma.c ****       {
 5216              		.loc 1 1242 10 discriminator 12 view .LVU1685
 5217 01be 1831     		adds	r1, r1, #24
 5218 01c0 8B42     		cmp	r3, r1
 5219 01c2 27D0     		beq	.L248
1242:../../Drivers/STM32H7xx_HAL_Driver/Src/stm32h7xx_hal_dma.c ****       {
 5220              		.loc 1 1242 10 discriminator 14 view .LVU1686
 5221 01c4 1831     		adds	r1, r1, #24
 5222 01c6 8B42     		cmp	r3, r1
 5223 01c8 24D0     		beq	.L248
1242:../../Drivers/STM32H7xx_HAL_Driver/Src/stm32h7xx_hal_dma.c ****       {
 5224              		.loc 1 1242 10 discriminator 16 view .LVU1687
 5225 01ca 01F55671 		add	r1, r1, #856
 5226 01ce 8B42     		cmp	r3, r1
 5227 01d0 20D0     		beq	.L248
1242:../../Drivers/STM32H7xx_HAL_Driver/Src/stm32h7xx_hal_dma.c ****       {
 5228              		.loc 1 1242 10 discriminator 18 view .LVU1688
 5229 01d2 1831     		adds	r1, r1, #24
 5230 01d4 8B42     		cmp	r3, r1
 5231 01d6 1DD0     		beq	.L248
1242:../../Drivers/STM32H7xx_HAL_Driver/Src/stm32h7xx_hal_dma.c ****       {
 5232              		.loc 1 1242 10 discriminator 20 view .LVU1689
 5233 01d8 1831     		adds	r1, r1, #24
 5234 01da 8B42     		cmp	r3, r1
 5235 01dc 1AD0     		beq	.L248
1242:../../Drivers/STM32H7xx_HAL_Driver/Src/stm32h7xx_hal_dma.c ****       {
 5236              		.loc 1 1242 10 discriminator 22 view .LVU1690
 5237 01de 1831     		adds	r1, r1, #24
 5238 01e0 8B42     		cmp	r3, r1
 5239 01e2 17D0     		beq	.L248
1242:../../Drivers/STM32H7xx_HAL_Driver/Src/stm32h7xx_hal_dma.c ****       {
 5240              		.loc 1 1242 10 discriminator 24 view .LVU1691
 5241 01e4 1831     		adds	r1, r1, #24
 5242 01e6 8B42     		cmp	r3, r1
 5243 01e8 14D0     		beq	.L248
1242:../../Drivers/STM32H7xx_HAL_Driver/Src/stm32h7xx_hal_dma.c ****       {
 5244              		.loc 1 1242 10 discriminator 26 view .LVU1692
 5245 01ea 1831     		adds	r1, r1, #24
 5246 01ec 8B42     		cmp	r3, r1
 5247 01ee 11D0     		beq	.L248
1242:../../Drivers/STM32H7xx_HAL_Driver/Src/stm32h7xx_hal_dma.c ****       {
 5248              		.loc 1 1242 10 discriminator 28 view .LVU1693
 5249 01f0 1831     		adds	r1, r1, #24
 5250 01f2 8B42     		cmp	r3, r1
 5251 01f4 0ED0     		beq	.L248
1242:../../Drivers/STM32H7xx_HAL_Driver/Src/stm32h7xx_hal_dma.c ****       {
 5252              		.loc 1 1242 10 discriminator 30 view .LVU1694
ARM GAS  /var/folders/2r/mdtt8xvd351gdc398t28_m2m0000gn/T//ccdEwLBV.s 			page 155


 5253 01f6 1831     		adds	r1, r1, #24
 5254 01f8 8B42     		cmp	r3, r1
 5255 01fa 0BD0     		beq	.L248
1242:../../Drivers/STM32H7xx_HAL_Driver/Src/stm32h7xx_hal_dma.c ****       {
 5256              		.loc 1 1242 10 discriminator 32 view .LVU1695
 5257 01fc 1B68     		ldr	r3, [r3]
 5258 01fe 0DE0     		b	.L247
 5259              	.L300:
 5260              		.align	2
 5261              	.L299:
 5262 0200 00000000 		.word	SystemCoreClock
 5263 0204 B5814E1B 		.word	458129845
 5264 0208 10000240 		.word	1073872912
 5265 020c 08540258 		.word	1476547592
 5266 0210 1C540258 		.word	1476547612
 5267              	.L248:
1242:../../Drivers/STM32H7xx_HAL_Driver/Src/stm32h7xx_hal_dma.c ****       {
 5268              		.loc 1 1242 10 discriminator 31 view .LVU1696
 5269 0214 5B69     		ldr	r3, [r3, #20]
1242:../../Drivers/STM32H7xx_HAL_Driver/Src/stm32h7xx_hal_dma.c ****       {
 5270              		.loc 1 1242 9 discriminator 34 view .LVU1697
 5271 0216 13F0800F 		tst	r3, #128
 5272 021a 3BD1     		bne	.L250
 5273              	.L247:
1252:../../Drivers/STM32H7xx_HAL_Driver/Src/stm32h7xx_hal_dma.c ****     {
 5274              		.loc 1 1252 5 is_stmt 1 view .LVU1698
1252:../../Drivers/STM32H7xx_HAL_Driver/Src/stm32h7xx_hal_dma.c ****     {
 5275              		.loc 1 1252 50 is_stmt 0 view .LVU1699
 5276 021c E36D     		ldr	r3, [r4, #92]
1252:../../Drivers/STM32H7xx_HAL_Driver/Src/stm32h7xx_hal_dma.c ****     {
 5277              		.loc 1 1252 64 view .LVU1700
 5278 021e 03F01F03 		and	r3, r3, #31
1252:../../Drivers/STM32H7xx_HAL_Driver/Src/stm32h7xx_hal_dma.c ****     {
 5279              		.loc 1 1252 42 view .LVU1701
 5280 0222 0422     		movs	r2, #4
 5281 0224 02FA03F3 		lsl	r3, r2, r3
1252:../../Drivers/STM32H7xx_HAL_Driver/Src/stm32h7xx_hal_dma.c ****     {
 5282              		.loc 1 1252 8 view .LVU1702
 5283 0228 3342     		tst	r3, r6
 5284 022a 3FD0     		beq	.L251
1254:../../Drivers/STM32H7xx_HAL_Driver/Src/stm32h7xx_hal_dma.c ****       {
 5285              		.loc 1 1254 7 is_stmt 1 view .LVU1703
1254:../../Drivers/STM32H7xx_HAL_Driver/Src/stm32h7xx_hal_dma.c ****       {
 5286              		.loc 1 1254 10 is_stmt 0 view .LVU1704
 5287 022c 2268     		ldr	r2, [r4]
1254:../../Drivers/STM32H7xx_HAL_Driver/Src/stm32h7xx_hal_dma.c ****       {
 5288              		.loc 1 1254 52 view .LVU1705
 5289 022e 9349     		ldr	r1, .L301
 5290 0230 8A42     		cmp	r2, r1
 5291 0232 37D0     		beq	.L252
1254:../../Drivers/STM32H7xx_HAL_Driver/Src/stm32h7xx_hal_dma.c ****       {
 5292              		.loc 1 1254 10 discriminator 2 view .LVU1706
 5293 0234 1831     		adds	r1, r1, #24
 5294 0236 8A42     		cmp	r2, r1
 5295 0238 34D0     		beq	.L252
1254:../../Drivers/STM32H7xx_HAL_Driver/Src/stm32h7xx_hal_dma.c ****       {
 5296              		.loc 1 1254 10 discriminator 4 view .LVU1707
ARM GAS  /var/folders/2r/mdtt8xvd351gdc398t28_m2m0000gn/T//ccdEwLBV.s 			page 156


 5297 023a 1831     		adds	r1, r1, #24
 5298 023c 8A42     		cmp	r2, r1
 5299 023e 31D0     		beq	.L252
1254:../../Drivers/STM32H7xx_HAL_Driver/Src/stm32h7xx_hal_dma.c ****       {
 5300              		.loc 1 1254 10 discriminator 6 view .LVU1708
 5301 0240 1831     		adds	r1, r1, #24
 5302 0242 8A42     		cmp	r2, r1
 5303 0244 2ED0     		beq	.L252
1254:../../Drivers/STM32H7xx_HAL_Driver/Src/stm32h7xx_hal_dma.c ****       {
 5304              		.loc 1 1254 10 discriminator 8 view .LVU1709
 5305 0246 1831     		adds	r1, r1, #24
 5306 0248 8A42     		cmp	r2, r1
 5307 024a 2BD0     		beq	.L252
1254:../../Drivers/STM32H7xx_HAL_Driver/Src/stm32h7xx_hal_dma.c ****       {
 5308              		.loc 1 1254 10 discriminator 10 view .LVU1710
 5309 024c 1831     		adds	r1, r1, #24
 5310 024e 8A42     		cmp	r2, r1
 5311 0250 28D0     		beq	.L252
1254:../../Drivers/STM32H7xx_HAL_Driver/Src/stm32h7xx_hal_dma.c ****       {
 5312              		.loc 1 1254 10 discriminator 12 view .LVU1711
 5313 0252 1831     		adds	r1, r1, #24
 5314 0254 8A42     		cmp	r2, r1
 5315 0256 25D0     		beq	.L252
1254:../../Drivers/STM32H7xx_HAL_Driver/Src/stm32h7xx_hal_dma.c ****       {
 5316              		.loc 1 1254 10 discriminator 14 view .LVU1712
 5317 0258 1831     		adds	r1, r1, #24
 5318 025a 8A42     		cmp	r2, r1
 5319 025c 22D0     		beq	.L252
1254:../../Drivers/STM32H7xx_HAL_Driver/Src/stm32h7xx_hal_dma.c ****       {
 5320              		.loc 1 1254 10 discriminator 16 view .LVU1713
 5321 025e 01F55671 		add	r1, r1, #856
 5322 0262 8A42     		cmp	r2, r1
 5323 0264 1ED0     		beq	.L252
1254:../../Drivers/STM32H7xx_HAL_Driver/Src/stm32h7xx_hal_dma.c ****       {
 5324              		.loc 1 1254 10 discriminator 18 view .LVU1714
 5325 0266 1831     		adds	r1, r1, #24
 5326 0268 8A42     		cmp	r2, r1
 5327 026a 1BD0     		beq	.L252
1254:../../Drivers/STM32H7xx_HAL_Driver/Src/stm32h7xx_hal_dma.c ****       {
 5328              		.loc 1 1254 10 discriminator 20 view .LVU1715
 5329 026c 1831     		adds	r1, r1, #24
 5330 026e 8A42     		cmp	r2, r1
 5331 0270 18D0     		beq	.L252
1254:../../Drivers/STM32H7xx_HAL_Driver/Src/stm32h7xx_hal_dma.c ****       {
 5332              		.loc 1 1254 10 discriminator 22 view .LVU1716
 5333 0272 1831     		adds	r1, r1, #24
 5334 0274 8A42     		cmp	r2, r1
 5335 0276 15D0     		beq	.L252
1254:../../Drivers/STM32H7xx_HAL_Driver/Src/stm32h7xx_hal_dma.c ****       {
 5336              		.loc 1 1254 10 discriminator 24 view .LVU1717
 5337 0278 1831     		adds	r1, r1, #24
 5338 027a 8A42     		cmp	r2, r1
 5339 027c 12D0     		beq	.L252
1254:../../Drivers/STM32H7xx_HAL_Driver/Src/stm32h7xx_hal_dma.c ****       {
 5340              		.loc 1 1254 10 discriminator 26 view .LVU1718
 5341 027e 1831     		adds	r1, r1, #24
 5342 0280 8A42     		cmp	r2, r1
ARM GAS  /var/folders/2r/mdtt8xvd351gdc398t28_m2m0000gn/T//ccdEwLBV.s 			page 157


 5343 0282 0FD0     		beq	.L252
1254:../../Drivers/STM32H7xx_HAL_Driver/Src/stm32h7xx_hal_dma.c ****       {
 5344              		.loc 1 1254 10 discriminator 28 view .LVU1719
 5345 0284 1831     		adds	r1, r1, #24
 5346 0286 8A42     		cmp	r2, r1
 5347 0288 0CD0     		beq	.L252
1254:../../Drivers/STM32H7xx_HAL_Driver/Src/stm32h7xx_hal_dma.c ****       {
 5348              		.loc 1 1254 10 discriminator 30 view .LVU1720
 5349 028a 1831     		adds	r1, r1, #24
 5350 028c 8A42     		cmp	r2, r1
 5351 028e 09D0     		beq	.L252
1254:../../Drivers/STM32H7xx_HAL_Driver/Src/stm32h7xx_hal_dma.c ****       {
 5352              		.loc 1 1254 10 discriminator 32 view .LVU1721
 5353 0290 1368     		ldr	r3, [r2]
 5354 0292 0BE0     		b	.L251
 5355              	.L250:
1245:../../Drivers/STM32H7xx_HAL_Driver/Src/stm32h7xx_hal_dma.c **** 
 5356              		.loc 1 1245 9 is_stmt 1 view .LVU1722
1245:../../Drivers/STM32H7xx_HAL_Driver/Src/stm32h7xx_hal_dma.c **** 
 5357              		.loc 1 1245 43 is_stmt 0 view .LVU1723
 5358 0294 0123     		movs	r3, #1
 5359 0296 9340     		lsls	r3, r3, r2
1245:../../Drivers/STM32H7xx_HAL_Driver/Src/stm32h7xx_hal_dma.c **** 
 5360              		.loc 1 1245 24 view .LVU1724
 5361 0298 BB60     		str	r3, [r7, #8]
1248:../../Drivers/STM32H7xx_HAL_Driver/Src/stm32h7xx_hal_dma.c ****       }
 5362              		.loc 1 1248 9 is_stmt 1 view .LVU1725
1248:../../Drivers/STM32H7xx_HAL_Driver/Src/stm32h7xx_hal_dma.c ****       }
 5363              		.loc 1 1248 13 is_stmt 0 view .LVU1726
 5364 029a 636D     		ldr	r3, [r4, #84]
1248:../../Drivers/STM32H7xx_HAL_Driver/Src/stm32h7xx_hal_dma.c ****       }
 5365              		.loc 1 1248 25 view .LVU1727
 5366 029c 43F00203 		orr	r3, r3, #2
 5367 02a0 6365     		str	r3, [r4, #84]
 5368 02a2 BBE7     		b	.L247
 5369              	.L252:
1254:../../Drivers/STM32H7xx_HAL_Driver/Src/stm32h7xx_hal_dma.c ****       {
 5370              		.loc 1 1254 10 discriminator 31 view .LVU1728
 5371 02a4 1268     		ldr	r2, [r2]
1254:../../Drivers/STM32H7xx_HAL_Driver/Src/stm32h7xx_hal_dma.c ****       {
 5372              		.loc 1 1254 9 discriminator 34 view .LVU1729
 5373 02a6 12F0020F 		tst	r2, #2
 5374 02aa 3DD1     		bne	.L254
 5375              	.L251:
1264:../../Drivers/STM32H7xx_HAL_Driver/Src/stm32h7xx_hal_dma.c ****     {
 5376              		.loc 1 1264 5 is_stmt 1 view .LVU1730
1264:../../Drivers/STM32H7xx_HAL_Driver/Src/stm32h7xx_hal_dma.c ****     {
 5377              		.loc 1 1264 49 is_stmt 0 view .LVU1731
 5378 02ac E36D     		ldr	r3, [r4, #92]
1264:../../Drivers/STM32H7xx_HAL_Driver/Src/stm32h7xx_hal_dma.c ****     {
 5379              		.loc 1 1264 63 view .LVU1732
 5380 02ae 03F01F03 		and	r3, r3, #31
1264:../../Drivers/STM32H7xx_HAL_Driver/Src/stm32h7xx_hal_dma.c ****     {
 5381              		.loc 1 1264 41 view .LVU1733
 5382 02b2 1022     		movs	r2, #16
 5383 02b4 02FA03F3 		lsl	r3, r2, r3
1264:../../Drivers/STM32H7xx_HAL_Driver/Src/stm32h7xx_hal_dma.c ****     {
ARM GAS  /var/folders/2r/mdtt8xvd351gdc398t28_m2m0000gn/T//ccdEwLBV.s 			page 158


 5384              		.loc 1 1264 8 view .LVU1734
 5385 02b8 3342     		tst	r3, r6
 5386 02ba 5FD0     		beq	.L255
1266:../../Drivers/STM32H7xx_HAL_Driver/Src/stm32h7xx_hal_dma.c ****       {
 5387              		.loc 1 1266 7 is_stmt 1 view .LVU1735
1266:../../Drivers/STM32H7xx_HAL_Driver/Src/stm32h7xx_hal_dma.c ****       {
 5388              		.loc 1 1266 10 is_stmt 0 view .LVU1736
 5389 02bc 2268     		ldr	r2, [r4]
1266:../../Drivers/STM32H7xx_HAL_Driver/Src/stm32h7xx_hal_dma.c ****       {
 5390              		.loc 1 1266 51 view .LVU1737
 5391 02be 6F49     		ldr	r1, .L301
 5392 02c0 8A42     		cmp	r2, r1
 5393 02c2 37D0     		beq	.L256
1266:../../Drivers/STM32H7xx_HAL_Driver/Src/stm32h7xx_hal_dma.c ****       {
 5394              		.loc 1 1266 10 discriminator 2 view .LVU1738
 5395 02c4 1831     		adds	r1, r1, #24
 5396 02c6 8A42     		cmp	r2, r1
 5397 02c8 34D0     		beq	.L256
1266:../../Drivers/STM32H7xx_HAL_Driver/Src/stm32h7xx_hal_dma.c ****       {
 5398              		.loc 1 1266 10 discriminator 4 view .LVU1739
 5399 02ca 1831     		adds	r1, r1, #24
 5400 02cc 8A42     		cmp	r2, r1
 5401 02ce 31D0     		beq	.L256
1266:../../Drivers/STM32H7xx_HAL_Driver/Src/stm32h7xx_hal_dma.c ****       {
 5402              		.loc 1 1266 10 discriminator 6 view .LVU1740
 5403 02d0 1831     		adds	r1, r1, #24
 5404 02d2 8A42     		cmp	r2, r1
 5405 02d4 2ED0     		beq	.L256
1266:../../Drivers/STM32H7xx_HAL_Driver/Src/stm32h7xx_hal_dma.c ****       {
 5406              		.loc 1 1266 10 discriminator 8 view .LVU1741
 5407 02d6 1831     		adds	r1, r1, #24
 5408 02d8 8A42     		cmp	r2, r1
 5409 02da 2BD0     		beq	.L256
1266:../../Drivers/STM32H7xx_HAL_Driver/Src/stm32h7xx_hal_dma.c ****       {
 5410              		.loc 1 1266 10 discriminator 10 view .LVU1742
 5411 02dc 1831     		adds	r1, r1, #24
 5412 02de 8A42     		cmp	r2, r1
 5413 02e0 28D0     		beq	.L256
1266:../../Drivers/STM32H7xx_HAL_Driver/Src/stm32h7xx_hal_dma.c ****       {
 5414              		.loc 1 1266 10 discriminator 12 view .LVU1743
 5415 02e2 1831     		adds	r1, r1, #24
 5416 02e4 8A42     		cmp	r2, r1
 5417 02e6 25D0     		beq	.L256
1266:../../Drivers/STM32H7xx_HAL_Driver/Src/stm32h7xx_hal_dma.c ****       {
 5418              		.loc 1 1266 10 discriminator 14 view .LVU1744
 5419 02e8 1831     		adds	r1, r1, #24
 5420 02ea 8A42     		cmp	r2, r1
 5421 02ec 22D0     		beq	.L256
1266:../../Drivers/STM32H7xx_HAL_Driver/Src/stm32h7xx_hal_dma.c ****       {
 5422              		.loc 1 1266 10 discriminator 16 view .LVU1745
 5423 02ee 01F55671 		add	r1, r1, #856
 5424 02f2 8A42     		cmp	r2, r1
 5425 02f4 1ED0     		beq	.L256
1266:../../Drivers/STM32H7xx_HAL_Driver/Src/stm32h7xx_hal_dma.c ****       {
 5426              		.loc 1 1266 10 discriminator 18 view .LVU1746
 5427 02f6 1831     		adds	r1, r1, #24
 5428 02f8 8A42     		cmp	r2, r1
ARM GAS  /var/folders/2r/mdtt8xvd351gdc398t28_m2m0000gn/T//ccdEwLBV.s 			page 159


 5429 02fa 1BD0     		beq	.L256
1266:../../Drivers/STM32H7xx_HAL_Driver/Src/stm32h7xx_hal_dma.c ****       {
 5430              		.loc 1 1266 10 discriminator 20 view .LVU1747
 5431 02fc 1831     		adds	r1, r1, #24
 5432 02fe 8A42     		cmp	r2, r1
 5433 0300 18D0     		beq	.L256
1266:../../Drivers/STM32H7xx_HAL_Driver/Src/stm32h7xx_hal_dma.c ****       {
 5434              		.loc 1 1266 10 discriminator 22 view .LVU1748
 5435 0302 1831     		adds	r1, r1, #24
 5436 0304 8A42     		cmp	r2, r1
 5437 0306 15D0     		beq	.L256
1266:../../Drivers/STM32H7xx_HAL_Driver/Src/stm32h7xx_hal_dma.c ****       {
 5438              		.loc 1 1266 10 discriminator 24 view .LVU1749
 5439 0308 1831     		adds	r1, r1, #24
 5440 030a 8A42     		cmp	r2, r1
 5441 030c 12D0     		beq	.L256
1266:../../Drivers/STM32H7xx_HAL_Driver/Src/stm32h7xx_hal_dma.c ****       {
 5442              		.loc 1 1266 10 discriminator 26 view .LVU1750
 5443 030e 1831     		adds	r1, r1, #24
 5444 0310 8A42     		cmp	r2, r1
 5445 0312 0FD0     		beq	.L256
1266:../../Drivers/STM32H7xx_HAL_Driver/Src/stm32h7xx_hal_dma.c ****       {
 5446              		.loc 1 1266 10 discriminator 28 view .LVU1751
 5447 0314 1831     		adds	r1, r1, #24
 5448 0316 8A42     		cmp	r2, r1
 5449 0318 0CD0     		beq	.L256
1266:../../Drivers/STM32H7xx_HAL_Driver/Src/stm32h7xx_hal_dma.c ****       {
 5450              		.loc 1 1266 10 discriminator 30 view .LVU1752
 5451 031a 1831     		adds	r1, r1, #24
 5452 031c 8A42     		cmp	r2, r1
 5453 031e 09D0     		beq	.L256
1266:../../Drivers/STM32H7xx_HAL_Driver/Src/stm32h7xx_hal_dma.c ****       {
 5454              		.loc 1 1266 10 discriminator 32 view .LVU1753
 5455 0320 1268     		ldr	r2, [r2]
1266:../../Drivers/STM32H7xx_HAL_Driver/Src/stm32h7xx_hal_dma.c ****       {
 5456              		.loc 1 1266 51 discriminator 32 view .LVU1754
 5457 0322 C2F38002 		ubfx	r2, r2, #2, #1
 5458 0326 08E0     		b	.L258
 5459              	.L254:
1257:../../Drivers/STM32H7xx_HAL_Driver/Src/stm32h7xx_hal_dma.c **** 
 5460              		.loc 1 1257 9 is_stmt 1 view .LVU1755
1257:../../Drivers/STM32H7xx_HAL_Driver/Src/stm32h7xx_hal_dma.c **** 
 5461              		.loc 1 1257 24 is_stmt 0 view .LVU1756
 5462 0328 BB60     		str	r3, [r7, #8]
1260:../../Drivers/STM32H7xx_HAL_Driver/Src/stm32h7xx_hal_dma.c ****       }
 5463              		.loc 1 1260 9 is_stmt 1 view .LVU1757
1260:../../Drivers/STM32H7xx_HAL_Driver/Src/stm32h7xx_hal_dma.c ****       }
 5464              		.loc 1 1260 13 is_stmt 0 view .LVU1758
 5465 032a 636D     		ldr	r3, [r4, #84]
1260:../../Drivers/STM32H7xx_HAL_Driver/Src/stm32h7xx_hal_dma.c ****       }
 5466              		.loc 1 1260 25 view .LVU1759
 5467 032c 43F00403 		orr	r3, r3, #4
 5468 0330 6365     		str	r3, [r4, #84]
 5469 0332 BBE7     		b	.L251
 5470              	.L256:
1266:../../Drivers/STM32H7xx_HAL_Driver/Src/stm32h7xx_hal_dma.c ****       {
 5471              		.loc 1 1266 10 discriminator 31 view .LVU1760
ARM GAS  /var/folders/2r/mdtt8xvd351gdc398t28_m2m0000gn/T//ccdEwLBV.s 			page 160


 5472 0334 1268     		ldr	r2, [r2]
1266:../../Drivers/STM32H7xx_HAL_Driver/Src/stm32h7xx_hal_dma.c ****       {
 5473              		.loc 1 1266 51 discriminator 31 view .LVU1761
 5474 0336 C2F3C002 		ubfx	r2, r2, #3, #1
 5475              	.L258:
1266:../../Drivers/STM32H7xx_HAL_Driver/Src/stm32h7xx_hal_dma.c ****       {
 5476              		.loc 1 1266 9 discriminator 34 view .LVU1762
 5477 033a FAB1     		cbz	r2, .L255
1269:../../Drivers/STM32H7xx_HAL_Driver/Src/stm32h7xx_hal_dma.c **** 
 5478              		.loc 1 1269 9 is_stmt 1 view .LVU1763
1269:../../Drivers/STM32H7xx_HAL_Driver/Src/stm32h7xx_hal_dma.c **** 
 5479              		.loc 1 1269 24 is_stmt 0 view .LVU1764
 5480 033c BB60     		str	r3, [r7, #8]
1272:../../Drivers/STM32H7xx_HAL_Driver/Src/stm32h7xx_hal_dma.c ****         {
 5481              		.loc 1 1272 9 is_stmt 1 view .LVU1765
1272:../../Drivers/STM32H7xx_HAL_Driver/Src/stm32h7xx_hal_dma.c ****         {
 5482              		.loc 1 1272 43 is_stmt 0 view .LVU1766
 5483 033e 2368     		ldr	r3, [r4]
1272:../../Drivers/STM32H7xx_HAL_Driver/Src/stm32h7xx_hal_dma.c ****         {
 5484              		.loc 1 1272 54 view .LVU1767
 5485 0340 1A68     		ldr	r2, [r3]
1272:../../Drivers/STM32H7xx_HAL_Driver/Src/stm32h7xx_hal_dma.c ****         {
 5486              		.loc 1 1272 11 view .LVU1768
 5487 0342 12F4802F 		tst	r2, #262144
 5488 0346 0DD0     		beq	.L259
1275:../../Drivers/STM32H7xx_HAL_Driver/Src/stm32h7xx_hal_dma.c ****           {
 5489              		.loc 1 1275 11 is_stmt 1 view .LVU1769
1275:../../Drivers/STM32H7xx_HAL_Driver/Src/stm32h7xx_hal_dma.c ****           {
 5490              		.loc 1 1275 55 is_stmt 0 view .LVU1770
 5491 0348 1B68     		ldr	r3, [r3]
1275:../../Drivers/STM32H7xx_HAL_Driver/Src/stm32h7xx_hal_dma.c ****           {
 5492              		.loc 1 1275 13 view .LVU1771
 5493 034a 13F4002F 		tst	r3, #524288
 5494 034e 04D1     		bne	.L260
1277:../../Drivers/STM32H7xx_HAL_Driver/Src/stm32h7xx_hal_dma.c ****             {
 5495              		.loc 1 1277 13 is_stmt 1 view .LVU1772
1277:../../Drivers/STM32H7xx_HAL_Driver/Src/stm32h7xx_hal_dma.c ****             {
 5496              		.loc 1 1277 20 is_stmt 0 view .LVU1773
 5497 0350 236C     		ldr	r3, [r4, #64]
1277:../../Drivers/STM32H7xx_HAL_Driver/Src/stm32h7xx_hal_dma.c ****             {
 5498              		.loc 1 1277 15 view .LVU1774
 5499 0352 9BB1     		cbz	r3, .L255
1280:../../Drivers/STM32H7xx_HAL_Driver/Src/stm32h7xx_hal_dma.c ****             }
 5500              		.loc 1 1280 15 is_stmt 1 view .LVU1775
 5501 0354 2046     		mov	r0, r4
 5502              	.LVL194:
1280:../../Drivers/STM32H7xx_HAL_Driver/Src/stm32h7xx_hal_dma.c ****             }
 5503              		.loc 1 1280 15 is_stmt 0 view .LVU1776
 5504 0356 9847     		blx	r3
 5505              	.LVL195:
 5506 0358 10E0     		b	.L255
 5507              	.LVL196:
 5508              	.L260:
1286:../../Drivers/STM32H7xx_HAL_Driver/Src/stm32h7xx_hal_dma.c ****             {
 5509              		.loc 1 1286 13 is_stmt 1 view .LVU1777
1286:../../Drivers/STM32H7xx_HAL_Driver/Src/stm32h7xx_hal_dma.c ****             {
 5510              		.loc 1 1286 20 is_stmt 0 view .LVU1778
ARM GAS  /var/folders/2r/mdtt8xvd351gdc398t28_m2m0000gn/T//ccdEwLBV.s 			page 161


 5511 035a A36C     		ldr	r3, [r4, #72]
1286:../../Drivers/STM32H7xx_HAL_Driver/Src/stm32h7xx_hal_dma.c ****             {
 5512              		.loc 1 1286 15 view .LVU1779
 5513 035c 73B1     		cbz	r3, .L255
1289:../../Drivers/STM32H7xx_HAL_Driver/Src/stm32h7xx_hal_dma.c ****             }
 5514              		.loc 1 1289 15 is_stmt 1 view .LVU1780
 5515 035e 2046     		mov	r0, r4
 5516              	.LVL197:
1289:../../Drivers/STM32H7xx_HAL_Driver/Src/stm32h7xx_hal_dma.c ****             }
 5517              		.loc 1 1289 15 is_stmt 0 view .LVU1781
 5518 0360 9847     		blx	r3
 5519              	.LVL198:
 5520 0362 0BE0     		b	.L255
 5521              	.LVL199:
 5522              	.L259:
1296:../../Drivers/STM32H7xx_HAL_Driver/Src/stm32h7xx_hal_dma.c ****           {
 5523              		.loc 1 1296 11 is_stmt 1 view .LVU1782
1296:../../Drivers/STM32H7xx_HAL_Driver/Src/stm32h7xx_hal_dma.c ****           {
 5524              		.loc 1 1296 55 is_stmt 0 view .LVU1783
 5525 0364 1A68     		ldr	r2, [r3]
1296:../../Drivers/STM32H7xx_HAL_Driver/Src/stm32h7xx_hal_dma.c ****           {
 5526              		.loc 1 1296 13 view .LVU1784
 5527 0366 12F4807F 		tst	r2, #256
 5528 036a 03D1     		bne	.L261
1299:../../Drivers/STM32H7xx_HAL_Driver/Src/stm32h7xx_hal_dma.c ****           }
 5529              		.loc 1 1299 13 is_stmt 1 view .LVU1785
1299:../../Drivers/STM32H7xx_HAL_Driver/Src/stm32h7xx_hal_dma.c ****           }
 5530              		.loc 1 1299 53 is_stmt 0 view .LVU1786
 5531 036c 1A68     		ldr	r2, [r3]
1299:../../Drivers/STM32H7xx_HAL_Driver/Src/stm32h7xx_hal_dma.c ****           }
 5532              		.loc 1 1299 59 view .LVU1787
 5533 036e 22F00802 		bic	r2, r2, #8
 5534 0372 1A60     		str	r2, [r3]
 5535              	.L261:
1302:../../Drivers/STM32H7xx_HAL_Driver/Src/stm32h7xx_hal_dma.c ****           {
 5536              		.loc 1 1302 11 is_stmt 1 view .LVU1788
1302:../../Drivers/STM32H7xx_HAL_Driver/Src/stm32h7xx_hal_dma.c ****           {
 5537              		.loc 1 1302 18 is_stmt 0 view .LVU1789
 5538 0374 236C     		ldr	r3, [r4, #64]
1302:../../Drivers/STM32H7xx_HAL_Driver/Src/stm32h7xx_hal_dma.c ****           {
 5539              		.loc 1 1302 13 view .LVU1790
 5540 0376 0BB1     		cbz	r3, .L255
1305:../../Drivers/STM32H7xx_HAL_Driver/Src/stm32h7xx_hal_dma.c ****           }
 5541              		.loc 1 1305 13 is_stmt 1 view .LVU1791
 5542 0378 2046     		mov	r0, r4
 5543              	.LVL200:
1305:../../Drivers/STM32H7xx_HAL_Driver/Src/stm32h7xx_hal_dma.c ****           }
 5544              		.loc 1 1305 13 is_stmt 0 view .LVU1792
 5545 037a 9847     		blx	r3
 5546              	.LVL201:
 5547              	.L255:
1311:../../Drivers/STM32H7xx_HAL_Driver/Src/stm32h7xx_hal_dma.c ****     {
 5548              		.loc 1 1311 5 is_stmt 1 view .LVU1793
1311:../../Drivers/STM32H7xx_HAL_Driver/Src/stm32h7xx_hal_dma.c ****     {
 5549              		.loc 1 1311 49 is_stmt 0 view .LVU1794
 5550 037c E36D     		ldr	r3, [r4, #92]
1311:../../Drivers/STM32H7xx_HAL_Driver/Src/stm32h7xx_hal_dma.c ****     {
ARM GAS  /var/folders/2r/mdtt8xvd351gdc398t28_m2m0000gn/T//ccdEwLBV.s 			page 162


 5551              		.loc 1 1311 63 view .LVU1795
 5552 037e 03F01F03 		and	r3, r3, #31
1311:../../Drivers/STM32H7xx_HAL_Driver/Src/stm32h7xx_hal_dma.c ****     {
 5553              		.loc 1 1311 41 view .LVU1796
 5554 0382 2022     		movs	r2, #32
 5555 0384 02FA03F3 		lsl	r3, r2, r3
1311:../../Drivers/STM32H7xx_HAL_Driver/Src/stm32h7xx_hal_dma.c ****     {
 5556              		.loc 1 1311 8 view .LVU1797
 5557 0388 3342     		tst	r3, r6
 5558 038a 00F09080 		beq	.L262
1313:../../Drivers/STM32H7xx_HAL_Driver/Src/stm32h7xx_hal_dma.c ****       {
 5559              		.loc 1 1313 7 is_stmt 1 view .LVU1798
1313:../../Drivers/STM32H7xx_HAL_Driver/Src/stm32h7xx_hal_dma.c ****       {
 5560              		.loc 1 1313 10 is_stmt 0 view .LVU1799
 5561 038e 2268     		ldr	r2, [r4]
1313:../../Drivers/STM32H7xx_HAL_Driver/Src/stm32h7xx_hal_dma.c ****       {
 5562              		.loc 1 1313 51 view .LVU1800
 5563 0390 3A49     		ldr	r1, .L301
 5564 0392 8A42     		cmp	r2, r1
 5565 0394 31D0     		beq	.L263
1313:../../Drivers/STM32H7xx_HAL_Driver/Src/stm32h7xx_hal_dma.c ****       {
 5566              		.loc 1 1313 10 discriminator 2 view .LVU1801
 5567 0396 1831     		adds	r1, r1, #24
 5568 0398 8A42     		cmp	r2, r1
 5569 039a 2ED0     		beq	.L263
1313:../../Drivers/STM32H7xx_HAL_Driver/Src/stm32h7xx_hal_dma.c ****       {
 5570              		.loc 1 1313 10 discriminator 4 view .LVU1802
 5571 039c 1831     		adds	r1, r1, #24
 5572 039e 8A42     		cmp	r2, r1
 5573 03a0 2BD0     		beq	.L263
1313:../../Drivers/STM32H7xx_HAL_Driver/Src/stm32h7xx_hal_dma.c ****       {
 5574              		.loc 1 1313 10 discriminator 6 view .LVU1803
 5575 03a2 1831     		adds	r1, r1, #24
 5576 03a4 8A42     		cmp	r2, r1
 5577 03a6 28D0     		beq	.L263
1313:../../Drivers/STM32H7xx_HAL_Driver/Src/stm32h7xx_hal_dma.c ****       {
 5578              		.loc 1 1313 10 discriminator 8 view .LVU1804
 5579 03a8 1831     		adds	r1, r1, #24
 5580 03aa 8A42     		cmp	r2, r1
 5581 03ac 25D0     		beq	.L263
1313:../../Drivers/STM32H7xx_HAL_Driver/Src/stm32h7xx_hal_dma.c ****       {
 5582              		.loc 1 1313 10 discriminator 10 view .LVU1805
 5583 03ae 1831     		adds	r1, r1, #24
 5584 03b0 8A42     		cmp	r2, r1
 5585 03b2 22D0     		beq	.L263
1313:../../Drivers/STM32H7xx_HAL_Driver/Src/stm32h7xx_hal_dma.c ****       {
 5586              		.loc 1 1313 10 discriminator 12 view .LVU1806
 5587 03b4 1831     		adds	r1, r1, #24
 5588 03b6 8A42     		cmp	r2, r1
 5589 03b8 1FD0     		beq	.L263
1313:../../Drivers/STM32H7xx_HAL_Driver/Src/stm32h7xx_hal_dma.c ****       {
 5590              		.loc 1 1313 10 discriminator 14 view .LVU1807
 5591 03ba 1831     		adds	r1, r1, #24
 5592 03bc 8A42     		cmp	r2, r1
 5593 03be 1CD0     		beq	.L263
1313:../../Drivers/STM32H7xx_HAL_Driver/Src/stm32h7xx_hal_dma.c ****       {
 5594              		.loc 1 1313 10 discriminator 16 view .LVU1808
ARM GAS  /var/folders/2r/mdtt8xvd351gdc398t28_m2m0000gn/T//ccdEwLBV.s 			page 163


 5595 03c0 01F55671 		add	r1, r1, #856
 5596 03c4 8A42     		cmp	r2, r1
 5597 03c6 18D0     		beq	.L263
1313:../../Drivers/STM32H7xx_HAL_Driver/Src/stm32h7xx_hal_dma.c ****       {
 5598              		.loc 1 1313 10 discriminator 18 view .LVU1809
 5599 03c8 1831     		adds	r1, r1, #24
 5600 03ca 8A42     		cmp	r2, r1
 5601 03cc 15D0     		beq	.L263
1313:../../Drivers/STM32H7xx_HAL_Driver/Src/stm32h7xx_hal_dma.c ****       {
 5602              		.loc 1 1313 10 discriminator 20 view .LVU1810
 5603 03ce 1831     		adds	r1, r1, #24
 5604 03d0 8A42     		cmp	r2, r1
 5605 03d2 12D0     		beq	.L263
1313:../../Drivers/STM32H7xx_HAL_Driver/Src/stm32h7xx_hal_dma.c ****       {
 5606              		.loc 1 1313 10 discriminator 22 view .LVU1811
 5607 03d4 1831     		adds	r1, r1, #24
 5608 03d6 8A42     		cmp	r2, r1
 5609 03d8 0FD0     		beq	.L263
1313:../../Drivers/STM32H7xx_HAL_Driver/Src/stm32h7xx_hal_dma.c ****       {
 5610              		.loc 1 1313 10 discriminator 24 view .LVU1812
 5611 03da 1831     		adds	r1, r1, #24
 5612 03dc 8A42     		cmp	r2, r1
 5613 03de 0CD0     		beq	.L263
1313:../../Drivers/STM32H7xx_HAL_Driver/Src/stm32h7xx_hal_dma.c ****       {
 5614              		.loc 1 1313 10 discriminator 26 view .LVU1813
 5615 03e0 1831     		adds	r1, r1, #24
 5616 03e2 8A42     		cmp	r2, r1
 5617 03e4 09D0     		beq	.L263
1313:../../Drivers/STM32H7xx_HAL_Driver/Src/stm32h7xx_hal_dma.c ****       {
 5618              		.loc 1 1313 10 discriminator 28 view .LVU1814
 5619 03e6 1831     		adds	r1, r1, #24
 5620 03e8 8A42     		cmp	r2, r1
 5621 03ea 06D0     		beq	.L263
1313:../../Drivers/STM32H7xx_HAL_Driver/Src/stm32h7xx_hal_dma.c ****       {
 5622              		.loc 1 1313 10 discriminator 30 view .LVU1815
 5623 03ec 1831     		adds	r1, r1, #24
 5624 03ee 8A42     		cmp	r2, r1
 5625 03f0 03D0     		beq	.L263
1313:../../Drivers/STM32H7xx_HAL_Driver/Src/stm32h7xx_hal_dma.c ****       {
 5626              		.loc 1 1313 10 discriminator 32 view .LVU1816
 5627 03f2 1268     		ldr	r2, [r2]
1313:../../Drivers/STM32H7xx_HAL_Driver/Src/stm32h7xx_hal_dma.c ****       {
 5628              		.loc 1 1313 51 discriminator 32 view .LVU1817
 5629 03f4 C2F34002 		ubfx	r2, r2, #1, #1
 5630 03f8 02E0     		b	.L265
 5631              	.L263:
1313:../../Drivers/STM32H7xx_HAL_Driver/Src/stm32h7xx_hal_dma.c ****       {
 5632              		.loc 1 1313 10 discriminator 31 view .LVU1818
 5633 03fa 1268     		ldr	r2, [r2]
1313:../../Drivers/STM32H7xx_HAL_Driver/Src/stm32h7xx_hal_dma.c ****       {
 5634              		.loc 1 1313 51 discriminator 31 view .LVU1819
 5635 03fc C2F30012 		ubfx	r2, r2, #4, #1
 5636              	.L265:
1313:../../Drivers/STM32H7xx_HAL_Driver/Src/stm32h7xx_hal_dma.c ****       {
 5637              		.loc 1 1313 9 discriminator 34 view .LVU1820
 5638 0400 002A     		cmp	r2, #0
 5639 0402 54D0     		beq	.L262
ARM GAS  /var/folders/2r/mdtt8xvd351gdc398t28_m2m0000gn/T//ccdEwLBV.s 			page 164


1316:../../Drivers/STM32H7xx_HAL_Driver/Src/stm32h7xx_hal_dma.c **** 
 5640              		.loc 1 1316 9 is_stmt 1 view .LVU1821
1316:../../Drivers/STM32H7xx_HAL_Driver/Src/stm32h7xx_hal_dma.c **** 
 5641              		.loc 1 1316 24 is_stmt 0 view .LVU1822
 5642 0404 BB60     		str	r3, [r7, #8]
1318:../../Drivers/STM32H7xx_HAL_Driver/Src/stm32h7xx_hal_dma.c ****         {
 5643              		.loc 1 1318 9 is_stmt 1 view .LVU1823
1318:../../Drivers/STM32H7xx_HAL_Driver/Src/stm32h7xx_hal_dma.c ****         {
 5644              		.loc 1 1318 39 is_stmt 0 view .LVU1824
 5645 0406 94F83530 		ldrb	r3, [r4, #53]	@ zero_extendqisi2
1318:../../Drivers/STM32H7xx_HAL_Driver/Src/stm32h7xx_hal_dma.c ****         {
 5646              		.loc 1 1318 11 view .LVU1825
 5647 040a 042B     		cmp	r3, #4
 5648 040c 0ED0     		beq	.L297
1345:../../Drivers/STM32H7xx_HAL_Driver/Src/stm32h7xx_hal_dma.c ****         {
 5649              		.loc 1 1345 9 is_stmt 1 view .LVU1826
1345:../../Drivers/STM32H7xx_HAL_Driver/Src/stm32h7xx_hal_dma.c ****         {
 5650              		.loc 1 1345 43 is_stmt 0 view .LVU1827
 5651 040e 2368     		ldr	r3, [r4]
1345:../../Drivers/STM32H7xx_HAL_Driver/Src/stm32h7xx_hal_dma.c ****         {
 5652              		.loc 1 1345 54 view .LVU1828
 5653 0410 1A68     		ldr	r2, [r3]
1345:../../Drivers/STM32H7xx_HAL_Driver/Src/stm32h7xx_hal_dma.c ****         {
 5654              		.loc 1 1345 11 view .LVU1829
 5655 0412 12F4802F 		tst	r2, #262144
 5656 0416 38D0     		beq	.L271
1348:../../Drivers/STM32H7xx_HAL_Driver/Src/stm32h7xx_hal_dma.c ****           {
 5657              		.loc 1 1348 11 is_stmt 1 view .LVU1830
1348:../../Drivers/STM32H7xx_HAL_Driver/Src/stm32h7xx_hal_dma.c ****           {
 5658              		.loc 1 1348 55 is_stmt 0 view .LVU1831
 5659 0418 1B68     		ldr	r3, [r3]
1348:../../Drivers/STM32H7xx_HAL_Driver/Src/stm32h7xx_hal_dma.c ****           {
 5660              		.loc 1 1348 13 view .LVU1832
 5661 041a 13F4002F 		tst	r3, #524288
 5662 041e 2FD1     		bne	.L272
1350:../../Drivers/STM32H7xx_HAL_Driver/Src/stm32h7xx_hal_dma.c ****             {
 5663              		.loc 1 1350 13 is_stmt 1 view .LVU1833
1350:../../Drivers/STM32H7xx_HAL_Driver/Src/stm32h7xx_hal_dma.c ****             {
 5664              		.loc 1 1350 20 is_stmt 0 view .LVU1834
 5665 0420 636C     		ldr	r3, [r4, #68]
1350:../../Drivers/STM32H7xx_HAL_Driver/Src/stm32h7xx_hal_dma.c ****             {
 5666              		.loc 1 1350 15 view .LVU1835
 5667 0422 002B     		cmp	r3, #0
 5668 0424 43D0     		beq	.L262
1353:../../Drivers/STM32H7xx_HAL_Driver/Src/stm32h7xx_hal_dma.c ****             }
 5669              		.loc 1 1353 15 is_stmt 1 view .LVU1836
 5670 0426 2046     		mov	r0, r4
 5671 0428 9847     		blx	r3
 5672              	.LVL202:
 5673 042a 40E0     		b	.L262
 5674              	.L297:
1321:../../Drivers/STM32H7xx_HAL_Driver/Src/stm32h7xx_hal_dma.c ****           ((DMA_Stream_TypeDef   *)hdma->Instance)->FCR &= ~(DMA_IT_FE);
 5675              		.loc 1 1321 11 view .LVU1837
1321:../../Drivers/STM32H7xx_HAL_Driver/Src/stm32h7xx_hal_dma.c ****           ((DMA_Stream_TypeDef   *)hdma->Instance)->FCR &= ~(DMA_IT_FE);
 5676              		.loc 1 1321 40 is_stmt 0 view .LVU1838
 5677 042c 2268     		ldr	r2, [r4]
1321:../../Drivers/STM32H7xx_HAL_Driver/Src/stm32h7xx_hal_dma.c ****           ((DMA_Stream_TypeDef   *)hdma->Instance)->FCR &= ~(DMA_IT_FE);
ARM GAS  /var/folders/2r/mdtt8xvd351gdc398t28_m2m0000gn/T//ccdEwLBV.s 			page 165


 5678              		.loc 1 1321 51 view .LVU1839
 5679 042e 1368     		ldr	r3, [r2]
1321:../../Drivers/STM32H7xx_HAL_Driver/Src/stm32h7xx_hal_dma.c ****           ((DMA_Stream_TypeDef   *)hdma->Instance)->FCR &= ~(DMA_IT_FE);
 5680              		.loc 1 1321 57 view .LVU1840
 5681 0430 23F01603 		bic	r3, r3, #22
 5682 0434 1360     		str	r3, [r2]
1322:../../Drivers/STM32H7xx_HAL_Driver/Src/stm32h7xx_hal_dma.c **** 
 5683              		.loc 1 1322 11 is_stmt 1 view .LVU1841
1322:../../Drivers/STM32H7xx_HAL_Driver/Src/stm32h7xx_hal_dma.c **** 
 5684              		.loc 1 1322 40 is_stmt 0 view .LVU1842
 5685 0436 2268     		ldr	r2, [r4]
1322:../../Drivers/STM32H7xx_HAL_Driver/Src/stm32h7xx_hal_dma.c **** 
 5686              		.loc 1 1322 51 view .LVU1843
 5687 0438 5369     		ldr	r3, [r2, #20]
1322:../../Drivers/STM32H7xx_HAL_Driver/Src/stm32h7xx_hal_dma.c **** 
 5688              		.loc 1 1322 57 view .LVU1844
 5689 043a 23F08003 		bic	r3, r3, #128
 5690 043e 5361     		str	r3, [r2, #20]
1324:../../Drivers/STM32H7xx_HAL_Driver/Src/stm32h7xx_hal_dma.c ****           {
 5691              		.loc 1 1324 11 is_stmt 1 view .LVU1845
1324:../../Drivers/STM32H7xx_HAL_Driver/Src/stm32h7xx_hal_dma.c ****           {
 5692              		.loc 1 1324 19 is_stmt 0 view .LVU1846
 5693 0440 236C     		ldr	r3, [r4, #64]
1324:../../Drivers/STM32H7xx_HAL_Driver/Src/stm32h7xx_hal_dma.c ****           {
 5694              		.loc 1 1324 13 view .LVU1847
 5695 0442 B3B1     		cbz	r3, .L298
 5696              	.L267:
1326:../../Drivers/STM32H7xx_HAL_Driver/Src/stm32h7xx_hal_dma.c ****           }
 5697              		.loc 1 1326 13 is_stmt 1 view .LVU1848
1326:../../Drivers/STM32H7xx_HAL_Driver/Src/stm32h7xx_hal_dma.c ****           }
 5698              		.loc 1 1326 42 is_stmt 0 view .LVU1849
 5699 0444 2268     		ldr	r2, [r4]
1326:../../Drivers/STM32H7xx_HAL_Driver/Src/stm32h7xx_hal_dma.c ****           }
 5700              		.loc 1 1326 53 view .LVU1850
 5701 0446 1368     		ldr	r3, [r2]
1326:../../Drivers/STM32H7xx_HAL_Driver/Src/stm32h7xx_hal_dma.c ****           }
 5702              		.loc 1 1326 59 view .LVU1851
 5703 0448 23F00803 		bic	r3, r3, #8
 5704 044c 1360     		str	r3, [r2]
 5705              	.L268:
1330:../../Drivers/STM32H7xx_HAL_Driver/Src/stm32h7xx_hal_dma.c **** 
 5706              		.loc 1 1330 11 is_stmt 1 view .LVU1852
1330:../../Drivers/STM32H7xx_HAL_Driver/Src/stm32h7xx_hal_dma.c **** 
 5707              		.loc 1 1330 43 is_stmt 0 view .LVU1853
 5708 044e E36D     		ldr	r3, [r4, #92]
1330:../../Drivers/STM32H7xx_HAL_Driver/Src/stm32h7xx_hal_dma.c **** 
 5709              		.loc 1 1330 57 view .LVU1854
 5710 0450 03F01F02 		and	r2, r3, #31
1330:../../Drivers/STM32H7xx_HAL_Driver/Src/stm32h7xx_hal_dma.c **** 
 5711              		.loc 1 1330 35 view .LVU1855
 5712 0454 3F23     		movs	r3, #63
 5713 0456 9340     		lsls	r3, r3, r2
1330:../../Drivers/STM32H7xx_HAL_Driver/Src/stm32h7xx_hal_dma.c **** 
 5714              		.loc 1 1330 26 view .LVU1856
 5715 0458 BB60     		str	r3, [r7, #8]
1333:../../Drivers/STM32H7xx_HAL_Driver/Src/stm32h7xx_hal_dma.c **** 
 5716              		.loc 1 1333 11 is_stmt 1 view .LVU1857
ARM GAS  /var/folders/2r/mdtt8xvd351gdc398t28_m2m0000gn/T//ccdEwLBV.s 			page 166


1333:../../Drivers/STM32H7xx_HAL_Driver/Src/stm32h7xx_hal_dma.c **** 
 5717              		.loc 1 1333 23 is_stmt 0 view .LVU1858
 5718 045a 0123     		movs	r3, #1
 5719 045c 84F83530 		strb	r3, [r4, #53]
1336:../../Drivers/STM32H7xx_HAL_Driver/Src/stm32h7xx_hal_dma.c **** 
 5720              		.loc 1 1336 11 is_stmt 1 view .LVU1859
1336:../../Drivers/STM32H7xx_HAL_Driver/Src/stm32h7xx_hal_dma.c **** 
 5721              		.loc 1 1336 11 view .LVU1860
 5722 0460 0023     		movs	r3, #0
 5723 0462 84F83430 		strb	r3, [r4, #52]
1336:../../Drivers/STM32H7xx_HAL_Driver/Src/stm32h7xx_hal_dma.c **** 
 5724              		.loc 1 1336 11 view .LVU1861
1338:../../Drivers/STM32H7xx_HAL_Driver/Src/stm32h7xx_hal_dma.c ****           {
 5725              		.loc 1 1338 11 view .LVU1862
1338:../../Drivers/STM32H7xx_HAL_Driver/Src/stm32h7xx_hal_dma.c ****           {
 5726              		.loc 1 1338 18 is_stmt 0 view .LVU1863
 5727 0466 236D     		ldr	r3, [r4, #80]
1338:../../Drivers/STM32H7xx_HAL_Driver/Src/stm32h7xx_hal_dma.c ****           {
 5728              		.loc 1 1338 13 view .LVU1864
 5729 0468 002B     		cmp	r3, #0
 5730 046a 7ED0     		beq	.L239
1340:../../Drivers/STM32H7xx_HAL_Driver/Src/stm32h7xx_hal_dma.c ****           }
 5731              		.loc 1 1340 13 is_stmt 1 view .LVU1865
 5732 046c 2046     		mov	r0, r4
 5733 046e 9847     		blx	r3
 5734              	.LVL203:
1342:../../Drivers/STM32H7xx_HAL_Driver/Src/stm32h7xx_hal_dma.c ****         }
 5735              		.loc 1 1342 11 view .LVU1866
 5736 0470 7BE0     		b	.L239
 5737              	.L298:
1324:../../Drivers/STM32H7xx_HAL_Driver/Src/stm32h7xx_hal_dma.c ****           {
 5738              		.loc 1 1324 59 is_stmt 0 discriminator 1 view .LVU1867
 5739 0472 A36C     		ldr	r3, [r4, #72]
1324:../../Drivers/STM32H7xx_HAL_Driver/Src/stm32h7xx_hal_dma.c ****           {
 5740              		.loc 1 1324 51 discriminator 1 view .LVU1868
 5741 0474 002B     		cmp	r3, #0
 5742 0476 E5D1     		bne	.L267
 5743 0478 E9E7     		b	.L268
 5744              	.L302:
 5745 047a 00BF     		.align	2
 5746              	.L301:
 5747 047c 10000240 		.word	1073872912
 5748              	.L272:
1359:../../Drivers/STM32H7xx_HAL_Driver/Src/stm32h7xx_hal_dma.c ****             {
 5749              		.loc 1 1359 13 is_stmt 1 view .LVU1869
1359:../../Drivers/STM32H7xx_HAL_Driver/Src/stm32h7xx_hal_dma.c ****             {
 5750              		.loc 1 1359 20 is_stmt 0 view .LVU1870
 5751 0480 E36B     		ldr	r3, [r4, #60]
1359:../../Drivers/STM32H7xx_HAL_Driver/Src/stm32h7xx_hal_dma.c ****             {
 5752              		.loc 1 1359 15 view .LVU1871
 5753 0482 A3B1     		cbz	r3, .L262
1362:../../Drivers/STM32H7xx_HAL_Driver/Src/stm32h7xx_hal_dma.c ****             }
 5754              		.loc 1 1362 15 is_stmt 1 view .LVU1872
 5755 0484 2046     		mov	r0, r4
 5756 0486 9847     		blx	r3
 5757              	.LVL204:
 5758 0488 11E0     		b	.L262
ARM GAS  /var/folders/2r/mdtt8xvd351gdc398t28_m2m0000gn/T//ccdEwLBV.s 			page 167


 5759              	.L271:
1369:../../Drivers/STM32H7xx_HAL_Driver/Src/stm32h7xx_hal_dma.c ****           {
 5760              		.loc 1 1369 11 view .LVU1873
1369:../../Drivers/STM32H7xx_HAL_Driver/Src/stm32h7xx_hal_dma.c ****           {
 5761              		.loc 1 1369 55 is_stmt 0 view .LVU1874
 5762 048a 1A68     		ldr	r2, [r3]
1369:../../Drivers/STM32H7xx_HAL_Driver/Src/stm32h7xx_hal_dma.c ****           {
 5763              		.loc 1 1369 13 view .LVU1875
 5764 048c 12F4807F 		tst	r2, #256
 5765 0490 09D1     		bne	.L273
1372:../../Drivers/STM32H7xx_HAL_Driver/Src/stm32h7xx_hal_dma.c **** 
 5766              		.loc 1 1372 13 is_stmt 1 view .LVU1876
1372:../../Drivers/STM32H7xx_HAL_Driver/Src/stm32h7xx_hal_dma.c **** 
 5767              		.loc 1 1372 53 is_stmt 0 view .LVU1877
 5768 0492 1A68     		ldr	r2, [r3]
1372:../../Drivers/STM32H7xx_HAL_Driver/Src/stm32h7xx_hal_dma.c **** 
 5769              		.loc 1 1372 59 view .LVU1878
 5770 0494 22F01002 		bic	r2, r2, #16
 5771 0498 1A60     		str	r2, [r3]
1375:../../Drivers/STM32H7xx_HAL_Driver/Src/stm32h7xx_hal_dma.c **** 
 5772              		.loc 1 1375 13 is_stmt 1 view .LVU1879
1375:../../Drivers/STM32H7xx_HAL_Driver/Src/stm32h7xx_hal_dma.c **** 
 5773              		.loc 1 1375 25 is_stmt 0 view .LVU1880
 5774 049a 0123     		movs	r3, #1
 5775 049c 84F83530 		strb	r3, [r4, #53]
1378:../../Drivers/STM32H7xx_HAL_Driver/Src/stm32h7xx_hal_dma.c ****           }
 5776              		.loc 1 1378 13 is_stmt 1 view .LVU1881
1378:../../Drivers/STM32H7xx_HAL_Driver/Src/stm32h7xx_hal_dma.c ****           }
 5777              		.loc 1 1378 13 view .LVU1882
 5778 04a0 0023     		movs	r3, #0
 5779 04a2 84F83430 		strb	r3, [r4, #52]
 5780              	.L273:
1378:../../Drivers/STM32H7xx_HAL_Driver/Src/stm32h7xx_hal_dma.c ****           }
 5781              		.loc 1 1378 13 view .LVU1883
1381:../../Drivers/STM32H7xx_HAL_Driver/Src/stm32h7xx_hal_dma.c ****           {
 5782              		.loc 1 1381 11 view .LVU1884
1381:../../Drivers/STM32H7xx_HAL_Driver/Src/stm32h7xx_hal_dma.c ****           {
 5783              		.loc 1 1381 18 is_stmt 0 view .LVU1885
 5784 04a6 E36B     		ldr	r3, [r4, #60]
1381:../../Drivers/STM32H7xx_HAL_Driver/Src/stm32h7xx_hal_dma.c ****           {
 5785              		.loc 1 1381 13 view .LVU1886
 5786 04a8 0BB1     		cbz	r3, .L262
1384:../../Drivers/STM32H7xx_HAL_Driver/Src/stm32h7xx_hal_dma.c ****           }
 5787              		.loc 1 1384 13 is_stmt 1 view .LVU1887
 5788 04aa 2046     		mov	r0, r4
 5789 04ac 9847     		blx	r3
 5790              	.LVL205:
 5791              	.L262:
1391:../../Drivers/STM32H7xx_HAL_Driver/Src/stm32h7xx_hal_dma.c ****     {
 5792              		.loc 1 1391 5 view .LVU1888
1391:../../Drivers/STM32H7xx_HAL_Driver/Src/stm32h7xx_hal_dma.c ****     {
 5793              		.loc 1 1391 12 is_stmt 0 view .LVU1889
 5794 04ae 636D     		ldr	r3, [r4, #84]
1391:../../Drivers/STM32H7xx_HAL_Driver/Src/stm32h7xx_hal_dma.c ****     {
 5795              		.loc 1 1391 7 view .LVU1890
 5796 04b0 002B     		cmp	r3, #0
 5797 04b2 5AD0     		beq	.L239
ARM GAS  /var/folders/2r/mdtt8xvd351gdc398t28_m2m0000gn/T//ccdEwLBV.s 			page 168


1393:../../Drivers/STM32H7xx_HAL_Driver/Src/stm32h7xx_hal_dma.c ****       {
 5798              		.loc 1 1393 7 is_stmt 1 view .LVU1891
1393:../../Drivers/STM32H7xx_HAL_Driver/Src/stm32h7xx_hal_dma.c ****       {
 5799              		.loc 1 1393 15 is_stmt 0 view .LVU1892
 5800 04b4 636D     		ldr	r3, [r4, #84]
1393:../../Drivers/STM32H7xx_HAL_Driver/Src/stm32h7xx_hal_dma.c ****       {
 5801              		.loc 1 1393 9 view .LVU1893
 5802 04b6 13F0010F 		tst	r3, #1
 5803 04ba 52D0     		beq	.L274
1395:../../Drivers/STM32H7xx_HAL_Driver/Src/stm32h7xx_hal_dma.c **** 
 5804              		.loc 1 1395 9 is_stmt 1 view .LVU1894
1395:../../Drivers/STM32H7xx_HAL_Driver/Src/stm32h7xx_hal_dma.c **** 
 5805              		.loc 1 1395 21 is_stmt 0 view .LVU1895
 5806 04bc 0423     		movs	r3, #4
 5807 04be 84F83530 		strb	r3, [r4, #53]
1398:../../Drivers/STM32H7xx_HAL_Driver/Src/stm32h7xx_hal_dma.c **** 
 5808              		.loc 1 1398 9 is_stmt 1 view .LVU1896
 5809 04c2 2368     		ldr	r3, [r4]
 5810 04c4 944A     		ldr	r2, .L303
 5811 04c6 9342     		cmp	r3, r2
 5812 04c8 32D0     		beq	.L275
1398:../../Drivers/STM32H7xx_HAL_Driver/Src/stm32h7xx_hal_dma.c **** 
 5813              		.loc 1 1398 9 is_stmt 0 discriminator 2 view .LVU1897
 5814 04ca 1832     		adds	r2, r2, #24
 5815 04cc 9342     		cmp	r3, r2
 5816 04ce 2FD0     		beq	.L275
1398:../../Drivers/STM32H7xx_HAL_Driver/Src/stm32h7xx_hal_dma.c **** 
 5817              		.loc 1 1398 9 discriminator 4 view .LVU1898
 5818 04d0 1832     		adds	r2, r2, #24
 5819 04d2 9342     		cmp	r3, r2
 5820 04d4 2CD0     		beq	.L275
1398:../../Drivers/STM32H7xx_HAL_Driver/Src/stm32h7xx_hal_dma.c **** 
 5821              		.loc 1 1398 9 discriminator 6 view .LVU1899
 5822 04d6 1832     		adds	r2, r2, #24
 5823 04d8 9342     		cmp	r3, r2
 5824 04da 29D0     		beq	.L275
1398:../../Drivers/STM32H7xx_HAL_Driver/Src/stm32h7xx_hal_dma.c **** 
 5825              		.loc 1 1398 9 discriminator 8 view .LVU1900
 5826 04dc 1832     		adds	r2, r2, #24
 5827 04de 9342     		cmp	r3, r2
 5828 04e0 26D0     		beq	.L275
1398:../../Drivers/STM32H7xx_HAL_Driver/Src/stm32h7xx_hal_dma.c **** 
 5829              		.loc 1 1398 9 discriminator 10 view .LVU1901
 5830 04e2 1832     		adds	r2, r2, #24
 5831 04e4 9342     		cmp	r3, r2
 5832 04e6 23D0     		beq	.L275
1398:../../Drivers/STM32H7xx_HAL_Driver/Src/stm32h7xx_hal_dma.c **** 
 5833              		.loc 1 1398 9 discriminator 12 view .LVU1902
 5834 04e8 1832     		adds	r2, r2, #24
 5835 04ea 9342     		cmp	r3, r2
 5836 04ec 20D0     		beq	.L275
1398:../../Drivers/STM32H7xx_HAL_Driver/Src/stm32h7xx_hal_dma.c **** 
 5837              		.loc 1 1398 9 discriminator 14 view .LVU1903
 5838 04ee 1832     		adds	r2, r2, #24
 5839 04f0 9342     		cmp	r3, r2
 5840 04f2 1DD0     		beq	.L275
1398:../../Drivers/STM32H7xx_HAL_Driver/Src/stm32h7xx_hal_dma.c **** 
ARM GAS  /var/folders/2r/mdtt8xvd351gdc398t28_m2m0000gn/T//ccdEwLBV.s 			page 169


 5841              		.loc 1 1398 9 discriminator 16 view .LVU1904
 5842 04f4 02F55672 		add	r2, r2, #856
 5843 04f8 9342     		cmp	r3, r2
 5844 04fa 19D0     		beq	.L275
1398:../../Drivers/STM32H7xx_HAL_Driver/Src/stm32h7xx_hal_dma.c **** 
 5845              		.loc 1 1398 9 discriminator 18 view .LVU1905
 5846 04fc 1832     		adds	r2, r2, #24
 5847 04fe 9342     		cmp	r3, r2
 5848 0500 16D0     		beq	.L275
1398:../../Drivers/STM32H7xx_HAL_Driver/Src/stm32h7xx_hal_dma.c **** 
 5849              		.loc 1 1398 9 discriminator 20 view .LVU1906
 5850 0502 1832     		adds	r2, r2, #24
 5851 0504 9342     		cmp	r3, r2
 5852 0506 13D0     		beq	.L275
1398:../../Drivers/STM32H7xx_HAL_Driver/Src/stm32h7xx_hal_dma.c **** 
 5853              		.loc 1 1398 9 discriminator 22 view .LVU1907
 5854 0508 1832     		adds	r2, r2, #24
 5855 050a 9342     		cmp	r3, r2
 5856 050c 10D0     		beq	.L275
1398:../../Drivers/STM32H7xx_HAL_Driver/Src/stm32h7xx_hal_dma.c **** 
 5857              		.loc 1 1398 9 discriminator 24 view .LVU1908
 5858 050e 1832     		adds	r2, r2, #24
 5859 0510 9342     		cmp	r3, r2
 5860 0512 0DD0     		beq	.L275
1398:../../Drivers/STM32H7xx_HAL_Driver/Src/stm32h7xx_hal_dma.c **** 
 5861              		.loc 1 1398 9 discriminator 26 view .LVU1909
 5862 0514 1832     		adds	r2, r2, #24
 5863 0516 9342     		cmp	r3, r2
 5864 0518 0AD0     		beq	.L275
1398:../../Drivers/STM32H7xx_HAL_Driver/Src/stm32h7xx_hal_dma.c **** 
 5865              		.loc 1 1398 9 discriminator 28 view .LVU1910
 5866 051a 1832     		adds	r2, r2, #24
 5867 051c 9342     		cmp	r3, r2
 5868 051e 07D0     		beq	.L275
1398:../../Drivers/STM32H7xx_HAL_Driver/Src/stm32h7xx_hal_dma.c **** 
 5869              		.loc 1 1398 9 discriminator 30 view .LVU1911
 5870 0520 1832     		adds	r2, r2, #24
 5871 0522 9342     		cmp	r3, r2
 5872 0524 04D0     		beq	.L275
1398:../../Drivers/STM32H7xx_HAL_Driver/Src/stm32h7xx_hal_dma.c **** 
 5873              		.loc 1 1398 9 discriminator 32 view .LVU1912
 5874 0526 1A68     		ldr	r2, [r3]
 5875 0528 22F00102 		bic	r2, r2, #1
 5876 052c 1A60     		str	r2, [r3]
 5877 052e 03E0     		b	.L279
 5878              	.L275:
1398:../../Drivers/STM32H7xx_HAL_Driver/Src/stm32h7xx_hal_dma.c **** 
 5879              		.loc 1 1398 9 discriminator 31 view .LVU1913
 5880 0530 1A68     		ldr	r2, [r3]
 5881 0532 22F00102 		bic	r2, r2, #1
 5882 0536 1A60     		str	r2, [r3]
 5883              	.L279:
1400:../../Drivers/STM32H7xx_HAL_Driver/Src/stm32h7xx_hal_dma.c ****         {
 5884              		.loc 1 1400 9 is_stmt 1 view .LVU1914
1402:../../Drivers/STM32H7xx_HAL_Driver/Src/stm32h7xx_hal_dma.c ****           {
 5885              		.loc 1 1402 11 view .LVU1915
1402:../../Drivers/STM32H7xx_HAL_Driver/Src/stm32h7xx_hal_dma.c ****           {
ARM GAS  /var/folders/2r/mdtt8xvd351gdc398t28_m2m0000gn/T//ccdEwLBV.s 			page 170


 5886              		.loc 1 1402 15 is_stmt 0 view .LVU1916
 5887 0538 019B     		ldr	r3, [sp, #4]
 5888 053a 0133     		adds	r3, r3, #1
1402:../../Drivers/STM32H7xx_HAL_Driver/Src/stm32h7xx_hal_dma.c ****           {
 5889              		.loc 1 1402 14 view .LVU1917
 5890 053c 0193     		str	r3, [sp, #4]
 5891 053e AB42     		cmp	r3, r5
 5892 0540 04D8     		bhi	.L278
1407:../../Drivers/STM32H7xx_HAL_Driver/Src/stm32h7xx_hal_dma.c **** 
 5893              		.loc 1 1407 76 is_stmt 1 view .LVU1918
1407:../../Drivers/STM32H7xx_HAL_Driver/Src/stm32h7xx_hal_dma.c **** 
 5894              		.loc 1 1407 45 is_stmt 0 view .LVU1919
 5895 0542 2368     		ldr	r3, [r4]
1407:../../Drivers/STM32H7xx_HAL_Driver/Src/stm32h7xx_hal_dma.c **** 
 5896              		.loc 1 1407 56 view .LVU1920
 5897 0544 1B68     		ldr	r3, [r3]
1407:../../Drivers/STM32H7xx_HAL_Driver/Src/stm32h7xx_hal_dma.c **** 
 5898              		.loc 1 1407 76 view .LVU1921
 5899 0546 13F0010F 		tst	r3, #1
 5900 054a F5D1     		bne	.L279
 5901              	.L278:
1409:../../Drivers/STM32H7xx_HAL_Driver/Src/stm32h7xx_hal_dma.c ****         {
 5902              		.loc 1 1409 9 is_stmt 1 view .LVU1922
1409:../../Drivers/STM32H7xx_HAL_Driver/Src/stm32h7xx_hal_dma.c ****         {
 5903              		.loc 1 1409 42 is_stmt 0 view .LVU1923
 5904 054c 2368     		ldr	r3, [r4]
1409:../../Drivers/STM32H7xx_HAL_Driver/Src/stm32h7xx_hal_dma.c ****         {
 5905              		.loc 1 1409 53 view .LVU1924
 5906 054e 1B68     		ldr	r3, [r3]
1409:../../Drivers/STM32H7xx_HAL_Driver/Src/stm32h7xx_hal_dma.c ****         {
 5907              		.loc 1 1409 11 view .LVU1925
 5908 0550 13F0010F 		tst	r3, #1
 5909 0554 0BD0     		beq	.L280
1412:../../Drivers/STM32H7xx_HAL_Driver/Src/stm32h7xx_hal_dma.c ****         }
 5910              		.loc 1 1412 11 is_stmt 1 view .LVU1926
1412:../../Drivers/STM32H7xx_HAL_Driver/Src/stm32h7xx_hal_dma.c ****         }
 5911              		.loc 1 1412 23 is_stmt 0 view .LVU1927
 5912 0556 0323     		movs	r3, #3
 5913 0558 84F83530 		strb	r3, [r4, #53]
 5914              	.L281:
1421:../../Drivers/STM32H7xx_HAL_Driver/Src/stm32h7xx_hal_dma.c ****       }
 5915              		.loc 1 1421 9 is_stmt 1 view .LVU1928
1421:../../Drivers/STM32H7xx_HAL_Driver/Src/stm32h7xx_hal_dma.c ****       }
 5916              		.loc 1 1421 9 view .LVU1929
 5917 055c 0023     		movs	r3, #0
 5918 055e 84F83430 		strb	r3, [r4, #52]
 5919              	.L274:
1421:../../Drivers/STM32H7xx_HAL_Driver/Src/stm32h7xx_hal_dma.c ****       }
 5920              		.loc 1 1421 9 view .LVU1930
1424:../../Drivers/STM32H7xx_HAL_Driver/Src/stm32h7xx_hal_dma.c ****       {
 5921              		.loc 1 1424 7 view .LVU1931
1424:../../Drivers/STM32H7xx_HAL_Driver/Src/stm32h7xx_hal_dma.c ****       {
 5922              		.loc 1 1424 14 is_stmt 0 view .LVU1932
 5923 0562 E36C     		ldr	r3, [r4, #76]
1424:../../Drivers/STM32H7xx_HAL_Driver/Src/stm32h7xx_hal_dma.c ****       {
 5924              		.loc 1 1424 9 view .LVU1933
 5925 0564 0BB1     		cbz	r3, .L239
ARM GAS  /var/folders/2r/mdtt8xvd351gdc398t28_m2m0000gn/T//ccdEwLBV.s 			page 171


1427:../../Drivers/STM32H7xx_HAL_Driver/Src/stm32h7xx_hal_dma.c ****       }
 5926              		.loc 1 1427 9 is_stmt 1 view .LVU1934
 5927 0566 2046     		mov	r0, r4
 5928 0568 9847     		blx	r3
 5929              	.LVL206:
 5930              	.L239:
1566:../../Drivers/STM32H7xx_HAL_Driver/Src/stm32h7xx_hal_dma.c **** 
 5931              		.loc 1 1566 1 is_stmt 0 view .LVU1935
 5932 056a 03B0     		add	sp, sp, #12
 5933              	.LCFI17:
 5934              		.cfi_remember_state
 5935              		.cfi_def_cfa_offset 20
 5936              		@ sp needed
 5937 056c F0BD     		pop	{r4, r5, r6, r7, pc}
 5938              	.LVL207:
 5939              	.L280:
 5940              	.LCFI18:
 5941              		.cfi_restore_state
1417:../../Drivers/STM32H7xx_HAL_Driver/Src/stm32h7xx_hal_dma.c ****         }
 5942              		.loc 1 1417 11 is_stmt 1 view .LVU1936
1417:../../Drivers/STM32H7xx_HAL_Driver/Src/stm32h7xx_hal_dma.c ****         }
 5943              		.loc 1 1417 23 is_stmt 0 view .LVU1937
 5944 056e 0123     		movs	r3, #1
 5945 0570 84F83530 		strb	r3, [r4, #53]
 5946 0574 F2E7     		b	.L281
 5947              	.LVL208:
 5948              	.L284:
1456:../../Drivers/STM32H7xx_HAL_Driver/Src/stm32h7xx_hal_dma.c ****           {
 5949              		.loc 1 1456 11 is_stmt 1 view .LVU1938
1456:../../Drivers/STM32H7xx_HAL_Driver/Src/stm32h7xx_hal_dma.c ****           {
 5950              		.loc 1 1456 18 is_stmt 0 view .LVU1939
 5951 0576 236C     		ldr	r3, [r4, #64]
1456:../../Drivers/STM32H7xx_HAL_Driver/Src/stm32h7xx_hal_dma.c ****           {
 5952              		.loc 1 1456 13 view .LVU1940
 5953 0578 002B     		cmp	r3, #0
 5954 057a F6D0     		beq	.L239
1459:../../Drivers/STM32H7xx_HAL_Driver/Src/stm32h7xx_hal_dma.c ****           }
 5955              		.loc 1 1459 13 is_stmt 1 view .LVU1941
 5956 057c 2046     		mov	r0, r4
 5957 057e 9847     		blx	r3
 5958              	.LVL209:
1459:../../Drivers/STM32H7xx_HAL_Driver/Src/stm32h7xx_hal_dma.c ****           }
 5959              		.loc 1 1459 13 is_stmt 0 view .LVU1942
 5960 0580 F3E7     		b	.L239
 5961              	.LVL210:
 5962              	.L283:
1465:../../Drivers/STM32H7xx_HAL_Driver/Src/stm32h7xx_hal_dma.c ****         {
 5963              		.loc 1 1465 9 is_stmt 1 view .LVU1943
1465:../../Drivers/STM32H7xx_HAL_Driver/Src/stm32h7xx_hal_dma.c ****         {
 5964              		.loc 1 1465 11 is_stmt 0 view .LVU1944
 5965 0582 12F0200F 		tst	r2, #32
 5966 0586 3AD1     		bne	.L285
1468:../../Drivers/STM32H7xx_HAL_Driver/Src/stm32h7xx_hal_dma.c ****         }
 5967              		.loc 1 1468 11 is_stmt 1 view .LVU1945
 5968 0588 2368     		ldr	r3, [r4]
 5969 058a 634A     		ldr	r2, .L303
 5970              	.LVL211:
ARM GAS  /var/folders/2r/mdtt8xvd351gdc398t28_m2m0000gn/T//ccdEwLBV.s 			page 172


1468:../../Drivers/STM32H7xx_HAL_Driver/Src/stm32h7xx_hal_dma.c ****         }
 5971              		.loc 1 1468 11 is_stmt 0 view .LVU1946
 5972 058c 9342     		cmp	r3, r2
 5973 058e 32D0     		beq	.L286
1468:../../Drivers/STM32H7xx_HAL_Driver/Src/stm32h7xx_hal_dma.c ****         }
 5974              		.loc 1 1468 11 discriminator 2 view .LVU1947
 5975 0590 1832     		adds	r2, r2, #24
 5976 0592 9342     		cmp	r3, r2
 5977 0594 2FD0     		beq	.L286
1468:../../Drivers/STM32H7xx_HAL_Driver/Src/stm32h7xx_hal_dma.c ****         }
 5978              		.loc 1 1468 11 discriminator 4 view .LVU1948
 5979 0596 1832     		adds	r2, r2, #24
 5980 0598 9342     		cmp	r3, r2
 5981 059a 2CD0     		beq	.L286
1468:../../Drivers/STM32H7xx_HAL_Driver/Src/stm32h7xx_hal_dma.c ****         }
 5982              		.loc 1 1468 11 discriminator 6 view .LVU1949
 5983 059c 1832     		adds	r2, r2, #24
 5984 059e 9342     		cmp	r3, r2
 5985 05a0 29D0     		beq	.L286
1468:../../Drivers/STM32H7xx_HAL_Driver/Src/stm32h7xx_hal_dma.c ****         }
 5986              		.loc 1 1468 11 discriminator 8 view .LVU1950
 5987 05a2 1832     		adds	r2, r2, #24
 5988 05a4 9342     		cmp	r3, r2
 5989 05a6 26D0     		beq	.L286
1468:../../Drivers/STM32H7xx_HAL_Driver/Src/stm32h7xx_hal_dma.c ****         }
 5990              		.loc 1 1468 11 discriminator 10 view .LVU1951
 5991 05a8 1832     		adds	r2, r2, #24
 5992 05aa 9342     		cmp	r3, r2
 5993 05ac 23D0     		beq	.L286
1468:../../Drivers/STM32H7xx_HAL_Driver/Src/stm32h7xx_hal_dma.c ****         }
 5994              		.loc 1 1468 11 discriminator 12 view .LVU1952
 5995 05ae 1832     		adds	r2, r2, #24
 5996 05b0 9342     		cmp	r3, r2
 5997 05b2 20D0     		beq	.L286
1468:../../Drivers/STM32H7xx_HAL_Driver/Src/stm32h7xx_hal_dma.c ****         }
 5998              		.loc 1 1468 11 discriminator 14 view .LVU1953
 5999 05b4 1832     		adds	r2, r2, #24
 6000 05b6 9342     		cmp	r3, r2
 6001 05b8 1DD0     		beq	.L286
1468:../../Drivers/STM32H7xx_HAL_Driver/Src/stm32h7xx_hal_dma.c ****         }
 6002              		.loc 1 1468 11 discriminator 16 view .LVU1954
 6003 05ba 02F55672 		add	r2, r2, #856
 6004 05be 9342     		cmp	r3, r2
 6005 05c0 19D0     		beq	.L286
1468:../../Drivers/STM32H7xx_HAL_Driver/Src/stm32h7xx_hal_dma.c ****         }
 6006              		.loc 1 1468 11 discriminator 18 view .LVU1955
 6007 05c2 1832     		adds	r2, r2, #24
 6008 05c4 9342     		cmp	r3, r2
 6009 05c6 16D0     		beq	.L286
1468:../../Drivers/STM32H7xx_HAL_Driver/Src/stm32h7xx_hal_dma.c ****         }
 6010              		.loc 1 1468 11 discriminator 20 view .LVU1956
 6011 05c8 1832     		adds	r2, r2, #24
 6012 05ca 9342     		cmp	r3, r2
 6013 05cc 13D0     		beq	.L286
1468:../../Drivers/STM32H7xx_HAL_Driver/Src/stm32h7xx_hal_dma.c ****         }
 6014              		.loc 1 1468 11 discriminator 22 view .LVU1957
 6015 05ce 1832     		adds	r2, r2, #24
ARM GAS  /var/folders/2r/mdtt8xvd351gdc398t28_m2m0000gn/T//ccdEwLBV.s 			page 173


 6016 05d0 9342     		cmp	r3, r2
 6017 05d2 10D0     		beq	.L286
1468:../../Drivers/STM32H7xx_HAL_Driver/Src/stm32h7xx_hal_dma.c ****         }
 6018              		.loc 1 1468 11 discriminator 24 view .LVU1958
 6019 05d4 1832     		adds	r2, r2, #24
 6020 05d6 9342     		cmp	r3, r2
 6021 05d8 0DD0     		beq	.L286
1468:../../Drivers/STM32H7xx_HAL_Driver/Src/stm32h7xx_hal_dma.c ****         }
 6022              		.loc 1 1468 11 discriminator 26 view .LVU1959
 6023 05da 1832     		adds	r2, r2, #24
 6024 05dc 9342     		cmp	r3, r2
 6025 05de 0AD0     		beq	.L286
1468:../../Drivers/STM32H7xx_HAL_Driver/Src/stm32h7xx_hal_dma.c ****         }
 6026              		.loc 1 1468 11 discriminator 28 view .LVU1960
 6027 05e0 1832     		adds	r2, r2, #24
 6028 05e2 9342     		cmp	r3, r2
 6029 05e4 07D0     		beq	.L286
1468:../../Drivers/STM32H7xx_HAL_Driver/Src/stm32h7xx_hal_dma.c ****         }
 6030              		.loc 1 1468 11 discriminator 30 view .LVU1961
 6031 05e6 1832     		adds	r2, r2, #24
 6032 05e8 9342     		cmp	r3, r2
 6033 05ea 04D0     		beq	.L286
1468:../../Drivers/STM32H7xx_HAL_Driver/Src/stm32h7xx_hal_dma.c ****         }
 6034              		.loc 1 1468 11 discriminator 32 view .LVU1962
 6035 05ec 1A68     		ldr	r2, [r3]
 6036 05ee 22F00402 		bic	r2, r2, #4
 6037 05f2 1A60     		str	r2, [r3]
 6038              	.LVL212:
1468:../../Drivers/STM32H7xx_HAL_Driver/Src/stm32h7xx_hal_dma.c ****         }
 6039              		.loc 1 1468 11 discriminator 32 view .LVU1963
 6040 05f4 03E0     		b	.L285
 6041              	.LVL213:
 6042              	.L286:
1468:../../Drivers/STM32H7xx_HAL_Driver/Src/stm32h7xx_hal_dma.c ****         }
 6043              		.loc 1 1468 11 discriminator 31 view .LVU1964
 6044 05f6 1A68     		ldr	r2, [r3]
 6045 05f8 22F00802 		bic	r2, r2, #8
 6046 05fc 1A60     		str	r2, [r3]
 6047              	.LVL214:
 6048              	.L285:
1474:../../Drivers/STM32H7xx_HAL_Driver/Src/stm32h7xx_hal_dma.c ****         {
 6049              		.loc 1 1474 8 is_stmt 1 view .LVU1965
1474:../../Drivers/STM32H7xx_HAL_Driver/Src/stm32h7xx_hal_dma.c ****         {
 6050              		.loc 1 1474 15 is_stmt 0 view .LVU1966
 6051 05fe 236C     		ldr	r3, [r4, #64]
1474:../../Drivers/STM32H7xx_HAL_Driver/Src/stm32h7xx_hal_dma.c ****         {
 6052              		.loc 1 1474 10 view .LVU1967
 6053 0600 002B     		cmp	r3, #0
 6054 0602 B2D0     		beq	.L239
1477:../../Drivers/STM32H7xx_HAL_Driver/Src/stm32h7xx_hal_dma.c ****         }
 6055              		.loc 1 1477 11 is_stmt 1 view .LVU1968
 6056 0604 2046     		mov	r0, r4
 6057 0606 9847     		blx	r3
 6058              	.LVL215:
1477:../../Drivers/STM32H7xx_HAL_Driver/Src/stm32h7xx_hal_dma.c ****         }
 6059              		.loc 1 1477 11 is_stmt 0 view .LVU1969
 6060 0608 AFE7     		b	.L239
ARM GAS  /var/folders/2r/mdtt8xvd351gdc398t28_m2m0000gn/T//ccdEwLBV.s 			page 174


 6061              	.LVL216:
 6062              	.L282:
1483:../../Drivers/STM32H7xx_HAL_Driver/Src/stm32h7xx_hal_dma.c ****     {
 6063              		.loc 1 1483 10 is_stmt 1 view .LVU1970
1483:../../Drivers/STM32H7xx_HAL_Driver/Src/stm32h7xx_hal_dma.c ****     {
 6064              		.loc 1 1483 45 is_stmt 0 view .LVU1971
 6065 060a 0225     		movs	r5, #2
 6066 060c 8540     		lsls	r5, r5, r0
1483:../../Drivers/STM32H7xx_HAL_Driver/Src/stm32h7xx_hal_dma.c ****     {
 6067              		.loc 1 1483 13 view .LVU1972
 6068 060e 0D42     		tst	r5, r1
 6069 0610 60D0     		beq	.L288
1483:../../Drivers/STM32H7xx_HAL_Driver/Src/stm32h7xx_hal_dma.c ****     {
 6070              		.loc 1 1483 85 discriminator 1 view .LVU1973
 6071 0612 12F0020F 		tst	r2, #2
 6072 0616 5DD0     		beq	.L288
1486:../../Drivers/STM32H7xx_HAL_Driver/Src/stm32h7xx_hal_dma.c **** 
 6073              		.loc 1 1486 7 is_stmt 1 view .LVU1974
1486:../../Drivers/STM32H7xx_HAL_Driver/Src/stm32h7xx_hal_dma.c **** 
 6074              		.loc 1 1486 23 is_stmt 0 view .LVU1975
 6075 0618 7D60     		str	r5, [r7, #4]
1489:../../Drivers/STM32H7xx_HAL_Driver/Src/stm32h7xx_hal_dma.c ****       {
 6076              		.loc 1 1489 7 is_stmt 1 view .LVU1976
1489:../../Drivers/STM32H7xx_HAL_Driver/Src/stm32h7xx_hal_dma.c ****       {
 6077              		.loc 1 1489 9 is_stmt 0 view .LVU1977
 6078 061a 12F4004F 		tst	r2, #32768
 6079 061e 0ED0     		beq	.L289
1492:../../Drivers/STM32H7xx_HAL_Driver/Src/stm32h7xx_hal_dma.c ****         {
 6080              		.loc 1 1492 9 is_stmt 1 view .LVU1978
1492:../../Drivers/STM32H7xx_HAL_Driver/Src/stm32h7xx_hal_dma.c ****         {
 6081              		.loc 1 1492 11 is_stmt 0 view .LVU1979
 6082 0620 12F4803F 		tst	r2, #65536
 6083 0624 05D1     		bne	.L290
1494:../../Drivers/STM32H7xx_HAL_Driver/Src/stm32h7xx_hal_dma.c ****           {
 6084              		.loc 1 1494 11 is_stmt 1 view .LVU1980
1494:../../Drivers/STM32H7xx_HAL_Driver/Src/stm32h7xx_hal_dma.c ****           {
 6085              		.loc 1 1494 18 is_stmt 0 view .LVU1981
 6086 0626 636C     		ldr	r3, [r4, #68]
1494:../../Drivers/STM32H7xx_HAL_Driver/Src/stm32h7xx_hal_dma.c ****           {
 6087              		.loc 1 1494 13 view .LVU1982
 6088 0628 002B     		cmp	r3, #0
 6089 062a 9ED0     		beq	.L239
1497:../../Drivers/STM32H7xx_HAL_Driver/Src/stm32h7xx_hal_dma.c ****           }
 6090              		.loc 1 1497 13 is_stmt 1 view .LVU1983
 6091 062c 2046     		mov	r0, r4
 6092 062e 9847     		blx	r3
 6093              	.LVL217:
1497:../../Drivers/STM32H7xx_HAL_Driver/Src/stm32h7xx_hal_dma.c ****           }
 6094              		.loc 1 1497 13 is_stmt 0 view .LVU1984
 6095 0630 9BE7     		b	.L239
 6096              	.LVL218:
 6097              	.L290:
1503:../../Drivers/STM32H7xx_HAL_Driver/Src/stm32h7xx_hal_dma.c ****           {
 6098              		.loc 1 1503 11 is_stmt 1 view .LVU1985
1503:../../Drivers/STM32H7xx_HAL_Driver/Src/stm32h7xx_hal_dma.c ****           {
 6099              		.loc 1 1503 18 is_stmt 0 view .LVU1986
 6100 0632 E36B     		ldr	r3, [r4, #60]
ARM GAS  /var/folders/2r/mdtt8xvd351gdc398t28_m2m0000gn/T//ccdEwLBV.s 			page 175


1503:../../Drivers/STM32H7xx_HAL_Driver/Src/stm32h7xx_hal_dma.c ****           {
 6101              		.loc 1 1503 13 view .LVU1987
 6102 0634 002B     		cmp	r3, #0
 6103 0636 98D0     		beq	.L239
1506:../../Drivers/STM32H7xx_HAL_Driver/Src/stm32h7xx_hal_dma.c ****           }
 6104              		.loc 1 1506 13 is_stmt 1 view .LVU1988
 6105 0638 2046     		mov	r0, r4
 6106 063a 9847     		blx	r3
 6107              	.LVL219:
1506:../../Drivers/STM32H7xx_HAL_Driver/Src/stm32h7xx_hal_dma.c ****           }
 6108              		.loc 1 1506 13 is_stmt 0 view .LVU1989
 6109 063c 95E7     		b	.L239
 6110              	.LVL220:
 6111              	.L289:
1512:../../Drivers/STM32H7xx_HAL_Driver/Src/stm32h7xx_hal_dma.c ****         {
 6112              		.loc 1 1512 9 is_stmt 1 view .LVU1990
1512:../../Drivers/STM32H7xx_HAL_Driver/Src/stm32h7xx_hal_dma.c ****         {
 6113              		.loc 1 1512 11 is_stmt 0 view .LVU1991
 6114 063e 12F0200F 		tst	r2, #32
 6115 0642 40D1     		bne	.L291
1515:../../Drivers/STM32H7xx_HAL_Driver/Src/stm32h7xx_hal_dma.c **** 
 6116              		.loc 1 1515 11 is_stmt 1 view .LVU1992
 6117 0644 2368     		ldr	r3, [r4]
 6118 0646 344A     		ldr	r2, .L303
 6119              	.LVL221:
1515:../../Drivers/STM32H7xx_HAL_Driver/Src/stm32h7xx_hal_dma.c **** 
 6120              		.loc 1 1515 11 is_stmt 0 view .LVU1993
 6121 0648 9342     		cmp	r3, r2
 6122 064a 32D0     		beq	.L292
1515:../../Drivers/STM32H7xx_HAL_Driver/Src/stm32h7xx_hal_dma.c **** 
 6123              		.loc 1 1515 11 discriminator 2 view .LVU1994
 6124 064c 1832     		adds	r2, r2, #24
 6125 064e 9342     		cmp	r3, r2
 6126 0650 2FD0     		beq	.L292
1515:../../Drivers/STM32H7xx_HAL_Driver/Src/stm32h7xx_hal_dma.c **** 
 6127              		.loc 1 1515 11 discriminator 4 view .LVU1995
 6128 0652 1832     		adds	r2, r2, #24
 6129 0654 9342     		cmp	r3, r2
 6130 0656 2CD0     		beq	.L292
1515:../../Drivers/STM32H7xx_HAL_Driver/Src/stm32h7xx_hal_dma.c **** 
 6131              		.loc 1 1515 11 discriminator 6 view .LVU1996
 6132 0658 1832     		adds	r2, r2, #24
 6133 065a 9342     		cmp	r3, r2
 6134 065c 29D0     		beq	.L292
1515:../../Drivers/STM32H7xx_HAL_Driver/Src/stm32h7xx_hal_dma.c **** 
 6135              		.loc 1 1515 11 discriminator 8 view .LVU1997
 6136 065e 1832     		adds	r2, r2, #24
 6137 0660 9342     		cmp	r3, r2
 6138 0662 26D0     		beq	.L292
1515:../../Drivers/STM32H7xx_HAL_Driver/Src/stm32h7xx_hal_dma.c **** 
 6139              		.loc 1 1515 11 discriminator 10 view .LVU1998
 6140 0664 1832     		adds	r2, r2, #24
 6141 0666 9342     		cmp	r3, r2
 6142 0668 23D0     		beq	.L292
1515:../../Drivers/STM32H7xx_HAL_Driver/Src/stm32h7xx_hal_dma.c **** 
 6143              		.loc 1 1515 11 discriminator 12 view .LVU1999
 6144 066a 1832     		adds	r2, r2, #24
ARM GAS  /var/folders/2r/mdtt8xvd351gdc398t28_m2m0000gn/T//ccdEwLBV.s 			page 176


 6145 066c 9342     		cmp	r3, r2
 6146 066e 20D0     		beq	.L292
1515:../../Drivers/STM32H7xx_HAL_Driver/Src/stm32h7xx_hal_dma.c **** 
 6147              		.loc 1 1515 11 discriminator 14 view .LVU2000
 6148 0670 1832     		adds	r2, r2, #24
 6149 0672 9342     		cmp	r3, r2
 6150 0674 1DD0     		beq	.L292
1515:../../Drivers/STM32H7xx_HAL_Driver/Src/stm32h7xx_hal_dma.c **** 
 6151              		.loc 1 1515 11 discriminator 16 view .LVU2001
 6152 0676 02F55672 		add	r2, r2, #856
 6153 067a 9342     		cmp	r3, r2
 6154 067c 19D0     		beq	.L292
1515:../../Drivers/STM32H7xx_HAL_Driver/Src/stm32h7xx_hal_dma.c **** 
 6155              		.loc 1 1515 11 discriminator 18 view .LVU2002
 6156 067e 1832     		adds	r2, r2, #24
 6157 0680 9342     		cmp	r3, r2
 6158 0682 16D0     		beq	.L292
1515:../../Drivers/STM32H7xx_HAL_Driver/Src/stm32h7xx_hal_dma.c **** 
 6159              		.loc 1 1515 11 discriminator 20 view .LVU2003
 6160 0684 1832     		adds	r2, r2, #24
 6161 0686 9342     		cmp	r3, r2
 6162 0688 13D0     		beq	.L292
1515:../../Drivers/STM32H7xx_HAL_Driver/Src/stm32h7xx_hal_dma.c **** 
 6163              		.loc 1 1515 11 discriminator 22 view .LVU2004
 6164 068a 1832     		adds	r2, r2, #24
 6165 068c 9342     		cmp	r3, r2
 6166 068e 10D0     		beq	.L292
1515:../../Drivers/STM32H7xx_HAL_Driver/Src/stm32h7xx_hal_dma.c **** 
 6167              		.loc 1 1515 11 discriminator 24 view .LVU2005
 6168 0690 1832     		adds	r2, r2, #24
 6169 0692 9342     		cmp	r3, r2
 6170 0694 0DD0     		beq	.L292
1515:../../Drivers/STM32H7xx_HAL_Driver/Src/stm32h7xx_hal_dma.c **** 
 6171              		.loc 1 1515 11 discriminator 26 view .LVU2006
 6172 0696 1832     		adds	r2, r2, #24
 6173 0698 9342     		cmp	r3, r2
 6174 069a 0AD0     		beq	.L292
1515:../../Drivers/STM32H7xx_HAL_Driver/Src/stm32h7xx_hal_dma.c **** 
 6175              		.loc 1 1515 11 discriminator 28 view .LVU2007
 6176 069c 1832     		adds	r2, r2, #24
 6177 069e 9342     		cmp	r3, r2
 6178 06a0 07D0     		beq	.L292
1515:../../Drivers/STM32H7xx_HAL_Driver/Src/stm32h7xx_hal_dma.c **** 
 6179              		.loc 1 1515 11 discriminator 30 view .LVU2008
 6180 06a2 1832     		adds	r2, r2, #24
 6181 06a4 9342     		cmp	r3, r2
 6182 06a6 04D0     		beq	.L292
1515:../../Drivers/STM32H7xx_HAL_Driver/Src/stm32h7xx_hal_dma.c **** 
 6183              		.loc 1 1515 11 discriminator 32 view .LVU2009
 6184 06a8 1A68     		ldr	r2, [r3]
 6185 06aa 22F00A02 		bic	r2, r2, #10
 6186 06ae 1A60     		str	r2, [r3]
 6187              	.LVL222:
1515:../../Drivers/STM32H7xx_HAL_Driver/Src/stm32h7xx_hal_dma.c **** 
 6188              		.loc 1 1515 11 discriminator 32 view .LVU2010
 6189 06b0 03E0     		b	.L294
 6190              	.LVL223:
ARM GAS  /var/folders/2r/mdtt8xvd351gdc398t28_m2m0000gn/T//ccdEwLBV.s 			page 177


 6191              	.L292:
1515:../../Drivers/STM32H7xx_HAL_Driver/Src/stm32h7xx_hal_dma.c **** 
 6192              		.loc 1 1515 11 discriminator 31 view .LVU2011
 6193 06b2 1A68     		ldr	r2, [r3]
 6194 06b4 22F01402 		bic	r2, r2, #20
 6195 06b8 1A60     		str	r2, [r3]
 6196              	.LVL224:
 6197              	.L294:
1518:../../Drivers/STM32H7xx_HAL_Driver/Src/stm32h7xx_hal_dma.c **** 
 6198              		.loc 1 1518 11 is_stmt 1 view .LVU2012
1518:../../Drivers/STM32H7xx_HAL_Driver/Src/stm32h7xx_hal_dma.c **** 
 6199              		.loc 1 1518 23 is_stmt 0 view .LVU2013
 6200 06ba 0123     		movs	r3, #1
 6201 06bc 84F83530 		strb	r3, [r4, #53]
1521:../../Drivers/STM32H7xx_HAL_Driver/Src/stm32h7xx_hal_dma.c ****         }
 6202              		.loc 1 1521 11 is_stmt 1 view .LVU2014
1521:../../Drivers/STM32H7xx_HAL_Driver/Src/stm32h7xx_hal_dma.c ****         }
 6203              		.loc 1 1521 11 view .LVU2015
 6204 06c0 0023     		movs	r3, #0
 6205 06c2 84F83430 		strb	r3, [r4, #52]
 6206              	.L291:
1521:../../Drivers/STM32H7xx_HAL_Driver/Src/stm32h7xx_hal_dma.c ****         }
 6207              		.loc 1 1521 11 view .LVU2016
1524:../../Drivers/STM32H7xx_HAL_Driver/Src/stm32h7xx_hal_dma.c ****         {
 6208              		.loc 1 1524 9 view .LVU2017
1524:../../Drivers/STM32H7xx_HAL_Driver/Src/stm32h7xx_hal_dma.c ****         {
 6209              		.loc 1 1524 16 is_stmt 0 view .LVU2018
 6210 06c6 E36B     		ldr	r3, [r4, #60]
1524:../../Drivers/STM32H7xx_HAL_Driver/Src/stm32h7xx_hal_dma.c ****         {
 6211              		.loc 1 1524 11 view .LVU2019
 6212 06c8 002B     		cmp	r3, #0
 6213 06ca 3FF44EAF 		beq	.L239
1527:../../Drivers/STM32H7xx_HAL_Driver/Src/stm32h7xx_hal_dma.c ****         }
 6214              		.loc 1 1527 11 is_stmt 1 view .LVU2020
 6215 06ce 2046     		mov	r0, r4
 6216 06d0 9847     		blx	r3
 6217              	.LVL225:
1527:../../Drivers/STM32H7xx_HAL_Driver/Src/stm32h7xx_hal_dma.c ****         }
 6218              		.loc 1 1527 11 is_stmt 0 view .LVU2021
 6219 06d2 4AE7     		b	.L239
 6220              	.LVL226:
 6221              	.L288:
1532:../../Drivers/STM32H7xx_HAL_Driver/Src/stm32h7xx_hal_dma.c ****     {
 6222              		.loc 1 1532 10 is_stmt 1 view .LVU2022
1532:../../Drivers/STM32H7xx_HAL_Driver/Src/stm32h7xx_hal_dma.c ****     {
 6223              		.loc 1 1532 45 is_stmt 0 view .LVU2023
 6224 06d4 0825     		movs	r5, #8
 6225 06d6 05FA00F0 		lsl	r0, r5, r0
1532:../../Drivers/STM32H7xx_HAL_Driver/Src/stm32h7xx_hal_dma.c ****     {
 6226              		.loc 1 1532 13 view .LVU2024
 6227 06da 0842     		tst	r0, r1
 6228 06dc 3FF445AF 		beq	.L239
1532:../../Drivers/STM32H7xx_HAL_Driver/Src/stm32h7xx_hal_dma.c ****     {
 6229              		.loc 1 1532 85 discriminator 1 view .LVU2025
 6230 06e0 12F0080F 		tst	r2, #8
 6231 06e4 3FF441AF 		beq	.L239
1537:../../Drivers/STM32H7xx_HAL_Driver/Src/stm32h7xx_hal_dma.c **** 
ARM GAS  /var/folders/2r/mdtt8xvd351gdc398t28_m2m0000gn/T//ccdEwLBV.s 			page 178


 6232              		.loc 1 1537 7 is_stmt 1 view .LVU2026
1537:../../Drivers/STM32H7xx_HAL_Driver/Src/stm32h7xx_hal_dma.c **** 
 6233              		.loc 1 1537 7 is_stmt 0 discriminator 32 view .LVU2027
 6234 06e8 1A68     		ldr	r2, [r3]
 6235              	.LVL227:
1537:../../Drivers/STM32H7xx_HAL_Driver/Src/stm32h7xx_hal_dma.c **** 
 6236              		.loc 1 1537 7 discriminator 32 view .LVU2028
 6237 06ea 22F00E02 		bic	r2, r2, #14
 6238 06ee 1A60     		str	r2, [r3]
 6239              	.LVL228:
1540:../../Drivers/STM32H7xx_HAL_Driver/Src/stm32h7xx_hal_dma.c **** 
 6240              		.loc 1 1540 7 is_stmt 1 view .LVU2029
1540:../../Drivers/STM32H7xx_HAL_Driver/Src/stm32h7xx_hal_dma.c **** 
 6241              		.loc 1 1540 49 is_stmt 0 view .LVU2030
 6242 06f0 E36D     		ldr	r3, [r4, #92]
1540:../../Drivers/STM32H7xx_HAL_Driver/Src/stm32h7xx_hal_dma.c **** 
 6243              		.loc 1 1540 63 view .LVU2031
 6244 06f2 03F01F03 		and	r3, r3, #31
1540:../../Drivers/STM32H7xx_HAL_Driver/Src/stm32h7xx_hal_dma.c **** 
 6245              		.loc 1 1540 41 view .LVU2032
 6246 06f6 0122     		movs	r2, #1
 6247 06f8 02FA03F3 		lsl	r3, r2, r3
1540:../../Drivers/STM32H7xx_HAL_Driver/Src/stm32h7xx_hal_dma.c **** 
 6248              		.loc 1 1540 23 view .LVU2033
 6249 06fc 7B60     		str	r3, [r7, #4]
1543:../../Drivers/STM32H7xx_HAL_Driver/Src/stm32h7xx_hal_dma.c **** 
 6250              		.loc 1 1543 7 is_stmt 1 view .LVU2034
1543:../../Drivers/STM32H7xx_HAL_Driver/Src/stm32h7xx_hal_dma.c **** 
 6251              		.loc 1 1543 23 is_stmt 0 view .LVU2035
 6252 06fe 6265     		str	r2, [r4, #84]
1546:../../Drivers/STM32H7xx_HAL_Driver/Src/stm32h7xx_hal_dma.c **** 
 6253              		.loc 1 1546 7 is_stmt 1 view .LVU2036
1546:../../Drivers/STM32H7xx_HAL_Driver/Src/stm32h7xx_hal_dma.c **** 
 6254              		.loc 1 1546 19 is_stmt 0 view .LVU2037
 6255 0700 84F83520 		strb	r2, [r4, #53]
1549:../../Drivers/STM32H7xx_HAL_Driver/Src/stm32h7xx_hal_dma.c **** 
 6256              		.loc 1 1549 7 is_stmt 1 view .LVU2038
1549:../../Drivers/STM32H7xx_HAL_Driver/Src/stm32h7xx_hal_dma.c **** 
 6257              		.loc 1 1549 7 view .LVU2039
 6258 0704 0023     		movs	r3, #0
 6259 0706 84F83430 		strb	r3, [r4, #52]
1549:../../Drivers/STM32H7xx_HAL_Driver/Src/stm32h7xx_hal_dma.c **** 
 6260              		.loc 1 1549 7 view .LVU2040
1551:../../Drivers/STM32H7xx_HAL_Driver/Src/stm32h7xx_hal_dma.c ****       {
 6261              		.loc 1 1551 7 view .LVU2041
1551:../../Drivers/STM32H7xx_HAL_Driver/Src/stm32h7xx_hal_dma.c ****       {
 6262              		.loc 1 1551 15 is_stmt 0 view .LVU2042
 6263 070a E36C     		ldr	r3, [r4, #76]
1551:../../Drivers/STM32H7xx_HAL_Driver/Src/stm32h7xx_hal_dma.c ****       {
 6264              		.loc 1 1551 10 view .LVU2043
 6265 070c 002B     		cmp	r3, #0
 6266 070e 3FF42CAF 		beq	.L239
1554:../../Drivers/STM32H7xx_HAL_Driver/Src/stm32h7xx_hal_dma.c ****       }
 6267              		.loc 1 1554 9 is_stmt 1 view .LVU2044
 6268 0712 2046     		mov	r0, r4
 6269 0714 9847     		blx	r3
 6270              	.LVL229:
ARM GAS  /var/folders/2r/mdtt8xvd351gdc398t28_m2m0000gn/T//ccdEwLBV.s 			page 179


1565:../../Drivers/STM32H7xx_HAL_Driver/Src/stm32h7xx_hal_dma.c **** }
 6271              		.loc 1 1565 3 view .LVU2045
 6272 0716 28E7     		b	.L239
 6273              	.L304:
 6274              		.align	2
 6275              	.L303:
 6276 0718 10000240 		.word	1073872912
 6277              		.cfi_endproc
 6278              	.LFE139:
 6280              		.section	.text.HAL_DMA_RegisterCallback,"ax",%progbits
 6281              		.align	1
 6282              		.global	HAL_DMA_RegisterCallback
 6283              		.syntax unified
 6284              		.thumb
 6285              		.thumb_func
 6287              	HAL_DMA_RegisterCallback:
 6288              	.LVL230:
 6289              	.LFB140:
1579:../../Drivers/STM32H7xx_HAL_Driver/Src/stm32h7xx_hal_dma.c **** 
 6290              		.loc 1 1579 1 view -0
 6291              		.cfi_startproc
 6292              		@ args = 0, pretend = 0, frame = 0
 6293              		@ frame_needed = 0, uses_anonymous_args = 0
 6294              		@ link register save eliminated.
1581:../../Drivers/STM32H7xx_HAL_Driver/Src/stm32h7xx_hal_dma.c **** 
 6295              		.loc 1 1581 3 view .LVU2047
1584:../../Drivers/STM32H7xx_HAL_Driver/Src/stm32h7xx_hal_dma.c ****   {
 6296              		.loc 1 1584 3 view .LVU2048
1584:../../Drivers/STM32H7xx_HAL_Driver/Src/stm32h7xx_hal_dma.c ****   {
 6297              		.loc 1 1584 5 is_stmt 0 view .LVU2049
 6298 0000 0346     		mov	r3, r0
 6299 0002 88B3     		cbz	r0, .L315
1590:../../Drivers/STM32H7xx_HAL_Driver/Src/stm32h7xx_hal_dma.c **** 
 6300              		.loc 1 1590 3 is_stmt 1 view .LVU2050
1590:../../Drivers/STM32H7xx_HAL_Driver/Src/stm32h7xx_hal_dma.c **** 
 6301              		.loc 1 1590 3 view .LVU2051
 6302 0004 90F83400 		ldrb	r0, [r0, #52]	@ zero_extendqisi2
 6303              	.LVL231:
1590:../../Drivers/STM32H7xx_HAL_Driver/Src/stm32h7xx_hal_dma.c **** 
 6304              		.loc 1 1590 3 is_stmt 0 view .LVU2052
 6305 0008 0128     		cmp	r0, #1
 6306 000a 2FD0     		beq	.L316
1590:../../Drivers/STM32H7xx_HAL_Driver/Src/stm32h7xx_hal_dma.c **** 
 6307              		.loc 1 1590 3 is_stmt 1 discriminator 2 view .LVU2053
 6308 000c 0120     		movs	r0, #1
 6309 000e 83F83400 		strb	r0, [r3, #52]
1590:../../Drivers/STM32H7xx_HAL_Driver/Src/stm32h7xx_hal_dma.c **** 
 6310              		.loc 1 1590 3 view .LVU2054
1592:../../Drivers/STM32H7xx_HAL_Driver/Src/stm32h7xx_hal_dma.c ****   {
 6311              		.loc 1 1592 3 view .LVU2055
1592:../../Drivers/STM32H7xx_HAL_Driver/Src/stm32h7xx_hal_dma.c ****   {
 6312              		.loc 1 1592 33 is_stmt 0 view .LVU2056
 6313 0012 93F835C0 		ldrb	ip, [r3, #53]	@ zero_extendqisi2
 6314 0016 5FFA8CF0 		uxtb	r0, ip
1592:../../Drivers/STM32H7xx_HAL_Driver/Src/stm32h7xx_hal_dma.c ****   {
 6315              		.loc 1 1592 5 view .LVU2057
 6316 001a BCF1010F 		cmp	ip, #1
ARM GAS  /var/folders/2r/mdtt8xvd351gdc398t28_m2m0000gn/T//ccdEwLBV.s 			page 180


 6317 001e 04D0     		beq	.L318
1628:../../Drivers/STM32H7xx_HAL_Driver/Src/stm32h7xx_hal_dma.c ****   }
 6318              		.loc 1 1628 12 view .LVU2058
 6319 0020 0120     		movs	r0, #1
 6320              	.L307:
 6321              	.LVL232:
1632:../../Drivers/STM32H7xx_HAL_Driver/Src/stm32h7xx_hal_dma.c **** 
 6322              		.loc 1 1632 3 is_stmt 1 view .LVU2059
1632:../../Drivers/STM32H7xx_HAL_Driver/Src/stm32h7xx_hal_dma.c **** 
 6323              		.loc 1 1632 3 view .LVU2060
 6324 0022 0022     		movs	r2, #0
 6325              	.LVL233:
1632:../../Drivers/STM32H7xx_HAL_Driver/Src/stm32h7xx_hal_dma.c **** 
 6326              		.loc 1 1632 3 is_stmt 0 view .LVU2061
 6327 0024 83F83420 		strb	r2, [r3, #52]
1632:../../Drivers/STM32H7xx_HAL_Driver/Src/stm32h7xx_hal_dma.c **** 
 6328              		.loc 1 1632 3 is_stmt 1 view .LVU2062
1634:../../Drivers/STM32H7xx_HAL_Driver/Src/stm32h7xx_hal_dma.c **** }
 6329              		.loc 1 1634 3 view .LVU2063
1634:../../Drivers/STM32H7xx_HAL_Driver/Src/stm32h7xx_hal_dma.c **** }
 6330              		.loc 1 1634 10 is_stmt 0 view .LVU2064
 6331 0028 7047     		bx	lr
 6332              	.LVL234:
 6333              	.L318:
1594:../../Drivers/STM32H7xx_HAL_Driver/Src/stm32h7xx_hal_dma.c ****     {
 6334              		.loc 1 1594 5 is_stmt 1 view .LVU2065
 6335 002a 0329     		cmp	r1, #3
 6336 002c 16D0     		beq	.L308
 6337 002e 08D8     		bhi	.L309
 6338 0030 0129     		cmp	r1, #1
 6339 0032 0DD0     		beq	.L310
 6340 0034 0229     		cmp	r1, #2
 6341 0036 0ED0     		beq	.L311
 6342 0038 0029     		cmp	r1, #0
 6343 003a F2D1     		bne	.L307
1597:../../Drivers/STM32H7xx_HAL_Driver/Src/stm32h7xx_hal_dma.c ****       break;
 6344              		.loc 1 1597 7 view .LVU2066
1597:../../Drivers/STM32H7xx_HAL_Driver/Src/stm32h7xx_hal_dma.c ****       break;
 6345              		.loc 1 1597 30 is_stmt 0 view .LVU2067
 6346 003c DA63     		str	r2, [r3, #60]
1598:../../Drivers/STM32H7xx_HAL_Driver/Src/stm32h7xx_hal_dma.c **** 
 6347              		.loc 1 1598 7 is_stmt 1 view .LVU2068
1581:../../Drivers/STM32H7xx_HAL_Driver/Src/stm32h7xx_hal_dma.c **** 
 6348              		.loc 1 1581 21 is_stmt 0 view .LVU2069
 6349 003e 0846     		mov	r0, r1
1598:../../Drivers/STM32H7xx_HAL_Driver/Src/stm32h7xx_hal_dma.c **** 
 6350              		.loc 1 1598 7 view .LVU2070
 6351 0040 EFE7     		b	.L307
 6352              	.L309:
1594:../../Drivers/STM32H7xx_HAL_Driver/Src/stm32h7xx_hal_dma.c ****     {
 6353              		.loc 1 1594 5 view .LVU2071
 6354 0042 0429     		cmp	r1, #4
 6355 0044 0DD0     		beq	.L313
 6356 0046 0529     		cmp	r1, #5
 6357 0048 EBD1     		bne	.L307
1617:../../Drivers/STM32H7xx_HAL_Driver/Src/stm32h7xx_hal_dma.c ****       break;
 6358              		.loc 1 1617 7 is_stmt 1 view .LVU2072
ARM GAS  /var/folders/2r/mdtt8xvd351gdc398t28_m2m0000gn/T//ccdEwLBV.s 			page 181


1617:../../Drivers/STM32H7xx_HAL_Driver/Src/stm32h7xx_hal_dma.c ****       break;
 6359              		.loc 1 1617 31 is_stmt 0 view .LVU2073
 6360 004a 1A65     		str	r2, [r3, #80]
1618:../../Drivers/STM32H7xx_HAL_Driver/Src/stm32h7xx_hal_dma.c **** 
 6361              		.loc 1 1618 7 is_stmt 1 view .LVU2074
1581:../../Drivers/STM32H7xx_HAL_Driver/Src/stm32h7xx_hal_dma.c **** 
 6362              		.loc 1 1581 21 is_stmt 0 view .LVU2075
 6363 004c 0020     		movs	r0, #0
1618:../../Drivers/STM32H7xx_HAL_Driver/Src/stm32h7xx_hal_dma.c **** 
 6364              		.loc 1 1618 7 view .LVU2076
 6365 004e E8E7     		b	.L307
 6366              	.L310:
1601:../../Drivers/STM32H7xx_HAL_Driver/Src/stm32h7xx_hal_dma.c ****       break;
 6367              		.loc 1 1601 7 is_stmt 1 view .LVU2077
1601:../../Drivers/STM32H7xx_HAL_Driver/Src/stm32h7xx_hal_dma.c ****       break;
 6368              		.loc 1 1601 34 is_stmt 0 view .LVU2078
 6369 0050 1A64     		str	r2, [r3, #64]
1602:../../Drivers/STM32H7xx_HAL_Driver/Src/stm32h7xx_hal_dma.c **** 
 6370              		.loc 1 1602 7 is_stmt 1 view .LVU2079
1581:../../Drivers/STM32H7xx_HAL_Driver/Src/stm32h7xx_hal_dma.c **** 
 6371              		.loc 1 1581 21 is_stmt 0 view .LVU2080
 6372 0052 0020     		movs	r0, #0
1602:../../Drivers/STM32H7xx_HAL_Driver/Src/stm32h7xx_hal_dma.c **** 
 6373              		.loc 1 1602 7 view .LVU2081
 6374 0054 E5E7     		b	.L307
 6375              	.L311:
1605:../../Drivers/STM32H7xx_HAL_Driver/Src/stm32h7xx_hal_dma.c ****       break;
 6376              		.loc 1 1605 7 is_stmt 1 view .LVU2082
1605:../../Drivers/STM32H7xx_HAL_Driver/Src/stm32h7xx_hal_dma.c ****       break;
 6377              		.loc 1 1605 32 is_stmt 0 view .LVU2083
 6378 0056 5A64     		str	r2, [r3, #68]
1606:../../Drivers/STM32H7xx_HAL_Driver/Src/stm32h7xx_hal_dma.c **** 
 6379              		.loc 1 1606 7 is_stmt 1 view .LVU2084
1581:../../Drivers/STM32H7xx_HAL_Driver/Src/stm32h7xx_hal_dma.c **** 
 6380              		.loc 1 1581 21 is_stmt 0 view .LVU2085
 6381 0058 0020     		movs	r0, #0
1606:../../Drivers/STM32H7xx_HAL_Driver/Src/stm32h7xx_hal_dma.c **** 
 6382              		.loc 1 1606 7 view .LVU2086
 6383 005a E2E7     		b	.L307
 6384              	.L308:
1609:../../Drivers/STM32H7xx_HAL_Driver/Src/stm32h7xx_hal_dma.c ****       break;
 6385              		.loc 1 1609 7 is_stmt 1 view .LVU2087
1609:../../Drivers/STM32H7xx_HAL_Driver/Src/stm32h7xx_hal_dma.c ****       break;
 6386              		.loc 1 1609 36 is_stmt 0 view .LVU2088
 6387 005c 9A64     		str	r2, [r3, #72]
1610:../../Drivers/STM32H7xx_HAL_Driver/Src/stm32h7xx_hal_dma.c **** 
 6388              		.loc 1 1610 7 is_stmt 1 view .LVU2089
1581:../../Drivers/STM32H7xx_HAL_Driver/Src/stm32h7xx_hal_dma.c **** 
 6389              		.loc 1 1581 21 is_stmt 0 view .LVU2090
 6390 005e 0020     		movs	r0, #0
1610:../../Drivers/STM32H7xx_HAL_Driver/Src/stm32h7xx_hal_dma.c **** 
 6391              		.loc 1 1610 7 view .LVU2091
 6392 0060 DFE7     		b	.L307
 6393              	.L313:
1613:../../Drivers/STM32H7xx_HAL_Driver/Src/stm32h7xx_hal_dma.c ****       break;
 6394              		.loc 1 1613 7 is_stmt 1 view .LVU2092
1613:../../Drivers/STM32H7xx_HAL_Driver/Src/stm32h7xx_hal_dma.c ****       break;
ARM GAS  /var/folders/2r/mdtt8xvd351gdc398t28_m2m0000gn/T//ccdEwLBV.s 			page 182


 6395              		.loc 1 1613 31 is_stmt 0 view .LVU2093
 6396 0062 DA64     		str	r2, [r3, #76]
1614:../../Drivers/STM32H7xx_HAL_Driver/Src/stm32h7xx_hal_dma.c **** 
 6397              		.loc 1 1614 7 is_stmt 1 view .LVU2094
1581:../../Drivers/STM32H7xx_HAL_Driver/Src/stm32h7xx_hal_dma.c **** 
 6398              		.loc 1 1581 21 is_stmt 0 view .LVU2095
 6399 0064 0020     		movs	r0, #0
1614:../../Drivers/STM32H7xx_HAL_Driver/Src/stm32h7xx_hal_dma.c **** 
 6400              		.loc 1 1614 7 view .LVU2096
 6401 0066 DCE7     		b	.L307
 6402              	.LVL235:
 6403              	.L315:
1586:../../Drivers/STM32H7xx_HAL_Driver/Src/stm32h7xx_hal_dma.c ****   }
 6404              		.loc 1 1586 12 view .LVU2097
 6405 0068 0120     		movs	r0, #1
 6406              	.LVL236:
1586:../../Drivers/STM32H7xx_HAL_Driver/Src/stm32h7xx_hal_dma.c ****   }
 6407              		.loc 1 1586 12 view .LVU2098
 6408 006a 7047     		bx	lr
 6409              	.L316:
1590:../../Drivers/STM32H7xx_HAL_Driver/Src/stm32h7xx_hal_dma.c **** 
 6410              		.loc 1 1590 3 discriminator 1 view .LVU2099
 6411 006c 0220     		movs	r0, #2
1635:../../Drivers/STM32H7xx_HAL_Driver/Src/stm32h7xx_hal_dma.c **** 
 6412              		.loc 1 1635 1 view .LVU2100
 6413 006e 7047     		bx	lr
 6414              		.cfi_endproc
 6415              	.LFE140:
 6417              		.section	.text.HAL_DMA_UnRegisterCallback,"ax",%progbits
 6418              		.align	1
 6419              		.global	HAL_DMA_UnRegisterCallback
 6420              		.syntax unified
 6421              		.thumb
 6422              		.thumb_func
 6424              	HAL_DMA_UnRegisterCallback:
 6425              	.LVL237:
 6426              	.LFB141:
1646:../../Drivers/STM32H7xx_HAL_Driver/Src/stm32h7xx_hal_dma.c ****   HAL_StatusTypeDef status = HAL_OK;
 6427              		.loc 1 1646 1 is_stmt 1 view -0
 6428              		.cfi_startproc
 6429              		@ args = 0, pretend = 0, frame = 0
 6430              		@ frame_needed = 0, uses_anonymous_args = 0
 6431              		@ link register save eliminated.
1647:../../Drivers/STM32H7xx_HAL_Driver/Src/stm32h7xx_hal_dma.c **** 
 6432              		.loc 1 1647 3 view .LVU2102
1650:../../Drivers/STM32H7xx_HAL_Driver/Src/stm32h7xx_hal_dma.c ****   {
 6433              		.loc 1 1650 3 view .LVU2103
1650:../../Drivers/STM32H7xx_HAL_Driver/Src/stm32h7xx_hal_dma.c ****   {
 6434              		.loc 1 1650 5 is_stmt 0 view .LVU2104
 6435 0000 0346     		mov	r3, r0
 6436 0002 0028     		cmp	r0, #0
 6437 0004 39D0     		beq	.L330
1656:../../Drivers/STM32H7xx_HAL_Driver/Src/stm32h7xx_hal_dma.c **** 
 6438              		.loc 1 1656 3 is_stmt 1 view .LVU2105
1656:../../Drivers/STM32H7xx_HAL_Driver/Src/stm32h7xx_hal_dma.c **** 
 6439              		.loc 1 1656 3 view .LVU2106
 6440 0006 90F83420 		ldrb	r2, [r0, #52]	@ zero_extendqisi2
ARM GAS  /var/folders/2r/mdtt8xvd351gdc398t28_m2m0000gn/T//ccdEwLBV.s 			page 183


 6441 000a 012A     		cmp	r2, #1
 6442 000c 37D0     		beq	.L331
1656:../../Drivers/STM32H7xx_HAL_Driver/Src/stm32h7xx_hal_dma.c **** 
 6443              		.loc 1 1656 3 discriminator 2 view .LVU2107
 6444 000e 0122     		movs	r2, #1
 6445 0010 80F83420 		strb	r2, [r0, #52]
1656:../../Drivers/STM32H7xx_HAL_Driver/Src/stm32h7xx_hal_dma.c **** 
 6446              		.loc 1 1656 3 view .LVU2108
1658:../../Drivers/STM32H7xx_HAL_Driver/Src/stm32h7xx_hal_dma.c ****   {
 6447              		.loc 1 1658 3 view .LVU2109
1658:../../Drivers/STM32H7xx_HAL_Driver/Src/stm32h7xx_hal_dma.c ****   {
 6448              		.loc 1 1658 33 is_stmt 0 view .LVU2110
 6449 0014 90F83520 		ldrb	r2, [r0, #53]	@ zero_extendqisi2
 6450 0018 D0B2     		uxtb	r0, r2
 6451              	.LVL238:
1658:../../Drivers/STM32H7xx_HAL_Driver/Src/stm32h7xx_hal_dma.c ****   {
 6452              		.loc 1 1658 5 view .LVU2111
 6453 001a 012A     		cmp	r2, #1
 6454 001c 04D0     		beq	.L333
1702:../../Drivers/STM32H7xx_HAL_Driver/Src/stm32h7xx_hal_dma.c ****   }
 6455              		.loc 1 1702 12 view .LVU2112
 6456 001e 0120     		movs	r0, #1
 6457              	.L321:
 6458              	.LVL239:
1706:../../Drivers/STM32H7xx_HAL_Driver/Src/stm32h7xx_hal_dma.c **** 
 6459              		.loc 1 1706 3 is_stmt 1 view .LVU2113
1706:../../Drivers/STM32H7xx_HAL_Driver/Src/stm32h7xx_hal_dma.c **** 
 6460              		.loc 1 1706 3 view .LVU2114
 6461 0020 0022     		movs	r2, #0
 6462 0022 83F83420 		strb	r2, [r3, #52]
1706:../../Drivers/STM32H7xx_HAL_Driver/Src/stm32h7xx_hal_dma.c **** 
 6463              		.loc 1 1706 3 view .LVU2115
1708:../../Drivers/STM32H7xx_HAL_Driver/Src/stm32h7xx_hal_dma.c **** }
 6464              		.loc 1 1708 3 view .LVU2116
1708:../../Drivers/STM32H7xx_HAL_Driver/Src/stm32h7xx_hal_dma.c **** }
 6465              		.loc 1 1708 10 is_stmt 0 view .LVU2117
 6466 0026 7047     		bx	lr
 6467              	.LVL240:
 6468              	.L333:
1660:../../Drivers/STM32H7xx_HAL_Driver/Src/stm32h7xx_hal_dma.c ****     {
 6469              		.loc 1 1660 5 is_stmt 1 view .LVU2118
 6470 0028 0329     		cmp	r1, #3
 6471 002a 18D0     		beq	.L322
 6472 002c 08D8     		bhi	.L323
 6473 002e 0129     		cmp	r1, #1
 6474 0030 0FD0     		beq	.L324
 6475 0032 0229     		cmp	r1, #2
 6476 0034 10D0     		beq	.L325
 6477 0036 0029     		cmp	r1, #0
 6478 0038 F2D1     		bne	.L321
1663:../../Drivers/STM32H7xx_HAL_Driver/Src/stm32h7xx_hal_dma.c ****       break;
 6479              		.loc 1 1663 7 view .LVU2119
1663:../../Drivers/STM32H7xx_HAL_Driver/Src/stm32h7xx_hal_dma.c ****       break;
 6480              		.loc 1 1663 30 is_stmt 0 view .LVU2120
 6481 003a D963     		str	r1, [r3, #60]
1664:../../Drivers/STM32H7xx_HAL_Driver/Src/stm32h7xx_hal_dma.c **** 
 6482              		.loc 1 1664 7 is_stmt 1 view .LVU2121
ARM GAS  /var/folders/2r/mdtt8xvd351gdc398t28_m2m0000gn/T//ccdEwLBV.s 			page 184


1647:../../Drivers/STM32H7xx_HAL_Driver/Src/stm32h7xx_hal_dma.c **** 
 6483              		.loc 1 1647 21 is_stmt 0 view .LVU2122
 6484 003c 0846     		mov	r0, r1
1664:../../Drivers/STM32H7xx_HAL_Driver/Src/stm32h7xx_hal_dma.c **** 
 6485              		.loc 1 1664 7 view .LVU2123
 6486 003e EFE7     		b	.L321
 6487              	.L323:
1660:../../Drivers/STM32H7xx_HAL_Driver/Src/stm32h7xx_hal_dma.c ****     {
 6488              		.loc 1 1660 5 view .LVU2124
 6489 0040 0529     		cmp	r1, #5
 6490 0042 0FD0     		beq	.L327
 6491 0044 0629     		cmp	r1, #6
 6492 0046 10D0     		beq	.L328
 6493 0048 0429     		cmp	r1, #4
 6494 004a E9D1     		bne	.L321
1679:../../Drivers/STM32H7xx_HAL_Driver/Src/stm32h7xx_hal_dma.c ****       break;
 6495              		.loc 1 1679 7 is_stmt 1 view .LVU2125
1679:../../Drivers/STM32H7xx_HAL_Driver/Src/stm32h7xx_hal_dma.c ****       break;
 6496              		.loc 1 1679 31 is_stmt 0 view .LVU2126
 6497 004c 0020     		movs	r0, #0
 6498 004e D864     		str	r0, [r3, #76]
1680:../../Drivers/STM32H7xx_HAL_Driver/Src/stm32h7xx_hal_dma.c **** 
 6499              		.loc 1 1680 7 is_stmt 1 view .LVU2127
 6500 0050 E6E7     		b	.L321
 6501              	.L324:
1667:../../Drivers/STM32H7xx_HAL_Driver/Src/stm32h7xx_hal_dma.c ****       break;
 6502              		.loc 1 1667 7 view .LVU2128
1667:../../Drivers/STM32H7xx_HAL_Driver/Src/stm32h7xx_hal_dma.c ****       break;
 6503              		.loc 1 1667 34 is_stmt 0 view .LVU2129
 6504 0052 0020     		movs	r0, #0
 6505 0054 1864     		str	r0, [r3, #64]
1668:../../Drivers/STM32H7xx_HAL_Driver/Src/stm32h7xx_hal_dma.c **** 
 6506              		.loc 1 1668 7 is_stmt 1 view .LVU2130
 6507 0056 E3E7     		b	.L321
 6508              	.L325:
1671:../../Drivers/STM32H7xx_HAL_Driver/Src/stm32h7xx_hal_dma.c ****       break;
 6509              		.loc 1 1671 7 view .LVU2131
1671:../../Drivers/STM32H7xx_HAL_Driver/Src/stm32h7xx_hal_dma.c ****       break;
 6510              		.loc 1 1671 32 is_stmt 0 view .LVU2132
 6511 0058 0020     		movs	r0, #0
 6512 005a 5864     		str	r0, [r3, #68]
1672:../../Drivers/STM32H7xx_HAL_Driver/Src/stm32h7xx_hal_dma.c **** 
 6513              		.loc 1 1672 7 is_stmt 1 view .LVU2133
 6514 005c E0E7     		b	.L321
 6515              	.L322:
1675:../../Drivers/STM32H7xx_HAL_Driver/Src/stm32h7xx_hal_dma.c ****       break;
 6516              		.loc 1 1675 7 view .LVU2134
1675:../../Drivers/STM32H7xx_HAL_Driver/Src/stm32h7xx_hal_dma.c ****       break;
 6517              		.loc 1 1675 36 is_stmt 0 view .LVU2135
 6518 005e 0020     		movs	r0, #0
 6519 0060 9864     		str	r0, [r3, #72]
1676:../../Drivers/STM32H7xx_HAL_Driver/Src/stm32h7xx_hal_dma.c **** 
 6520              		.loc 1 1676 7 is_stmt 1 view .LVU2136
 6521 0062 DDE7     		b	.L321
 6522              	.L327:
1683:../../Drivers/STM32H7xx_HAL_Driver/Src/stm32h7xx_hal_dma.c ****       break;
 6523              		.loc 1 1683 7 view .LVU2137
ARM GAS  /var/folders/2r/mdtt8xvd351gdc398t28_m2m0000gn/T//ccdEwLBV.s 			page 185


1683:../../Drivers/STM32H7xx_HAL_Driver/Src/stm32h7xx_hal_dma.c ****       break;
 6524              		.loc 1 1683 31 is_stmt 0 view .LVU2138
 6525 0064 0020     		movs	r0, #0
 6526 0066 1865     		str	r0, [r3, #80]
1684:../../Drivers/STM32H7xx_HAL_Driver/Src/stm32h7xx_hal_dma.c **** 
 6527              		.loc 1 1684 7 is_stmt 1 view .LVU2139
 6528 0068 DAE7     		b	.L321
 6529              	.L328:
1687:../../Drivers/STM32H7xx_HAL_Driver/Src/stm32h7xx_hal_dma.c ****       hdma->XferHalfCpltCallback = NULL;
 6530              		.loc 1 1687 7 view .LVU2140
1687:../../Drivers/STM32H7xx_HAL_Driver/Src/stm32h7xx_hal_dma.c ****       hdma->XferHalfCpltCallback = NULL;
 6531              		.loc 1 1687 30 is_stmt 0 view .LVU2141
 6532 006a 0020     		movs	r0, #0
 6533 006c D863     		str	r0, [r3, #60]
1688:../../Drivers/STM32H7xx_HAL_Driver/Src/stm32h7xx_hal_dma.c ****       hdma->XferM1CpltCallback = NULL;
 6534              		.loc 1 1688 7 is_stmt 1 view .LVU2142
1688:../../Drivers/STM32H7xx_HAL_Driver/Src/stm32h7xx_hal_dma.c ****       hdma->XferM1CpltCallback = NULL;
 6535              		.loc 1 1688 34 is_stmt 0 view .LVU2143
 6536 006e 1864     		str	r0, [r3, #64]
1689:../../Drivers/STM32H7xx_HAL_Driver/Src/stm32h7xx_hal_dma.c ****       hdma->XferM1HalfCpltCallback = NULL;
 6537              		.loc 1 1689 7 is_stmt 1 view .LVU2144
1689:../../Drivers/STM32H7xx_HAL_Driver/Src/stm32h7xx_hal_dma.c ****       hdma->XferM1HalfCpltCallback = NULL;
 6538              		.loc 1 1689 32 is_stmt 0 view .LVU2145
 6539 0070 5864     		str	r0, [r3, #68]
1690:../../Drivers/STM32H7xx_HAL_Driver/Src/stm32h7xx_hal_dma.c ****       hdma->XferErrorCallback = NULL;
 6540              		.loc 1 1690 7 is_stmt 1 view .LVU2146
1690:../../Drivers/STM32H7xx_HAL_Driver/Src/stm32h7xx_hal_dma.c ****       hdma->XferErrorCallback = NULL;
 6541              		.loc 1 1690 36 is_stmt 0 view .LVU2147
 6542 0072 9864     		str	r0, [r3, #72]
1691:../../Drivers/STM32H7xx_HAL_Driver/Src/stm32h7xx_hal_dma.c ****       hdma->XferAbortCallback = NULL;
 6543              		.loc 1 1691 7 is_stmt 1 view .LVU2148
1691:../../Drivers/STM32H7xx_HAL_Driver/Src/stm32h7xx_hal_dma.c ****       hdma->XferAbortCallback = NULL;
 6544              		.loc 1 1691 31 is_stmt 0 view .LVU2149
 6545 0074 D864     		str	r0, [r3, #76]
1692:../../Drivers/STM32H7xx_HAL_Driver/Src/stm32h7xx_hal_dma.c ****       break;
 6546              		.loc 1 1692 7 is_stmt 1 view .LVU2150
1692:../../Drivers/STM32H7xx_HAL_Driver/Src/stm32h7xx_hal_dma.c ****       break;
 6547              		.loc 1 1692 31 is_stmt 0 view .LVU2151
 6548 0076 1865     		str	r0, [r3, #80]
1693:../../Drivers/STM32H7xx_HAL_Driver/Src/stm32h7xx_hal_dma.c **** 
 6549              		.loc 1 1693 7 is_stmt 1 view .LVU2152
 6550 0078 D2E7     		b	.L321
 6551              	.LVL241:
 6552              	.L330:
1652:../../Drivers/STM32H7xx_HAL_Driver/Src/stm32h7xx_hal_dma.c ****   }
 6553              		.loc 1 1652 12 is_stmt 0 view .LVU2153
 6554 007a 0120     		movs	r0, #1
 6555              	.LVL242:
1652:../../Drivers/STM32H7xx_HAL_Driver/Src/stm32h7xx_hal_dma.c ****   }
 6556              		.loc 1 1652 12 view .LVU2154
 6557 007c 7047     		bx	lr
 6558              	.LVL243:
 6559              	.L331:
1656:../../Drivers/STM32H7xx_HAL_Driver/Src/stm32h7xx_hal_dma.c **** 
 6560              		.loc 1 1656 3 discriminator 1 view .LVU2155
 6561 007e 0220     		movs	r0, #2
 6562              	.LVL244:
ARM GAS  /var/folders/2r/mdtt8xvd351gdc398t28_m2m0000gn/T//ccdEwLBV.s 			page 186


1709:../../Drivers/STM32H7xx_HAL_Driver/Src/stm32h7xx_hal_dma.c **** 
 6563              		.loc 1 1709 1 view .LVU2156
 6564 0080 7047     		bx	lr
 6565              		.cfi_endproc
 6566              	.LFE141:
 6568              		.section	.text.HAL_DMA_GetState,"ax",%progbits
 6569              		.align	1
 6570              		.global	HAL_DMA_GetState
 6571              		.syntax unified
 6572              		.thumb
 6573              		.thumb_func
 6575              	HAL_DMA_GetState:
 6576              	.LVL245:
 6577              	.LFB142:
1737:../../Drivers/STM32H7xx_HAL_Driver/Src/stm32h7xx_hal_dma.c ****   return hdma->State;
 6578              		.loc 1 1737 1 is_stmt 1 view -0
 6579              		.cfi_startproc
 6580              		@ args = 0, pretend = 0, frame = 0
 6581              		@ frame_needed = 0, uses_anonymous_args = 0
 6582              		@ link register save eliminated.
1738:../../Drivers/STM32H7xx_HAL_Driver/Src/stm32h7xx_hal_dma.c **** }
 6583              		.loc 1 1738 3 view .LVU2158
1738:../../Drivers/STM32H7xx_HAL_Driver/Src/stm32h7xx_hal_dma.c **** }
 6584              		.loc 1 1738 14 is_stmt 0 view .LVU2159
 6585 0000 90F83500 		ldrb	r0, [r0, #53]	@ zero_extendqisi2
 6586              	.LVL246:
1739:../../Drivers/STM32H7xx_HAL_Driver/Src/stm32h7xx_hal_dma.c **** 
 6587              		.loc 1 1739 1 view .LVU2160
 6588 0004 7047     		bx	lr
 6589              		.cfi_endproc
 6590              	.LFE142:
 6592              		.section	.text.HAL_DMA_GetError,"ax",%progbits
 6593              		.align	1
 6594              		.global	HAL_DMA_GetError
 6595              		.syntax unified
 6596              		.thumb
 6597              		.thumb_func
 6599              	HAL_DMA_GetError:
 6600              	.LVL247:
 6601              	.LFB143:
1748:../../Drivers/STM32H7xx_HAL_Driver/Src/stm32h7xx_hal_dma.c ****   return hdma->ErrorCode;
 6602              		.loc 1 1748 1 is_stmt 1 view -0
 6603              		.cfi_startproc
 6604              		@ args = 0, pretend = 0, frame = 0
 6605              		@ frame_needed = 0, uses_anonymous_args = 0
 6606              		@ link register save eliminated.
1749:../../Drivers/STM32H7xx_HAL_Driver/Src/stm32h7xx_hal_dma.c **** }
 6607              		.loc 1 1749 3 view .LVU2162
1749:../../Drivers/STM32H7xx_HAL_Driver/Src/stm32h7xx_hal_dma.c **** }
 6608              		.loc 1 1749 14 is_stmt 0 view .LVU2163
 6609 0000 406D     		ldr	r0, [r0, #84]
 6610              	.LVL248:
1750:../../Drivers/STM32H7xx_HAL_Driver/Src/stm32h7xx_hal_dma.c **** 
 6611              		.loc 1 1750 1 view .LVU2164
 6612 0002 7047     		bx	lr
 6613              		.cfi_endproc
 6614              	.LFE143:
ARM GAS  /var/folders/2r/mdtt8xvd351gdc398t28_m2m0000gn/T//ccdEwLBV.s 			page 187


 6616              		.section	.rodata.flagBitshiftOffset.0,"a"
 6617              		.align	2
 6620              	flagBitshiftOffset.0:
 6621 0000 00061016 		.ascii	"\000\006\020\026\000\006\020\026"
 6621      00061016 
 6622              		.text
 6623              	.Letext0:
 6624              		.file 2 "/Applications/ArmGNUToolchain/15.2.rel1/arm-none-eabi/arm-none-eabi/include/machine/_defa
 6625              		.file 3 "/Applications/ArmGNUToolchain/15.2.rel1/arm-none-eabi/arm-none-eabi/include/sys/_stdint.h
 6626              		.file 4 "../../Drivers/CMSIS/Device/ST/STM32H7xx/Include/stm32h755xx.h"
 6627              		.file 5 "../../Drivers/STM32H7xx_HAL_Driver/Inc/stm32h7xx_hal_def.h"
 6628              		.file 6 "../../Drivers/STM32H7xx_HAL_Driver/Inc/stm32h7xx_hal_dma.h"
 6629              		.file 7 "../../Drivers/CMSIS/Device/ST/STM32H7xx/Include/system_stm32h7xx.h"
 6630              		.file 8 "../../Drivers/STM32H7xx_HAL_Driver/Inc/stm32h7xx_hal.h"
ARM GAS  /var/folders/2r/mdtt8xvd351gdc398t28_m2m0000gn/T//ccdEwLBV.s 			page 188


DEFINED SYMBOLS
                            *ABS*:00000000 stm32h7xx_hal_dma.c
/var/folders/2r/mdtt8xvd351gdc398t28_m2m0000gn/T//ccdEwLBV.s:19     .text.DMA_SetConfig:00000000 $t
/var/folders/2r/mdtt8xvd351gdc398t28_m2m0000gn/T//ccdEwLBV.s:24     .text.DMA_SetConfig:00000000 DMA_SetConfig
/var/folders/2r/mdtt8xvd351gdc398t28_m2m0000gn/T//ccdEwLBV.s:373    .text.DMA_SetConfig:00000210 $d
/var/folders/2r/mdtt8xvd351gdc398t28_m2m0000gn/T//ccdEwLBV.s:380    .text.DMA_CalcBaseAndBitshift:00000000 $t
/var/folders/2r/mdtt8xvd351gdc398t28_m2m0000gn/T//ccdEwLBV.s:385    .text.DMA_CalcBaseAndBitshift:00000000 DMA_CalcBaseAndBitshift
/var/folders/2r/mdtt8xvd351gdc398t28_m2m0000gn/T//ccdEwLBV.s:519    .text.DMA_CalcBaseAndBitshift:0000009c $d
/var/folders/2r/mdtt8xvd351gdc398t28_m2m0000gn/T//ccdEwLBV.s:6620   .rodata.flagBitshiftOffset.0:00000000 flagBitshiftOffset.0
/var/folders/2r/mdtt8xvd351gdc398t28_m2m0000gn/T//ccdEwLBV.s:527    .text.DMA_CheckFifoParam:00000000 $t
/var/folders/2r/mdtt8xvd351gdc398t28_m2m0000gn/T//ccdEwLBV.s:532    .text.DMA_CheckFifoParam:00000000 DMA_CheckFifoParam
/var/folders/2r/mdtt8xvd351gdc398t28_m2m0000gn/T//ccdEwLBV.s:731    .text.DMA_CalcDMAMUXChannelBaseAndMask:00000000 $t
/var/folders/2r/mdtt8xvd351gdc398t28_m2m0000gn/T//ccdEwLBV.s:736    .text.DMA_CalcDMAMUXChannelBaseAndMask:00000000 DMA_CalcDMAMUXChannelBaseAndMask
/var/folders/2r/mdtt8xvd351gdc398t28_m2m0000gn/T//ccdEwLBV.s:870    .text.DMA_CalcDMAMUXChannelBaseAndMask:00000090 $d
/var/folders/2r/mdtt8xvd351gdc398t28_m2m0000gn/T//ccdEwLBV.s:880    .text.DMA_CalcDMAMUXRequestGenBaseAndMask:00000000 $t
/var/folders/2r/mdtt8xvd351gdc398t28_m2m0000gn/T//ccdEwLBV.s:885    .text.DMA_CalcDMAMUXRequestGenBaseAndMask:00000000 DMA_CalcDMAMUXRequestGenBaseAndMask
/var/folders/2r/mdtt8xvd351gdc398t28_m2m0000gn/T//ccdEwLBV.s:974    .text.DMA_CalcDMAMUXRequestGenBaseAndMask:0000006c $d
/var/folders/2r/mdtt8xvd351gdc398t28_m2m0000gn/T//ccdEwLBV.s:983    .text.HAL_DMA_Init:00000000 $t
/var/folders/2r/mdtt8xvd351gdc398t28_m2m0000gn/T//ccdEwLBV.s:989    .text.HAL_DMA_Init:00000000 HAL_DMA_Init
/var/folders/2r/mdtt8xvd351gdc398t28_m2m0000gn/T//ccdEwLBV.s:1268   .text.HAL_DMA_Init:00000164 $d
/var/folders/2r/mdtt8xvd351gdc398t28_m2m0000gn/T//ccdEwLBV.s:1275   .text.HAL_DMA_Init:00000170 $t
/var/folders/2r/mdtt8xvd351gdc398t28_m2m0000gn/T//ccdEwLBV.s:1740   .text.HAL_DMA_Init:00000378 $d
/var/folders/2r/mdtt8xvd351gdc398t28_m2m0000gn/T//ccdEwLBV.s:1750   .text.HAL_DMA_DeInit:00000000 $t
/var/folders/2r/mdtt8xvd351gdc398t28_m2m0000gn/T//ccdEwLBV.s:1756   .text.HAL_DMA_DeInit:00000000 HAL_DMA_DeInit
/var/folders/2r/mdtt8xvd351gdc398t28_m2m0000gn/T//ccdEwLBV.s:2157   .text.HAL_DMA_DeInit:000001c0 $d
/var/folders/2r/mdtt8xvd351gdc398t28_m2m0000gn/T//ccdEwLBV.s:2164   .text.HAL_DMA_Start:00000000 $t
/var/folders/2r/mdtt8xvd351gdc398t28_m2m0000gn/T//ccdEwLBV.s:2170   .text.HAL_DMA_Start:00000000 HAL_DMA_Start
/var/folders/2r/mdtt8xvd351gdc398t28_m2m0000gn/T//ccdEwLBV.s:2420   .text.HAL_DMA_Start:00000164 $d
/var/folders/2r/mdtt8xvd351gdc398t28_m2m0000gn/T//ccdEwLBV.s:2425   .text.HAL_DMA_Start_IT:00000000 $t
/var/folders/2r/mdtt8xvd351gdc398t28_m2m0000gn/T//ccdEwLBV.s:2431   .text.HAL_DMA_Start_IT:00000000 HAL_DMA_Start_IT
/var/folders/2r/mdtt8xvd351gdc398t28_m2m0000gn/T//ccdEwLBV.s:2912   .text.HAL_DMA_Start_IT:000002b0 $d
/var/folders/2r/mdtt8xvd351gdc398t28_m2m0000gn/T//ccdEwLBV.s:2918   .text.HAL_DMA_Abort:00000000 $t
/var/folders/2r/mdtt8xvd351gdc398t28_m2m0000gn/T//ccdEwLBV.s:2924   .text.HAL_DMA_Abort:00000000 HAL_DMA_Abort
/var/folders/2r/mdtt8xvd351gdc398t28_m2m0000gn/T//ccdEwLBV.s:3377   .text.HAL_DMA_Abort:00000258 $d
/var/folders/2r/mdtt8xvd351gdc398t28_m2m0000gn/T//ccdEwLBV.s:3383   .text.HAL_DMA_Abort:00000260 $t
/var/folders/2r/mdtt8xvd351gdc398t28_m2m0000gn/T//ccdEwLBV.s:3544   .text.HAL_DMA_Abort:0000032c $d
/var/folders/2r/mdtt8xvd351gdc398t28_m2m0000gn/T//ccdEwLBV.s:3550   .text.HAL_DMA_Abort_IT:00000000 $t
/var/folders/2r/mdtt8xvd351gdc398t28_m2m0000gn/T//ccdEwLBV.s:3556   .text.HAL_DMA_Abort_IT:00000000 HAL_DMA_Abort_IT
/var/folders/2r/mdtt8xvd351gdc398t28_m2m0000gn/T//ccdEwLBV.s:4024   .text.HAL_DMA_Abort_IT:00000260 $d
/var/folders/2r/mdtt8xvd351gdc398t28_m2m0000gn/T//ccdEwLBV.s:4031   .text.HAL_DMA_PollForTransfer:00000000 $t
/var/folders/2r/mdtt8xvd351gdc398t28_m2m0000gn/T//ccdEwLBV.s:4037   .text.HAL_DMA_PollForTransfer:00000000 HAL_DMA_PollForTransfer
/var/folders/2r/mdtt8xvd351gdc398t28_m2m0000gn/T//ccdEwLBV.s:4277   .text.HAL_DMA_PollForTransfer:0000010c $d
/var/folders/2r/mdtt8xvd351gdc398t28_m2m0000gn/T//ccdEwLBV.s:4282   .text.HAL_DMA_PollForTransfer:00000110 $t
/var/folders/2r/mdtt8xvd351gdc398t28_m2m0000gn/T//ccdEwLBV.s:4755   .text.HAL_DMA_PollForTransfer:000003a4 $d
/var/folders/2r/mdtt8xvd351gdc398t28_m2m0000gn/T//ccdEwLBV.s:4760   .text.HAL_DMA_PollForTransfer:000003ac $t
/var/folders/2r/mdtt8xvd351gdc398t28_m2m0000gn/T//ccdEwLBV.s:4861   .text.HAL_DMA_PollForTransfer:00000434 $d
/var/folders/2r/mdtt8xvd351gdc398t28_m2m0000gn/T//ccdEwLBV.s:4866   .text.HAL_DMA_IRQHandler:00000000 $t
/var/folders/2r/mdtt8xvd351gdc398t28_m2m0000gn/T//ccdEwLBV.s:4872   .text.HAL_DMA_IRQHandler:00000000 HAL_DMA_IRQHandler
/var/folders/2r/mdtt8xvd351gdc398t28_m2m0000gn/T//ccdEwLBV.s:5262   .text.HAL_DMA_IRQHandler:00000200 $d
/var/folders/2r/mdtt8xvd351gdc398t28_m2m0000gn/T//ccdEwLBV.s:5269   .text.HAL_DMA_IRQHandler:00000214 $t
/var/folders/2r/mdtt8xvd351gdc398t28_m2m0000gn/T//ccdEwLBV.s:5747   .text.HAL_DMA_IRQHandler:0000047c $d
/var/folders/2r/mdtt8xvd351gdc398t28_m2m0000gn/T//ccdEwLBV.s:5751   .text.HAL_DMA_IRQHandler:00000480 $t
/var/folders/2r/mdtt8xvd351gdc398t28_m2m0000gn/T//ccdEwLBV.s:6276   .text.HAL_DMA_IRQHandler:00000718 $d
/var/folders/2r/mdtt8xvd351gdc398t28_m2m0000gn/T//ccdEwLBV.s:6281   .text.HAL_DMA_RegisterCallback:00000000 $t
/var/folders/2r/mdtt8xvd351gdc398t28_m2m0000gn/T//ccdEwLBV.s:6287   .text.HAL_DMA_RegisterCallback:00000000 HAL_DMA_RegisterCallback
/var/folders/2r/mdtt8xvd351gdc398t28_m2m0000gn/T//ccdEwLBV.s:6418   .text.HAL_DMA_UnRegisterCallback:00000000 $t
/var/folders/2r/mdtt8xvd351gdc398t28_m2m0000gn/T//ccdEwLBV.s:6424   .text.HAL_DMA_UnRegisterCallback:00000000 HAL_DMA_UnRegisterCallback
ARM GAS  /var/folders/2r/mdtt8xvd351gdc398t28_m2m0000gn/T//ccdEwLBV.s 			page 189


/var/folders/2r/mdtt8xvd351gdc398t28_m2m0000gn/T//ccdEwLBV.s:6569   .text.HAL_DMA_GetState:00000000 $t
/var/folders/2r/mdtt8xvd351gdc398t28_m2m0000gn/T//ccdEwLBV.s:6575   .text.HAL_DMA_GetState:00000000 HAL_DMA_GetState
/var/folders/2r/mdtt8xvd351gdc398t28_m2m0000gn/T//ccdEwLBV.s:6593   .text.HAL_DMA_GetError:00000000 $t
/var/folders/2r/mdtt8xvd351gdc398t28_m2m0000gn/T//ccdEwLBV.s:6599   .text.HAL_DMA_GetError:00000000 HAL_DMA_GetError
/var/folders/2r/mdtt8xvd351gdc398t28_m2m0000gn/T//ccdEwLBV.s:6617   .rodata.flagBitshiftOffset.0:00000000 $d

UNDEFINED SYMBOLS
HAL_GetTick
SystemCoreClock
